grp,t,ev,C,A
C,1.5564670431641519,1,3.5164353374436574,1
C,0.026064825834145235,1,5.0,1
C,1.3473328420194859,2,5.0,1
C,0.9856877770614788,2,5.0,1
C,0.018405613347316288,1,5.0,1
C,0.970348704634167,2,4.026155372895978,1
C,2.162197309456437,2,5.0,1
C,5.0,0,5.0,1
C,0.780130892194644,2,5.0,1
C,0.5886773333818212,2,5.0,1
C,5.0,0,5.0,1
C,3.3554784024473783,0,3.3554784024473783,1
C,5.0,0,5.0,1
C,0.773719602239984,2,5.0,1
C,4.345011754757842,2,5.0,1
C,5.0,0,5.0,1
C,5.0,0,5.0,1
C,3.934364004610151,2,5.0,1
C,0.09459517955342842,2,5.0,1
C,4.647359903179497,2,5.0,1
C,0.08584566496349053,2,5.0,1
C,0.4819370789093581,1,5.0,1
C,1.8143511934575878,2,3.5507866496227254,1
C,3.5888683226609297,0,3.5888683226609297,1
C,0.7058453824271559,2,4.350972043687095,1
C,2.940569282894734,2,3.2956477922848446,1
C,5.0,0,5.0,1
C,4.350665279657195,0,4.350665279657195,1
C,5.0,0,5.0,1
C,5.0,0,5.0,1
C,3.617883637719305,2,5.0,1
C,4.5158906043160005,0,4.5158906043160005,1
C,0.3830251314607309,2,4.3947029506629,1
C,1.0348430363530146,2,4.323049889255387,1
C,0.5405853729452331,1,3.4057909050739545,1
C,0.34045353129265643,1,3.532167146512145,1
C,1.036339411346327,2,4.855359646743335,1
C,2.2752744150445063,2,3.3813032985018876,1
C,3.7897174972542578,2,5.0,1
C,3.3598140833067043,0,3.3598140833067043,1
C,0.5140091921285278,1,4.202616793192833,1
C,5.0,0,5.0,1
C,1.409403415194051,2,3.8483962759396064,1
C,0.5181152426732835,2,5.0,1
C,2.2066980959518103,2,5.0,1
C,3.0893174695098486,0,3.0893174695098486,1
C,3.2499545564827557,0,3.2499545564827557,1
C,3.337439118885866,2,4.387394126698354,1
C,1.2081508333688387,2,4.451606722782376,1
C,2.09946881960168,1,5.0,1
C,0.550061431198618,2,5.0,1
C,4.197856421836977,0,4.197856421836977,1
C,0.2532531035084211,2,4.899033255347587,1
C,5.0,0,5.0,1
C,5.0,0,5.0,1
C,0.37875626788416955,2,5.0,1
C,5.0,0,5.0,1
C,0.9268178826132508,2,5.0,1
C,5.0,0,5.0,1
C,5.0,0,5.0,1
C,3.552771188122054,2,3.802342811900596,1
C,5.0,0,5.0,1
C,2.0419556551215594,2,3.614466240905349,1
C,3.4391804648659305,2,4.446428184355286,1
C,4.298299780122691,2,5.0,1
C,1.0123753676311198,2,4.759595804352089,1
C,5.0,0,5.0,1
C,3.156187396332696,2,3.6023700585558474,1
C,0.4217310449526172,2,5.0,1
C,2.3944337369667323,2,3.2746158322038883,1
C,4.696231517836351,0,4.696231517836351,1
C,2.67251558408929,2,4.354531686310558,1
C,1.2078459777683974,2,5.0,1
C,0.18391498742411,2,4.517393325176531,1
C,0.04988686674062391,2,5.0,1
C,1.1816585219572977,2,5.0,1
C,0.2534005312895159,2,4.85389984470463,1
C,3.4271427261220646,2,4.897714418012231,1
C,5.0,0,5.0,1
C,2.933197422287175,2,5.0,1
C,3.849623670699289,2,5.0,1
C,0.46305090321135395,2,5.0,1
C,0.9415152155507832,2,4.446805814989066,1
C,1.1149525994418137,1,5.0,1
C,1.332384040041492,1,5.0,1
C,0.34473462382192405,2,5.0,1
C,2.000717594828949,2,5.0,1
C,1.9650941152250425,2,3.3368278264506825,1
C,2.389323998517612,2,3.2601233837974206,1
C,5.0,0,5.0,1
C,4.9243376740778455,0,4.9243376740778455,1
C,3.839291557184967,0,3.839291557184967,1
C,3.600767390063674,0,3.600767390063674,1
C,0.009336804263489694,2,5.0,1
C,1.7446308489961209,2,4.394891088444421,1
C,1.8717967494894154,2,5.0,1
C,3.1049925387680406,0,3.1049925387680406,1
C,0.648013722170846,2,3.0467431478801705,1
C,5.0,0,5.0,1
C,2.5508583586180693,2,5.0,1
C,2.8689907127948158,2,4.959055020008995,1
C,5.0,0,5.0,1
C,2.394043295189943,2,5.0,1
C,0.984822061237675,2,5.0,1
C,3.703722787726715,0,3.703722787726715,1
C,4.42133094431937,2,5.0,1
C,3.951387167172196,2,4.787863351225541,1
C,5.0,0,5.0,1
C,5.0,0,5.0,1
C,2.418383831678761,2,5.0,1
C,2.0430409139928205,2,5.0,1
C,0.43262342705196605,2,5.0,1
C,4.556353018770782,2,5.0,1
C,5.0,0,5.0,1
C,0.9166074516804386,2,3.359795888227885,1
C,0.09364992006276046,2,5.0,1
C,0.3548387681228076,2,5.0,1
C,2.052438771153024,2,3.0380722584006192,1
C,4.096997937894309,0,4.096997937894309,1
C,2.867649732491297,2,4.402163848482196,1
C,3.0216325673073476,2,5.0,1
C,3.2637091429744904,2,3.3051626459556758,1
C,4.619750475746087,2,5.0,1
C,4.769422275945786,0,4.769422275945786,1
C,0.012640561049627238,2,5.0,1
C,3.831617002816548,2,4.045307395804279,1
C,0.9355537362701106,2,5.0,1
C,4.132502767447748,0,4.132502767447748,1
C,2.0918326958844076,2,3.0980647578679332,1
C,3.1958511510887826,1,4.385695996360688,1
C,0.4650709118363633,2,5.0,1
C,3.725834686320286,0,3.725834686320286,1
C,4.05551357514586,2,5.0,1
C,1.1857010053572017,2,5.0,1
C,1.6851737294567146,2,5.0,1
C,4.626134705851905,2,5.0,1
C,3.21521876718866,2,4.313994284848056,1
C,5.0,0,5.0,1
C,1.464350424673183,2,4.109054980125153,1
C,0.5614785868314681,2,5.0,1
C,0.3442665540297687,2,4.268643771129047,1
C,4.109253625010144,0,4.109253625010144,1
C,1.0912833021264252,2,5.0,1
C,2.866977196123781,2,5.0,1
C,0.7829627237450278,2,5.0,1
C,1.2365406219233879,2,5.0,1
C,5.0,0,5.0,1
C,2.2794992341984788,2,5.0,1
C,0.07220058843405179,2,5.0,1
C,1.5536968498250388,2,5.0,1
C,1.2061667269642748,2,5.0,1
C,1.1600451945444907,2,5.0,1
C,2.5679672162785967,2,5.0,1
C,4.478844787560709,2,5.0,1
C,0.6183329526839643,2,4.259519646594647,1
C,5.0,0,5.0,1
C,2.40229257832308,2,5.0,1
C,0.9572553176918335,2,5.0,1
C,0.54466369894356,2,5.0,1
C,3.196977680025902,0,3.196977680025902,1
C,5.0,0,5.0,1
C,0.9471367621718139,2,5.0,1
C,4.03780603836023,0,4.03780603836023,1
C,3.749363569788415,0,3.749363569788415,1
C,4.198342572291064,2,5.0,1
C,0.6260730145941656,2,5.0,1
C,0.814530029515892,1,5.0,1
C,3.666210537953194,1,5.0,1
C,5.0,0,5.0,1
C,4.0546753556845045,0,4.0546753556845045,1
C,0.002964316848951467,2,3.9682438969929037,1
C,2.3651004571185963,2,4.15315582578836,1
C,0.5247538982735879,2,3.00287116268803,1
C,4.752790017080518,0,4.752790017080518,1
C,5.0,0,5.0,1
C,2.419088851630728,2,5.0,1
C,0.8888499015687102,2,5.0,1
C,3.6191599788835567,0,3.6191599788835567,1
C,4.951352856941581,2,5.0,1
C,5.0,0,5.0,1
C,1.0547294184918319,2,4.501014412448276,1
C,3.8165172621924475,2,5.0,1
C,0.40307947109640985,2,4.3094776397017895,1
C,4.047153782107797,0,4.047153782107797,1
C,1.6158203634251942,2,5.0,1
C,2.081196497048689,2,5.0,1
C,5.0,0,5.0,1
C,4.0389988448382255,2,5.0,1
C,0.8397778409594919,2,3.2152829873675124,1
C,0.7598938108421469,2,4.952858737198781,1
C,1.5628646335353507,2,5.0,1
C,5.0,0,5.0,1
C,4.256648380792466,0,4.256648380792466,1
C,4.419630821478455,0,4.419630821478455,1
C,5.0,0,5.0,1
C,4.234522645704568,0,4.234522645704568,1
C,1.091226921425548,2,4.664033385095102,1
C,3.7251854262913673,0,3.7251854262913673,1
C,2.00562303672867,1,5.0,1
C,3.0908118693935682,2,3.675412174108554,1
C,0.1347488412074855,2,5.0,1
C,4.421053427749883,0,4.421053427749883,1
C,0.7399129691774147,2,5.0,1
C,1.0035486155728766,2,5.0,1
C,3.5315744353603344,2,3.6090883461904646,1
C,5.0,0,5.0,1
C,2.311852427626849,2,5.0,1
C,0.8636104202900559,2,5.0,1
C,2.4061449081901634,2,5.0,1
C,0.09813303265756677,2,3.1478330521486266,1
C,4.306737095556843,2,5.0,1
C,1.1375895184871132,2,4.1597940150562245,1
C,0.15324323913944776,2,3.2414825317735767,1
C,0.18872119946388355,2,5.0,1
C,1.2408597892824709,2,5.0,1
C,0.530843973601678,2,5.0,1
C,3.3747008688290467,0,3.3747008688290467,1
C,5.0,0,5.0,1
C,3.527941140570303,0,3.527941140570303,1
C,1.0512263971244158,2,5.0,1
C,0.19323882242908905,2,4.87262181115907,1
C,0.11792541774042081,2,5.0,1
C,3.515272416090443,2,5.0,1
C,4.26300205398567,2,5.0,1
C,5.0,0,5.0,1
C,1.0804026179643256,2,5.0,1
C,5.0,0,5.0,1
C,2.9776889633422394,2,5.0,1
C,3.744779082227825,2,4.189566088503509,1
C,5.0,0,5.0,1
C,2.649924048331072,2,5.0,1
C,2.048601775030981,2,5.0,1
C,2.257263352643068,2,3.1714330524615706,1
C,2.927118905440527,2,3.119337751649841,1
C,2.405676561206122,1,5.0,1
C,2.823174752092739,1,5.0,1
C,0.5719699692174386,2,5.0,1
C,4.183193934377381,0,4.183193934377381,1
C,5.0,0,5.0,1
C,3.031923637802054,2,5.0,1
C,5.0,0,5.0,1
C,1.5373292021641347,2,4.160046335944875,1
C,0.6505013164477166,2,5.0,1
C,0.1981018030100573,2,5.0,1
C,5.0,0,5.0,1
C,3.120832567101381,0,3.120832567101381,1
C,5.0,0,5.0,1
C,2.1681407426607167,2,5.0,1
C,5.0,0,5.0,1
C,3.821178236925416,0,3.821178236925416,1
C,2.1054786549096054,2,5.0,1
C,5.0,0,5.0,1
C,0.1251002841630134,2,5.0,1
C,5.0,0,5.0,1
C,5.0,0,5.0,1
C,3.311085970540982,2,5.0,1
C,5.0,0,5.0,1
C,1.0486109495789726,2,4.818952214766432,1
C,0.5030918776101847,2,5.0,1
C,1.7857823535307282,2,5.0,1
C,2.1168347003562276,1,5.0,1
C,3.217865124852016,2,5.0,1
C,1.0273214799239396,2,5.0,1
C,4.436000645045012,2,5.0,1
C,5.0,0,5.0,1
C,0.2690402994265799,2,5.0,1
C,3.5845418622076206,2,5.0,1
C,5.0,0,5.0,1
C,5.0,0,5.0,1
C,0.31980832500949347,1,4.106046054917142,1
C,5.0,0,5.0,1
C,0.18477066473128864,2,3.0355839307602777,1
C,3.5023780681617316,2,5.0,1
C,0.26173949722940987,2,4.030234428054971,1
C,1.6613228430868123,2,4.976833653223791,1
C,0.800440032299117,2,5.0,1
C,0.8926177540775656,2,5.0,1
C,5.0,0,5.0,1
C,5.0,0,5.0,1
C,4.026824885681642,1,4.682090483379667,1
C,1.4380751841077262,1,4.525724502102426,1
C,0.723324611886829,2,5.0,1
C,2.747241970775914,2,3.93211172985769,1
C,1.420269521614406,2,4.488207649125486,1
C,4.824603530139106,0,4.824603530139106,1
C,3.822689227572415,0,3.822689227572415,1
C,0.520640143503287,2,3.6236077521132484,1
C,2.670854262102605,2,3.6328997570440147,1
C,3.9308225268816512,2,5.0,1
C,1.241659104132757,2,3.847753920649459,1
C,3.9752018259480275,2,5.0,1
C,2.210367226076187,2,5.0,1
C,1.0897062612355846,2,5.0,1
C,0.09319627228272463,2,5.0,1
C,0.5807985035006956,2,4.062406308470337,1
C,1.1789476141271666,2,5.0,1
C,3.906007804464781,0,3.906007804464781,1
C,2.4495080386128163,2,5.0,1
C,0.2636289100123417,2,5.0,1
C,5.0,0,5.0,1
C,5.0,0,5.0,1
C,2.4749104895071574,2,3.8760896628621664,1
C,0.12521403019010427,2,4.320128961578835,1
C,1.3771241110959571,2,5.0,1
C,2.700503203633605,2,4.979296985397676,1
C,1.7407272900568462,2,3.7195346182288347,1
C,4.856680002315568,0,4.856680002315568,1
C,2.1585837250054807,2,5.0,1
C,2.6164636521917504,2,3.6776073691747015,1
C,4.403064761385219,0,4.403064761385219,1
C,5.0,0,5.0,1
C,3.1315132547845446,0,3.1315132547845446,1
C,3.303005234747278,0,3.303005234747278,1
C,2.965141038219532,2,4.161506973847476,1
C,1.1849994578877836,2,4.012936927115798,1
C,1.233638183489375,2,5.0,1
C,2.254747887544631,2,5.0,1
C,1.505987703388861,2,5.0,1
C,1.1451705142956863,2,3.3965320466374322,1
C,5.0,0,5.0,1
C,3.589169876353869,2,5.0,1
C,2.9446375893808785,2,4.141758568809593,1
C,2.3168622109724284,2,3.152335661072584,1
C,2.101909205653955,1,4.607612433026693,1
C,3.8417755713036716,2,5.0,1
C,4.6643620997761195,0,4.6643620997761195,1
C,1.1780784886608318,2,3.5792711717310155,1
C,4.642578828541463,2,5.0,1
C,5.0,0,5.0,1
C,0.06976462638388091,2,5.0,1
C,1.4870757533390202,1,4.750715430632088,1
C,4.1269302834188775,0,4.1269302834188775,1
C,5.0,0,5.0,1
C,0.04486164679167289,2,5.0,1
C,2.2424486736354496,2,5.0,1
C,4.2506731006581555,0,4.2506731006581555,1
C,5.0,0,5.0,1
C,1.3701368578049904,2,5.0,1
C,3.0174909709043636,2,4.034208700361367,1
C,4.1426226017570595,0,4.1426226017570595,1
C,2.7892603139783527,2,5.0,1
C,0.11367957838272842,1,3.4406623876328233,1
C,0.47679792854219616,2,5.0,1
C,3.5992036789551087,0,3.5992036789551087,1
C,0.07764176324842478,1,5.0,1
C,3.2518339199733686,2,3.7845818503741535,1
C,0.8262973930604677,2,4.783670449477439,1
C,5.0,0,5.0,1
C,1.3621553141205491,2,4.931995795293103,1
C,3.554469889620278,2,5.0,1
C,0.8973462863128595,2,4.444703693806151,1
C,3.259092474614431,0,3.259092474614431,1
C,2.129419777101511,2,3.9240613156604116,1
C,3.0318378998509736,0,3.0318378998509736,1
C,4.842314450139732,0,4.842314450139732,1
C,4.103747170353804,2,5.0,1
C,1.6921432012947688,2,5.0,1
C,3.2575167156930176,2,4.7326704850166985,1
C,5.0,0,5.0,1
C,3.9918958493466175,0,3.9918958493466175,1
C,1.6741261781524082,2,5.0,1
C,5.0,0,5.0,1
C,2.333165528829722,2,4.3685640762892675,1
C,0.8198356556279902,2,3.053784392956512,1
C,1.2021063478788663,2,5.0,1
C,0.1446194022062953,2,5.0,1
C,5.0,0,5.0,1
C,3.0779129470517623,2,5.0,1
C,0.9414623811994831,2,5.0,1
C,0.38747462148490364,2,3.784920962585538,1
C,1.3428167522939645,2,5.0,1
C,1.981306822284132,2,4.893653014800988,1
C,0.00968649080311986,2,3.9902307514677693,1
C,1.582611894882083,2,5.0,1
C,4.026871987361378,0,4.026871987361378,1
C,4.142794887053704,0,4.142794887053704,1
C,5.0,0,5.0,1
C,1.6251628291807156,1,5.0,1
C,0.9858503643283554,2,3.2187358159671167,1
C,5.0,0,5.0,1
C,2.891608663584191,2,5.0,1
C,0.16864596367597412,2,5.0,1
C,5.0,0,5.0,1
C,1.5545146229076803,2,3.905502368079735,1
C,2.6500899041601826,1,5.0,1
C,0.7426359228513656,2,4.244836371966828,1
C,1.285740437999122,2,5.0,1
C,5.0,0,5.0,1
C,0.31906301871820913,2,5.0,1
C,1.4245211393451598,2,3.067261765106645,1
C,2.2825951353813423,2,5.0,1
C,4.32179984658774,2,5.0,1
C,3.399454619452126,2,3.9923736599253,1
C,0.788843626164677,2,4.610432135752381,1
C,0.21817819621819157,2,4.603264249052541,1
C,4.266013808655564,2,5.0,1
C,4.148921508375931,2,4.9025325612471775,1
C,2.308336926424566,2,4.2188695505503375,1
C,2.991630312723836,2,5.0,1
C,2.829579217568831,2,3.2422669716947654,1
C,5.0,0,5.0,1
C,1.0758158251482497,2,4.492273185290404,1
C,2.192631962309006,2,3.1746106580010665,1
C,0.6393497119391414,2,5.0,1
C,4.1352785035207145,2,4.490042203767722,1
C,5.0,0,5.0,1
C,5.0,0,5.0,1
C,3.1415818398657724,2,4.083502974284194,1
C,0.5400235445059716,2,4.953196897982306,1
C,0.9764400399780243,2,5.0,1
C,1.5560743937215542,2,5.0,1
C,4.736686099636651,2,5.0,1
C,0.9749483662379127,2,5.0,1
C,1.7734916580010711,2,5.0,1
C,0.7659734455395185,2,3.532871541425184,1
C,5.0,0,5.0,1
C,5.0,0,5.0,1
C,1.0335059292090156,2,3.382000900126771,1
C,4.999056672756774,2,5.0,1
C,0.8313500248536216,2,5.0,1
C,0.38708913101307096,2,5.0,1
C,0.8064415293327591,2,3.967235413876464,1
C,3.1071329117360866,0,3.1071329117360866,1
C,3.329034783236688,2,4.437430272929367,1
C,3.420376541838741,2,5.0,1
C,1.3678290219259195,1,5.0,1
C,5.0,0,5.0,1
C,5.0,0,5.0,1
C,0.47937951200144335,2,5.0,1
C,2.5410767347745122,2,4.3671705071825615,1
C,5.0,0,5.0,1
C,3.445100352542132,2,5.0,1
C,5.0,0,5.0,1
C,4.622370655407564,0,4.622370655407564,1
C,0.03410261327126858,2,3.3644364769894137,1
C,3.061881414620599,0,3.061881414620599,1
C,2.1553137057528913,2,5.0,1
C,5.0,0,5.0,1
C,3.229624690277079,1,3.494307870413642,1
C,3.930009572691461,2,4.75338373332138,1
C,1.386825620561347,2,3.2063269175903475,1
C,3.46988684945126,2,5.0,1
C,2.36931578562664,2,4.134595714415997,1
C,1.0422443363218319,2,3.461988764344985,1
C,3.4877989829020812,0,3.4877989829020812,1
C,0.1394526465012198,2,3.7646643984547064,1
C,0.04939476932740345,2,4.04275428061662,1
C,3.953502334093905,0,3.953502334093905,1
C,2.966782639711523,2,3.414945044785102,1
C,3.0619875968328305,1,5.0,1
C,1.1745329825013198,2,5.0,1
C,5.0,0,5.0,1
C,1.9252827471960683,2,5.0,1
C,4.126070699890874,0,4.126070699890874,1
C,1.1090210966518483,2,5.0,1
C,3.3924039282467446,0,3.3924039282467446,1
C,1.1183164206216478,2,3.9548519915513216,1
C,4.021403591987954,2,5.0,1
C,0.8498148509832433,2,5.0,1
C,0.9869666979072519,2,5.0,1
C,3.6365123122981258,0,3.6365123122981258,1
C,3.3953278266617533,0,3.3953278266617533,1
C,0.3248670870542074,1,3.3665128491180236,1
C,0.18176843031229087,2,5.0,1
C,3.3118529490808006,0,3.3118529490808006,1
C,0.7062157023001434,2,4.247209777547095,1
C,4.626146896566554,0,4.626146896566554,1
C,2.683612411343601,2,5.0,1
C,3.5850817318841246,0,3.5850817318841246,1
C,5.0,0,5.0,1
C,0.39787325668241663,2,5.0,1
C,0.6096424239341574,2,5.0,1
C,0.8578917507947111,2,5.0,1
C,5.0,0,5.0,1
C,5.0,0,5.0,1
C,1.3375095921858124,2,5.0,1
C,2.826590613807074,2,5.0,1
C,0.18195142099126604,2,4.7710506883107655,1
C,2.667796794282804,2,3.8645786050555877,1
C,0.05250962214400638,2,5.0,1
C,3.095569922566619,0,3.095569922566619,1
C,0.2894991474832604,2,5.0,1
C,0.48289004993881407,1,5.0,1
C,0.2552104609102433,2,5.0,1
C,0.2737886334765459,2,3.493222767643226,1
C,1.99276444201326,2,5.0,1
C,5.0,0,5.0,1
C,0.22365821938477884,2,5.0,1
C,3.2035170984230343,2,5.0,1
C,1.6709781000380775,2,5.0,1
C,0.8588535442689167,2,4.588907788485312,1
C,4.20538423951046,2,4.864764081198331,1
C,0.6738967076121473,2,3.5636968369476856,1
C,1.1325622257229329,2,5.0,1
C,0.24475435442822582,2,3.1370695552088104,1
C,1.9566914307946972,2,4.217135083669059,1
C,3.773727577634553,0,3.773727577634553,1
C,3.592865622449908,2,5.0,1
C,0.10676185579146595,2,3.180840083092284,1
C,1.4993587514764044,2,4.295061144677965,1
C,4.1299277066752325,2,4.852321078326025,1
C,3.090045204813837,0,3.090045204813837,1
C,1.6712927962766304,2,5.0,1
C,4.344932816335825,2,5.0,1
C,4.189713728168981,0,4.189713728168981,1
C,3.3958092738085526,0,3.3958092738085526,1
C,3.4149972741801795,0,3.4149972741801795,1
C,2.2729024777791547,2,3.494932716941639,1
C,3.0775985624879705,2,4.494583561015768,1
C,3.379711983693904,2,5.0,1
C,0.05385601442248634,2,5.0,1
C,3.546306552560114,0,3.546306552560114,1
C,2.9595815493427553,2,3.37306390718554,1
C,1.1992341781286886,2,5.0,1
C,3.5568768790660057,0,3.5568768790660057,1
C,5.0,0,5.0,1
C,0.6288712195743863,2,5.0,1
C,1.4884081813886356,2,5.0,1
C,2.4064483807285497,2,4.266355493146967,1
C,1.323056627561485,2,5.0,1
C,1.3476282308841063,2,4.706885538950768,1
C,5.0,0,5.0,1
C,3.848352549238039,0,3.848352549238039,1
C,3.5811019720398263,0,3.5811019720398263,1
C,0.8753828951365713,2,5.0,1
C,5.0,0,5.0,1
C,5.0,0,5.0,1
C,3.876390228998953,2,5.0,1
C,3.5388006503282528,2,5.0,1
C,2.0161067148064125,2,4.729685206198677,1
C,0.28243253634852106,2,5.0,1
C,2.642830552862683,2,5.0,1
C,0.9061629896834195,2,5.0,1
C,0.2867439343825535,2,4.390853280827184,1
C,3.024952396749982,2,3.056712373967018,1
C,4.235431692461218,0,4.235431692461218,1
C,2.743514199431565,2,5.0,1
C,0.6226262691259382,2,5.0,1
C,5.0,0,5.0,1
C,5.0,0,5.0,1
C,1.1380101591566274,2,5.0,1
C,4.919829875430856,2,5.0,1
C,4.260790540572752,0,4.260790540572752,1
C,3.041529407920569,2,4.057467673504805,1
C,0.33983954548949197,2,5.0,1
C,3.666829094884899,2,5.0,1
C,0.3366427666079681,2,5.0,1
C,5.0,0,5.0,1
C,0.8503029065482249,2,5.0,1
C,2.347043017214543,1,4.125270300245297,1
C,0.33311252767562455,2,5.0,1
C,2.5864577754242446,2,4.496051611378861,1
C,3.0407914986674895,0,3.0407914986674895,1
C,5.0,0,5.0,1
C,0.7889298698480784,2,5.0,1
C,2.9534592228642595,2,5.0,1
C,3.104112384729657,0,3.104112384729657,1
C,0.44446399923292157,2,5.0,1
C,0.7861964877959645,2,4.007658056852412,1
C,1.145206372503079,2,4.613729147058406,1
C,2.3456719634593903,2,5.0,1
C,2.291119680514837,2,4.110817431296541,1
C,0.5003894544033395,2,5.0,1
C,0.9464455100835729,1,5.0,1
C,0.14122737604462338,2,5.0,1
C,0.6135947949357399,2,5.0,1
C,4.104090781066234,0,4.104090781066234,1
C,2.630449770561854,1,5.0,1
C,0.9739824166197067,2,5.0,1
C,2.082541217102968,2,4.933196230949756,1
C,0.8387026947662879,2,5.0,1
C,3.0207838960015754,2,3.7119012821663517,1
C,3.061152652582198,0,3.061152652582198,1
C,3.5036346166134846,0,3.5036346166134846,1
C,3.1945974963553683,2,5.0,1
C,0.5035200653666996,2,3.7305542042287065,1
C,1.0879015023915837,2,5.0,1
C,5.0,0,5.0,1
C,0.43846996512385833,2,4.586523709486132,1
C,5.0,0,5.0,1
C,3.701820154986728,0,3.701820154986728,1
C,0.7597743691874239,2,4.85074393387053,1
C,0.9675847637112788,2,5.0,1
C,1.0741668324833176,2,4.237529857735016,1
C,4.304426120718435,0,4.304426120718435,1
C,1.4343835183085096,2,3.6614711797879917,1
C,5.0,0,5.0,1
C,1.058338216438633,2,3.552207619674739,1
C,2.8674397901220523,2,4.36113527574026,1
C,5.0,0,5.0,1
C,0.12218484093236995,2,5.0,1
C,2.3759300236122667,2,5.0,1
C,3.317640663521392,2,5.0,1
C,5.0,0,5.0,1
C,5.0,0,5.0,1
C,1.6374078200728621,2,5.0,1
C,4.0459399606273205,0,4.0459399606273205,1
C,2.3586123241790973,2,5.0,1
C,3.2289384473281726,2,5.0,1
C,2.6023021057874156,2,5.0,1
C,0.3204872310033356,2,5.0,1
C,3.224897762013543,0,3.224897762013543,1
C,0.8273208685206378,2,5.0,1
C,1.8978836424334153,1,4.814864292648525,1
C,5.0,0,5.0,1
C,0.49069097060424427,1,5.0,1
C,1.1661752365295834,2,5.0,1
C,2.319294815603261,2,5.0,1
C,3.918889456312903,2,5.0,1
C,1.2365379479414644,2,5.0,1
C,3.19648912363434,0,3.19648912363434,1
C,0.1937231554132899,2,5.0,1
C,0.15458589387112284,2,5.0,1
C,5.0,0,5.0,1
C,2.366506151415926,2,5.0,1
C,4.934164750093732,0,4.934164750093732,1
C,5.0,0,5.0,1
C,0.2591648970442799,1,5.0,1
C,0.9742988344747049,2,3.794333712941074,1
C,1.3393078397076652,2,5.0,1
C,0.9317211920158751,2,4.2645944342874555,1
C,1.0871002373510616,2,4.147846791284239,1
C,0.6504621117639431,2,5.0,1
C,1.3341925482053731,2,5.0,1
C,5.0,0,5.0,1
C,0.8092391941175802,2,5.0,1
C,2.897204322067855,2,5.0,1
C,4.981229579754084,0,4.981229579754084,1
C,0.6158843143654646,2,3.3299091773216984,1
C,2.1278787559223074,2,5.0,1
C,3.028588613872528,0,3.028588613872528,1
C,2.4002532182142766,2,5.0,1
C,5.0,0,5.0,1
C,1.2449129347074936,2,5.0,1
C,0.8220787831695612,2,5.0,1
C,0.09538146244398646,2,5.0,1
C,1.3570425707838232,2,5.0,1
C,3.6502650068314884,0,3.6502650068314884,1
C,1.5844307497404035,2,5.0,1
C,0.5051515962172866,2,5.0,1
C,0.5870264478298605,2,4.816971505188066,1
C,3.5983450103387407,2,5.0,1
C,3.4629625361321437,2,5.0,1
C,1.0408803811888445,2,5.0,1
C,2.366201173583029,2,3.713542910314148,1
C,0.39923188491094636,2,4.057976450556302,1
C,0.39056198069662107,2,4.585224683474408,1
C,2.1284942797486677,2,3.3896518602410852,1
C,4.1140465627311045,1,5.0,1
C,2.402100638321617,2,5.0,1
C,4.563790922158082,0,4.563790922158082,1
C,5.0,0,5.0,1
C,0.04229571047830612,2,5.0,1
C,5.0,0,5.0,1
C,3.0193954735764263,2,3.337256465942583,1
C,4.213047785340235,2,5.0,1
C,3.151667144203496,0,3.151667144203496,1
C,0.3039447296289494,2,4.893596794560315,1
C,4.787982701986992,2,5.0,1
C,0.9117257607577054,2,5.0,1
C,1.9104645779563836,2,5.0,1
C,3.690651690850403,0,3.690651690850403,1
C,3.5019587925266427,2,5.0,1
C,1.8991343656383206,1,5.0,1
C,5.0,0,5.0,1
C,2.1150579957896536,2,4.856453899902295,1
C,1.9758383180407646,2,5.0,1
C,1.9172099736977888,2,3.3840326017705435,1
C,5.0,0,5.0,1
C,2.3007755691017753,2,4.291073658506671,1
C,4.578895978800548,2,5.0,1
C,0.5876211720983227,1,5.0,1
C,1.0953612754595738,2,5.0,1
C,0.5624031210006247,2,4.160535761620195,1
C,1.2698278422340334,2,4.042181157953222,1
C,5.0,0,5.0,1
C,5.0,0,5.0,1
C,0.8484166643684545,2,5.0,1
C,2.5055170300551164,2,5.0,1
C,0.6773985502163643,2,5.0,1
C,4.266978243962012,2,4.572526858479584,1
C,3.0487229567739456,2,5.0,1
C,3.4620828518075126,0,3.4620828518075126,1
C,1.7211524492987982,2,5.0,1
C,5.0,0,5.0,1
C,3.778788220594183,2,5.0,1
C,0.5556257594352932,1,4.403744606515183,1
C,0.07835984377831144,2,5.0,1
C,1.789758892886769,2,4.9796592357218765,1
C,5.0,0,5.0,1
C,2.950266156560594,2,5.0,1
C,0.13286737906916812,2,5.0,1
C,4.177086907002074,0,4.177086907002074,1
C,2.1536658122690238,1,4.601532549056452,1
C,4.641091879861847,2,5.0,1
C,4.200499357043869,0,4.200499357043869,1
C,2.743109488367437,2,5.0,1
C,0.5577329095540555,2,4.250849117129672,1
C,5.0,0,5.0,1
C,4.625806792436768,0,4.625806792436768,1
C,1.9717919556297547,2,5.0,1
C,3.1152194019183956,2,5.0,1
C,4.702732761727768,0,4.702732761727768,1
C,5.0,0,5.0,1
C,0.8624805922754378,2,5.0,1
C,2.1850940604002536,2,5.0,1
C,1.5383985400307707,2,4.296545772622466,1
C,5.0,0,5.0,1
C,1.974328354606562,2,4.241739627041163,1
C,1.7663436284987621,2,3.633775981620211,1
C,1.156580627629065,2,5.0,1
C,3.1861751225023074,2,5.0,1
C,2.429031021085523,1,5.0,1
C,2.486215502952854,2,4.327184111470183,1
C,2.4884571511038813,2,5.0,1
C,5.0,0,5.0,1
C,0.08728702972292077,1,3.6149198894713406,1
C,1.2913037914287961,2,5.0,1
C,3.0973310978558537,0,3.0973310978558537,1
C,0.25233067124460135,2,4.484285345047494,1
C,3.7687612992182156,2,4.34311557108737,1
C,0.19206950157094435,2,5.0,1
C,2.5308096943380365,2,5.0,1
C,1.751680592121175,2,5.0,1
C,0.225742306192987,2,3.605395959522971,1
C,5.0,0,5.0,1
C,3.5212711530262686,2,5.0,1
C,0.24171121181826838,2,5.0,1
C,3.7087976908266507,2,5.0,1
C,5.0,0,5.0,1
C,0.09985234996732738,2,5.0,1
C,2.551001398535204,2,5.0,1
C,1.7676351953959202,2,5.0,1
C,3.031458647141567,2,3.0611197055868957,1
C,5.0,0,5.0,1
C,3.6711077642706575,2,5.0,1
C,4.430259427210212,2,5.0,1
C,0.9470410858869848,2,5.0,1
C,4.2592562730995835,2,5.0,1
C,0.35003333676210246,2,5.0,1
C,5.0,0,5.0,1
C,3.203015114597655,2,5.0,1
C,2.3498395270522354,2,5.0,1
C,3.6485926576965997,2,3.9796682693536534,1
C,2.9495930264911108,2,3.5814549232354214,1
C,2.1370704734220896,2,5.0,1
C,3.106208293142024,2,3.7637436059483798,1
C,5.0,0,5.0,1
C,0.33141286729783037,1,5.0,1
C,3.42754812894937,0,3.42754812894937,1
C,2.3249403868217464,2,5.0,1
C,4.773156750620205,2,5.0,1
C,1.562124091729587,2,4.767642437237628,1
C,4.772903061871163,0,4.772903061871163,1
C,0.13862256140716575,2,3.1449444647080216,1
C,3.8694352411374218,0,3.8694352411374218,1
C,2.8795741724778243,2,4.804695124051935,1
C,5.0,0,5.0,1
C,2.6344906707348548,2,5.0,1
C,5.0,0,5.0,1
C,3.740748813026248,0,3.740748813026248,1
C,1.7742165350712715,2,3.5418555113455685,1
C,5.0,0,5.0,1
C,1.6061191584451888,2,5.0,1
C,4.066632570583754,2,5.0,1
C,2.4749233194605935,2,5.0,1
C,0.6935476135671411,2,3.812827848834204,1
C,1.4013303488584465,2,3.5056024587956336,1
C,4.908781604033178,2,5.0,1
C,1.5165717861173593,2,5.0,1
C,5.0,0,5.0,1
C,0.9564831458646366,2,5.0,1
C,3.1769695098852755,2,5.0,1
C,1.6845350811460718,1,4.759672866725782,1
C,1.739742916503804,2,5.0,1
C,4.418270364351814,0,4.418270364351814,1
C,3.5431055205076527,0,3.5431055205076527,1
C,3.683342021379754,2,5.0,1
C,0.2247925129535687,2,5.0,1
C,1.4076511948184525,1,5.0,1
C,3.8394315196606588,2,4.352410429346289,1
C,2.428287039326995,2,5.0,1
C,2.7851837771176373,2,5.0,1
C,1.6369374605271239,2,4.103135904843886,1
C,5.0,0,5.0,1
C,4.622923015602991,0,4.622923015602991,1
C,5.0,0,5.0,1
C,3.072592993104641,0,3.072592993104641,1
C,2.417457845648005,1,3.3568971182788845,1
C,0.5207508178855523,2,5.0,1
C,0.479640015184858,2,5.0,1
C,3.3231752269496035,0,3.3231752269496035,1
C,3.512751912991358,2,5.0,1
C,0.4803789866226761,2,5.0,1
C,0.5705226232376572,2,5.0,1
C,4.1184561331187135,2,5.0,1
C,0.7323396563119333,2,5.0,1
C,0.19042179859215203,2,4.121131534339867,1
C,4.651357889678448,2,4.79966989794133,1
C,4.928455614265927,0,4.928455614265927,1
C,5.0,0,5.0,1
C,2.0500063278834806,2,3.3643103806150276,1
C,3.9108924817594337,1,5.0,1
C,3.311409841072428,0,3.311409841072428,1
C,2.2402654474795334,2,4.441821255200545,1
C,5.0,0,5.0,1
C,4.621999425115208,0,4.621999425115208,1
C,3.535590266537859,1,3.7016945904606633,1
C,0.042666262130340325,2,5.0,1
C,1.6797079788017801,2,4.057904161267443,1
C,0.46201096279100035,2,5.0,1
C,0.3341665353566095,2,5.0,1
C,0.4942193406679358,2,5.0,1
C,2.4086268782708533,2,5.0,1
C,1.4295276784192152,2,5.0,1
C,0.7794383228399432,2,3.8517637843837256,1
C,4.1164990803287305,0,4.1164990803287305,1
C,0.21986779267357134,2,3.7998808904119703,1
C,4.595897895074802,2,5.0,1
C,0.10140899906253492,2,4.186581268809512,1
C,2.9926158893993193,2,5.0,1
C,1.8200280216219966,2,4.968575071337948,1
C,4.157592345106322,0,4.157592345106322,1
C,1.5478739555403718,2,4.876732669697101,1
C,2.045933889674917,2,5.0,1
C,3.4105590319463714,0,3.4105590319463714,1
C,3.2074978065295867,0,3.2074978065295867,1
C,3.679235639321748,0,3.679235639321748,1
C,0.24476087038134212,2,3.606571641938687,1
C,3.6839126941681872,2,5.0,1
C,2.012836752724304,2,5.0,1
C,1.2753270394408271,1,5.0,1
C,1.7985014469227152,2,3.259138647734156,1
C,1.9157617511008038,1,5.0,1
C,5.0,0,5.0,1
C,2.297793421972255,2,3.0650539882285512,1
C,3.425355052426313,2,5.0,1
C,3.4578341078868893,2,5.0,1
C,3.348514522244015,0,3.348514522244015,1
C,3.8337310346824394,2,5.0,1
C,3.6197772758894384,2,5.0,1
C,2.1011748425781387,2,3.405549270250234,1
C,4.2373745280464785,0,4.2373745280464785,1
C,4.864459273777555,0,4.864459273777555,1
C,2.2508650348176897,2,4.998300137077024,1
C,3.451408302396289,1,5.0,1
C,3.188399838463375,2,5.0,1
C,2.525665940691913,2,5.0,1
C,5.0,0,5.0,1
C,2.2458767643002653,1,3.407167515468052,1
C,5.0,0,5.0,1
C,3.7230062969692868,0,3.7230062969692868,1
C,1.2229320189583157,2,5.0,1
C,0.262122262664968,2,4.609083292892458,1
C,1.1114887923900627,2,5.0,1
C,2.5930008024204296,2,3.5430943544829727,1
C,4.312727843333487,2,5.0,1
C,2.5669329268114223,2,5.0,1
C,0.9700436079690726,2,5.0,1
C,5.0,0,5.0,1
C,0.9565658073971711,2,5.0,1
C,2.102835514769712,1,4.236226250163345,1
C,3.419213614033107,0,3.419213614033107,1
C,0.371991574358152,2,5.0,1
C,0.454374877635835,2,3.8678727576254697,1
C,0.613836085974995,2,5.0,1
C,0.8035717841454996,2,4.205456404423904,1
C,4.782951945098681,2,5.0,1
C,4.0730611152047596,2,4.5498145102512035,1
C,1.24696787327102,1,5.0,1
C,3.614240689199652,0,3.614240689199652,1
C,3.4042386421089277,2,4.131787158081776,1
C,3.9378528510169897,2,5.0,1
C,3.392708819687681,1,5.0,1
C,0.023319320858457764,2,3.101036177886881,1
C,3.164109354718296,0,3.164109354718296,1
C,4.770478855706868,0,4.770478855706868,1
C,0.27421982249204163,1,5.0,1
C,2.166833964672222,2,5.0,1
C,4.762416935198058,0,4.762416935198058,1
C,5.0,0,5.0,1
C,4.076170891363397,0,4.076170891363397,1
C,4.654477674491486,2,5.0,1
C,1.8148843290807193,2,4.47298774025611,1
C,5.0,0,5.0,1
C,4.262846383462331,2,5.0,1
C,3.947831471963351,0,3.947831471963351,1
C,2.7637229060687596,1,4.389923998492007,1
C,4.518245673392497,2,5.0,1
C,0.45573070727597886,2,5.0,1
C,0.9586418463396094,2,5.0,1
C,4.1542484451492365,0,4.1542484451492365,1
C,1.9065298786193163,2,5.0,1
C,2.3328596160302233,2,4.79203425888894,1
C,5.0,0,5.0,1
C,3.407373858471796,0,3.407373858471796,1
C,3.536968802292919,0,3.536968802292919,1
C,5.0,0,5.0,1
C,3.797119269333726,0,3.797119269333726,1
C,3.6956058011230515,2,5.0,1
C,5.0,0,5.0,1
C,1.5290078721353708,2,5.0,1
C,4.38423440786152,0,4.38423440786152,1
C,4.139884431987598,2,5.0,1
C,5.0,0,5.0,1
C,5.0,0,5.0,1
C,2.1905694860286475,2,5.0,1
C,2.5410219112911454,2,3.4374399276407166,1
C,1.1473914067571878,2,5.0,1
C,5.0,0,5.0,1
C,1.8334379192476014,1,5.0,1
C,0.9511625248482178,2,5.0,1
C,2.4962246539582527,2,5.0,1
C,2.50122365455483,2,5.0,1
C,2.3460112917774287,2,4.072443806081387,1
C,0.7668822108484906,2,5.0,1
C,4.798070453904767,0,4.798070453904767,1
C,5.0,0,5.0,1
C,1.3369762273837222,2,4.237678749964436,1
C,0.1049306983913265,2,5.0,1
C,0.5126825971196938,2,3.1519950206508587,1
C,3.107824036110013,2,5.0,1
C,1.487783284016246,2,4.917588523343217,1
C,4.4504727082861,0,4.4504727082861,1
C,3.259087076298282,2,5.0,1
C,1.9031703680988914,2,5.0,1
C,4.300713413884512,2,5.0,1
C,4.42735069365129,0,4.42735069365129,1
C,2.06954298746847,2,5.0,1
C,5.0,0,5.0,1
C,4.137813692489107,2,5.0,1
C,0.5533685938637706,2,4.768377511024689,1
C,0.8356505503757534,2,3.6017966974243354,1
C,5.0,0,5.0,1
C,0.23699649523620267,2,3.5920824832621143,1
C,3.8052300102108583,2,5.0,1
C,0.08178968287583487,2,5.0,1
C,4.909664764170859,0,4.909664764170859,1
C,1.8720538161176583,2,5.0,1
C,2.425268734349526,2,5.0,1
C,2.137089703444746,2,4.493480419096831,1
C,1.5096535918570515,2,3.0579670073446925,1
C,4.284883938420102,2,5.0,1
C,4.20755513225135,1,5.0,1
C,3.5857652908728554,0,3.5857652908728554,1
C,1.2049778137219467,2,5.0,1
C,3.309075583068515,0,3.309075583068515,1
C,3.0202023320195854,0,3.0202023320195854,1
C,0.21948345925730772,2,3.843725568449834,1
C,0.4663756285274371,2,3.1255081578551795,1
C,0.10310763841883941,2,5.0,1
C,3.02896904135609,2,5.0,1
C,5.0,0,5.0,1
C,5.0,0,5.0,1
C,5.0,0,5.0,1
C,1.0883423809528476,2,3.1708963644327213,1
C,3.0453372862839387,2,4.331321053054781,1
C,1.4339617671204712,2,5.0,1
C,5.0,0,5.0,1
C,1.7004076421703869,2,5.0,1
C,2.955246435421509,2,5.0,1
C,2.5462628272160464,2,5.0,1
C,5.0,0,5.0,1
C,5.0,0,5.0,1
C,4.548763301933729,0,4.548763301933729,1
C,0.21807616749833816,2,5.0,1
C,1.3245049564418432,1,4.84235233561582,1
C,0.37757932226325874,2,5.0,1
C,1.8704677158065321,2,5.0,1
C,2.3718896565830696,2,3.9306167477321137,1
C,2.1686069222780207,2,5.0,1
C,2.463169408682615,2,5.0,1
C,4.443531340294202,0,4.443531340294202,1
C,1.6008503253024131,1,4.307112679785239,1
C,2.6065800888333164,2,5.0,1
C,0.16096972426411707,2,3.9340857346173506,1
C,3.377696499612606,2,4.7380968495077305,1
C,3.3441807489888995,2,5.0,1
C,2.579591040159398,2,5.0,1
C,1.6871675423061532,2,5.0,1
C,5.0,0,5.0,1
C,0.575666482218159,1,5.0,1
C,4.06521363954598,0,4.06521363954598,1
C,2.6409542129003736,2,5.0,1
C,0.6892238590002635,2,5.0,1
C,5.0,0,5.0,1
C,1.887837857711195,2,3.160094038791916,1
C,5.0,0,5.0,1
C,0.45408903890655283,2,4.641975597647001,1
C,2.3266052249614453,1,5.0,1
C,1.4308716855946322,2,5.0,1
C,0.5909389731977865,2,3.160898536699574,1
C,4.649980086936285,1,5.0,1
C,3.5604410730366585,0,3.5604410730366585,1
C,0.28241258570641803,2,5.0,1
C,1.1146116648191633,1,5.0,1
C,0.11874535493542047,2,3.5706173022142598,1
C,1.2656163437631558,2,5.0,1
C,0.5734979089396864,2,5.0,1
C,0.7906443397983012,2,5.0,1
C,0.3391522086842388,2,5.0,1
C,1.2418891842224058,2,4.519767547753277,1
C,3.4264813106853174,0,3.4264813106853174,1
C,2.5109433107752626,1,4.906844945152669,1
C,2.5175876145398712,2,3.2422851176804035,1
C,2.7662454555512372,1,5.0,1
C,0.017626059848874602,1,4.3752474796847025,1
C,2.8019875631596585,1,5.0,1
C,3.868340395560484,0,3.868340395560484,1
C,4.774054851134114,0,4.774054851134114,1
C,5.0,0,5.0,1
C,1.8921271695816924,2,3.772590940932858,1
C,4.317534882340468,0,4.317534882340468,1
C,5.0,0,5.0,1
C,0.535136137544863,2,5.0,1
C,1.8923489671619396,2,4.882321457011189,1
C,2.615442205577129,2,5.0,1
C,5.0,0,5.0,1
C,1.6904316809150977,2,5.0,1
C,0.018695052076852684,2,5.0,1
C,3.7994633460681704,0,3.7994633460681704,1
C,5.0,0,5.0,1
C,3.4501356820751123,0,3.4501356820751123,1
C,3.2166833094475953,0,3.2166833094475953,1
C,5.0,0,5.0,1
C,2.4848160045574104,2,3.0123982185322924,1
C,4.424204159508624,2,5.0,1
C,4.300854408919832,0,4.300854408919832,1
C,0.6796433388119894,2,5.0,1
C,5.0,0,5.0,1
C,3.2581900914409925,2,3.2921035038829016,1
C,0.5326586256679443,2,5.0,1
C,4.7404125608904435,2,4.9777314530287,1
C,1.0961851143006065,2,5.0,1
C,1.9408323033303667,2,5.0,1
C,3.155795187441653,2,5.0,1
C,0.9846123171530032,2,3.685525542995263,1
C,0.17321392418832351,2,5.0,1
C,4.334453287940951,0,4.334453287940951,1
C,0.011395362118319579,2,4.846778141595662,1
C,5.0,0,5.0,1
C,2.908144218769568,2,5.0,1
C,1.6028277322423794,2,5.0,1
C,5.0,0,5.0,1
C,5.0,0,5.0,1
C,1.3349181840583881,2,5.0,1
C,0.7103198976091677,2,5.0,1
C,5.0,0,5.0,1
C,1.6889207249038742,2,4.488393532457261,1
C,0.5752725971742834,2,5.0,1
C,3.4113666000581837,0,3.4113666000581837,1
C,4.845473051158337,0,4.845473051158337,1
C,1.7415047711113978,2,5.0,1
C,1.8169625971379688,2,5.0,1
C,2.276285767829998,1,5.0,1
C,1.1920904774714176,2,5.0,1
C,2.7367467747716145,2,3.372521412007962,1
C,4.432105944594977,0,4.432105944594977,1
C,0.18284633766980582,2,3.7860012120637725,1
C,1.6378888062005141,2,5.0,1
C,1.2710897827589926,2,5.0,1
C,1.1454986233656193,2,5.0,1
C,3.2782980726817175,2,3.4234175129259894,1
C,2.9496281717219675,2,5.0,1
C,1.1776513759580904,2,5.0,1
C,1.1833644747630565,2,3.782962375535496,1
C,1.4762689539598872,2,5.0,1
C,3.0263033194138846,0,3.0263033194138846,1
C,2.343153007295198,2,5.0,1
C,4.794503224427099,1,5.0,1
C,0.8949178806397985,2,5.0,1
C,1.0268549289383524,2,5.0,1
C,1.725179515682332,2,4.834425209439598,1
C,5.0,0,5.0,1
C,0.2317223665348997,2,3.3658355740104775,1
C,5.0,0,5.0,1
C,3.77350376977235,2,5.0,1
C,3.1902469832539566,2,5.0,1
C,5.0,0,5.0,1
C,5.0,0,5.0,1
C,2.819383323578486,2,4.680819927921274,1
C,5.0,0,5.0,1
C,0.41121756750287874,2,5.0,1
C,2.7311969890301984,2,5.0,1
C,0.5139664078478835,2,5.0,1
C,1.666304484380213,2,5.0,1
C,0.7570045663513134,2,5.0,1
C,5.0,0,5.0,1
C,4.327195039137146,0,4.327195039137146,1
C,0.2309834945791728,2,5.0,1
C,2.0816766973474183,2,3.1361736741063213,1
C,1.3116664132898244,1,5.0,1
C,5.0,0,5.0,1
C,1.5272717182952857,1,3.18492324781388,1
C,0.22788675049976503,2,3.824583139908395,1
C,3.2153399302674113,0,3.2153399302674113,1
C,4.772701372473753,2,5.0,1
C,3.6349088842220416,2,5.0,1
C,2.1671218824583027,2,5.0,1
C,2.759363273753358,2,3.8069829991732655,1
C,2.5164880128769873,2,5.0,1
C,2.872732284814226,2,3.0050405509187397,1
C,1.115367877246503,2,3.495213807469392,1
C,2.3172155880090393,2,5.0,1
C,5.0,0,5.0,1
C,1.7083542348484066,2,5.0,1
C,5.0,0,5.0,1
C,2.7811550839977435,2,5.0,1
C,5.0,0,5.0,1
C,2.502553158491921,2,5.0,1
C,5.0,0,5.0,1
C,0.0744545779054269,2,4.022183951732022,1
C,4.602595663704795,0,4.602595663704795,1
C,3.504644318542202,2,3.6022564546006586,1
C,3.4201226911460165,0,3.4201226911460165,1
C,1.9834639162306167,1,5.0,1
C,5.0,0,5.0,1
C,5.0,0,5.0,1
C,0.340618794725407,2,5.0,1
C,0.5777099997575071,2,4.560135448076349,1
C,2.086905530172599,1,5.0,1
C,2.768447915078663,2,5.0,1
C,0.15765429371887912,2,3.909531563189435,1
C,0.13133228296963403,2,5.0,1
C,3.467572702112907,2,5.0,1
C,3.619148188908869,0,3.619148188908869,1
C,0.11701381050417828,2,5.0,1
C,0.07415523610497067,1,3.141728813585496,1
C,3.150517367801138,2,3.206951596612917,1
C,2.3328688168663234,2,4.279655212990232,1
C,3.7014077952487185,2,5.0,1
C,5.0,0,5.0,1
C,0.2049525396494221,2,5.0,1
C,5.0,0,5.0,1
C,0.8915787924110077,2,5.0,1
C,0.8085341006394056,2,5.0,1
C,5.0,0,5.0,1
C,1.1974254479169992,2,5.0,1
C,1.4889930417662738,2,5.0,1
C,1.7709300796416476,2,5.0,1
C,3.882268491780699,2,4.874241378349133,1
C,3.433777654988035,0,3.433777654988035,1
C,5.0,0,5.0,1
C,4.565390466671963,2,4.938623152359494,1
C,1.6690680180382649,2,5.0,1
C,5.0,0,5.0,1
C,1.6785610877923205,2,5.0,1
C,5.0,0,5.0,1
C,4.905721591972096,2,5.0,1
C,5.0,0,5.0,1
C,1.396485682208116,2,5.0,1
C,0.3044327037903533,2,5.0,1
C,3.3314751671842195,1,5.0,1
C,4.746743335035216,0,4.746743335035216,1
C,3.1300823869900114,0,3.1300823869900114,1
C,2.2392824241446383,2,5.0,1
C,1.4629204237315958,2,3.7709918657163595,1
C,3.716935069332003,0,3.716935069332003,1
C,2.20575960741981,2,5.0,1
C,0.1751352902418367,2,4.153166102872891,1
C,2.440899071989724,2,5.0,1
C,1.7042812423066849,2,3.385257639357614,1
C,4.463620777252648,1,5.0,1
C,4.1724512162176755,0,4.1724512162176755,1
C,3.7451719739738194,0,3.7451719739738194,1
C,2.7479614550637113,2,5.0,1
C,3.1268008334990087,2,5.0,1
C,5.0,0,5.0,1
C,0.4222577659904025,2,4.666502565644469,1
C,3.1321329504798663,0,3.1321329504798663,1
C,5.0,0,5.0,1
C,5.0,0,5.0,1
C,3.7958971967302624,0,3.7958971967302624,1
C,5.0,0,5.0,1
C,2.894741550829939,2,5.0,1
C,1.6883076052022736,2,5.0,1
C,4.389094571697501,1,5.0,1
C,1.3980548629429792,2,5.0,1
C,3.778139698332484,2,4.627429268828724,1
C,0.36921776525180455,1,3.938063222480887,1
C,0.9506171509653198,1,5.0,1
C,0.648962182305661,2,5.0,1
C,3.3774063847083515,0,3.3774063847083515,1
C,3.9550873468571206,0,3.9550873468571206,1
C,3.257310410402503,0,3.257310410402503,1
C,0.05519661294793174,2,5.0,1
C,5.0,0,5.0,1
C,0.8746811335144152,2,5.0,1
C,2.3583822965696544,2,5.0,1
C,0.4961860670535738,2,5.0,1
C,2.9394984676077236,2,5.0,1
C,0.9298963264913375,2,3.385588866197297,1
C,0.936628818617922,2,4.387043794396213,1
C,5.0,0,5.0,1
C,4.058119886266699,2,4.186770941503837,1
C,3.6431183394288533,1,4.34541811127046,1
C,5.0,0,5.0,1
C,5.0,0,5.0,1
C,4.530459053539135,0,4.530459053539135,1
C,0.8170393740573144,2,5.0,1
C,2.131316999652088,2,4.2600425858243645,1
C,2.038328883266824,2,4.774841126045459,1
C,3.5020538298538564,0,3.5020538298538564,1
C,0.7594650030623495,2,4.879757105202063,1
C,5.0,0,5.0,1
C,0.010493899817119401,2,5.0,1
C,5.0,0,5.0,1
C,1.035863188269073,1,3.8615917683667664,1
C,5.0,0,5.0,1
C,2.6545056748150295,2,5.0,1
C,3.943943813540118,2,4.3012707329593,1
C,0.8911722141010583,2,5.0,1
C,0.3601361017993583,2,5.0,1
C,4.356318259886473,0,4.356318259886473,1
C,3.4270339150273794,2,5.0,1
C,1.468533205131321,2,3.1123854559249553,1
C,5.0,0,5.0,1
C,0.19326990949197553,2,3.8986446099257783,1
C,2.13447735795515,1,5.0,1
C,2.740152158135843,2,4.618833436294631,1
C,2.4123023412434774,2,5.0,1
C,2.362173033347119,2,5.0,1
C,2.234409254488082,2,4.615068224568459,1
C,0.9683910535754153,2,5.0,1
C,2.593374231269577,2,4.597847311620518,1
C,0.9841150293389165,2,5.0,1
C,1.157576316809686,2,5.0,1
C,5.0,0,5.0,1
C,4.721965521323541,0,4.721965521323541,1
C,2.7923955972494507,2,5.0,1
C,3.140503795712553,2,4.636511007493043,1
C,1.8457105604960296,2,3.2066512950034145,1
C,0.4992038284117852,2,5.0,1
C,2.22333529603827,2,3.135969237913155,1
C,1.2774281977443604,2,5.0,1
C,5.0,0,5.0,1
C,1.6086184327863926,2,5.0,1
C,1.3725307774021032,2,4.660627365725468,1
C,0.7497577718629181,1,3.6887143558574875,1
C,1.6034478335668259,2,4.151656610231107,1
C,1.4189193878093427,2,4.975912094201076,1
C,5.0,0,5.0,1
C,2.9983585962842745,2,5.0,1
C,3.5283386633316827,2,5.0,1
C,3.5349236805255946,0,3.5349236805255946,1
C,2.8560851232751445,2,4.999150108739499,1
C,3.180982051687992,0,3.180982051687992,1
C,4.862154458915814,0,4.862154458915814,1
C,4.804038547339673,2,5.0,1
C,1.5132541612760342,2,4.162204494139878,1
C,0.008780806611617616,2,4.249505898571446,1
C,0.18505404222465904,2,4.213756320196612,1
C,0.9466338035531664,2,5.0,1
C,1.2729609470842216,2,5.0,1
C,5.0,0,5.0,1
C,0.30209782683746506,2,4.792688188316774,1
C,0.2304067164962126,2,5.0,1
C,0.1228947829306135,2,4.244763149836963,1
C,2.456558546588255,2,3.254835135474801,1
C,5.0,0,5.0,1
C,3.744038346943114,1,5.0,1
C,0.015529160881348807,2,5.0,1
C,0.9490027990680827,2,4.5740075369325295,1
C,1.1583849797625438,2,5.0,1
C,3.9047991765136647,2,5.0,1
C,0.13026540191967853,2,5.0,1
C,5.0,0,5.0,1
C,0.7110308797414459,1,5.0,1
C,0.4626195846587319,2,5.0,1
C,0.8988131121589684,2,5.0,1
C,4.306731103584612,0,4.306731103584612,1
C,0.7944797167218222,2,3.53358091845956,1
C,0.759950097515238,2,5.0,1
C,3.9436058448848033,0,3.9436058448848033,1
C,2.05856561548176,2,3.3446742861440306,1
C,1.1364163714573625,2,5.0,1
C,1.783667435818691,2,4.6410468242642136,1
C,0.13829963106478121,2,4.506533772037205,1
C,0.5113118023795711,2,4.889976962420678,1
C,2.2930229292388935,1,4.570766619352867,1
C,2.838595565963248,2,5.0,1
C,5.0,0,5.0,1
C,3.6463331527931127,2,5.0,1
C,0.7124900307628111,2,5.0,1
C,1.1463250683050472,2,5.0,1
C,1.8579755083996141,1,3.0688368826391916,1
C,3.14886651693468,1,5.0,1
C,1.6425289398877734,2,5.0,1
C,1.7020840242540594,2,4.069380293349886,1
C,5.0,0,5.0,1
C,0.09362134234479219,2,3.0946064569577025,1
C,4.08244961294161,0,4.08244961294161,1
C,5.0,0,5.0,1
C,1.629215610602263,2,4.730551333730945,1
C,0.5953532740246067,2,4.756886376388797,1
C,0.2612717110564594,2,3.9295869187403567,1
C,1.0704489249545888,2,5.0,1
C,5.0,0,5.0,1
C,0.32067204288259044,2,5.0,1
C,5.0,0,5.0,1
C,3.009434335650023,0,3.009434335650023,1
C,5.0,0,5.0,1
C,0.2590239724442406,2,5.0,1
C,2.332781417654548,1,5.0,1
C,5.0,0,5.0,1
C,2.1750586475547653,2,5.0,1
C,2.409661878724197,2,3.040190183263862,1
C,3.0836937783793616,2,5.0,1
C,0.8129906483276625,2,5.0,1
C,0.41993889906565196,2,5.0,1
C,1.796758961222036,2,5.0,1
C,5.0,0,5.0,1
C,1.5550835519505577,2,4.789861567070642,1
C,3.0338811947907103,0,3.0338811947907103,1
C,2.0863343732989716,2,5.0,1
C,1.4117741065607037,2,3.2685628996486678,1
C,3.2247398713950175,2,5.0,1
C,1.7008498969155612,2,4.872116752330969,1
C,2.4087275593348254,2,5.0,1
C,2.6765964239056763,2,4.067066908308773,1
C,1.1670778951072451,2,5.0,1
C,4.68561521569589,0,4.68561521569589,1
C,4.901403544960599,2,5.0,1
C,0.9921720494621564,2,5.0,1
C,3.1564270251099864,2,3.9223688820958316,1
C,5.0,0,5.0,1
C,5.0,0,5.0,1
C,1.365673214863279,2,5.0,1
C,0.2667882763509747,1,5.0,1
C,4.917114686321486,2,5.0,1
C,2.6937197752654365,2,3.5546297776831506,1
C,5.0,0,5.0,1
C,0.7212745298690589,2,5.0,1
C,0.5632538327987486,2,5.0,1
C,1.3914422310958334,2,3.4767936809244104,1
C,0.5357712084895938,2,5.0,1
C,4.324481532714739,0,4.324481532714739,1
C,1.1431302019790632,2,5.0,1
C,1.4858241047222998,2,5.0,1
C,5.0,0,5.0,1
C,0.9657855151901478,1,3.047252191903114,1
C,5.0,0,5.0,1
C,5.0,0,5.0,1
C,4.420463934926089,0,4.420463934926089,1
C,0.5754419339659166,1,5.0,1
C,1.5489600745935992,2,5.0,1
C,1.4031652206081602,2,4.350079162914609,1
C,2.9395928936825646,2,4.109196035852673,1
C,0.5578054393256898,1,5.0,1
C,0.6533778523890323,1,4.161943007267331,1
C,2.840556024610966,2,5.0,1
C,0.14846273134326762,2,5.0,1
C,3.683364330777457,0,3.683364330777457,1
C,3.031909465663356,2,5.0,1
C,3.4058628023085022,0,3.4058628023085022,1
C,3.831958084754594,0,3.831958084754594,1
C,2.3163098279147287,1,4.563225275650076,1
C,0.01545960382284714,2,3.771475361181424,1
C,5.0,0,5.0,1
C,4.458827247851735,0,4.458827247851735,1
C,2.8738917261676624,2,4.774864506932195,1
C,3.435659159863872,0,3.435659159863872,1
C,1.3478745374178407,2,3.865344304054992,1
C,0.02603164110358151,2,4.58971119249696,1
C,0.5167814489919851,2,5.0,1
C,5.0,0,5.0,1
C,0.05265953009449401,2,3.3720893371477736,1
C,2.6713675041183493,2,5.0,1
C,3.4200619468667366,0,3.4200619468667366,1
C,5.0,0,5.0,1
C,2.1389807670897882,2,5.0,1
C,5.0,0,5.0,1
C,5.0,0,5.0,1
C,2.1944569202246504,2,3.9297142616152856,1
C,3.7782516177402976,0,3.7782516177402976,1
C,2.4907960235834015,2,4.518429344908266,1
C,2.0445315647005198,2,3.2852188113201928,1
C,0.47556794960370835,2,3.273683507213302,1
C,3.971218487695976,2,5.0,1
C,4.021295311636981,0,4.021295311636981,1
C,3.728904363937329,0,3.728904363937329,1
C,2.6574472947381054,2,3.083806674947331,1
C,3.7987900199349007,2,5.0,1
C,3.787098389845955,0,3.787098389845955,1
C,5.0,0,5.0,1
C,1.1563386417436965,2,4.835641842023438,1
C,3.8883269041855084,0,3.8883269041855084,1
C,1.3857038290543633,2,5.0,1
C,4.974140362629934,2,5.0,1
C,2.030001170204876,1,5.0,1
C,5.0,0,5.0,1
C,5.0,0,5.0,1
C,3.6249162895234424,0,3.6249162895234424,1
C,3.177331236827486,2,4.688357403404975,1
C,3.0163329081235237,0,3.0163329081235237,1
C,4.908711553832928,0,4.908711553832928,1
C,4.612639999809217,0,4.612639999809217,1
C,2.8968380164520147,2,4.303682493268685,1
C,4.209174381219666,2,5.0,1
C,3.8405092475248583,0,3.8405092475248583,1
C,0.9087421313207517,1,5.0,1
C,4.695434939208698,2,5.0,1
C,0.11604517434129051,2,5.0,1
C,2.3184441233365676,2,5.0,1
C,2.6315317768659994,2,5.0,1
C,4.233056515775835,0,4.233056515775835,1
C,0.1626915771294307,2,4.288575351138933,1
C,0.2702827931092622,1,5.0,1
C,3.2020213415953873,2,5.0,1
C,0.053906385446465206,2,5.0,1
C,0.94695871551126,2,5.0,1
C,3.419783806580706,2,5.0,1
C,1.2355875598688912,2,5.0,1
C,4.316503691744225,2,5.0,1
C,1.9426203798214532,2,5.0,1
C,3.1329691140168032,0,3.1329691140168032,1
C,3.1935636190861127,1,3.747964007045143,1
C,4.1446477898415,0,4.1446477898415,1
C,4.2587675212302605,0,4.2587675212302605,1
C,1.0150478395862712,2,5.0,1
C,4.48298275614415,0,4.48298275614415,1
C,0.48017749493301504,2,5.0,1
C,4.008923727265935,0,4.008923727265935,1
C,0.18221979600541421,2,5.0,1
C,2.4960868895068358,2,5.0,1
C,5.0,0,5.0,1
C,4.405394096461393,0,4.405394096461393,1
C,0.6495120695422146,2,4.793483042171877,1
C,3.4641112457786205,2,3.8393310470164197,1
C,2.583713777680928,2,5.0,1
C,0.9929842196880263,2,5.0,1
C,3.4191494909235125,0,3.4191494909235125,1
C,3.087073197599607,1,5.0,1
C,3.162953691065515,2,4.128184840490912,1
C,1.349828360326021,2,5.0,1
C,1.2121660477609433,2,5.0,1
C,3.752375277628004,0,3.752375277628004,1
C,4.063388885124005,0,4.063388885124005,1
C,3.9690430211087797,0,3.9690430211087797,1
C,2.132827034085876,2,5.0,1
C,3.669351258370341,2,5.0,1
C,0.4541116113689415,2,4.942911438600727,1
C,0.30071778482802436,2,5.0,1
C,4.9406135827157875,0,4.9406135827157875,1
C,4.341907048970756,0,4.341907048970756,1
C,1.7441336072512186,2,5.0,1
C,0.8291714837210387,2,4.078972623689624,1
C,0.08068485665933042,2,4.617681923811958,1
C,2.4226683512132676,2,5.0,1
C,1.689531977501862,2,5.0,1
C,2.728780022609865,2,5.0,1
C,3.9953936361793714,0,3.9953936361793714,1
C,3.3810028351855097,2,4.398391276325226,1
C,4.25731730162437,2,5.0,1
C,0.7582808607121395,2,5.0,1
C,5.0,0,5.0,1
C,0.3628378542627957,2,3.692512534624278,1
C,1.0952920221002658,2,5.0,1
C,0.9442564746663802,2,3.0068533850789985,1
C,0.11976464220238939,2,5.0,1
C,1.102972023892662,1,4.061095960991523,1
C,2.6305307466523846,2,5.0,1
C,2.0630196161159513,2,4.4504159604287565,1
C,0.24209427078462087,2,5.0,1
C,1.8029582401332374,2,5.0,1
C,0.9235264329551421,2,5.0,1
C,1.613085238956247,2,5.0,1
C,1.3954427103237295,2,5.0,1
C,0.7193302249103423,2,3.593594669869877,1
C,1.4652355013178644,1,5.0,1
C,1.932485360268251,2,5.0,1
C,3.5742313089796514,0,3.5742313089796514,1
C,2.472704053371884,2,3.222099793054118,1
C,2.823033615508929,2,4.917601162147591,1
C,0.34550962816879965,2,5.0,1
C,4.052950445092057,0,4.052950445092057,1
C,0.2726612045235314,1,5.0,1
C,1.4583408503592852,2,5.0,1
C,2.180219321318359,2,5.0,1
C,4.621877825950892,2,5.0,1
C,2.4831568032244,2,5.0,1
C,3.4582088333437415,0,3.4582088333437415,1
C,0.6008407895098952,2,5.0,1
C,1.7075827031694795,2,5.0,1
C,2.416418374413256,2,5.0,1
C,4.815217388351806,0,4.815217388351806,1
C,4.190564033375327,1,5.0,1
C,0.13906738187412268,2,5.0,1
C,5.0,0,5.0,1
C,4.251177937146208,0,4.251177937146208,1
C,2.3874332048851814,2,5.0,1
C,3.85222784514829,0,3.85222784514829,1
C,1.1504927259394373,2,5.0,1
C,3.3763018404380585,0,3.3763018404380585,1
C,5.0,0,5.0,1
C,0.07686488664895073,1,4.877894708816713,1
C,4.070300693975372,0,4.070300693975372,1
C,4.769634334348616,2,5.0,1
C,4.456781963904474,2,5.0,1
C,3.362418129255561,2,5.0,1
C,1.2838602533866996,2,3.33577769572017,1
C,1.56302767092917,2,4.923333009840048,1
C,4.283759360519626,0,4.283759360519626,1
C,0.04099712525102517,2,5.0,1
C,5.0,0,5.0,1
C,3.8368947556694293,0,3.8368947556694293,1
C,1.8147805173432927,2,5.0,1
C,0.9579303249276061,2,5.0,1
C,1.8305585087212888,2,5.0,1
C,5.0,0,5.0,1
C,1.5873476941874498,2,5.0,1
C,0.27749141004953903,2,3.231674385899279,1
C,2.9785098962938794,2,3.058734479593834,1
C,4.284028226658139,2,5.0,1
C,5.0,0,5.0,1
C,5.0,0,5.0,1
C,1.2903302934485181,2,3.0365573770189465,1
C,0.4707671664249479,2,5.0,1
C,1.2228231511688301,2,5.0,1
C,1.7009345440214962,2,5.0,1
C,0.5382574029603577,2,3.3186963689773674,1
C,2.5987887696113985,2,5.0,1
C,0.06152538153524023,2,5.0,1
C,2.318485441536932,2,5.0,1
C,2.0541798889540748,2,4.189480358353698,1
C,2.5194099972371133,2,4.368730516125936,1
C,0.9518318196253752,2,5.0,1
C,1.061452269511421,2,5.0,1
C,3.0850678912258296,1,5.0,1
C,5.0,0,5.0,1
C,0.850056687865953,2,5.0,1
C,0.4434870165761299,2,4.203070091141609,1
C,4.249611958405897,2,5.0,1
C,1.31785205955391,1,5.0,1
C,5.0,0,5.0,1
C,0.9166813413489778,2,3.7403345841426945,1
C,0.8407595849910118,2,5.0,1
C,0.24041606672729152,1,5.0,1
C,3.1074669694748156,2,3.259188030816074,1
C,3.6694694824471314,0,3.6694694824471314,1
C,2.0636179782948667,2,5.0,1
C,0.19115288273255784,2,5.0,1
C,5.0,0,5.0,1
C,5.0,0,5.0,1
C,1.459770683814323,2,3.854824814988875,1
C,2.54494863494576,2,4.861421874520139,1
C,3.1288781364239835,1,5.0,1
C,0.37348951792668333,2,5.0,1
C,5.0,0,5.0,1
C,2.4142490760934687,2,5.0,1
C,1.9987616656449538,2,5.0,1
C,1.8031231033933743,2,3.0184669889479077,1
C,2.7777325583636694,2,5.0,1
C,0.5338780420994347,2,5.0,1
C,0.5364737263845477,2,3.660554614215605,1
C,3.2985285256535297,2,4.431584588100036,1
C,5.0,0,5.0,1
C,3.1010214984553253,0,3.1010214984553253,1
C,5.0,0,5.0,1
C,0.7264418324388264,1,3.0576407924551496,1
C,3.8624890509105976,0,3.8624890509105976,1
C,4.051977677874372,2,5.0,1
C,3.264826323482991,0,3.264826323482991,1
C,1.603278346630521,2,5.0,1
C,1.988163407975538,2,5.0,1
C,0.16087059759039588,2,3.439040259010895,1
C,3.006048887308897,2,4.169328155754522,1
C,0.3056630396023061,2,5.0,1
C,2.9129386954534384,2,3.134038014700338,1
C,1.566356370129268,2,3.545388219076344,1
C,5.0,0,5.0,1
C,4.01283161611506,2,5.0,1
C,0.032364252415445965,2,3.40547972168548,1
C,0.12985623575686236,2,3.2650788540090936,1
C,3.0814080895972293,1,3.411145308515442,1
C,0.3423077189014095,1,4.9832483216867125,1
C,3.563096629660298,1,4.834750224389693,1
C,0.08501198947008928,2,4.705103617604581,1
C,4.406544114936891,0,4.406544114936891,1
C,0.36394417375965815,2,5.0,1
C,1.1431620041134811,2,5.0,1
C,0.9653130980006631,2,5.0,1
C,0.4870598997167687,1,5.0,1
C,5.0,0,5.0,1
C,3.2832262400387155,2,4.1731196405616915,1
C,1.4379923649098245,2,5.0,1
C,5.0,0,5.0,1
C,5.0,0,5.0,1
C,2.1506382483952033,2,4.828908963094191,1
C,5.0,0,5.0,1
C,4.9730703597123975,0,4.9730703597123975,1
C,0.5081639248141493,1,4.075479020363708,1
C,3.59415737839308,2,5.0,1
C,3.6244433643129015,0,3.6244433643129015,1
C,0.63915850338917,2,4.681485656629372,1
C,1.397768169191931,2,4.6312439541429065,1
C,1.4633680458111942,1,3.4991766646028575,1
C,0.17021375731714836,2,5.0,1
C,2.101125581136316,2,3.263675401619536,1
C,1.619999143784827,2,5.0,1
C,0.10689060461787207,2,5.0,1
C,3.1938562955266643,2,4.268746120416133,1
C,0.9214507676061814,2,4.898795488036022,1
C,1.1346109220826484,2,5.0,1
C,5.0,0,5.0,1
C,2.8652580591880996,2,5.0,1
C,5.0,0,5.0,1
C,3.007176738079968,0,3.007176738079968,1
C,1.7272371414743268,2,3.8688357668343354,1
C,0.7205446095499941,2,4.242145542527959,1
C,2.9822317040600357,2,4.385640525974242,1
C,1.1853868710502777,2,5.0,1
C,3.0897118320546104,1,5.0,1
C,0.1845676413908478,2,4.417617918880483,1
C,0.9336387802982662,2,5.0,1
C,1.5645959705626826,2,5.0,1
C,4.481096355168731,2,5.0,1
C,4.362055956515393,2,4.9229421905837745,1
C,3.9878949359895492,2,5.0,1
C,3.6267713080715724,0,3.6267713080715724,1
C,3.594497267762467,2,5.0,1
C,4.571362578493218,2,4.675144098941735,1
C,3.1853259322592957,2,5.0,1
C,3.880609366257575,2,5.0,1
C,2.604303188934798,2,5.0,1
C,1.1198258514935724,2,3.6362323119972704,1
C,4.553598852618965,0,4.553598852618965,1
C,0.22155555389268633,2,5.0,1
C,0.8739875187678002,2,5.0,1
C,4.039832245787161,2,5.0,1
C,3.8451601705892973,0,3.8451601705892973,1
C,2.7354090817182755,2,5.0,1
C,0.09327312599797166,2,5.0,1
C,1.756039992146136,2,5.0,1
C,5.0,0,5.0,1
C,2.758359485395507,2,3.6525326295583813,1
C,3.712150864508549,0,3.712150864508549,1
C,3.603372717824558,0,3.603372717824558,1
C,1.70785228782001,2,5.0,1
C,1.1880397684760164,2,4.320314707000257,1
C,5.0,0,5.0,1
C,0.7171522354391319,2,5.0,1
C,2.7854038294192507,2,4.1916859465239344,1
C,4.202634838486235,2,5.0,1
C,0.4172090172241689,2,5.0,1
C,1.95848780535444,2,3.039979908321249,1
C,3.7417191801996283,0,3.7417191801996283,1
C,0.18771798677066442,2,5.0,1
C,3.1358938950028477,0,3.1358938950028477,1
C,3.413580255755443,2,5.0,1
C,5.0,0,5.0,1
C,5.0,0,5.0,1
C,5.0,0,5.0,1
C,2.6573221776210043,2,5.0,1
C,2.3246453686223014,1,3.228297885530213,1
C,2.351582947604754,2,3.031950705230703,1
C,3.7351168581351817,2,5.0,1
C,2.793843716180923,2,5.0,1
C,2.3923649407759844,2,5.0,1
C,1.3620167904190574,2,5.0,1
C,5.0,0,5.0,1
C,4.0937711767682865,0,4.0937711767682865,1
C,2.3997496644038496,2,5.0,1
C,0.4805416725193693,2,5.0,1
C,5.0,0,5.0,1
C,1.5063714434825344,2,5.0,1
C,1.6656981078658353,1,5.0,1
C,4.673344672110288,2,4.935803415206289,1
C,0.4849488114484248,2,3.197835604245265,1
C,5.0,0,5.0,1
C,0.4061962446086839,2,5.0,1
C,1.740013274112449,2,3.368577261553567,1
C,1.2241761892239158,2,5.0,1
C,2.3888997864360895,2,5.0,1
C,2.5045971637674755,2,5.0,1
C,3.9696835538790705,2,5.0,1
C,3.189392098842998,1,5.0,1
C,0.9975143348377643,2,5.0,1
C,1.0913010033155444,2,5.0,1
C,3.2217243676594665,0,3.2217243676594665,1
C,0.03771601429718907,2,5.0,1
C,4.678520105180185,0,4.678520105180185,1
C,3.808264841786877,0,3.808264841786877,1
C,0.7492325893597894,2,4.667281599679228,1
C,5.0,0,5.0,1
C,5.0,0,5.0,1
C,2.9154653611223424,1,5.0,1
C,0.9401817947212199,2,5.0,1
C,3.677187363449897,0,3.677187363449897,1
C,4.165063885317801,2,5.0,1
C,0.351676441111818,2,3.657931757745524,1
C,0.23591259743947812,2,3.964485274171809,1
C,0.9104891214562199,2,5.0,1
C,4.388694042616073,2,5.0,1
C,4.560823217813429,1,5.0,1
C,3.367989866105424,2,5.0,1
C,2.4690804095925682,2,5.0,1
C,4.348975162355137,1,5.0,1
C,5.0,0,5.0,1
C,4.272548170709473,2,5.0,1
C,2.576477052572662,2,5.0,1
C,0.5060141684870526,1,5.0,1
C,0.2610858386472896,2,3.6352654620903553,1
C,3.274299240743071,0,3.274299240743071,1
C,3.08635111989281,0,3.08635111989281,1
C,0.05300880286380473,2,5.0,1
C,5.0,0,5.0,1
C,2.4398324309761077,2,5.0,1
C,1.6496527766123956,2,5.0,1
C,4.874031361157044,0,4.874031361157044,1
C,0.11811930433040287,2,4.9331320960029705,1
C,1.6951587162319741,2,4.843892711135746,1
C,2.7257617441201365,2,5.0,1
C,0.504943648499601,2,3.2965763440697327,1
C,1.5390700043696197,2,5.0,1
C,4.265331560876705,2,4.970493675480857,1
C,2.2038103393564703,2,4.698553931805478,1
C,4.351282444875086,2,5.0,1
C,3.164350868159734,2,5.0,1
C,1.977988957561352,2,5.0,1
C,0.07414463401015038,2,5.0,1
C,1.7934532301524397,2,5.0,1
C,3.456416846790822,0,3.456416846790822,1
C,3.749597185050267,2,5.0,1
C,4.004915216641301,2,4.462311132221896,1
C,0.018333295834363064,2,5.0,1
C,3.4681504425078105,2,5.0,1
C,5.0,0,5.0,1
C,2.0284176364438316,2,4.113310853625595,1
C,3.0072903058704945,0,3.0072903058704945,1
C,2.1402314535605718,2,5.0,1
C,3.202594423149091,2,3.363474421950198,1
C,3.5433378991079567,2,4.163251344887116,1
C,2.2679159839636425,2,4.07124330803928,1
C,5.0,0,5.0,1
C,3.031629849273069,1,3.9848038431906128,1
C,2.801894374704985,1,5.0,1
C,5.0,0,5.0,1
C,3.8898004009537335,1,5.0,1
C,4.45904092339926,2,5.0,1
C,0.22593470701959434,2,5.0,1
C,0.1074913802548437,2,3.909278729560708,1
C,5.0,0,5.0,1
C,4.0699450184616115,2,5.0,1
C,3.5609942544582576,2,5.0,1
C,4.3195312959629755,0,4.3195312959629755,1
C,3.915864707421072,2,5.0,1
C,0.0828442261613937,2,5.0,1
C,2.5630689255462547,2,5.0,1
C,2.9313249005212554,1,5.0,1
C,5.0,0,5.0,1
C,3.194314621594629,0,3.194314621594629,1
C,4.236282689719145,0,4.236282689719145,1
C,0.4697029590036211,2,5.0,1
C,2.2009063423004678,2,5.0,1
C,0.8042006024186601,2,5.0,1
C,3.2634429527622117,0,3.2634429527622117,1
C,1.0782485414149598,2,5.0,1
C,3.210738225799839,2,5.0,1
C,0.08872318709131488,2,5.0,1
C,0.2934235114136784,2,5.0,1
C,0.7000212027860926,2,3.827097149951022,1
C,4.011754859359525,2,5.0,1
C,4.351398467949521,0,4.351398467949521,1
C,5.0,0,5.0,1
C,4.478548690746315,0,4.478548690746315,1
C,4.212520282459373,2,5.0,1
C,5.0,0,5.0,1
C,2.5634554865728467,2,5.0,1
C,5.0,0,5.0,1
C,3.2585911590397565,2,5.0,1
C,1.7241302383309047,2,3.511282138529412,1
C,4.908710254180221,0,4.908710254180221,1
C,0.2934868346717416,2,3.4937231488399147,1
C,4.0240432299466375,2,4.775006704192891,1
C,2.451507339329801,2,3.631259947810669,1
C,4.372121765673518,2,5.0,1
C,0.6176512897563683,2,5.0,1
C,0.36674428852714663,2,5.0,1
C,1.5668538251443405,1,4.019393859856069,1
C,0.14283080846555465,2,4.033009222165177,1
C,4.910612544301604,1,5.0,1
C,0.7773395035719526,2,5.0,1
C,0.4438682538785815,2,4.876115650094874,1
C,3.314945787649497,2,5.0,1
C,4.090692152196263,2,5.0,1
C,3.452719027061761,0,3.452719027061761,1
C,3.862775695689376,2,4.145944466104362,1
C,4.896371294353163,0,4.896371294353163,1
C,3.386902357794291,2,5.0,1
C,0.5087594829345257,2,5.0,1
C,1.1407112215332118,2,3.3577444079621674,1
C,1.234301471804159,1,4.833649394031352,1
C,2.7606948407647423,2,5.0,1
C,1.3624284690971473,2,5.0,1
C,0.042755223930916006,2,3.3847359546105666,1
C,2.7946848031405307,2,5.0,1
C,3.2887882619238265,0,3.2887882619238265,1
C,1.9329029609461124,2,3.5789051971635724,1
C,1.1446516284883435,2,4.746073614684624,1
C,3.7428885537179646,2,5.0,1
C,0.4810937790026515,2,5.0,1
C,3.315440562874143,2,4.787804796900321,1
C,0.3188397304895619,2,5.0,1
C,3.0266590539211324,1,4.389380299241898,1
C,2.3518347467350558,2,5.0,1
C,1.9020060287556244,2,3.3816876944333254,1
C,1.396916922934925,2,3.3619983063113743,1
C,2.972397337546225,2,5.0,1
C,1.070431233435426,1,5.0,1
C,3.479241841809789,2,4.6127457036909725,1
C,0.26115808208185615,2,3.2471143348196394,1
C,1.1279141826725132,2,5.0,1
C,2.5078977809319576,2,4.456619533790983,1
C,4.9180299253660795,2,5.0,1
C,3.09286921336186,0,3.09286921336186,1
C,3.9620991083345936,0,3.9620991083345936,1
C,0.3887660483444237,2,4.553586470398642,1
C,0.15056715222286388,2,5.0,1
C,3.7563372888176962,2,5.0,1
C,0.3417970089745787,2,3.394645901585327,1
C,3.510980450640951,0,3.510980450640951,1
C,2.713940847281598,2,4.601463988604962,1
C,0.08658981272646465,2,3.71780472476944,1
C,5.0,0,5.0,1
C,3.5651538943615986,2,5.0,1
C,5.0,0,5.0,1
C,4.088182468503483,0,4.088182468503483,1
C,0.8870985699783572,1,5.0,1
C,2.377626615907141,2,5.0,1
C,2.435065573036601,2,5.0,1
C,2.2837899910848023,2,4.889846167210919,1
C,4.98758574681343,2,5.0,1
C,3.2462774861854498,2,3.6864600669243597,1
C,4.773778506429991,2,5.0,1
C,0.8000041363602236,2,3.7487188015431485,1
C,0.9799422235599229,2,4.030618241003412,1
C,3.153376095492044,0,3.153376095492044,1
C,1.537010265020371,2,5.0,1
C,2.050737530771042,2,5.0,1
C,2.619682094213377,2,5.0,1
C,0.5055657010946231,2,3.2397275804052827,1
C,0.561637937108447,1,4.489137771618373,1
C,4.6262124159274025,1,5.0,1
C,1.1469246179008892,2,5.0,1
C,2.7387657995511345,2,5.0,1
C,2.0250824559812517,2,5.0,1
C,1.7189007954008362,2,5.0,1
C,1.3981145037406428,2,4.248281512524478,1
C,2.151645029054777,2,3.8389001368752873,1
C,5.0,0,5.0,1
C,0.7024190896837595,2,5.0,1
C,3.065779237676632,0,3.065779237676632,1
C,5.0,0,5.0,1
C,0.7038373975394505,1,5.0,1
C,1.330967814816089,2,5.0,1
C,0.2946996731294997,2,5.0,1
C,4.313975829197789,2,4.778358469472314,1
C,0.7279970264258813,2,5.0,1
C,4.961956802880659,0,4.961956802880659,1
C,4.593644531384121,2,5.0,1
C,3.0983832372588895,2,4.525535956286555,1
C,4.7955303701639815,2,5.0,1
C,1.994538033904084,2,5.0,1
C,5.0,0,5.0,1
C,0.28598093888718523,2,4.275166811906475,1
C,3.946697595269434,2,4.1012726744447745,1
C,5.0,0,5.0,1
C,3.53270722431015,0,3.53270722431015,1
C,2.1404054494961766,2,4.541009490248478,1
C,1.9595367769441279,2,5.0,1
C,2.3706149827177665,2,5.0,1
C,0.5595834011453797,2,4.733254703190232,1
C,3.9487477194933125,0,3.9487477194933125,1
C,4.850919979547075,1,5.0,1
C,2.395513535878309,2,5.0,1
C,4.263024295515022,2,5.0,1
C,1.616183102233253,1,5.0,1
C,1.1333430914540323,2,5.0,1
C,2.368884699997776,2,3.8349359865663706,1
C,0.8902066682432248,2,5.0,1
C,3.7957277988004825,2,4.559569924103011,1
C,1.558144045061629,2,5.0,1
C,4.473004208623777,2,4.834678254716929,1
C,4.441657441230573,0,4.441657441230573,1
C,0.900058681908707,2,4.897916394734542,1
C,3.677180734093193,2,4.460886098646836,1
C,1.806227314715335,2,3.185563962900825,1
C,1.490122889623429,2,4.16113599907286,1
C,2.3561918065805982,2,3.1297752254802083,1
C,5.0,0,5.0,1
C,2.686837418332508,2,5.0,1
C,0.057461388111196283,2,5.0,1
C,3.632898553301266,0,3.632898553301266,1
C,3.0192027752454047,0,3.0192027752454047,1
C,1.7846929591355667,2,5.0,1
C,3.6355258318711927,0,3.6355258318711927,1
C,5.0,0,5.0,1
C,5.0,0,5.0,1
C,2.975959866721573,2,5.0,1
C,0.4611676767801881,2,4.755154677589378,1
C,3.9566747305530363,2,3.9871376175631266,1
C,5.0,0,5.0,1
C,3.037449283939896,2,4.704081280821802,1
C,0.5543541772707041,2,5.0,1
C,0.7529754492021381,2,5.0,1
C,1.353422544522968,2,5.0,1
C,1.0265665687148438,2,3.873384410693368,1
C,3.705013290755739,2,5.0,1
C,3.579461987978389,2,4.357776374653494,1
C,3.9189508955427748,2,5.0,1
C,0.805340518264781,1,3.8371767980555966,1
C,2.8652907732084936,2,3.7458198657571913,1
C,0.9344761653818838,2,3.636314036503596,1
C,0.10195913521971059,2,5.0,1
C,1.3716479569374083,2,3.3892818354604555,1
C,0.47159278772954166,2,5.0,1
C,5.0,0,5.0,1
C,5.0,0,5.0,1
C,1.337789021609688,2,5.0,1
C,1.6422263963114454,2,5.0,1
C,5.0,0,5.0,1
C,4.735451005812065,0,4.735451005812065,1
C,5.0,0,5.0,1
C,2.949621039172183,2,5.0,1
C,1.0962581762742258,2,5.0,1
C,5.0,0,5.0,1
C,5.0,0,5.0,1
C,2.670230035827104,2,5.0,1
C,4.541439829281498,2,5.0,1
C,0.5335139011427077,2,5.0,1
C,4.1481666995241735,2,4.624428129887889,1
C,5.0,0,5.0,1
C,2.3196304790738305,1,5.0,1
C,1.6465767990698943,2,5.0,1
C,5.0,0,5.0,1
C,2.707110777823292,2,5.0,1
C,4.1287361556458935,2,5.0,1
C,1.8559973939977583,1,3.4532985893358226,1
C,3.523970556474234,0,3.523970556474234,1
C,3.815054202030485,0,3.815054202030485,1
C,3.7336528961214626,0,3.7336528961214626,1
C,3.662824063826793,0,3.662824063826793,1
C,1.6837434028571998,2,4.0040642675449964,1
C,1.9623352391117574,1,5.0,1
C,3.1941041472919967,2,4.339076377226055,1
C,0.6334648364962039,2,5.0,1
C,0.5129886839876088,2,5.0,1
C,5.0,0,5.0,1
C,5.0,0,5.0,1
C,2.8996380295352813,2,5.0,1
C,3.3153823335446946,0,3.3153823335446946,1
C,5.0,0,5.0,1
C,1.111796018555129,2,4.4026921806426795,1
C,0.01712194121812493,2,4.429520584187942,1
C,3.0979369452472034,2,5.0,1
C,1.4468421023373912,2,5.0,1
C,3.211265448785203,2,5.0,1
C,5.0,0,5.0,1
C,4.089013264230147,2,5.0,1
C,3.417656242857404,1,5.0,1
C,3.023075443841459,0,3.023075443841459,1
C,0.5668621618504679,2,4.929942985595515,1
C,0.2647817314648894,2,5.0,1
C,4.267755964534861,0,4.267755964534861,1
C,1.7586366716625366,2,4.310049185167746,1
C,1.5218007450824,2,5.0,1
C,3.7751355323093065,0,3.7751355323093065,1
C,3.5499725338556853,1,5.0,1
C,0.2194608580104611,2,5.0,1
C,0.6338779232724653,2,5.0,1
C,5.0,0,5.0,1
C,2.1124805092876184,2,5.0,1
C,4.165655570879537,0,4.165655570879537,1
C,3.889771695061907,2,5.0,1
C,1.4846835272875438,2,5.0,1
C,0.08090192405986978,2,5.0,1
C,0.9734452660038765,2,5.0,1
C,1.2322375364145228,2,5.0,1
C,2.855365670528863,2,3.529020867016693,1
C,5.0,0,5.0,1
C,4.039039373412252,0,4.039039373412252,1
C,2.362587582939694,2,3.9055011934154993,1
C,0.9992860047639194,2,5.0,1
C,0.03986946773050088,2,5.0,1
C,4.836071805829324,0,4.836071805829324,1
C,5.0,0,5.0,1
C,3.4064076462593276,2,5.0,1
C,1.432416756958951,2,5.0,1
C,3.9323098919255015,0,3.9323098919255015,1
C,5.0,0,5.0,1
C,0.14667938359953528,2,5.0,1
C,4.462571926956624,0,4.462571926956624,1
C,2.0180453185449108,2,5.0,1
C,1.0967988967253128,2,5.0,1
C,3.6640355064775125,2,5.0,1
C,3.8398517879443705,0,3.8398517879443705,1
C,1.6227044128803123,2,5.0,1
C,3.7157502996209644,2,5.0,1
C,0.7595194357979603,2,4.333133283856183,1
C,4.845922241385899,2,5.0,1
C,5.0,0,5.0,1
C,0.5906849945842079,2,5.0,1
C,4.752855206131855,2,5.0,1
C,5.0,0,5.0,1
C,4.210617222210873,2,5.0,1
C,5.0,0,5.0,1
C,3.2110463533812674,0,3.2110463533812674,1
C,3.240336817707359,2,3.4528704220983903,1
C,5.0,0,5.0,1
C,4.6931721415704875,2,5.0,1
C,3.458925869275633,0,3.458925869275633,1
C,0.7051164773534501,2,3.9995212228645123,1
C,3.1093625345068268,2,4.916021027836049,1
C,0.9401972626492117,2,5.0,1
C,0.2796653208697727,2,3.0719974662147194,1
C,5.0,0,5.0,1
C,0.8259669778650867,2,3.0613116998899828,1
C,1.1612293110527843,2,5.0,1
C,5.0,0,5.0,1
C,1.1210277735791283,2,3.4683548449378976,1
C,2.0272894933325043,2,3.283537144706303,1
C,2.7040394412176707,2,5.0,1
C,3.9937249144384634,1,5.0,1
C,2.7883415353519636,1,4.5458570516569,1
C,5.0,0,5.0,1
C,5.0,0,5.0,1
C,4.400830838267067,0,4.400830838267067,1
C,3.5334792926821534,1,4.570865476021112,1
C,3.2086958671366617,0,3.2086958671366617,1
C,5.0,0,5.0,1
C,2.035884799691709,2,3.6892144619491045,1
C,5.0,0,5.0,1
C,3.0905492794036236,2,3.604801027956455,1
C,2.415493087938464,2,5.0,1
C,4.307190995892453,0,4.307190995892453,1
C,0.487421816374396,2,5.0,1
C,0.5445552028242763,2,5.0,1
C,2.6392899290844034,1,3.3473674290163915,1
C,2.2095735807356642,2,5.0,1
C,2.841345509975305,2,5.0,1
C,5.0,0,5.0,1
C,2.375981678450079,2,5.0,1
C,2.570112444571603,2,3.0977576207571653,1
C,2.3189310282998843,2,5.0,1
C,5.0,0,5.0,1
C,1.6242655204229173,1,5.0,1
C,1.975642168297959,2,3.3435478537954575,1
C,0.4368711661974412,2,3.5571555846937475,1
C,3.1777726732434526,0,3.1777726732434526,1
C,5.0,0,5.0,1
C,0.4007564293205245,2,4.4256799610226345,1
C,4.381611480511907,2,5.0,1
C,3.5015816264811663,2,5.0,1
C,2.703351740029173,2,5.0,1
C,3.158906740814958,1,4.294235707989639,1
C,4.269361160889635,2,5.0,1
C,3.4736581042918733,0,3.4736581042918733,1
C,2.8922689517416056,2,3.912809406075285,1
C,4.171666534712022,0,4.171666534712022,1
C,0.2078926326333709,2,5.0,1
C,0.6504061160626282,2,4.232412063792105,1
C,1.406506507438336,2,4.175997711116848,1
C,5.0,0,5.0,1
C,3.274130100524949,2,5.0,1
C,1.8743729383053644,2,5.0,1
C,2.320801384910947,2,5.0,1
C,0.04304556675953297,2,5.0,1
C,2.9812302250509277,2,5.0,1
C,0.9922618805106647,1,3.938133595609722,1
C,4.057452658829147,0,4.057452658829147,1
C,0.8873806675797254,1,5.0,1
C,3.13404462179994,0,3.13404462179994,1
C,2.6714067614507537,2,5.0,1
C,2.756179172516825,2,4.048856324531087,1
C,3.044166076005843,0,3.044166076005843,1
C,0.469193024134399,2,3.394597576661181,1
C,5.0,0,5.0,1
C,0.7967792374548562,2,5.0,1
C,0.9999865146794712,1,4.694512856829883,1
C,2.7195000757845995,2,5.0,1
C,1.5619086221305747,2,4.240141777322952,1
C,1.353813538442936,2,4.2495229237492556,1
C,0.006265465149046291,2,5.0,1
C,0.2066355813435397,2,3.3690807462636405,1
C,5.0,0,5.0,1
C,2.4011798640394626,2,5.0,1
C,2.6762942753071925,2,5.0,1
C,3.1566308451938685,2,4.311513709017133,1
C,4.298805534654791,2,5.0,1
C,0.22576994932008357,2,5.0,1
C,1.3835493646745067,2,5.0,1
C,1.5981943802706147,2,5.0,1
C,5.0,0,5.0,1
C,3.01035996294226,2,5.0,1
C,4.992684704896229,2,5.0,1
C,5.0,0,5.0,1
C,3.908039903892154,2,5.0,1
C,5.0,0,5.0,1
C,0.7344713008216146,2,4.154696275499116,1
C,1.4450747596269617,2,5.0,1
C,3.128261741410153,2,5.0,1
C,2.849436925134222,2,4.498727403147167,1
C,3.870511135407405,2,5.0,1
C,5.0,0,5.0,1
C,0.368294507324089,2,3.621280883594916,1
C,1.044147960307054,1,5.0,1
C,4.0731384644481,2,4.77406564684139,1
C,5.0,0,5.0,1
C,2.0949571888586815,2,5.0,1
C,1.739035922744145,2,5.0,1
C,4.699429388174486,0,4.699429388174486,1
C,4.974681516860605,0,4.974681516860605,1
C,0.5720768093618117,2,5.0,1
C,5.0,0,5.0,1
C,3.63009212231538,0,3.63009212231538,1
C,1.547119374988415,2,5.0,1
C,5.0,0,5.0,1
C,5.0,0,5.0,1
C,0.2948450909991469,2,5.0,1
C,1.4495483558118036,2,5.0,1
C,3.854485501926785,0,3.854485501926785,1
C,1.8419815236222314,2,5.0,1
C,0.6592573905376923,2,5.0,1
C,2.47786849585278,2,5.0,1
C,5.0,0,5.0,1
C,3.97546527252685,0,3.97546527252685,1
C,3.2532522284063847,2,3.798886262757339,1
C,0.696728289730287,2,3.47471915791343,1
C,5.0,0,5.0,1
C,5.0,0,5.0,1
C,0.6153655468423616,1,5.0,1
C,3.1563218153103145,0,3.1563218153103145,1
C,3.560790816611201,0,3.560790816611201,1
C,4.422583652315253,2,5.0,1
C,3.264831307367536,2,5.0,1
C,5.0,0,5.0,1
C,1.7011856468368736,2,3.2266029367336193,1
C,5.0,0,5.0,1
C,1.4372471144214485,1,5.0,1
C,3.7920643815739044,2,4.616759801780226,1
C,2.470949423266036,2,5.0,1
C,0.7663874192275958,2,5.0,1
C,3.9450279128352457,0,3.9450279128352457,1
C,4.645891640591371,2,5.0,1
C,0.7237543220022101,2,4.433467086573309,1
C,0.7808847722070081,1,5.0,1
C,3.516063492689663,2,5.0,1
C,5.0,0,5.0,1
C,1.0839967615845283,2,4.07242796014575,1
C,3.653566784949458,2,5.0,1
C,1.7486252702347145,1,5.0,1
C,2.5916336939691726,2,5.0,1
C,3.4113810284343637,2,5.0,1
C,0.677451931594727,2,3.4385932683580402,1
C,0.6574785072021994,2,5.0,1
C,1.252753228445125,1,5.0,1
C,0.01273735377261375,2,4.029254181218896,1
C,5.0,0,5.0,1
C,2.3003314572181615,2,5.0,1
C,0.5958136197441001,1,3.818779686755154,1
C,2.6009773839687584,2,3.5300921154818052,1
C,0.857838657638452,1,3.5318684427943237,1
C,3.7298858195113396,2,4.037958373637153,1
C,0.26281944745288566,2,5.0,1
C,5.0,0,5.0,1
C,2.3931021621901114,2,5.0,1
C,1.617610080420714,2,3.779934150455393,1
C,1.6462859872755387,2,5.0,1
C,3.2041243027446424,2,5.0,1
C,5.0,0,5.0,1
C,2.6504862597210312,2,4.095213205669957,1
C,1.2520231491917138,2,4.946438466947347,1
C,0.37018804185090437,1,3.870353590773036,1
C,5.0,0,5.0,1
C,1.4028748831986264,1,3.41814686930749,1
C,0.36057641170849475,2,5.0,1
C,5.0,0,5.0,1
C,1.1751976044482035,2,4.231796080794897,1
C,0.9377379958691245,2,5.0,1
C,0.3886734595177939,2,4.8833580288441745,1
C,2.391018417087515,2,5.0,1
C,0.05657712708729197,2,5.0,1
C,4.134377037033428,0,4.134377037033428,1
C,2.962362213202799,2,5.0,1
C,5.0,0,5.0,1
C,0.1617398592695287,2,5.0,1
C,2.921330452470586,2,3.9584245124989743,1
C,3.4691715877523093,2,5.0,1
C,0.5096227321267957,2,3.66758956928254,1
C,4.7636702661279,0,4.7636702661279,1
C,4.557910703222697,2,5.0,1
C,5.0,0,5.0,1
C,3.3525179471655213,1,5.0,1
C,0.13017365008438958,1,4.8332170366756255,1
C,1.267240607370582,2,5.0,1
C,5.0,0,5.0,1
C,5.0,0,5.0,1
C,0.3415948605038975,2,4.827207370064794,1
C,3.5494183796675065,0,3.5494183796675065,1
C,1.7083496951973596,2,5.0,1
C,3.176190622967441,0,3.176190622967441,1
C,3.3809923368880903,0,3.3809923368880903,1
C,0.5299847422331537,2,5.0,1
C,2.5235913595345965,2,3.1527174660885455,1
C,3.324580832042838,0,3.324580832042838,1
C,2.75069162384458,2,4.711626809695982,1
C,1.8770634161069053,1,5.0,1
C,0.48469649062026754,1,3.397578094747644,1
C,1.5219914573235147,2,5.0,1
C,4.926250031073314,0,4.926250031073314,1
C,5.0,0,5.0,1
C,3.2453055255069927,0,3.2453055255069927,1
C,0.26283340100911873,2,5.0,1
C,3.752783318031218,0,3.752783318031218,1
C,2.100097811761003,2,4.75279386488722,1
C,5.0,0,5.0,1
C,0.26194594769298185,2,5.0,1
C,2.6254359439676653,2,4.583852749060897,1
C,4.347284711486322,2,5.0,1
C,3.696608867931141,0,3.696608867931141,1
C,4.4846116728742444,0,4.4846116728742444,1
C,4.810170758887689,2,5.0,1
C,0.7405722246203965,2,3.724960528303193,1
C,3.252881499209607,0,3.252881499209607,1
C,0.16896407093131077,2,5.0,1
C,4.875952493442254,0,4.875952493442254,1
C,5.0,0,5.0,1
C,1.5849343330208825,2,5.0,1
C,4.531435391200063,0,4.531435391200063,1
C,0.24207887286253618,2,5.0,1
C,3.103398197850437,0,3.103398197850437,1
C,1.3817579581574517,2,3.9599361530604904,1
C,0.30307740145663253,2,5.0,1
C,0.4738932220430482,2,4.694200838599906,1
C,2.04888262298195,2,5.0,1
C,3.575281900352679,0,3.575281900352679,1
C,1.9121327229085852,2,4.647981842029507,1
C,5.0,0,5.0,1
C,3.0036378119309197,2,5.0,1
C,5.0,0,5.0,1
C,3.816021229783524,2,4.498743714604145,1
C,3.839882939012258,0,3.839882939012258,1
C,4.578847152250111,0,4.578847152250111,1
C,1.4976390526541128,2,3.8413391528674383,1
C,3.406706512124816,0,3.406706512124816,1
C,2.250387745011392,2,3.295262365415029,1
C,4.529894885018765,0,4.529894885018765,1
C,0.7693037919523575,2,5.0,1
C,1.7175696372242335,2,5.0,1
C,2.081400729303971,2,5.0,1
C,0.45478701331851534,2,5.0,1
C,0.1897576294489477,1,5.0,1
C,4.295097639095827,0,4.295097639095827,1
C,2.6918690863734778,2,5.0,1
C,3.1335888924313684,0,3.1335888924313684,1
C,0.1971165956188414,2,3.0991179631593315,1
C,0.9574816352575823,2,5.0,1
C,1.0707908533904664,2,5.0,1
C,0.6183532123514033,2,3.7805577772859222,1
C,1.1115535307993123,1,4.332339863892817,1
C,5.0,0,5.0,1
C,1.315674117630337,2,4.115719737614256,1
C,5.0,0,5.0,1
C,0.7084294183909282,2,4.8767988373769295,1
C,1.5793466142012849,1,5.0,1
C,3.1373664552087073,2,3.42093832396752,1
C,0.16281809405972045,2,5.0,1
C,0.2533407592108776,1,3.9672248203555274,1
C,0.15881970490558386,2,5.0,1
C,3.0440691314086528,2,5.0,1
C,5.0,0,5.0,1
C,0.5335076921943698,2,3.7825280593319386,1
C,5.0,0,5.0,1
C,0.2249683886931845,2,5.0,1
C,5.0,0,5.0,1
C,3.226946569552662,2,4.605625854479495,1
C,0.9693288047339488,2,5.0,1
C,0.28684829827738767,2,5.0,1
C,2.4010579941375707,2,5.0,1
C,3.6107666231326174,2,5.0,1
C,1.5260470081488793,2,3.538130876850478,1
C,0.21894058843980552,2,5.0,1
C,0.7575247478621298,2,5.0,1
C,1.4910825197763997,2,3.324667262913322,1
C,3.260639058563429,0,3.260639058563429,1
C,1.1373747778096108,2,5.0,1
C,0.33053251483278895,1,5.0,1
C,0.09966559478151436,2,3.221052445437146,1
C,5.0,0,5.0,1
C,3.119364731693248,0,3.119364731693248,1
C,1.776712142357756,2,3.7368562189057695,1
C,4.324158783439659,2,5.0,1
C,2.20918079599275,2,4.729504771736474,1
C,2.7163881110739156,2,3.532204132961441,1
C,4.222199964320213,0,4.222199964320213,1
C,0.6469744867835787,2,3.7284700922789082,1
C,0.6472141898637853,2,5.0,1
C,3.333426374903025,0,3.333426374903025,1
C,5.0,0,5.0,1
C,4.124406683323918,0,4.124406683323918,1
C,0.27690032416705146,2,5.0,1
C,4.655070759423722,2,5.0,1
C,2.6870307744603528,2,5.0,1
C,5.0,0,5.0,1
C,0.48749686208575826,1,3.685099976204823,1
C,2.322832484708943,2,5.0,1
C,1.1148616243031804,2,5.0,1
C,2.371127827519985,1,5.0,1
C,4.537601729112975,2,5.0,1
C,0.6492185159264552,2,5.0,1
C,3.375098107559057,2,5.0,1
C,4.576867444017383,2,5.0,1
C,2.1794729333164713,2,5.0,1
C,5.0,0,5.0,1
C,5.0,0,5.0,1
C,0.8534312519940485,2,5.0,1
C,0.9794868215151205,2,5.0,1
C,1.5307997854872701,2,5.0,1
C,0.2157296555074627,2,5.0,1
C,5.0,0,5.0,1
C,1.6551510127605753,2,3.8657280728331695,1
C,0.8552657099198739,2,3.5888346846225954,1
C,1.8333673844534253,1,4.239716844272993,1
C,3.1345965021268825,2,5.0,1
C,3.791827982490929,2,5.0,1
C,5.0,0,5.0,1
C,5.0,0,5.0,1
C,0.7915619633884475,1,5.0,1
C,1.0506355168694803,2,3.167370937223768,1
C,4.617313150500963,0,4.617313150500963,1
C,2.3417227280558195,2,5.0,1
C,3.234938120752453,0,3.234938120752453,1
C,1.2518372284555963,1,5.0,1
C,3.4335425911094193,2,5.0,1
C,1.4964313110952825,2,5.0,1
C,5.0,0,5.0,1
C,0.7371459205310031,2,5.0,1
C,0.5071380663976621,2,3.822465642143348,1
C,1.3436013178445765,2,5.0,1
C,0.7540992330483456,2,5.0,1
C,1.2643774421466005,2,5.0,1
C,1.411137713362476,2,5.0,1
C,4.472152084418895,0,4.472152084418895,1
C,5.0,0,5.0,1
C,4.3603808917336435,0,4.3603808917336435,1
C,0.6464435557396452,2,3.8729872196065704,1
C,3.3066589134191853,2,3.525166836159875,1
C,5.0,0,5.0,1
C,4.810603109958526,0,4.810603109958526,1
C,0.9967394223833984,2,5.0,1
C,0.6309718076992642,2,5.0,1
C,0.7958249472959714,2,5.0,1
C,3.6303545502162273,0,3.6303545502162273,1
C,5.0,0,5.0,1
C,3.204967892668819,2,5.0,1
C,1.7920426720261489,2,5.0,1
C,0.26744391129847966,2,3.3299787430386303,1
C,5.0,0,5.0,1
C,2.443859717841696,2,3.4601991438826176,1
C,0.03381480403843741,2,5.0,1
C,1.7734048928972588,1,5.0,1
C,0.88977228008118,2,3.5288959202845995,1
C,4.805566405837251,0,4.805566405837251,1
C,5.0,0,5.0,1
C,0.5498158987115611,2,5.0,1
C,1.023608045022185,2,5.0,1
C,3.420188339639386,2,5.0,1
C,1.6879558167134285,2,5.0,1
C,5.0,0,5.0,1
C,0.58066080595578,2,4.008682002647404,1
C,2.1262209037321775,2,5.0,1
C,0.04930097910622531,1,4.1513159607861105,1
C,1.7998279881506876,2,5.0,1
C,3.8900921327964078,2,5.0,1
C,0.18412736976979896,2,5.0,1
C,1.853538021599455,2,5.0,1
C,0.08535439021069484,2,4.650915435142337,1
C,5.0,0,5.0,1
C,0.8411529317599822,2,4.484153523524597,1
C,0.5702334727418915,2,5.0,1
C,0.5029134818312292,2,4.007389785697377,1
C,3.158028955708927,0,3.158028955708927,1
C,5.0,0,5.0,1
C,5.0,0,5.0,1
C,4.294306575185329,0,4.294306575185329,1
C,1.9588722479419687,2,4.063939016655099,1
C,5.0,0,5.0,1
C,2.0067824194897836,2,3.4911258806335637,1
C,2.1839266698830118,2,3.439276212535705,1
C,0.9323128360826309,2,5.0,1
C,5.0,0,5.0,1
C,0.3559230909850811,2,3.852222232783857,1
C,1.0684979316945662,2,5.0,1
C,0.13151270217606,2,4.496831954680394,1
C,0.7449597299407837,2,5.0,1
C,0.22270348202051318,2,5.0,1
C,0.5662960816846515,2,5.0,1
C,4.992279979432595,2,5.0,1
C,3.2726730327369404,2,5.0,1
C,0.35469841426919513,2,5.0,1
C,1.8136604847678226,2,3.2135111722624345,1
C,4.935755849843387,1,5.0,1
C,0.06315148567271868,2,5.0,1
C,5.0,0,5.0,1
C,4.6242161804756625,1,4.944876324501179,1
C,5.0,0,5.0,1
C,2.029164563254872,2,4.684451145211442,1
C,4.442533168282667,2,5.0,1
C,3.0228331774619277,1,4.479464188050536,1
C,1.8072753530812502,2,3.4713935394901303,1
C,5.0,0,5.0,1
C,3.281800045840249,2,3.5051020093972842,1
C,2.4358302162303564,2,4.665858733519494,1
C,4.237519509916543,2,5.0,1
C,0.11139786784563618,2,5.0,1
C,3.9108847597196372,0,3.9108847597196372,1
C,2.3345070947165465,2,3.030681531548111,1
C,5.0,0,5.0,1
C,3.208171219230241,0,3.208171219230241,1
C,2.6288561087833635,1,3.909484619355541,1
C,4.580624893652386,2,5.0,1
C,5.0,0,5.0,1
C,3.3546166402193176,0,3.3546166402193176,1
C,1.226460173451234,2,3.6073355281474324,1
C,3.796806631895733,0,3.796806631895733,1
C,2.2782907401348176,2,5.0,1
C,5.0,0,5.0,1
C,1.9605899387548107,2,3.6503151918116004,1
C,0.03629074923816667,2,5.0,1
C,4.4612776666866925,0,4.4612776666866925,1
C,3.44700359144893,2,5.0,1
C,4.078388031543618,2,5.0,1
C,3.1390080576292627,0,3.1390080576292627,1
C,1.2997552196628501,2,5.0,1
C,2.7060129545972655,2,4.396043708195276,1
C,3.443580752122997,2,5.0,1
C,4.16058683151841,2,4.190439297929444,1
C,3.872396161789164,0,3.872396161789164,1
C,4.100543243457013,0,4.100543243457013,1
C,5.0,0,5.0,1
C,2.9350607091628955,2,4.245556753060496,1
C,2.4244693372509962,2,5.0,1
C,5.0,0,5.0,1
C,3.8651123743875075,2,5.0,1
C,0.0784387451523288,2,5.0,1
C,4.020462595828898,2,5.0,1
C,2.551704880478577,2,5.0,1
C,0.9986135185818926,2,5.0,1
C,4.7355014125413115,2,5.0,1
C,2.093102483290219,2,5.0,1
C,0.5011868927127153,2,5.0,1
C,2.3293340441671555,2,5.0,1
C,5.0,0,5.0,1
C,5.0,0,5.0,1
C,0.15723780887995087,2,5.0,1
C,4.129197242477926,2,5.0,1
C,3.701448355599296,1,5.0,1
C,3.3698800162215337,0,3.3698800162215337,1
C,0.11944318571748193,1,4.181126991430743,1
C,4.202870698477187,2,5.0,1
C,1.9579009956790763,1,4.203347164326996,1
C,5.0,0,5.0,1
C,3.531379153556386,2,5.0,1
C,0.13300328385115456,2,5.0,1
C,5.0,0,5.0,1
C,2.4743306632435176,2,5.0,1
C,4.328943949040815,2,4.926197949484438,1
C,5.0,0,5.0,1
C,0.04890630327503281,2,5.0,1
C,1.9430043961165122,1,5.0,1
C,1.6333479883381559,2,4.717880063569373,1
C,5.0,0,5.0,1
C,3.915065933435191,2,4.065687834269091,1
C,5.0,0,5.0,1
C,0.31671003666421405,2,4.40854963893805,1
C,4.639549418254131,2,5.0,1
C,5.0,0,5.0,1
C,5.0,0,5.0,1
C,0.46845498755537535,1,5.0,1
C,5.0,0,5.0,1
C,5.0,0,5.0,1
C,0.45360530322699916,2,5.0,1
C,2.011289541360692,1,3.582368006692999,1
C,0.5818094814211286,2,3.0043969015653005,1
C,1.1357394659021385,2,3.203059662946173,1
C,0.3908629750203552,2,5.0,1
C,5.0,0,5.0,1
C,1.0596389092088057,2,5.0,1
C,3.4787047127479402,2,3.613290165989124,1
C,2.9122271671145956,2,4.536136751688708,1
C,4.5891902432737455,0,4.5891902432737455,1
C,3.8041389014293174,1,3.907791822993906,1
C,2.9409374562285167,1,3.407204627479863,1
C,1.8508493297277608,1,5.0,1
C,5.0,0,5.0,1
C,4.1107834960123535,2,5.0,1
C,1.590462719380486,2,4.984879078369382,1
C,2.0903401249974425,2,5.0,1
C,1.4029477453942165,2,3.424203309421622,1
D,3.341532395152313,0,3.341532395152313,0
D,0.5447007897989702,1,4.424094923213792,0
D,4.669338134010401,1,5.0,0
D,0.38746173826369534,2,5.0,0
D,3.8710304142636844,0,3.8710304142636844,0
D,4.6345038366739315,0,4.6345038366739315,0
D,5.0,0,5.0,0
D,3.6603454960663453,0,3.6603454960663453,0
D,1.9971309105084476,2,5.0,0
D,4.223801952722691,2,5.0,0
D,0.962169321110678,2,5.0,0
D,5.0,0,5.0,0
D,0.09579893851147153,2,5.0,0
D,1.5550223356012636,1,5.0,0
D,4.557478091902731,0,4.557478091902731,0
D,3.4211465649299244,2,5.0,0
D,5.0,0,5.0,0
D,5.0,0,5.0,0
D,4.120638457614723,0,4.120638457614723,0
D,0.15926657960849028,2,4.870874210363496,0
D,3.2137294200945306,0,3.2137294200945306,0
D,4.632551571538919,0,4.632551571538919,0
D,2.333823776652078,2,5.0,0
D,3.4078252947230867,1,5.0,0
D,2.072040326435612,2,5.0,0
D,5.0,0,5.0,0
D,0.3734053696010711,2,4.376669447841362,0
D,5.0,0,5.0,0
D,4.959675610933788,0,4.959675610933788,0
D,5.0,0,5.0,0
D,5.0,0,5.0,0
D,0.7598867820081467,2,5.0,0
D,0.558030261051505,1,5.0,0
D,5.0,0,5.0,0
D,5.0,0,5.0,0
D,0.7224336656312373,1,3.674409180262081,0
D,0.03214780527161609,2,5.0,0
D,0.5023461532502048,1,4.458661278209635,0
D,1.009289346207829,2,5.0,0
D,0.2301477625602495,2,5.0,0
D,0.5110190421270989,2,5.0,0
D,0.3221370553191617,2,5.0,0
D,0.42867939670227084,2,5.0,0
D,0.8859658096736661,2,5.0,0
D,2.7579736748187225,2,5.0,0
D,5.0,0,5.0,0
D,3.744982670896763,0,3.744982670896763,0
D,3.103151708801426,0,3.103151708801426,0
D,5.0,0,5.0,0
D,0.6937444616126817,1,3.579597469697872,0
D,5.0,0,5.0,0
D,2.396191274695572,2,3.8866328874266016,0
D,0.5818986426037575,2,5.0,0
D,2.767478573120206,2,5.0,0
D,3.09015503119959,0,3.09015503119959,0
D,5.0,0,5.0,0
D,3.378773818577506,2,5.0,0
D,5.0,0,5.0,0
D,3.909558836494403,2,5.0,0
D,4.025259864120104,0,4.025259864120104,0
D,5.0,0,5.0,0
D,2.9853902584273118,1,5.0,0
D,2.3684315838071535,2,5.0,0
D,2.6574723102153026,2,3.0860063010313605,0
D,2.273150615166609,2,4.225576795702566,0
D,4.960391604282944,0,4.960391604282944,0
D,5.0,0,5.0,0
D,1.9342299897178998,2,5.0,0
D,3.3153393874681436,1,4.089243579772011,0
D,4.51147571768251,0,4.51147571768251,0
D,1.6558757816724268,2,5.0,0
D,0.17632634038450393,2,3.5303994303074564,0
D,2.612126965490153,2,5.0,0
D,0.6856327053694439,2,5.0,0
D,3.137507573686548,0,3.137507573686548,0
D,5.0,0,5.0,0
D,0.42019892450729773,2,4.311070747132646,0
D,5.0,0,5.0,0
D,2.082134942619907,2,3.702693468197798,0
D,4.607124273935568,0,4.607124273935568,0
D,2.6695006743254206,2,5.0,0
D,5.0,0,5.0,0
D,1.4051868097035187,2,4.668495152365404,0
D,1.076164319550428,1,5.0,0
D,1.038082163354619,1,5.0,0
D,4.139352739794724,2,5.0,0
D,0.7773950701440345,2,4.950874462153366,0
D,5.0,0,5.0,0
D,5.0,0,5.0,0
D,2.0518773222797546,2,5.0,0
D,0.20767568799415498,2,5.0,0
D,4.083725462386798,2,4.368382331032901,0
D,5.0,0,5.0,0
D,3.757019557048993,2,5.0,0
D,1.424171725956793,2,3.1128302019745764,0
D,2.2070957111335217,2,4.6330389182805245,0
D,0.7659241127241971,2,3.3766768456284986,0
D,5.0,0,5.0,0
D,1.2041236261157737,2,5.0,0
D,0.19047183728181805,2,3.6972552152029063,0
D,0.23718020324763942,2,3.9275998231386606,0
D,2.534110478307052,2,5.0,0
D,5.0,0,5.0,0
D,2.7839497074808324,2,5.0,0
D,4.343369786984951,2,5.0,0
D,3.962171016452136,2,5.0,0
D,0.7149493325413787,2,5.0,0
D,1.766761328481431,2,5.0,0
D,5.0,0,5.0,0
D,0.3445629220489003,2,5.0,0
D,3.91709673072836,0,3.91709673072836,0
D,5.0,0,5.0,0
D,3.850923136019008,0,3.850923136019008,0
D,3.4137703885240085,2,5.0,0
D,5.0,0,5.0,0
D,0.25984777699558564,2,5.0,0
D,3.386261552019069,0,3.386261552019069,0
D,4.327813648820851,2,5.0,0
D,3.741239503167585,0,3.741239503167585,0
D,5.0,0,5.0,0
D,4.532831673981511,2,5.0,0
D,4.71007772866768,2,5.0,0
D,2.6366209941916576,1,5.0,0
D,1.0663294315067458,1,5.0,0
D,2.730501490140197,2,3.32456720689692,0
D,2.010848169668897,2,3.365644287587528,0
D,0.3408992006753805,2,5.0,0
D,5.0,0,5.0,0
D,3.2568258742565854,0,3.2568258742565854,0
D,3.351870627219111,0,3.351870627219111,0
D,4.085959969435825,0,4.085959969435825,0
D,5.0,0,5.0,0
D,4.835858027802839,0,4.835858027802839,0
D,2.746123269225217,2,5.0,0
D,5.0,0,5.0,0
D,5.0,0,5.0,0
D,1.4510956385167386,2,5.0,0
D,1.4174854246371509,1,3.7111326784728766,0
D,3.1717393674744105,0,3.1717393674744105,0
D,4.802613870585014,0,4.802613870585014,0
D,0.41248607980302854,1,5.0,0
D,3.158064089460871,2,5.0,0
D,3.737231676295737,0,3.737231676295737,0
D,4.4316722299427305,2,4.487784980090109,0
D,4.033793781597635,0,4.033793781597635,0
D,4.889128505008839,2,5.0,0
D,2.3956032375585106,2,5.0,0
D,4.394077192767592,0,4.394077192767592,0
D,4.875260596095642,2,5.0,0
D,4.868058586890983,0,4.868058586890983,0
D,3.2935382763344383,1,4.921758351103652,0
D,0.707648845686057,1,5.0,0
D,4.206896216360979,0,4.206896216360979,0
D,5.0,0,5.0,0
D,3.1874229674939816,2,5.0,0
D,0.49838936944479745,1,5.0,0
D,4.062419959751104,2,5.0,0
D,2.268374363686569,2,4.103766926006193,0
D,4.722357036082083,0,4.722357036082083,0
D,0.9739757404187118,2,4.1978926345714935,0
D,1.9622712488261616,2,5.0,0
D,0.09542652743585636,2,5.0,0
D,3.317395462218264,0,3.317395462218264,0
D,1.1261490576829047,2,4.214249752789617,0
D,0.72384320143711,2,4.501786280567895,0
D,3.0301111380984054,2,4.139451759938232,0
D,5.0,0,5.0,0
D,5.0,0,5.0,0
D,1.4374384015956052,2,3.359160459653368,0
D,3.518383562082872,0,3.518383562082872,0
D,2.489450943041557,2,5.0,0
D,1.2253748342384079,1,5.0,0
D,4.621182846362306,0,4.621182846362306,0
D,2.1574771828236723,2,3.198146893978486,0
D,0.06528267146386704,2,5.0,0
D,5.0,0,5.0,0
D,0.892035086323461,2,4.195604824766029,0
D,3.219372915450772,0,3.219372915450772,0
D,0.48419555967021993,1,5.0,0
D,5.0,0,5.0,0
D,0.9963070654934353,2,5.0,0
D,3.1374311467910547,1,4.667665477046966,0
D,3.1553480582839093,0,3.1553480582839093,0
D,2.7351757735745674,2,5.0,0
D,4.125786308844986,2,5.0,0
D,0.13870468893837454,2,5.0,0
D,4.429535494383597,0,4.429535494383597,0
D,4.971449417966971,2,5.0,0
D,1.4153318844614524,2,5.0,0
D,3.193373539855697,2,5.0,0
D,1.3989017669494561,2,3.1485360812497314,0
D,1.1361137633407792,1,5.0,0
D,1.695573282120733,2,5.0,0
D,0.593985673034809,1,5.0,0
D,3.5084700447039565,0,3.5084700447039565,0
D,4.016401570268648,0,4.016401570268648,0
D,5.0,0,5.0,0
D,5.0,0,5.0,0
D,5.0,0,5.0,0
D,0.5176386205713904,2,4.699239382483779,0
D,4.354209536488044,2,5.0,0
D,0.14149917023157366,2,4.98904578892951,0
D,1.5088691621838715,2,3.643592704641866,0
D,0.07297345551601074,1,3.161049280702587,0
D,5.0,0,5.0,0
D,4.312955768618249,0,4.312955768618249,0
D,0.9732672382177243,2,3.1717221022455027,0
D,5.0,0,5.0,0
D,1.9136411135778801,2,5.0,0
D,5.0,0,5.0,0
D,4.937490903139538,0,4.937490903139538,0
D,3.542194935407383,0,3.542194935407383,0
D,5.0,0,5.0,0
D,2.106860484452414,2,3.833371585422337,0
D,4.644441264237011,0,4.644441264237011,0
D,2.417174662261493,2,5.0,0
D,0.18538750861431882,2,5.0,0
D,5.0,0,5.0,0
D,2.5124329373387924,2,5.0,0
D,5.0,0,5.0,0
D,0.32885081705557795,1,5.0,0
D,1.9312789689961996,2,4.321152302777557,0
D,1.6147227778527278,2,5.0,0
D,5.0,0,5.0,0
D,4.5759648851023185,2,5.0,0
D,5.0,0,5.0,0
D,0.4179691216142042,2,5.0,0
D,0.3282671662699705,1,4.684297961218078,0
D,4.894410385585899,2,5.0,0
D,3.2846608893705653,0,3.2846608893705653,0
D,4.233075338796642,0,4.233075338796642,0
D,4.286102324564498,0,4.286102324564498,0
D,3.41702827861182,2,5.0,0
D,0.34623177825387397,2,5.0,0
D,5.0,0,5.0,0
D,0.33157709090352006,2,5.0,0
D,0.6420066808847628,2,5.0,0
D,3.999181038189907,0,3.999181038189907,0
D,4.892699843173739,0,4.892699843173739,0
D,5.0,0,5.0,0
D,3.1294061776589697,2,5.0,0
D,3.7899518390412403,0,3.7899518390412403,0
D,2.6822759230355064,1,5.0,0
D,1.9663728431577299,2,3.330664833193545,0
D,3.005971115336808,2,3.3795970763647025,0
D,0.358782275537248,2,3.6472989459945353,0
D,1.1772815515105346,2,3.3771298395692897,0
D,1.1333896558763488,1,4.1649806915829135,0
D,4.500073463366258,0,4.500073463366258,0
D,5.0,0,5.0,0
D,3.487333031913689,0,3.487333031913689,0
D,4.09063890381891,1,5.0,0
D,2.4303166916225396,2,3.644245227851478,0
D,3.639764931398903,0,3.639764931398903,0
D,5.0,0,5.0,0
D,3.288505368213528,2,5.0,0
D,1.5739341267584157,1,5.0,0
D,3.398500883691373,0,3.398500883691373,0
D,0.7821280027601999,2,5.0,0
D,5.0,0,5.0,0
D,3.622464417042006,2,5.0,0
D,4.622291082645844,0,4.622291082645844,0
D,5.0,0,5.0,0
D,5.0,0,5.0,0
D,1.4661451451103746,1,3.626718894486451,0
D,5.0,0,5.0,0
D,5.0,0,5.0,0
D,4.121915252345938,2,5.0,0
D,3.00080459053523,0,3.00080459053523,0
D,5.0,0,5.0,0
D,0.5062843473481251,2,3.7495819048529655,0
D,1.9024207967887874,2,5.0,0
D,1.1618545408262628,2,5.0,0
D,1.4388635840859232,2,5.0,0
D,4.588915593846227,0,4.588915593846227,0
D,0.02050695376537983,1,4.983730371533295,0
D,0.5299958507144124,1,5.0,0
D,5.0,0,5.0,0
D,1.0922805072973862,1,4.670960664247907,0
D,5.0,0,5.0,0
D,0.13391540404132304,2,5.0,0
D,4.737696744961181,0,4.737696744961181,0
D,5.0,0,5.0,0
D,0.6971118877991921,2,5.0,0
D,0.9401794281996839,1,5.0,0
D,5.0,0,5.0,0
D,2.6935918362376077,2,5.0,0
D,2.8841091099992906,1,5.0,0
D,5.0,0,5.0,0
D,5.0,0,5.0,0
D,5.0,0,5.0,0
D,5.0,0,5.0,0
D,3.8731742447916595,2,5.0,0
D,0.8135096096515659,1,5.0,0
D,5.0,0,5.0,0
D,3.6036243267818904,0,3.6036243267818904,0
D,1.4405616765252824,2,5.0,0
D,3.8651568560268377,0,3.8651568560268377,0
D,5.0,0,5.0,0
D,2.278789352982691,2,4.4223505349365695,0
D,5.0,0,5.0,0
D,2.003392816156357,2,5.0,0
D,5.0,0,5.0,0
D,3.9508729262919076,0,3.9508729262919076,0
D,3.017118067855853,0,3.017118067855853,0
D,5.0,0,5.0,0
D,1.7729384140746183,1,3.968797184841757,0
D,5.0,0,5.0,0
D,4.285140239202027,2,5.0,0
D,2.647818294648379,2,5.0,0
D,0.4205950426020961,2,5.0,0
D,0.48101813123280746,1,5.0,0
D,0.16583449986838572,1,5.0,0
D,5.0,0,5.0,0
D,5.0,0,5.0,0
D,5.0,0,5.0,0
D,1.55081596229907,2,5.0,0
D,1.5366218094265662,2,3.0790381399270714,0
D,5.0,0,5.0,0
D,1.1242081035528173,2,3.2806659471015465,0
D,4.4671390784599305,0,4.4671390784599305,0
D,0.4832302167922006,2,5.0,0
D,0.10865114967482051,2,3.4152660380086126,0
D,4.354024468639464,0,4.354024468639464,0
D,2.4656403115216734,2,3.743991993543581,0
D,5.0,0,5.0,0
D,1.1842380752005321,2,5.0,0
D,0.2621674674077503,2,5.0,0
D,2.3959317037810415,2,3.471386478978944,0
D,5.0,0,5.0,0
D,5.0,0,5.0,0
D,3.920464508889864,0,3.920464508889864,0
D,0.7353767218141668,1,4.62149331890865,0
D,5.0,0,5.0,0
D,4.033583071345391,2,5.0,0
D,3.043299691442527,0,3.043299691442527,0
D,5.0,0,5.0,0
D,5.0,0,5.0,0
D,1.1621229671268989,2,3.2827659853673596,0
D,5.0,0,5.0,0
D,4.0123853210476526,0,4.0123853210476526,0
D,2.0699903840791727,2,4.5244497092140765,0
D,5.0,0,5.0,0
D,5.0,0,5.0,0
D,3.0773035649100686,1,5.0,0
D,3.863877683897405,2,5.0,0
D,3.8632659999353014,2,5.0,0
D,1.764039191567286,1,4.7503747853177005,0
D,1.9684752515673036,2,5.0,0
D,5.0,0,5.0,0
D,2.117646788222993,2,4.87617677200564,0
D,2.0315002414301,2,5.0,0
D,4.541762182736173,2,5.0,0
D,0.4501238369436661,2,4.17639990071241,0
D,1.9144256274569187,2,4.712380444781465,0
D,1.0746593996907254,2,3.122341585185673,0
D,3.2341378464294896,0,3.2341378464294896,0
D,5.0,0,5.0,0
D,1.1763658356023845,2,5.0,0
D,4.342927760976793,2,5.0,0
D,3.146926663626822,2,5.0,0
D,0.14812440242083555,2,5.0,0
D,3.906747439830073,0,3.906747439830073,0
D,3.097072466615903,2,5.0,0
D,0.7005444101051034,2,5.0,0
D,5.0,0,5.0,0
D,2.0169306552321857,2,5.0,0
D,1.482637057772546,2,3.674393995526226,0
D,0.42208052055014816,2,4.073300045444473,0
D,3.3006770386255173,0,3.3006770386255173,0
D,3.3035093512236466,2,5.0,0
D,0.27622638133943095,1,5.0,0
D,4.694721497691827,0,4.694721497691827,0
D,5.0,0,5.0,0
D,5.0,0,5.0,0
D,4.103448981437319,0,4.103448981437319,0
D,0.13784146682365064,2,4.673721829615795,0
D,1.8465511751909558,1,3.0908066271458265,0
D,0.22141565483522688,2,5.0,0
D,0.0891415467187111,2,4.332119281198084,0
D,5.0,0,5.0,0
D,0.7338267364265207,1,5.0,0
D,0.2475014574371121,2,4.409041737639043,0
D,3.510987988699514,0,3.510987988699514,0
D,5.0,0,5.0,0
D,0.536941848385976,2,3.729514640520901,0
D,5.0,0,5.0,0
D,3.0606534651389707,1,5.0,0
D,0.07106482719054588,2,4.57979651455133,0
D,5.0,0,5.0,0
D,2.3319485354247522,2,5.0,0
D,5.0,0,5.0,0
D,1.6449978347614325,2,5.0,0
D,2.885556288274837,2,3.1626053028734713,0
D,2.003925909974771,2,3.3577394138426024,0
D,3.033021126615369,0,3.033021126615369,0
D,2.545522860435472,2,5.0,0
D,5.0,0,5.0,0
D,3.364541357342766,0,3.364541357342766,0
D,5.0,0,5.0,0
D,3.642101802154701,2,5.0,0
D,0.2363396245398988,2,5.0,0
D,3.254119438322374,0,3.254119438322374,0
D,0.4207356619602822,2,5.0,0
D,4.1072821650888045,0,4.1072821650888045,0
D,0.22229583566735128,2,4.570625399919907,0
D,2.57680609654938,2,3.362475887756253,0
D,3.3306861506314758,0,3.3306861506314758,0
D,5.0,0,5.0,0
D,4.031040652878365,2,5.0,0
D,0.033081813833692145,2,5.0,0
D,4.4730307781636,2,5.0,0
D,1.9649622455214881,2,4.406737399402623,0
D,5.0,0,5.0,0
D,3.1623009591184523,2,5.0,0
D,5.0,0,5.0,0
D,2.8934174177329304,1,4.108771624073999,0
D,4.771026310309168,2,5.0,0
D,3.0364357049200486,0,3.0364357049200486,0
D,5.0,0,5.0,0
D,0.10301882238141394,1,5.0,0
D,0.15960093150541654,1,5.0,0
D,0.9424037334517836,2,5.0,0
D,3.786032499012046,2,5.0,0
D,3.2819391632818236,2,4.605486518632771,0
D,3.0717074495442693,0,3.0717074495442693,0
D,5.0,0,5.0,0
D,4.122305732113227,0,4.122305732113227,0
D,1.1213324478328532,2,3.4359776671617595,0
D,4.868655945683107,0,4.868655945683107,0
D,4.811070349051084,2,5.0,0
D,3.046350466114358,0,3.046350466114358,0
D,2.1233295359581232,2,5.0,0
D,2.5751219449858382,2,5.0,0
D,4.1499174333571265,0,4.1499174333571265,0
D,3.383670834729462,0,3.383670834729462,0
D,0.14537720937892734,2,5.0,0
D,3.57025978650046,2,5.0,0
D,5.0,0,5.0,0
D,2.2883937647687342,2,5.0,0
D,5.0,0,5.0,0
D,0.7324892060116072,2,5.0,0
D,3.1268980347310555,2,3.538113324517611,0
D,3.6762735954361014,0,3.6762735954361014,0
D,5.0,0,5.0,0
D,5.0,0,5.0,0
D,0.15982590458352525,2,5.0,0
D,4.395687707951513,2,5.0,0
D,3.186698949769537,0,3.186698949769537,0
D,5.0,0,5.0,0
D,0.45376263943122325,2,5.0,0
D,3.2076034912062203,0,3.2076034912062203,0
D,4.392006040802194,0,4.392006040802194,0
D,1.2976584755108074,2,3.1729243607344615,0
D,4.405687810147988,0,4.405687810147988,0
D,4.496384730950732,0,4.496384730950732,0
D,5.0,0,5.0,0
D,3.5150660452185676,2,5.0,0
D,2.726459749921539,2,5.0,0
D,4.214806694259327,2,5.0,0
D,3.4739809436050066,1,5.0,0
D,2.91793415619185,2,4.711787607845652,0
D,5.0,0,5.0,0
D,2.075462927442795,2,5.0,0
D,4.617720230009302,2,5.0,0
D,5.0,0,5.0,0
D,0.41433527031130174,2,5.0,0
D,1.0851732932667095,2,5.0,0
D,0.6696064374953935,2,3.714590599847118,0
D,0.03908437472281795,2,5.0,0
D,1.2582324344406313,2,5.0,0
D,5.0,0,5.0,0
D,4.957615183018001,0,4.957615183018001,0
D,5.0,0,5.0,0
D,3.145856118317702,0,3.145856118317702,0
D,5.0,0,5.0,0
D,5.0,0,5.0,0
D,3.8848334461505054,0,3.8848334461505054,0
D,3.4401527214595746,1,5.0,0
D,2.1256615695481247,2,5.0,0
D,4.187305631543185,2,5.0,0
D,3.6399624550863607,2,4.613445252417596,0
D,2.2734106293550034,2,3.0821019972642474,0
D,5.0,0,5.0,0
D,0.01741752674444808,2,4.4236164487375085,0
D,3.3590612751044056,0,3.3590612751044056,0
D,4.234952747989247,2,5.0,0
D,1.247371233283789,2,5.0,0
D,1.9067420740126315,2,4.265500820947435,0
D,0.35070143983194546,2,5.0,0
D,1.0264597390814376,2,4.428474937383701,0
D,2.1487066806661588,2,5.0,0
D,1.8593454845538775,2,3.3152463272182433,0
D,4.626685824060309,0,4.626685824060309,0
D,3.5720593819291198,2,4.5191832911854775,0
D,3.4833897324111893,0,3.4833897324111893,0
D,1.106812730775827,2,4.352010962676852,0
D,5.0,0,5.0,0
D,4.195681644332577,0,4.195681644332577,0
D,4.271384438239146,0,4.271384438239146,0
D,0.7614500468940485,2,5.0,0
D,0.6909376950043962,2,5.0,0
D,0.7953585260349159,1,3.187609469936778,0
D,5.0,0,5.0,0
D,4.583642261288862,0,4.583642261288862,0
D,5.0,0,5.0,0
D,1.139605853371494,2,5.0,0
D,5.0,0,5.0,0
D,5.0,0,5.0,0
D,0.7270937322833967,2,5.0,0
D,0.7907779928879227,2,5.0,0
D,3.3786391606925523,2,4.0551969646618655,0
D,3.2530391194540833,2,4.428657940180172,0
D,1.1336058751886005,2,5.0,0
D,2.378244613827151,2,4.060635980239244,0
D,3.4200041843542093,2,5.0,0
D,0.44915467471732606,1,5.0,0
D,1.2153788049100227,2,5.0,0
D,5.0,0,5.0,0
D,1.3057573282107489,1,4.446575030638002,0
D,4.646303820305419,2,5.0,0
D,4.4062714539748935,2,5.0,0
D,5.0,0,5.0,0
D,4.808725212357727,0,4.808725212357727,0
D,2.973188708278536,1,5.0,0
D,5.0,0,5.0,0
D,4.6724225333883584,0,4.6724225333883584,0
D,1.3229849616305156,2,5.0,0
D,1.2142836351275388,2,5.0,0
D,0.8277332390476111,2,3.3524102057368523,0
D,5.0,0,5.0,0
D,2.892180196361418,1,5.0,0
D,5.0,0,5.0,0
D,4.943023052758494,0,4.943023052758494,0
D,1.1154695537667096,2,5.0,0
D,3.4983636014382724,2,5.0,0
D,5.0,0,5.0,0
D,2.654587277181451,2,4.574056386670521,0
D,0.44528446459619037,2,3.687678787554651,0
D,5.0,0,5.0,0
D,5.0,0,5.0,0
D,5.0,0,5.0,0
D,5.0,0,5.0,0
D,5.0,0,5.0,0
D,5.0,0,5.0,0
D,4.04444856579161,0,4.04444856579161,0
D,3.0753255415388048,2,3.53513306069803,0
D,5.0,0,5.0,0
D,3.7777592600556726,0,3.7777592600556726,0
D,3.315209502446157,0,3.315209502446157,0
D,3.120326951927697,2,5.0,0
D,3.997790139722852,2,5.0,0
D,0.737507777946616,2,4.901542699002559,0
D,5.0,0,5.0,0
D,0.522114007015784,2,5.0,0
D,2.991040935936931,2,5.0,0
D,3.265581118028884,0,3.265581118028884,0
D,5.0,0,5.0,0
D,4.976087612521811,0,4.976087612521811,0
D,3.8736673536740707,0,3.8736673536740707,0
D,2.6870980830454996,2,5.0,0
D,2.740103009149914,2,5.0,0
D,3.645988328754848,0,3.645988328754848,0
D,2.3325398216032034,2,5.0,0
D,2.860309937777616,2,5.0,0
D,2.1839106399711943,2,5.0,0
D,1.7323996500158527,2,3.6354036172395188,0
D,5.0,0,5.0,0
D,1.6082574299929386,2,5.0,0
D,5.0,0,5.0,0
D,3.3497615614735663,0,3.3497615614735663,0
D,2.5320882807065526,2,4.515732012191313,0
D,1.223290859082146,2,4.783870399805905,0
D,3.9798348672211112,0,3.9798348672211112,0
D,5.0,0,5.0,0
D,4.043249367797047,0,4.043249367797047,0
D,2.9735732589442767,2,3.350905722392636,0
D,3.2490328493679046,0,3.2490328493679046,0
D,1.1887682640284287,2,5.0,0
D,1.3785333063462633,2,5.0,0
D,0.9167879786500643,1,5.0,0
D,4.635760546864076,0,4.635760546864076,0
D,5.0,0,5.0,0
D,3.279581676181175,0,3.279581676181175,0
D,2.347644709824801,2,5.0,0
D,1.999801883828539,2,5.0,0
D,5.0,0,5.0,0
D,5.0,0,5.0,0
D,2.3982866913926144,2,3.8362394815197,0
D,3.200163845010426,0,3.200163845010426,0
D,5.0,0,5.0,0
D,0.06755026443549911,2,4.246098333907122,0
D,5.0,0,5.0,0
D,5.0,0,5.0,0
D,5.0,0,5.0,0
D,0.32757601904040334,2,5.0,0
D,1.2285367574526302,2,5.0,0
D,1.9826975925632753,1,4.387815916176976,0
D,3.886980063513456,0,3.886980063513456,0
D,4.370701028310853,2,5.0,0
D,3.716948042537803,2,4.5651361293367305,0
D,4.480344807861743,0,4.480344807861743,0
D,0.4691626241409375,1,3.44286820598602,0
D,0.6140205112390017,2,5.0,0
D,0.28141458099081507,1,3.622109457960383,0
D,5.0,0,5.0,0
D,1.0597679617163063,1,4.261023405505864,0
D,5.0,0,5.0,0
D,1.8385573557481165,2,5.0,0
D,5.0,0,5.0,0
D,0.05500111717510379,2,4.744531367674632,0
D,3.8067701257414974,2,5.0,0
D,5.0,0,5.0,0
D,4.855674551220802,2,5.0,0
D,5.0,0,5.0,0
D,4.975111879171531,0,4.975111879171531,0
D,5.0,0,5.0,0
D,0.4256061493547172,2,3.0126090490960546,0
D,0.9833130051957489,2,5.0,0
D,3.3834771833496955,0,3.3834771833496955,0
D,3.646560904640294,0,3.646560904640294,0
D,2.5526654843695087,1,5.0,0
D,5.0,0,5.0,0
D,5.0,0,5.0,0
D,5.0,0,5.0,0
D,2.0480012452941256,1,5.0,0
D,0.3756325671388683,1,3.692231416122457,0
D,4.002205805897654,2,5.0,0
D,3.5074201224207875,2,5.0,0
D,5.0,0,5.0,0
D,5.0,0,5.0,0
D,4.942645355191592,0,4.942645355191592,0
D,3.7917712201951415,0,3.7917712201951415,0
D,0.14972581533560206,2,5.0,0
D,2.793278773379764,2,3.861530441762423,0
D,5.0,0,5.0,0
D,0.18022552915250226,2,5.0,0
D,5.0,0,5.0,0
D,3.783484569310357,0,3.783484569310357,0
D,0.026780522855824464,2,5.0,0
D,3.1414842785383943,2,5.0,0
D,0.12153490232995387,1,4.12295187312364,0
D,4.2582336387979645,1,5.0,0
D,3.0599948082356243,0,3.0599948082356243,0
D,1.7079894507763738,2,4.701657143425281,0
D,5.0,0,5.0,0
D,2.139555185853553,2,5.0,0
D,3.0601828728593956,2,5.0,0
D,0.9952145924558463,2,5.0,0
D,0.4852539585258662,2,3.1778217966528155,0
D,4.300069080299739,0,4.300069080299739,0
D,2.9632864633654172,2,5.0,0
D,3.142989350192046,2,5.0,0
D,4.057275491934091,0,4.057275491934091,0
D,5.0,0,5.0,0
D,5.0,0,5.0,0
D,5.0,0,5.0,0
D,5.0,0,5.0,0
D,5.0,0,5.0,0
D,4.304489230041318,0,4.304489230041318,0
D,3.654275288394105,0,3.654275288394105,0
D,3.4838869109833333,0,3.4838869109833333,0
D,5.0,0,5.0,0
D,0.35705565115251636,2,5.0,0
D,5.0,0,5.0,0
D,5.0,0,5.0,0
D,2.403335674933413,2,5.0,0
D,2.8812036862173653,2,3.524509126360828,0
D,5.0,0,5.0,0
D,2.192045589872151,2,3.1630717876625374,0
D,2.9002778191414156,2,4.819141847566168,0
D,5.0,0,5.0,0
D,5.0,0,5.0,0
D,3.3793969176413015,2,3.663189357665424,0
D,3.2044066900354142,0,3.2044066900354142,0
D,0.06362692061468002,2,5.0,0
D,5.0,0,5.0,0
D,0.6145409736683033,1,5.0,0
D,0.7472007083617774,2,5.0,0
D,1.8666675728760616,2,3.359442971034381,0
D,5.0,0,5.0,0
D,3.3676355491537397,2,5.0,0
D,0.3355069978149918,2,4.14909432206588,0
D,3.932461933907651,2,5.0,0
D,2.469985279063074,1,3.3376263994526143,0
D,2.898043559769725,1,4.4354939524729335,0
D,2.6336196908262295,2,5.0,0
D,3.098109808790474,0,3.098109808790474,0
D,2.874518377587836,2,3.4676830810692416,0
D,0.5200195454757957,1,5.0,0
D,5.0,0,5.0,0
D,0.5524901143455743,2,3.930206202117289,0
D,5.0,0,5.0,0
D,5.0,0,5.0,0
D,3.403749190792741,0,3.403749190792741,0
D,5.0,0,5.0,0
D,5.0,0,5.0,0
D,3.933045267297217,0,3.933045267297217,0
D,4.261786706285213,0,4.261786706285213,0
D,5.0,0,5.0,0
D,1.5314384461615618,2,4.0373534632611765,0
D,5.0,0,5.0,0
D,2.780018510272306,2,5.0,0
D,1.9482506191306148,2,5.0,0
D,3.6490079299702947,0,3.6490079299702947,0
D,5.0,0,5.0,0
D,3.041478709848397,2,5.0,0
D,4.227056441625538,2,5.0,0
D,1.6340061194555153,2,5.0,0
D,3.4547461105229247,1,3.7377837049171285,0
D,0.8488612256837562,2,4.021409208044716,0
D,5.0,0,5.0,0
D,5.0,0,5.0,0
D,5.0,0,5.0,0
D,0.571748641380363,1,5.0,0
D,3.7942744185006605,2,4.076238342238717,0
D,3.7106193670309198,0,3.7106193670309198,0
D,2.675864912918064,2,5.0,0
D,3.3732900090403164,0,3.3732900090403164,0
D,0.20903850972134055,2,4.744450814877979,0
D,2.1108606320181433,1,3.1781727502698143,0
D,5.0,0,5.0,0
D,5.0,0,5.0,0
D,5.0,0,5.0,0
D,5.0,0,5.0,0
D,4.023477292693049,0,4.023477292693049,0
D,3.936090345171399,0,3.936090345171399,0
D,1.6494194566083717,2,3.215298600124898,0
D,3.328865125139851,0,3.328865125139851,0
D,5.0,0,5.0,0
D,2.3812652779380614,2,5.0,0
D,5.0,0,5.0,0
D,1.8098744782967917,2,5.0,0
D,4.4350465357935,0,4.4350465357935,0
D,3.597717761785394,0,3.597717761785394,0
D,4.54734321174561,0,4.54734321174561,0
D,5.0,0,5.0,0
D,2.7093573804064266,2,5.0,0
D,5.0,0,5.0,0
D,3.0787847810782445,0,3.0787847810782445,0
D,1.64431409809906,1,3.530742097755619,0
D,0.38045156691948306,2,5.0,0
D,5.0,0,5.0,0
D,3.6655921265687765,0,3.6655921265687765,0
D,5.0,0,5.0,0
D,5.0,0,5.0,0
D,4.577953393095348,2,5.0,0
D,5.0,0,5.0,0
D,5.0,0,5.0,0
D,4.696667317943945,0,4.696667317943945,0
D,2.990678497725189,2,5.0,0
D,5.0,0,5.0,0
D,3.519752136509904,2,5.0,0
D,5.0,0,5.0,0
D,4.144630012941526,2,5.0,0
D,5.0,0,5.0,0
D,3.108336959247628,0,3.108336959247628,0
D,0.20655778417299456,2,5.0,0
D,5.0,0,5.0,0
D,5.0,0,5.0,0
D,4.868559082150173,2,5.0,0
D,2.5462430374653278,2,4.057416272234955,0
D,5.0,0,5.0,0
D,0.11171054262347271,2,5.0,0
D,1.0624515547414295,1,4.288020196895048,0
D,1.2445550919175221,2,3.6025127753088144,0
D,3.522769427874417,2,4.544895274535993,0
D,0.15065890986377575,2,4.592602512895562,0
D,2.075715743097462,2,3.9430467916609886,0
D,3.6522629997448592,2,4.3566020666596135,0
D,1.985212945991041,2,5.0,0
D,4.404264492564423,0,4.404264492564423,0
D,5.0,0,5.0,0
D,2.168038088980938,2,5.0,0
D,1.3777412061286667,2,5.0,0
D,5.0,0,5.0,0
D,5.0,0,5.0,0
D,5.0,0,5.0,0
D,5.0,0,5.0,0
D,5.0,0,5.0,0
D,5.0,0,5.0,0
D,5.0,0,5.0,0
D,1.4632926182261206,2,5.0,0
D,1.4532570998455072,2,5.0,0
D,5.0,0,5.0,0
D,3.6154501768001013,0,3.6154501768001013,0
D,0.20329176698059137,2,5.0,0
D,1.3854006631076625,1,5.0,0
D,3.2138683032891007,2,3.7479153818861506,0
D,3.0995117334384177,0,3.0995117334384177,0
D,0.7903650619884965,2,5.0,0
D,5.0,0,5.0,0
D,4.891680591412759,2,5.0,0
D,5.0,0,5.0,0
D,1.0692221269847508,1,5.0,0
D,2.9317959306353605,2,4.729269215461223,0
D,3.981564656392632,2,5.0,0
D,5.0,0,5.0,0
D,2.753645779940564,2,3.616332771461133,0
D,0.49535059188658803,2,5.0,0
D,2.2375760413035906,1,3.0224149748563414,0
D,5.0,0,5.0,0
D,2.57180151855281,2,3.6260785842826677,0
D,0.039707494620191026,2,3.8339403911841186,0
D,2.6772134703339674,2,5.0,0
D,3.9171120847884593,0,3.9171120847884593,0
D,3.596106909930232,0,3.596106909930232,0
D,5.0,0,5.0,0
D,4.564981585947945,0,4.564981585947945,0
D,1.3798568599438896,2,3.2308448727395223,0
D,5.0,0,5.0,0
D,2.4988771396662934,1,3.2646485938798304,0
D,3.039600877172345,0,3.039600877172345,0
D,4.234262015983078,2,5.0,0
D,5.0,0,5.0,0
D,1.882025474050049,2,5.0,0
D,2.683156796677171,2,5.0,0
D,3.6311762206522302,0,3.6311762206522302,0
D,4.859255409024139,0,4.859255409024139,0
D,4.975230664048624,0,4.975230664048624,0
D,3.394267841537792,1,5.0,0
D,5.0,0,5.0,0
D,4.0996727705705505,1,4.2610623539042285,0
D,5.0,0,5.0,0
D,2.0430157565528972,2,5.0,0
D,2.1880537012570827,2,5.0,0
D,5.0,0,5.0,0
D,1.4690926427947353,2,5.0,0
D,0.7378797970405525,2,4.955828759508735,0
D,2.1085628199470117,2,3.7874646780497176,0
D,5.0,0,5.0,0
D,3.269831053516596,2,5.0,0
D,0.9790349263104544,2,5.0,0
D,3.230084948423369,2,5.0,0
D,0.7067711192737076,2,5.0,0
D,3.152810600462983,0,3.152810600462983,0
D,2.044542236205793,2,4.150517422373799,0
D,3.8744066713204113,0,3.8744066713204113,0
D,3.48458521296515,0,3.48458521296515,0
D,4.383240360411634,0,4.383240360411634,0
D,5.0,0,5.0,0
D,2.886769369339647,2,5.0,0
D,5.0,0,5.0,0
D,2.482603186821399,2,5.0,0
D,5.0,0,5.0,0
D,1.9950874892953463,2,4.144611781681754,0
D,1.7698305899905569,2,5.0,0
D,5.0,0,5.0,0
D,0.4562645752519914,1,4.871000958119584,0
D,5.0,0,5.0,0
D,3.3118726588085057,0,3.3118726588085057,0
D,4.9843824525325315,2,5.0,0
D,5.0,0,5.0,0
D,3.1187375787821714,2,5.0,0
D,2.9154836523186614,1,4.008953715138314,0
D,2.6896152097926094,2,3.754819783759358,0
D,4.67097634833218,2,5.0,0
D,1.8793775682949048,2,3.4058844619344644,0
D,3.953534974717234,0,3.953534974717234,0
D,2.5906274855511207,1,5.0,0
D,1.7617889766159198,2,5.0,0
D,4.875100095535566,0,4.875100095535566,0
D,3.6700681031353604,1,5.0,0
D,2.6487343709288393,1,5.0,0
D,5.0,0,5.0,0
D,0.9739782480361455,2,3.7693970003208017,0
D,4.354260500843072,1,5.0,0
D,5.0,0,5.0,0
D,0.1008813136185684,1,5.0,0
D,0.13450773287148857,2,5.0,0
D,1.2366809134050842,1,5.0,0
D,5.0,0,5.0,0
D,4.006271145085224,0,4.006271145085224,0
D,5.0,0,5.0,0
D,2.95091380568238,2,5.0,0
D,5.0,0,5.0,0
D,3.5279123790715836,0,3.5279123790715836,0
D,3.384903351137175,2,5.0,0
D,1.399035477038971,2,5.0,0
D,3.8873624020477955,0,3.8873624020477955,0
D,3.685209752720819,2,4.932567070572569,0
D,0.677445831262246,2,4.1126977486703105,0
D,2.2607657957314884,2,3.9908338089946827,0
D,4.449171434479624,0,4.449171434479624,0
D,3.9128862813244885,0,3.9128862813244885,0
D,3.7345021157816407,0,3.7345021157816407,0
D,0.9481762715433508,2,3.947375849525093,0
D,1.270985585519034,2,5.0,0
D,5.0,0,5.0,0
D,1.4535655441893316,1,3.3729643590013905,0
D,1.434506799581627,2,5.0,0
D,0.9711543270274308,2,4.250092317359145,0
D,0.21017763592270877,1,4.925770737099699,0
D,0.1793830940975099,2,5.0,0
D,0.8936924441263361,2,4.24481470831427,0
D,4.721513740584937,0,4.721513740584937,0
D,5.0,0,5.0,0
D,4.373694416107586,0,4.373694416107586,0
D,5.0,0,5.0,0
D,4.335552623281538,0,4.335552623281538,0
D,3.5479762693787387,2,4.8979924722500545,0
D,2.63113030616035,2,5.0,0
D,4.279741140353018,2,4.626465512550206,0
D,2.69480977691564,2,3.9817493621865845,0
D,4.816757782155955,1,5.0,0
D,4.352409629368992,0,4.352409629368992,0
D,2.666928820794843,2,5.0,0
D,5.0,0,5.0,0
D,0.45544696285515246,2,5.0,0
D,3.083625941721393,0,3.083625941721393,0
D,0.23254713235687527,2,5.0,0
D,5.0,0,5.0,0
D,0.015031223186136604,2,3.202116769953884,0
D,0.4817083109505564,2,3.0943456030769085,0
D,1.2984743835943213,1,5.0,0
D,0.21560055324652125,2,5.0,0
D,5.0,0,5.0,0
D,0.05032928548613743,2,5.0,0
D,1.5763824085777178,2,5.0,0
D,0.8838785389433805,2,3.8344663172588955,0
D,5.0,0,5.0,0
D,5.0,0,5.0,0
D,0.6046282072181892,2,5.0,0
D,0.7638086713594568,2,3.241551424044713,0
D,4.34972118496742,1,5.0,0
D,2.6839182026984205,1,5.0,0
D,0.22575217673311024,2,4.509291862818828,0
D,4.236600885123789,2,5.0,0
D,3.0734064072428624,2,5.0,0
D,0.5095450467676427,2,3.5998817569439616,0
D,5.0,0,5.0,0
D,3.900056403501195,2,5.0,0
D,2.5205876124916076,2,4.111173948426627,0
D,5.0,0,5.0,0
D,0.2583782257804398,2,4.618875479536577,0
D,5.0,0,5.0,0
D,1.2876978152612295,2,5.0,0
D,2.4733043896083977,2,4.870774262852376,0
D,5.0,0,5.0,0
D,0.691157892524607,2,5.0,0
D,5.0,0,5.0,0
D,2.626042824610845,2,5.0,0
D,0.5482847762636514,2,5.0,0
D,0.4863786108176043,2,5.0,0
D,5.0,0,5.0,0
D,3.600125057962339,0,3.600125057962339,0
D,2.8220750389614895,2,4.4735639025372205,0
D,0.6483535106904816,1,5.0,0
D,1.3454141847814793,2,4.69136901068361,0
D,0.9335302407215167,2,5.0,0
D,3.6624395458155767,2,4.815130857801887,0
D,0.9257513024689139,1,5.0,0
D,3.1552574291063213,0,3.1552574291063213,0
D,4.3892740731039055,0,4.3892740731039055,0
D,3.3680928947107502,0,3.3680928947107502,0
D,0.01994449903503829,1,5.0,0
D,1.967585073952739,2,3.706978642397693,0
D,4.0197001117842035,0,4.0197001117842035,0
D,5.0,0,5.0,0
D,5.0,0,5.0,0
D,2.793716731524439,2,5.0,0
D,5.0,0,5.0,0
D,5.0,0,5.0,0
D,5.0,0,5.0,0
D,3.4769153946671008,0,3.4769153946671008,0
D,1.5335802693889036,1,5.0,0
D,3.2388843951175024,0,3.2388843951175024,0
D,0.966452023033994,2,3.879122458013283,0
D,2.049796076669269,2,5.0,0
D,5.0,0,5.0,0
D,0.07371055814862594,2,5.0,0
D,5.0,0,5.0,0
D,4.1750174722252975,0,4.1750174722252975,0
D,0.8752079405216838,2,5.0,0
D,1.2367045969150754,2,5.0,0
D,2.106539876509787,2,3.777701297308453,0
D,1.465437003271346,2,5.0,0
D,1.9056604436345455,1,4.214364640226722,0
D,5.0,0,5.0,0
D,3.1846002092313372,2,5.0,0
D,5.0,0,5.0,0
D,5.0,0,5.0,0
D,5.0,0,5.0,0
D,4.722564083535239,0,4.722564083535239,0
D,4.098393744592472,0,4.098393744592472,0
D,0.2270166905154751,1,3.495146466311259,0
D,5.0,0,5.0,0
D,0.27004284716751065,1,5.0,0
D,5.0,0,5.0,0
D,4.4659757176787345,1,5.0,0
D,2.592941555389377,2,5.0,0
D,0.7491331698872432,2,3.6381805449530873,0
D,3.6376362944307257,0,3.6376362944307257,0
D,3.676159684460771,0,3.676159684460771,0
D,0.5735827338779719,2,5.0,0
D,1.8000521486122998,2,5.0,0
D,5.0,0,5.0,0
D,5.0,0,5.0,0
D,5.0,0,5.0,0
D,5.0,0,5.0,0
D,5.0,0,5.0,0
D,5.0,0,5.0,0
D,5.0,0,5.0,0
D,0.9815909889714869,2,3.209497243068189,0
D,2.267610801886462,1,4.894514312191748,0
D,5.0,0,5.0,0
D,5.0,0,5.0,0
D,4.782158530047938,0,4.782158530047938,0
D,4.964544253257551,2,5.0,0
D,0.9103591849129885,2,5.0,0
D,5.0,0,5.0,0
D,5.0,0,5.0,0
D,5.0,0,5.0,0
D,4.580126199775926,1,5.0,0
D,0.032441226363666975,2,5.0,0
D,3.620599106013276,0,3.620599106013276,0
D,5.0,0,5.0,0
D,5.0,0,5.0,0
D,5.0,0,5.0,0
D,2.377829513801747,1,5.0,0
D,5.0,0,5.0,0
D,5.0,0,5.0,0
D,2.7615090593821363,2,3.1814218035788153,0
D,3.998237342383192,0,3.998237342383192,0
D,0.9403149427895978,2,5.0,0
D,3.6547948658061356,1,4.9720262359657745,0
D,2.5362109446796137,2,3.649021693565126,0
D,0.2628598789368349,2,5.0,0
D,5.0,0,5.0,0
D,2.586562907650875,2,5.0,0
D,4.214409235944269,0,4.214409235944269,0
D,1.771802216463044,1,5.0,0
D,4.96449060043246,2,5.0,0
D,5.0,0,5.0,0
D,1.442681995048137,1,4.350460814007195,0
D,5.0,0,5.0,0
D,2.4419857999436614,1,5.0,0
D,4.014845365681902,2,4.462086499079115,0
D,1.1057698042282602,2,5.0,0
D,5.0,0,5.0,0
D,4.790656452054256,2,5.0,0
D,5.0,0,5.0,0
D,4.038048710194049,0,4.038048710194049,0
D,5.0,0,5.0,0
D,4.954457841916903,0,4.954457841916903,0
D,2.8717083301626927,2,5.0,0
D,0.6981685687138781,2,3.842366154198621,0
D,1.299591431497739,1,5.0,0
D,3.4378391371982877,0,3.4378391371982877,0
D,4.404711689220992,0,4.404711689220992,0
D,5.0,0,5.0,0
D,5.0,0,5.0,0
D,2.446141844627831,2,3.2828944942861766,0
D,5.0,0,5.0,0
D,4.3284762045538585,0,4.3284762045538585,0
D,1.5147568181581506,1,5.0,0
D,4.9789192139039375,2,5.0,0
D,1.6659575968795373,2,3.9671479434219856,0
D,0.41437264903621424,2,5.0,0
D,4.720470473874733,0,4.720470473874733,0
D,2.186284082788097,2,5.0,0
D,3.101843754866488,1,4.362131504049788,0
D,2.9072678644676473,2,5.0,0
D,3.495781101891012,0,3.495781101891012,0
D,1.2922454361777038,2,5.0,0
D,1.3608478900093595,2,4.722247330611401,0
D,3.9708691484396557,0,3.9708691484396557,0
D,4.296532780831762,0,4.296532780831762,0
D,5.0,0,5.0,0
D,3.9481106358730114,0,3.9481106358730114,0
D,1.690669101410736,2,5.0,0
D,4.888352311697082,0,4.888352311697082,0
D,1.0746923399573585,1,3.5772913208351858,0
D,5.0,0,5.0,0
D,4.60819624904102,0,4.60819624904102,0
D,4.592910327970615,1,5.0,0
D,4.336003293252797,0,4.336003293252797,0
D,0.8943391921755028,1,5.0,0
D,5.0,0,5.0,0
D,1.0129127923922363,2,5.0,0
D,1.2380253884789887,2,5.0,0
D,5.0,0,5.0,0
D,4.617086438371602,2,5.0,0
D,1.3671461934647087,2,5.0,0
D,3.479479363635183,0,3.479479363635183,0
D,3.3654567292270983,2,4.876811451703193,0
D,3.131284382365491,0,3.131284382365491,0
D,5.0,0,5.0,0
D,1.8150170025587853,2,5.0,0
D,1.0995951528605938,1,5.0,0
D,5.0,0,5.0,0
D,2.018202268051575,2,5.0,0
D,3.103304519474392,0,3.103304519474392,0
D,0.27300054904578247,2,5.0,0
D,3.637431049399228,0,3.637431049399228,0
D,4.989033454109113,0,4.989033454109113,0
D,3.063544071994477,0,3.063544071994477,0
D,5.0,0,5.0,0
D,2.992090362240987,2,3.9447221002732267,0
D,1.3488188344183274,2,4.5786692131903965,0
D,4.263549198529281,0,4.263549198529281,0
D,1.9773288639042719,2,5.0,0
D,1.3251850951371311,2,5.0,0
D,1.2502387784762623,2,3.375630868614747,0
D,3.2431325524088193,0,3.2431325524088193,0
D,1.2883159058983773,2,4.002450732961852,0
D,2.704350294600319,1,5.0,0
D,1.747407239667975,2,5.0,0
D,1.7878089581336143,1,4.435065951761665,0
D,2.146346373887455,2,4.302642659994199,0
D,3.8124042614494105,0,3.8124042614494105,0
D,0.8095389393331116,2,5.0,0
D,3.48079121378648,0,3.48079121378648,0
D,4.997764860009474,1,5.0,0
D,5.0,0,5.0,0
D,0.8209647729818214,2,4.2685884182411975,0
D,5.0,0,5.0,0
D,0.047834277306781275,2,5.0,0
D,1.670175098060595,2,5.0,0
D,4.207734201851686,0,4.207734201851686,0
D,0.3937429109892608,2,5.0,0
D,3.777192771854542,0,3.777192771854542,0
D,1.2998686219477693,2,5.0,0
D,3.1283177413708647,0,3.1283177413708647,0
D,1.9414654426068156,2,5.0,0
D,4.3144289361183175,0,4.3144289361183175,0
D,1.3531050950062038,2,5.0,0
D,0.09553159892929614,2,5.0,0
D,0.8567376702489976,2,5.0,0
D,1.7007950639707214,2,3.63582822361784,0
D,1.327446750594238,2,5.0,0
D,3.040863435969001,0,3.040863435969001,0
D,3.1363227589705285,2,3.3252324463683713,0
D,5.0,0,5.0,0
D,0.9147775435147582,2,4.325213077140754,0
D,0.4110886325697579,2,5.0,0
D,2.6306794668754363,2,4.550151128141024,0
D,4.716933572809513,0,4.716933572809513,0
D,3.0076410058474154,0,3.0076410058474154,0
D,0.099730667343011,2,5.0,0
D,5.0,0,5.0,0
D,3.69706130853012,0,3.69706130853012,0
D,0.19882937414347565,1,3.750188972987464,0
D,2.53537241679676,2,5.0,0
D,5.0,0,5.0,0
D,3.3643359119555734,2,5.0,0
D,2.893322177228359,2,5.0,0
D,0.6954497709777204,2,5.0,0
D,3.207698226366722,0,3.207698226366722,0
D,4.3127792342064115,2,5.0,0
D,5.0,0,5.0,0
D,3.6716643525202914,0,3.6716643525202914,0
D,1.2921883754932488,2,5.0,0
D,5.0,0,5.0,0
D,0.04563556223811375,2,4.826563846562852,0
D,3.630484646030818,2,5.0,0
D,1.7608939118415987,2,5.0,0
D,2.658073620638288,2,4.4347469023590165,0
D,0.314185598046,2,3.5715958049632377,0
D,0.8032389221814665,1,5.0,0
D,2.041292310683648,2,5.0,0
D,5.0,0,5.0,0
D,0.6517061584997799,2,4.197617879509538,0
D,3.0597975852841426,2,4.09989421201402,0
D,4.388551066544928,0,4.388551066544928,0
D,5.0,0,5.0,0
D,4.560377738086486,2,5.0,0
D,1.3968777989349133,2,5.0,0
D,0.11608874505045981,2,3.439818106950955,0
D,2.8148182588280553,2,5.0,0
D,4.46716733561729,0,4.46716733561729,0
D,3.2605671425951197,0,3.2605671425951197,0
D,1.1465748055334846,2,5.0,0
D,3.83877384080649,0,3.83877384080649,0
D,0.18268124771268604,2,5.0,0
D,1.7197152840082723,2,5.0,0
D,2.9704906145307217,2,4.379714941763021,0
D,3.1415222926048014,2,5.0,0
D,1.9904905919964633,2,5.0,0
D,1.873240151110494,2,3.657374814243332,0
D,3.725838993417503,2,4.377782801044086,0
D,5.0,0,5.0,0
D,1.434101828095055,1,5.0,0
D,5.0,0,5.0,0
D,4.380147337478467,0,4.380147337478467,0
D,5.0,0,5.0,0
D,5.0,0,5.0,0
D,5.0,0,5.0,0
D,3.9278541435437884,0,3.9278541435437884,0
D,5.0,0,5.0,0
D,3.387843961985974,0,3.387843961985974,0
D,3.0816326417264213,0,3.0816326417264213,0
D,5.0,0,5.0,0
D,4.590051345724782,2,5.0,0
D,0.5446172288139428,2,5.0,0
D,4.70169364994354,1,5.0,0
D,1.828542311621078,2,5.0,0
D,0.6647310962462597,2,5.0,0
D,2.3672580097790505,2,3.6864561986673805,0
D,4.514596151036367,0,4.514596151036367,0
D,0.2157917477758754,2,5.0,0
D,3.1052521164174447,1,5.0,0
D,2.1114067275794386,2,5.0,0
D,0.5230440577459441,1,5.0,0
D,5.0,0,5.0,0
D,4.421835205641535,2,5.0,0
D,0.23085375490717283,2,4.939543337660689,0
D,0.5031312970357571,2,3.6232298306254935,0
D,5.0,0,5.0,0
D,4.406248558519818,2,5.0,0
D,5.0,0,5.0,0
D,2.3817786684292512,1,5.0,0
D,3.6783161133092013,0,3.6783161133092013,0
D,3.419987591428166,2,5.0,0
D,0.8485377325391856,2,5.0,0
D,3.238924273766969,0,3.238924273766969,0
D,3.585645133736532,2,5.0,0
D,2.161951813610523,2,3.9446527342784643,0
D,5.0,0,5.0,0
D,5.0,0,5.0,0
D,0.0034335484846122794,2,5.0,0
D,3.1448839347488433,0,3.1448839347488433,0
D,5.0,0,5.0,0
D,3.7990735049839186,0,3.7990735049839186,0
D,4.42585085888412,1,5.0,0
D,5.0,0,5.0,0
D,0.705320875264728,1,5.0,0
D,4.654190986090156,2,5.0,0
D,3.255296656464808,2,5.0,0
D,0.2538849175528031,2,5.0,0
D,5.0,0,5.0,0
D,3.8491247622283087,0,3.8491247622283087,0
D,4.9852585554289846,0,4.9852585554289846,0
D,5.0,0,5.0,0
D,3.4693074478337964,0,3.4693074478337964,0
D,4.664450956701685,0,4.664450956701685,0
D,1.2868212221752495,2,5.0,0
D,5.0,0,5.0,0
D,4.38369638921131,2,4.7894101615583855,0
D,2.9841334002243234,2,3.4677265394440684,0
D,4.327086976376792,0,4.327086976376792,0
D,3.8660105947558683,0,3.8660105947558683,0
D,3.4342351935994926,0,3.4342351935994926,0
D,4.644046358159178,0,4.644046358159178,0
D,3.4316746765438317,2,5.0,0
D,0.48294710018452947,1,5.0,0
D,3.0991608462818254,0,3.0991608462818254,0
D,1.231699782103849,2,3.478853792602848,0
D,2.2047633997616036,2,3.705823224108162,0
D,0.15422028349164565,2,3.7283865807323213,0
D,3.769278588393423,2,5.0,0
D,5.0,0,5.0,0
D,2.024172882336686,2,3.817069132892301,0
D,3.1008544116631955,0,3.1008544116631955,0
D,3.658844510402248,2,4.1356013972853765,0
D,2.3863094997148293,2,3.94091428259583,0
D,2.9965560312639146,2,5.0,0
D,5.0,0,5.0,0
D,3.6088930439979574,0,3.6088930439979574,0
D,5.0,0,5.0,0
D,4.94324161878568,2,5.0,0
D,3.541843369904231,0,3.541843369904231,0
D,5.0,0,5.0,0
D,3.2632688874937155,0,3.2632688874937155,0
D,2.4450338319050897,2,3.9624886431448014,0
D,1.375521449978054,2,3.2608144535224497,0
D,5.0,0,5.0,0
D,1.9264293989640917,2,5.0,0
D,3.1680057733079217,0,3.1680057733079217,0
D,1.6990139363486305,2,5.0,0
D,2.083356890479744,2,5.0,0
D,5.0,0,5.0,0
D,4.522590912629964,1,5.0,0
D,3.0048520460872488,2,5.0,0
D,1.0040857789066004,2,5.0,0
D,4.742997158067113,0,4.742997158067113,0
D,0.007401078510116251,2,3.516498226069947,0
D,3.8088271542386787,2,5.0,0
D,4.3014894857647175,0,4.3014894857647175,0
D,0.519546353037591,2,3.783638787187087,0
D,2.3024569383869498,2,3.114526617624793,0
D,0.027026005285818253,2,5.0,0
D,2.6748034774077145,2,5.0,0
D,5.0,0,5.0,0
D,3.4590147429067235,0,3.4590147429067235,0
D,0.34173421333174475,1,5.0,0
D,2.3928852309807476,2,5.0,0
D,5.0,0,5.0,0
D,5.0,0,5.0,0
D,3.49302697332012,2,5.0,0
D,5.0,0,5.0,0
D,2.689314315299382,1,3.8996281689034777,0
D,5.0,0,5.0,0
D,0.7574120521275942,1,5.0,0
D,0.07304188741073475,2,5.0,0
D,2.99844883206365,2,3.8181032435064948,0
D,2.94191305837387,1,5.0,0
D,1.5344797472499658,2,3.230953349059137,0
D,3.03794559488562,2,4.598187424549463,0
D,0.44258700041920407,2,3.266689990908826,0
D,4.576395118004003,0,4.576395118004003,0
D,5.0,0,5.0,0
D,5.0,0,5.0,0
D,0.25568843430664095,1,5.0,0
D,0.6101749692953171,2,5.0,0
D,3.110918667212689,0,3.110918667212689,0
D,5.0,0,5.0,0
D,5.0,0,5.0,0
D,4.1880192409654695,0,4.1880192409654695,0
D,0.007557587312204292,2,4.277846251467455,0
D,4.046191720465921,2,4.94538522242844,0
D,3.194642255128948,0,3.194642255128948,0
D,1.0690936226791428,2,5.0,0
D,1.9516017919015531,2,5.0,0
D,4.364169509860755,0,4.364169509860755,0
D,5.0,0,5.0,0
D,3.4739343251592225,0,3.4739343251592225,0
D,1.2693459171398465,2,5.0,0
D,0.9878926848617818,2,3.245410050991305,0
D,5.0,0,5.0,0
D,4.707549110813816,0,4.707549110813816,0
D,2.831431504855117,2,5.0,0
D,3.7184270730006603,2,5.0,0
D,1.7289559247243014,1,5.0,0
D,1.3117672395393802,2,5.0,0
D,2.6272679932719134,2,5.0,0
D,4.528801946814505,0,4.528801946814505,0
D,5.0,0,5.0,0
D,4.00874615795726,1,5.0,0
D,5.0,0,5.0,0
D,3.3422841353671084,0,3.3422841353671084,0
D,4.455123051365611,0,4.455123051365611,0
D,5.0,0,5.0,0
D,0.026344609398096516,2,5.0,0
D,2.515705237360219,2,4.106771366238117,0
D,0.2769826988358144,2,5.0,0
D,3.4554396481620966,0,3.4554396481620966,0
D,4.132622390511259,0,4.132622390511259,0
D,1.3347970735133383,2,5.0,0
D,0.25926390463656496,2,5.0,0
D,3.007149237647883,0,3.007149237647883,0
D,5.0,0,5.0,0
D,4.744625119894816,0,4.744625119894816,0
D,3.9172854619779915,0,3.9172854619779915,0
D,0.5703947592821411,1,4.429249632129378,0
D,3.9938221143929282,0,3.9938221143929282,0
D,5.0,0,5.0,0
D,0.5971984886282025,2,4.00122215162272,0
D,3.11514086136772,1,5.0,0
D,5.0,0,5.0,0
D,5.0,0,5.0,0
D,0.2448889201574952,1,5.0,0
D,5.0,0,5.0,0
D,2.222469451130646,2,3.6493062295198477,0
D,4.869369267868972,0,4.869369267868972,0
D,4.389000221211582,0,4.389000221211582,0
D,0.22271119130723963,1,5.0,0
D,5.0,0,5.0,0
D,0.0724860375961381,1,5.0,0
D,5.0,0,5.0,0
D,3.5642684140005647,0,3.5642684140005647,0
D,4.415469339420404,0,4.415469339420404,0
D,5.0,0,5.0,0
D,4.731778959537761,0,4.731778959537761,0
D,4.079164797782328,0,4.079164797782328,0
D,1.6345712317397427,1,5.0,0
D,4.348040542201114,2,5.0,0
D,1.7243947097847538,2,5.0,0
D,5.0,0,5.0,0
D,2.002127184587765,2,4.045591496914072,0
D,1.1551139713023648,2,5.0,0
D,5.0,0,5.0,0
D,5.0,0,5.0,0
D,5.0,0,5.0,0
D,5.0,0,5.0,0
D,3.233662119937019,0,3.233662119937019,0
D,0.7301710692523699,2,5.0,0
D,4.565334884901025,0,4.565334884901025,0
D,3.6389949904143566,2,5.0,0
D,4.745263762749014,0,4.745263762749014,0
D,5.0,0,5.0,0
D,0.6737012121941492,2,5.0,0
D,5.0,0,5.0,0
D,3.7330835668485776,0,3.7330835668485776,0
D,3.6674516182701886,0,3.6674516182701886,0
D,4.574366949164146,1,5.0,0
D,1.5419308372629548,2,5.0,0
D,0.5029855319194599,2,5.0,0
D,3.974184682530306,2,5.0,0
D,2.2320286258871365,2,5.0,0
D,5.0,0,5.0,0
D,0.06886702359733941,1,5.0,0
D,3.796285360001414,0,3.796285360001414,0
D,4.595261041911286,0,4.595261041911286,0
D,0.279506598370955,1,5.0,0
D,2.8530394044002354,1,3.9953593748232255,0
D,3.949259417556288,0,3.949259417556288,0
D,2.186726492681561,2,5.0,0
D,0.6798273029351106,2,5.0,0
D,1.6417588279693531,2,3.3213487597054194,0
D,5.0,0,5.0,0
D,1.1385645071583403,2,5.0,0
D,5.0,0,5.0,0
D,3.4346398775695484,2,4.437991295851706,0
D,5.0,0,5.0,0
D,3.739423307258374,2,4.705191492166346,0
D,4.095597941598262,0,4.095597941598262,0
D,1.2816317417295358,2,3.4303325911754814,0
D,5.0,0,5.0,0
D,1.9178980950183515,2,3.2456755151799177,0
D,5.0,0,5.0,0
D,5.0,0,5.0,0
D,5.0,0,5.0,0
D,4.449303447509706,1,5.0,0
D,4.375141574474131,0,4.375141574474131,0
D,1.6682209048908967,2,5.0,0
D,5.0,0,5.0,0
D,5.0,0,5.0,0
D,1.9643121651509452,2,4.418494057637897,0
D,3.4340426073346917,2,5.0,0
D,4.713472266206269,0,4.713472266206269,0
D,3.1165167726918437,2,3.6416837135792015,0
D,0.8231561928653547,2,4.082608036373125,0
D,0.25563962740416657,2,4.193066211637274,0
D,4.1190140319346185,0,4.1190140319346185,0
D,5.0,0,5.0,0
D,5.0,0,5.0,0
D,1.5450230672258078,2,5.0,0
D,1.4759941210742578,2,4.67741645523895,0
D,3.8750266118917187,0,3.8750266118917187,0
D,1.8787777269168637,2,5.0,0
D,2.58183370844084,2,5.0,0
D,3.190943945390205,2,5.0,0
D,3.039006759188311,0,3.039006759188311,0
D,1.1953321533068662,2,4.465319014988648,0
D,3.0244146573519766,0,3.0244146573519766,0
D,5.0,0,5.0,0
D,0.44883361697896607,1,3.001823666954261,0
D,2.3371540312884287,2,3.281611812443993,0
D,3.5924978939948984,0,3.5924978939948984,0
D,3.941797932579909,2,5.0,0
D,2.3774599132502736,2,5.0,0
D,1.2093569647670945,1,5.0,0
D,3.006616167705033,0,3.006616167705033,0
D,1.9695585253945769,2,5.0,0
D,4.0209894145639264,0,4.0209894145639264,0
D,5.0,0,5.0,0
D,5.0,0,5.0,0
D,1.2837310980152594,1,4.880056360019299,0
D,0.09107410453252766,2,5.0,0
D,2.6792252635469347,2,3.6355781279525425,0
D,3.3490326935603694,2,4.588392447489879,0
D,3.2974661974729242,0,3.2974661974729242,0
D,5.0,0,5.0,0
D,5.0,0,5.0,0
D,4.774887524828948,0,4.774887524828948,0
D,5.0,0,5.0,0
D,1.5289858326524066,2,4.401168822518542,0
D,5.0,0,5.0,0
D,0.17975840861076484,2,3.148394766169022,0
D,3.310621075577076,0,3.310621075577076,0
D,1.4950469745062942,2,5.0,0
D,4.547120263316088,0,4.547120263316088,0
D,5.0,0,5.0,0
D,3.631184554990062,2,5.0,0
D,0.2990008438299587,2,5.0,0
D,2.6221242861460516,2,4.738866486091672,0
D,0.3206570341778357,2,5.0,0
D,5.0,0,5.0,0
D,0.7330681427958029,2,5.0,0
D,5.0,0,5.0,0
D,2.3736341580182283,2,5.0,0
D,0.7989488064598297,2,5.0,0
D,3.4645134312298294,0,3.4645134312298294,0
D,4.958133583447006,0,4.958133583447006,0
D,3.769581270708756,2,5.0,0
D,1.6050215843458784,2,5.0,0
D,3.6997779234408767,0,3.6997779234408767,0
D,0.023048053956603982,2,5.0,0
D,0.8360703541410671,2,3.240488286744556,0
D,1.235927728732151,2,5.0,0
D,3.412903805454479,2,5.0,0
D,5.0,0,5.0,0
D,5.0,0,5.0,0
D,2.5504883132330445,2,3.7300107623502265,0
D,0.3344437367138952,1,5.0,0
D,1.6820538983647242,2,3.832659970245009,0
D,1.3013761329514668,2,5.0,0
D,2.8926349139342067,1,5.0,0
D,2.047093230480508,2,5.0,0
D,2.4878142934419363,2,5.0,0
D,5.0,0,5.0,0
D,2.0865192622850426,2,5.0,0
D,3.6213509584742294,0,3.6213509584742294,0
D,2.77050807121859,2,5.0,0
D,3.666970653866509,2,3.7684037069810112,0
D,4.46869216219296,2,5.0,0
D,3.2568861249752556,0,3.2568861249752556,0
D,1.2101382777680312,2,5.0,0
D,1.9494345468492877,2,3.434717229219074,0
D,5.0,0,5.0,0
D,0.4352577501652134,2,5.0,0
D,5.0,0,5.0,0
D,4.74850959488812,0,4.74850959488812,0
D,4.343619732545912,0,4.343619732545912,0
D,4.878334697823217,0,4.878334697823217,0
D,4.682342671032584,0,4.682342671032584,0
D,1.8940175834083888,2,3.2651071960865856,0
D,1.6077502621087083,2,3.2944428470658655,0
D,1.8496862125329503,1,3.0546454749425864,0
D,3.3614725322180847,0,3.3614725322180847,0
D,4.15408227539148,2,5.0,0
D,5.0,0,5.0,0
D,1.5487842784044676,2,4.078382680624301,0
D,4.959078272151673,2,5.0,0
D,1.193467685945222,2,5.0,0
D,2.2717456029828025,1,5.0,0
D,5.0,0,5.0,0
D,5.0,0,5.0,0
D,3.51563971890741,0,3.51563971890741,0
D,4.291980659062043,0,4.291980659062043,0
D,4.6067985261377755,0,4.6067985261377755,0
D,0.9742114397564546,2,5.0,0
D,5.0,0,5.0,0
D,3.661395373356006,0,3.661395373356006,0
D,4.322572617182406,2,5.0,0
D,5.0,0,5.0,0
D,2.201674435862589,1,4.784694248587391,0
D,4.782101761204563,0,4.782101761204563,0
D,5.0,0,5.0,0
D,4.263946546932638,0,4.263946546932638,0
D,4.757453036861697,2,5.0,0
D,4.427652035132822,2,5.0,0
D,1.289375732813283,1,5.0,0
D,5.0,0,5.0,0
D,3.543005318392127,0,3.543005318392127,0
D,4.07955201858484,0,4.07955201858484,0
D,3.5096371619115607,0,3.5096371619115607,0
D,3.4376094711543654,0,3.4376094711543654,0
D,1.2123604570637914,1,4.928285347747682,0
D,3.456858941111694,0,3.456858941111694,0
D,5.0,0,5.0,0
D,5.0,0,5.0,0
D,0.4917492190070474,2,3.7825815533773484,0
D,2.4201960164938936,2,5.0,0
D,0.120242790495017,2,5.0,0
D,5.0,0,5.0,0
D,0.5597470177935292,2,5.0,0
D,5.0,0,5.0,0
D,0.04824493612036902,2,5.0,0
D,0.323444504364895,2,3.99356667279412,0
D,1.365180956628354,2,3.431380525501078,0
D,2.7342399396390964,2,3.2705950107797346,0
D,0.29566872971816993,2,5.0,0
D,3.8887738310356754,2,5.0,0
D,3.7618598920064628,0,3.7618598920064628,0
D,1.1743841746842048,2,5.0,0
D,2.2808986688096033,2,5.0,0
D,5.0,0,5.0,0
D,5.0,0,5.0,0
D,0.30019075190158784,1,5.0,0
D,3.1277466807839107,2,5.0,0
D,2.340429687265043,2,4.980920007037537,0
D,4.506073533602749,0,4.506073533602749,0
D,0.09718578359495593,2,5.0,0
D,0.6792569911961744,2,5.0,0
D,5.0,0,5.0,0
D,0.9965668502966736,1,3.13368253523058,0
D,5.0,0,5.0,0
D,4.731184062789597,0,4.731184062789597,0
D,0.6903479842162181,2,5.0,0
D,3.634782900248248,0,3.634782900248248,0
D,1.0418706289665336,2,5.0,0
D,5.0,0,5.0,0
D,1.0790740894861546,2,3.2928173042170807,0
D,3.24225514013318,2,5.0,0
D,3.9014400561755345,2,4.029333149451279,0
D,5.0,0,5.0,0
D,2.1888672962902684,1,5.0,0
D,4.202943062810815,2,5.0,0
D,1.3729216702027174,2,3.954808479057674,0
D,1.1052219887025014,2,5.0,0
D,5.0,0,5.0,0
D,0.5646389870931838,2,3.6985791673910957,0
D,4.786024136654846,0,4.786024136654846,0
D,4.362083785643851,0,4.362083785643851,0
D,2.2807902815745424,2,5.0,0
D,1.741927617599715,2,3.123309492963155,0
D,4.52075419454216,2,5.0,0
D,2.7164992232394995,1,3.473789203420092,0
D,3.3828710097997776,0,3.3828710097997776,0
D,0.14458437035435145,2,5.0,0
D,4.072484833749011,2,5.0,0
D,3.5225982487245693,0,3.5225982487245693,0
D,1.4410547224985675,2,5.0,0
D,5.0,0,5.0,0
D,4.1675375663183605,0,4.1675375663183605,0
D,5.0,0,5.0,0
D,4.821243962861751,2,5.0,0
D,0.47446582307186425,2,4.6834905715414905,0
D,2.8757919223846864,2,3.0102692458692277,0
D,5.0,0,5.0,0
D,5.0,0,5.0,0
D,3.951458398353822,2,5.0,0
D,5.0,0,5.0,0
D,5.0,0,5.0,0
D,3.8065494457483218,0,3.8065494457483218,0
D,3.873749541250119,0,3.873749541250119,0
D,3.7671478092229203,2,5.0,0
D,1.0053435557160253,2,5.0,0
D,2.7790639077714165,2,3.471159024295071,0
D,5.0,0,5.0,0
D,1.5593862918802295,2,5.0,0
D,0.7703338869760811,2,5.0,0
D,5.0,0,5.0,0
D,3.2725198859236992,2,3.972618340057165,0
D,3.934784987102918,0,3.934784987102918,0
D,1.1445402099532813,1,4.898628019929385,0
D,4.5308349954341605,0,4.5308349954341605,0
D,3.3268064619507,0,3.3268064619507,0
D,0.5705503720512005,2,4.794403189040919,0
D,4.087623969945783,2,5.0,0
D,4.3307897931186625,2,5.0,0
D,1.0016692445894277,2,5.0,0
D,5.0,0,5.0,0
D,0.21860129612212106,2,5.0,0
D,3.5512031642889053,0,3.5512031642889053,0
D,5.0,0,5.0,0
D,4.997295696479087,1,5.0,0
D,5.0,0,5.0,0
D,4.839161192840876,2,5.0,0
D,1.2160100736655652,2,4.4656852277614245,0
D,0.5426306696835056,2,4.158385691215736,0
D,4.502097539392095,0,4.502097539392095,0
D,5.0,0,5.0,0
D,0.2457978861534257,2,5.0,0
D,0.2307344179712619,2,5.0,0
D,5.0,0,5.0,0
D,0.7132394931252946,2,5.0,0
D,1.8669316051203744,2,3.8732574938582234,0
D,4.030055836187035,2,5.0,0
D,0.7214381292416552,2,3.4387596165714975,0
D,2.156161127323414,2,5.0,0
D,2.497796612252182,2,4.085001952964143,0
D,1.0441813907177686,2,5.0,0
D,4.161042650366538,0,4.161042650366538,0
D,5.0,0,5.0,0
D,5.0,0,5.0,0
D,2.7365156713909915,2,5.0,0
D,5.0,0,5.0,0
D,4.235728419893716,0,4.235728419893716,0
D,5.0,0,5.0,0
D,2.0753129257353518,2,3.9295088125470268,0
D,4.9420782714599785,0,4.9420782714599785,0
D,5.0,0,5.0,0
D,3.4065095422444847,0,3.4065095422444847,0
D,5.0,0,5.0,0
D,2.4744660376388636,2,5.0,0
D,0.4264965480973132,2,4.407336085048515,0
D,3.1115014283275673,0,3.1115014283275673,0
D,3.8754040460817283,0,3.8754040460817283,0
D,0.5338669777522796,2,5.0,0
D,5.0,0,5.0,0
D,1.6119822503867158,1,4.433321427896058,0
D,5.0,0,5.0,0
D,2.0359986098776646,2,5.0,0
D,2.835033801036611,2,5.0,0
D,0.6665767014936715,2,3.594955886737942,0
D,3.1966774575728163,0,3.1966774575728163,0
D,3.8807990844118896,2,4.355510942021535,0
D,4.335287819061283,0,4.335287819061283,0
D,4.975985982291528,2,5.0,0
D,0.8201208385746249,2,3.7294843026807714,0
D,1.4535249920438984,2,3.0164112049646636,0
D,0.9119139619912585,2,4.663360753579765,0
D,0.9704073269829627,1,4.452602756819819,0
D,3.157312496708961,2,5.0,0
D,4.047309652143512,0,4.047309652143512,0
D,3.1243349049062625,0,3.1243349049062625,0
D,3.124313590240021,0,3.124313590240021,0
D,4.607858889153662,2,5.0,0
D,2.058642053970016,2,4.614975153008455,0
D,0.6015920212645116,2,3.5270669102292507,0
D,0.5435509724347963,2,5.0,0
D,5.0,0,5.0,0
D,1.5215354172899218,2,5.0,0
D,3.5545450299357193,2,5.0,0
D,3.007422361463143,0,3.007422361463143,0
D,5.0,0,5.0,0
D,0.5226454164867407,2,5.0,0
D,0.24647569109068518,2,4.880938082943846,0
D,3.727766287588376,2,5.0,0
D,1.0300191578681304,2,5.0,0
D,4.528137326187472,0,4.528137326187472,0
D,3.083682992427353,0,3.083682992427353,0
D,0.9096964489818431,2,5.0,0
D,5.0,0,5.0,0
D,3.4422891778629916,2,5.0,0
D,1.3840231041665105,2,5.0,0
D,5.0,0,5.0,0
D,5.0,0,5.0,0
D,5.0,0,5.0,0
D,2.951878219006484,2,3.025886397105489,0
D,4.353315091136142,2,4.3733110051445525,0
D,5.0,0,5.0,0
D,4.903474089326415,0,4.903474089326415,0
D,1.1679841016963894,2,4.6758625861614656,0
D,3.2942723863700167,2,5.0,0
D,3.550606767847015,0,3.550606767847015,0
D,5.0,0,5.0,0
D,4.487380775802723,2,5.0,0
D,4.711442058626722,0,4.711442058626722,0
D,4.141929872580786,0,4.141929872580786,0
D,0.9098328633231542,1,3.834512457762611,0
D,5.0,0,5.0,0
D,3.2630675224483587,0,3.2630675224483587,0
D,0.11153780712277911,2,4.827020799179202,0
D,4.810127478286784,2,5.0,0
D,2.110816507926439,2,5.0,0
D,0.317045498075289,2,3.2945039102303655,0
D,3.185393324614926,0,3.185393324614926,0
D,0.6088638843219676,2,5.0,0
D,0.8856858925386006,2,3.6561659002851457,0
D,2.2584117950108404,2,5.0,0
D,5.0,0,5.0,0
D,5.0,0,5.0,0
D,4.14158856711839,2,4.678578951758985,0
D,0.18695376401087077,1,4.8878130252337675,0
D,2.3236043312893577,2,3.732296575992944,0
D,5.0,0,5.0,0
D,1.7477052151563,2,5.0,0
D,5.0,0,5.0,0
D,0.9026618373597025,2,5.0,0
D,3.928243074437595,0,3.928243074437595,0
D,4.775904376583474,2,5.0,0
D,4.807123314962792,0,4.807123314962792,0
D,5.0,0,5.0,0
D,4.188787178708351,2,5.0,0
D,5.0,0,5.0,0
D,0.9574204777101453,2,5.0,0
D,5.0,0,5.0,0
D,2.9960502829658227,2,5.0,0
D,4.371362677745675,2,5.0,0
D,2.0099068172085826,2,4.48056288440074,0
D,4.3890148450881545,0,4.3890148450881545,0
D,4.018364992026671,0,4.018364992026671,0
D,2.8612136117577456,1,5.0,0
D,4.850504044011411,2,5.0,0
D,3.3939312209907535,2,5.0,0
D,0.4438722121705053,2,5.0,0
D,1.3994341339293688,2,4.247722260777855,0
D,3.784565485753621,2,5.0,0
D,2.65318485503183,2,5.0,0
D,1.0248648289486535,1,5.0,0
D,3.336528747007085,0,3.336528747007085,0
D,2.1967708195466664,1,5.0,0
D,2.2478766329585294,2,5.0,0
D,5.0,0,5.0,0
D,4.4228239293375395,2,5.0,0
D,3.1379040010186534,2,5.0,0
D,4.707786284080789,2,5.0,0
D,3.924143582933806,1,5.0,0
D,2.180628685964532,2,5.0,0
D,2.915209383945285,2,5.0,0
D,2.4787737764739632,2,5.0,0
D,1.1340013307306234,2,5.0,0
D,2.3800477494433827,2,5.0,0
D,0.09391757229968166,2,5.0,0
D,0.9515925106727726,2,4.142643587712339,0
D,5.0,0,5.0,0
D,0.012613929575132517,1,3.065399568184989,0
D,5.0,0,5.0,0
D,3.0689809612840895,0,3.0689809612840895,0
D,3.260466026881685,0,3.260466026881685,0
D,1.0230588041036484,2,5.0,0
D,4.188104777481652,0,4.188104777481652,0
D,0.16878599964184365,2,5.0,0
D,4.595435240619951,1,5.0,0
D,1.0797231555870712,2,5.0,0
D,4.216771065061588,2,5.0,0
D,2.482618275478089,2,5.0,0
D,5.0,0,5.0,0
D,5.0,0,5.0,0
D,4.1925411503978784,0,4.1925411503978784,0
D,1.83164439693663,2,4.32021489587549,0
D,1.9538633634890095,2,5.0,0
D,4.901024173446404,0,4.901024173446404,0
D,0.7833771215912584,2,5.0,0
D,1.6972033571586853,2,4.583906326133322,0
D,3.6333743341790026,2,5.0,0
D,0.3652463074744077,2,5.0,0
D,4.406469092838251,0,4.406469092838251,0
D,3.0867602484390027,2,3.4740370921762143,0
D,3.6334705730297996,2,5.0,0
D,2.301559998151382,1,5.0,0
D,3.6075570739666487,1,5.0,0
D,3.1497809438056925,0,3.1497809438056925,0
D,4.946024199390484,0,4.946024199390484,0
D,1.4265743663120374,1,3.029906059562177,0
D,2.7667836477002368,2,5.0,0
D,5.0,0,5.0,0
D,5.0,0,5.0,0
D,4.17447234347329,0,4.17447234347329,0
D,0.3228119019811544,2,5.0,0
D,2.8065710371339865,2,5.0,0
D,4.320868651286681,0,4.320868651286681,0
D,5.0,0,5.0,0
D,0.27223335765727924,2,5.0,0
D,1.9272945194794042,2,5.0,0
D,4.958485005321206,0,4.958485005321206,0
D,3.011085301492915,0,3.011085301492915,0
D,0.6535450644467534,2,5.0,0
D,3.3535776028967232,2,5.0,0
D,5.0,0,5.0,0
D,2.0780954191368135,2,5.0,0
D,0.5396183461058077,2,5.0,0
D,3.8621677087526907,2,5.0,0
D,5.0,0,5.0,0
D,1.7730474205824547,2,4.399744710468374,0
D,5.0,0,5.0,0
D,0.45105241599421525,2,5.0,0
D,3.958458280608428,0,3.958458280608428,0
D,5.0,0,5.0,0
D,3.082607067417796,1,3.28882044010133,0
D,5.0,0,5.0,0
D,4.856946500996728,0,4.856946500996728,0
D,5.0,0,5.0,0
D,4.440383849042858,2,5.0,0
D,5.0,0,5.0,0
D,3.0956985803066015,2,5.0,0
D,3.3274824133275263,2,5.0,0
D,3.2574948633512064,2,5.0,0
D,1.2661474055745654,2,5.0,0
D,3.1263144011700543,0,3.1263144011700543,0
D,3.2021448454266945,2,5.0,0
D,0.7783425097310406,2,3.826434001842782,0
D,3.6198849245046207,0,3.6198849245046207,0
D,5.0,0,5.0,0
D,3.157428306969165,1,5.0,0
D,5.0,0,5.0,0
D,2.572656513693918,2,5.0,0
D,0.21377794368840822,2,5.0,0
D,3.893329880830798,0,3.893329880830798,0
D,2.9794579951938367,2,4.1738033751061625,0
D,5.0,0,5.0,0
D,5.0,0,5.0,0
D,1.4752390522484147,2,4.627381496473373,0
D,5.0,0,5.0,0
D,3.1241372040371607,0,3.1241372040371607,0
D,5.0,0,5.0,0
D,5.0,0,5.0,0
D,2.6189423318166023,2,3.174762534911962,0
D,2.0739479534597356,2,4.6964828222502,0
D,5.0,0,5.0,0
D,1.1814344007972162,2,5.0,0
D,0.3221797861972896,2,5.0,0
D,0.9812776430555098,2,5.0,0
D,5.0,0,5.0,0
D,0.1567156404800178,2,5.0,0
D,4.492523820431306,1,5.0,0
D,0.8175889259690482,2,5.0,0
D,4.466489245173964,0,4.466489245173964,0
D,2.314473538395434,2,3.6220965374704934,0
D,1.5920635599532025,1,3.323279423432216,0
D,5.0,0,5.0,0
D,4.827323119699891,0,4.827323119699891,0
D,3.9565698974694548,0,3.9565698974694548,0
D,1.1333089477607947,2,5.0,0
D,3.4560422272397426,0,3.4560422272397426,0
D,2.6365418520150525,1,4.04893539148047,0
D,0.9004342508196367,2,5.0,0
D,5.0,0,5.0,0
D,5.0,0,5.0,0
D,4.5316494069645366,2,5.0,0
D,5.0,0,5.0,0
D,5.0,0,5.0,0
D,5.0,0,5.0,0
D,0.062300645487573504,2,5.0,0
D,2.1727147321689775,2,4.55799956282959,0
D,5.0,0,5.0,0
D,5.0,0,5.0,0
D,4.8822227613274025,2,5.0,0
D,4.516606156776087,2,5.0,0
D,3.655392144274878,2,5.0,0
D,5.0,0,5.0,0
D,2.600796324829839,2,5.0,0
D,1.7662906459225391,2,5.0,0
D,5.0,0,5.0,0
D,2.192144950167835,2,5.0,0
D,1.4161575682307557,2,5.0,0
D,4.032918171328436,0,4.032918171328436,0
D,3.932032126901758,1,5.0,0
D,1.762018441259324,2,5.0,0
D,0.9119886369101537,2,4.19270369246952,0
D,0.015828492749237283,2,3.134787213612974,0
D,5.0,0,5.0,0
D,1.8599729265957647,2,5.0,0
D,0.11666338350589128,2,5.0,0
D,3.5149737736432574,1,4.144827734884081,0
D,5.0,0,5.0,0
D,5.0,0,5.0,0
D,1.0324713671598007,2,5.0,0
D,1.2415962409940766,2,3.2290829618712706,0
D,2.2739977176723962,2,5.0,0
D,5.0,0,5.0,0
D,5.0,0,5.0,0
D,0.09855636855657329,2,5.0,0
D,2.0075298213372545,2,3.854167315582963,0
D,1.042410390649073,2,5.0,0
D,0.39926968391507245,2,5.0,0
D,2.966900943232857,2,4.771485778966272,0
D,1.2563581218173183,2,5.0,0
D,5.0,0,5.0,0
D,3.78421047732647,0,3.78421047732647,0
D,4.033810588266791,1,5.0,0
D,2.1985078083957243,2,5.0,0
D,0.9006283136724386,2,4.526861722633044,0
D,0.9336033551249364,2,5.0,0
D,2.2145296567006914,2,3.190429053740544,0
D,3.596958415614398,0,3.596958415614398,0
D,2.041498297208586,2,5.0,0
D,5.0,0,5.0,0
D,4.121183606877346,0,4.121183606877346,0
D,0.9913808850021033,2,5.0,0
D,2.1291331113339256,2,5.0,0
D,5.0,0,5.0,0
D,3.122863233542145,2,5.0,0
D,4.9042174597549675,2,5.0,0
D,5.0,0,5.0,0
D,5.0,0,5.0,0
D,5.0,0,5.0,0
D,5.0,0,5.0,0
D,2.544457206042254,2,5.0,0
D,1.771461780472877,2,5.0,0
D,3.4674386538105715,1,5.0,0
D,1.4952757781405208,2,3.8020102800745055,0
D,5.0,0,5.0,0
D,4.6385653492341365,0,4.6385653492341365,0
D,2.7484921020270674,1,5.0,0
D,2.008440362628596,2,3.9190948440830122,0
D,5.0,0,5.0,0
D,0.7340733964422459,2,4.01811439582393,0
D,1.4050157681731714,2,5.0,0
D,0.378049914914887,2,5.0,0
D,1.4578350269059612,2,5.0,0
D,3.320600640415733,2,5.0,0
D,2.9969991347593035,1,5.0,0
D,1.039677761980146,1,5.0,0
D,5.0,0,5.0,0
D,4.887763073586106,2,5.0,0
D,4.194857724931495,0,4.194857724931495,0
D,5.0,0,5.0,0
D,0.8906168585352982,1,5.0,0
D,5.0,0,5.0,0
D,4.929448510147953,0,4.929448510147953,0
D,2.4762175655417598,2,4.377862101320995,0
D,2.116242488688907,2,4.847105413723801,0
D,4.18924154027008,0,4.18924154027008,0
D,3.7209953967809892,2,5.0,0
D,4.9535774017801915,1,5.0,0
D,0.6948596885019461,1,5.0,0
D,3.469605100603655,0,3.469605100603655,0
D,3.9025483639468015,1,5.0,0
D,5.0,0,5.0,0
D,4.894588098109798,0,4.894588098109798,0
D,3.3194740663468885,2,5.0,0
D,4.027964173537767,2,4.2848423646941995,0
D,2.5400389835724093,2,3.4863816665931338,0
D,2.885171905011599,2,3.6400348974490333,0
D,5.0,0,5.0,0
D,5.0,0,5.0,0
D,1.6662453680498277,2,3.5055613500765306,0
D,4.426774204419234,2,5.0,0
D,4.8755095855362285,2,5.0,0
D,4.551115157521039,0,4.551115157521039,0
D,2.225787072685476,2,3.2683958742409813,0
D,5.0,0,5.0,0
D,3.2460868294498435,1,3.4368647622428212,0
D,4.743727412634701,0,4.743727412634701,0
D,3.8443777927443765,0,3.8443777927443765,0
D,4.612898503305285,2,5.0,0
D,5.0,0,5.0,0
D,3.545162373841884,0,3.545162373841884,0
D,4.383311302880349,0,4.383311302880349,0
D,2.2584765859631597,2,5.0,0
D,3.2451582354870987,2,4.284811241626128,0
D,1.3647541277245603,2,5.0,0
D,3.497918605628507,0,3.497918605628507,0
D,0.4684964818646285,2,4.862966821921134,0
D,5.0,0,5.0,0
D,0.4998631260681103,1,5.0,0
D,5.0,0,5.0,0
D,5.0,0,5.0,0
D,1.2205517761174505,2,3.6145986903508,0
D,0.077735621834444,2,4.875742151698994,0
D,5.0,0,5.0,0
D,5.0,0,5.0,0
D,0.5324529860100848,1,5.0,0
D,5.0,0,5.0,0
D,5.0,0,5.0,0
D,3.872802140354261,0,3.872802140354261,0
D,5.0,0,5.0,0
D,3.414490846909334,0,3.414490846909334,0
D,0.18622983310157176,1,3.2661653457650752,0
D,4.4768933124170225,0,4.4768933124170225,0
D,4.120775365373334,2,4.480299395873436,0
D,5.0,0,5.0,0
D,3.3070582404555435,2,5.0,0
D,3.088774183658908,2,5.0,0
D,3.8543374833455033,2,3.879100733344588,0
D,5.0,0,5.0,0
D,0.2174914062356073,2,3.497627352080637,0
D,0.5159982795805284,2,5.0,0
D,4.327372343148016,0,4.327372343148016,0
D,5.0,0,5.0,0
D,2.2518227584445585,1,4.210038196049794,0
D,5.0,0,5.0,0
D,5.0,0,5.0,0
D,2.839760403245899,2,4.607081453674544,0
D,4.0391357993037,2,5.0,0
D,0.8029842482378297,2,5.0,0
D,5.0,0,5.0,0
D,5.0,0,5.0,0
D,0.3807985921839377,2,5.0,0
D,1.6599209534436985,2,5.0,0
D,0.989905758324642,2,5.0,0
D,3.971632407660273,0,3.971632407660273,0
D,0.5623492987335407,2,5.0,0
D,1.4025269582124396,2,3.3634749791244256,0
D,3.9165832543314965,0,3.9165832543314965,0
D,1.8323356509487714,2,5.0,0
D,5.0,0,5.0,0
D,2.320721974457886,2,5.0,0
D,1.3817352985582705,2,4.9944910478647095,0
D,4.470665650490902,0,4.470665650490902,0
D,3.4678624064642065,0,3.4678624064642065,0
D,3.05323512335306,0,3.05323512335306,0
D,3.6438287494964836,2,5.0,0
D,0.3735761863010847,2,5.0,0
D,2.9244451074571276,1,5.0,0
D,3.3254453287180494,2,5.0,0
D,2.0245280521776876,2,4.439183806927102,0
D,5.0,0,5.0,0
D,4.145492102797544,2,5.0,0
D,4.180496036280919,2,5.0,0
D,3.2981870264317408,0,3.2981870264317408,0
D,0.8648782355447856,1,5.0,0
D,4.8023250321873086,0,4.8023250321873086,0
D,0.7806672410520508,2,4.100344793325197,0
D,5.0,0,5.0,0
D,0.9141973588888491,2,5.0,0
D,4.2126568135610585,2,5.0,0
D,0.472284622163129,1,5.0,0
D,0.1012460869784534,1,5.0,0
D,4.737067372482844,0,4.737067372482844,0
D,5.0,0,5.0,0
D,5.0,0,5.0,0
D,1.2032124764541945,1,5.0,0
D,3.808653874455546,0,3.808653874455546,0
D,0.8378856306196932,2,5.0,0
D,3.7368101576651584,0,3.7368101576651584,0
D,3.078790375844955,0,3.078790375844955,0
D,0.2435779708732493,2,3.5141761300154366,0
D,5.0,0,5.0,0
D,2.0752794141454016,1,5.0,0
D,5.0,0,5.0,0
D,5.0,0,5.0,0
D,3.6834522782755377,0,3.6834522782755377,0
D,1.807536601031721,2,3.0183285467954697,0
D,5.0,0,5.0,0
D,2.4149938190126754,2,4.460110319243886,0
D,0.4690242114963873,2,5.0,0
D,4.162102646911061,0,4.162102646911061,0
D,2.3839187930112513,2,4.194366115441831,0
D,3.7925165148715796,0,3.7925165148715796,0
D,1.5542725936575554,2,5.0,0
D,1.7581667030842445,2,5.0,0
D,3.686211200683597,0,3.686211200683597,0
D,2.7448213644753183,2,5.0,0
D,0.0013676984798151862,2,5.0,0
D,3.533329693404178,2,4.053196756455952,0
D,0.4558362932060307,2,5.0,0
D,2.1675754307187356,2,5.0,0
D,5.0,0,5.0,0
D,1.9900039610622515,2,5.0,0
D,5.0,0,5.0,0
D,3.9080863729941866,1,5.0,0
D,2.160804524405441,2,5.0,0
D,3.7810866983858724,2,5.0,0
D,0.6177848450172048,2,5.0,0
D,0.9396487152587178,2,5.0,0
D,2.394459950557129,2,5.0,0
D,5.0,0,5.0,0
D,5.0,0,5.0,0
D,3.0504285536620457,0,3.0504285536620457,0
D,0.9347624911571136,1,4.250998364879355,0
D,2.270056329908698,2,5.0,0
D,3.61392633870175,1,4.610477665739778,0
D,3.1923155001037835,0,3.1923155001037835,0
D,5.0,0,5.0,0
D,3.9948469785397274,0,3.9948469785397274,0
D,3.743891227985294,2,5.0,0
D,0.03479765223098486,2,5.0,0
D,5.0,0,5.0,0
D,5.0,0,5.0,0
D,4.489804365008356,2,4.6411152825093245,0
D,2.398502582525774,2,3.127681989217348,0
D,5.0,0,5.0,0
D,2.008569878908788,2,5.0,0
D,5.0,0,5.0,0
D,1.5628066367764049,2,4.152471593300264,0
D,3.012563055256647,0,3.012563055256647,0
D,3.723443549448355,0,3.723443549448355,0
D,5.0,0,5.0,0
D,0.5313000593840412,2,5.0,0
D,5.0,0,5.0,0
D,0.7052191745703978,2,4.997527987301527,0
D,1.684199467285533,2,5.0,0
D,0.36591880761276113,2,5.0,0
D,1.6429689647615784,2,5.0,0
D,0.1075035600982043,2,3.669909655110739,0
D,3.1776668355283295,0,3.1776668355283295,0
D,3.9730806172123696,0,3.9730806172123696,0
D,2.906822647405437,2,4.202625122391554,0
D,2.1129996171236822,2,4.661687125456444,0
D,5.0,0,5.0,0
D,3.4222865118189127,0,3.4222865118189127,0
D,5.0,0,5.0,0
D,0.9062359557345109,1,3.5179476567418106,0
D,1.6096691127649445,2,5.0,0
D,5.0,0,5.0,0
D,2.774966349092488,2,5.0,0
D,4.856803751525759,0,4.856803751525759,0
D,4.80449117381975,2,5.0,0
D,2.463907351466754,2,3.4047115832776793,0
D,0.9844351550515681,2,3.462419042193813,0
D,5.0,0,5.0,0
D,3.992331608195439,0,3.992331608195439,0
D,3.4417691505063996,0,3.4417691505063996,0
D,0.15901766661195468,2,5.0,0
D,3.971575299018268,2,5.0,0
D,5.0,0,5.0,0
D,5.0,0,5.0,0
D,0.22827541267162194,2,5.0,0
D,5.0,0,5.0,0
D,3.6846625167090874,0,3.6846625167090874,0
D,3.3422617526853915,2,4.002535909770788,0
D,5.0,0,5.0,0
D,4.192098250964735,0,4.192098250964735,0
D,5.0,0,5.0,0
D,4.209749791060864,0,4.209749791060864,0
D,3.6426667258434318,2,4.20383090081401,0
D,5.0,0,5.0,0
D,0.8754497904970987,2,5.0,0
D,2.7769811832528886,2,5.0,0
D,2.455361291463125,2,5.0,0
D,2.938054209547541,2,5.0,0
D,0.31893548334382127,2,5.0,0
D,2.3592310963152445,2,5.0,0
D,2.07620346417457,2,5.0,0
D,1.7094722926110248,2,4.760457182515012,0
D,4.737849323530565,1,5.0,0
D,1.4843613369198034,2,5.0,0
D,2.4021729343785254,2,4.204522253711097,0
D,5.0,0,5.0,0
D,4.689901574898034,0,4.689901574898034,0
D,5.0,0,5.0,0
D,3.7123417484104517,0,3.7123417484104517,0
D,3.4723957432391246,0,3.4723957432391246,0
D,1.1410677818254231,2,3.7292704852153538,0
D,3.7346044258399065,1,5.0,0
D,5.0,0,5.0,0
D,1.3087431631813315,2,5.0,0
D,3.9875287935405823,0,3.9875287935405823,0
D,4.477417612160561,0,4.477417612160561,0
D,3.4922732438023925,0,3.4922732438023925,0
D,4.060661530399407,0,4.060661530399407,0
D,4.853143052983786,2,5.0,0
D,0.8754249216214562,2,5.0,0
D,3.898691035225938,2,5.0,0
D,0.17776201265543515,2,3.20810119348468,0
D,1.4547496155351594,2,4.6832294830350385,0
D,4.705191836560856,0,4.705191836560856,0
D,5.0,0,5.0,0
D,3.6620839270278256,0,3.6620839270278256,0
D,0.464279150591841,2,4.900181191301789,0
D,0.31615965743778257,2,3.602122083131555,0
D,1.7991980801968697,2,5.0,0
D,1.4398170520045057,2,5.0,0
D,5.0,0,5.0,0
D,5.0,0,5.0,0
D,4.900147373527937,1,5.0,0
D,4.250533680096268,2,5.0,0
D,3.7334344977269747,2,5.0,0
D,1.37778858258546,2,5.0,0
D,5.0,0,5.0,0
D,5.0,0,5.0,0
D,1.1879756163340032,2,5.0,0
D,3.6737687905697824,2,5.0,0
D,3.948378087036423,0,3.948378087036423,0
D,5.0,0,5.0,0
D,4.930878261442654,0,4.930878261442654,0
D,3.7741494337851833,2,5.0,0
D,5.0,0,5.0,0
D,2.825038660525367,2,3.157458376961212,0
D,0.6952208154054054,1,5.0,0
D,5.0,0,5.0,0
D,3.093282809769992,0,3.093282809769992,0
D,0.4807585646394049,2,5.0,0
D,2.5043988338271754,1,4.5323607192146715,0
D,1.395978970190778,2,5.0,0
D,4.938367472652288,0,4.938367472652288,0
D,5.0,0,5.0,0
D,0.6775823149974819,2,5.0,0
D,1.4419045257425351,2,5.0,0
D,3.1454159189056754,2,5.0,0
D,5.0,0,5.0,0
D,5.0,0,5.0,0
D,5.0,0,5.0,0
D,0.9147286997682388,1,5.0,0
D,3.9013964625295228,0,3.9013964625295228,0
D,5.0,0,5.0,0
D,5.0,0,5.0,0
D,3.2863427275494512,2,5.0,0
D,1.6339707700017851,2,5.0,0
D,0.11957842398387773,1,5.0,0
D,5.0,0,5.0,0
D,0.7979983028983454,2,5.0,0
D,2.9125747721971766,2,5.0,0
D,5.0,0,5.0,0
D,5.0,0,5.0,0
D,3.8660794105264387,0,3.8660794105264387,0
D,5.0,0,5.0,0
D,2.3743940322219155,2,5.0,0
D,1.7320171437023906,2,5.0,0
D,5.0,0,5.0,0
D,1.1856752448733767,2,5.0,0
D,0.14227513144856277,1,4.914190341317536,0
D,0.27067483988551483,2,4.989100695677388,0
D,1.2941151672086761,2,5.0,0
D,3.945690840567715,0,3.945690840567715,0
D,3.7169724466447205,0,3.7169724466447205,0
D,5.0,0,5.0,0
D,0.7159177456077114,2,5.0,0
D,3.921400706953701,2,5.0,0
D,4.2617770334450285,0,4.2617770334450285,0
D,2.282950054547271,2,4.900292328693357,0
D,3.573248535345832,0,3.573248535345832,0
D,3.999829307427921,2,5.0,0
D,1.4144336756504752,2,5.0,0
D,5.0,0,5.0,0
D,5.0,0,5.0,0
D,5.0,0,5.0,0
D,1.2038508295548644,1,5.0,0
D,0.9778796150850986,1,5.0,0
D,1.9236226396692417,2,3.121667952390603,0
D,5.0,0,5.0,0
D,3.29290057459367,0,3.29290057459367,0
D,5.0,0,5.0,0
D,4.87428893173211,0,4.87428893173211,0
D,3.757735164588997,0,3.757735164588997,0
D,4.601332566641936,0,4.601332566641936,0
D,3.4925994596096177,0,3.4925994596096177,0
D,5.0,0,5.0,0
D,0.09179850154520657,1,5.0,0
D,5.0,0,5.0,0
D,4.6551465894004345,0,4.6551465894004345,0
D,4.812169259279033,0,4.812169259279033,0
D,3.1155408934937086,2,5.0,0
D,5.0,0,5.0,0
D,1.8415632865330387,1,4.535615379907861,0
D,1.3306763908425128,2,3.1893652724078625,0
D,2.023141404301959,2,5.0,0
D,0.5034822094481838,2,3.0826909325420067,0
D,5.0,0,5.0,0
D,3.2928955697795494,0,3.2928955697795494,0
D,4.351805892076695,2,4.433880285119872,0
D,1.7033327486261152,2,4.8394225254271275,0
D,2.2837236674395296,1,4.056396341884676,0
D,5.0,0,5.0,0
D,0.05999522397115717,2,5.0,0
D,4.1530677425914,0,4.1530677425914,0
D,0.26130801329844655,2,5.0,0
D,3.4370499434423785,0,3.4370499434423785,0
D,1.4400754867155356,2,5.0,0
D,3.367620639324695,2,5.0,0
D,4.82886954195758,0,4.82886954195758,0
D,0.17110035178556746,2,3.2844669733366842,0
D,5.0,0,5.0,0
D,5.0,0,5.0,0
D,1.4249808620169409,2,3.2957816230429327,0
D,2.1345845607405933,2,4.837968662237778,0
D,4.983421626729049,2,5.0,0
D,5.0,0,5.0,0
D,3.590486593541887,0,3.590486593541887,0
D,1.6850257600127425,2,5.0,0
D,5.0,0,5.0,0
D,2.65165693751139,1,5.0,0
D,4.233224573304066,0,4.233224573304066,0
D,5.0,0,5.0,0
D,1.7722844986054047,2,4.767715019068145,0
D,0.9793984999491095,2,4.504334376761827,0
D,4.321194887150745,2,4.4594327651726,0
D,3.1975010668419657,0,3.1975010668419657,0
D,0.5326240444544466,2,5.0,0
D,3.6418206835376052,0,3.6418206835376052,0
D,3.893227483578787,2,5.0,0
D,4.965098627235944,2,5.0,0
D,5.0,0,5.0,0
D,0.4856838764945636,2,4.1903313610246915,0
D,2.3704533841198736,1,5.0,0
D,5.0,0,5.0,0
D,0.4064778734956564,2,5.0,0
D,5.0,0,5.0,0
D,4.853621078174413,1,5.0,0
D,2.1653474362990472,1,3.276757939542469,0
D,1.0922333487499063,2,4.776079508389163,0
D,1.5216344279874643,1,5.0,0
D,2.3728893942553273,1,5.0,0
D,4.313436587622472,0,4.313436587622472,0
D,5.0,0,5.0,0
D,2.6575786412496623,1,4.408720095581982,0
D,5.0,0,5.0,0
D,0.5237403253314797,2,4.669704389467254,0
D,3.8667549968249855,1,5.0,0
D,2.1246910775995995,2,5.0,0
D,4.210877827428938,2,5.0,0
D,2.299666610937768,1,3.816184037539532,0
D,0.6519147714566907,2,5.0,0
D,4.879555316336642,0,4.879555316336642,0
D,0.6442708223430997,2,4.372803631361459,0
D,4.251597421201438,2,5.0,0
D,0.671884610068403,2,5.0,0
D,2.2855126615812185,2,3.7881573617657684,0
D,4.117929388325056,2,5.0,0
D,1.0415991656565813,2,5.0,0
D,1.4219783949234603,2,5.0,0
D,0.2296593341581077,2,5.0,0
D,3.346850422309557,0,3.346850422309557,0
D,1.7709208646495576,2,5.0,0
D,2.44168747651464,2,4.305227783855081,0
D,1.5715156742617469,2,5.0,0
D,5.0,0,5.0,0
D,5.0,0,5.0,0
D,3.0854323444501333,0,3.0854323444501333,0
D,1.0574604588953316,2,3.1509593158540374,0
D,3.0078712567321144,2,5.0,0
D,4.030061705742972,2,5.0,0
D,3.2664233187326004,0,3.2664233187326004,0
D,5.0,0,5.0,0
D,2.792197308172285,2,5.0,0
D,5.0,0,5.0,0
D,5.0,0,5.0,0
D,2.796728412245033,2,5.0,0
D,5.0,0,5.0,0
D,0.5397334192081193,2,4.916241252330467,0
D,2.0420946928512684,2,5.0,0
D,1.5723424575311733,2,5.0,0
D,5.0,0,5.0,0
D,5.0,0,5.0,0
D,4.208411411861479,0,4.208411411861479,0
D,2.884254871881992,2,4.562883446731425,0
D,5.0,0,5.0,0
D,1.7882767910395203,2,3.8164609889024654,0
D,3.1710699157467177,2,3.8010660396469764,0
D,5.0,0,5.0,0
D,3.446982288653959,0,3.446982288653959,0
D,2.7376286014841273,2,5.0,0
D,0.3144344859128911,2,3.030838629818356,0
D,5.0,0,5.0,0
D,2.2993461689532997,2,5.0,0
D,1.8711871345649989,2,5.0,0
D,2.772598346949414,2,3.0151148273528245,0
D,3.79354549755231,0,3.79354549755231,0
D,0.287468351430364,2,3.9439801625827733,0
D,3.2991692229469165,2,4.948144749405615,0
D,0.9673844595489195,2,5.0,0
D,5.0,0,5.0,0
D,1.720210712029244,2,5.0,0
D,4.9265600724497345,0,4.9265600724497345,0
D,0.9502541674204475,2,3.46925440039074,0
D,5.0,0,5.0,0
D,3.1433878068421857,2,5.0,0
D,2.1576653555442036,2,5.0,0
D,3.2128820742572994,0,3.2128820742572994,0
D,1.5381526955650255,2,5.0,0
D,5.0,0,5.0,0
D,3.651490018409027,2,5.0,0
D,5.0,0,5.0,0
D,5.0,0,5.0,0
D,1.3014144584359448,1,5.0,0
D,3.4091269993532265,2,4.600309772317574,0
D,0.8479975179034387,2,5.0,0
D,3.7995433075768266,0,3.7995433075768266,0
D,3.542037893982417,0,3.542037893982417,0
D,5.0,0,5.0,0
D,0.3113557612655274,2,5.0,0
D,5.0,0,5.0,0
D,0.2362167410954629,2,3.3861064654463293,0
D,0.5983369804250406,2,5.0,0
D,1.1401919033473331,2,3.178028275497613,0
D,5.0,0,5.0,0
D,0.9777357151146242,1,3.965282788653829,0
D,0.4844773674711683,2,5.0,0
D,3.533384556606713,2,5.0,0
D,2.9371558839007945,2,3.741835829574677,0
D,0.4469613549388645,2,5.0,0
D,0.27185632954356864,1,5.0,0
D,0.9800396195907348,2,5.0,0
D,3.3193517422934686,2,4.7860907068287295,0
D,2.4888833098078114,2,4.793807713352668,0
D,3.7967658600368583,0,3.7967658600368583,0
D,5.0,0,5.0,0
D,5.0,0,5.0,0
D,1.9877698635990937,2,5.0,0
D,2.8023247538361145,2,3.477835900606998,0
D,5.0,0,5.0,0
D,1.6061804284862775,2,4.6392609760814025,0
D,5.0,0,5.0,0
D,0.07922426543942213,2,4.527248156999391,0
D,1.5381614386872475,2,4.4057930898874895,0
D,3.5474837801787706,0,3.5474837801787706,0
D,2.086938488836889,2,5.0,0
D,1.5480837930003308,2,5.0,0
D,0.6858758591242239,2,4.082532271011091,0
D,3.8839310086470893,0,3.8839310086470893,0
D,4.791474710260929,0,4.791474710260929,0
D,3.7632414374338135,1,5.0,0
D,5.0,0,5.0,0
D,5.0,0,5.0,0
D,0.5098241992506318,2,5.0,0
D,1.6226974862335712,2,5.0,0
D,5.0,0,5.0,0
D,5.0,0,5.0,0
D,5.0,0,5.0,0
D,2.389061190546595,2,5.0,0
D,4.546535213321809,2,5.0,0
D,5.0,0,5.0,0
D,4.2969250237031655,0,4.2969250237031655,0
D,5.0,0,5.0,0
D,0.4998252090644714,2,5.0,0
D,5.0,0,5.0,0
D,3.2740420036034386,2,4.571247536963334,0
D,1.6068776416500057,2,5.0,0
D,5.0,0,5.0,0
D,5.0,0,5.0,0
D,5.0,0,5.0,0
D,3.5325571606563537,0,3.5325571606563537,0
D,0.19130264286939824,2,3.2090436669122115,0
D,0.8058315022600168,2,4.595522055384482,0
D,1.2708688168373579,1,5.0,0
D,3.0584883027654217,2,5.0,0
D,2.677660102176291,2,5.0,0
D,1.48391054853331,2,3.161640004284078,0
D,3.764032739722953,2,5.0,0
D,4.124808867202005,2,5.0,0
D,1.183430957170077,2,3.5115494409739925,0
D,4.295073708856363,0,4.295073708856363,0
D,0.4921061207671262,2,4.08575011964834,0
D,3.9152643818140875,0,3.9152643818140875,0
D,3.6323804040613035,0,3.6323804040613035,0
D,5.0,0,5.0,0
D,5.0,0,5.0,0
D,4.987451596094068,0,4.987451596094068,0
D,0.6674396595433143,2,5.0,0
D,5.0,0,5.0,0
D,3.9412460559543705,0,3.9412460559543705,0
D,5.0,0,5.0,0
D,4.902676777221691,0,4.902676777221691,0
D,5.0,0,5.0,0
D,3.054091594683983,1,5.0,0
D,3.478917236263175,0,3.478917236263175,0
D,1.647903094102193,2,5.0,0
D,0.1846451829880391,2,5.0,0
D,4.253713922708,0,4.253713922708,0
D,5.0,0,5.0,0
D,1.8557562269992298,2,5.0,0
D,4.548217964406689,0,4.548217964406689,0
D,4.086262803804673,0,4.086262803804673,0
D,5.0,0,5.0,0
D,5.0,0,5.0,0
D,2.4097099373945565,2,5.0,0
D,5.0,0,5.0,0
D,1.4847516629292639,1,5.0,0
D,3.4759528807324953,0,3.4759528807324953,0
D,0.7229430937636186,1,5.0,0
D,2.617218783814039,2,3.9581447835792885,0
D,5.0,0,5.0,0
D,5.0,0,5.0,0
D,3.2005284809713483,0,3.2005284809713483,0
D,2.1196334816181692,2,4.2949771651991835,0
D,0.14166519824403606,2,5.0,0
D,3.5087557675033696,2,5.0,0
D,1.1117190908048715,2,5.0,0
D,5.0,0,5.0,0
D,3.491187722706539,2,3.7729276360773785,0
D,5.0,0,5.0,0
D,5.0,0,5.0,0
D,2.5614072269532393,2,3.7690844078498724,0
D,4.616394031508423,2,5.0,0
