id,end,died,tinit,user
0,0.48722438316797484,1,,0
1,0.9351831057265664,1,,0
2,1.0,0,0.6846715738803837,1
3,1.0,0,0.1331908077717417,1
4,1.0,0,0.1355312240560734,1
5,1.0,0,0.35224977606156704,1
6,1.0,0,0.9241386962091994,1
7,0.7048285086525095,1,0.6207970922204932,1
8,1.0,0,0.6764438046420128,1
9,1.0,0,0.035438598768993315,1
10,1.0,0,,0
11,1.0,0,,0
12,1.0,0,0.7641875956890216,1
13,1.0,0,,0
14,1.0,0,,0
15,1.0,0,0.8779437185536675,1
16,1.0,0,0.026435054706098193,1
17,1.0,0,,0
18,0.24282408009519132,1,0.09031733954397314,1
19,0.6014963553910213,1,0.5443827156159783,1
20,0.29852101172536816,1,,0
21,1.0,0,,0
22,1.0,0,0.4669003333762026,1
23,1.0,0,,0
24,1.0,0,,0
25,1.0,0,0.3052660054315985,1
26,1.0,0,0.2874676840981709,1
27,1.0,0,,0
28,1.0,0,0.661769850077791,1
29,1.0,0,,0
30,0.9293516937838331,1,0.034052227007006136,1
31,1.0,0,0.9056830809217671,1
32,1.0,0,,0
33,1.0,0,,0
34,1.0,0,,0
35,1.0,0,,0
36,1.0,0,0.6701468918948718,1
37,1.0,0,0.935170565756449,1
38,1.0,0,,0
39,1.0,0,,0
40,1.0,0,0.38413088711593457,1
41,1.0,0,0.20729903745842854,1
42,1.0,0,0.7069159135649179,1
43,1.0,0,,0
44,1.0,0,0.27898874106930033,1
45,0.39603845557233985,1,,0
46,1.0,0,,0
47,1.0,0,0.29413452662542017,1
48,1.0,0,,0
49,0.2697977210399088,1,,0
50,1.0,0,0.3550548257556169,1
51,1.0,0,,0
52,1.0,0,0.6394914957858109,1
53,1.0,0,,0
54,1.0,0,0.20052015615888427,1
55,1.0,0,0.0975591173584024,1
56,1.0,0,0.5155960205815128,1
57,1.0,0,0.26082173438091666,1
58,1.0,0,0.5591970674057197,1
59,1.0,0,0.12906119547917883,1
60,1.0,0,,0
61,0.38637218601915513,1,0.09286055619575495,1
62,1.0,0,,0
63,1.0,0,,0
64,0.12119534206699821,1,,0
65,1.0,0,0.6156102986029065,1
66,1.0,0,0.01869553255564043,1
67,1.0,0,0.35234815239373446,1
68,1.0,0,0.9796116774168658,1
69,0.7338258490909908,1,,0
70,1.0,0,0.0038928553630321137,1
71,1.0,0,0.5715940348521727,1
72,1.0,0,,0
73,1.0,0,,0
74,1.0,0,0.07359567490436171,1
75,1.0,0,0.25396519040771454,1
76,1.0,0,,0
77,1.0,0,0.6091408865473888,1
78,1.0,0,0.6435071917460646,1
79,0.25029297985931476,1,0.03086810470762349,1
80,0.4538584097932041,1,,0
81,1.0,0,0.2218179285485548,1
82,1.0,0,0.7889363893143322,1
83,1.0,0,0.7575313052385486,1
84,0.03973604046749971,1,,0
85,1.0,0,,0
86,0.032345831805089736,1,,0
87,1.0,0,0.8010324259384892,1
88,0.37285331739945615,1,,0
89,0.8285351485037071,1,,0
90,1.0,0,,0
91,1.0,0,,0
92,1.0,0,,0
93,0.24175915177384028,1,,0
94,1.0,0,,0
95,1.0,0,,0
96,1.0,0,0.6492316174438443,1
97,0.012060015670618561,1,,0
98,1.0,0,,0
99,1.0,0,,0
100,1.0,0,,0
101,1.0,0,0.9655201910719375,1
102,1.0,0,,0
103,1.0,0,0.395033524021053,1
104,1.0,0,,0
105,1.0,0,,0
106,0.04492609873540166,1,,0
107,0.4504107345157012,1,0.1362175429350166,1
108,0.1818397820089863,1,0.12951545963310687,1
109,1.0,0,0.37782079345620995,1
110,0.987340813423994,1,0.3507444110211587,1
111,1.0,0,,0
112,1.0,0,,0
113,1.0,0,0.6606754557021269,1
114,1.0,0,0.9204401059616484,1
115,1.0,0,,0
116,1.0,0,0.4368092437444163,1
117,0.08258168509223242,1,,0
118,1.0,0,0.04886846429559788,1
119,1.0,0,0.26555285620548746,1
120,1.0,0,0.7844512600682129,1
121,1.0,0,,0
122,1.0,0,0.17546817780330257,1
123,1.0,0,,0
124,1.0,0,0.2114537653153525,1
125,1.0,0,,0
126,1.0,0,,0
127,1.0,0,0.1740567366023523,1
128,1.0,0,,0
129,1.0,0,0.4178331361584024,1
130,1.0,0,0.08412868598013565,1
131,1.0,0,0.9556584091475661,1
132,1.0,0,,0
133,0.37853402256184715,1,0.19899739361259783,1
134,1.0,0,,0
135,1.0,0,0.45132917786189475,1
136,1.0,0,0.9288263293606783,1
137,0.5716006533378744,1,0.2804270149538625,1
138,1.0,0,0.8056880428449941,1
139,1.0,0,0.4398780833403502,1
140,0.17666508856157842,1,,0
141,0.014778277686920886,1,,0
142,1.0,0,0.854147196435903,1
143,1.0,0,0.3014834408579693,1
144,1.0,0,,0
145,1.0,0,0.24694640308667093,1
146,1.0,0,,0
147,1.0,0,,0
148,1.0,0,0.1315421668503646,1
149,1.0,0,0.6761073130671804,1
150,1.0,0,0.8754591558629283,1
151,1.0,0,0.08455617661255412,1
152,1.0,0,,0
153,1.0,0,,0
154,1.0,0,,0
155,0.5653640836496402,1,0.3556915520361127,1
156,1.0,0,0.368731695061809,1
157,1.0,0,,0
158,1.0,0,0.20804770764593342,1
159,1.0,0,,0
160,1.0,0,,0
161,1.0,0,,0
162,0.29749697848581835,1,,0
163,1.0,0,0.35184174372500265,1
164,1.0,0,,0
165,1.0,0,0.5308376073001191,1
166,1.0,0,,0
167,1.0,0,,0
168,1.0,0,,0
169,0.9093888929626334,1,,0
170,1.0,0,0.45907234831560917,1
171,1.0,0,,0
172,0.5113175632465036,1,,0
173,0.5942593100655182,1,0.26695974933691147,1
174,1.0,0,0.8390649293801588,1
175,0.659805284155647,1,,0
176,1.0,0,,0
177,1.0,0,0.3228175093098882,1
178,1.0,0,,0
179,1.0,0,0.4432230005311305,1
180,1.0,0,,0
181,1.0,0,0.13565899438789952,1
182,1.0,0,,0
183,0.3280421586645394,1,,0
184,0.45759360956262407,1,,0
185,1.0,0,0.47497514890508646,1
186,1.0,0,,0
187,0.0037715140969452176,1,,0
188,1.0,0,0.8750017036647691,1
189,1.0,0,,0
190,1.0,0,0.7489101755319182,1
191,1.0,0,,0
192,0.34332168357830517,1,,0
193,1.0,0,0.18070259820140358,1
194,0.47830730331958027,1,,0
195,1.0,0,,0
196,0.1670670949815612,1,,0
197,1.0,0,0.7220069064020761,1
198,1.0,0,,0
199,1.0,0,0.38430844299174105,1
200,1.0,0,0.3577941210940457,1
201,0.6834019595450229,1,0.18678738749285673,1
202,1.0,0,0.5131694688260402,1
203,1.0,0,,0
204,0.7892444329432964,1,,0
205,1.0,0,,0
206,1.0,0,0.10923036775227087,1
207,1.0,0,0.08510910466458763,1
208,1.0,0,0.23567984856825244,1
209,1.0,0,,0
210,1.0,0,,0
211,1.0,0,0.8190834542787158,1
212,1.0,0,0.00947125285260327,1
213,1.0,0,,0
214,0.1933902036602998,1,,0
215,0.0014444937543299848,1,,0
216,1.0,0,0.4669738482811515,1
217,1.0,0,0.881999281507753,1
218,1.0,0,0.7276066555745945,1
219,0.12819537708658862,1,,0
220,1.0,0,,0
221,1.0,0,,0
222,1.0,0,,0
223,1.0,0,0.7094904614794549,1
224,1.0,0,0.3702948653894274,1
225,1.0,0,,0
226,0.08383926487880178,1,,0
227,0.03358906122026824,1,,0
228,1.0,0,,0
229,1.0,0,0.4781449963011157,1
230,0.3498363729197597,1,,0
231,1.0,0,,0
232,0.772084189360874,1,,0
233,1.0,0,,0
234,1.0,0,,0
235,0.5591538523638511,1,,0
236,1.0,0,,0
237,1.0,0,,0
238,1.0,0,,0
239,1.0,0,0.24766691146078795,1
240,1.0,0,0.490226836394958,1
241,1.0,0,,0
242,1.0,0,,0
243,1.0,0,,0
244,1.0,0,,0
245,0.7750590051398012,1,0.7624157696864378,1
246,0.34874406424147636,1,0.05589649902666148,1
247,0.597479105967277,1,0.19934875695437604,1
248,0.2836294190435782,1,,0
249,1.0,0,0.4035906669072236,1
250,1.0,0,,0
251,1.0,0,0.4065932064793688,1
252,0.9171787845852424,1,,0
253,0.9065026808148328,1,,0
254,1.0,0,0.20748726956605631,1
255,1.0,0,0.08418412634135845,1
256,0.33081034231872836,1,,0
257,1.0,0,,0
258,1.0,0,,0
259,1.0,0,0.4595890387292286,1
260,1.0,0,,0
261,0.9084217214367277,1,,0
262,1.0,0,0.1362338039619288,1
263,0.12999809083724867,1,,0
264,1.0,0,,0
265,1.0,0,,0
266,1.0,0,,0
267,1.0,0,0.2371050635580947,1
268,0.09304968802518353,1,,0
269,1.0,0,0.7105789727778686,1
270,1.0,0,0.1451990486446303,1
271,1.0,0,0.8470373332470863,1
272,1.0,0,0.06290982260788916,1
273,1.0,0,,0
274,0.24758954568158456,1,,0
275,1.0,0,,0
276,0.22564326278836283,1,,0
277,1.0,0,,0
278,0.9799054012053215,1,,0
279,1.0,0,,0
280,1.0,0,0.743508605191786,1
281,1.0,0,0.5906629110283587,1
282,0.8782871965279573,1,0.05282079624621557,1
283,1.0,0,0.992675774341552,1
284,1.0,0,,0
285,0.7325412830019844,1,0.2524637095502549,1
286,1.0,0,0.6835418668919165,1
287,1.0,0,,0
288,0.35501937417862517,1,,0
289,1.0,0,,0
290,1.0,0,0.17994541618739984,1
291,1.0,0,0.3730224104864545,1
292,1.0,0,,0
293,1.0,0,,0
294,1.0,0,0.9253210912214801,1
295,1.0,0,,0
296,1.0,0,0.12386488298178759,1
297,1.0,0,0.08756741005506236,1
298,0.8256586081049542,1,0.3460045875989388,1
299,1.0,0,,0
300,1.0,0,0.48581340956168245,1
301,1.0,0,0.36728825363278683,1
302,1.0,0,0.043097656826605414,1
303,1.0,0,,0
304,0.9432924459211676,1,,0
305,1.0,0,,0
306,1.0,0,,0
307,1.0,0,0.10520065732478628,1
308,1.0,0,0.7636011835707635,1
309,1.0,0,0.14050984701893443,1
310,1.0,0,,0
311,1.0,0,0.23911996937576452,1
312,1.0,0,0.9068221513431677,1
313,1.0,0,0.4923235792473638,1
314,1.0,0,,0
315,0.865328441546772,1,0.7368862471939884,1
316,1.0,0,,0
317,1.0,0,0.4624727855910157,1
318,1.0,0,0.5852768968956935,1
319,1.0,0,0.0332377141301946,1
320,1.0,0,,0
321,0.8478396667346814,1,,0
322,0.1743750760958834,1,,0
323,1.0,0,,0
324,1.0,0,0.08334338547070749,1
325,1.0,0,0.26691889725733214,1
326,1.0,0,0.34280098901170447,1
327,1.0,0,0.9880355425452547,1
328,1.0,0,,0
329,1.0,0,0.3388200825870496,1
330,1.0,0,0.710960853492628,1
331,0.9818357063521206,1,,0
332,1.0,0,0.3630931822905459,1
333,1.0,0,0.7825055604946443,1
334,0.44181395383998323,1,,0
335,1.0,0,0.6411720267416277,1
336,0.20654122244764525,1,,0
337,1.0,0,,0
338,1.0,0,0.0552207559196115,1
339,0.5746541840777272,1,0.21805476799484586,1
340,0.5258117813518692,1,0.08704960973821155,1
341,1.0,0,,0
342,1.0,0,,0
343,0.9749764252072355,1,0.3910216589747652,1
344,1.0,0,0.3161638001614746,1
345,1.0,0,0.5134810071595216,1
346,1.0,0,0.3777770014763345,1
347,1.0,0,,0
348,1.0,0,0.050360374989879254,1
349,1.0,0,0.7462102892109361,1
350,1.0,0,0.7186786985811959,1
351,1.0,0,0.0013451642220630839,1
352,1.0,0,0.7343309070531899,1
353,0.9393570276209207,1,,0
354,1.0,0,0.7033012218018388,1
355,1.0,0,,0
356,1.0,0,0.32917569909666733,1
357,0.7374780015798275,1,,0
358,1.0,0,0.6042201608232787,1
359,1.0,0,0.6248591503280482,1
360,1.0,0,,0
361,0.23114412519943564,1,,0
362,1.0,0,0.25148077615350134,1
363,1.0,0,,0
364,0.4575940379366386,1,,0
365,1.0,0,,0
366,1.0,0,,0
367,1.0,0,,0
368,1.0,0,,0
369,1.0,0,0.23581550945653515,1
370,1.0,0,0.43737236582278816,1
371,1.0,0,0.021966999481108775,1
372,1.0,0,,0
373,1.0,0,,0
374,1.0,0,,0
375,1.0,0,,0
376,1.0,0,,0
377,0.005880286242390278,1,,0
378,1.0,0,,0
379,0.041873263244606544,1,,0
380,1.0,0,,0
381,0.6458382841620641,1,0.599591027247279,1
382,1.0,0,,0
383,1.0,0,,0
384,1.0,0,,0
385,1.0,0,0.012510094392478693,1
386,1.0,0,0.2262100008285774,1
387,1.0,0,0.23709726925044644,1
388,0.4049309285977914,1,,0
389,1.0,0,0.14099467319319495,1
390,1.0,0,,0
391,1.0,0,0.27142772860342707,1
392,1.0,0,,0
393,1.0,0,0.08180243989517381,1
394,1.0,0,,0
395,1.0,0,0.09082437324111897,1
396,0.23133411127620063,1,0.014630159009151147,1
397,1.0,0,,0
398,1.0,0,0.34080962166226797,1
399,0.6879095086295816,1,,0
400,1.0,0,0.28662116385509906,1
401,1.0,0,,0
402,0.013128847565133097,1,,0
403,0.12637752089783746,1,,0
404,1.0,0,0.5746174244330223,1
405,1.0,0,,0
406,1.0,0,,0
407,1.0,0,0.2822649667344384,1
408,1.0,0,,0
409,0.3930384300138568,1,0.19951884218402957,1
410,1.0,0,0.17145081843834817,1
411,0.9156322160796386,1,0.6365155179945539,1
412,0.3362737123469895,1,,0
413,1.0,0,0.14189323699576215,1
414,1.0,0,0.281124227512949,1
415,1.0,0,0.2870591537440875,1
416,0.8933259098372969,1,,0
417,1.0,0,0.11903609254748522,1
418,1.0,0,,0
419,1.0,0,,0
420,1.0,0,0.44213799793183717,1
421,0.057949037501792526,1,,0
422,1.0,0,,0
423,1.0,0,0.4021776816931829,1
424,1.0,0,0.17355762974284494,1
425,0.5938665576628679,1,,0
426,0.36599338015356975,1,,0
427,1.0,0,0.619784007572727,1
428,1.0,0,0.4489733874674986,1
429,1.0,0,0.444610867248034,1
430,1.0,0,,0
431,0.26253696795623843,1,,0
432,1.0,0,0.8003949596491966,1
433,0.11100986094228296,1,,0
434,0.35940095358361374,1,,0
435,1.0,0,0.021259932318196055,1
436,0.49498789479101984,1,,0
437,1.0,0,,0
438,1.0,0,,0
439,1.0,0,0.29059410710019484,1
440,1.0,0,,0
441,1.0,0,0.6045109231235729,1
442,1.0,0,0.3583003954538157,1
443,1.0,0,,0
444,1.0,0,,0
445,1.0,0,0.04558284167376189,1
446,1.0,0,0.8967153453118152,1
447,1.0,0,0.7076375243193208,1
448,0.5263078053132317,1,,0
449,1.0,0,0.3599779132322766,1
450,1.0,0,0.06948196909291354,1
451,1.0,0,,0
452,1.0,0,0.510838427252187,1
453,0.4453745482534492,1,,0
454,1.0,0,,0
455,1.0,0,0.12256955221203467,1
456,1.0,0,,0
457,0.05230123400849899,1,,0
458,1.0,0,,0
459,1.0,0,0.7008950833696103,1
460,0.13904291995243406,1,,0
461,0.15723380000906845,1,,0
462,1.0,0,,0
463,1.0,0,,0
464,0.5867604414228014,1,,0
465,1.0,0,,0
466,1.0,0,,0
467,1.0,0,,0
468,1.0,0,0.1273910563685116,1
469,1.0,0,0.042766021077661795,1
470,1.0,0,0.36068879858266967,1
471,1.0,0,,0
472,1.0,0,,0
473,1.0,0,0.009921097558365656,1
474,1.0,0,0.14485070938052166,1
475,1.0,0,,0
476,1.0,0,,0
477,1.0,0,,0
478,0.008682403349527587,1,,0
479,1.0,0,,0
480,1.0,0,,0
481,0.9453812701917678,1,,0
482,1.0,0,,0
483,1.0,0,0.8556819918628347,1
484,1.0,0,,0
485,0.5315616768572259,1,0.3773364182944265,1
486,1.0,0,0.6606284870818943,1
487,1.0,0,0.19528747854619766,1
488,0.584841307095996,1,,0
489,1.0,0,0.4071909593956199,1
490,1.0,0,,0
491,1.0,0,0.581948312908238,1
492,1.0,0,0.5471480820344847,1
493,1.0,0,,0
494,0.7705920652214154,1,0.06940815916434376,1
495,1.0,0,,0
496,1.0,0,,0
497,0.42379429424164605,1,,0
498,0.05070844735218256,1,,0
499,0.4876235927721035,1,,0
500,1.0,0,0.5996925544470815,1
501,1.0,0,0.13030446887445554,1
502,0.12384579908234164,1,,0
503,1.0,0,0.8733464480135733,1
504,1.0,0,0.18746570218201317,1
505,0.7633556618044829,1,,0
506,1.0,0,0.09539806247758824,1
507,1.0,0,,0
508,0.5094420653520123,1,,0
509,1.0,0,,0
510,1.0,0,,0
511,1.0,0,,0
512,0.5345980707162954,1,0.18333292413455485,1
513,1.0,0,,0
514,1.0,0,0.5034943646439339,1
515,1.0,0,,0
516,1.0,0,,0
517,1.0,0,,0
518,1.0,0,0.8283716248368415,1
519,1.0,0,,0
520,1.0,0,0.5951857082186148,1
521,1.0,0,,0
522,1.0,0,0.547616592008492,1
523,1.0,0,,0
524,1.0,0,,0
525,1.0,0,,0
526,1.0,0,0.460364375192728,1
527,1.0,0,0.3060052648617923,1
528,1.0,0,0.25403015380312793,1
529,1.0,0,0.1228612569970272,1
530,1.0,0,0.9165694277654897,1
531,1.0,0,,0
532,1.0,0,0.13982976759139248,1
533,0.2597813987520176,1,,0
534,1.0,0,0.27318199440553703,1
535,1.0,0,,0
536,1.0,0,0.5011211935171495,1
537,1.0,0,0.044876843379121116,1
538,1.0,0,0.2032064812885313,1
539,0.33676510364198375,1,0.2258335044667841,1
540,1.0,0,,0
541,0.0036147366395617654,1,,0
542,1.0,0,,0
543,0.48664864366242383,1,0.4286177204090631,1
544,1.0,0,0.15293730875476916,1
545,1.0,0,,0
546,1.0,0,0.7061311033033711,1
547,1.0,0,,0
548,0.6598323219978162,1,0.6453126250015102,1
549,1.0,0,,0
550,1.0,0,,0
551,0.6206362044639144,1,,0
552,1.0,0,0.038969702639976345,1
553,1.0,0,0.8991991467518519,1
554,0.579109121866513,1,,0
555,1.0,0,,0
556,1.0,0,0.07992524659729044,1
557,1.0,0,,0
558,1.0,0,,0
559,1.0,0,0.025013647842337464,1
560,1.0,0,,0
561,1.0,0,0.6752169059595561,1
562,1.0,0,,0
563,1.0,0,0.539441667496375,1
564,1.0,0,,0
565,1.0,0,,0
566,0.20270775173277528,1,,0
567,1.0,0,,0
568,0.4797990496398231,1,0.10850508918344275,1
569,0.5783265755710669,1,,0
570,1.0,0,,0
571,1.0,0,,0
572,0.48048580255833334,1,0.21475096058720775,1
573,1.0,0,,0
574,1.0,0,0.42410943462236117,1
575,0.6831066620075469,1,,0
576,1.0,0,0.9055366272185554,1
577,1.0,0,0.21163126136225527,1
578,0.4499796862953761,1,,0
579,1.0,0,,0
580,1.0,0,0.7508264286459301,1
581,1.0,0,,0
582,0.5004358158045634,1,0.4661271698457965,1
583,1.0,0,0.39209786510361905,1
584,1.0,0,0.6215477897498652,1
585,1.0,0,0.47954937693946703,1
586,1.0,0,0.408038362538217,1
587,0.3028461844883295,1,,0
588,1.0,0,0.296181448735659,1
589,0.13830266638819766,1,,0
590,1.0,0,,0
591,1.0,0,0.3975145013070527,1
592,1.0,0,0.6419853587886033,1
593,1.0,0,,0
594,0.2587520776531271,1,0.06189929183372607,1
595,1.0,0,,0
596,1.0,0,,0
597,1.0,0,0.49677735699830805,1
598,1.0,0,,0
599,1.0,0,,0
600,1.0,0,0.39735895663481935,1
601,1.0,0,0.5606697649464906,1
602,1.0,0,,0
603,1.0,0,0.7759945851974253,1
604,1.0,0,0.07318467317587128,1
605,1.0,0,,0
606,1.0,0,,0
607,1.0,0,,0
608,1.0,0,0.06936554270207346,1
609,1.0,0,,0
610,1.0,0,,0
611,1.0,0,,0
612,1.0,0,,0
613,1.0,0,0.24238440463510152,1
614,0.5141861432238074,1,,0
615,1.0,0,,0
616,1.0,0,,0
617,1.0,0,,0
618,1.0,0,0.21643851139331147,1
619,1.0,0,0.6862302089569624,1
620,1.0,0,0.14124061209108996,1
621,1.0,0,,0
622,1.0,0,0.3275294119625581,1
623,1.0,0,,0
624,1.0,0,0.3255212921809776,1
625,1.0,0,,0
626,1.0,0,,0
627,1.0,0,,0
628,1.0,0,,0
629,1.0,0,0.833421733556521,1
630,1.0,0,,0
631,1.0,0,,0
632,1.0,0,0.5728765653282862,1
633,1.0,0,0.0719209122598767,1
634,1.0,0,0.8775234626280733,1
635,1.0,0,0.16006158843285412,1
636,1.0,0,0.11731157284646918,1
637,1.0,0,,0
638,1.0,0,,0
639,1.0,0,,0
640,1.0,0,,0
641,1.0,0,0.6666959926631416,1
642,0.5421487170351701,1,,0
643,1.0,0,0.5033979086368539,1
644,0.4501006575087825,1,,0
645,1.0,0,0.4969418717199451,1
646,1.0,0,0.10585422126610904,1
647,0.029531236933022183,1,,0
648,1.0,0,0.8219417686389552,1
649,0.5077240944874013,1,,0
650,1.0,0,,0
651,1.0,0,0.19170886473135318,1
652,1.0,0,,0
653,1.0,0,0.09109963285491152,1
654,1.0,0,,0
655,1.0,0,0.21551011417832505,1
656,0.12972908139183356,1,0.08961090285410062,1
657,1.0,0,,0
658,0.9202547608547277,1,0.23471262921915612,1
659,1.0,0,0.16130181208225075,1
660,1.0,0,,0
661,1.0,0,0.5794192131759078,1
662,0.5220090586931877,1,,0
663,0.9298500435786691,1,,0
664,1.0,0,0.9809928084357404,1
665,1.0,0,0.4078946569930364,1
666,1.0,0,0.018613418041964626,1
667,0.9675435157965323,1,0.11910060445303512,1
668,0.9551280347651523,1,0.764924644282832,1
669,0.9897043338492258,1,0.18739143026055124,1
670,1.0,0,,0
671,1.0,0,,0
672,1.0,0,0.2642410119543399,1
673,1.0,0,,0
674,1.0,0,0.21214219880687285,1
675,0.4152977936908292,1,,0
676,0.07096280085569835,1,,0
677,1.0,0,0.4775578827136239,1
678,1.0,0,,0
679,0.809262295828664,1,,0
680,1.0,0,0.9579848151274005,1
681,1.0,0,0.504052179411397,1
682,0.009263874724166744,1,,0
683,0.6327758930849446,1,0.2866686470271365,1
684,1.0,0,,0
685,0.2897619458883973,1,,0
686,1.0,0,0.14833944250889178,1
687,1.0,0,0.713461241175216,1
688,1.0,0,,0
689,1.0,0,0.514445045260521,1
690,1.0,0,0.5343618683988914,1
691,1.0,0,0.25152796432194946,1
692,0.37040578290549114,1,,0
693,0.9123707371908443,1,,0
694,0.2887639094029565,1,,0
695,1.0,0,0.07430314767753281,1
696,1.0,0,,0
697,1.0,0,,0
698,0.3304674256397171,1,,0
699,1.0,0,,0
700,1.0,0,,0
701,1.0,0,,0
702,1.0,0,0.8674949968046918,1
703,0.1098993872422282,1,,0
704,1.0,0,0.24516446666167932,1
705,0.8559170452146877,1,,0
706,1.0,0,,0
707,1.0,0,0.48882802804202075,1
708,1.0,0,0.5132442906585426,1
709,1.0,0,0.05085048541334801,1
710,0.3710681428654764,1,,0
711,1.0,0,,0
712,1.0,0,,0
713,1.0,0,0.5657730951409616,1
714,1.0,0,0.5609157107808945,1
715,1.0,0,0.8736145162303555,1
716,1.0,0,,0
717,1.0,0,0.43989897221434604,1
718,1.0,0,0.37312380995249267,1
719,1.0,0,,0
720,1.0,0,,0
721,1.0,0,,0
722,1.0,0,,0
723,1.0,0,0.43517025625438,1
724,1.0,0,,0
725,1.0,0,0.017356748576287252,1
726,1.0,0,,0
727,0.0849896149118821,1,,0
728,1.0,0,,0
729,1.0,0,,0
730,1.0,0,,0
731,0.8323745364875521,1,0.6935360805045869,1
732,1.0,0,0.7601855550734101,1
733,1.0,0,,0
734,0.81172926161895,1,0.09273514426097589,1
735,1.0,0,0.3698673842548555,1
736,1.0,0,0.8645919751604538,1
737,1.0,0,0.15889960159763397,1
738,0.3156310746173315,1,,0
739,1.0,0,0.5436935455540852,1
740,1.0,0,,0
741,1.0,0,0.10063123099886628,1
742,0.9366332459029079,1,,0
743,1.0,0,,0
744,1.0,0,0.7905183029390824,1
745,1.0,0,0.23593045843900676,1
746,1.0,0,0.6369220096562063,1
747,1.0,0,0.3350066157193456,1
748,1.0,0,0.4134015029551585,1
749,1.0,0,,0
750,0.27995167982860725,1,,0
751,0.6422383888790522,1,,0
752,1.0,0,,0
753,1.0,0,0.8827791578083759,1
754,1.0,0,,0
755,1.0,0,0.055042960902767016,1
756,1.0,0,0.39633486185013533,1
757,1.0,0,0.3858391498642238,1
758,1.0,0,,0
759,1.0,0,0.2892287533214186,1
760,1.0,0,,0
761,0.9206884747522157,1,0.7724873085457296,1
762,0.3308613018145898,1,,0
763,1.0,0,,0
764,1.0,0,0.7822319829322847,1
765,0.5770659557547619,1,,0
766,1.0,0,,0
767,1.0,0,,0
768,1.0,0,,0
769,1.0,0,,0
770,1.0,0,,0
771,1.0,0,,0
772,0.6128831771605823,1,,0
773,1.0,0,0.22482408990881692,1
774,1.0,0,,0
775,1.0,0,,0
776,1.0,0,0.35016583399161766,1
777,1.0,0,,0
778,1.0,0,,0
779,0.4233151784087409,1,,0
780,1.0,0,,0
781,1.0,0,,0
782,1.0,0,0.03504732363702685,1
783,1.0,0,,0
784,0.7826730080355889,1,,0
785,1.0,0,,0
786,1.0,0,,0
787,1.0,0,,0
788,1.0,0,0.17298823008784828,1
789,1.0,0,,0
790,1.0,0,,0
791,0.7078471568807185,1,0.035324020324986154,1
792,1.0,0,0.42235579900621484,1
793,1.0,0,0.5380695733153109,1
794,1.0,0,0.7232829958972025,1
795,1.0,0,,0
796,1.0,0,,0
797,1.0,0,0.9365803264425114,1
798,1.0,0,0.21889935962457271,1
799,1.0,0,0.7559439723305253,1
800,1.0,0,,0
801,1.0,0,,0
802,1.0,0,0.9815835541450708,1
803,1.0,0,0.23093154666625462,1
804,1.0,0,,0
805,0.018581380476305632,1,,0
806,0.000240259407572148,1,,0
807,0.9639818608572058,1,,0
808,1.0,0,,0
809,1.0,0,0.20855658400910904,1
810,1.0,0,,0
811,1.0,0,0.4445120457046027,1
812,1.0,0,,0
813,1.0,0,,0
814,1.0,0,,0
815,1.0,0,0.7138918642814536,1
816,0.47125557363627746,1,,0
817,1.0,0,,0
818,1.0,0,,0
819,1.0,0,,0
820,1.0,0,,0
821,1.0,0,0.08454271223078946,1
822,1.0,0,,0
823,1.0,0,0.29801886930900656,1
824,1.0,0,0.31576531356382187,1
825,1.0,0,0.2992790032056764,1
826,1.0,0,0.14612051399322123,1
827,1.0,0,0.9460414792957563,1
828,0.19314826579090086,1,,0
829,1.0,0,,0
830,1.0,0,0.9513623901337556,1
831,0.1723250082381433,1,,0
832,1.0,0,0.5020224867084707,1
833,1.0,0,,0
834,1.0,0,,0
835,1.0,0,,0
836,1.0,0,0.27802480404903734,1
837,1.0,0,,0
838,1.0,0,,0
839,1.0,0,,0
840,1.0,0,,0
841,1.0,0,,0
842,1.0,0,0.5279485662252208,1
843,1.0,0,0.13310480236058003,1
844,1.0,0,,0
845,1.0,0,,0
846,0.5127652265984354,1,,0
847,1.0,0,,0
848,1.0,0,0.2132236611826595,1
849,1.0,0,0.2043388384332755,1
850,1.0,0,0.2223201247639289,1
851,1.0,0,,0
852,1.0,0,0.7362873276376849,1
853,1.0,0,,0
854,1.0,0,0.056867980282662114,1
855,1.0,0,0.5616948367184059,1
856,0.4094770233058343,1,,0
857,0.32261755728219454,1,0.15817369304326126,1
858,1.0,0,,0
859,1.0,0,,0
860,0.12883827155867286,1,,0
861,1.0,0,0.8796619442411034,1
862,1.0,0,0.418611713652155,1
863,1.0,0,0.39254917595633465,1
864,1.0,0,,0
865,1.0,0,,0
866,1.0,0,0.4153936033138569,1
867,1.0,0,,0
868,1.0,0,0.9471363117790588,1
869,1.0,0,,0
870,1.0,0,0.02499568467083157,1
871,1.0,0,,0
872,0.152544775057591,1,,0
873,1.0,0,0.12759695122330786,1
874,1.0,0,,0
875,1.0,0,0.028523949226302196,1
876,1.0,0,,0
877,1.0,0,0.9908280938682404,1
878,0.9596545414497942,1,,0
879,1.0,0,0.3346766018974052,1
880,1.0,0,0.24082287091583582,1
881,1.0,0,,0
882,1.0,0,0.9208444453017365,1
883,1.0,0,0.05842366728312352,1
884,1.0,0,,0
885,1.0,0,,0
886,1.0,0,0.3146272759130853,1
887,0.005588660689701917,1,,0
888,1.0,0,,0
889,1.0,0,0.5392082773716361,1
890,1.0,0,0.4447755378581241,1
891,1.0,0,0.3311797192450229,1
892,1.0,0,,0
893,1.0,0,0.6021812624458993,1
894,0.32822197027460254,1,0.24609464364868114,1
895,1.0,0,0.8495320587020835,1
896,1.0,0,0.49138547427732066,1
897,1.0,0,,0
898,1.0,0,,0
899,1.0,0,,0
900,1.0,0,0.16217011975184176,1
901,1.0,0,0.1743110016382373,1
902,1.0,0,0.04477715275029661,1
903,1.0,0,0.266206890756458,1
904,1.0,0,0.6069509270296866,1
905,1.0,0,0.13570886776193924,1
906,1.0,0,0.14244115379359124,1
907,1.0,0,,0
908,1.0,0,,0
909,1.0,0,,0
910,0.07940384840913212,1,,0
911,0.5348911278613835,1,0.4832318062970657,1
912,0.5423696716896578,1,,0
913,0.4333264659827125,1,,0
914,1.0,0,0.5146870275489176,1
915,1.0,0,,0
916,1.0,0,,0
917,1.0,0,,0
918,1.0,0,,0
919,1.0,0,0.9116323718816884,1
920,1.0,0,0.23607764233209141,1
921,1.0,0,0.9764571195298698,1
922,1.0,0,,0
923,1.0,0,0.8707183271953278,1
924,1.0,0,,0
925,1.0,0,,0
926,1.0,0,0.5505298322691636,1
927,1.0,0,0.6405029744272853,1
928,1.0,0,,0
929,1.0,0,,0
930,1.0,0,,0
931,1.0,0,0.6788029869200823,1
932,0.011848527472138824,1,,0
933,1.0,0,,0
934,1.0,0,0.6881122515286087,1
935,1.0,0,,0
936,1.0,0,,0
937,1.0,0,,0
938,1.0,0,0.0317537755173692,1
939,1.0,0,0.4572398395578249,1
940,0.3156464893470109,1,,0
941,1.0,0,,0
942,1.0,0,,0
943,1.0,0,,0
944,1.0,0,,0
945,0.3770377398465575,1,,0
946,1.0,0,,0
947,0.5332831463631779,1,0.4999373552153621,1
948,0.41991362185422193,1,0.38006955853717456,1
949,1.0,0,,0
950,1.0,0,,0
951,0.4160414207222325,1,0.33203596872482005,1
952,1.0,0,,0
953,1.0,0,,0
954,1.0,0,,0
955,1.0,0,,0
956,0.030507578035413534,1,,0
957,0.09743950164127042,1,,0
958,1.0,0,0.5119452008131004,1
959,0.09023695458186659,1,,0
960,1.0,0,0.8392150576893798,1
961,1.0,0,0.614982198770865,1
962,1.0,0,,0
963,0.39630272644425885,1,,0
964,1.0,0,,0
965,0.524011500217227,1,,0
966,0.28649406034905545,1,,0
967,1.0,0,0.7382754607534617,1
968,1.0,0,,0
969,1.0,0,0.7835626642868139,1
970,1.0,0,,0
971,1.0,0,,0
972,1.0,0,,0
973,0.9943542676799321,1,,0
974,0.20182884295261008,1,0.11232423567790917,1
975,1.0,0,0.11234760970035144,1
976,1.0,0,0.9142407163396437,1
977,1.0,0,,0
978,1.0,0,,0
979,1.0,0,,0
980,1.0,0,,0
981,1.0,0,0.08031266699527143,1
982,1.0,0,0.025704551266834085,1
983,1.0,0,0.09146313069103425,1
984,0.20793575707485015,1,,0
985,1.0,0,0.6310809765279698,1
986,1.0,0,,0
987,1.0,0,,0
988,1.0,0,,0
989,1.0,0,0.7044920288893268,1
990,1.0,0,0.5003311822081724,1
991,0.7850199008427334,1,,0
992,1.0,0,,0
993,1.0,0,,0
994,1.0,0,,0
995,1.0,0,0.44873571663251477,1
996,0.5520130752951853,1,0.03994490601821348,1
997,1.0,0,,0
998,1.0,0,,0
999,0.015444069771516163,1,,0
1000,1.0,0,,0
1001,1.0,0,,0
1002,1.0,0,0.23301557929485553,1
1003,1.0,0,,0
1004,1.0,0,0.319815064281187,1
1005,1.0,0,0.339641964428689,1
1006,1.0,0,0.381183745060072,1
1007,1.0,0,0.2314027012724834,1
1008,1.0,0,0.17384547555760793,1
1009,0.7116931017070001,1,,0
1010,0.7263202517636238,1,,0
1011,1.0,0,0.30506317443875797,1
1012,1.0,0,0.22506654142083757,1
1013,1.0,0,0.7743648835171812,1
1014,1.0,0,0.7899164785356207,1
1015,1.0,0,0.2674302048031164,1
1016,1.0,0,0.03150687560178429,1
1017,1.0,0,,0
1018,1.0,0,0.4880225266620384,1
1019,1.0,0,,0
1020,1.0,0,0.277268746927992,1
1021,1.0,0,,0
1022,1.0,0,0.6967360597106572,1
1023,1.0,0,,0
1024,1.0,0,,0
1025,1.0,0,,0
1026,0.4738364935998887,1,,0
1027,1.0,0,,0
1028,0.519487308732058,1,,0
1029,0.42155731796068324,1,,0
1030,0.5874234259856153,1,0.2768170501087609,1
1031,1.0,0,0.31517625532101184,1
1032,0.5035244681112423,1,,0
1033,1.0,0,0.8543959705158288,1
1034,1.0,0,0.21455421075592562,1
1035,1.0,0,0.07024119574037474,1
1036,0.3722650455697286,1,,0
1037,1.0,0,0.2492918024590235,1
1038,1.0,0,,0
1039,1.0,0,0.785513681917892,1
1040,1.0,0,,0
1041,0.13507962825098566,1,,0
1042,1.0,0,0.2604466164475599,1
1043,1.0,0,0.4886210481869951,1
1044,1.0,0,0.22029225928764762,1
1045,1.0,0,,0
1046,1.0,0,,0
1047,1.0,0,0.7170032013249901,1
1048,1.0,0,,0
1049,1.0,0,,0
1050,0.25596637818405804,1,,0
1051,1.0,0,,0
1052,0.11613478133627338,1,,0
1053,1.0,0,,0
1054,1.0,0,,0
1055,1.0,0,0.33444454523114614,1
1056,1.0,0,0.802018686748764,1
1057,1.0,0,,0
1058,1.0,0,,0
1059,1.0,0,0.509731575593598,1
1060,1.0,0,0.883858309741515,1
1061,1.0,0,0.2986261826449801,1
1062,1.0,0,,0
1063,1.0,0,,0
1064,1.0,0,,0
1065,1.0,0,,0
1066,1.0,0,,0
1067,1.0,0,,0
1068,0.6932061605823646,1,,0
1069,1.0,0,,0
1070,1.0,0,0.13926907814119002,1
1071,1.0,0,,0
1072,1.0,0,0.6834568377725672,1
1073,1.0,0,0.26388639668443425,1
1074,1.0,0,,0
1075,1.0,0,0.14323126510283168,1
1076,1.0,0,,0
1077,1.0,0,0.9529949531326347,1
1078,1.0,0,0.3220474721405916,1
1079,1.0,0,,0
1080,1.0,0,0.10402629258593729,1
1081,1.0,0,0.3280702908674586,1
1082,1.0,0,,0
1083,1.0,0,,0
1084,1.0,0,0.7163216366714822,1
1085,1.0,0,,0
1086,1.0,0,,0
1087,1.0,0,0.5243649016735066,1
1088,1.0,0,0.29404029404868304,1
1089,1.0,0,0.9009527488168685,1
1090,1.0,0,0.2932652830381161,1
1091,1.0,0,0.1167142220917542,1
1092,0.9354534957064906,1,0.1943989972847773,1
1093,1.0,0,0.3931446087555813,1
1094,1.0,0,0.7933582323718557,1
1095,1.0,0,,0
1096,1.0,0,0.5685413400776856,1
1097,1.0,0,0.8444645267415362,1
1098,1.0,0,0.03930850451268181,1
1099,1.0,0,0.4135939933092862,1
1100,1.0,0,,0
1101,1.0,0,,0
1102,0.36599025386091016,1,,0
1103,1.0,0,0.12846108102585557,1
1104,0.08079870020269296,1,,0
1105,1.0,0,,0
1106,1.0,0,0.7893571286386636,1
1107,1.0,0,0.04664193822542903,1
1108,1.0,0,,0
1109,1.0,0,0.6488629671797299,1
1110,1.0,0,0.07922940956926097,1
1111,1.0,0,0.32331782036004786,1
1112,1.0,0,0.1262980367123943,1
1113,1.0,0,,0
1114,1.0,0,0.9635674451334477,1
1115,1.0,0,,0
1116,0.9378274208675106,1,0.39355921505720853,1
1117,1.0,0,,0
1118,1.0,0,0.37612629868292446,1
1119,1.0,0,,0
1120,0.5370439766004942,1,,0
1121,1.0,0,,0
1122,1.0,0,0.6471178392953246,1
1123,1.0,0,0.7100210278096319,1
1124,1.0,0,,0
1125,1.0,0,,0
1126,1.0,0,,0
1127,1.0,0,,0
1128,1.0,0,0.8974430104052343,1
1129,0.8596873180897289,1,0.058558419879333516,1
1130,1.0,0,0.5873631764879043,1
1131,1.0,0,0.7538475999134986,1
1132,1.0,0,0.18345231536085563,1
1133,1.0,0,,0
1134,1.0,0,0.27386562337318815,1
1135,1.0,0,0.9701814194084541,1
1136,0.005735652291419689,1,,0
1137,1.0,0,0.3237776719062776,1
1138,1.0,0,0.9429660283627173,1
1139,0.8719230943759305,1,,0
1140,1.0,0,,0
1141,1.0,0,,0
1142,1.0,0,0.6558858666379656,1
1143,1.0,0,0.07581606572506441,1
1144,1.0,0,,0
1145,1.0,0,0.21311943303472386,1
1146,0.8065687309054813,1,,0
1147,1.0,0,0.4030898187893437,1
1148,1.0,0,,0
1149,1.0,0,0.24743401733085804,1
1150,0.013271504311214481,1,,0
1151,1.0,0,,0
1152,1.0,0,,0
1153,1.0,0,0.3124429474210399,1
1154,1.0,0,0.5819138837811164,1
1155,1.0,0,0.2860893351615911,1
1156,0.23394068301496418,1,0.20319123652999424,1
1157,1.0,0,,0
1158,0.39973527314929297,1,,0
1159,1.0,0,,0
1160,0.7433077637232358,1,,0
1161,1.0,0,0.6957040293594755,1
1162,1.0,0,0.6245593121201337,1
1163,1.0,0,,0
1164,1.0,0,,0
1165,0.7245974416230084,1,0.3262516808636219,1
1166,1.0,0,,0
1167,1.0,0,,0
1168,1.0,0,,0
1169,0.003775699267789189,1,,0
1170,1.0,0,0.5783014211395104,1
1171,1.0,0,0.34002144105727344,1
1172,1.0,0,,0
1173,1.0,0,,0
1174,1.0,0,,0
1175,0.10323728755098265,1,,0
1176,1.0,0,,0
1177,1.0,0,,0
1178,1.0,0,,0
1179,1.0,0,0.857691851443803,1
1180,1.0,0,0.40946072786181725,1
1181,1.0,0,,0
1182,0.19661725404418445,1,,0
1183,1.0,0,,0
1184,0.5546063048733464,1,0.27583282904423473,1
1185,1.0,0,0.0009554338872324657,1
1186,1.0,0,0.1773669560432139,1
1187,0.45968765308580856,1,0.036302218619464005,1
1188,1.0,0,,0
1189,1.0,0,0.8849787515572354,1
1190,1.0,0,,0
1191,1.0,0,,0
1192,1.0,0,,0
1193,1.0,0,,0
1194,1.0,0,,0
1195,1.0,0,0.8009546024490328,1
1196,0.6742307637445364,1,0.20681149341039642,1
1197,1.0,0,0.9008953859882862,1
1198,1.0,0,0.646078506056611,1
1199,1.0,0,,0
1200,0.26525982704647955,1,,0
1201,1.0,0,0.5038056848111085,1
1202,1.0,0,,0
1203,1.0,0,,0
1204,0.7145135098413073,1,0.21985302131227796,1
1205,1.0,0,0.5958494913580978,1
1206,0.14168260896313736,1,,0
1207,0.290919964881839,1,,0
1208,1.0,0,,0
1209,1.0,0,0.041804251198486506,1
1210,1.0,0,0.14516074353036004,1
1211,1.0,0,,0
1212,1.0,0,,0
1213,1.0,0,,0
1214,1.0,0,0.3193796387853416,1
1215,1.0,0,,0
1216,0.0012847446143167017,1,,0
1217,0.22072444603335847,1,0.0050939910025849765,1
1218,1.0,0,,0
1219,1.0,0,0.06004307539670206,1
1220,1.0,0,,0
1221,0.21865421219728565,1,,0
1222,1.0,0,0.6077884255400561,1
1223,0.020668558971057616,1,,0
1224,1.0,0,,0
1225,1.0,0,0.24932705652612702,1
1226,1.0,0,,0
1227,1.0,0,,0
1228,0.8781371810813444,1,,0
1229,0.24880373382283777,1,0.07068267886675034,1
1230,1.0,0,0.3251409462404038,1
1231,1.0,0,,0
1232,1.0,0,,0
1233,0.5535776894778044,1,,0
1234,1.0,0,,0
1235,1.0,0,0.19160977192058698,1
1236,1.0,0,0.05046264376505078,1
1237,1.0,0,,0
1238,0.6995736642153255,1,,0
1239,1.0,0,,0
1240,1.0,0,,0
1241,1.0,0,,0
1242,1.0,0,0.7775512937763178,1
1243,0.6677714520768638,1,,0
1244,1.0,0,,0
1245,1.0,0,,0
1246,1.0,0,0.9313936771111946,1
1247,1.0,0,0.5333839140505426,1
1248,1.0,0,0.30794470509926325,1
1249,1.0,0,0.897268456593869,1
1250,0.32553427494143694,1,,0
1251,1.0,0,,0
1252,0.5881709503468187,1,,0
1253,1.0,0,,0
1254,1.0,0,0.3729446259141662,1
1255,1.0,0,0.1292533584359166,1
1256,1.0,0,,0
1257,0.07663038842257211,1,,0
1258,1.0,0,0.36519417515109565,1
1259,1.0,0,,0
1260,1.0,0,,0
1261,1.0,0,0.6355257386426093,1
1262,1.0,0,0.3637951997450185,1
1263,1.0,0,0.9810134471871284,1
1264,1.0,0,0.6747009669219841,1
1265,0.4263609299894463,1,,0
1266,1.0,0,,0
1267,0.9106425878085531,1,,0
1268,0.750821000333563,1,,0
1269,1.0,0,,0
1270,1.0,0,,0
1271,1.0,0,,0
1272,1.0,0,0.2641166412355006,1
1273,1.0,0,,0
1274,1.0,0,0.8250046777715692,1
1275,1.0,0,0.44088732287868637,1
1276,1.0,0,,0
1277,0.08014535627038362,1,,0
1278,1.0,0,,0
1279,1.0,0,,0
1280,0.665920919955326,1,,0
1281,1.0,0,0.6342021906566738,1
1282,1.0,0,,0
1283,0.2591379524768436,1,,0
1284,0.8608629935595465,1,0.4995324966321042,1
1285,1.0,0,0.40546275979846846,1
1286,1.0,0,0.7582373531913581,1
1287,0.10676697356040851,1,,0
1288,1.0,0,,0
1289,1.0,0,,0
1290,1.0,0,0.9615063267949949,1
1291,1.0,0,0.583425237523389,1
1292,1.0,0,,0
1293,1.0,0,0.3322400558725696,1
1294,0.15854277691281113,1,,0
1295,1.0,0,,0
1296,1.0,0,0.13820929068711363,1
1297,0.17500731470673567,1,,0
1298,0.8392769642503807,1,,0
1299,1.0,0,0.41280993851485603,1
1300,1.0,0,0.8151578545004179,1
1301,1.0,0,0.391195649284636,1
1302,1.0,0,0.015258040461071213,1
1303,1.0,0,0.3847907647743422,1
1304,1.0,0,0.21885036550292641,1
1305,0.07717222593182005,1,,0
1306,1.0,0,,0
1307,0.6464314134374951,1,0.6214947761220848,1
1308,1.0,0,0.4328203943936205,1
1309,1.0,0,0.15123598699653404,1
1310,1.0,0,,0
1311,1.0,0,0.9818647265872759,1
1312,0.2623705834761422,1,,0
1313,0.9529409163037245,1,,0
1314,1.0,0,,0
1315,1.0,0,,0
1316,1.0,0,0.9811420716192524,1
1317,1.0,0,,0
1318,1.0,0,,0
1319,1.0,0,,0
1320,1.0,0,0.07227459179137631,1
1321,1.0,0,0.300034076138954,1
1322,0.3702838683192995,1,0.12263909057190418,1
1323,0.023440055913857047,1,,0
1324,1.0,0,,0
1325,0.6111686251712262,1,0.5252840225204379,1
1326,1.0,0,,0
1327,1.0,0,,0
1328,1.0,0,0.5652368469255558,1
1329,1.0,0,0.9904798146627295,1
1330,0.492799300729694,1,,0
1331,1.0,0,,0
1332,1.0,0,,0
1333,0.46612751961639637,1,,0
1334,1.0,0,,0
1335,1.0,0,0.9144972394235733,1
1336,1.0,0,0.18434911092063086,1
1337,0.9023670495790066,1,,0
1338,1.0,0,,0
1339,1.0,0,,0
1340,1.0,0,0.1948034081573146,1
1341,0.17181232131000246,1,,0
1342,1.0,0,,0
1343,0.8683580264135647,1,0.018114089335806962,1
1344,1.0,0,0.032441505877173045,1
1345,1.0,0,0.18899508895501202,1
1346,1.0,0,0.19130102900839827,1
1347,1.0,0,0.05650673842721227,1
1348,1.0,0,,0
1349,1.0,0,0.7391798385829897,1
1350,1.0,0,0.6330634589966921,1
1351,1.0,0,,0
1352,1.0,0,0.8005932159596354,1
1353,1.0,0,0.2031385940167533,1
1354,1.0,0,0.8402636971068643,1
1355,1.0,0,0.5652543287273928,1
1356,1.0,0,,0
1357,1.0,0,,0
1358,1.0,0,0.5409180984854642,1
1359,1.0,0,0.7636063219424576,1
1360,1.0,0,,0
1361,0.16845580691292317,1,0.07557764457664828,1
1362,1.0,0,,0
1363,1.0,0,0.015343849280531448,1
1364,1.0,0,0.36682876818625026,1
1365,1.0,0,,0
1366,1.0,0,,0
1367,1.0,0,0.9234932738548184,1
1368,1.0,0,0.6391693845351111,1
1369,1.0,0,0.8369748652161535,1
1370,1.0,0,,0
1371,1.0,0,0.8163401071355535,1
1372,0.06649506430857413,1,,0
1373,1.0,0,0.5727656476541716,1
1374,1.0,0,,0
1375,0.8406146950664389,1,,0
1376,1.0,0,0.3708423051717402,1
1377,1.0,0,,0
1378,1.0,0,0.5776254457958057,1
1379,1.0,0,0.33727323458108466,1
1380,1.0,0,,0
1381,1.0,0,0.46966363449194926,1
1382,1.0,0,0.0969397434421338,1
1383,1.0,0,0.11328567563329894,1
1384,1.0,0,,0
1385,1.0,0,0.4098610422915235,1
1386,1.0,0,0.5651879487317067,1
1387,0.599243185749353,1,,0
1388,1.0,0,0.5336531316129496,1
1389,0.03283149694205699,1,,0
1390,0.5420633897244396,1,,0
1391,1.0,0,0.6255141614974149,1
1392,0.6351741378641165,1,,0
1393,1.0,0,0.9333169271043378,1
1394,0.6625925329386629,1,,0
1395,1.0,0,,0
1396,1.0,0,0.7793322090026167,1
1397,0.5445389050795396,1,0.488273621054369,1
1398,1.0,0,,0
1399,1.0,0,,0
1400,0.2218148663101853,1,0.016041273498456767,1
1401,0.7299469385770317,1,,0
1402,0.04902047214714948,1,,0
1403,1.0,0,0.4708575740879253,1
1404,1.0,0,,0
1405,0.908132724974328,1,,0
1406,1.0,0,,0
1407,0.8901070654588714,1,,0
1408,1.0,0,0.09461300383790286,1
1409,1.0,0,0.3466401081723566,1
1410,1.0,0,,0
1411,1.0,0,,0
1412,1.0,0,,0
1413,1.0,0,0.21011392252661854,1
1414,1.0,0,0.6292922959015931,1
1415,1.0,0,0.8296306818694598,1
1416,1.0,0,,0
1417,1.0,0,0.021873054097265775,1
1418,1.0,0,,0
1419,1.0,0,,0
1420,0.19487996321167472,1,0.17758328027027587,1
1421,1.0,0,,0
1422,0.7884247982436371,1,0.48360396454752497,1
1423,1.0,0,0.256480354222342,1
1424,1.0,0,0.2726513434675617,1
1425,1.0,0,0.7863720668581091,1
1426,0.16953205618986167,1,,0
1427,1.0,0,0.8901252416197185,1
1428,1.0,0,0.2078422172146254,1
1429,1.0,0,0.16872036001435559,1
1430,1.0,0,0.141910135811062,1
1431,1.0,0,,0
1432,0.020971153675590146,1,,0
1433,1.0,0,0.13223598827978328,1
1434,1.0,0,,0
1435,0.441084820510914,1,0.21351993171442574,1
1436,1.0,0,0.3792012052623535,1
1437,1.0,0,0.07816325745620406,1
1438,1.0,0,0.4615097588604453,1
1439,1.0,0,0.7217087266761224,1
1440,1.0,0,0.35931231616938375,1
1441,1.0,0,,0
1442,1.0,0,0.05828973717967089,1
1443,1.0,0,0.41194868238134186,1
1444,1.0,0,0.056546886651256706,1
1445,1.0,0,0.8678068978581777,1
1446,1.0,0,0.43575386886849843,1
1447,1.0,0,0.7259404486837902,1
1448,1.0,0,,0
1449,1.0,0,,0
1450,1.0,0,0.009364860958857236,1
1451,1.0,0,0.007186602210779621,1
1452,0.07749144514062725,1,,0
1453,1.0,0,0.45594428933198666,1
1454,0.6226546247010184,1,0.5377070957421397,1
1455,1.0,0,0.9843959380778621,1
1456,0.259483557313141,1,,0
1457,0.12538322308579408,1,,0
1458,0.7043458517140009,1,,0
1459,0.9959913107883942,1,,0
1460,1.0,0,,0
1461,0.47350952872518975,1,,0
1462,1.0,0,,0
1463,1.0,0,,0
1464,1.0,0,,0
1465,1.0,0,,0
1466,1.0,0,,0
1467,1.0,0,0.7183732697764299,1
1468,1.0,0,,0
1469,1.0,0,0.4118791022877814,1
1470,1.0,0,,0
1471,1.0,0,,0
1472,1.0,0,0.08951201707590001,1
1473,1.0,0,,0
1474,1.0,0,0.3317241426926354,1
1475,1.0,0,0.878860543917379,1
1476,1.0,0,,0
1477,1.0,0,,0
1478,1.0,0,,0
1479,1.0,0,,0
1480,1.0,0,,0
1481,1.0,0,0.6230065323814968,1
1482,1.0,0,0.8063392680496355,1
1483,1.0,0,0.4188385002314051,1
1484,1.0,0,,0
1485,1.0,0,,0
1486,1.0,0,,0
1487,1.0,0,0.4895905040229417,1
1488,1.0,0,,0
1489,1.0,0,0.1722743804093365,1
1490,1.0,0,,0
1491,1.0,0,0.027314295082263202,1
1492,0.024103038373617814,1,,0
1493,0.01173386281752588,1,,0
1494,0.23835866536332556,1,,0
1495,1.0,0,0.4792472439952018,1
1496,1.0,0,,0
1497,1.0,0,,0
1498,1.0,0,,0
1499,1.0,0,,0
1500,0.6369628721442407,1,0.09342533561580019,1
1501,1.0,0,,0
1502,0.13113680608629225,1,,0
1503,1.0,0,,0
1504,1.0,0,,0
1505,1.0,0,,0
1506,0.33388771212159407,1,,0
1507,0.8750653563548875,1,,0
1508,1.0,0,,0
1509,1.0,0,0.9493784633812749,1
1510,1.0,0,,0
1511,1.0,0,,0
1512,1.0,0,0.2233395138813319,1
1513,1.0,0,,0
1514,1.0,0,0.29753891217175177,1
1515,1.0,0,0.2513979539291107,1
1516,1.0,0,,0
1517,0.5722075033358991,1,0.15923467429945387,1
1518,1.0,0,0.2232575703893806,1
1519,1.0,0,,0
1520,1.0,0,0.8894333791766769,1
1521,1.0,0,0.9413343210676858,1
1522,1.0,0,,0
1523,0.4627278398673739,1,,0
1524,1.0,0,,0
1525,1.0,0,,0
1526,1.0,0,,0
1527,1.0,0,,0
1528,1.0,0,0.3742101744652394,1
1529,1.0,0,,0
1530,1.0,0,0.3143354006210335,1
1531,1.0,0,0.08043708117920378,1
1532,1.0,0,0.28546351308161005,1
1533,1.0,0,0.12807182346450124,1
1534,0.015178849405124033,1,,0
1535,1.0,0,0.37611974360663014,1
1536,1.0,0,0.29402278574406854,1
1537,1.0,0,,0
1538,0.16123609132601022,1,,0
1539,0.157862929589235,1,,0
1540,1.0,0,0.002905155981320761,1
1541,1.0,0,0.3664015763897825,1
1542,1.0,0,,0
1543,0.13038019764429257,1,,0
1544,1.0,0,,0
1545,1.0,0,,0
1546,1.0,0,0.30035133749420945,1
1547,1.0,0,,0
1548,1.0,0,,0
1549,1.0,0,0.3057782147158141,1
1550,1.0,0,,0
1551,1.0,0,,0
1552,1.0,0,,0
1553,1.0,0,0.3192255562432943,1
1554,0.7545010297848798,1,0.35045053003774984,1
1555,1.0,0,0.28571788431724804,1
1556,1.0,0,0.4519245464474129,1
1557,1.0,0,0.03152267177760101,1
1558,1.0,0,0.8957844741163945,1
1559,1.0,0,,0
1560,0.43312482582061557,1,,0
1561,1.0,0,,0
1562,1.0,0,0.33910655833283304,1
1563,1.0,0,,0
1564,1.0,0,0.294630270067904,1
1565,0.8338316287520573,1,,0
1566,1.0,0,0.6364954558930407,1
1567,1.0,0,,0
1568,0.04150685955546343,1,,0
1569,1.0,0,,0
1570,0.02053954865200572,1,,0
1571,1.0,0,,0
1572,1.0,0,0.2827574894756938,1
1573,1.0,0,0.23512507280424413,1
1574,1.0,0,0.7941187967677861,1
1575,1.0,0,0.2544474381116858,1
1576,1.0,0,0.4097756742454137,1
1577,1.0,0,0.837995439541197,1
1578,1.0,0,0.48953298169044385,1
1579,1.0,0,0.7682068256271534,1
1580,1.0,0,0.9874695546025027,1
1581,1.0,0,,0
1582,1.0,0,,0
1583,1.0,0,,0
1584,1.0,0,,0
1585,1.0,0,,0
1586,1.0,0,,0
1587,1.0,0,,0
1588,1.0,0,0.42785822262774437,1
1589,0.30855555109320604,1,,0
1590,1.0,0,0.4658734200572565,1
1591,1.0,0,,0
1592,1.0,0,,0
1593,1.0,0,,0
1594,1.0,0,0.37535548933535634,1
1595,1.0,0,0.44733443362176173,1
1596,1.0,0,,0
1597,1.0,0,,0
1598,1.0,0,0.023064031384493994,1
1599,1.0,0,,0
1600,1.0,0,0.3902236720230989,1
1601,1.0,0,,0
1602,1.0,0,0.9718958317084159,1
1603,0.5203766136453836,1,0.17606735663774917,1
1604,1.0,0,,0
1605,0.10887603665432896,1,,0
1606,0.21252033649201713,1,,0
1607,0.4809002329763756,1,,0
1608,0.5169269362287789,1,,0
1609,1.0,0,0.8051594926832691,1
1610,1.0,0,,0
1611,1.0,0,,0
1612,0.7143114173549837,1,0.3940772849962273,1
1613,1.0,0,,0
1614,1.0,0,,0
1615,1.0,0,,0
1616,0.5162725172772399,1,,0
1617,1.0,0,,0
1618,0.18190863514085975,1,,0
1619,0.48336173627753004,1,,0
1620,1.0,0,0.5336624601067979,1
1621,0.3375736209414471,1,,0
1622,0.9382462139544787,1,,0
1623,1.0,0,,0
1624,1.0,0,,0
1625,1.0,0,,0
1626,1.0,0,,0
1627,1.0,0,,0
1628,1.0,0,0.5257770917468988,1
1629,1.0,0,,0
1630,1.0,0,,0
1631,1.0,0,0.05871119249088753,1
1632,1.0,0,0.2064247290629855,1
1633,0.9169703404404752,1,0.19922766620412627,1
1634,0.3997256035512648,1,,0
1635,1.0,0,,0
1636,1.0,0,0.752551833474473,1
1637,1.0,0,0.6658079956852181,1
1638,1.0,0,0.09516874447406859,1
1639,1.0,0,,0
1640,1.0,0,,0
1641,1.0,0,,0
1642,1.0,0,0.6368762101873253,1
1643,0.9434860161065415,1,0.44611285521839883,1
1644,1.0,0,0.034894433560859445,1
1645,0.3878659071159995,1,0.17970120821583602,1
1646,1.0,0,0.4870653249600065,1
1647,1.0,0,,0
1648,1.0,0,,0
1649,1.0,0,0.3643134950214145,1
1650,1.0,0,0.2338623665270695,1
1651,1.0,0,0.3781665685979947,1
1652,1.0,0,0.3928148740366286,1
1653,1.0,0,,0
1654,1.0,0,,0
1655,1.0,0,,0
1656,1.0,0,,0
1657,1.0,0,,0
1658,1.0,0,0.7324310434796883,1
1659,1.0,0,0.8864539524312922,1
1660,1.0,0,,0
1661,0.49777828920353295,1,,0
1662,1.0,0,,0
1663,1.0,0,0.30455177390923494,1
1664,1.0,0,,0
1665,0.3173903628179987,1,,0
1666,1.0,0,,0
1667,1.0,0,0.6326061913007957,1
1668,1.0,0,,0
1669,1.0,0,,0
1670,1.0,0,,0
1671,1.0,0,0.2008581506679971,1
1672,1.0,0,,0
1673,1.0,0,0.48318795295414907,1
1674,0.014821993762954264,1,,0
1675,1.0,0,0.7813889735014761,1
1676,1.0,0,0.4389644629227847,1
1677,1.0,0,0.7784273815611679,1
1678,1.0,0,,0
1679,1.0,0,,0
1680,1.0,0,0.4511027773760234,1
1681,0.8452845665188802,1,0.1585211028112947,1
1682,1.0,0,,0
1683,1.0,0,,0
1684,1.0,0,0.5102631209395188,1
1685,1.0,0,0.0028253857062757125,1
1686,1.0,0,0.749334373815238,1
1687,1.0,0,,0
1688,0.24470313706998212,1,,0
1689,0.328169782082173,1,,0
1690,1.0,0,,0
1691,1.0,0,0.5561873257907805,1
1692,0.1412161488000547,1,0.01565229321720097,1
1693,1.0,0,0.25933788707680044,1
1694,1.0,0,0.8081494383977821,1
1695,1.0,0,,0
1696,0.049900116708170524,1,,0
1697,1.0,0,0.43839839088974386,1
1698,1.0,0,0.052500014018067406,1
1699,0.7804835041033548,1,,0
1700,0.13013650608362615,1,,0
1701,1.0,0,,0
1702,0.5900359562090095,1,0.0007960018243110337,1
1703,1.0,0,,0
1704,1.0,0,,0
1705,0.975502259276338,1,0.7755885014997043,1
1706,0.16181860911232848,1,,0
1707,1.0,0,,0
1708,1.0,0,0.8031368714536523,1
1709,1.0,0,0.7465353679267652,1
1710,1.0,0,,0
1711,1.0,0,,0
1712,1.0,0,,0
1713,1.0,0,0.5018116013962955,1
1714,1.0,0,,0
1715,0.25701805777088954,1,,0
1716,0.8554626689738011,1,,0
1717,1.0,0,0.727028767633366,1
1718,1.0,0,,0
1719,1.0,0,,0
1720,1.0,0,0.17530697191620664,1
1721,1.0,0,,0
1722,1.0,0,,0
1723,1.0,0,0.5558794787236684,1
1724,1.0,0,0.8126567517532827,1
1725,1.0,0,0.9203468380527265,1
1726,1.0,0,0.015613103871395204,1
1727,1.0,0,0.16142401640447598,1
1728,1.0,0,0.7048128295330743,1
1729,1.0,0,0.2578579948121086,1
1730,1.0,0,0.03721631882506931,1
1731,1.0,0,0.11067905584781526,1
1732,1.0,0,,0
1733,1.0,0,0.6058593298027458,1
1734,1.0,0,0.48093017166647667,1
1735,0.777087079492575,1,0.41048007524974905,1
1736,1.0,0,0.21120504796299752,1
1737,0.6314140716553264,1,0.5874258548170618,1
1738,0.9111060221217392,1,,0
1739,1.0,0,,0
1740,1.0,0,,0
1741,1.0,0,,0
1742,1.0,0,,0
1743,1.0,0,0.3056005539826685,1
1744,1.0,0,,0
1745,1.0,0,0.4239914609271934,1
1746,0.25324140117346977,1,0.11181889842282222,1
1747,1.0,0,,0
1748,1.0,0,0.03250285392904711,1
1749,1.0,0,,0
1750,1.0,0,0.26393887457124565,1
1751,1.0,0,0.15953882570944702,1
1752,1.0,0,0.8899158232086076,1
1753,1.0,0,0.3206576412342493,1
1754,1.0,0,,0
1755,1.0,0,,0
1756,1.0,0,,0
1757,1.0,0,,0
1758,1.0,0,,0
1759,1.0,0,,0
1760,1.0,0,0.841101066473751,1
1761,1.0,0,,0
1762,1.0,0,,0
1763,0.12350290677872801,1,,0
1764,0.8352773771847684,1,,0
1765,1.0,0,,0
1766,1.0,0,0.03278467096366102,1
1767,1.0,0,0.10941562969187728,1
1768,1.0,0,,0
1769,1.0,0,,0
1770,1.0,0,,0
1771,1.0,0,0.3302327406200935,1
1772,0.21917415550654396,1,,0
1773,1.0,0,0.6394606204819835,1
1774,0.004388552981771839,1,,0
1775,1.0,0,,0
1776,1.0,0,0.46212672793953413,1
1777,0.9047090197198333,1,0.890463313515274,1
1778,1.0,0,0.8742025980181044,1
1779,1.0,0,,0
1780,0.46322169006503017,1,,0
1781,1.0,0,0.19260693558074038,1
1782,1.0,0,0.7583871062770485,1
1783,1.0,0,0.17151185669461147,1
1784,1.0,0,0.5233138093091115,1
1785,1.0,0,,0
1786,0.10561974534224558,1,,0
1787,1.0,0,,0
1788,1.0,0,0.9916492002837815,1
1789,1.0,0,,0
1790,1.0,0,,0
1791,1.0,0,0.5834250393151513,1
1792,1.0,0,0.3419010261240595,1
1793,1.0,0,0.9702857418986806,1
1794,0.16338331140839998,1,,0
1795,1.0,0,,0
1796,1.0,0,,0
1797,0.7042181071335812,1,,0
1798,1.0,0,,0
1799,1.0,0,,0
1800,0.3797932019520138,1,,0
1801,1.0,0,,0
1802,1.0,0,0.498147308563268,1
1803,1.0,0,0.25447028809503514,1
1804,1.0,0,0.39912729150718984,1
1805,1.0,0,,0
1806,1.0,0,0.135092949251845,1
1807,1.0,0,,0
1808,0.6322344224063594,1,,0
1809,1.0,0,0.7725347389990859,1
1810,1.0,0,0.6260694695119322,1
1811,1.0,0,,0
1812,0.5118619218299042,1,,0
1813,1.0,0,,0
1814,1.0,0,,0
1815,1.0,0,,0
1816,0.7217827408698125,1,,0
1817,0.8293534594924684,1,,0
1818,1.0,0,0.11728813557311975,1
1819,0.8778498629001883,1,,0
1820,1.0,0,,0
1821,1.0,0,,0
1822,1.0,0,,0
1823,0.5116227256669842,1,,0
1824,0.20145295382164757,1,,0
1825,1.0,0,,0
1826,1.0,0,,0
1827,1.0,0,0.18830579155567748,1
1828,1.0,0,,0
1829,0.9116560274328559,1,0.4509515181249833,1
1830,1.0,0,,0
1831,0.8431433900647824,1,0.5311154726681371,1
1832,1.0,0,0.02199909417376104,1
1833,1.0,0,0.6734760661327884,1
1834,1.0,0,,0
1835,1.0,0,0.6898778065379473,1
1836,1.0,0,0.6616341780734435,1
1837,1.0,0,,0
1838,1.0,0,,0
1839,1.0,0,0.06893437239165394,1
1840,1.0,0,0.7784724735603983,1
1841,1.0,0,,0
1842,0.020092131157134287,1,,0
1843,0.053905391930185086,1,,0
1844,0.0052484949109797155,1,,0
1845,1.0,0,,0
1846,1.0,0,0.5335585523227164,1
1847,1.0,0,0.7887284980805452,1
1848,1.0,0,,0
1849,1.0,0,0.837718111842877,1
1850,1.0,0,,0
1851,1.0,0,0.15204478745031716,1
1852,1.0,0,,0
1853,1.0,0,,0
1854,0.4912481488382558,1,,0
1855,0.715273457223525,1,,0
1856,1.0,0,,0
1857,1.0,0,0.6758882394280981,1
1858,0.11225084254180688,1,,0
1859,1.0,0,,0
1860,1.0,0,0.3154052216511738,1
1861,1.0,0,,0
1862,1.0,0,0.4037273771242095,1
1863,1.0,0,0.7441980500238892,1
1864,1.0,0,,0
1865,1.0,0,,0
1866,0.22530722805429632,1,,0
1867,1.0,0,,0
1868,1.0,0,,0
1869,1.0,0,,0
1870,1.0,0,0.16206070146602786,1
1871,1.0,0,,0
1872,1.0,0,,0
1873,1.0,0,0.5271788121219675,1
1874,1.0,0,0.35958991494805936,1
1875,0.8567629148407955,1,0.7159338450323137,1
1876,1.0,0,,0
1877,0.29875734802783893,1,,0
1878,1.0,0,,0
1879,1.0,0,0.21657498440906084,1
1880,0.18795022948442028,1,,0
1881,0.7422214745417404,1,,0
1882,1.0,0,0.19594717946175158,1
1883,1.0,0,0.9016321198678563,1
1884,1.0,0,0.45645888123085254,1
1885,1.0,0,0.1796145996866367,1
1886,1.0,0,0.5485282125226966,1
1887,1.0,0,,0
1888,1.0,0,,0
1889,1.0,0,0.727468654366317,1
1890,0.5438574722884127,1,,0
1891,1.0,0,,0
1892,1.0,0,0.5220130672278556,1
1893,1.0,0,,0
1894,1.0,0,,0
1895,1.0,0,0.5229550371912441,1
1896,1.0,0,0.523056399489697,1
1897,0.07996770319027421,1,,0
1898,0.5400512715513617,1,,0
1899,0.030676946205789885,1,,0
1900,1.0,0,0.9792886096830362,1
1901,1.0,0,0.8653802213121838,1
1902,1.0,0,0.6435929823041627,1
1903,1.0,0,0.06590954422270731,1
1904,0.7458089496050275,1,0.3161190787113002,1
1905,1.0,0,0.766303389745997,1
1906,1.0,0,0.35580032790575195,1
1907,0.7398258777140714,1,0.4493473246306639,1
1908,1.0,0,0.029429513887735816,1
1909,0.01303620983145962,1,,0
1910,1.0,0,0.16421090135734762,1
1911,0.773402417837294,1,0.21088203030942254,1
1912,1.0,0,0.8008873876679999,1
1913,0.6597017900229486,1,0.2738418413663747,1
1914,1.0,0,0.8576931821619468,1
1915,1.0,0,0.018580675787841547,1
1916,1.0,0,,0
1917,1.0,0,,0
1918,1.0,0,,0
1919,1.0,0,,0
1920,1.0,0,0.06564580289818893,1
1921,1.0,0,0.04494968219246499,1
1922,1.0,0,,0
1923,1.0,0,0.32513235849974503,1
1924,0.8223558721525926,1,,0
1925,1.0,0,,0
1926,1.0,0,,0
1927,1.0,0,,0
1928,1.0,0,0.16127271827145043,1
1929,1.0,0,,0
1930,1.0,0,,0
1931,1.0,0,0.6898309348235986,1
1932,1.0,0,,0
1933,0.19302820458535602,1,,0
1934,1.0,0,0.03892400121222498,1
1935,0.6294218791395866,1,0.3429954765432943,1
1936,0.2813557418778136,1,,0
1937,1.0,0,,0
1938,0.8237519295043908,1,,0
1939,0.16701640033194623,1,,0
1940,1.0,0,,0
1941,1.0,0,0.6384849737182057,1
1942,1.0,0,0.335138674310058,1
1943,1.0,0,0.6769470603562728,1
1944,1.0,0,0.9452767312407344,1
1945,1.0,0,,0
1946,1.0,0,,0
1947,1.0,0,,0
1948,1.0,0,0.7126875011469022,1
1949,1.0,0,,0
1950,1.0,0,0.05632161849911785,1
1951,1.0,0,0.1257818928393145,1
1952,1.0,0,,0
1953,1.0,0,0.4096706229908743,1
1954,1.0,0,0.19780262962885387,1
1955,1.0,0,,0
1956,1.0,0,0.22176318528709188,1
1957,1.0,0,0.6944457474958641,1
1958,1.0,0,0.527981416266592,1
1959,1.0,0,,0
1960,1.0,0,0.7622740201601071,1
1961,1.0,0,,0
1962,1.0,0,0.6981031301956234,1
1963,1.0,0,,0
1964,1.0,0,,0
1965,0.7090743658797553,1,0.0003110267604288408,1
1966,1.0,0,0.37319641500902034,1
1967,1.0,0,0.33039616895709273,1
1968,1.0,0,,0
1969,1.0,0,0.9629868409690677,1
1970,1.0,0,,0
1971,0.5320561782804447,1,,0
1972,0.19266358252095556,1,,0
1973,1.0,0,,0
1974,1.0,0,0.9973657217619921,1
1975,0.9066924089187258,1,,0
1976,1.0,0,,0
1977,1.0,0,0.5396240916773565,1
1978,1.0,0,0.6661485662263039,1
1979,1.0,0,,0
1980,0.8907107036280018,1,0.7309591497526671,1
1981,1.0,0,0.3957097362801095,1
1982,1.0,0,,0
1983,1.0,0,0.015149850197804625,1
1984,0.8412387805870126,1,0.12740682328433303,1
1985,0.32033425988497893,1,,0
1986,1.0,0,,0
1987,0.5933530017871288,1,0.09611824236732106,1
1988,1.0,0,,0
1989,1.0,0,0.28618367518881827,1
1990,0.29508983298810454,1,,0
1991,1.0,0,0.5952879313170588,1
1992,1.0,0,0.7404784066683731,1
1993,1.0,0,0.8185920925924471,1
1994,1.0,0,,0
1995,1.0,0,0.18322594689685057,1
1996,1.0,0,0.5956790080458416,1
1997,1.0,0,,0
1998,1.0,0,0.001960385099864422,1
1999,1.0,0,,0
2000,1.0,0,,0
2001,0.20229633507469602,1,,0
2002,1.0,0,,0
2003,0.3851682044988864,1,0.3135662656043718,1
2004,0.060445051549384225,1,,0
2005,1.0,0,0.5304726813231445,1
2006,1.0,0,0.1729067654680819,1
2007,1.0,0,0.3733779137703895,1
2008,0.6584175399567216,1,0.2903848053485623,1
2009,0.13600283089391976,1,,0
2010,1.0,0,,0
2011,1.0,0,0.6098178218581687,1
2012,0.5870023413366579,1,,0
2013,1.0,0,0.03274879939711888,1
2014,1.0,0,0.5050970446426064,1
2015,1.0,0,,0
2016,0.378307770333905,1,,0
2017,1.0,0,0.21260806135688687,1
2018,1.0,0,0.5855875907512419,1
2019,1.0,0,,0
2020,1.0,0,,0
2021,1.0,0,0.7477269602929133,1
2022,1.0,0,,0
2023,0.22041156682153382,1,,0
2024,1.0,0,,0
2025,1.0,0,0.0038170606804719814,1
2026,1.0,0,0.3664844929356647,1
2027,1.0,0,0.2865373877052525,1
2028,1.0,0,,0
2029,1.0,0,,0
2030,1.0,0,,0
2031,1.0,0,0.172672297491404,1
2032,0.9128191126456974,1,0.7353932792488587,1
2033,1.0,0,0.9468498442453503,1
2034,0.4526072949411104,1,,0
2035,1.0,0,,0
2036,1.0,0,0.15021178018991352,1
2037,0.11357630742591274,1,,0
2038,1.0,0,,0
2039,1.0,0,,0
2040,1.0,0,,0
2041,1.0,0,0.21093090466886966,1
2042,1.0,0,0.7291144871200188,1
2043,1.0,0,0.25501148811115715,1
2044,1.0,0,,0
2045,0.4576005746655516,1,,0
2046,1.0,0,,0
2047,1.0,0,0.7951733177980518,1
2048,1.0,0,,0
2049,1.0,0,0.12027112049044604,1
2050,1.0,0,,0
2051,1.0,0,,0
2052,1.0,0,,0
2053,1.0,0,0.7723069878618435,1
2054,1.0,0,0.624260716160522,1
2055,1.0,0,0.3940478249693615,1
2056,0.36628205563373994,1,,0
2057,1.0,0,,0
2058,1.0,0,,0
2059,1.0,0,,0
2060,1.0,0,0.17968649463008385,1
2061,1.0,0,,0
2062,1.0,0,0.3297937202186031,1
2063,1.0,0,0.20738233218310842,1
2064,1.0,0,,0
2065,1.0,0,0.5251412407675551,1
2066,1.0,0,,0
2067,1.0,0,,0
2068,1.0,0,0.08094019825618957,1
2069,0.026784029965709274,1,,0
2070,1.0,0,0.1605673332801549,1
2071,1.0,0,0.3549648099772509,1
2072,1.0,0,0.9896882005854449,1
2073,1.0,0,0.2993048936281703,1
2074,1.0,0,0.2441401517092946,1
2075,0.34993925509851287,1,,0
2076,1.0,0,,0
2077,1.0,0,,0
2078,1.0,0,,0
2079,1.0,0,,0
2080,0.5270569156769545,1,,0
2081,1.0,0,0.7252934366346013,1
2082,1.0,0,0.7274204437457457,1
2083,1.0,0,0.5731848439954372,1
2084,1.0,0,,0
2085,1.0,0,,0
2086,0.9025640234481688,1,,0
2087,0.7477650196238712,1,0.6673984500648948,1
2088,1.0,0,0.050894124729019455,1
2089,1.0,0,0.13610507848949535,1
2090,1.0,0,,0
2091,1.0,0,0.007593536767843388,1
2092,1.0,0,,0
2093,0.8320955746688419,1,,0
2094,1.0,0,,0
2095,1.0,0,,0
2096,0.16698824284260436,1,,0
2097,1.0,0,0.786959992620571,1
2098,1.0,0,0.5472681264179869,1
2099,0.01573629071531288,1,,0
2100,1.0,0,0.4270147566870204,1
2101,0.6932184307941853,1,,0
2102,0.08341204140155822,1,,0
2103,1.0,0,0.07697184355098638,1
2104,1.0,0,0.11912735013583711,1
2105,1.0,0,,0
2106,1.0,0,0.18371786835461887,1
2107,1.0,0,,0
2108,1.0,0,0.9980236312559514,1
2109,1.0,0,,0
2110,1.0,0,0.6395364832657456,1
2111,1.0,0,,0
2112,1.0,0,0.6186152327870474,1
2113,1.0,0,0.6455284288907948,1
2114,1.0,0,0.1800315732178298,1
2115,1.0,0,,0
2116,1.0,0,,0
2117,1.0,0,,0
2118,1.0,0,0.2219885115961482,1
2119,1.0,0,0.7651528104498053,1
2120,0.11617496657317554,1,,0
2121,1.0,0,,0
2122,0.1642212782380701,1,,0
2123,1.0,0,,0
2124,1.0,0,0.27516248840064655,1
2125,0.8109564267979081,1,0.2027234857890362,1
2126,1.0,0,,0
2127,1.0,0,,0
2128,1.0,0,,0
2129,0.21002572500916716,1,,0
2130,1.0,0,0.20547333886031816,1
2131,1.0,0,,0
2132,1.0,0,,0
2133,1.0,0,,0
2134,1.0,0,,0
2135,1.0,0,0.1137885564894726,1
2136,0.3855345210240727,1,,0
2137,1.0,0,0.29993357538521004,1
2138,1.0,0,,0
2139,0.40072626992565624,1,0.37340675666252965,1
2140,1.0,0,,0
2141,1.0,0,,0
2142,1.0,0,0.03170666779819386,1
2143,1.0,0,0.19807749889399381,1
2144,1.0,0,,0
2145,0.19401748279742828,1,,0
2146,1.0,0,0.04664056645663804,1
2147,1.0,0,,0
2148,1.0,0,0.06268905610656726,1
2149,0.5376207762678652,1,,0
2150,1.0,0,0.28509761239480774,1
2151,1.0,0,0.49902053852942646,1
2152,1.0,0,0.7075322918096388,1
2153,0.19440112524490352,1,,0
2154,1.0,0,,0
2155,1.0,0,,0
2156,1.0,0,0.044546480710092345,1
2157,1.0,0,0.01730936533222895,1
2158,1.0,0,,0
2159,1.0,0,0.17484996917425452,1
2160,1.0,0,,0
2161,1.0,0,0.09524561959350654,1
2162,1.0,0,,0
2163,1.0,0,0.42355370651656976,1
2164,0.46411340381490307,1,,0
2165,1.0,0,,0
2166,1.0,0,,0
2167,0.2911871763485162,1,,0
2168,1.0,0,0.2321014042550405,1
2169,1.0,0,0.5560922700298708,1
2170,0.12784235480473852,1,,0
2171,1.0,0,,0
2172,1.0,0,,0
2173,0.07064143818897582,1,,0
2174,1.0,0,0.361231360721987,1
2175,1.0,0,,0
2176,1.0,0,,0
2177,1.0,0,,0
2178,1.0,0,0.4418861510463867,1
2179,1.0,0,,0
2180,1.0,0,,0
2181,0.060768443463717056,1,,0
2182,1.0,0,0.15044572983574675,1
2183,1.0,0,0.962572440047306,1
2184,1.0,0,0.6892655043631871,1
2185,0.38728740395966094,1,0.17486911927784946,1
2186,1.0,0,0.8471442335521775,1
2187,1.0,0,0.5807394999970806,1
2188,1.0,0,0.545327505326531,1
2189,0.4059074006947557,1,,0
2190,1.0,0,0.018401293523430444,1
2191,0.954683078753644,1,,0
2192,0.9754280156977465,1,,0
2193,1.0,0,,0
2194,1.0,0,,0
2195,1.0,0,0.221676303200643,1
2196,0.5132371297726267,1,0.4347870824691302,1
2197,0.5904906991947573,1,0.42025779305409333,1
2198,1.0,0,0.6858105138197578,1
2199,1.0,0,0.11164837426707115,1
2200,0.6997705457720836,1,,0
2201,1.0,0,,0
2202,1.0,0,0.29768096342343475,1
2203,1.0,0,0.21835663615842338,1
2204,1.0,0,0.4800300463813364,1
2205,0.7401020191292457,1,,0
2206,1.0,0,0.1450314748771438,1
2207,1.0,0,0.5866885451256338,1
2208,1.0,0,0.8085533121978997,1
2209,1.0,0,0.6766449726191006,1
2210,1.0,0,0.10177775957536096,1
2211,1.0,0,0.7184487631385615,1
2212,0.11088440140210884,1,,0
2213,1.0,0,,0
2214,1.0,0,,0
2215,0.9508960351991351,1,,0
2216,1.0,0,0.056075778981287155,1
2217,1.0,0,,0
2218,1.0,0,,0
2219,1.0,0,0.7004948442057232,1
2220,1.0,0,,0
2221,0.5416224042483982,1,,0
2222,1.0,0,0.2916794754125099,1
2223,1.0,0,,0
2224,1.0,0,,0
2225,1.0,0,,0
2226,1.0,0,,0
2227,1.0,0,0.03717419134702902,1
2228,1.0,0,,0
2229,1.0,0,,0
2230,0.9965985842288169,1,0.4650148124167941,1
2231,0.11766426371156423,1,,0
2232,1.0,0,,0
2233,0.8573632447714338,1,0.4206106074409754,1
2234,1.0,0,,0
2235,1.0,0,0.35172970573032414,1
2236,1.0,0,,0
2237,0.13608505014254446,1,,0
2238,0.254479780408131,1,,0
2239,1.0,0,0.31334801715092814,1
2240,1.0,0,,0
2241,0.6062256092857374,1,,0
2242,1.0,0,0.6130032653967126,1
2243,1.0,0,,0
2244,1.0,0,,0
2245,1.0,0,0.27699984143683754,1
2246,0.3946974216369874,1,,0
2247,1.0,0,0.44728441063639196,1
2248,1.0,0,0.7018235448286935,1
2249,1.0,0,,0
2250,1.0,0,0.025574241515210108,1
2251,1.0,0,,0
2252,1.0,0,,0
2253,1.0,0,,0
2254,1.0,0,0.9204236854594327,1
2255,0.4650270664922433,1,0.17817372465794287,1
2256,1.0,0,,0
2257,1.0,0,,0
2258,1.0,0,,0
2259,1.0,0,,0
2260,1.0,0,0.05246730764339402,1
2261,1.0,0,,0
2262,1.0,0,0.35768313953444425,1
2263,1.0,0,,0
2264,1.0,0,,0
2265,0.2666630043705686,1,,0
2266,1.0,0,,0
2267,1.0,0,0.05576130947876938,1
2268,0.8192467845719802,1,0.6659162483885894,1
2269,1.0,0,0.715409378425419,1
2270,1.0,0,0.3288254890940207,1
2271,1.0,0,,0
2272,1.0,0,,0
2273,1.0,0,,0
2274,1.0,0,0.3072855016857394,1
2275,1.0,0,,0
2276,1.0,0,0.3312122252768395,1
2277,1.0,0,,0
2278,1.0,0,0.7139219381547146,1
2279,1.0,0,,0
2280,1.0,0,,0
2281,1.0,0,0.032183975415749036,1
2282,1.0,0,,0
2283,0.5099504045847838,1,,0
2284,1.0,0,,0
2285,1.0,0,,0
2286,0.0031582276551166363,1,,0
2287,1.0,0,0.13146826033684497,1
2288,0.9101923083352593,1,,0
2289,1.0,0,,0
2290,1.0,0,0.6811829156780563,1
2291,1.0,0,,0
2292,0.885625206486841,1,,0
2293,1.0,0,0.06360789365477441,1
2294,0.2515041183518975,1,,0
2295,1.0,0,0.04448099829588816,1
2296,1.0,0,0.7640324241222276,1
2297,0.16192699477639666,1,,0
2298,1.0,0,,0
2299,1.0,0,,0
2300,0.194695932350069,1,,0
2301,1.0,0,0.9334089674881093,1
2302,1.0,0,,0
2303,1.0,0,,0
2304,0.8875159705794299,1,0.3212717994992141,1
2305,1.0,0,,0
2306,1.0,0,,0
2307,0.7961220547748832,1,0.5006264294799816,1
2308,1.0,0,0.03421658193064676,1
2309,1.0,0,0.7006311196142422,1
2310,1.0,0,,0
2311,1.0,0,,0
2312,1.0,0,0.311160849171085,1
2313,1.0,0,,0
2314,1.0,0,,0
2315,1.0,0,0.18453798379372727,1
2316,0.14693703470841185,1,,0
2317,1.0,0,,0
2318,1.0,0,0.8355696789996921,1
2319,1.0,0,0.0731216091428917,1
2320,1.0,0,0.16058180645087203,1
2321,1.0,0,0.06287213771982234,1
2322,0.9278060154502455,1,0.30801502130051334,1
2323,1.0,0,0.847275783371294,1
2324,1.0,0,,0
2325,0.728984317968257,1,0.7278294490409787,1
2326,1.0,0,0.5800742727920831,1
2327,0.10901776051214684,1,,0
2328,0.36871834728302266,1,,0
2329,1.0,0,0.21920837095948204,1
2330,1.0,0,,0
2331,1.0,0,0.9706886255201321,1
2332,1.0,0,0.5028055367934977,1
2333,1.0,0,,0
2334,1.0,0,,0
2335,1.0,0,0.13369801273073909,1
2336,0.35874236974665347,1,,0
2337,1.0,0,0.601030695290989,1
2338,1.0,0,0.298894736805023,1
2339,1.0,0,0.02920692302179093,1
2340,1.0,0,,0
2341,1.0,0,,0
2342,0.08289781446307383,1,,0
2343,1.0,0,0.43689871351788423,1
2344,1.0,0,0.1458537848338346,1
2345,1.0,0,,0
2346,1.0,0,,0
2347,1.0,0,,0
2348,1.0,0,,0
2349,1.0,0,,0
2350,1.0,0,0.9465642222515472,1
2351,1.0,0,0.6937014557692027,1
2352,1.0,0,0.23128869330591653,1
2353,1.0,0,,0
2354,1.0,0,,0
2355,1.0,0,0.08232435093365256,1
2356,1.0,0,,0
2357,1.0,0,,0
2358,1.0,0,,0
2359,1.0,0,0.06954659093631652,1
2360,1.0,0,0.6905290896637933,1
2361,1.0,0,,0
2362,1.0,0,0.8248072262439292,1
2363,1.0,0,0.18302270793378483,1
2364,1.0,0,,0
2365,0.11693781213749938,1,,0
2366,1.0,0,,0
2367,1.0,0,0.43549476960688155,1
2368,1.0,0,,0
2369,1.0,0,,0
2370,1.0,0,0.40838638631966445,1
2371,1.0,0,0.8739442860204515,1
2372,0.3002582756682749,1,,0
2373,0.5791794629379692,1,,0
2374,1.0,0,0.27692428618142706,1
2375,1.0,0,0.6816324390316962,1
2376,1.0,0,0.22859496197954954,1
2377,1.0,0,,0
2378,1.0,0,,0
2379,1.0,0,,0
2380,1.0,0,,0
2381,1.0,0,0.4368965083921191,1
2382,1.0,0,0.46228830189904185,1
2383,1.0,0,0.4115907957190754,1
2384,1.0,0,0.23356504258430896,1
2385,0.6573847428734988,1,0.4349140722762553,1
2386,0.04144462302710552,1,,0
2387,1.0,0,0.11346402819688724,1
2388,1.0,0,,0
2389,1.0,0,,0
2390,1.0,0,0.013418420354276418,1
2391,1.0,0,,0
2392,1.0,0,0.6397133505407354,1
2393,1.0,0,,0
2394,1.0,0,0.3290163798536553,1
2395,1.0,0,,0
2396,1.0,0,0.8452434866326908,1
2397,0.7503657515634032,1,,0
2398,1.0,0,,0
2399,1.0,0,,0
2400,1.0,0,,0
2401,1.0,0,0.06840763787660917,1
2402,1.0,0,,0
2403,1.0,0,,0
2404,1.0,0,,0
2405,1.0,0,0.09739151999838858,1
2406,1.0,0,,0
2407,1.0,0,,0
2408,1.0,0,0.7777182033719483,1
2409,0.9038727216024646,1,,0
2410,1.0,0,0.3240603867587367,1
2411,1.0,0,0.22649859968572372,1
2412,1.0,0,0.4854882832836145,1
2413,1.0,0,0.7390600792457751,1
2414,1.0,0,0.16788823317007176,1
2415,1.0,0,,0
2416,1.0,0,,0
2417,1.0,0,0.5953133449047351,1
2418,0.26386420480518274,1,,0
2419,1.0,0,0.4148940530883488,1
2420,0.0764503260605375,1,,0
2421,0.7500315946364294,1,,0
2422,1.0,0,,0
2423,1.0,0,,0
2424,0.09659565313802414,1,,0
2425,1.0,0,0.36757277416357076,1
2426,1.0,0,,0
2427,1.0,0,,0
2428,1.0,0,0.714697652721599,1
2429,1.0,0,,0
2430,0.3187169473566956,1,,0
2431,1.0,0,0.6547603127633168,1
2432,1.0,0,0.004300409680116837,1
2433,0.5000252716541029,1,,0
2434,1.0,0,0.3237526690545462,1
2435,1.0,0,,0
2436,1.0,0,0.33786212367304835,1
2437,1.0,0,,0
2438,1.0,0,0.41527607692419083,1
2439,1.0,0,,0
2440,1.0,0,0.1045751665192483,1
2441,1.0,0,0.08070941416220953,1
2442,1.0,0,0.5916562523422764,1
2443,0.00393623450636987,1,,0
2444,1.0,0,0.2940152719366953,1
2445,1.0,0,0.06696862051034086,1
2446,1.0,0,0.3387684331872703,1
2447,1.0,0,,0
2448,1.0,0,0.48211814568359723,1
2449,1.0,0,,0
2450,1.0,0,,0
2451,1.0,0,0.4178659504225275,1
2452,1.0,0,0.29609429231388423,1
2453,1.0,0,0.08638658274072317,1
2454,0.15427867855963256,1,0.08871507141568055,1
2455,1.0,0,,0
2456,1.0,0,,0
2457,1.0,0,0.34897006919913004,1
2458,1.0,0,0.2556364300772892,1
2459,1.0,0,,0
2460,1.0,0,0.2395691332071568,1
2461,1.0,0,,0
2462,1.0,0,,0
2463,1.0,0,0.05314070955163908,1
2464,1.0,0,,0
2465,1.0,0,,0
2466,1.0,0,0.3057558880440224,1
2467,1.0,0,,0
2468,1.0,0,0.6382652316437675,1
2469,0.8672412754176538,1,,0
2470,1.0,0,0.01501781442512208,1
2471,1.0,0,0.2907599737748374,1
2472,1.0,0,,0
2473,1.0,0,,0
2474,1.0,0,0.49383213537300685,1
2475,1.0,0,,0
2476,1.0,0,,0
2477,1.0,0,0.008663493870940673,1
2478,1.0,0,,0
2479,1.0,0,,0
2480,1.0,0,0.508269443522799,1
2481,1.0,0,,0
2482,1.0,0,,0
2483,1.0,0,0.5897114634318871,1
2484,1.0,0,,0
2485,1.0,0,,0
2486,1.0,0,0.8467504773860648,1
2487,1.0,0,0.7343320927945404,1
2488,1.0,0,0.4025066254174088,1
2489,0.2888608696516305,1,,0
2490,1.0,0,,0
2491,1.0,0,,0
2492,0.19215123912402116,1,,0
2493,1.0,0,0.9459972680407401,1
2494,1.0,0,0.42699901247613603,1
2495,1.0,0,0.8191973710331178,1
2496,1.0,0,,0
2497,1.0,0,,0
2498,0.83777049980499,1,0.355032526574689,1
2499,1.0,0,,0
2500,1.0,0,0.026712144085909013,1
2501,0.44839382238547776,1,0.31577357243548776,1
2502,0.8930371362976407,1,0.5519466335592293,1
2503,0.3220241383111713,1,0.001770625326381222,1
2504,1.0,0,0.14060021978737708,1
2505,1.0,0,0.6873932646194845,1
2506,0.5589851943843619,1,,0
2507,1.0,0,,0
2508,1.0,0,0.5849492400381137,1
2509,1.0,0,,0
2510,0.9546589483826428,1,,0
2511,1.0,0,0.6514580311074085,1
2512,1.0,0,,0
2513,1.0,0,0.2044644843582454,1
2514,1.0,0,0.07949007936099525,1
2515,1.0,0,,0
2516,1.0,0,,0
2517,1.0,0,0.2094609443241118,1
2518,1.0,0,0.5841199143306599,1
2519,1.0,0,0.4004286999230587,1
2520,1.0,0,0.03497539696307075,1
2521,1.0,0,,0
2522,1.0,0,,0
2523,1.0,0,,0
2524,1.0,0,,0
2525,1.0,0,0.4016530304102191,1
2526,0.4446790612889293,1,,0
2527,1.0,0,0.34178760498182853,1
2528,0.6738282230683906,1,,0
2529,1.0,0,,0
2530,1.0,0,,0
2531,1.0,0,,0
2532,1.0,0,,0
2533,1.0,0,,0
2534,0.011011246333362198,1,,0
2535,1.0,0,,0
2536,0.6967438042727937,1,,0
2537,1.0,0,0.25301926614263154,1
2538,1.0,0,,0
2539,1.0,0,,0
2540,0.2925076272905998,1,,0
2541,0.9249971824800828,1,0.49260951906019157,1
2542,0.7892685711795528,1,0.13481838559626305,1
2543,1.0,0,0.03553460531478791,1
2544,1.0,0,,0
2545,1.0,0,,0
2546,1.0,0,0.08762954849257824,1
2547,1.0,0,0.7747926839943868,1
2548,1.0,0,,0
2549,1.0,0,0.07600396653267158,1
2550,1.0,0,0.2645073680478944,1
2551,1.0,0,,0
2552,1.0,0,,0
2553,0.10181304060668298,1,0.08321172951791528,1
2554,1.0,0,,0
2555,1.0,0,0.3848628409590414,1
2556,1.0,0,0.3207696549536688,1
2557,1.0,0,0.03538405508621342,1
2558,0.7868907515332434,1,0.7254787553691588,1
2559,1.0,0,,0
2560,1.0,0,0.2813471744454139,1
2561,1.0,0,0.5653763220732632,1
2562,1.0,0,0.004394470088783488,1
2563,1.0,0,0.5653800743161166,1
2564,1.0,0,0.7855016326131097,1
2565,1.0,0,0.29276612753335046,1
2566,1.0,0,0.431384357079921,1
2567,1.0,0,0.21409590861054334,1
2568,1.0,0,0.5753396677023536,1
2569,1.0,0,0.3139020211222612,1
2570,0.15640887973230835,1,,0
2571,0.14583833543692842,1,,0
2572,1.0,0,,0
2573,1.0,0,,0
2574,0.6967205669986735,1,0.4540470470217859,1
2575,1.0,0,0.8518348587845261,1
2576,1.0,0,0.6094129322361979,1
2577,1.0,0,,0
2578,1.0,0,,0
2579,1.0,0,,0
2580,1.0,0,0.8479049082671039,1
2581,1.0,0,0.7942547136786251,1
2582,1.0,0,,0
2583,1.0,0,,0
2584,1.0,0,,0
2585,1.0,0,0.2083509677340125,1
2586,1.0,0,0.11755285024916211,1
2587,1.0,0,,0
2588,1.0,0,,0
2589,1.0,0,,0
2590,1.0,0,0.0292215125326341,1
2591,1.0,0,0.7320100093113605,1
2592,1.0,0,0.09545487730884204,1
2593,1.0,0,,0
2594,1.0,0,0.07089115224798091,1
2595,1.0,0,0.3116483333395055,1
2596,0.4577338710265618,1,0.2796857857868881,1
2597,0.8255697981301522,1,,0
2598,1.0,0,,0
2599,1.0,0,,0
2600,1.0,0,0.5491062734698114,1
2601,0.15038515629961502,1,0.035327634800227686,1
2602,0.5906624714263407,1,,0
2603,0.40942926070827895,1,0.022756184367890273,1
2604,1.0,0,,0
2605,1.0,0,,0
2606,0.4021124636847283,1,0.28384593620758963,1
2607,1.0,0,0.23089490486097844,1
2608,0.08651798381744721,1,,0
2609,1.0,0,0.7314351883710234,1
2610,1.0,0,,0
2611,0.8156608436069974,1,0.12773877211616178,1
2612,1.0,0,0.5861312480521607,1
2613,1.0,0,0.10699745524000187,1
2614,1.0,0,0.568498297665804,1
2615,0.9290122306589086,1,,0
2616,1.0,0,,0
2617,1.0,0,,0
2618,1.0,0,0.4399746885449756,1
2619,1.0,0,0.1944796830610737,1
2620,0.2704252550700623,1,,0
2621,1.0,0,0.5078561352316384,1
2622,1.0,0,0.23692096088154374,1
2623,1.0,0,0.8019391437886801,1
2624,1.0,0,,0
2625,1.0,0,,0
2626,1.0,0,,0
2627,1.0,0,0.009887126081924208,1
2628,1.0,0,0.40434312486478513,1
2629,0.11313614501053104,1,,0
2630,1.0,0,0.14857925408281436,1
2631,1.0,0,0.05415822445195268,1
2632,1.0,0,0.6671325452716913,1
2633,1.0,0,,0
2634,1.0,0,0.9293899619484906,1
2635,1.0,0,0.7387839297493678,1
2636,1.0,0,,0
2637,1.0,0,,0
2638,0.4660816133306287,1,0.11049135584828461,1
2639,1.0,0,0.2705453782816944,1
2640,1.0,0,,0
2641,1.0,0,,0
2642,1.0,0,,0
2643,0.8891610312058842,1,0.008558010700279766,1
2644,1.0,0,0.5885947821254309,1
2645,1.0,0,0.15102998975217624,1
2646,1.0,0,0.14189949361165047,1
2647,0.8723360081560436,1,0.4009381775074802,1
2648,1.0,0,,0
2649,1.0,0,0.59808123359675,1
2650,1.0,0,,0
2651,0.054296875751946284,1,,0
2652,1.0,0,0.39616296440357335,1
2653,1.0,0,0.06362551729106809,1
2654,1.0,0,,0
2655,1.0,0,0.7264054624568024,1
2656,0.4030884255883524,1,,0
2657,1.0,0,,0
2658,1.0,0,0.8104711221755893,1
2659,1.0,0,0.029612706160241257,1
2660,1.0,0,,0
2661,1.0,0,,0
2662,1.0,0,,0
2663,1.0,0,,0
2664,1.0,0,0.24494024598345568,1
2665,1.0,0,0.2178873756861599,1
2666,1.0,0,0.4495634990373502,1
2667,1.0,0,0.13663507794723376,1
2668,1.0,0,0.04744237514452395,1
2669,0.7879339004346807,1,,0
2670,1.0,0,0.2701994966090087,1
2671,1.0,0,,0
2672,1.0,0,,0
2673,1.0,0,0.10929511078793813,1
2674,1.0,0,,0
2675,1.0,0,0.8824445882330694,1
2676,1.0,0,,0
2677,1.0,0,,0
2678,1.0,0,,0
2679,1.0,0,,0
2680,1.0,0,,0
2681,0.22179030552409862,1,,0
2682,1.0,0,0.17003016971154838,1
2683,0.8032026873442344,1,0.11295596783668911,1
2684,1.0,0,0.8235347315489315,1
2685,1.0,0,,0
2686,1.0,0,0.18526192743601583,1
2687,1.0,0,0.09612413414347892,1
2688,1.0,0,0.3610440328863905,1
2689,0.3881490934801157,1,0.2943734025781156,1
2690,1.0,0,0.27014500505907296,1
2691,1.0,0,,0
2692,0.9573554042226542,1,0.06648232187428893,1
2693,1.0,0,0.35054690919059417,1
2694,1.0,0,0.41082356741336457,1
2695,1.0,0,0.24841715273311551,1
2696,1.0,0,,0
2697,1.0,0,,0
2698,0.6852501066541045,1,,0
2699,1.0,0,,0
2700,1.0,0,,0
2701,1.0,0,0.40111537825895516,1
2702,1.0,0,0.5194583924216014,1
2703,1.0,0,0.28686747384535605,1
2704,1.0,0,,0
2705,1.0,0,,0
2706,0.14797427870788976,1,,0
2707,1.0,0,0.03211285003786551,1
2708,1.0,0,0.6776518513365775,1
2709,1.0,0,,0
2710,0.3536985550748666,1,,0
2711,1.0,0,0.09578515391146832,1
2712,0.06129222396709767,1,,0
2713,1.0,0,,0
2714,1.0,0,0.20228353345901265,1
2715,1.0,0,0.1917541189843912,1
2716,1.0,0,,0
2717,1.0,0,0.9830360146074746,1
2718,1.0,0,0.12514121591621977,1
2719,1.0,0,,0
2720,0.9088967643171295,1,,0
2721,0.5128731654705244,1,0.06674736507351663,1
2722,1.0,0,0.16772170577853412,1
2723,1.0,0,0.09041130118360181,1
2724,1.0,0,,0
2725,1.0,0,,0
2726,1.0,0,0.699656228795399,1
2727,0.0045748523181317,1,,0
2728,1.0,0,0.6415154985297566,1
2729,1.0,0,,0
2730,1.0,0,0.8478564470173596,1
2731,1.0,0,,0
2732,1.0,0,,0
2733,1.0,0,,0
2734,1.0,0,,0
2735,0.6949594422976707,1,,0
2736,1.0,0,,0
2737,1.0,0,,0
2738,1.0,0,0.10652591152293614,1
2739,1.0,0,,0
2740,1.0,0,,0
2741,1.0,0,0.3953122291754938,1
2742,0.9231897741165543,1,,0
2743,1.0,0,0.3095111300999511,1
2744,0.7139415176597075,1,0.04340951360112241,1
2745,1.0,0,,0
2746,1.0,0,0.29985538591340305,1
2747,0.026350231731538484,1,,0
2748,1.0,0,,0
2749,1.0,0,0.02335084136082122,1
2750,1.0,0,0.7973703078420967,1
2751,1.0,0,,0
2752,0.20451130605458842,1,,0
2753,1.0,0,,0
2754,1.0,0,,0
2755,1.0,0,,0
2756,0.010250378817259978,1,,0
2757,1.0,0,0.29396803125255183,1
2758,1.0,0,,0
2759,1.0,0,,0
2760,1.0,0,,0
2761,1.0,0,,0
2762,1.0,0,0.6476951986440944,1
2763,0.13153285671783113,1,,0
2764,1.0,0,,0
2765,1.0,0,0.5304389890496992,1
2766,1.0,0,,0
2767,1.0,0,,0
2768,1.0,0,0.32459685449195663,1
2769,1.0,0,,0
2770,1.0,0,0.6654376839623996,1
2771,1.0,0,0.6842361483593278,1
2772,0.6219714199050885,1,,0
2773,1.0,0,,0
2774,1.0,0,0.23888568697154622,1
2775,1.0,0,,0
2776,1.0,0,,0
2777,1.0,0,,0
2778,1.0,0,,0
2779,1.0,0,,0
2780,0.18293226969675244,1,,0
2781,1.0,0,,0
2782,1.0,0,,0
2783,1.0,0,0.06419032090369524,1
2784,1.0,0,0.76155543396759,1
2785,1.0,0,,0
2786,1.0,0,,0
2787,1.0,0,0.23210898953523823,1
2788,1.0,0,,0
2789,1.0,0,0.2772780827629438,1
2790,0.5570700119616261,1,,0
2791,1.0,0,0.4369681533452729,1
2792,1.0,0,,0
2793,1.0,0,0.6662989109031038,1
2794,1.0,0,,0
2795,1.0,0,,0
2796,1.0,0,0.21660138036628665,1
2797,1.0,0,,0
2798,0.2219271125086961,1,,0
2799,1.0,0,0.1317128668162038,1
2800,1.0,0,0.15067255165065807,1
2801,1.0,0,0.23763457913008418,1
2802,1.0,0,0.4020904546187539,1
2803,0.9183023024421606,1,,0
2804,1.0,0,,0
2805,1.0,0,,0
2806,0.22411910646649644,1,0.062497134635986704,1
2807,1.0,0,0.04163650644751714,1
2808,1.0,0,,0
2809,0.5288897054210752,1,,0
2810,1.0,0,0.9569793351786782,1
2811,1.0,0,0.4634524408911115,1
2812,1.0,0,0.37775651919045355,1
2813,1.0,0,0.17461178685825063,1
2814,1.0,0,0.7469679303035603,1
2815,1.0,0,,0
2816,1.0,0,0.8355637413422439,1
2817,1.0,0,0.8309887218014096,1
2818,1.0,0,0.39114245747725374,1
2819,1.0,0,0.20450495175587427,1
2820,1.0,0,,0
2821,0.10852384872578433,1,,0
2822,1.0,0,0.09808752650848516,1
2823,1.0,0,,0
2824,0.05244904483505894,1,,0
2825,1.0,0,,0
2826,1.0,0,,0
2827,1.0,0,,0
2828,1.0,0,0.9452081713444793,1
2829,1.0,0,,0
2830,1.0,0,0.7110572065576185,1
2831,0.9900834482078159,1,,0
2832,0.2690325495268979,1,,0
2833,1.0,0,0.41313687410895966,1
2834,1.0,0,,0
2835,0.7273439358731567,1,,0
2836,1.0,0,,0
2837,1.0,0,0.8828479590457532,1
2838,0.9828849456233616,1,,0
2839,1.0,0,0.8591252077719668,1
2840,1.0,0,0.021771996465642932,1
2841,0.4572392509282535,1,,0
2842,1.0,0,,0
2843,0.7532545939313253,1,0.6403846082576689,1
2844,1.0,0,0.57822344961445,1
2845,1.0,0,0.5731140345182653,1
2846,0.4446956947362803,1,0.3354752584540957,1
2847,0.9162784756988409,1,0.38390822396207414,1
2848,1.0,0,0.5820580415055271,1
2849,1.0,0,0.7651562308135409,1
2850,1.0,0,0.27262625276973346,1
2851,0.897597773234742,1,,0
2852,1.0,0,,0
2853,1.0,0,,0
2854,1.0,0,,0
2855,0.00284049652642016,1,,0
2856,1.0,0,0.37785554224546597,1
2857,0.9588861926758038,1,0.7550415483113864,1
2858,1.0,0,,0
2859,0.4099525543218005,1,0.2312440845164907,1
2860,1.0,0,,0
2861,1.0,0,,0
2862,0.03449410663098097,1,,0
2863,1.0,0,0.2873853783024346,1
2864,1.0,0,0.9584149058874851,1
2865,1.0,0,,0
2866,1.0,0,0.05324223319549799,1
2867,1.0,0,0.1392721831346756,1
2868,0.7058160170405425,1,,0
2869,0.7002654610845901,1,0.05699825059491709,1
2870,1.0,0,,0
2871,1.0,0,0.5625996195055567,1
2872,1.0,0,0.4635784521838336,1
2873,1.0,0,0.1165486918072921,1
2874,1.0,0,,0
2875,1.0,0,,0
2876,1.0,0,0.08565291511125152,1
2877,1.0,0,0.6132695113885002,1
2878,1.0,0,,0
2879,1.0,0,,0
2880,1.0,0,,0
2881,1.0,0,0.8186797844589278,1
2882,1.0,0,0.5685777135183914,1
2883,1.0,0,,0
2884,1.0,0,,0
2885,1.0,0,0.8437068623730226,1
2886,0.2214201452584926,1,,0
2887,1.0,0,0.34720988002100367,1
2888,0.05835367297655265,1,0.03900767016802775,1
2889,1.0,0,0.012393905199684063,1
2890,1.0,0,0.19871614639714727,1
2891,1.0,0,0.09482142244432723,1
2892,1.0,0,,0
2893,1.0,0,,0
2894,1.0,0,0.39214978216161345,1
2895,0.8986313131175783,1,,0
2896,1.0,0,,0
2897,0.040235631113177045,1,,0
2898,0.7120324560605759,1,0.1960729300710557,1
2899,1.0,0,,0
2900,1.0,0,0.2256537361270385,1
2901,1.0,0,,0
2902,1.0,0,0.7301251971188407,1
2903,1.0,0,0.1529920061858548,1
2904,1.0,0,,0
2905,1.0,0,,0
2906,1.0,0,,0
2907,1.0,0,0.0137477665552561,1
2908,1.0,0,,0
2909,1.0,0,0.11514214981092721,1
2910,1.0,0,,0
2911,1.0,0,0.9963905745328188,1
2912,1.0,0,0.8788934070494852,1
2913,1.0,0,0.3667411815938328,1
2914,1.0,0,0.772336755083095,1
2915,1.0,0,0.3644455606860447,1
2916,1.0,0,,0
2917,0.7747651046617916,1,,0
2918,1.0,0,,0
2919,1.0,0,0.20510416019699754,1
2920,1.0,0,0.442560017311623,1
2921,1.0,0,0.4401551279823829,1
2922,1.0,0,0.10094062424808435,1
2923,0.808281206388047,1,0.09344582514659591,1
2924,1.0,0,0.9185239533850704,1
2925,1.0,0,0.21756780143107304,1
2926,1.0,0,,0
2927,1.0,0,0.5352517524563318,1
2928,1.0,0,,0
2929,1.0,0,0.2720019062571178,1
2930,1.0,0,0.5891099361250904,1
2931,1.0,0,,0
2932,1.0,0,,0
2933,1.0,0,0.14115572869798673,1
2934,1.0,0,0.0557763562813165,1
2935,1.0,0,0.08859403530409327,1
2936,1.0,0,0.5999553660177239,1
2937,1.0,0,,0
2938,0.1298304928391238,1,,0
2939,1.0,0,0.45290562049669936,1
2940,0.12355057176749504,1,,0
2941,0.29525660038528867,1,,0
2942,0.8744310608857025,1,0.757117150282431,1
2943,0.09646452545104993,1,,0
2944,1.0,0,,0
2945,0.5467501794507735,1,,0
2946,0.8494871035394733,1,0.21635802979166868,1
2947,1.0,0,,0
2948,1.0,0,,0
2949,1.0,0,0.18047420791654886,1
2950,1.0,0,0.9823776386163223,1
2951,1.0,0,0.11117726116770091,1
2952,1.0,0,,0
2953,1.0,0,,0
2954,0.2806836315139948,1,,0
2955,1.0,0,,0
2956,1.0,0,,0
2957,0.7973705126341945,1,0.23969559591904963,1
2958,1.0,0,,0
2959,1.0,0,0.6446725660652133,1
2960,1.0,0,,0
2961,1.0,0,0.1291340187040637,1
2962,1.0,0,,0
2963,1.0,0,,0
2964,1.0,0,0.5537775998514515,1
2965,0.6574439949613059,1,,0
2966,1.0,0,0.15332538982115668,1
2967,1.0,0,0.09742760661012653,1
2968,1.0,0,,0
2969,1.0,0,,0
2970,1.0,0,,0
2971,1.0,0,,0
2972,1.0,0,0.3191585627023703,1
2973,1.0,0,0.21099755171530696,1
2974,0.02023847630951449,1,,0
2975,1.0,0,,0
2976,1.0,0,0.1996111465075524,1
2977,1.0,0,,0
2978,1.0,0,,0
2979,1.0,0,,0
2980,1.0,0,,0
2981,0.14552773405913044,1,,0
2982,1.0,0,0.22420951660402663,1
2983,1.0,0,0.12138239391023256,1
2984,1.0,0,,0
2985,1.0,0,0.6815084233831628,1
2986,1.0,0,0.6985652851726181,1
2987,1.0,0,0.12434872674459789,1
2988,0.28770496201987295,1,,0
2989,1.0,0,,0
2990,0.10711554189288441,1,,0
2991,1.0,0,,0
2992,1.0,0,,0
2993,1.0,0,0.6691320495010153,1
2994,1.0,0,,0
2995,0.739847771681344,1,,0
2996,1.0,0,,0
2997,1.0,0,,0
2998,1.0,0,,0
2999,1.0,0,0.3120843227589756,1
3000,0.1208440990695307,1,,0
3001,0.6363063621481475,1,,0
3002,1.0,0,0.9958119574934595,1
3003,1.0,0,0.4942499288677815,1
3004,1.0,0,0.7578017720930149,1
3005,0.14375077468814557,1,0.07922535195939619,1
3006,0.8334657996652383,1,,0
3007,1.0,0,,0
3008,1.0,0,0.6398782693725268,1
3009,1.0,0,,0
3010,1.0,0,0.49901950179940535,1
3011,1.0,0,0.810349309595985,1
3012,1.0,0,0.1499251223906526,1
3013,0.20454327834179323,1,,0
3014,0.695651976287627,1,,0
3015,0.6635328918949759,1,,0
3016,1.0,0,,0
3017,1.0,0,0.08931252485993023,1
3018,0.16326602037972704,1,,0
3019,0.18626192403699582,1,,0
3020,1.0,0,,0
3021,1.0,0,0.6175464326223558,1
3022,0.01957263405519526,1,,0
3023,0.0060546577487786855,1,,0
3024,0.9743561295179446,1,0.7600437952582683,1
3025,1.0,0,,0
3026,1.0,0,,0
3027,1.0,0,,0
3028,1.0,0,0.7993361397907497,1
3029,0.6303914378136516,1,0.2201210366738051,1
3030,1.0,0,,0
3031,1.0,0,,0
3032,0.055118220607355696,1,0.034968247283088894,1
3033,0.933318259627228,1,,0
3034,0.3881218931037752,1,,0
3035,1.0,0,0.7729343570064172,1
3036,1.0,0,,0
3037,0.937641386623353,1,0.7658808767845349,1
3038,1.0,0,0.17218130348165442,1
3039,1.0,0,0.2009901117920005,1
3040,1.0,0,,0
3041,1.0,0,0.8800648768275768,1
3042,1.0,0,0.4490663504881541,1
3043,1.0,0,0.5584337860467337,1
3044,0.27571662915118744,1,,0
3045,1.0,0,,0
3046,1.0,0,,0
3047,1.0,0,,0
3048,1.0,0,,0
3049,1.0,0,,0
3050,1.0,0,0.6224048250670196,1
3051,1.0,0,,0
3052,1.0,0,0.6603239822129702,1
3053,1.0,0,0.1615993182774563,1
3054,1.0,0,,0
3055,1.0,0,0.004242526002225907,1
3056,1.0,0,,0
3057,1.0,0,0.18801214253778692,1
3058,0.19698099308996325,1,0.14931491254719959,1
3059,1.0,0,,0
3060,1.0,0,0.18929707643473775,1
3061,0.20323128644745342,1,,0
3062,1.0,0,,0
3063,1.0,0,0.6852607919808502,1
3064,1.0,0,0.2228726970594679,1
3065,1.0,0,0.7027246215162188,1
3066,1.0,0,,0
3067,1.0,0,,0
3068,1.0,0,,0
3069,1.0,0,0.17780510482811768,1
3070,1.0,0,,0
3071,1.0,0,0.12484029161009652,1
3072,1.0,0,,0
3073,1.0,0,,0
3074,1.0,0,0.29828241662754024,1
3075,1.0,0,0.8920164408829885,1
3076,1.0,0,,0
3077,1.0,0,,0
3078,0.04089754268792101,1,,0
3079,1.0,0,0.022653667812309958,1
3080,1.0,0,,0
3081,0.14804524430480787,1,,0
3082,1.0,0,0.6260790305367848,1
3083,1.0,0,0.42996923543755294,1
3084,1.0,0,0.19286754947253412,1
3085,1.0,0,0.46979397590332034,1
3086,0.33163885900883233,1,,0
3087,1.0,0,0.5536318351452978,1
3088,1.0,0,,0
3089,1.0,0,,0
3090,1.0,0,,0
3091,1.0,0,0.17074441424806405,1
3092,1.0,0,0.23891466659841756,1
3093,1.0,0,,0
3094,1.0,0,,0
3095,1.0,0,,0
3096,0.40609585550160754,1,,0
3097,1.0,0,0.5685551679474115,1
3098,1.0,0,0.23017436732898633,1
3099,1.0,0,,0
3100,1.0,0,,0
3101,1.0,0,0.9856855993600471,1
3102,1.0,0,,0
3103,1.0,0,,0
3104,0.5077825852915198,1,,0
3105,1.0,0,,0
3106,1.0,0,0.09807672174065409,1
3107,1.0,0,0.8673837460879079,1
3108,0.023449581494496604,1,,0
3109,0.33316148137795504,1,,0
3110,1.0,0,0.4538046040209724,1
3111,1.0,0,0.5806223371342153,1
3112,1.0,0,0.3134739856218823,1
3113,1.0,0,0.4120043805893294,1
3114,1.0,0,,0
3115,1.0,0,0.8453684141858637,1
3116,1.0,0,0.7689487648160035,1
3117,1.0,0,,0
3118,0.41450341939691193,1,,0
3119,1.0,0,,0
3120,1.0,0,,0
3121,1.0,0,0.3004199733131652,1
3122,1.0,0,0.3145001873548788,1
3123,1.0,0,0.2079295764616192,1
3124,1.0,0,,0
3125,0.8861455618319145,1,0.5592828872720572,1
3126,1.0,0,,0
3127,1.0,0,,0
3128,1.0,0,0.20842417794629,1
3129,1.0,0,0.6723462873807341,1
3130,0.8388573877288776,1,,0
3131,1.0,0,,0
3132,1.0,0,0.019032157322424866,1
3133,1.0,0,0.49677697676364274,1
3134,1.0,0,0.1861386370070507,1
3135,0.721254547933821,1,,0
3136,0.1906977143957991,1,,0
3137,1.0,0,0.1508052273746175,1
3138,1.0,0,0.14019480677729074,1
3139,0.48040992528519155,1,,0
3140,1.0,0,,0
3141,1.0,0,,0
3142,0.4703798123462137,1,,0
3143,0.32754371537728544,1,,0
3144,1.0,0,,0
3145,1.0,0,0.5516456978833059,1
3146,1.0,0,,0
3147,1.0,0,0.17014427777407487,1
3148,1.0,0,0.13699639391342788,1
3149,1.0,0,,0
3150,1.0,0,,0
3151,1.0,0,,0
3152,1.0,0,,0
3153,1.0,0,,0
3154,1.0,0,,0
3155,0.1283108239323864,1,0.04443617595290409,1
3156,0.06675343622323666,1,,0
3157,1.0,0,,0
3158,1.0,0,0.29223068378066774,1
3159,1.0,0,,0
3160,1.0,0,0.9342503548281917,1
3161,1.0,0,0.5436594885468385,1
3162,1.0,0,0.20003927343857814,1
3163,1.0,0,0.991516119231612,1
3164,0.8252694001069564,1,0.47639532121617423,1
3165,1.0,0,0.17151941920579292,1
3166,1.0,0,0.306855820421836,1
3167,1.0,0,,0
3168,1.0,0,,0
3169,1.0,0,0.43649993114105445,1
3170,1.0,0,0.3242812705129943,1
3171,1.0,0,,0
3172,1.0,0,,0
3173,1.0,0,0.6053027949232541,1
3174,1.0,0,,0
3175,1.0,0,,0
3176,0.8221162839568394,1,,0
3177,1.0,0,,0
3178,1.0,0,0.0012285281358965707,1
3179,1.0,0,0.11595462923975586,1
3180,1.0,0,,0
3181,1.0,0,0.28198775491045885,1
3182,1.0,0,,0
3183,1.0,0,,0
3184,1.0,0,,0
3185,1.0,0,0.4646344064734325,1
3186,1.0,0,0.9508449872401072,1
3187,1.0,0,,0
3188,0.22404512335896568,1,,0
3189,1.0,0,0.2575151560330692,1
3190,0.5692169609278925,1,,0
3191,1.0,0,0.19472561249492795,1
3192,0.10159314601159643,1,,0
3193,1.0,0,0.0020910403091940932,1
3194,1.0,0,0.476362653883805,1
3195,1.0,0,0.5994784602429678,1
3196,1.0,0,,0
3197,1.0,0,0.252791306256208,1
3198,1.0,0,0.45931190064267335,1
3199,1.0,0,,0
3200,1.0,0,,0
3201,1.0,0,0.04599495788411946,1
3202,0.9678378534173906,1,0.1485957617087151,1
3203,1.0,0,0.5911984268736092,1
3204,1.0,0,,0
3205,1.0,0,0.545629428308833,1
3206,1.0,0,0.9908909801377194,1
3207,1.0,0,,0
3208,1.0,0,0.8181396989245742,1
3209,1.0,0,0.33994088417274343,1
3210,1.0,0,0.907589724832101,1
3211,0.035893656868453847,1,,0
3212,1.0,0,0.37117889742705146,1
3213,0.3821305648056047,1,0.16794993292770574,1
3214,1.0,0,0.0046064113085867485,1
3215,1.0,0,0.9704394467515398,1
3216,0.26733282710312545,1,,0
3217,0.28916490892692054,1,,0
3218,1.0,0,,0
3219,1.0,0,,0
3220,1.0,0,,0
3221,1.0,0,,0
3222,1.0,0,,0
3223,1.0,0,0.6414306835007558,1
3224,0.6927109943403753,1,0.1016563676040461,1
3225,0.3368084672971189,1,,0
3226,1.0,0,0.9384693705204008,1
3227,1.0,0,0.2243370246616651,1
3228,1.0,0,,0
3229,1.0,0,0.5065028484886923,1
3230,1.0,0,0.012565271407798884,1
3231,0.7250362729731223,1,,0
3232,1.0,0,0.8179303912422038,1
3233,1.0,0,0.09615761747020252,1
3234,1.0,0,,0
3235,1.0,0,0.7703229153711888,1
3236,1.0,0,0.17754656202741498,1
3237,1.0,0,0.11365586046196081,1
3238,1.0,0,0.40175162807853143,1
3239,1.0,0,0.6956236074800144,1
3240,1.0,0,0.8474561980105604,1
3241,1.0,0,,0
3242,0.25992478429108107,1,,0
3243,0.7197772144548891,1,0.28416131471272554,1
3244,1.0,0,,0
3245,1.0,0,0.7981937646598024,1
3246,1.0,0,0.19154338318079672,1
3247,1.0,0,,0
3248,0.09730951519723215,1,0.03995109151473659,1
3249,0.29928758429708996,1,,0
3250,1.0,0,,0
3251,1.0,0,0.4170588789574594,1
3252,1.0,0,,0
3253,1.0,0,,0
3254,1.0,0,,0
3255,1.0,0,,0
3256,1.0,0,,0
3257,1.0,0,0.8569222030569881,1
3258,1.0,0,0.21028632085383245,1
3259,1.0,0,0.7292659054314725,1
3260,1.0,0,,0
3261,1.0,0,0.7475053869198732,1
3262,1.0,0,0.05968130042756826,1
3263,0.7740977888100486,1,,0
3264,1.0,0,,0
3265,1.0,0,0.4763492728456721,1
3266,1.0,0,,0
3267,0.6506635407228178,1,,0
3268,0.03646544933052655,1,,0
3269,1.0,0,0.7276638939040019,1
3270,0.2032060869014325,1,0.1908685883524308,1
3271,1.0,0,0.0437407485441691,1
3272,1.0,0,,0
3273,1.0,0,0.19392456320332768,1
3274,0.5335706044446598,1,,0
3275,1.0,0,,0
3276,1.0,0,0.005883817790107803,1
3277,1.0,0,0.1904670285795437,1
3278,1.0,0,,0
3279,1.0,0,0.6323422999598037,1
3280,1.0,0,0.24472990167531755,1
3281,1.0,0,0.19497365614461043,1
3282,1.0,0,,0
3283,1.0,0,,0
3284,1.0,0,0.13530216448804638,1
3285,1.0,0,,0
3286,1.0,0,,0
3287,1.0,0,0.1011476795658763,1
3288,1.0,0,0.6500625927578803,1
3289,0.5444204661949692,1,,0
3290,1.0,0,,0
3291,1.0,0,,0
3292,1.0,0,,0
3293,1.0,0,,0
3294,1.0,0,,0
3295,1.0,0,0.9821210454641492,1
3296,1.0,0,0.954752158384539,1
3297,0.3129104949666963,1,,0
3298,0.6541019596989052,1,0.2876749462708659,1
3299,0.1911505733861244,1,,0
3300,1.0,0,0.062132305381874475,1
3301,0.5902419510877878,1,,0
3302,1.0,0,0.007448747870266993,1
3303,1.0,0,,0
3304,1.0,0,,0
3305,1.0,0,0.817221204024063,1
3306,1.0,0,0.2785455788925833,1
3307,1.0,0,,0
3308,1.0,0,,0
3309,1.0,0,,0
3310,1.0,0,,0
3311,1.0,0,,0
3312,1.0,0,,0
3313,1.0,0,0.49277215555478904,1
3314,1.0,0,,0
3315,1.0,0,0.8287546302797019,1
3316,1.0,0,0.16814362239854824,1
3317,1.0,0,0.40788029434704737,1
3318,1.0,0,0.4683318536732219,1
3319,1.0,0,0.6727210982693076,1
3320,1.0,0,,0
3321,1.0,0,,0
3322,1.0,0,0.5416808504563285,1
3323,1.0,0,0.6508894368165815,1
3324,0.022575676549245305,1,,0
3325,1.0,0,,0
3326,0.3326662110389639,1,0.08047125516166785,1
3327,1.0,0,,0
3328,1.0,0,,0
3329,1.0,0,0.6331959238697382,1
3330,1.0,0,,0
3331,1.0,0,,0
3332,1.0,0,0.08073270502701459,1
3333,0.9440634822053434,1,,0
3334,1.0,0,,0
3335,1.0,0,0.8696490058728515,1
3336,1.0,0,0.9191538969120615,1
3337,0.1378881768423517,1,0.04258601865680496,1
3338,1.0,0,,0
3339,1.0,0,,0
3340,1.0,0,0.034699147052744,1
3341,1.0,0,0.25529359236271487,1
3342,1.0,0,0.9040468060190099,1
3343,1.0,0,0.7286526182137257,1
3344,1.0,0,0.4315043124571264,1
3345,1.0,0,0.9953501801837255,1
3346,1.0,0,0.6824145507298747,1
3347,1.0,0,,0
3348,1.0,0,0.11592104378933325,1
3349,1.0,0,,0
3350,1.0,0,0.8427763520209741,1
3351,0.40364906782829824,1,,0
3352,1.0,0,,0
3353,1.0,0,0.5551134734776364,1
3354,1.0,0,0.4316154379453022,1
3355,1.0,0,0.4441357839232512,1
3356,1.0,0,0.9472196676061355,1
3357,1.0,0,0.646298738654556,1
3358,0.17814934118038436,1,,0
3359,1.0,0,,0
3360,1.0,0,0.17559463600254563,1
3361,1.0,0,,0
3362,1.0,0,0.43158571081572555,1
3363,1.0,0,0.06393792494781743,1
3364,1.0,0,0.18182016788241345,1
3365,1.0,0,0.8053780603573568,1
3366,1.0,0,0.15103347397487726,1
3367,0.12209590048122676,1,,0
3368,1.0,0,,0
3369,1.0,0,0.23214119009501638,1
3370,1.0,0,,0
3371,1.0,0,,0
3372,1.0,0,0.6226206266364579,1
3373,0.28072332142627104,1,,0
3374,1.0,0,0.3224213611021809,1
3375,0.04021638483798588,1,,0
3376,1.0,0,,0
3377,1.0,0,,0
3378,1.0,0,,0
3379,0.23419321711682858,1,,0
3380,0.8138900337799746,1,0.7133827362623717,1
3381,1.0,0,0.6089381079632114,1
3382,0.21677645366501844,1,0.17326479292233615,1
3383,1.0,0,,0
3384,1.0,0,,0
3385,0.17141445484464132,1,,0
3386,1.0,0,0.05044168999945987,1
3387,1.0,0,,0
3388,1.0,0,,0
3389,1.0,0,0.7748649941407256,1
3390,1.0,0,0.4267961808043112,1
3391,1.0,0,0.3235756375947899,1
3392,1.0,0,,0
3393,0.014734941442300394,1,,0
3394,1.0,0,,0
3395,0.43912732132572296,1,,0
3396,0.5425663210081085,1,0.10507387444801441,1
3397,1.0,0,,0
3398,1.0,0,0.5468375508495376,1
3399,0.6503515801554749,1,0.3201981757536491,1
3400,1.0,0,0.7341716371634577,1
3401,0.7380103637038504,1,0.49712727732968637,1
3402,1.0,0,,0
3403,1.0,0,,0
3404,0.1320653673127753,1,,0
3405,1.0,0,0.127511391634833,1
3406,0.2914162020389201,1,0.10877179468686692,1
3407,1.0,0,0.9365096373166526,1
3408,0.33501603216524306,1,,0
3409,0.9473146419786851,1,0.11172761646654275,1
3410,1.0,0,,0
3411,0.41609685926560874,1,,0
3412,1.0,0,,0
3413,0.22787128061282175,1,,0
3414,1.0,0,0.7889988407026132,1
3415,1.0,0,,0
3416,1.0,0,0.9172437692959293,1
3417,0.5897808664341394,1,0.4490188110162727,1
3418,1.0,0,,0
3419,1.0,0,0.510530244256743,1
3420,1.0,0,,0
3421,1.0,0,,0
3422,1.0,0,,0
3423,1.0,0,,0
3424,1.0,0,,0
3425,1.0,0,,0
3426,1.0,0,0.41012122361391357,1
3427,0.010097732214375769,1,,0
3428,1.0,0,0.7406462917642169,1
3429,0.7941474678904835,1,,0
3430,1.0,0,0.7800338115156507,1
3431,1.0,0,0.017123293095721744,1
3432,1.0,0,0.1529921185547758,1
3433,1.0,0,,0
3434,1.0,0,,0
3435,1.0,0,,0
3436,1.0,0,,0
3437,1.0,0,,0
3438,0.032993444746883024,1,,0
3439,1.0,0,0.21772955149632772,1
3440,0.1314651654750486,1,,0
3441,0.7659069019555154,1,0.4174791316737456,1
3442,1.0,0,,0
3443,1.0,0,0.4548059653554255,1
3444,1.0,0,0.6221445576595732,1
3445,1.0,0,,0
3446,1.0,0,,0
3447,1.0,0,,0
3448,1.0,0,,0
3449,1.0,0,,0
3450,1.0,0,,0
3451,1.0,0,0.8993549830316568,1
3452,0.7159319940083073,1,0.11455776708378172,1
3453,1.0,0,0.48976669342655593,1
3454,1.0,0,,0
3455,0.044071201974718845,1,,0
3456,1.0,0,,0
3457,0.6898014778277028,1,0.5468615286111915,1
3458,1.0,0,0.9814575519681777,1
3459,1.0,0,,0
3460,1.0,0,0.2856028798092074,1
3461,1.0,0,0.30373901660936564,1
3462,1.0,0,0.08204725779785325,1
3463,0.11072140732543312,1,,0
3464,1.0,0,0.49443473819812006,1
3465,1.0,0,,0
3466,1.0,0,,0
3467,1.0,0,,0
3468,1.0,0,,0
3469,1.0,0,,0
3470,0.008397277575288119,1,,0
3471,1.0,0,,0
3472,1.0,0,0.8937269915432173,1
3473,0.46129750138006836,1,,0
3474,1.0,0,0.027128066971629877,1
3475,1.0,0,0.02569220097239395,1
3476,1.0,0,0.546805183238104,1
3477,1.0,0,0.8606963801404651,1
3478,1.0,0,0.10531710301727785,1
3479,1.0,0,,0
3480,1.0,0,0.6997791366887282,1
3481,1.0,0,0.1997901538083306,1
3482,0.49394617008539116,1,,0
3483,1.0,0,,0
3484,1.0,0,0.43740458500247864,1
3485,1.0,0,0.7608259584086873,1
3486,0.7872049036869827,1,,0
3487,1.0,0,0.7289557523834067,1
3488,1.0,0,0.3979803266715242,1
3489,1.0,0,,0
3490,1.0,0,0.35349280747237055,1
3491,0.13708821130712265,1,,0
3492,1.0,0,,0
3493,1.0,0,,0
3494,1.0,0,0.07773297830673352,1
3495,1.0,0,,0
3496,1.0,0,0.12812443107926275,1
3497,0.44450805407649785,1,,0
3498,1.0,0,,0
3499,1.0,0,0.051611251928989625,1
3500,1.0,0,,0
3501,1.0,0,0.19572517048414476,1
3502,1.0,0,,0
3503,1.0,0,0.3015591765952027,1
3504,1.0,0,0.6371083339633521,1
3505,1.0,0,,0
3506,1.0,0,,0
3507,1.0,0,0.07910457501025708,1
3508,1.0,0,,0
3509,1.0,0,,0
3510,1.0,0,0.8417035962694601,1
3511,1.0,0,0.1016076156405583,1
3512,1.0,0,0.5502474008738658,1
3513,1.0,0,,0
3514,1.0,0,,0
3515,0.6687670172277007,1,0.33966758991908436,1
3516,1.0,0,,0
3517,1.0,0,,0
3518,1.0,0,,0
3519,0.35207662739075296,1,,0
3520,0.9183537768994289,1,,0
3521,1.0,0,,0
3522,0.7714494321237594,1,,0
3523,1.0,0,,0
3524,0.12890648492401555,1,,0
3525,8.150348911732421e-05,1,,0
3526,1.0,0,0.5092688672896133,1
3527,1.0,0,0.6222413286140287,1
3528,1.0,0,,0
3529,1.0,0,,0
3530,0.03575980084233269,1,,0
3531,0.9899418274000785,1,0.031971722529235205,1
3532,1.0,0,0.1963839771946322,1
3533,0.28315659488883266,1,,0
3534,1.0,0,,0
3535,1.0,0,,0
3536,1.0,0,0.5488728246476396,1
3537,1.0,0,,0
3538,0.5273207997853047,1,,0
3539,0.0483652135909053,1,,0
3540,1.0,0,,0
3541,1.0,0,,0
3542,0.3987930664653322,1,,0
3543,1.0,0,,0
3544,1.0,0,0.4744037951423385,1
3545,1.0,0,,0
3546,1.0,0,0.392124410447391,1
3547,1.0,0,,0
3548,1.0,0,0.04381089284518644,1
3549,1.0,0,0.4622956698839871,1
3550,1.0,0,0.019978268135702745,1
3551,1.0,0,,0
3552,1.0,0,,0
3553,1.0,0,,0
3554,1.0,0,,0
3555,0.1894647657618143,1,,0
3556,1.0,0,,0
3557,1.0,0,,0
3558,1.0,0,0.9577585302520948,1
3559,1.0,0,0.00770830163295469,1
3560,1.0,0,0.256094980400315,1
3561,1.0,0,0.5455924709920479,1
3562,1.0,0,0.16216088247846563,1
3563,1.0,0,0.08676232303898487,1
3564,1.0,0,,0
3565,1.0,0,,0
3566,1.0,0,,0
3567,1.0,0,0.7704139594824648,1
3568,1.0,0,,0
3569,1.0,0,,0
3570,1.0,0,0.5313252570125224,1
3571,1.0,0,0.3420827317069741,1
3572,1.0,0,,0
3573,1.0,0,,0
3574,1.0,0,0.6454628672010961,1
3575,1.0,0,,0
3576,1.0,0,,0
3577,0.08620742688125531,1,,0
3578,1.0,0,,0
3579,1.0,0,0.10543990854414981,1
3580,1.0,0,0.8263758176087657,1
3581,1.0,0,,0
3582,1.0,0,,0
3583,1.0,0,,0
3584,1.0,0,0.7719577321618952,1
3585,1.0,0,0.5649134179959627,1
3586,1.0,0,0.7557107510248364,1
3587,1.0,0,,0
3588,0.9955256406546287,1,0.7900817008494003,1
3589,1.0,0,0.9436933302218415,1
3590,1.0,0,,0
3591,1.0,0,,0
3592,1.0,0,0.3103650893720706,1
3593,0.44483989398701584,1,0.024846118016927002,1
3594,0.015890937888647417,1,,0
3595,1.0,0,,0
3596,0.17815712485869653,1,,0
3597,1.0,0,,0
3598,1.0,0,0.20195564045093556,1
3599,1.0,0,0.47434497726760577,1
3600,0.8402548565444501,1,,0
3601,1.0,0,,0
3602,1.0,0,0.47755362284871894,1
3603,0.1628309424868698,1,,0
3604,1.0,0,,0
3605,0.338371240433556,1,,0
3606,1.0,0,,0
3607,1.0,0,,0
3608,1.0,0,,0
3609,1.0,0,0.4293950572263334,1
3610,1.0,0,0.9828079593095422,1
3611,0.009574580589734951,1,,0
3612,1.0,0,,0
3613,1.0,0,0.11000817321743961,1
3614,1.0,0,0.38001816848212155,1
3615,1.0,0,,0
3616,1.0,0,,0
3617,1.0,0,,0
3618,1.0,0,,0
3619,1.0,0,,0
3620,1.0,0,0.47672321572947673,1
3621,1.0,0,,0
3622,0.2075475417834925,1,,0
3623,1.0,0,0.27000618431104967,1
3624,1.0,0,0.2817634945157042,1
3625,1.0,0,0.3834048409459976,1
3626,1.0,0,0.6977908196463881,1
3627,1.0,0,,0
3628,1.0,0,0.5162279621630552,1
3629,1.0,0,0.1745022633533514,1
3630,1.0,0,0.7389493642599023,1
3631,1.0,0,,0
3632,0.9466679554195297,1,,0
3633,1.0,0,0.17854736765235169,1
3634,1.0,0,,0
3635,1.0,0,0.13924094348073845,1
3636,1.0,0,,0
3637,1.0,0,,0
3638,0.6450577650061631,1,0.295508289424726,1
3639,1.0,0,,0
3640,0.47563308671265775,1,,0
3641,0.15187331660822254,1,,0
3642,1.0,0,,0
3643,1.0,0,0.8372546164763998,1
3644,0.5095736963106802,1,0.0675799119075811,1
3645,1.0,0,,0
3646,1.0,0,,0
3647,1.0,0,,0
3648,1.0,0,,0
3649,1.0,0,0.1272061191604712,1
3650,1.0,0,,0
3651,0.49446207699506217,1,,0
3652,1.0,0,,0
3653,0.30185262979244704,1,0.27733274106605,1
3654,1.0,0,0.7896990696171232,1
3655,1.0,0,,0
3656,1.0,0,0.5733607019569072,1
3657,1.0,0,,0
3658,1.0,0,0.8338333800163478,1
3659,0.09050508826297714,1,,0
3660,1.0,0,0.3528074965824289,1
3661,1.0,0,,0
3662,1.0,0,,0
3663,1.0,0,,0
3664,1.0,0,,0
3665,1.0,0,,0
3666,1.0,0,0.6508563334415717,1
3667,1.0,0,,0
3668,1.0,0,,0
3669,1.0,0,0.10848415608115564,1
3670,1.0,0,,0
3671,0.27787546334107033,1,,0
3672,1.0,0,0.28260231403433933,1
3673,0.8144014014199344,1,0.30659742033864895,1
3674,0.4571479842954148,1,,0
3675,1.0,0,,0
3676,1.0,0,0.9921485078515527,1
3677,0.03398451113769827,1,,0
3678,1.0,0,,0
3679,0.13348977034463475,1,0.06531301351655613,1
3680,1.0,0,,0
3681,1.0,0,,0
3682,0.7160757065420935,1,,0
3683,1.0,0,,0
3684,0.4453227943402906,1,0.19862573992796423,1
3685,1.0,0,,0
3686,1.0,0,0.16087851253838636,1
3687,1.0,0,0.5174968555933938,1
3688,1.0,0,,0
3689,0.22371209853886415,1,,0
3690,0.007199453238953322,1,,0
3691,1.0,0,,0
3692,1.0,0,0.46243202525990085,1
3693,0.07800073035050599,1,,0
3694,1.0,0,0.37996252758496546,1
3695,1.0,0,,0
3696,0.17460155244072967,1,,0
3697,0.20720097474978802,1,,0
3698,1.0,0,0.36541748800887697,1
3699,1.0,0,,0
3700,0.8750063897124785,1,0.09568183814414756,1
3701,1.0,0,,0
3702,1.0,0,0.8805863254358469,1
3703,1.0,0,,0
3704,1.0,0,0.9282746872508747,1
3705,1.0,0,0.6869185761177139,1
3706,0.828505181468326,1,0.141532455336346,1
3707,1.0,0,0.9888420526402938,1
3708,1.0,0,0.15617499118362016,1
3709,1.0,0,0.5323885775460409,1
3710,1.0,0,,0
3711,1.0,0,0.4053644659953905,1
3712,0.5265162568667067,1,,0
3713,1.0,0,,0
3714,1.0,0,,0
3715,1.0,0,0.11552227859621446,1
3716,1.0,0,,0
3717,1.0,0,0.8333773620668294,1
3718,1.0,0,,0
3719,0.0806937438394933,1,,0
3720,0.6037421499432556,1,0.36137646229722076,1
3721,0.9727893942958613,1,,0
3722,1.0,0,,0
3723,0.4203553524963077,1,,0
3724,1.0,0,0.14403175539783494,1
3725,1.0,0,0.39954687436271685,1
3726,0.43008610456983326,1,0.028388272035687577,1
3727,1.0,0,0.3394922499529466,1
3728,1.0,0,0.028535673320850448,1
3729,1.0,0,0.4322194215561572,1
3730,0.15118522272587165,1,,0
3731,1.0,0,,0
3732,1.0,0,0.04923535847735076,1
3733,1.0,0,0.38452827320486255,1
3734,1.0,0,,0
3735,1.0,0,0.6568820779510162,1
3736,1.0,0,,0
3737,0.09528721499952877,1,,0
3738,1.0,0,,0
3739,1.0,0,,0
3740,0.948787858086038,1,0.3203559982058823,1
3741,1.0,0,0.2392447750972031,1
3742,1.0,0,,0
3743,0.7813565267399764,1,,0
3744,1.0,0,0.700150032279321,1
3745,1.0,0,,0
3746,1.0,0,,0
3747,0.4107834231909799,1,,0
3748,1.0,0,0.6125127058215493,1
3749,0.19737038382621677,1,0.13572091438272715,1
3750,1.0,0,0.5065636086175219,1
3751,0.6851990747500233,1,0.35828342791006107,1
3752,1.0,0,,0
3753,1.0,0,0.7314068876653834,1
3754,1.0,0,,0
3755,1.0,0,0.81088290329424,1
3756,1.0,0,0.01633044195805737,1
3757,1.0,0,,0
3758,0.18039674701063366,1,,0
3759,1.0,0,0.2674855636845053,1
3760,1.0,0,0.3388652633158109,1
3761,1.0,0,0.0892036495115418,1
3762,1.0,0,0.6515313970070421,1
3763,1.0,0,,0
3764,1.0,0,0.9539231670693578,1
3765,1.0,0,,0
3766,1.0,0,,0
3767,1.0,0,,0
3768,0.7271265386905241,1,,0
3769,1.0,0,0.18233051299869205,1
3770,1.0,0,0.8606168433414925,1
3771,1.0,0,,0
3772,0.18054762073520067,1,,0
3773,1.0,0,,0
3774,0.8077672928867661,1,0.1586670503080583,1
3775,1.0,0,,0
3776,0.22900862505049543,1,,0
3777,1.0,0,0.557058648469289,1
3778,0.2718197445704143,1,,0
3779,1.0,0,0.5423391560942534,1
3780,1.0,0,,0
3781,1.0,0,0.7164717970586812,1
3782,0.2423993425898363,1,0.15793292285553578,1
3783,1.0,0,0.32891380346704835,1
3784,0.7775222737338777,1,,0
3785,0.8175199633285323,1,0.4932380991405153,1
3786,1.0,0,,0
3787,1.0,0,,0
3788,1.0,0,0.33864392727344467,1
3789,1.0,0,0.39526793793909687,1
3790,1.0,0,0.09327252183561267,1
3791,0.13114236939292104,1,,0
3792,1.0,0,,0
3793,1.0,0,0.24115639427785457,1
3794,1.0,0,,0
3795,1.0,0,0.09443905886981356,1
3796,1.0,0,,0
3797,1.0,0,0.6933409620514552,1
3798,0.010605723935435844,1,,0
3799,1.0,0,0.15768840779637444,1
3800,0.2574385909758802,1,,0
3801,1.0,0,,0
3802,1.0,0,,0
3803,1.0,0,0.05276625556631893,1
3804,1.0,0,,0
3805,1.0,0,,0
3806,0.5121617520227545,1,,0
3807,1.0,0,,0
3808,1.0,0,,0
3809,1.0,0,,0
3810,1.0,0,,0
3811,1.0,0,0.8710457991506682,1
3812,1.0,0,0.2628581515670884,1
3813,1.0,0,0.08169981665844782,1
3814,0.8577982218559186,1,,0
3815,1.0,0,,0
3816,1.0,0,0.40807239100021653,1
3817,1.0,0,,0
3818,1.0,0,0.049470221297851016,1
3819,0.26973924644668446,1,,0
3820,1.0,0,,0
3821,1.0,0,0.19402015071870413,1
3822,1.0,0,0.9029991147889037,1
3823,1.0,0,0.6135678572507205,1
3824,1.0,0,,0
3825,1.0,0,0.1174490161389274,1
3826,1.0,0,,0
3827,1.0,0,,0
3828,1.0,0,0.03462163813868632,1
3829,1.0,0,0.9942580780956769,1
3830,1.0,0,,0
3831,1.0,0,0.029005856196390244,1
3832,0.6154391371091394,1,,0
3833,1.0,0,0.02504550386093554,1
3834,1.0,0,0.7577121358092739,1
3835,1.0,0,,0
3836,0.8347029919259048,1,,0
3837,1.0,0,,0
3838,1.0,0,0.23301645686600556,1
3839,1.0,0,0.577518402700873,1
3840,1.0,0,0.44353044947630443,1
3841,1.0,0,,0
3842,1.0,0,,0
3843,1.0,0,0.07581995746109388,1
3844,1.0,0,0.31337375924068683,1
3845,1.0,0,,0
3846,0.6806223416042801,1,,0
3847,1.0,0,,0
3848,1.0,0,0.49892749693885374,1
3849,1.0,0,0.7538567927596309,1
3850,1.0,0,0.623718754119415,1
3851,1.0,0,,0
3852,1.0,0,0.2178339991636922,1
3853,0.08025776193642083,1,,0
3854,0.6846850569461377,1,,0
3855,1.0,0,0.14514745189644368,1
3856,1.0,0,,0
3857,1.0,0,0.04351457753519448,1
3858,0.22951803542031385,1,,0
3859,0.6842768738590447,1,0.2614731267722729,1
3860,1.0,0,0.08731703121181346,1
3861,1.0,0,0.5981370474693292,1
3862,1.0,0,0.6690168238674804,1
3863,1.0,0,,0
3864,1.0,0,,0
3865,1.0,0,,0
3866,0.8259955489008316,1,0.19846965042995918,1
3867,0.3408413830212133,1,,0
3868,1.0,0,,0
3869,1.0,0,0.1618998269757252,1
3870,1.0,0,0.9791639048102089,1
3871,1.0,0,,0
3872,0.2541608425855011,1,,0
3873,1.0,0,0.18772700120364033,1
3874,1.0,0,0.24778880395538708,1
3875,0.3423467034803561,1,0.2676706975381125,1
3876,0.9372386929742531,1,0.06376879783562131,1
3877,0.10594096148857192,1,,0
3878,1.0,0,,0
3879,1.0,0,0.5537109965593229,1
3880,0.8821650140823571,1,0.12826127698711126,1
3881,1.0,0,,0
3882,1.0,0,,0
3883,1.0,0,,0
3884,1.0,0,,0
3885,1.0,0,0.34125717172338244,1
3886,1.0,0,,0
3887,1.0,0,0.909888749351924,1
3888,1.0,0,0.2579814351330685,1
3889,1.0,0,0.8370220917756823,1
3890,1.0,0,,0
3891,1.0,0,,0
3892,1.0,0,,0
3893,1.0,0,,0
3894,1.0,0,,0
3895,1.0,0,0.01780744595412538,1
3896,1.0,0,,0
3897,1.0,0,,0
3898,1.0,0,0.37460751807345904,1
3899,0.5266990425180796,1,,0
3900,1.0,0,0.6182008703852148,1
3901,1.0,0,0.5529033778848518,1
3902,1.0,0,,0
3903,1.0,0,,0
3904,1.0,0,,0
3905,1.0,0,0.41545371967244726,1
3906,1.0,0,,0
3907,0.019775911897582564,1,,0
3908,1.0,0,,0
3909,1.0,0,0.5788485389628241,1
3910,1.0,0,0.045181454904097605,1
3911,1.0,0,0.11656943966374125,1
3912,1.0,0,,0
3913,1.0,0,,0
3914,1.0,0,0.04179117372699391,1
3915,1.0,0,0.03129657435670136,1
3916,0.1901075395392246,1,,0
3917,1.0,0,0.5022648012192947,1
3918,1.0,0,,0
3919,1.0,0,,0
3920,0.7225521588215007,1,,0
3921,1.0,0,0.27990690136381274,1
3922,1.0,0,0.9218154982233451,1
3923,1.0,0,0.004732014906819255,1
3924,0.4951714330527785,1,,0
3925,1.0,0,0.48640704009681734,1
3926,1.0,0,0.7090243564369925,1
3927,0.7869061626215744,1,,0
3928,0.11725278774626362,1,,0
3929,1.0,0,0.6676323577259993,1
3930,1.0,0,0.5671109704591262,1
3931,1.0,0,,0
3932,1.0,0,0.3846429692588832,1
3933,0.22064037950844864,1,0.02531015361867998,1
3934,1.0,0,,0
3935,1.0,0,0.50428278402497,1
3936,1.0,0,,0
3937,1.0,0,0.8833492835600154,1
3938,1.0,0,0.34339170263906543,1
3939,1.0,0,,0
3940,1.0,0,,0
3941,1.0,0,,0
3942,1.0,0,,0
3943,1.0,0,,0
3944,1.0,0,0.5120708135294951,1
3945,1.0,0,,0
3946,1.0,0,,0
3947,1.0,0,,0
3948,1.0,0,,0
3949,1.0,0,,0
3950,1.0,0,0.5826602006369562,1
3951,1.0,0,0.7387226987400155,1
3952,0.007922552017771456,1,,0
3953,1.0,0,0.32720115163441404,1
3954,1.0,0,,0
3955,1.0,0,0.8137655503102055,1
3956,1.0,0,0.09030791502070691,1
3957,1.0,0,0.25940341729765015,1
3958,1.0,0,0.49511580774574054,1
3959,0.5793662304865704,1,,0
3960,1.0,0,0.4308479366958455,1
3961,1.0,0,,0
3962,0.16771579663196823,1,,0
3963,1.0,0,0.13403112123153754,1
3964,1.0,0,0.9094248851721589,1
3965,0.05482197730057181,1,,0
3966,1.0,0,,0
3967,1.0,0,0.4676893255390045,1
3968,1.0,0,,0
3969,1.0,0,,0
3970,1.0,0,0.5764252181141672,1
3971,1.0,0,,0
3972,0.9489745061885234,1,0.37452857190320304,1
3973,1.0,0,0.7759045418505935,1
3974,1.0,0,0.10413484795277646,1
3975,0.8748366888295328,1,,0
3976,1.0,0,0.785751445140588,1
3977,1.0,0,0.00707694914226026,1
3978,1.0,0,,0
3979,1.0,0,,0
3980,1.0,0,0.9652649094324524,1
3981,1.0,0,0.501736617572389,1
3982,1.0,0,,0
3983,1.0,0,0.8261308627423033,1
3984,1.0,0,0.27494963433305225,1
3985,0.51434348107128,1,,0
3986,1.0,0,0.23274648612744578,1
3987,1.0,0,,0
3988,1.0,0,0.7715468400662576,1
3989,1.0,0,0.7431474575431293,1
3990,0.2230135255609781,1,,0
3991,1.0,0,0.7551637778945366,1
3992,0.24331723474352598,1,,0
3993,1.0,0,,0
3994,0.6015701808765264,1,0.5175743409851354,1
3995,1.0,0,,0
3996,0.46187485074376705,1,,0
3997,0.8978492651694807,1,0.4784140250111074,1
3998,1.0,0,0.0486827634133804,1
3999,1.0,0,0.7708233023517355,1
4000,0.128148270812021,1,,0
4001,1.0,0,0.229883035256823,1
4002,1.0,0,,0
4003,1.0,0,,0
4004,1.0,0,0.568759753877675,1
4005,1.0,0,,0
4006,1.0,0,0.6881910181066969,1
4007,1.0,0,,0
4008,0.3099123842983673,1,,0
4009,1.0,0,,0
4010,1.0,0,0.9539851022859294,1
4011,1.0,0,0.0668106138379304,1
4012,1.0,0,0.12545721308153768,1
4013,0.45500961926189415,1,,0
4014,1.0,0,0.680402665847597,1
4015,0.06625254393131143,1,,0
4016,0.5393318106190712,1,,0
4017,1.0,0,0.09874077740378925,1
4018,1.0,0,,0
4019,0.9858447284898582,1,,0
4020,1.0,0,0.31624820660397407,1
4021,1.0,0,0.8843430643085706,1
4022,1.0,0,0.7991849026045235,1
4023,1.0,0,0.04690077815688404,1
4024,0.01893102527679655,1,,0
4025,1.0,0,0.8354431103073993,1
4026,1.0,0,,0
4027,1.0,0,,0
4028,1.0,0,,0
4029,1.0,0,,0
4030,0.2147938487681617,1,,0
4031,1.0,0,,0
4032,1.0,0,0.3480270499116098,1
4033,0.6058681628546254,1,,0
4034,1.0,0,,0
4035,1.0,0,,0
4036,0.6784806298314131,1,0.3510897454175269,1
4037,1.0,0,0.4425156487747987,1
4038,1.0,0,0.6221980469778231,1
4039,1.0,0,,0
4040,1.0,0,,0
4041,1.0,0,,0
4042,0.6436570267162535,1,,0
4043,1.0,0,0.3966693006583631,1
4044,1.0,0,,0
4045,1.0,0,0.36026268667841277,1
4046,1.0,0,0.443966920925599,1
4047,1.0,0,0.2737851955500187,1
4048,1.0,0,,0
4049,1.0,0,0.11358287528800443,1
4050,1.0,0,,0
4051,1.0,0,0.7685901921333962,1
4052,1.0,0,,0
4053,1.0,0,0.7584876725022557,1
4054,1.0,0,0.6285876981933983,1
4055,1.0,0,,0
4056,1.0,0,,0
4057,1.0,0,0.3329639603344859,1
4058,0.5290649846238592,1,,0
4059,1.0,0,0.29684045350381333,1
4060,1.0,0,0.5640930656307188,1
4061,1.0,0,0.9457655554934499,1
4062,1.0,0,,0
4063,1.0,0,,0
4064,1.0,0,0.6138111422261243,1
4065,0.871399298340257,1,0.7508164096185621,1
4066,1.0,0,,0
4067,1.0,0,0.7896537445922096,1
4068,1.0,0,0.9826152844537804,1
4069,1.0,0,0.5421231128355961,1
4070,1.0,0,0.07785794948622189,1
4071,1.0,0,,0
4072,1.0,0,0.291655111887183,1
4073,1.0,0,,0
4074,1.0,0,0.18654560488279626,1
4075,0.8227531224663145,1,,0
4076,0.01282193651772402,1,,0
4077,1.0,0,0.1357357062796896,1
4078,0.5674737306721127,1,,0
4079,1.0,0,0.04379676708609538,1
4080,1.0,0,0.3549988749252916,1
4081,1.0,0,,0
4082,1.0,0,0.7993089035087937,1
4083,0.8633975904854602,1,0.8211842106991676,1
4084,0.45438268653326536,1,,0
4085,1.0,0,,0
4086,1.0,0,,0
4087,0.921302104081707,1,0.18058786324990916,1
4088,1.0,0,,0
4089,1.0,0,,0
4090,1.0,0,0.38891008483432665,1
4091,0.9800411705492913,1,0.6757206942591312,1
4092,1.0,0,0.6183192822426615,1
4093,1.0,0,0.39192824601965287,1
4094,1.0,0,0.5738033619693702,1
4095,1.0,0,,0
4096,0.9668158967304729,1,0.05577720305913729,1
4097,0.06411367458734993,1,,0
4098,1.0,0,0.49059751874456486,1
4099,1.0,0,0.9434766325546298,1
4100,1.0,0,,0
4101,1.0,0,0.12228197280240073,1
4102,0.7657597045246293,1,,0
4103,1.0,0,,0
4104,1.0,0,0.7637680888990005,1
4105,1.0,0,,0
4106,1.0,0,0.05405199944092107,1
4107,0.7612229761403891,1,,0
4108,1.0,0,,0
4109,1.0,0,0.982513794188119,1
4110,1.0,0,0.5603935675058855,1
4111,1.0,0,0.14448682186686668,1
4112,1.0,0,,0
4113,1.0,0,0.6522644925076055,1
4114,1.0,0,,0
4115,1.0,0,0.30925976488737217,1
4116,1.0,0,,0
4117,1.0,0,,0
4118,0.5446564680788121,1,0.4574134328345835,1
4119,1.0,0,0.5058765137180701,1
4120,1.0,0,,0
4121,1.0,0,,0
4122,0.7248240983735033,1,,0
4123,0.1228062453853859,1,,0
4124,0.48302659861294595,1,,0
4125,1.0,0,0.9632878200344737,1
4126,1.0,0,,0
4127,1.0,0,0.19932758449509658,1
4128,1.0,0,0.1459254184087965,1
4129,1.0,0,0.42284177225665553,1
4130,1.0,0,,0
4131,1.0,0,0.7431937079939495,1
4132,1.0,0,0.9986704971664794,1
4133,1.0,0,0.8641472651409721,1
4134,1.0,0,0.2381750473199162,1
4135,1.0,0,,0
4136,1.0,0,,0
4137,1.0,0,0.7159000048846915,1
4138,1.0,0,0.749808619155446,1
4139,1.0,0,0.29052826385572855,1
4140,1.0,0,,0
4141,1.0,0,,0
4142,1.0,0,0.2214268878650912,1
4143,1.0,0,,0
4144,1.0,0,0.8389092091510004,1
4145,1.0,0,,0
4146,1.0,0,0.29801521273820564,1
4147,1.0,0,0.9238095544133145,1
4148,1.0,0,,0
4149,0.4541546185386167,1,0.05687490761526264,1
4150,0.7137822773516875,1,,0
4151,1.0,0,0.18933773342879573,1
4152,1.0,0,,0
4153,1.0,0,,0
4154,1.0,0,0.004776735824951127,1
4155,1.0,0,,0
4156,1.0,0,,0
4157,1.0,0,,0
4158,0.05003179439028008,1,,0
4159,1.0,0,,0
4160,0.49558217399133936,1,,0
4161,1.0,0,0.3229726626474941,1
4162,0.6665393321826838,1,,0
4163,0.654754715850559,1,,0
4164,1.0,0,0.14225420488663712,1
4165,1.0,0,,0
4166,1.0,0,,0
4167,1.0,0,,0
4168,1.0,0,0.06489994725597646,1
4169,1.0,0,,0
4170,0.8841653650892827,1,0.2103186654725102,1
4171,1.0,0,,0
4172,1.0,0,0.9197496346164168,1
4173,1.0,0,0.2487405290895078,1
4174,0.657518926284518,1,0.038617826396422014,1
4175,1.0,0,,0
4176,1.0,0,,0
4177,0.44397768867206744,1,0.276570933885205,1
4178,1.0,0,0.6265691275928474,1
4179,1.0,0,,0
4180,1.0,0,,0
4181,1.0,0,,0
4182,1.0,0,,0
4183,1.0,0,,0
4184,1.0,0,,0
4185,0.9620000967217903,1,0.01984696814369557,1
4186,1.0,0,0.3281397656062458,1
4187,0.557819542335772,1,0.10432451357270073,1
4188,1.0,0,0.8384777239660087,1
4189,1.0,0,0.5405750786260096,1
4190,1.0,0,,0
4191,1.0,0,,0
4192,1.0,0,,0
4193,1.0,0,0.7256914474632851,1
4194,1.0,0,,0
4195,1.0,0,,0
4196,1.0,0,,0
4197,0.9370224044996994,1,0.8337308076346538,1
4198,1.0,0,0.3316343964681205,1
4199,0.02479737405008976,1,,0
4200,0.4369103940890965,1,,0
4201,1.0,0,,0
4202,1.0,0,,0
4203,1.0,0,0.5919237760743186,1
4204,0.609740880006009,1,0.49259018108877356,1
4205,0.900491895797086,1,0.08344319388869519,1
4206,1.0,0,,0
4207,1.0,0,,0
4208,0.028374223581584625,1,,0
4209,1.0,0,,0
4210,1.0,0,,0
4211,0.1471533345199879,1,,0
4212,0.003618674270308202,1,,0
4213,1.0,0,,0
4214,1.0,0,0.12488272239611622,1
4215,1.0,0,,0
4216,1.0,0,0.8690174643133185,1
4217,0.05489954305011791,1,,0
4218,1.0,0,0.5477599629667859,1
4219,1.0,0,0.9766258482889342,1
4220,1.0,0,,0
4221,1.0,0,0.9976809147514021,1
4222,1.0,0,0.7587194281104258,1
4223,1.0,0,0.011995202660360853,1
4224,0.2746334050058938,1,0.16959684413744835,1
4225,1.0,0,,0
4226,1.0,0,,0
4227,1.0,0,0.6507311133893692,1
4228,1.0,0,,0
4229,1.0,0,,0
4230,1.0,0,,0
4231,1.0,0,,0
4232,1.0,0,0.663509034441793,1
4233,0.1976340517073994,1,,0
4234,0.0234412275817403,1,,0
4235,1.0,0,0.8193161122684405,1
4236,1.0,0,,0
4237,1.0,0,,0
4238,1.0,0,0.4775162549072173,1
4239,1.0,0,,0
4240,1.0,0,,0
4241,1.0,0,,0
4242,0.6590329197819441,1,0.26931229217195357,1
4243,1.0,0,0.8549553559183609,1
4244,1.0,0,,0
4245,1.0,0,,0
4246,1.0,0,,0
4247,1.0,0,0.41812098444865703,1
4248,1.0,0,0.20885333423228689,1
4249,1.0,0,0.07700678312536648,1
4250,1.0,0,0.9958143918051586,1
4251,1.0,0,,0
4252,0.2641236073651292,1,,0
4253,1.0,0,0.8166173510683246,1
4254,1.0,0,,0
4255,1.0,0,,0
4256,1.0,0,,0
4257,0.7882283973731348,1,0.5985484090398013,1
4258,0.22420918810028131,1,,0
4259,1.0,0,,0
4260,1.0,0,0.40511009205640713,1
4261,0.595984350615259,1,,0
4262,1.0,0,,0
4263,1.0,0,,0
4264,1.0,0,,0
4265,1.0,0,,0
4266,1.0,0,0.010962254774441387,1
4267,1.0,0,,0
4268,1.0,0,0.15235294521640239,1
4269,1.0,0,0.07399573359717951,1
4270,1.0,0,,0
4271,1.0,0,0.7634621556213177,1
4272,1.0,0,,0
4273,1.0,0,,0
4274,1.0,0,0.03714960008106414,1
4275,0.5168677881969505,1,0.0854537324043865,1
4276,1.0,0,0.26260965246814844,1
4277,1.0,0,,0
4278,1.0,0,0.8443703226545258,1
4279,1.0,0,,0
4280,1.0,0,,0
4281,1.0,0,0.11003022269876206,1
4282,1.0,0,,0
4283,1.0,0,0.28320198557911086,1
4284,1.0,0,,0
4285,1.0,0,0.7734395286876791,1
4286,1.0,0,0.06997076195573987,1
4287,1.0,0,0.14243205955141203,1
4288,1.0,0,,0
4289,1.0,0,,0
4290,1.0,0,,0
4291,1.0,0,0.22913321336515452,1
4292,1.0,0,,0
4293,1.0,0,0.5924468453189751,1
4294,1.0,0,0.6859093377178662,1
4295,0.815289919538053,1,,0
4296,0.6090834906482517,1,0.5757443849945331,1
4297,1.0,0,,0
4298,0.5538205612596283,1,,0
4299,1.0,0,,0
4300,1.0,0,0.7536644240217043,1
4301,1.0,0,,0
4302,0.8522210198415651,1,,0
4303,0.9519444665129184,1,0.21373246984695626,1
4304,1.0,0,,0
4305,0.06073406844011353,1,,0
4306,1.0,0,0.008178000627139803,1
4307,0.36522582853694224,1,,0
4308,1.0,0,,0
4309,1.0,0,,0
4310,1.0,0,0.018790272640854363,1
4311,0.8352606911578224,1,,0
4312,1.0,0,,0
4313,1.0,0,0.0716790147059376,1
4314,1.0,0,0.7316647199339973,1
4315,0.4759055434330164,1,,0
4316,1.0,0,,0
4317,0.0011310738064382994,1,,0
4318,0.7536841332701574,1,,0
4319,1.0,0,,0
4320,1.0,0,0.1692749011046091,1
4321,1.0,0,0.18317144650595132,1
4322,1.0,0,0.424693455369578,1
4323,1.0,0,,0
4324,1.0,0,0.5557634205691996,1
4325,0.06704048643695816,1,,0
4326,1.0,0,0.11512366083490959,1
4327,1.0,0,,0
4328,0.029100017081754373,1,,0
4329,1.0,0,0.07894235373840752,1
4330,1.0,0,0.014580165197195608,1
4331,0.014401010823399688,1,,0
4332,1.0,0,0.45338247365843043,1
4333,1.0,0,,0
4334,1.0,0,,0
4335,0.7226284748923075,1,0.022914463465897025,1
4336,1.0,0,,0
4337,1.0,0,,0
4338,1.0,0,0.6465778039149758,1
4339,1.0,0,,0
4340,1.0,0,0.5992682794986565,1
4341,1.0,0,,0
4342,1.0,0,,0
4343,1.0,0,,0
4344,1.0,0,0.6963167455269839,1
4345,0.7284042499585628,1,,0
4346,0.7431683870698335,1,,0
4347,1.0,0,0.22850190986256608,1
4348,1.0,0,,0
4349,1.0,0,0.39589036793095944,1
4350,1.0,0,0.08973124333425152,1
4351,0.7880575403325673,1,,0
4352,1.0,0,0.2945092428680728,1
4353,1.0,0,0.5097014628602681,1
4354,1.0,0,,0
4355,1.0,0,0.09352221320990682,1
4356,1.0,0,,0
4357,1.0,0,,0
4358,1.0,0,,0
4359,1.0,0,,0
4360,1.0,0,,0
4361,1.0,0,0.8268335228739373,1
4362,0.41951391787914155,1,,0
4363,0.9581982084455731,1,0.05296603100307587,1
4364,1.0,0,0.16423142199706248,1
4365,1.0,0,,0
4366,1.0,0,,0
4367,1.0,0,,0
4368,0.21086836089217897,1,,0
4369,1.0,0,,0
4370,1.0,0,,0
4371,1.0,0,,0
4372,1.0,0,,0
4373,0.17571434716316262,1,,0
4374,1.0,0,,0
4375,1.0,0,0.7821629797663987,1
4376,1.0,0,,0
4377,1.0,0,,0
4378,1.0,0,0.3051192854911118,1
4379,1.0,0,,0
4380,1.0,0,0.04507570919427421,1
4381,1.0,0,0.5488394975698287,1
4382,1.0,0,0.20346239895513002,1
4383,1.0,0,,0
4384,1.0,0,,0
4385,1.0,0,0.016978015580657174,1
4386,1.0,0,0.033343432503812324,1
4387,0.19743478893762298,1,0.034425395388427885,1
4388,0.693551076925912,1,,0
4389,1.0,0,0.1768259201149613,1
4390,1.0,0,,0
4391,1.0,0,,0
4392,0.07008608912347232,1,,0
4393,1.0,0,,0
4394,1.0,0,,0
4395,1.0,0,,0
4396,0.0003966059898710654,1,,0
4397,1.0,0,0.006091518944994842,1
4398,1.0,0,,0
4399,1.0,0,0.5233582708211961,1
4400,0.8471355869117915,1,,0
4401,0.8733778639506535,1,0.549538105538292,1
4402,1.0,0,,0
4403,1.0,0,,0
4404,1.0,0,0.20721004186851352,1
4405,1.0,0,0.6122905472450466,1
4406,1.0,0,0.7375690540067807,1
4407,1.0,0,,0
4408,1.0,0,0.5969693489680197,1
4409,0.9638702398287828,1,,0
4410,1.0,0,,0
4411,1.0,0,0.004635350595353495,1
4412,1.0,0,0.04150097656939183,1
4413,1.0,0,,0
4414,1.0,0,0.5225223967749725,1
4415,1.0,0,,0
4416,1.0,0,,0
4417,1.0,0,0.0010385046384160704,1
4418,1.0,0,,0
4419,1.0,0,0.5920411851998957,1
4420,1.0,0,0.3469049456749168,1
4421,1.0,0,,0
4422,1.0,0,0.5909828738584537,1
4423,1.0,0,,0
4424,1.0,0,0.37620030622891676,1
4425,1.0,0,0.10971112632058284,1
4426,1.0,0,,0
4427,1.0,0,0.33053903760505815,1
4428,1.0,0,,0
4429,1.0,0,,0
4430,0.7754726385693421,1,,0
4431,1.0,0,0.11912128696065297,1
4432,0.4628155754441871,1,,0
4433,1.0,0,,0
4434,1.0,0,0.0873033847081043,1
4435,1.0,0,,0
4436,0.4113347469886055,1,,0
4437,1.0,0,,0
4438,1.0,0,0.4704736008068634,1
4439,1.0,0,0.40805078652506677,1
4440,1.0,0,,0
4441,0.34280223177428565,1,,0
4442,1.0,0,,0
4443,0.12426108940877369,1,,0
4444,1.0,0,,0
4445,1.0,0,,0
4446,1.0,0,0.2981230791369701,1
4447,1.0,0,0.24831872873971259,1
4448,1.0,0,0.4433917819124522,1
4449,1.0,0,0.668588512634352,1
4450,1.0,0,0.9350552720802995,1
4451,1.0,0,,0
4452,1.0,0,,0
4453,1.0,0,0.25882087682207733,1
4454,1.0,0,,0
4455,1.0,0,0.05327435523800515,1
4456,1.0,0,0.24619512933114945,1
4457,0.48151684625144026,1,0.1022453368389887,1
4458,1.0,0,0.19922779776625182,1
4459,1.0,0,0.7500917750366498,1
4460,1.0,0,,0
4461,1.0,0,0.27235100649349275,1
4462,1.0,0,,0
4463,1.0,0,0.4574937633798166,1
4464,1.0,0,0.48472428570084836,1
4465,1.0,0,0.3697016375824943,1
4466,1.0,0,,0
4467,1.0,0,0.003440872102465754,1
4468,1.0,0,0.8999869487893852,1
4469,1.0,0,0.6840839246559872,1
4470,1.0,0,,0
4471,1.0,0,0.14583731633640484,1
4472,1.0,0,,0
4473,0.8967122365463555,1,0.587180840514353,1
4474,1.0,0,,0
4475,0.6145431458346842,1,,0
4476,1.0,0,0.685223580973958,1
4477,1.0,0,,0
4478,1.0,0,,0
4479,0.23133123923419777,1,,0
4480,1.0,0,0.5422284275518617,1
4481,0.734504212339149,1,,0
4482,1.0,0,,0
4483,1.0,0,0.3351439453309337,1
4484,0.008269412954225706,1,,0
4485,1.0,0,0.9847246181673422,1
4486,1.0,0,,0
4487,1.0,0,,0
4488,1.0,0,,0
4489,1.0,0,0.7089897435243475,1
4490,1.0,0,,0
4491,1.0,0,,0
4492,1.0,0,,0
4493,1.0,0,,0
4494,1.0,0,0.10472542415184953,1
4495,1.0,0,0.8050815955681816,1
4496,0.5181685954426154,1,,0
4497,0.5488186531251166,1,,0
4498,1.0,0,,0
4499,1.0,0,,0
4500,1.0,0,0.0551423383284475,1
4501,1.0,0,0.13732523215588152,1
4502,1.0,0,,0
4503,1.0,0,,0
4504,1.0,0,,0
4505,1.0,0,,0
4506,1.0,0,,0
4507,1.0,0,,0
4508,1.0,0,,0
4509,1.0,0,,0
4510,1.0,0,,0
4511,1.0,0,0.2072195062958091,1
4512,0.8231447035015074,1,,0
4513,1.0,0,,0
4514,1.0,0,,0
4515,0.2947020840473495,1,,0
4516,1.0,0,0.023745032917088158,1
4517,0.0626301169193105,1,,0
4518,1.0,0,,0
4519,1.0,0,,0
4520,1.0,0,,0
4521,1.0,0,,0
4522,1.0,0,0.5641534140882414,1
4523,1.0,0,,0
4524,1.0,0,,0
4525,1.0,0,0.699510338850606,1
4526,1.0,0,,0
4527,1.0,0,,0
4528,1.0,0,,0
4529,1.0,0,,0
4530,1.0,0,,0
4531,1.0,0,0.1768911545739967,1
4532,1.0,0,0.023591173423258165,1
4533,1.0,0,,0
4534,1.0,0,,0
4535,0.10761718667969888,1,,0
4536,1.0,0,,0
4537,0.46677495369296074,1,,0
4538,1.0,0,,0
4539,1.0,0,0.6232317259484831,1
4540,1.0,0,0.3947731993131499,1
4541,1.0,0,0.9350677809434168,1
4542,1.0,0,,0
4543,1.0,0,,0
4544,1.0,0,0.4390405435970498,1
4545,1.0,0,,0
4546,1.0,0,,0
4547,1.0,0,,0
4548,1.0,0,,0
4549,1.0,0,,0
4550,1.0,0,,0
4551,1.0,0,,0
4552,1.0,0,,0
4553,1.0,0,0.016255121055242606,1
4554,1.0,0,,0
4555,0.26877012470650946,1,0.1312810808527506,1
4556,1.0,0,0.924601289311228,1
4557,1.0,0,0.15565262253624254,1
4558,1.0,0,0.8048135114737457,1
4559,1.0,0,,0
4560,1.0,0,0.5323936585221928,1
4561,1.0,0,0.21245803909002628,1
4562,1.0,0,0.8821508591640117,1
4563,0.6698940865018336,1,0.6159103442548313,1
4564,0.27030403567125355,1,,0
4565,0.813259629746272,1,,0
4566,1.0,0,,0
4567,0.3455717669238516,1,,0
4568,1.0,0,,0
4569,1.0,0,,0
4570,1.0,0,,0
4571,1.0,0,,0
4572,1.0,0,0.5973640924312351,1
4573,0.5825219232191287,1,,0
4574,1.0,0,0.034364051875168715,1
4575,1.0,0,,0
4576,1.0,0,,0
4577,1.0,0,0.4212681442571954,1
4578,1.0,0,0.22960415785636962,1
4579,1.0,0,0.23107497038865774,1
4580,1.0,0,0.2651029430649282,1
4581,1.0,0,,0
4582,1.0,0,,0
4583,1.0,0,,0
4584,1.0,0,,0
4585,1.0,0,,0
4586,1.0,0,,0
4587,1.0,0,0.5196825316283176,1
4588,1.0,0,0.3051446360311087,1
4589,1.0,0,,0
4590,1.0,0,0.6685986772898954,1
4591,1.0,0,,0
4592,1.0,0,,0
4593,1.0,0,0.1119815271816149,1
4594,1.0,0,,0
4595,1.0,0,,0
4596,1.0,0,0.5102963299067543,1
4597,1.0,0,,0
4598,1.0,0,,0
4599,1.0,0,0.5760054580896276,1
4600,0.15261881699527732,1,0.1523981404894747,1
4601,1.0,0,0.6453793951666935,1
4602,1.0,0,,0
4603,1.0,0,,0
4604,1.0,0,0.0347598224686773,1
4605,0.5558843315011999,1,0.06168878674371808,1
4606,1.0,0,,0
4607,0.6545954758316432,1,,0
4608,1.0,0,0.792777412863825,1
4609,1.0,0,0.7394148696921475,1
4610,1.0,0,0.46099455967812397,1
4611,0.3024344644995934,1,,0
4612,1.0,0,,0
4613,1.0,0,,0
4614,1.0,0,,0
4615,1.0,0,0.8531025278685103,1
4616,1.0,0,,0
4617,0.9096162076848354,1,,0
4618,0.14416557751398945,1,,0
4619,1.0,0,,0
4620,1.0,0,,0
4621,1.0,0,0.14040565109675618,1
4622,1.0,0,0.6585569506812671,1
4623,1.0,0,0.05098893892109541,1
4624,1.0,0,,0
4625,1.0,0,,0
4626,1.0,0,0.559988847235488,1
4627,1.0,0,0.09203169276937403,1
4628,0.6903139664486311,1,0.22826860882638833,1
4629,0.6687115784210077,1,0.47785102885677494,1
4630,1.0,0,0.6381639079374248,1
4631,1.0,0,0.24382146304224814,1
4632,1.0,0,,0
4633,1.0,0,,0
4634,1.0,0,,0
4635,1.0,0,,0
4636,1.0,0,0.3145798217814296,1
4637,1.0,0,,0
4638,1.0,0,0.39989193753084185,1
4639,1.0,0,0.6133509330629003,1
4640,1.0,0,,0
4641,1.0,0,,0
4642,0.1191157735596886,1,,0
4643,1.0,0,,0
4644,1.0,0,,0
4645,1.0,0,,0
4646,0.47221964082554985,1,,0
4647,1.0,0,,0
4648,0.6531422947797074,1,0.055958537292978075,1
4649,0.3846891502979039,1,,0
4650,0.15880697111866937,1,,0
4651,1.0,0,,0
4652,1.0,0,0.07294601517841345,1
4653,1.0,0,0.5565497621432633,1
4654,1.0,0,,0
4655,0.42681042217795506,1,0.25705895582890587,1
4656,1.0,0,0.6206254750331155,1
4657,1.0,0,0.524616898515772,1
4658,1.0,0,0.13834935906841136,1
4659,1.0,0,,0
4660,1.0,0,,0
4661,1.0,0,0.1444898496592575,1
4662,0.03501193009693669,1,,0
4663,1.0,0,0.5279600029162078,1
4664,1.0,0,,0
4665,1.0,0,0.4565691885785801,1
4666,1.0,0,,0
4667,1.0,0,,0
4668,0.0010881303543684485,1,,0
4669,1.0,0,,0
4670,1.0,0,0.04691306753733693,1
4671,1.0,0,0.1997831775116967,1
4672,1.0,0,0.8152363162883894,1
4673,1.0,0,0.3830407142179034,1
4674,1.0,0,0.4093581002039356,1
4675,0.16649661252582604,1,,0
4676,1.0,0,0.4580924163359183,1
4677,1.0,0,0.09552231230745406,1
4678,1.0,0,,0
4679,1.0,0,,0
4680,1.0,0,,0
4681,0.041527900461098166,1,,0
4682,1.0,0,,0
4683,1.0,0,,0
4684,0.5915243741049607,1,0.5571778327260406,1
4685,1.0,0,0.46045725039788676,1
4686,1.0,0,,0
4687,1.0,0,0.9485994717730069,1
4688,1.0,0,,0
4689,1.0,0,0.25955518006011347,1
4690,0.3808813240099798,1,,0
4691,1.0,0,,0
4692,1.0,0,0.8217855002793364,1
4693,1.0,0,0.5688459352727505,1
4694,1.0,0,,0
4695,0.35360227967051044,1,,0
4696,1.0,0,,0
4697,1.0,0,0.05356283089163896,1
4698,1.0,0,,0
4699,1.0,0,,0
4700,1.0,0,0.6498760089839088,1
4701,1.0,0,0.9662386986134793,1
4702,1.0,0,,0
4703,1.0,0,,0
4704,1.0,0,,0
4705,1.0,0,0.5106986889393066,1
4706,1.0,0,,0
4707,1.0,0,0.48049805419199176,1
4708,1.0,0,0.5040852119378979,1
4709,0.3375929625154985,1,,0
4710,1.0,0,0.830624047059525,1
4711,1.0,0,0.05036079517380343,1
4712,1.0,0,0.03612661048466582,1
4713,0.7310889682005405,1,,0
4714,1.0,0,,0
4715,1.0,0,,0
4716,1.0,0,,0
4717,1.0,0,0.38684151478189843,1
4718,1.0,0,,0
4719,1.0,0,0.04409344341466276,1
4720,1.0,0,0.20272214663155533,1
4721,1.0,0,0.8007733324631304,1
4722,1.0,0,0.5873215312088239,1
4723,1.0,0,0.1611066912956053,1
4724,1.0,0,,0
4725,1.0,0,0.30858002968335185,1
4726,1.0,0,,0
4727,1.0,0,0.9732308630486871,1
4728,1.0,0,0.5760856134209734,1
4729,1.0,0,,0
4730,1.0,0,,0
4731,1.0,0,0.1840399909808066,1
4732,1.0,0,0.2836090444223685,1
4733,1.0,0,0.2226089040976905,1
4734,1.0,0,0.28100710001797224,1
4735,0.5958921929691724,1,,0
4736,1.0,0,0.5859274183489879,1
4737,1.0,0,,0
4738,1.0,0,,0
4739,1.0,0,0.3556159260080255,1
4740,1.0,0,0.020425769056483935,1
4741,1.0,0,,0
4742,1.0,0,0.9001256358470058,1
4743,1.0,0,,0
4744,0.8621689289271716,1,0.03582016869388142,1
4745,1.0,0,0.017847800922561528,1
4746,1.0,0,,0
4747,0.10138201401451205,1,,0
4748,1.0,0,0.12356693805880989,1
4749,1.0,0,,0
4750,1.0,0,,0
4751,1.0,0,0.05816624668411061,1
4752,0.5926975944666414,1,,0
4753,0.17770448867509495,1,,0
4754,1.0,0,0.6268661094917901,1
4755,1.0,0,,0
4756,1.0,0,0.02432552548623885,1
4757,1.0,0,0.7329555279203985,1
4758,1.0,0,,0
4759,0.8108367894987863,1,0.04212517955444999,1
4760,1.0,0,0.39770416730869446,1
4761,1.0,0,,0
4762,1.0,0,,0
4763,1.0,0,,0
4764,1.0,0,0.7726088478433201,1
4765,1.0,0,,0
4766,1.0,0,,0
4767,1.0,0,0.3027390195362594,1
4768,1.0,0,0.3520329153747781,1
4769,1.0,0,,0
4770,0.002155802549095368,1,,0
4771,1.0,0,0.3475693219880693,1
4772,1.0,0,,0
4773,1.0,0,0.15696843761434817,1
4774,1.0,0,0.21646820553356286,1
4775,0.039693678818612514,1,,0
4776,1.0,0,0.8938507459046218,1
4777,1.0,0,,0
4778,1.0,0,0.724692925424365,1
4779,1.0,0,,0
4780,0.5812438638846024,1,,0
4781,1.0,0,,0
4782,1.0,0,0.26254121777429734,1
4783,1.0,0,,0
4784,1.0,0,0.10642359909768409,1
4785,1.0,0,0.6512766813695267,1
4786,1.0,0,0.5203095351098285,1
4787,0.7664577064934334,1,,0
4788,1.0,0,0.007954822482663684,1
4789,1.0,0,,0
4790,0.16989749662949452,1,,0
4791,1.0,0,,0
4792,1.0,0,0.43446770109969013,1
4793,1.0,0,0.26076013086947164,1
4794,1.0,0,,0
4795,1.0,0,0.3079055189498077,1
4796,0.4337670517418622,1,,0
4797,1.0,0,,0
4798,1.0,0,0.6704570663130788,1
4799,1.0,0,0.6567745928242527,1
4800,1.0,0,,0
4801,1.0,0,0.0684959622883179,1
4802,1.0,0,,0
4803,0.4280416942892326,1,,0
4804,1.0,0,,0
4805,0.023320523519352255,1,,0
4806,1.0,0,0.6903029021334475,1
4807,1.0,0,0.5274813737667068,1
4808,0.4626359656333924,1,,0
4809,1.0,0,,0
4810,0.8599683927092798,1,,0
4811,1.0,0,0.09679269289682045,1
4812,0.2944111164339814,1,,0
4813,0.8479352110394165,1,,0
4814,0.0018416676147353928,1,,0
4815,1.0,0,,0
4816,1.0,0,0.3440600451363656,1
4817,1.0,0,0.248571327496502,1
4818,1.0,0,0.11600598297149578,1
4819,1.0,0,0.8071339701739517,1
4820,1.0,0,0.9822957783764171,1
4821,0.9307289209964731,1,0.37883279594037056,1
4822,0.2068487663866548,1,,0
4823,1.0,0,,0
4824,1.0,0,,0
4825,1.0,0,,0
4826,1.0,0,0.07956829558445981,1
4827,0.9317146338744713,1,,0
4828,0.0006305920500102016,1,,0
4829,1.0,0,,0
4830,1.0,0,,0
4831,1.0,0,,0
4832,1.0,0,0.706866748583316,1
4833,0.1682086493268165,1,,0
4834,1.0,0,0.2370402028077343,1
4835,1.0,0,,0
4836,1.0,0,0.1804871507795857,1
4837,0.31734889118827025,1,,0
4838,1.0,0,0.1281262030416976,1
4839,1.0,0,,0
4840,1.0,0,,0
4841,1.0,0,0.7887664526370486,1
4842,1.0,0,0.7713478852143936,1
4843,1.0,0,0.26463102984890735,1
4844,1.0,0,0.11385113468701404,1
4845,1.0,0,0.8752713419480439,1
4846,1.0,0,,0
4847,0.8767955188821724,1,0.5003785249706754,1
4848,1.0,0,,0
4849,1.0,0,,0
4850,0.7073328923028493,1,,0
4851,0.6543889983824319,1,,0
4852,1.0,0,0.3637836262298984,1
4853,0.987300613800733,1,0.12431777686199712,1
4854,1.0,0,0.049652080852959385,1
4855,1.0,0,0.7722667529230253,1
4856,1.0,0,,0
4857,0.14991491206035162,1,,0
4858,0.26300581979019894,1,0.09595864094179996,1
4859,1.0,0,,0
4860,1.0,0,0.3591322088167533,1
4861,1.0,0,0.07662460735513153,1
4862,1.0,0,,0
4863,1.0,0,,0
4864,1.0,0,,0
4865,0.28303720600484966,1,,0
4866,1.0,0,0.5552379208824897,1
4867,0.7574576130801665,1,0.5439396970534266,1
4868,0.8467501696824777,1,,0
4869,1.0,0,0.17444168989158013,1
4870,1.0,0,,0
4871,1.0,0,,0
4872,1.0,0,0.026070471025012913,1
4873,1.0,0,0.5485129787842444,1
4874,1.0,0,0.2283474532133827,1
4875,1.0,0,,0
4876,1.0,0,,0
4877,1.0,0,,0
4878,1.0,0,,0
4879,1.0,0,0.07782539955227576,1
4880,1.0,0,0.029261139628564543,1
4881,0.47810857750931374,1,,0
4882,1.0,0,0.2995356114792124,1
4883,0.5267160997036813,1,,0
4884,1.0,0,0.21945313820553936,1
4885,1.0,0,0.1909485377983267,1
4886,1.0,0,0.6262288675162713,1
4887,1.0,0,,0
4888,1.0,0,,0
4889,1.0,0,,0
4890,0.24351815812213698,1,,0
4891,1.0,0,,0
4892,1.0,0,0.8146042364377664,1
4893,0.7126555520015456,1,,0
4894,1.0,0,0.7431650366714386,1
4895,1.0,0,0.11740473774756113,1
4896,0.5346150073689468,1,,0
4897,1.0,0,,0
4898,1.0,0,0.007563209839129396,1
4899,1.0,0,,0
4900,1.0,0,,0
4901,0.4197078806788529,1,0.28944113601541094,1
4902,1.0,0,,0
4903,1.0,0,0.27133314931144564,1
4904,1.0,0,0.5330079805108119,1
4905,0.6064949385265789,1,0.36961266113037694,1
4906,1.0,0,0.157248690528624,1
4907,1.0,0,0.6162526983207912,1
4908,1.0,0,,0
4909,0.3644335250868094,1,,0
4910,0.8908230385782191,1,,0
4911,1.0,0,,0
4912,1.0,0,,0
4913,1.0,0,,0
4914,1.0,0,0.06168424290467188,1
4915,1.0,0,0.7831843137511526,1
4916,1.0,0,0.5626126190908489,1
4917,1.0,0,0.6434553086701391,1
4918,0.918759931377232,1,,0
4919,1.0,0,,0
4920,1.0,0,,0
4921,1.0,0,0.32337366245670696,1
4922,1.0,0,,0
4923,1.0,0,0.14379714199993945,1
4924,1.0,0,,0
4925,1.0,0,0.40794764148445606,1
4926,1.0,0,0.08087830855653183,1
4927,1.0,0,0.04030080316357447,1
4928,1.0,0,0.040855022480533694,1
4929,1.0,0,0.5445390029629323,1
4930,1.0,0,0.882637684045157,1
4931,0.013673372834157817,1,,0
4932,0.3113678451260428,1,,0
4933,1.0,0,0.215665000669938,1
4934,1.0,0,,0
4935,1.0,0,0.7675710023594058,1
4936,1.0,0,,0
4937,1.0,0,0.06853086777908095,1
4938,1.0,0,0.14580646678582254,1
4939,1.0,0,0.1392295650027716,1
4940,1.0,0,,0
4941,1.0,0,,0
4942,0.7886079215652205,1,,0
4943,1.0,0,0.24460359458411446,1
4944,1.0,0,0.2950295770647582,1
4945,1.0,0,,0
4946,1.0,0,0.027498411240561602,1
4947,0.9202320712450893,1,,0
4948,1.0,0,,0
4949,0.2555593676668467,1,,0
4950,1.0,0,0.569704035139546,1
4951,0.57714937039928,1,,0
4952,1.0,0,,0
4953,1.0,0,0.3404672249956865,1
4954,1.0,0,,0
4955,1.0,0,,0
4956,1.0,0,0.8017478247547454,1
4957,0.26218882382327113,1,0.00837405893755268,1
4958,1.0,0,0.9251831285133312,1
4959,1.0,0,,0
4960,1.0,0,0.9682084104454691,1
4961,0.5324846929907938,1,,0
4962,1.0,0,,0
4963,0.15877669620450693,1,,0
4964,1.0,0,0.2867580344937866,1
4965,1.0,0,,0
4966,0.9264537488128388,1,0.25247826094233744,1
4967,1.0,0,,0
4968,1.0,0,,0
4969,1.0,0,0.22771253848551368,1
4970,1.0,0,,0
4971,1.0,0,0.3267116249798166,1
4972,1.0,0,0.5915578241176971,1
4973,1.0,0,0.8337236770207578,1
4974,0.28078568487409783,1,0.07391537516889982,1
4975,0.5253502180305076,1,0.39809059411462633,1
4976,1.0,0,0.7620600152702021,1
4977,0.016515674235255136,1,,0
4978,1.0,0,0.08541418761281112,1
4979,1.0,0,0.23856876574942934,1
4980,1.0,0,0.3258323052207322,1
4981,1.0,0,0.26171530560182565,1
4982,1.0,0,,0
4983,1.0,0,0.7766227094460262,1
4984,1.0,0,,0
4985,1.0,0,,0
4986,1.0,0,0.5044385958105845,1
4987,0.07088760631138379,1,0.037777368415873466,1
4988,0.03840664679070249,1,,0
4989,1.0,0,,0
4990,1.0,0,0.4855304084864816,1
4991,0.1550524398709621,1,,0
4992,1.0,0,,0
4993,1.0,0,,0
4994,1.0,0,0.5726118735216353,1
4995,1.0,0,,0
4996,1.0,0,,0
4997,1.0,0,0.4467260144426157,1
4998,1.0,0,,0
4999,0.6150032968830378,1,,0
5000,1.0,0,,0
5001,1.0,0,,0
5002,1.0,0,0.4811183098107787,1
5003,1.0,0,0.4863014689493665,1
5004,1.0,0,,0
5005,1.0,0,,0
5006,1.0,0,,0
5007,0.5551323403377334,1,,0
5008,1.0,0,,0
5009,1.0,0,0.2824857100049492,1
5010,0.5593097563482217,1,,0
5011,0.9934330037504855,1,0.8688612122165961,1
5012,1.0,0,,0
5013,1.0,0,,0
5014,1.0,0,0.0888135617001142,1
5015,1.0,0,0.505909291498244,1
5016,1.0,0,0.6374352964881531,1
5017,1.0,0,0.91227367384258,1
5018,0.9601780703019449,1,,0
5019,1.0,0,,0
5020,1.0,0,,0
5021,0.8156772180052795,1,0.1370340381658466,1
5022,1.0,0,0.3934840892724687,1
5023,1.0,0,0.8201119935930198,1
5024,1.0,0,0.08872789027726141,1
5025,0.8072660230265393,1,,0
5026,1.0,0,,0
5027,1.0,0,0.3219925548290704,1
5028,1.0,0,0.15511203440451565,1
5029,1.0,0,0.8622446928076954,1
5030,1.0,0,,0
5031,1.0,0,,0
5032,1.0,0,,0
5033,1.0,0,0.7526816816591537,1
5034,0.36024166173096167,1,0.044642027770343276,1
5035,0.5467115733060012,1,,0
5036,1.0,0,,0
5037,1.0,0,,0
5038,1.0,0,0.447061634462938,1
5039,0.2453542289153979,1,,0
5040,1.0,0,0.040942919703580556,1
5041,1.0,0,0.03129801251634705,1
5042,1.0,0,,0
5043,1.0,0,0.9848051064448242,1
5044,0.7710623509000135,1,,0
5045,1.0,0,0.8233092153700349,1
5046,1.0,0,,0
5047,1.0,0,0.5230288517697822,1
5048,1.0,0,,0
5049,1.0,0,,0
5050,1.0,0,0.16798867254060323,1
5051,1.0,0,0.7107850853247304,1
5052,1.0,0,0.3250210108492156,1
5053,1.0,0,,0
5054,0.2742307976700013,1,,0
5055,0.3963851093797835,1,,0
5056,0.23677448770077567,1,,0
5057,1.0,0,0.6005741521230403,1
5058,1.0,0,,0
5059,1.0,0,0.2078494621625236,1
5060,1.0,0,0.3603622224312044,1
5061,0.00010267525361334029,1,,0
5062,0.07330459466562189,1,,0
5063,0.8663063142916684,1,,0
5064,1.0,0,0.42812593616002925,1
5065,0.7991119689850673,1,0.07072148702078625,1
5066,0.4269258321967705,1,,0
5067,1.0,0,,0
5068,1.0,0,0.011993436557083957,1
5069,1.0,0,0.9967845984411353,1
5070,1.0,0,,0
5071,1.0,0,,0
5072,1.0,0,,0
5073,1.0,0,0.46045576089573237,1
5074,1.0,0,,0
5075,1.0,0,0.30267983555484884,1
5076,1.0,0,,0
5077,0.011746327477754602,1,,0
5078,1.0,0,0.15261371510899865,1
5079,1.0,0,0.19916435830311438,1
5080,1.0,0,0.4760661314622895,1
5081,1.0,0,,0
5082,1.0,0,,0
5083,1.0,0,,0
5084,1.0,0,0.8367622375466801,1
5085,1.0,0,0.28716574773970294,1
5086,1.0,0,,0
5087,1.0,0,0.5402441305405395,1
5088,1.0,0,,0
5089,1.0,0,0.5763812971809666,1
5090,0.009725388008578386,1,,0
5091,0.7038245297050376,1,,0
5092,1.0,0,,0
5093,0.7095271863482749,1,,0
5094,0.07855099356247709,1,,0
5095,1.0,0,0.6515778810626324,1
5096,0.7536087244966352,1,0.598659199299966,1
5097,1.0,0,0.9999229510346652,1
5098,1.0,0,,0
5099,1.0,0,0.38888720467402893,1
5100,0.9011642185836922,1,,0
5101,1.0,0,0.0822356174356633,1
5102,1.0,0,,0
5103,1.0,0,0.4713158086398287,1
5104,1.0,0,,0
5105,1.0,0,0.25888197075745945,1
5106,0.5235423561338728,1,,0
5107,0.11163594194209558,1,,0
5108,0.7803452232378559,1,,0
5109,1.0,0,0.5324130801229939,1
5110,0.2612090341481367,1,,0
5111,0.1836211087099933,1,,0
5112,1.0,0,0.056449373184984816,1
5113,1.0,0,,0
5114,0.4958913967913726,1,,0
5115,1.0,0,0.6454062383662467,1
5116,1.0,0,0.18614438535244412,1
5117,1.0,0,,0
5118,1.0,0,,0
5119,1.0,0,0.6410626791645123,1
5120,1.0,0,,0
5121,1.0,0,0.09211710527271626,1
5122,1.0,0,,0
5123,1.0,0,0.539789356864384,1
5124,1.0,0,,0
5125,1.0,0,,0
5126,1.0,0,0.13354133382318734,1
5127,1.0,0,0.3065124621639713,1
5128,1.0,0,,0
5129,1.0,0,0.447754030527373,1
5130,0.2426866533167891,1,,0
5131,1.0,0,,0
5132,1.0,0,,0
5133,1.0,0,,0
5134,1.0,0,0.26507107536693275,1
5135,0.7816522812665609,1,,0
5136,1.0,0,0.3263455275587223,1
5137,1.0,0,0.9643379727600495,1
5138,1.0,0,,0
5139,1.0,0,0.14679169867153818,1
5140,1.0,0,,0
5141,1.0,0,,0
5142,1.0,0,0.4681590402212502,1
5143,1.0,0,,0
5144,0.7143900593189263,1,,0
5145,0.9521339819952565,1,,0
5146,1.0,0,0.6302289706151972,1
5147,1.0,0,,0
5148,1.0,0,,0
5149,0.8667361719798137,1,,0
5150,1.0,0,,0
5151,1.0,0,,0
5152,1.0,0,0.364174488224965,1
5153,1.0,0,0.36056239296029763,1
5154,1.0,0,,0
5155,0.16786855786178756,1,,0
5156,1.0,0,,0
5157,1.0,0,,0
5158,1.0,0,,0
5159,1.0,0,0.265103133950919,1
5160,1.0,0,,0
5161,1.0,0,,0
5162,1.0,0,0.5049143756455076,1
5163,1.0,0,0.8250327412249021,1
5164,0.08822248717777945,1,,0
5165,1.0,0,,0
5166,1.0,0,0.6153861334949499,1
5167,1.0,0,,0
5168,1.0,0,,0
5169,1.0,0,,0
5170,1.0,0,,0
5171,1.0,0,,0
5172,1.0,0,,0
5173,1.0,0,,0
5174,1.0,0,,0
5175,1.0,0,,0
5176,1.0,0,,0
5177,1.0,0,0.4579585479299295,1
5178,1.0,0,0.7151788046351089,1
5179,1.0,0,,0
5180,1.0,0,,0
5181,1.0,0,0.09417923593366484,1
5182,1.0,0,,0
5183,0.2759621922252979,1,,0
5184,1.0,0,,0
5185,1.0,0,0.45657262221425143,1
5186,1.0,0,,0
5187,1.0,0,0.4094775943701676,1
5188,0.4237606542421475,1,,0
5189,1.0,0,,0
5190,1.0,0,,0
5191,0.48840610838651866,1,,0
5192,0.9392412184033049,1,0.5697411089897603,1
5193,1.0,0,0.966180840046114,1
5194,1.0,0,,0
5195,1.0,0,0.8317890839546751,1
5196,1.0,0,0.3902958795570321,1
5197,1.0,0,0.4273688412621733,1
5198,1.0,0,,0
5199,1.0,0,,0
5200,1.0,0,0.3415608817120327,1
5201,1.0,0,0.9092064585344776,1
5202,1.0,0,0.1459177491030093,1
5203,0.0392416596712479,1,,0
5204,0.4067153993213278,1,,0
5205,1.0,0,,0
5206,1.0,0,,0
5207,0.4357193241347419,1,,0
5208,1.0,0,,0
5209,1.0,0,,0
5210,1.0,0,0.319848053882242,1
5211,1.0,0,0.31032672419423646,1
5212,1.0,0,0.7209616880391198,1
5213,0.9485441079700115,1,0.2811444534064351,1
5214,1.0,0,0.6602539893795281,1
5215,1.0,0,,0
5216,1.0,0,0.27830926829180785,1
5217,1.0,0,,0
5218,1.0,0,,0
5219,1.0,0,,0
5220,0.30009476612600966,1,,0
5221,1.0,0,,0
5222,1.0,0,,0
5223,1.0,0,,0
5224,1.0,0,,0
5225,1.0,0,,0
5226,1.0,0,,0
5227,1.0,0,0.7091273834126574,1
5228,1.0,0,0.24761717164902838,1
5229,1.0,0,,0
5230,1.0,0,0.6418189425838408,1
5231,1.0,0,,0
5232,1.0,0,0.8498617348159806,1
5233,1.0,0,0.6847523699616395,1
5234,1.0,0,,0
5235,1.0,0,,0
5236,1.0,0,,0
5237,1.0,0,,0
5238,0.8278895956595337,1,0.583202015224701,1
5239,1.0,0,,0
5240,1.0,0,0.7407318724297378,1
5241,1.0,0,0.7289225497619644,1
5242,1.0,0,,0
5243,1.0,0,,0
5244,0.3712180934443904,1,,0
5245,1.0,0,0.22308811099778733,1
5246,1.0,0,0.6598770522837691,1
5247,1.0,0,0.9822111385193166,1
5248,0.48589264719926745,1,,0
5249,1.0,0,,0
5250,1.0,0,,0
5251,1.0,0,0.6991463794425539,1
5252,1.0,0,,0
5253,1.0,0,0.9480410790036949,1
5254,1.0,0,0.05322843401999626,1
5255,0.16446493535330145,1,,0
5256,1.0,0,,0
5257,1.0,0,,0
5258,1.0,0,,0
5259,1.0,0,0.19241723266527594,1
5260,0.9831047936419953,1,0.15237371030450272,1
5261,1.0,0,,0
5262,1.0,0,,0
5263,1.0,0,,0
5264,1.0,0,0.616894258830644,1
5265,1.0,0,0.8914026966278598,1
5266,0.2090155799277477,1,0.17933850117880437,1
5267,1.0,0,0.01592374025298591,1
5268,1.0,0,0.566341513106876,1
5269,1.0,0,0.8287886436044164,1
5270,1.0,0,,0
5271,0.31920941467164016,1,0.06139690010221317,1
5272,1.0,0,0.871861291389316,1
5273,1.0,0,,0
5274,0.2951813094394403,1,,0
5275,0.21404167219881837,1,,0
5276,1.0,0,,0
5277,1.0,0,0.08688147383735402,1
5278,1.0,0,0.7960356472852729,1
5279,1.0,0,0.21542198299353896,1
5280,1.0,0,,0
5281,1.0,0,,0
5282,1.0,0,0.10089849290721925,1
5283,0.36047065110521287,1,0.01081110128263655,1
5284,0.758151260814869,1,,0
5285,1.0,0,0.75398818599254,1
5286,1.0,0,,0
5287,0.4577382769755332,1,0.4266232348126242,1
5288,1.0,0,0.5308680062506407,1
5289,1.0,0,0.06850142014013226,1
5290,0.8033791943549082,1,,0
5291,0.7342003178502381,1,0.33046060333839833,1
5292,1.0,0,0.1705923136357874,1
5293,1.0,0,0.9714938137444303,1
5294,1.0,0,,0
5295,0.3118026050349865,1,,0
5296,0.2802310861267826,1,,0
5297,1.0,0,0.08932268701539578,1
5298,1.0,0,,0
5299,1.0,0,0.21493022577733498,1
5300,1.0,0,0.1500914479260229,1
5301,0.0010618257208831578,1,,0
5302,0.13083618992298582,1,,0
5303,0.38462396896777523,1,0.21871414289977803,1
5304,0.020223025983200756,1,,0
5305,1.0,0,0.38077672496758974,1
5306,1.0,0,,0
5307,1.0,0,0.6845158041383383,1
5308,1.0,0,,0
5309,1.0,0,0.8701893476835614,1
5310,1.0,0,0.9131496448756903,1
5311,1.0,0,,0
5312,1.0,0,0.8022739626007227,1
5313,1.0,0,0.08794960077581819,1
5314,1.0,0,0.6945660003136231,1
5315,1.0,0,0.23177380799495584,1
5316,1.0,0,,0
5317,1.0,0,0.8368180972115398,1
5318,1.0,0,,0
5319,0.1480373153045784,1,,0
5320,1.0,0,0.18475193539464982,1
5321,1.0,0,,0
5322,1.0,0,0.4038117260598031,1
5323,1.0,0,,0
5324,1.0,0,,0
5325,1.0,0,,0
5326,0.09879878192510647,1,,0
5327,1.0,0,0.6815391445929357,1
5328,1.0,0,,0
5329,1.0,0,0.0400407872744311,1
5330,1.0,0,0.766308080979243,1
5331,1.0,0,0.25157202079756347,1
5332,1.0,0,0.3879146675858459,1
5333,1.0,0,,0
5334,1.0,0,0.3981592806724236,1
5335,0.5909873456904994,1,0.11709269699011939,1
5336,1.0,0,,0
5337,1.0,0,0.9816828610990299,1
5338,1.0,0,0.5259379925414057,1
5339,1.0,0,0.7865796255141837,1
5340,1.0,0,0.9252447755793657,1
5341,1.0,0,0.09443418706005763,1
5342,1.0,0,,0
5343,0.4717853177992263,1,0.18985925278120236,1
5344,1.0,0,0.17976759722569557,1
5345,1.0,0,0.7017045876381889,1
5346,1.0,0,0.7719092267015726,1
5347,1.0,0,,0
5348,1.0,0,0.13490643307957595,1
5349,0.12833435137360166,1,,0
5350,1.0,0,,0
5351,1.0,0,,0
5352,1.0,0,0.006860568404297399,1
5353,0.3854744556910934,1,0.32211775233553874,1
5354,1.0,0,0.13772896076527846,1
5355,1.0,0,0.6801852276079103,1
5356,1.0,0,,0
5357,1.0,0,0.38747943793997985,1
5358,1.0,0,,0
5359,1.0,0,0.9482044182747313,1
5360,1.0,0,0.2044418373540571,1
5361,1.0,0,,0
5362,1.0,0,,0
5363,1.0,0,,0
5364,1.0,0,,0
5365,1.0,0,,0
5366,1.0,0,,0
5367,0.9407935982764262,1,0.21262424641109096,1
5368,1.0,0,0.5910819008543717,1
5369,0.6055703282353972,1,,0
5370,0.25235504512133944,1,,0
5371,1.0,0,,0
5372,1.0,0,,0
5373,0.22830108676151628,1,0.001098835703068212,1
5374,1.0,0,0.03997420855602754,1
5375,1.0,0,,0
5376,1.0,0,0.2780729996588951,1
5377,1.0,0,,0
5378,0.05609101433493007,1,,0
5379,1.0,0,0.5770333186955103,1
5380,1.0,0,,0
5381,0.6180576612620168,1,0.3610945490614049,1
5382,1.0,0,0.6512668088504489,1
5383,0.799111167394345,1,0.13525040199785454,1
5384,1.0,0,,0
5385,1.0,0,0.14806657586348865,1
5386,0.34188006042562885,1,,0
5387,1.0,0,0.32118079252024206,1
5388,1.0,0,0.6905565033632137,1
5389,1.0,0,,0
5390,1.0,0,0.740259096365993,1
5391,0.031330087624236475,1,,0
5392,1.0,0,,0
5393,0.45657065471263425,1,0.08206006276817068,1
5394,1.0,0,0.6548937002134468,1
5395,0.022971774918492973,1,,0
5396,1.0,0,,0
5397,1.0,0,0.35121810133347614,1
5398,1.0,0,0.3140585035256869,1
5399,1.0,0,,0
5400,0.8741144163270838,1,,0
5401,1.0,0,,0
5402,1.0,0,0.7999380430245813,1
5403,1.0,0,,0
5404,1.0,0,,0
5405,1.0,0,0.21382927903788573,1
5406,1.0,0,0.18407084181986552,1
5407,1.0,0,0.025754460368706333,1
5408,1.0,0,,0
5409,1.0,0,0.5059428786231761,1
5410,0.14645553531264438,1,,0
5411,1.0,0,0.33106472290550176,1
5412,1.0,0,,0
5413,1.0,0,,0
5414,1.0,0,,0
5415,0.4570573285754314,1,,0
5416,1.0,0,,0
5417,1.0,0,0.964964888440014,1
5418,1.0,0,,0
5419,1.0,0,0.05985834920904836,1
5420,1.0,0,0.13841582716328357,1
5421,0.35366587196579236,1,,0
5422,0.06793438310376387,1,,0
5423,0.3921834764141179,1,,0
5424,1.0,0,,0
5425,1.0,0,0.5231285528381016,1
5426,0.8088288334963823,1,,0
5427,1.0,0,0.6843097566420933,1
5428,1.0,0,,0
5429,1.0,0,,0
5430,1.0,0,0.16997205471777346,1
5431,0.08740998860239117,1,,0
5432,0.03372268139310573,1,,0
5433,1.0,0,,0
5434,1.0,0,0.7291548498007676,1
5435,0.6750289802017072,1,0.06964496434304251,1
5436,1.0,0,0.12953480781925578,1
5437,1.0,0,,0
5438,1.0,0,,0
5439,1.0,0,,0
5440,1.0,0,,0
5441,1.0,0,0.06791580617002971,1
5442,0.47939945147339746,1,0.2903910090793938,1
5443,1.0,0,,0
5444,1.0,0,,0
5445,1.0,0,0.7700322361032668,1
5446,0.04016278280363605,1,,0
5447,1.0,0,0.37958273732280723,1
5448,1.0,0,0.6860036107709192,1
5449,0.2443703573987555,1,0.0836836271773866,1
5450,1.0,0,0.7026444929472097,1
5451,1.0,0,0.05284892991169148,1
5452,1.0,0,0.2549172410982568,1
5453,0.5506944861857557,1,0.3585157393331776,1
5454,1.0,0,,0
5455,1.0,0,0.5038407965584059,1
5456,1.0,0,,0
5457,0.9227657594817057,1,,0
5458,1.0,0,0.5900907140012894,1
5459,1.0,0,,0
5460,1.0,0,0.5202049609254272,1
5461,1.0,0,,0
5462,1.0,0,0.1820199901742461,1
5463,1.0,0,0.22526611574406558,1
5464,1.0,0,0.36410830495066043,1
5465,1.0,0,0.1923816830609281,1
5466,0.049400780242955473,1,,0
5467,1.0,0,,0
5468,1.0,0,,0
5469,1.0,0,,0
5470,1.0,0,0.7373492603575622,1
5471,1.0,0,,0
5472,1.0,0,,0
5473,1.0,0,,0
5474,0.033736128661318115,1,,0
5475,0.7762173400205121,1,0.4034098324388637,1
5476,1.0,0,0.557005051930066,1
5477,1.0,0,0.7946111074540054,1
5478,1.0,0,,0
5479,1.0,0,,0
5480,0.8630345556262063,1,0.7082257667088673,1
5481,1.0,0,0.4807764937019201,1
5482,1.0,0,0.2186135467950128,1
5483,0.7397641106283606,1,,0
5484,0.5744857696873134,1,0.5076136381657816,1
5485,1.0,0,,0
5486,1.0,0,0.17803083914818096,1
5487,1.0,0,0.31204206439255333,1
5488,1.0,0,,0
5489,1.0,0,,0
5490,1.0,0,0.6861435796377506,1
5491,1.0,0,0.5241339727415926,1
5492,1.0,0,,0
5493,1.0,0,0.7451015900069171,1
5494,1.0,0,0.8571751687815103,1
5495,1.0,0,0.5593798844493201,1
5496,1.0,0,0.3243133993208282,1
5497,1.0,0,0.32443225733644415,1
5498,1.0,0,,0
5499,1.0,0,0.828799133821762,1
5500,1.0,0,,0
5501,1.0,0,0.12967533157615865,1
5502,1.0,0,0.500510222454672,1
5503,0.7810157012045893,1,0.06577543455297824,1
5504,1.0,0,,0
5505,1.0,0,0.1805394290464941,1
5506,1.0,0,,0
5507,0.2622151542461701,1,,0
5508,1.0,0,0.5804687224313325,1
5509,0.8632625884353089,1,0.35933796022234654,1
5510,1.0,0,0.33607890643026267,1
5511,1.0,0,,0
5512,1.0,0,0.7769813741859385,1
5513,1.0,0,0.5161787459738979,1
5514,0.15865134144598989,1,,0
5515,0.40984935016208274,1,,0
5516,1.0,0,0.4087349763236403,1
5517,1.0,0,0.6434648481923629,1
5518,1.0,0,,0
5519,1.0,0,0.10939337999861116,1
5520,1.0,0,,0
5521,1.0,0,,0
5522,1.0,0,,0
5523,1.0,0,0.3097663610213659,1
5524,1.0,0,0.03978561228945907,1
5525,1.0,0,,0
5526,0.5371046831105862,1,,0
5527,0.6293211033018448,1,,0
5528,1.0,0,0.8796950613083034,1
5529,1.0,0,,0
5530,1.0,0,0.7570089123660599,1
5531,1.0,0,0.4805049906973996,1
5532,0.856236299821805,1,,0
5533,1.0,0,,0
5534,1.0,0,,0
5535,0.5700414995076848,1,,0
5536,1.0,0,,0
5537,1.0,0,,0
5538,1.0,0,0.056281289512912426,1
5539,1.0,0,,0
5540,1.0,0,0.25469051021412037,1
5541,1.0,0,,0
5542,1.0,0,,0
5543,1.0,0,,0
5544,1.0,0,,0
5545,1.0,0,,0
5546,0.5693589432673141,1,,0
5547,0.8454044691742321,1,0.10768831140919272,1
5548,1.0,0,0.016278062397631375,1
5549,1.0,0,0.6997520439314988,1
5550,1.0,0,0.2360857309886239,1
5551,1.0,0,0.36820474291040944,1
5552,0.08201236039170111,1,,0
5553,1.0,0,0.5125821273090855,1
5554,1.0,0,,0
5555,1.0,0,0.7552878730334148,1
5556,1.0,0,0.16801882338654098,1
5557,1.0,0,,0
5558,0.32432437374506745,1,,0
5559,0.6940818028147756,1,,0
5560,0.1385420206174322,1,,0
5561,0.026543563689318605,1,,0
5562,1.0,0,,0
5563,1.0,0,,0
5564,0.01500866469506321,1,,0
5565,0.03402012510342206,1,,0
5566,0.7343115154456618,1,0.4713956706135171,1
5567,1.0,0,0.5379212548486181,1
5568,1.0,0,,0
5569,1.0,0,,0
5570,1.0,0,0.2213802019644955,1
5571,1.0,0,0.9065489089863829,1
5572,1.0,0,0.5460933034554003,1
5573,1.0,0,,0
5574,0.8708590934085367,1,,0
5575,1.0,0,,0
5576,0.19477033606435606,1,0.05321109823801936,1
5577,1.0,0,0.7589029103696608,1
5578,0.2893729487254049,1,,0
5579,1.0,0,0.22067958225162218,1
5580,1.0,0,,0
5581,1.0,0,,0
5582,1.0,0,0.4628772617032278,1
5583,1.0,0,0.033581414114835444,1
5584,1.0,0,0.15049065238654197,1
5585,1.0,0,,0
5586,0.21270742876864474,1,,0
5587,1.0,0,0.9387851275555821,1
5588,0.434092178123136,1,,0
5589,1.0,0,0.07906743431366685,1
5590,1.0,0,0.14556436369301867,1
5591,0.1368587687969727,1,0.048588829353825316,1
5592,1.0,0,0.17919129282483284,1
5593,0.5984635337440494,1,0.005136863536357231,1
5594,1.0,0,0.18729961493632724,1
5595,1.0,0,0.6117354681330927,1
5596,0.2340397354512364,1,,0
5597,1.0,0,0.6535755687359672,1
5598,0.3324753390355227,1,,0
5599,1.0,0,0.16692126982294309,1
5600,1.0,0,,0
5601,1.0,0,0.8199481659062668,1
5602,1.0,0,0.779317676567093,1
5603,1.0,0,0.2690643692710241,1
5604,1.0,0,0.812702923782805,1
5605,1.0,0,,0
5606,0.2679552061065921,1,,0
5607,0.4684471966159865,1,,0
5608,0.19011688781688632,1,,0
5609,1.0,0,,0
5610,0.010548850098277293,1,,0
5611,1.0,0,,0
5612,1.0,0,,0
5613,1.0,0,0.4852692366161689,1
5614,0.6018418495417651,1,,0
5615,1.0,0,0.7751083344798945,1
5616,1.0,0,0.4991723386677342,1
5617,1.0,0,0.7987764004139302,1
5618,1.0,0,0.15163031969284504,1
5619,1.0,0,0.772218167445931,1
5620,1.0,0,0.2198626349779579,1
5621,1.0,0,,0
5622,1.0,0,,0
5623,1.0,0,,0
5624,1.0,0,0.04064295889423398,1
5625,1.0,0,0.0790076524615036,1
5626,1.0,0,0.2483959993647792,1
5627,1.0,0,,0
5628,1.0,0,0.08768352606447553,1
5629,1.0,0,,0
5630,1.0,0,0.7900686768251337,1
5631,1.0,0,0.45931470126159907,1
5632,1.0,0,,0
5633,1.0,0,0.8585004236474354,1
5634,0.48557073658768435,1,,0
5635,1.0,0,,0
5636,1.0,0,,0
5637,1.0,0,,0
5638,1.0,0,0.4647904730981404,1
5639,0.43318883593206875,1,,0
5640,1.0,0,0.09781234812395724,1
5641,1.0,0,,0
5642,1.0,0,,0
5643,1.0,0,,0
5644,1.0,0,,0
5645,1.0,0,0.8242567559160592,1
5646,1.0,0,0.33076813337688027,1
5647,0.00864035210209336,1,,0
5648,1.0,0,,0
5649,0.87505187354184,1,0.15923118924656982,1
5650,0.46705180407015795,1,,0
5651,1.0,0,,0
5652,0.014240641728475794,1,,0
5653,0.5546356475766031,1,0.4946681469673295,1
5654,1.0,0,0.4156427633032955,1
5655,1.0,0,,0
5656,1.0,0,,0
5657,0.036447174049119964,1,,0
5658,1.0,0,0.15360086469231438,1
5659,0.4253866056883558,1,,0
5660,1.0,0,0.059456149242665075,1
5661,1.0,0,,0
5662,1.0,0,0.04954032126675235,1
5663,1.0,0,,0
5664,1.0,0,0.9537147310180065,1
5665,0.7387385195432402,1,,0
5666,1.0,0,,0
5667,1.0,0,,0
5668,0.3107288575037089,1,0.11202045119660664,1
5669,1.0,0,,0
5670,0.029865174936089044,1,,0
5671,1.0,0,,0
5672,1.0,0,,0
5673,1.0,0,,0
5674,1.0,0,,0
5675,1.0,0,,0
5676,1.0,0,,0
5677,1.0,0,0.37543002021443633,1
5678,1.0,0,0.16603708592872657,1
5679,0.24753679812458446,1,,0
5680,1.0,0,0.4956421945075188,1
5681,1.0,0,0.07785471176100225,1
5682,0.38178677934609656,1,,0
5683,1.0,0,,0
5684,1.0,0,0.2644074169182518,1
5685,1.0,0,0.3123284234235222,1
5686,1.0,0,0.13077222845583503,1
5687,0.5100132396434452,1,,0
5688,0.5682179806994434,1,,0
5689,1.0,0,,0
5690,1.0,0,,0
5691,0.5458118937750874,1,0.5160299076303623,1
5692,1.0,0,,0
5693,1.0,0,0.648703617646859,1
5694,1.0,0,0.09955675863855143,1
5695,0.08911198194954457,1,,0
5696,1.0,0,0.15620427407950885,1
5697,1.0,0,0.9352021298900196,1
5698,1.0,0,0.050345298688250543,1
5699,0.41048108956802376,1,,0
5700,1.0,0,0.5095769006407372,1
5701,1.0,0,0.6956558172446815,1
5702,0.06194917977794442,1,,0
5703,1.0,0,,0
5704,1.0,0,0.39790094330010334,1
5705,0.4972645866708347,1,0.10453454027491897,1
5706,1.0,0,0.5456017960111202,1
5707,0.07906194922431752,1,,0
5708,1.0,0,,0
5709,1.0,0,,0
5710,1.0,0,,0
5711,1.0,0,0.586855059943454,1
5712,0.576356197364522,1,,0
5713,1.0,0,,0
5714,0.5202512448002319,1,,0
5715,1.0,0,,0
5716,1.0,0,0.021596482793253685,1
5717,1.0,0,0.4033076819629779,1
5718,1.0,0,,0
5719,1.0,0,,0
5720,1.0,0,0.8179085222450119,1
5721,1.0,0,0.15581280852075335,1
5722,1.0,0,,0
5723,1.0,0,,0
5724,1.0,0,,0
5725,0.6466397587464963,1,,0
5726,1.0,0,,0
5727,1.0,0,0.38810925848334477,1
5728,1.0,0,0.5127560927130791,1
5729,1.0,0,0.21438978756623253,1
5730,0.4859392469257654,1,,0
5731,1.0,0,0.7602948328931899,1
5732,1.0,0,,0
5733,1.0,0,0.3448154428402649,1
5734,1.0,0,,0
5735,1.0,0,,0
5736,1.0,0,0.39554246369040585,1
5737,1.0,0,,0
5738,1.0,0,,0
5739,1.0,0,0.1283984333227572,1
5740,0.01775154398263948,1,,0
5741,1.0,0,,0
5742,1.0,0,,0
5743,0.4816951194828216,1,,0
5744,0.915244820837177,1,0.48785996134418236,1
5745,0.6638294109834598,1,,0
5746,1.0,0,0.5409772219180393,1
5747,1.0,0,0.33566924553312477,1
5748,1.0,0,0.21373185320243857,1
5749,0.05047118978663016,1,,0
5750,1.0,0,,0
5751,1.0,0,,0
5752,0.7900120427097481,1,0.6689082094131068,1
5753,1.0,0,0.6333264707412345,1
5754,0.47289124193290394,1,0.24969686358317345,1
5755,1.0,0,0.9119022038373621,1
5756,1.0,0,0.8287895651217303,1
5757,0.90732056706917,1,,0
5758,1.0,0,,0
5759,0.45767657997697375,1,0.45088166334338775,1
5760,1.0,0,,0
5761,1.0,0,,0
5762,1.0,0,0.7282165525293508,1
5763,1.0,0,0.0815677652410936,1
5764,0.6405421187269447,1,,0
5765,1.0,0,,0
5766,1.0,0,,0
5767,1.0,0,,0
5768,1.0,0,0.9780770585881227,1
5769,1.0,0,0.6329548646616483,1
5770,0.806683973072286,1,,0
5771,1.0,0,0.5748197520307732,1
5772,1.0,0,0.5827039257153434,1
5773,1.0,0,0.6670873252150636,1
5774,0.013130844437541832,1,,0
5775,1.0,0,0.36287562601039436,1
5776,0.36153985635908464,1,,0
5777,1.0,0,0.34713297757273676,1
5778,1.0,0,,0
5779,1.0,0,0.2784847418565138,1
5780,0.9821632528939044,1,,0
5781,1.0,0,,0
5782,1.0,0,0.22311523307459805,1
5783,1.0,0,0.736631729379578,1
5784,0.39449135772252203,1,,0
5785,1.0,0,0.39195771644742955,1
5786,1.0,0,0.07648537166771571,1
5787,0.9602986891147814,1,,0
5788,1.0,0,0.654609943806563,1
5789,1.0,0,,0
5790,0.5349068047687734,1,,0
5791,1.0,0,0.28478984758745973,1
5792,1.0,0,,0
5793,0.2058758036320658,1,,0
5794,1.0,0,,0
5795,1.0,0,,0
5796,1.0,0,,0
5797,1.0,0,0.9336918133097897,1
5798,0.23676172727217984,1,,0
5799,0.9565419596869881,1,,0
5800,0.05276636783592607,1,,0
5801,1.0,0,0.7908844097450689,1
5802,1.0,0,,0
5803,1.0,0,0.4774481675441259,1
5804,1.0,0,0.7726342752236883,1
5805,1.0,0,0.049237985622339976,1
5806,1.0,0,0.4949813711972615,1
5807,1.0,0,0.2548520388371011,1
5808,0.614132242607271,1,,0
5809,1.0,0,,0
5810,0.3066515431358571,1,,0
5811,1.0,0,0.7002148085764345,1
5812,0.13493614777806415,1,,0
5813,1.0,0,0.19821882882197245,1
5814,1.0,0,,0
5815,0.532418471219864,1,,0
5816,1.0,0,,0
5817,1.0,0,0.4580316162269587,1
5818,1.0,0,0.658603956509054,1
5819,1.0,0,0.1974128882623548,1
5820,0.05517540486833261,1,,0
5821,0.7774198051988316,1,,0
5822,1.0,0,0.461545361388805,1
5823,1.0,0,,0
5824,1.0,0,,0
5825,0.08827223271029924,1,,0
5826,0.07972766515159306,1,,0
5827,1.0,0,0.8206657555366529,1
5828,1.0,0,,0
5829,1.0,0,,0
5830,1.0,0,0.12239178502244166,1
5831,1.0,0,,0
5832,0.04047401197734819,1,,0
5833,1.0,0,,0
5834,0.04700200666169247,1,,0
5835,1.0,0,0.8772577908953105,1
5836,1.0,0,0.023920796300334002,1
5837,0.04875627567368352,1,,0
5838,0.6550181049804922,1,,0
5839,1.0,0,,0
5840,1.0,0,,0
5841,1.0,0,,0
5842,0.004825216123490111,1,,0
5843,1.0,0,,0
5844,0.29427614095953786,1,,0
5845,1.0,0,0.8538995488135385,1
5846,1.0,0,,0
5847,1.0,0,,0
5848,1.0,0,,0
5849,1.0,0,0.05737565179043696,1
5850,1.0,0,,0
5851,0.8687613456265312,1,,0
5852,0.704082345161925,1,,0
5853,1.0,0,0.7296716303046571,1
5854,1.0,0,,0
5855,0.08859357271372961,1,,0
5856,1.0,0,0.44577533353259147,1
5857,1.0,0,,0
5858,0.47374788805952467,1,0.030843912671907656,1
5859,1.0,0,,0
5860,1.0,0,0.18402391374503724,1
5861,1.0,0,0.8189498673119185,1
5862,1.0,0,,0
5863,1.0,0,,0
5864,1.0,0,,0
5865,1.0,0,0.8647932586195772,1
5866,1.0,0,,0
5867,0.7143705310331097,1,,0
5868,1.0,0,,0
5869,1.0,0,0.4926754893510954,1
5870,1.0,0,,0
5871,1.0,0,0.0656073284740928,1
5872,1.0,0,0.5810967920511717,1
5873,0.07583094399516509,1,,0
5874,0.22048931460361534,1,,0
5875,1.0,0,,0
5876,1.0,0,0.767128865482524,1
5877,1.0,0,0.9215415527525497,1
5878,1.0,0,0.17634518832200702,1
5879,1.0,0,0.8461661875314662,1
5880,1.0,0,0.7615471045110042,1
5881,1.0,0,,0
5882,1.0,0,,0
5883,1.0,0,0.8314559436662929,1
5884,1.0,0,,0
5885,1.0,0,,0
5886,1.0,0,0.9424820655300417,1
5887,1.0,0,,0
5888,1.0,0,0.3538782694359561,1
5889,1.0,0,,0
5890,1.0,0,0.11981012477468475,1
5891,0.8772339265784438,1,,0
5892,0.08197745934697244,1,,0
5893,1.0,0,0.1122288481631215,1
5894,1.0,0,,0
5895,0.14835553046700808,1,,0
5896,1.0,0,,0
5897,1.0,0,0.5998313541916976,1
5898,1.0,0,,0
5899,1.0,0,,0
5900,0.45715650313695627,1,,0
5901,1.0,0,,0
5902,1.0,0,0.7815238057837014,1
5903,0.09697564057298456,1,,0
5904,1.0,0,0.5674154479663803,1
5905,0.9802234512202105,1,0.30462479489426436,1
5906,1.0,0,0.41194103114894876,1
5907,1.0,0,0.3192922730668677,1
5908,0.02770967776694041,1,,0
5909,1.0,0,0.6122324038661324,1
5910,1.0,0,0.5444168327557115,1
5911,1.0,0,,0
5912,1.0,0,0.7802351255545329,1
5913,1.0,0,,0
5914,1.0,0,0.7403516741567535,1
5915,1.0,0,,0
5916,1.0,0,,0
5917,1.0,0,,0
5918,1.0,0,,0
5919,1.0,0,,0
5920,1.0,0,,0
5921,1.0,0,,0
5922,1.0,0,0.2607763091870631,1
5923,1.0,0,,0
5924,1.0,0,,0
5925,1.0,0,,0
5926,1.0,0,,0
5927,1.0,0,,0
5928,1.0,0,,0
5929,0.28704758933385605,1,,0
5930,1.0,0,0.8088740682271188,1
5931,1.0,0,,0
5932,1.0,0,0.5820998121944165,1
5933,1.0,0,,0
5934,1.0,0,,0
5935,0.0030951921574316767,1,,0
5936,1.0,0,,0
5937,1.0,0,0.16140008223631863,1
5938,1.0,0,0.8301004267682507,1
5939,1.0,0,,0
5940,1.0,0,,0
5941,1.0,0,0.8190400263429497,1
5942,1.0,0,,0
5943,1.0,0,0.2072170444622102,1
5944,1.0,0,0.5076351640667739,1
5945,1.0,0,,0
5946,1.0,0,,0
5947,1.0,0,,0
5948,1.0,0,0.7171846335275407,1
5949,1.0,0,,0
5950,1.0,0,0.8830294137495057,1
5951,0.4321114842087701,1,,0
5952,1.0,0,,0
5953,1.0,0,0.7447433362425098,1
5954,0.38683823556408065,1,0.38512428853225555,1
5955,1.0,0,0.5072860441330689,1
5956,1.0,0,0.1760869985576051,1
5957,1.0,0,0.6002123444914819,1
5958,1.0,0,0.7232099375248475,1
5959,1.0,0,0.18925576939266098,1
5960,0.2604757514372218,1,,0
5961,1.0,0,,0
5962,1.0,0,,0
5963,1.0,0,0.1672837008632674,1
5964,1.0,0,,0
5965,0.6509607375156238,1,0.180011676822464,1
5966,0.1738533782359302,1,,0
5967,1.0,0,,0
5968,1.0,0,,0
5969,1.0,0,0.6824740516948838,1
5970,1.0,0,0.5774902911311849,1
5971,1.0,0,,0
5972,1.0,0,,0
5973,1.0,0,,0
5974,1.0,0,0.02359863006994862,1
5975,1.0,0,0.21494116611744699,1
5976,1.0,0,,0
5977,1.0,0,,0
5978,1.0,0,0.1306996225513232,1
5979,1.0,0,0.9167454274714325,1
5980,1.0,0,,0
5981,1.0,0,,0
5982,1.0,0,,0
5983,0.21886174952310983,1,,0
5984,1.0,0,0.7486223687253559,1
5985,1.0,0,0.49792155851202724,1
5986,1.0,0,,0
5987,1.0,0,,0
5988,1.0,0,,0
5989,1.0,0,0.06364678065567081,1
5990,0.017491121590472464,1,,0
5991,1.0,0,0.30596557801156454,1
5992,1.0,0,0.8852979603115523,1
5993,1.0,0,,0
5994,1.0,0,,0
5995,0.09845586472778194,1,,0
5996,1.0,0,,0
5997,1.0,0,0.24871928769485943,1
5998,1.0,0,,0
5999,1.0,0,0.7281949876113321,1
