pid,age,male,cci,stage4,A,drug,op,inp,cost,td,pfs,mpf,mpd,c_pfstate,c_pdstate,cdate,cost_c
R0001,71.0,1,1,1,1,1205.0,261.8,507.2,1974.0,6.445196342795913,6.445196342795913,6.445196342795913,0.0,261.76409381335975,0.0,18.28371899280616,1974.0
R0002,72.0,0,1,0,1,858.5,93.8,1221.3,2173.6,4.109030597748276,4.109030597748276,4.109030597748276,0.0,93.77457825544033,0.0,28.811128711822448,2173.7
R0003,68.0,1,1,0,1,1807.5,164.5,0.0,1972.0,55.39642335269215,36.35974736476817,12.0,0.0,164.46699631694125,0.0,9.459830705271209,1635.9
R0004,60.0,1,1,0,1,2213.5,260.2,0.0,2473.7,21.166717907359924,21.166717907359924,12.0,0.0,260.1720826909915,0.0,28.767586731293854,2473.7
R0005,78.0,0,3,1,0,1424.2,269.7,0.0,1693.9,19.385970865752775,19.385970865752775,12.0,0.0,269.6943579258684,0.0,13.483954848251651,1693.9
R0006,56.0,1,2,1,0,377.7,1833.7,5312.9,7524.3,17.439882075605748,3.3905736810906144,3.3905736810906144,8.609426318909385,104.42249013863875,7042.120384813201,16.159834775341814,7524.2
R0007,51.0,0,0,0,1,1876.8,438.4,0.0,2315.2,27.505618677769796,10.113734493565126,10.113734493565126,1.8862655064348743,197.80347309669952,240.59611510985243,25.864862251690603,2315.2
R0008,65.0,1,2,1,1,181.9,3115.8,7349.3,10647.0,36.539837409856965,0.1625925329433107,0.1625925329433107,11.83740746705669,6.54845636193672,10458.61665710582,15.82077927285987,10647.0
R0009,61.0,1,1,0,0,1432.8,375.3,0.0,1808.1,30.035943450032633,30.035943450032633,12.0,0.0,375.3254708036298,0.0,19.190248504153427,1808.2
R0010,50.0,0,2,1,0,1277.2,349.6,347.1,1973.9,48.07401364695159,31.186543551956404,12.0,0.0,696.6700885813677,0.0,6.661418717833641,939.1
R0011,62.0,1,0,1,1,187.8,4.0,90.7,282.5,0.4632253451425003,0.4632253451425003,0.4632253451425003,0.0,3.9755394483615887,0.0,24.084314608195356,282.5
R0012,62.0,1,2,1,1,2050.1,210.3,3319.2,5579.6,11.18221095571633,11.18221095571633,11.18221095571633,0.0,210.29364123109292,0.0,18.915439517262676,5579.6
R0013,60.0,0,1,1,1,1833.6,896.6,461.5,3191.7,43.483408394491036,9.418653139676358,9.418653139676358,2.5813468603236416,783.1893575447615,574.9576440841374,13.913561195978211,3191.7
R0014,62.0,1,1,1,0,470.7,58.3,1496.6,2025.6,3.2421587784059644,3.2421587784059644,3.2421587784059644,0.0,58.282799087670284,0.0,24.922288882281705,2025.6
R0015,67.0,1,2,0,1,2278.3,208.7,0.0,2487.0,21.532638713837652,21.532638713837652,12.0,0.0,208.6726453132432,0.0,13.276675902999479,2486.9
R0016,47.0,0,2,0,0,1266.6,248.1,0.0,1514.7,48.868465524281355,48.868465524281355,12.0,0.0,248.10464161226284,0.0,16.883949347535637,1514.7
R0017,64.0,1,0,1,0,1214.9,365.5,264.6,1845.0,24.818375559409226,24.818375559409226,12.0,0.0,365.48107874405486,0.0,9.217000733931954,1557.7
R0018,71.0,1,3,1,1,413.1,70.4,2188.6,2672.1,2.015541211698645,2.015541211698645,2.015541211698645,0.0,595.7881343801805,0.0,15.674711674731101,2672.1
R0019,74.0,1,2,0,1,908.6,1054.0,1648.4,3611.0,60.433499673498815,4.409661237012789,4.409661237012789,7.590338762987211,86.20824255891004,2616.1698385012924,10.88292577622759,1820.1
R0020,68.0,0,4,0,0,1343.6,615.5,1554.1,3513.2,32.654665928679236,32.654665928679236,12.0,0.0,2169.6035253718837,0.0,12.295520170604387,3513.2
R0021,69.0,1,3,1,0,467.8,446.4,281.8,1196.0,95.54722547395147,4.420908264238141,4.420908264238141,7.579091735761859,36.64578765939985,691.5269526384045,24.008752143121264,1196.0
R0022,57.0,1,2,0,0,476.9,366.2,265.1,1108.2,22.92744565311398,6.674223498889636,6.674223498889636,5.325776501110364,324.1326310657245,307.2009820706769,12.729810191664958,1108.3
R0023,44.0,1,0,0,1,2240.4,106.2,95.6,2442.2,22.03200345326554,22.03200345326554,12.0,0.0,106.209283381678,0.0,17.64458338635924,2442.3
R0024,59.0,1,1,0,0,1380.4,625.8,0.0,2006.2,106.12672913138873,31.82890278446905,12.0,0.0,625.792695111352,0.0,29.537692795229727,2006.2
R0025,85.0,1,4,0,0,584.2,1855.7,5494.7,7934.6,23.06901782047113,4.32210875669409,4.32210875669409,7.67789124330591,1958.1091809636237,3651.042123122693,29.07977264793088,7934.6
R0026,75.0,1,3,0,0,473.6,3176.1,1236.1,4885.8,40.929756427543346,3.0902127677307187,3.0902127677307187,8.90978723226928,1396.4334570229455,3015.685996225761,23.394958578564808,4885.7
R0027,62.0,1,1,1,1,1299.6,49.6,403.4,1752.6,7.523875275752697,7.523875275752697,7.523875275752697,0.0,49.63688406007811,0.0,18.98944453313842,1752.6
R0028,65.0,1,1,0,0,1228.6,108.5,0.0,1337.1,27.02738488330319,16.923997565824855,12.0,0.0,108.46902510405992,0.0,12.6453888970889,1337.1
R0029,63.0,1,3,1,1,919.9,98.5,1392.4,2410.8,4.84376296460706,4.84376296460706,4.84376296460706,0.0,98.47445885898823,0.0,9.855648210603045,2410.8
R0030,58.0,1,0,1,0,1429.9,500.6,0.0,1930.5,41.20890406585308,24.535448151491074,12.0,0.0,500.5687607930379,0.0,29.278209917187183,1930.5
R0031,71.0,0,1,1,0,1337.5,146.3,0.0,1483.8,29.342469518613647,26.380941466497745,12.0,0.0,146.25258388069372,0.0,18.385646053149088,1483.8
R0032,65.0,1,0,1,1,2279.5,716.2,0.0,2995.7,38.41757961804662,38.41757961804662,12.0,0.0,716.238084757458,0.0,8.780774699298487,2233.7
R0033,71.0,1,3,1,0,1197.5,474.6,0.0,1672.1,29.28822429519623,29.28822429519623,12.0,0.0,474.5692500128831,0.0,20.96375413290001,1672.1
R0034,61.0,1,3,0,0,1379.5,71.1,515.5,1966.1,68.6952285389353,57.66770043420807,12.0,0.0,586.6242569458326,0.0,24.64039474421515,1966.2
R0035,53.0,1,1,0,0,1387.6,307.5,0.0,1695.1,15.917390169115672,15.917390169115672,12.0,0.0,307.5279957746484,0.0,20.712079225272973,1695.1
R0036,77.0,0,1,1,0,1011.3,398.4,113.7,1523.4,15.848194270907271,9.326206447832796,9.326206447832796,2.6737935521672043,252.48895720814693,259.56253254206285,28.015144914981665,1523.4
R0037,59.0,0,2,1,1,2179.4,101.0,0.0,2280.4,34.04295562569761,25.177329879883377,12.0,0.0,100.9814493541538,0.0,6.950229039940869,1329.8
R0038,47.0,1,2,0,1,2264.6,383.3,0.0,2647.9,157.48127881879157,30.02470630756465,12.0,0.0,383.27937632337523,0.0,18.68614231824052,2647.9
R0039,72.0,1,1,0,1,1860.3,254.9,0.0,2115.2,38.249962443012215,14.586693678065327,12.0,0.0,254.92559133300546,0.0,17.02406118924969,2115.2
R0040,73.0,1,2,0,0,1367.7,326.4,0.0,1694.1,27.967695357444477,27.967695357444477,12.0,0.0,326.39725480892315,0.0,7.496389899597014,1115.7
R0041,70.0,1,1,1,0,1189.5,686.0,0.0,1875.5,48.76536664910988,10.530814960021983,10.530814960021983,1.4691850399780169,359.1756643516867,326.8021029502557,21.391876059344998,1875.4
R0042,66.0,0,0,1,0,236.3,552.1,405.9,1194.3,6.842743338961444,1.7476049378267577,1.7476049378267577,5.095138401134687,27.584133533980747,524.4879222822461,26.46318812353576,1194.3
R0043,73.0,1,1,1,0,222.3,630.2,0.0,852.5,40.47611987162071,1.2522358805940899,1.2522358805940899,10.747764119405911,11.0603603841665,619.1055309121568,20.230584434502816,852.5
R0044,64.0,1,2,1,0,297.6,86.0,3748.2,4131.8,2.245865191531345,2.245865191531345,2.245865191531345,0.0,86.03660742312691,0.0,12.242338745693356,4131.9
R0045,75.0,1,1,1,0,228.6,1209.6,0.0,1438.2,21.468440237929354,1.1643930849740751,1.1643930849740751,10.835606915025926,19.608155457484223,1190.018707045903,26.15715650475381,1438.3
R0046,65.0,1,2,0,0,328.5,25.8,352.6,706.9,2.3973768628480223,2.3973768628480223,2.3973768628480223,0.0,25.782933278765835,0.0,18.227901156516225,706.8
R0047,57.0,1,0,0,0,1389.3,171.0,1142.2,2702.5,45.95310210242007,18.312119346729137,12.0,0.0,1104.2547133832659,0.0,18.261333227196793,2702.5
R0048,74.0,1,2,0,1,1929.6,363.1,0.0,2292.7,162.37438290570452,41.07128890679824,12.0,0.0,363.0991152862913,0.0,24.072724984852268,2292.7
R0049,62.0,0,1,1,0,117.5,745.5,1611.7,2474.7,10.323126364853522,0.665869529538725,0.665869529538725,9.657256835314797,7.798936360689961,1505.5952119161366,9.550128858838956,1571.8
R0050,67.0,0,0,0,0,714.5,430.6,0.0,1145.1,39.16985309840437,7.086960869067971,7.086960869067971,4.913039130932029,77.99078051643983,352.6118295842317,25.671041258862648,1145.1
R0051,66.0,1,1,1,1,2268.5,422.0,228.7,2919.2,28.050832095027975,16.097831286151592,12.0,0.0,650.7570706876384,0.0,22.39888574407817,2919.3
R0052,71.0,1,1,0,0,186.1,449.6,759.8,1395.5,4.717391417479512,1.1131101599826885,1.1131101599826885,3.604281257496824,20.328497166512584,429.288469085252,24.890326597315223,1395.5
R0053,73.0,1,4,0,0,582.1,1020.0,229.6,1831.7,64.14467147978922,4.238236272200786,4.238236272200786,7.761763727799214,78.802302874197,1170.8203393165272,10.598790216483245,1432.2
R0054,57.0,1,1,1,1,2199.1,91.3,512.3,2802.7,92.57783605109049,11.755700280233981,11.755700280233981,0.24429971976601905,80.3597289160046,10.891215465873682,25.25673986722872,2802.7
R0055,60.0,1,0,0,1,863.8,1248.3,771.2,2883.3,74.4268459719501,4.674846556918174,4.674846556918174,7.325153443081826,111.26159515794497,1531.7580258660269,10.591774225372806,2664.6
R0056,72.0,1,2,1,1,1935.8,113.6,414.4,2463.8,11.565508777963506,11.565508777963506,11.565508777963506,0.0,113.59557571281739,0.0,7.957262816724305,1368.7
R0057,60.0,0,3,0,0,576.2,1612.0,2662.6,4850.8,83.81140049628245,4.887255955145226,4.887255955145226,7.112744044854774,2816.226528507899,1458.362795907832,26.525447382889684,4850.8
R0058,53.0,1,0,1,1,712.3,1063.4,5724.6,7500.3,51.34398314928955,3.029377668715446,3.029377668715446,8.970622331284554,52.35229873388787,6735.672259031119,26.67080390826404,7500.4
R0059,56.0,1,1,1,1,1946.0,460.3,102.1,2508.4,41.064098122228046,41.064098122228046,12.0,0.0,562.3854823497927,0.0,27.036890313997933,2508.4
R0060,70.0,1,0,1,1,1860.1,151.0,0.0,2011.1,68.88698839663157,31.09320607044939,12.0,0.0,150.98873017405384,0.0,17.325833264610964,2011.1
R0061,68.0,1,0,1,1,559.7,2957.0,3476.1,6992.8,25.55880123492951,2.3093961725422583,2.3093961725422583,9.690603827457743,705.5554940326667,5727.580786648303,12.57716132672924,6992.8
R0062,65.0,1,3,1,1,1828.1,1220.4,198.9,3247.4,50.94676631796591,9.503215324166385,9.503215324166385,2.4967846758336147,449.7573551635334,969.5262520683066,6.17020388647599,1571.7
R0063,60.0,1,1,0,1,1906.3,201.0,248.4,2355.7,56.699129891506274,32.03909806431295,12.0,0.0,200.95591316260342,0.0,21.497301493798748,2355.7
R0064,65.0,1,2,1,1,915.1,1543.5,121.9,2580.5,48.575963733555525,4.270213208425254,4.270213208425254,7.729786791574746,242.39718621904336,1423.0078159950876,23.277825204208632,2580.5
R0065,72.0,0,1,1,0,659.5,948.9,2862.2,4470.6,18.60142980482541,6.874800193885396,6.874800193885396,5.125199806114604,161.86903810281697,3649.2376768039767,26.05366119600658,4470.6
R0066,73.0,1,0,1,0,478.8,84.4,3180.2,3743.4,3.9025691037241645,3.9025691037241645,3.9025691037241645,0.0,84.37785005681083,0.0,12.765067856749011,3743.5
R0067,49.0,1,1,1,1,1852.8,652.0,945.9,3450.7,43.455737622775764,20.53385173981788,12.0,0.0,903.8270521654428,0.0,11.165236011911366,3405.2
R0068,67.0,1,2,0,1,170.8,1726.4,1552.3,3449.5,128.48211364267826,0.05622218265820002,0.05622218265820002,11.9437778173418,1.24518081265627,3277.4295852051273,21.34395312159811,3449.5
R0069,67.0,0,2,0,0,955.6,687.0,454.1,2096.7,44.221404409696056,7.713956491953478,7.713956491953478,4.286043508046522,602.6662331761277,538.4483191206862,25.321315995480234,2096.7
R0070,57.0,1,2,1,1,1676.6,1009.0,496.9,3182.5,79.95884884732921,8.837247652953108,8.837247652953108,3.162752347046892,799.511095572166,706.3806906948358,29.1281009482793,3182.5
R0071,67.0,1,0,1,1,181.3,924.9,520.0,1626.2,62.563183770460405,0.1256504504610626,0.1256504504610626,11.874349549538938,1.4981887370444893,1443.397920931663,9.61259593010826,920.5
R0072,60.0,1,1,0,0,1191.2,141.7,340.3,1673.2,10.610278986503827,10.610278986503827,10.610278986503827,0.0,141.65145186532544,0.0,17.57309731678408,1673.2
R0073,78.0,0,0,0,0,278.1,86.8,0.0,364.9,2.8407623395034447,2.8407623395034447,2.8407623395034447,0.0,86.81895048229654,0.0,27.473180692708162,364.9
R0074,67.0,1,1,0,1,2117.8,305.3,0.0,2423.1,30.877617004715937,21.477702963396954,12.0,0.0,305.2676588473696,0.0,16.145205766690495,2423.0
R0075,59.0,0,0,1,0,1355.5,124.3,0.0,1479.8,30.369663414888336,28.480192957147793,12.0,0.0,124.34032356662382,0.0,20.148049490017154,1479.9
R0076,63.0,0,0,0,0,347.6,33.5,130.5,511.6,2.393888725590071,2.393888725590071,2.393888725590071,0.0,33.52630833658043,0.0,6.587776259840717,511.7
R0077,61.0,1,3,1,0,528.0,1335.8,319.6,2183.4,38.06184252942259,4.84958213612705,4.84958213612705,7.15041786387295,125.82598491075994,1529.4972818352924,22.163037291670534,2183.3
R0078,57.0,1,2,0,1,2190.1,401.9,0.0,2592.0,50.29135779857529,18.86524755912144,12.0,0.0,401.88081767709116,0.0,28.05812687121174,2592.0
R0079,52.0,1,0,1,1,2202.4,221.4,73.3,2497.1,100.89962430093779,49.8158148233552,12.0,0.0,294.7058252184255,0.0,25.843807909361306,2497.1
R0080,78.0,1,5,1,0,1281.8,1136.3,1460.8,3878.9,11.668007976994698,10.035403759284662,10.035403759284662,1.6326042177100355,551.3262592938921,584.9492182969738,27.252486401038723,3878.8
R0081,88.0,1,2,1,0,881.3,180.6,1249.0,2310.9,7.038836797666447,7.038836797666447,7.038836797666447,0.0,180.63466008779818,0.0,21.84852913249256,2310.9
R0082,84.0,1,4,1,0,1436.8,89.5,223.6,1749.9,21.138771496513744,21.138771496513744,12.0,0.0,313.0791108188604,0.0,11.893254413836262,1749.1
R0083,59.0,1,3,0,0,1147.8,346.2,356.6,1850.6,36.45866260257521,19.278522823629416,12.0,0.0,346.1564975974388,0.0,24.444407973510103,1850.5
R0084,75.0,1,2,1,0,587.6,41.6,1305.5,1934.7,4.573271460312319,4.573271460312319,4.573271460312319,0.0,858.430211491385,0.0,11.080193822580252,1934.6
R0085,60.0,0,0,1,0,107.9,1035.5,2564.8,3708.2,48.7807099057457,0.7480143368243236,0.7480143368243236,11.251985663175676,10.449081072596394,3238.0567796484474,25.950596031947068,3708.3
R0086,74.0,1,0,1,0,115.9,4.0,1636.5,1756.4,0.2779197176063715,0.2779197176063715,0.2779197176063715,0.0,3.9641828915954993,0.0,7.505230141698438,1756.3
R0087,45.0,1,0,1,0,306.8,767.1,0.0,1073.9,181.9047332422511,2.126166537689422,2.126166537689422,9.873833462310579,24.51752528533471,742.5549097834639,25.81170752144534,1073.8
R0088,60.0,1,0,1,1,2208.3,99.5,0.0,2307.8,40.88879647691653,17.834853994880664,12.0,0.0,99.54768436149453,0.0,9.94817439537843,1922.8
R0089,59.0,1,1,1,0,1035.8,411.3,0.0,1447.1,41.16529181764863,8.827010905468203,8.827010905468203,3.172989094531797,122.97419578775242,288.29182700550376,15.003527915919404,1447.1
R0090,66.0,1,1,1,0,718.1,1383.1,1452.8,3554.0,27.200229694572013,5.425213824264525,5.425213824264525,6.574786175735475,155.33985107984606,1227.753217986161,13.601715997367144,3554.0
R0091,66.0,1,2,1,0,1039.0,498.0,304.4,1841.4,41.48911621845637,8.608568441439282,8.608568441439282,3.3914315585607184,139.52481846340697,662.8933137602554,22.59208884666579,1841.4
R0092,78.0,1,2,1,1,1485.3,549.6,1727.7,3762.6,46.53737325754296,7.624163269971704,7.624163269971704,4.375836730028296,115.87666305673012,2161.400413213858,10.285725076184926,3508.4
R0093,59.0,0,3,1,0,113.6,418.1,948.0,1479.7,2.669788798099707,0.49043388276869326,0.49043388276869326,2.1793549153310137,13.946078707729416,404.16902854645974,15.510147893207675,1479.8
R0094,60.0,0,0,0,1,2232.1,133.8,0.0,2365.9,73.74183649056496,25.48103733529656,12.0,0.0,133.79008261126205,0.0,6.139790282591543,1370.5
R0095,58.0,1,0,1,1,2178.3,100.3,0.0,2278.6,68.41052439864309,29.448306392301696,12.0,0.0,100.34149590466448,0.0,12.299873106002437,2278.6
R0096,55.0,1,2,1,0,119.2,3487.3,521.0,4127.5,12.426779936302596,0.5887164262864848,0.5887164262864848,11.411283573713515,548.4019157308219,3459.932942251636,16.108531541494926,4127.5
R0097,67.0,0,3,0,0,109.5,1333.6,324.3,1767.4,71.25086802749887,0.7756472412321743,0.7756472412321743,11.224352758767825,13.982094049974382,1643.9056489977338,8.542109680975788,1036.6
R0098,53.0,1,1,0,1,2144.2,358.7,0.0,2502.9,117.78970468574461,28.903458239560447,12.0,0.0,358.7178321572993,0.0,21.19583870487739,2503.0
R0099,57.0,0,0,0,1,1972.2,308.6,0.0,2280.8,78.29791433205915,78.29791433205915,12.0,0.0,308.58399369794046,0.0,15.130182477276776,2280.7
R0100,68.0,0,0,0,0,927.8,435.2,1526.9,2889.9,138.0817563163192,8.600098872635355,8.600098872635355,3.399901127364645,121.6148822408419,1840.4425396236095,23.407054513829735,2889.9
R0101,69.0,0,0,1,0,1392.4,164.7,0.0,1557.1,53.632130408017815,12.199820298833759,12.0,0.0,164.74203699150567,0.0,21.692784265641464,1557.1
R0102,60.0,1,0,1,1,1727.1,112.6,704.6,2544.3,42.48140868906333,42.48140868906333,12.0,0.0,112.63319465709831,0.0,16.34944197065775,2544.3
R0103,55.0,0,0,1,1,992.7,171.0,231.4,1395.1,6.468092843091048,5.634169325040239,5.634169325040239,0.8339235180508089,86.98976042577783,83.97072151491615,26.81569213541278,1395.0
R0104,67.0,1,1,0,0,1303.7,398.7,221.8,1924.2,94.74286663671667,34.868576369570036,12.0,0.0,620.5358892342441,0.0,21.17124282000401,1924.2
R0105,53.0,1,2,1,0,337.6,912.2,727.8,1977.6,52.11334953647836,2.5000855530794985,2.5000855530794985,9.499914446920501,35.380954384192314,1604.5455841029911,25.44658445055118,1977.5
R0106,64.0,1,1,1,1,2173.4,280.6,0.0,2454.0,105.59696891858825,34.477912860133465,12.0,0.0,280.6389267363597,0.0,14.203073374562713,2454.0
R0107,76.0,1,0,1,0,393.6,92.6,1136.5,1622.7,3.779145240974249,3.779145240974249,3.779145240974249,0.0,92.61965799058541,0.0,19.048062952042933,1622.8
R0108,77.0,1,1,0,0,188.6,1770.4,2378.3,4337.3,48.888003692959444,1.8915122031986291,1.8915122031986291,10.10848779680137,49.37980704729392,4099.323260835642,10.711125242754083,3287.8
R0109,76.0,0,6,1,0,465.9,189.2,1716.9,2372.0,3.6802928150297958,3.6802928150297958,3.6802928150297958,0.0,280.8588657652424,0.0,29.907388562847068,2372.0
R0110,53.0,1,1,1,1,2208.1,509.5,0.0,2717.6,30.638644109896344,13.029636748816054,12.0,0.0,509.5435257284218,0.0,11.837171143351851,2710.7
R0111,74.0,1,3,1,0,105.5,129.0,0.0,234.5,1.0046743762468218,0.9424098905825883,0.9424098905825883,0.06226448566423348,90.1353926845081,38.83822270593852,12.164819213450466,234.5
R0112,55.0,1,0,1,1,505.1,726.6,481.4,1713.1,34.167129297681335,2.4380660320092025,2.4380660320092025,9.561933967990797,27.337986621013194,1180.6441923136085,7.756561737383183,1402.8
R0113,71.0,1,1,0,0,698.5,103.7,1231.3,2033.5,5.6276483163138655,5.6276483163138655,5.6276483163138655,0.0,103.66498095452314,0.0,12.187274855921679,2033.5
R0114,62.0,0,3,1,0,1175.6,215.8,480.6,1872.0,29.56794930120568,10.576194410178644,10.576194410178644,1.423805589821356,595.4882965144841,100.89713154889994,24.315084781057276,1872.0
R0115,55.0,1,1,1,0,1381.3,294.8,0.0,1676.1,20.56995271389968,20.56995271389968,12.0,0.0,294.7970874739708,0.0,22.749445696393952,1676.1
R0116,65.0,1,3,1,0,583.9,52.0,705.5,1341.4,4.717609726862873,4.717609726862873,4.717609726862873,0.0,51.95676868401251,0.0,9.088157095612067,1341.3
R0117,88.0,1,2,1,0,110.8,904.4,1029.7,2044.9,17.990920470297667,0.3818259929224162,0.3818259929224162,11.618174007077585,4.534726147024251,1929.6175824334646,15.029724034274262,2045.0
R0118,50.0,0,2,1,1,2113.9,309.1,0.0,2423.0,47.58827113903579,11.553697124419608,11.553697124419608,0.4463028755803915,246.8891916012161,62.19768309814254,16.10211347081911,2423.0
R0119,61.0,0,1,1,0,1379.8,238.5,396.6,2014.9,18.75682097714278,18.75682097714278,12.0,0.0,635.0867018914847,0.0,21.95962191268706,2014.9
R0120,66.0,1,1,1,0,1006.6,438.9,0.0,1445.5,42.22189182697914,8.341830398809094,8.341830398809094,3.658169601190906,113.69665853266919,325.17234654068506,16.942295113049973,1445.4
R0121,54.0,1,0,1,1,1963.2,193.9,825.2,2982.3,34.50792376857063,34.50792376857063,12.0,0.0,193.91201170043732,0.0,20.076439843812754,2982.4
R0122,67.0,1,2,0,0,284.4,1671.0,1708.1,3663.5,44.8506415167649,2.481158568186275,2.481158568186275,9.518841431813724,64.2189636927382,3314.8578413041346,26.152430486614616,3663.4
R0123,53.0,1,1,1,0,346.6,57.3,139.2,543.1,2.9069820085379448,2.9069820085379448,2.9069820085379448,0.0,57.29886080634174,0.0,23.435366647496892,543.1
R0124,61.0,1,1,1,1,359.3,1233.5,0.0,1592.8,19.639442796271155,1.181638999887543,1.181638999887543,10.818361000112457,20.318210107540168,1213.1807848201192,14.760174324205416,1592.8
R0125,77.0,0,3,0,1,1469.7,874.0,452.6,2796.3,13.296813418457992,7.1408400879038085,7.1408400879038085,4.8591599120961915,160.7184513252667,1165.8673835975387,16.761511424267624,2796.3
R0126,60.0,0,0,1,0,816.9,972.4,2333.0,4122.3,68.35518296179087,6.102584860067208,6.102584860067208,5.897415139932792,203.3366363362503,3102.0950415856137,14.824789672560158,4122.3
R0127,69.0,1,1,0,1,2249.6,231.4,242.2,2723.2,26.864836444630225,25.50715500592848,12.0,0.0,287.25557119328766,0.0,8.633631936160722,2040.1
R0128,70.0,1,3,1,1,2189.1,297.7,0.0,2486.8,37.02757011805321,36.15281633655162,12.0,0.0,297.6957283194808,0.0,10.877797058097517,2276.5
R0129,67.0,1,0,1,1,1789.9,109.1,0.0,1899.0,59.17107627977491,59.17107627977491,12.0,0.0,109.09516507194043,0.0,12.811355734659145,1899.0
R0130,52.0,1,0,0,1,1903.0,128.9,0.0,2031.9,66.78087383115165,66.78087383115165,12.0,0.0,128.85368612901533,0.0,13.539213494455254,2031.8
R0131,73.0,1,2,1,1,563.7,103.7,0.0,667.4,2.8456136218476793,2.8456136218476793,2.8456136218476793,0.0,103.663425082098,0.0,13.513148611678504,667.4
R0132,61.0,1,2,1,0,921.4,722.0,0.0,1643.4,46.11952858707766,7.866928855623809,7.866928855623809,4.133071144376191,163.11835713855191,558.8997562206663,19.840793190070848,1643.4
R0133,73.0,1,2,1,0,583.4,129.8,309.9,1023.1,5.930537764717395,5.930537764717395,5.930537764717395,0.0,129.81853221833666,0.0,29.32055941487411,1023.1
R0134,60.0,0,2,0,0,274.9,1809.4,3336.0,5420.3,27.19212953655053,2.189035719256293,2.189035719256293,9.810964280743708,845.0230692339842,4300.3827641990865,24.591939238169566,5420.3
R0135,52.0,1,1,1,1,1355.0,61.2,678.8,2095.0,7.090555776153887,7.090555776153887,7.090555776153887,0.0,61.22596940064263,0.0,24.987214756147324,2095.0
R0136,47.0,1,0,0,1,1564.6,324.6,0.0,1889.2,230.9095034700367,19.53272354016181,12.0,0.0,324.62392249389546,0.0,24.222444012949918,1889.2
R0137,61.0,0,2,1,0,575.6,1327.9,597.7,2501.2,11.8265433939091,4.659018009437599,4.659018009437599,7.167525384471501,120.35812786591228,1442.1424749931437,20.327705532570153,2501.3
R0138,61.0,1,2,1,1,1603.7,199.5,0.0,1803.2,30.537428158479592,18.519169435765438,12.0,0.0,199.4730195458303,0.0,28.024614172101906,1803.1
R0139,73.0,0,4,0,0,224.8,153.6,520.4,898.8,1.9375504762723852,1.9375504762723852,1.9375504762723852,0.0,153.59028436950226,0.0,22.55112373072994,898.7
R0140,65.0,1,0,1,0,1345.8,409.9,0.0,1755.7,47.58208151123622,47.58208151123622,12.0,0.0,409.92057721290587,0.0,18.008554337684902,1755.8
R0141,72.0,1,2,0,0,1430.5,458.5,0.0,1889.0,34.35371234386819,34.35371234386819,12.0,0.0,458.51052537667425,0.0,7.85001140401293,1253.6
R0142,54.0,1,1,0,0,1429.5,194.0,382.2,2005.7,31.027937232914592,17.803205845187843,12.0,0.0,194.03454039566404,0.0,17.722781450052572,2005.7
R0143,62.0,1,0,1,0,215.4,988.8,1189.5,2393.7,14.702931295732288,1.9117980882465266,1.9117980882465266,10.088201911753472,27.921182277879932,2150.4096778018093,11.107943888168023,2308.7
R0144,61.0,1,1,1,1,2211.7,404.8,0.0,2616.5,25.951110458773844,13.463021089775388,12.0,0.0,404.77030071248043,0.0,9.184711141122893,2152.9
R0145,53.0,1,2,0,0,1296.2,620.5,0.0,1916.7,109.33136597713164,19.79435089543806,12.0,0.0,620.450088088277,0.0,18.14555814070495,1916.7
R0146,57.0,1,1,0,0,1397.6,259.9,315.6,1973.1,176.9859841976875,15.218949794279872,12.0,0.0,259.87865498975304,0.0,24.842047022327016,1973.1
R0147,67.0,1,4,1,0,1165.6,261.0,2905.0,4331.6,10.218214924959502,10.218214924959502,10.218214924959502,0.0,260.9881825895001,0.0,13.080154627332467,4331.6
R0148,44.0,0,1,1,1,1904.6,246.6,0.0,2151.2,150.2418346286568,22.315277718737015,12.0,0.0,246.63274633856912,0.0,24.450522237819996,2151.2
R0149,63.0,1,1,1,0,1409.8,412.2,0.0,1822.0,85.97616414504752,47.18280010659839,12.0,0.0,412.161871706783,0.0,18.615108555894096,1822.0
R0150,59.0,0,0,0,0,1421.2,152.1,0.0,1573.3,53.59585873929422,20.37673959272676,12.0,0.0,152.1056769436441,0.0,9.577152560897101,1305.7
R0151,58.0,1,1,0,0,585.6,1829.0,5352.6,7767.2,41.143619740003864,4.7755532714532904,4.7755532714532904,7.2244467285467096,168.32299135505343,5018.680274855462,29.159225855513657,7767.3
R0152,71.0,0,0,0,0,1184.2,720.5,0.0,1904.7,40.01475107932338,36.209269681332536,12.0,0.0,720.531606424736,0.0,15.63926937332442,1904.7
R0153,62.0,1,4,0,0,1411.3,290.1,162.2,1863.6,24.388885078908412,24.388885078908412,12.0,0.0,452.3168100541898,0.0,13.0856221359047,1863.6
R0154,67.0,0,1,1,0,239.7,1349.0,1504.8,3093.5,16.72912739271691,1.3609460077259974,1.3609460077259974,10.639053992274002,247.8629761805569,2605.909678644228,26.32796089520951,3093.4
R0155,51.0,1,0,0,1,1797.8,711.3,0.0,2509.1,83.7958802745645,9.704879647546981,9.704879647546981,2.2951203524530186,279.76460293335936,431.4907579041753,8.987047980371516,1877.1
R0156,56.0,0,1,1,1,330.6,25.4,0.0,356.0,1.6684112033151444,1.6684112033151444,1.6684112033151444,0.0,25.385529578210114,0.0,23.606171065768883,356.0
R0157,79.0,1,1,0,0,1042.1,190.3,1786.9,3019.3,8.888073225062387,8.888073225062387,8.888073225062387,0.0,190.334784587632,0.0,10.50779382157124,3019.3
R0158,66.0,0,3,1,1,2239.5,391.2,0.0,2630.7,23.125019275537593,17.735551158817366,12.0,0.0,391.23867961257025,0.0,15.41980262430198,2630.7
R0159,61.0,0,2,0,0,117.5,6.9,1019.9,1144.3,0.8957867230782215,0.8957867230782215,0.8957867230782215,0.0,6.909497889158135,0.0,11.565597083091323,1144.3
R0160,76.0,0,3,0,0,687.3,3613.1,0.0,4300.4,29.905113966394,5.669146010796179,5.669146010796179,6.330853989203821,436.2033021358775,3176.8523215939713,26.189471824617286,4300.4
R0161,60.0,0,0,1,1,2270.5,236.8,407.5,2914.8,18.502304832670568,18.502304832670568,12.0,0.0,236.75363343835906,0.0,15.361789246556683,2914.8
R0162,52.0,0,0,0,1,2122.0,464.1,585.8,3171.9,256.4839886163549,71.84536200196996,12.0,0.0,464.1229102584813,0.0,29.392627509174943,3171.9
R0163,66.0,0,1,1,0,845.1,898.4,1684.9,3428.4,19.344993218735475,7.293162105740066,7.293162105740066,4.706837894259934,172.47817040933353,2410.879303098134,21.006275625962562,3428.5
R0164,55.0,1,1,0,0,1302.5,224.0,0.0,1526.5,81.84848005307168,16.963287882341792,12.0,0.0,224.02690072980832,0.0,22.646948032869965,1526.5
R0165,76.0,1,2,0,0,1370.0,173.8,357.1,1900.9,15.65465887863018,15.65465887863018,12.0,0.0,250.90776451095599,0.0,18.51660293117802,1900.9
R0166,57.0,0,1,0,1,2250.0,265.6,0.0,2515.6,115.7232616268623,13.328308910035512,12.0,0.0,265.6204181203158,0.0,13.415236777814187,2515.6
R0167,60.0,1,0,1,0,117.1,1030.9,1332.0,2480.0,51.58633896381494,0.31685161248349686,0.31685161248349686,11.683148387516503,4.269120054946033,2358.591041111818,15.49335410525829,2480.0
R0168,69.0,1,2,1,0,1375.6,212.9,0.0,1588.5,28.90093335721458,14.259878975470464,12.0,0.0,212.87893404904938,0.0,28.582420503885643,1588.5
R0169,64.0,0,1,1,0,107.7,6.4,924.9,1039.0,0.18631165842919042,0.18631165842919042,0.18631165842919042,0.0,6.419415342061023,0.0,10.828876817391947,1039.1
R0170,81.0,1,1,1,0,1428.1,159.6,0.0,1587.7,95.28188495454658,12.821229744285695,12.0,0.0,159.60358783428637,0.0,29.717253629285096,1587.7
R0171,46.0,1,1,1,0,342.6,1302.4,0.0,1645.0,65.42949682372611,2.2807944187010687,2.2807944187010687,9.719205581298931,45.23491833926183,1257.1348344045057,24.19934068809164,1645.0
R0172,54.0,1,2,1,0,119.4,1783.0,3229.6,5132.0,13.135916422431013,0.0159721863517252,0.0159721863517252,11.984027813648275,0.36429758658964084,5012.229143564846,14.634886235822645,5132.0
R0173,57.0,0,0,0,1,1980.8,374.7,0.0,2355.5,241.50429565512437,16.456279275679332,12.0,0.0,374.7175476754137,0.0,21.39632614813448,2355.6
R0174,69.0,1,1,1,0,585.3,929.0,517.3,2031.6,10.967910795579067,4.05885894445873,4.05885894445873,6.909051851120338,76.76590679053126,1107.2731976624991,15.1435569430341,2031.5
R0175,78.0,0,2,0,1,167.5,2457.6,2729.3,5354.4,69.17327162227224,0.2387138917953564,0.2387138917953564,11.761286108204644,7.624549898879896,3638.4374672586114,15.15583038335808,5354.3
R0176,74.0,0,2,0,0,794.0,697.9,184.5,1676.4,21.892596398245455,7.997772021759931,7.997772021759931,4.002227978240069,348.18347183312557,534.2437805395256,18.09127080466871,1676.4
R0177,71.0,1,3,0,0,1433.9,245.5,0.0,1679.4,46.47013892793496,46.47013892793496,12.0,0.0,245.47355825768116,0.0,6.40134771924905,967.4
R0178,64.0,1,1,1,1,1657.6,436.7,0.0,2094.3,40.93827987463738,8.966076637594806,8.966076637594806,3.0339233624051936,136.18558456166605,300.5361522718975,17.845717438641508,2094.3
R0179,59.0,1,2,1,0,457.7,1076.0,305.5,1839.2,61.036130504492846,3.1885717853009994,3.1885717853009994,8.811428214699001,56.56438993242994,1324.9321481120971,29.318361922725312,1839.2
R0180,62.0,1,2,1,0,1115.5,496.6,364.9,1977.0,79.08261800535067,9.653754007951163,9.653754007951163,2.3462459920488374,192.08796515243375,304.4674673044161,12.851165490853884,1977.0
R0181,72.0,1,2,1,1,2155.9,188.6,777.4,3121.9,11.760280389472928,11.760280389472928,11.760280389472928,0.0,188.62940218635498,0.0,23.95723101783869,3121.9
R0182,64.0,1,0,0,0,201.9,757.8,2496.0,3455.7,5.765695766934691,1.7374638075788225,1.7374638075788225,4.028231959355868,47.00650195517165,1001.67277493306,16.626933361691883,3455.7
R0183,67.0,1,1,0,0,1296.1,114.5,0.0,1410.6,66.65977120453239,11.422848445474283,11.422848445474283,0.5771515545257166,86.11023831927432,28.37485619689281,11.02274502282685,1379.2
R0184,51.0,1,1,0,0,534.3,346.2,0.0,880.5,303.79768301219315,4.239142977448891,4.239142977448891,7.760857022551109,26.755321565441875,319.45170906065397,27.72006169963511,880.5
R0185,72.0,1,2,1,0,1247.8,395.1,95.3,1738.2,13.385875356329114,10.278741755667017,10.278741755667017,1.721258244332983,284.1952695751795,206.27210919773256,6.403854832325112,911.7
R0186,67.0,1,2,1,1,372.9,674.0,1781.6,2828.5,58.77124360166825,1.215364369317549,1.215364369317549,10.784635630682452,322.55880481715843,1926.8983659392616,13.284214238388255,2828.5
R0187,82.0,1,2,1,0,342.3,1177.1,735.4,2254.8,29.42611239069533,2.186508462014353,2.186508462014353,9.813491537985648,38.88479790273283,1873.5719608624188,29.9766211757745,2254.7
R0188,55.0,1,0,0,1,2239.2,242.5,0.0,2481.7,143.0101918213597,38.87373052881285,12.0,0.0,242.4922144394517,0.0,12.291523108559748,2481.7
R0189,66.0,1,1,1,1,2230.5,59.4,0.0,2289.9,18.95692790966321,18.95692790966321,12.0,0.0,59.38259562917891,0.0,26.37706852462253,2289.9
R0190,65.0,1,1,0,1,2105.8,111.0,173.8,2390.6,18.16934378387165,18.16934378387165,12.0,0.0,284.8301127930905,0.0,20.536395567736903,2390.6
R0191,61.0,1,3,0,0,472.0,2408.8,4363.8,7244.6,15.943857682219614,3.2809157155630646,3.2809157155630646,8.719084284436935,323.3989226507809,6449.189052822328,25.344856980650967,7244.6
R0192,57.0,0,0,1,1,1214.3,221.2,0.0,1435.5,66.26201881016071,6.08984983264665,6.08984983264665,5.91015016735335,30.173817763763928,190.97900141777083,21.127626130643478,1435.5
R0193,70.0,1,5,0,0,896.9,289.2,1390.3,2576.4,7.206721355043443,7.206721355043443,7.206721355043443,0.0,457.29524489885443,0.0,14.704724569388361,2576.5
R0194,71.0,0,2,0,0,318.2,1214.6,0.0,1532.8,71.4413889277369,2.5567072513045135,2.5567072513045135,9.443292748695487,48.41356056261278,1166.1996240251942,24.25893083000358,1532.8
R0195,57.0,0,1,0,1,1689.2,558.9,0.0,2248.1,105.10476146729378,9.588949172051478,9.588949172051478,2.4110508279485217,211.73588893647315,347.21081879743696,6.635629173695336,1329.0
R0196,79.0,1,6,1,0,552.2,721.1,1673.5,2946.8,9.151706903980187,4.623381814613023,4.623381814613023,4.528325089367164,1211.925030398232,691.3909291566733,16.723510841626847,2946.8
R0197,74.0,1,0,1,0,469.1,605.0,461.1,1535.2,14.475867847078279,3.6730973000691485,3.6730973000691485,8.326902699930852,38.32677943570919,1027.7645658495985,14.924509676882543,1535.2
R0198,71.0,1,1,1,0,1402.9,264.6,239.4,1906.9,40.64001950645999,15.275711585199526,12.0,0.0,503.95609954526384,0.0,17.44977613529639,1906.9
R0199,59.0,1,3,1,0,206.2,413.0,465.8,1085.0,3.1810653633681145,1.586208093271444,1.586208093271444,1.5948572700966706,54.65136204258361,358.3654016744996,9.06289647590567,1085.1
R0200,63.0,1,2,1,1,2242.4,295.1,727.6,3265.1,12.806014540722135,12.806014540722135,12.0,0.0,1022.6952747991237,0.0,11.340164782710538,3248.9
R0201,63.0,0,0,0,1,2078.2,401.1,330.4,2809.7,161.6470826365719,10.507785810493727,10.507785810493727,1.4922141895062726,208.24848315180918,192.87024119645105,19.489238162393026,2809.7
R0202,54.0,1,0,1,0,1393.4,143.3,0.0,1536.7,16.69252021091757,16.69252021091757,12.0,0.0,143.2727421951442,0.0,15.306458775742895,1536.7
R0203,66.0,1,2,1,1,1686.5,271.1,1365.7,3323.3,8.016022920739468,8.016022920739468,8.016022920739468,0.0,271.12012964989356,0.0,24.999748934168174,3323.3
R0204,61.0,1,0,1,0,461.2,365.6,784.0,1610.8,16.338237054720565,3.3383942376849034,3.3383942376849034,8.661605762315096,20.40124925568453,1129.2516256877248,20.523278142660345,1610.9
R0205,81.0,0,1,1,0,1170.4,397.7,0.0,1568.1,23.455483730260386,23.455483730260386,12.0,0.0,397.7240299529137,0.0,26.67040043488786,1568.1
R0206,65.0,1,0,1,0,1282.0,168.9,0.0,1450.9,63.47075206513426,32.24371894805758,12.0,0.0,168.91185169157177,0.0,23.57666009581451,1450.9
R0207,58.0,1,0,1,0,959.5,135.2,524.7,1619.4,7.3789978248831245,7.3789978248831245,7.3789978248831245,0.0,135.1530965345266,0.0,20.44376274620556,1619.3
R0208,71.0,1,2,0,0,1346.0,232.3,375.7,1954.0,19.840761094940756,19.840761094940756,12.0,0.0,232.31725450140226,0.0,12.902774452703897,1954.0
R0209,76.0,1,0,0,0,109.6,1522.6,0.0,1632.2,22.651826004933376,0.41176528060326817,0.41176528060326817,11.588234719396732,8.250967743442096,1514.3835057179226,24.786251230228043,1632.3
R0210,59.0,0,1,0,0,1113.2,249.6,278.0,1640.8,99.93198994265822,15.428811487103907,12.0,0.0,527.5820998182894,0.0,12.030421876105963,1640.8
R0211,63.0,1,2,1,1,2171.1,310.8,0.0,2481.9,30.0463391987668,12.920645375247789,12.0,0.0,310.7505273412519,0.0,7.805066683545706,1649.5
R0212,62.0,0,0,0,0,1353.8,67.8,156.9,1578.5,148.06704459842842,27.868048320309498,12.0,0.0,224.6943698896396,0.0,29.10874988263747,1578.5
R0213,60.0,0,1,1,1,2223.9,406.1,555.8,3185.8,24.913552586555507,24.913552586555507,12.0,0.0,406.0713941332272,0.0,18.960268922315258,3185.8
R0214,61.0,1,2,0,1,1326.1,279.5,0.0,1605.6,8.037780363616903,8.037780363616903,8.037780363616903,0.0,279.47721872127346,0.0,24.57346314119547,1605.6
R0215,60.0,1,1,0,0,1419.1,364.9,681.8,2465.8,19.639132758241196,13.507831739683764,12.0,0.0,618.9030940493251,0.0,18.701347383128642,2465.7
R0216,61.0,1,4,1,0,109.4,875.2,3171.1,4155.7,38.02842734063278,0.8540777121553043,0.8540777121553043,11.145922287844696,1209.094326560499,1819.1604684925605,20.677913528923714,4155.7
R0217,70.0,1,1,1,0,235.7,24.7,287.2,547.6,2.9953332451554617,2.9953332451554617,2.9953332451554617,0.0,24.65109458188883,0.0,6.81341401239615,547.5
R0218,66.0,0,1,1,0,572.6,894.1,67.4,1534.1,53.28933024178514,4.779490755832924,4.779490755832924,7.220509244167076,149.79025135880394,811.6865087994472,10.483048304491405,1363.6
R0219,80.0,1,2,1,0,314.2,1281.6,2066.6,3662.4,17.837072829822826,2.899836479795766,2.899836479795766,9.100163520204234,59.70259798322913,3288.471100278767,22.19254549043466,3662.4
R0220,62.0,1,1,1,0,591.2,540.3,153.1,1284.6,18.890209282984156,4.119037450942066,4.119037450942066,7.880962549057934,40.08401741095176,653.2780621686222,19.693550350859958,1284.5
R0221,66.0,1,1,0,1,2213.1,281.0,0.0,2494.1,79.38059088193359,18.241123723946366,12.0,0.0,280.9979435251403,0.0,9.805320815681103,2073.9
R0222,63.0,0,0,1,1,2161.5,66.6,0.0,2228.1,49.08069461593114,49.08069461593114,12.0,0.0,66.55207696902744,0.0,28.848702449428433,2228.0
R0223,58.0,1,0,1,1,1124.6,113.1,221.4,1459.1,5.344301736216707,5.344301736216707,5.344301736216707,0.0,113.10090672584023,0.0,9.704487181137704,1459.1
R0224,67.0,0,1,0,0,461.5,1196.7,0.0,1658.2,78.64904844917578,3.301143033304464,3.301143033304464,8.698856966695537,65.80706754944757,1130.9250124848822,18.24727799372845,1658.2
R0225,66.0,1,0,1,0,114.1,370.8,1845.7,2330.6,2.6296551239198145,0.8309252505162624,0.8309252505162624,1.798729873403552,24.524356249344574,617.0279268948556,9.456069000462184,2330.6
R0226,65.0,1,0,1,0,1349.2,110.6,0.0,1459.8,20.908265510939284,20.908265510939284,12.0,0.0,110.56395998363095,0.0,23.216921426549632,1459.8
R0227,75.0,1,1,1,0,598.2,605.2,1085.0,2288.4,9.145754322248052,4.341128551779851,4.341128551779851,4.804625770468202,73.64459900455171,531.570956841538,12.631512338283667,2288.5
R0228,57.0,0,0,0,1,1808.9,92.5,0.0,1901.4,80.372634294424,79.22431007139149,12.0,0.0,92.52207890849489,0.0,9.2192154029228,1578.5
R0229,58.0,1,2,1,1,1822.4,252.7,108.4,2183.5,45.840396195716146,20.278056133374477,12.0,0.0,361.1352987030247,0.0,7.103692336092376,1364.6
R0230,61.0,0,1,1,0,220.9,1956.7,228.0,2405.6,29.63568588815217,1.1099678792479708,1.1099678792479708,10.890032120752029,30.110119352992704,2154.584421237763,10.196052909542967,2086.4
R0231,52.0,1,1,0,0,239.2,1639.2,2103.2,3981.6,12.254576565546516,1.179532765804312,1.179532765804312,10.820467234195688,26.94859706155672,3715.501039127408,10.603169201365594,3134.0
R0232,73.0,1,5,0,0,1305.6,357.1,0.0,1662.7,31.474666355944553,17.29963068135045,12.0,0.0,357.1405720130975,0.0,18.88732990972302,1662.8
R0233,58.0,1,1,0,0,1284.8,136.0,0.0,1420.8,13.068834276063228,10.223647888796265,10.223647888796265,1.7763521112037353,63.73874633304414,72.22542616651165,16.82493326811339,1420.8
R0234,59.0,0,0,1,1,1881.8,145.5,0.0,2027.3,86.02428644901843,19.606492302705107,12.0,0.0,145.54308781944897,0.0,28.975064814084895,2027.3
R0235,61.0,1,2,1,0,223.6,2181.8,0.0,2405.4,26.98700474046573,1.511598559819889,1.511598559819889,10.48840144018011,47.17182943874887,2134.612138028015,28.899632084799418,2405.4
R0236,61.0,1,2,1,1,2245.1,393.3,798.7,3437.1,50.99011616064604,17.820574827235387,12.0,0.0,1192.0552026297457,0.0,25.11710665124233,3437.2
R0237,62.0,1,2,1,0,1194.4,866.2,0.0,2060.6,25.90900598435058,9.797349371018967,9.797349371018967,2.202650628981033,351.20977941375105,514.952351485858,22.11810321553688,2060.5
R0238,51.0,1,1,1,0,582.3,1695.6,131.7,2409.6,54.78881152785012,4.502794697819354,4.502794697819354,7.497205302180646,142.9803436663965,1684.2815107106285,26.280554197640313,2409.6
R0239,71.0,1,2,1,0,835.4,110.9,137.0,1083.3,6.289279066235976,6.289279066235976,6.289279066235976,0.0,110.89510347685201,0.0,28.53004388351723,1083.4
R0240,78.0,1,2,1,1,142.2,1988.0,1359.0,3489.2,17.234778876902578,0.001556247409192708,0.001556247409192708,11.998443752590807,188.22484863586905,3158.7324493356527,6.542825493288066,2585.0
R0241,68.0,1,2,1,0,345.7,1104.3,1639.9,3089.9,26.583573588544784,2.904168562740005,2.904168562740005,9.095831437259996,51.540630719910894,2692.7205130042744,8.834525451620609,2723.6
R0242,61.0,1,1,1,0,233.9,1791.4,1319.4,3344.7,18.13319892564987,1.3618976242623688,1.3618976242623688,10.638102375737631,34.48854029715104,3076.3326588740856,14.646333232407436,3344.7
R0243,56.0,1,1,1,0,706.8,957.1,0.0,1663.9,21.0719035020568,5.296595757852348,5.296595757852348,6.703404242147652,103.42167268338603,853.6376510467124,8.246084473022393,1185.9
R0244,76.0,0,3,1,0,118.6,27.3,808.0,953.9,0.7777054963181036,0.7777054963181036,0.7777054963181036,0.0,27.301429560143138,0.0,20.388587353278652,953.9
R0245,67.0,1,0,1,0,356.4,1683.7,308.4,2348.5,11.711291451308748,2.3894692951403904,2.3894692951403904,9.321822156168357,63.67407996733737,1620.0389658116828,12.248741336354607,2348.6
R0246,53.0,1,0,1,0,1439.6,348.4,0.0,1788.0,116.98265578149126,11.122259713299252,11.122259713299252,0.8777402867007478,230.02925593710393,118.39122053257466,12.344153499175812,1788.0
R0247,59.0,1,2,0,0,1370.6,164.2,0.0,1534.8,60.584827847243865,36.9760296912033,12.0,0.0,164.1930800659147,0.0,12.919871727548774,1534.8
R0248,65.0,0,2,0,0,1293.5,508.0,1199.2,3000.7,11.353852600958602,11.353852600958602,11.353852600958602,0.0,1707.1366960329237,0.0,8.345175782025361,2542.7
R0249,66.0,1,1,0,1,716.7,120.8,687.3,1524.8,3.8137418012742232,3.6251488615132104,3.6251488615132104,0.18859293976101288,90.22472468361241,30.61177932255901,23.782666877715815,1524.8
R0250,70.0,1,1,1,1,1414.0,186.4,0.0,1600.4,14.076673850052362,14.076673850052362,12.0,0.0,186.38225806133332,0.0,21.6161383103916,1600.4
R0251,78.0,1,0,1,0,697.4,419.5,379.2,1496.1,10.765271082851632,5.907455517303733,5.907455517303733,4.857815565547899,65.925250579497,353.5540156101081,20.5561941753903,1496.1
R0252,74.0,1,2,0,1,1788.4,110.2,471.2,2369.8,31.89061953574958,21.747552201925018,12.0,0.0,359.7172845067428,0.0,6.81709397466661,1577.1
R0253,68.0,1,1,1,0,1178.9,222.1,6929.6,8330.6,40.58170486940472,37.479084881940416,12.0,0.0,7151.70139562855,0.0,16.30713947133306,8330.6
R0254,64.0,1,2,0,0,593.8,1292.3,260.9,2147.0,16.3573202690805,4.5305598992095435,4.5305598992095435,7.4694401007904565,109.95990108817912,1443.1937363578784,22.444886157596223,2147.0
R0255,62.0,1,1,1,1,1919.1,613.7,0.0,2532.8,27.597835034998536,10.83552753585379,10.83552753585379,1.1644724641462094,360.7865779381359,252.86746731929043,9.752319597686073,2069.3
R0256,63.0,0,0,1,1,158.7,563.7,331.4,1053.8,11.15102127877746,0.07484389789446241,0.07484389789446241,11.076177380882998,0.5834658459571311,563.1348005633727,15.25578827178122,1053.8
R0257,83.0,0,5,0,0,226.0,45.6,592.9,864.5,1.3770091222178242,1.3770091222178242,1.3770091222178242,0.0,45.58183198257343,0.0,6.476019491278485,864.5
R0258,71.0,1,1,0,0,1304.0,562.1,0.0,1866.1,64.54964748473708,11.870043375537744,11.870043375537744,0.1299566244622561,524.6490851835827,37.460921754642584,7.9645919298538095,1221.3
R0259,43.0,1,1,0,1,1673.3,252.5,377.3,2303.1,8.74879996034821,8.74879996034821,8.74879996034821,0.0,252.54344252594376,0.0,11.194885919977294,2303.2
R0260,72.0,0,0,1,1,722.5,1804.3,0.0,2526.8,46.237323089379736,3.4188574474209465,3.4188574474209465,8.581142552579053,103.87891914361575,1700.4151630138458,15.951603867389966,2526.8
R0261,80.0,1,2,1,0,850.2,266.4,1165.3,2281.9,7.579109918116396,7.579109918116396,7.579109918116396,0.0,266.35615172268064,0.0,17.117760870897115,2281.8
R0262,64.0,0,1,0,0,1416.5,284.0,245.3,1945.8,11.78076038137448,11.78076038137448,11.78076038137448,0.0,283.9876145626926,0.0,27.22851675883471,1945.8
R0263,69.0,1,1,1,0,870.1,554.0,0.0,1424.1,13.145812653158961,7.459431275934842,7.459431275934842,4.540568724065158,111.47325716794448,442.52585550382435,13.599802612176319,1424.1
R0264,72.0,0,2,1,1,1904.1,350.3,0.0,2254.4,34.11994410383684,32.84867799491722,12.0,0.0,350.3017197574572,0.0,6.515133030652593,1300.9
R0265,70.0,0,2,1,0,331.8,2164.2,189.4,2685.4,40.71441565897503,2.012036488306634,2.012036488306634,9.987963511693366,64.84523404005654,2288.6972182161535,25.829360322507963,2685.4
R0266,62.0,1,0,0,1,2044.4,316.2,0.0,2360.6,67.88006690178595,28.176571199108317,12.0,0.0,316.17920719390173,0.0,7.484326448965747,1560.1
R0267,67.0,1,3,1,0,1141.0,586.3,0.0,1727.3,40.737534489812994,10.890971217595368,10.890971217595368,1.109028782404632,352.29326455816977,233.96127004590014,8.23180782389348,1199.8
R0268,55.0,1,1,1,0,1416.2,149.0,0.0,1565.2,20.222182621424928,17.833245001116637,12.0,0.0,148.982590764371,0.0,29.11636120175364,1565.2
R0269,55.0,1,2,0,1,369.8,56.6,0.0,426.4,1.322190346466662,1.322190346466662,1.322190346466662,0.0,56.63259460401657,0.0,24.080770035080604,426.5
R0270,51.0,0,0,1,1,1895.7,219.9,316.5,2432.1,54.409516919376344,10.987136692340496,10.987136692340496,1.0128633076595044,137.33248886693997,102.12905408277406,14.108500866702121,2432.1
R0271,66.0,1,2,1,1,1298.3,781.6,1185.1,3265.0,68.07736767611202,6.005294479001959,6.005294479001959,5.994705520998041,104.06915984232185,1862.60616547587,9.172292198860696,1852.3
R0272,46.0,0,0,0,1,2150.3,132.3,0.0,2282.6,51.071625339233975,24.564514251544963,12.0,0.0,132.3050987852422,0.0,15.281533756124677,2282.6
R0273,59.0,1,1,0,1,2170.1,385.0,0.0,2555.1,67.93364763249096,67.93364763249096,12.0,0.0,384.9705097440288,0.0,14.140677426724165,2555.0
R0274,56.0,1,0,0,1,1959.5,362.7,1640.9,3963.1,47.35731294643472,10.285955714591084,10.285955714591084,1.7140442854089155,173.82489130908135,1135.7399578721806,26.986588834619354,3963.1
R0275,59.0,1,1,1,0,770.9,697.4,2696.9,4165.2,37.08845666752498,6.588011644859114,6.588011644859114,5.411988355140886,562.3330586740369,2832.0296307602284,16.05007241553696,4165.3
R0276,69.0,1,1,0,0,1048.4,339.8,0.0,1388.2,44.85281633493413,9.354308572375297,9.354308572375297,2.645691427624703,119.45223141415542,220.33586161501154,7.969080144374929,940.5
R0277,58.0,0,2,0,0,1438.8,383.2,0.0,1822.0,93.19266155218696,11.018049736881313,11.018049736881313,0.9819502631186872,242.35550929966843,140.86434560535898,28.24332485660607,1822.0
R0278,64.0,1,2,1,1,341.0,1771.9,402.2,2515.1,9.526322503189995,1.1370960290622945,1.1370960290622945,8.3892264741277,36.07657749832386,2026.6356151243951,20.935520729166242,2515.2
R0279,57.0,0,0,1,1,521.8,949.8,0.0,1471.6,109.26929542498183,2.5344573172926173,2.5344573172926173,9.465542682707383,37.45854143333693,912.3780369847733,8.801036562744052,1163.3
R0280,64.0,1,1,0,0,118.8,1474.7,2856.5,4450.0,129.08527371906501,0.5370539209869938,0.5370539209869938,11.462946079013006,10.518785161025349,4320.682809122796,8.716179841114137,4030.5
R0281,72.0,1,4,0,0,1064.9,2110.0,0.0,3174.9,20.767535554539705,8.12888086059375,8.12888086059375,3.8711191394062503,513.913439878965,1596.096619195451,17.182397787942342,3174.9
R0282,63.0,1,0,1,0,1130.2,207.5,261.5,1599.2,13.118773584202698,13.118773584202698,12.0,0.0,207.49653658302338,0.0,8.210135176538788,1251.1
R0283,71.0,1,2,0,0,755.8,1190.9,0.0,1946.7,50.35281352118182,6.010392929501662,6.010392929501662,5.989607070498338,158.80543247477564,1032.1058644742866,21.162052612866205,1946.7
R0284,62.0,1,1,1,0,1380.1,373.8,0.0,1753.9,31.582338608238903,31.582338608238903,12.0,0.0,373.78722183723573,0.0,20.793210986277845,1753.9
R0285,68.0,1,1,1,0,1043.2,620.6,233.6,1897.4,27.654963830269086,8.476741656457872,8.476741656457872,3.5232583435421283,167.235119382564,686.8860047569283,6.769952366835689,944.9
R0286,75.0,1,2,1,1,316.1,1163.5,2136.5,3616.1,50.86145648175209,1.709644478451327,1.709644478451327,10.290355521548673,194.44638994309827,3105.5242505952474,25.378146744991067,3616.1
R0287,66.0,0,1,1,1,516.1,1128.1,358.6,2002.8,22.447210020873673,2.023704788497219,2.023704788497219,9.97629521150278,34.030301974650605,1452.6520435388309,24.883074262547964,2002.8
R0288,57.0,0,3,0,0,295.1,1299.6,1428.7,3023.4,29.100667218275422,2.50239070101019,2.50239070101019,9.49760929898981,50.46304741183786,2677.8375161651556,27.967398446767405,3023.4
R0289,53.0,0,3,1,0,118.8,1832.3,2698.2,4649.3,3.827696949109289,0.5676685480884642,0.5676685480884642,3.2600284010208247,47.64920316424821,2004.8618731238817,22.08735952172345,4649.3
R0290,88.0,1,0,0,1,2181.1,190.2,0.0,2371.3,12.729450912020571,12.729450912020571,12.0,0.0,190.24606066405548,0.0,22.628693576045357,2371.3
R0291,55.0,0,2,0,0,957.2,1706.0,1452.9,4116.1,126.77559097314787,8.802120542400461,8.802120542400461,3.197879457599539,506.32072715724627,2185.0582323948734,9.929799706876029,2354.1
R0292,60.0,1,0,0,0,1217.4,182.9,0.0,1400.3,93.45153194176486,46.813883516166676,12.0,0.0,182.8708802362731,0.0,6.573331535491481,810.3
R0293,65.0,1,4,0,0,1320.6,509.7,0.0,1830.3,30.311345588022203,30.311345588022203,12.0,0.0,509.7013264500825,0.0,7.573515658042078,1202.1
R0294,59.0,0,2,1,0,468.8,89.7,481.7,1040.2,3.6776575847148094,3.6776575847148094,3.6776575847148094,0.0,89.71218468148425,0.0,29.147072163848577,1040.2
R0295,51.0,1,0,1,0,885.3,401.1,796.3,2082.7,42.4139837919745,9.349669725327866,9.349669725327866,2.6503302746721342,140.78540797575957,1056.5831823262565,21.497312773431204,2082.7
R0296,69.0,0,3,0,0,1261.9,365.1,0.0,1627.0,27.600194200317965,27.600194200317965,12.0,0.0,365.1243896174416,0.0,28.725759995841777,1627.0
R0297,77.0,1,3,1,0,663.6,1182.6,937.6,2783.8,61.31867061047511,5.114340621996221,5.114340621996221,6.885659378003779,120.91680094428757,1999.2775509574792,14.385224612930294,2783.8
R0298,55.0,0,0,1,0,1364.3,162.9,0.0,1527.2,91.13679782935297,18.73480943501496,12.0,0.0,162.9108462835319,0.0,24.125317839873937,1527.2
R0299,57.0,1,0,1,1,2268.9,144.9,244.8,2658.6,82.20667226321329,82.20667226321329,12.0,0.0,389.69217851775034,0.0,7.569575168680003,1848.8
R0300,59.0,0,0,1,0,1158.8,320.4,543.9,2023.1,33.54466761665546,9.214668206839757,9.214668206839757,2.7853317931602426,107.82949641706728,756.4504349210276,9.988923974231309,1325.7
R0301,58.0,1,0,0,1,1460.7,162.8,153.6,1777.1,7.339254890889146,7.339254890889146,7.339254890889146,0.0,162.78656674433165,0.0,12.65120003692776,1777.1
R0302,78.0,0,1,0,1,2147.9,243.6,0.0,2391.5,41.74936899976897,36.824383302958275,12.0,0.0,243.648729967078,0.0,19.2076380408178,2391.5
R0303,58.0,1,0,1,0,918.5,126.6,9232.2,10277.3,7.562404033660113,7.562404033660113,7.562404033660113,0.0,471.93246850415505,0.0,19.37781312218184,10277.3
R0304,66.0,0,2,0,1,2103.4,574.6,0.0,2678.0,67.19383455924995,20.600048044304128,12.0,0.0,574.5790663496545,0.0,17.975674855368357,2678.0
R0305,57.0,1,0,0,0,714.4,796.7,0.0,1511.1,32.65784306113561,5.932221886929793,5.932221886929793,6.067778113070207,103.86012111789577,692.8265977466746,16.18712603116986,1511.1
R0306,67.0,0,1,0,1,908.7,97.7,468.2,1474.6,4.119133913827717,4.119133913827717,4.119133913827717,0.0,97.66891165404404,0.0,19.816923848138366,1474.6
R0307,58.0,1,0,0,1,170.7,800.1,2008.4,2979.2,9.207202555732696,0.8275122218780171,0.8275122218780171,8.379690333854679,11.933859368489472,1304.677397556341,29.199897489308118,2979.1
R0308,69.0,1,1,1,0,116.2,1903.2,5169.5,7188.9,56.713140309192134,0.7787321892735481,0.7787321892735481,11.221267810726452,20.039123809066876,7052.709220896546,16.99390945166686,7189.0
R0309,68.0,0,2,1,0,357.4,111.9,681.9,1151.2,2.292954227708486,2.292954227708486,2.292954227708486,0.0,111.85799960389923,0.0,26.099314123161715,1151.2
R0310,64.0,1,2,1,0,396.6,63.2,196.1,655.9,3.8396286563109694,3.8396286563109694,3.8396286563109694,0.0,259.2141582517924,0.0,7.340927160764909,655.9
R0311,75.0,1,3,0,0,449.7,872.1,2994.4,4316.2,116.57849197184608,3.8766969154378823,3.8766969154378823,8.123303084562117,59.4675023032899,3807.0762257559286,15.254094173521382,4316.2
R0312,58.0,1,1,1,0,1417.0,252.4,0.0,1669.4,90.50032137960976,22.795600618997312,12.0,0.0,252.3740995595276,0.0,19.45191464741758,1669.3
R0313,70.0,1,3,0,0,1327.8,189.2,0.0,1517.0,11.10830471744815,11.10830471744815,11.10830471744815,0.0,189.18096024583264,0.0,20.88769333571849,1517.0
R0314,66.0,1,0,1,1,553.9,47.1,221.1,822.1,2.093620893892611,2.093620893892611,2.093620893892611,0.0,47.142710375716824,0.0,12.00044015836827,822.2
R0315,68.0,1,4,1,0,268.0,934.6,997.0,2199.6,24.151759074461808,2.2095839859130986,2.2095839859130986,9.790416014086901,356.6767060334645,1574.9117288751404,15.582984323678286,2199.6
R0316,73.0,0,0,1,1,1592.2,545.7,0.0,2137.9,12.055654949653565,8.65476238103208,8.65476238103208,3.3452376189679196,154.98945996562153,390.6946024734975,28.72814804965656,2137.9
R0317,69.0,0,4,0,0,753.7,214.8,1362.1,2330.6,6.756920438782727,6.756920438782727,6.756920438782727,0.0,1576.8805165155552,0.0,21.572418096286775,2330.6
R0318,57.0,1,1,0,0,627.3,1051.1,0.0,1678.4,158.35517824038135,5.503991729799863,5.503991729799863,6.496008270200137,120.8516040612196,930.2177851546866,20.03918996189507,1678.3
R0319,72.0,1,0,0,0,1228.8,276.7,556.8,2062.3,37.888011818421155,12.86879801085145,12.0,0.0,276.71969829575926,0.0,7.567169052476182,1550.5
R0320,61.0,0,3,0,0,1382.7,247.7,271.3,1901.7,104.67650105815234,14.663658057986177,12.0,0.0,519.0672150098189,0.0,7.252230183435545,1342.9
R0321,82.0,1,4,1,0,1408.8,328.9,0.0,1737.7,27.645894499469,14.795783201829728,12.0,0.0,328.919513463083,0.0,11.07356274796955,1712.3
R0322,71.0,1,2,1,1,2180.3,178.4,0.0,2358.7,13.50491519512055,13.50491519512055,12.0,0.0,178.374648876253,0.0,9.307746620367192,1955.3
R0323,50.0,0,1,1,1,2163.8,163.3,0.0,2327.1,27.235041766963807,20.613680032410347,12.0,0.0,163.30016694778035,0.0,29.609998302558903,2327.1
R0324,69.0,1,1,1,0,87.5,1396.2,1483.4,2967.1,71.16052845389795,0.24662306146659405,0.24662306146659405,11.753376938533407,4.477745831990667,2875.0767617452484,6.0659315424639395,2264.4
R0325,72.0,0,2,0,1,2240.3,361.9,0.0,2602.2,12.691342806867791,12.691342806867791,12.0,0.0,361.8966137425174,0.0,14.78024470033241,2602.2
R0326,63.0,0,1,0,0,1411.8,391.8,143.1,1946.7,77.9596227892816,20.644169957145326,12.0,0.0,534.8947565776374,0.0,7.402138790971239,1182.9
R0327,66.0,1,1,0,0,1332.5,384.3,0.0,1716.8,69.64789956663785,33.15279210367088,12.0,0.0,384.25670329153166,0.0,21.360253399624238,1716.8
R0328,85.0,1,4,0,0,717.5,2233.4,2749.1,5700.0,30.225011488981604,5.265793693548296,5.265793693548296,6.734206306451704,321.11067998671916,4661.4091813324985,7.116796849796619,2053.1
R0329,75.0,1,0,0,0,1328.2,241.2,0.0,1569.4,76.77824729134022,15.645203737137766,12.0,0.0,241.18240946160142,0.0,7.641831253001335,1039.0
R0330,72.0,1,0,1,0,1429.9,190.2,0.0,1620.1,33.69155612571977,11.10465691138149,11.10465691138149,0.8953430886185103,124.6580454132672,65.54930275149407,7.918620134594853,1042.2
R0331,64.0,0,0,1,0,1004.0,238.3,0.0,1242.3,50.94760163059001,12.663799755041136,12.0,0.0,238.27718212067944,0.0,12.522843151269107,1242.3
R0332,73.0,0,1,1,0,1354.5,278.7,147.4,1780.6,98.17625406462312,16.713884090497512,12.0,0.0,426.1195780395543,0.0,19.832593631919615,1780.6
R0333,57.0,0,2,0,1,2107.8,103.8,0.0,2211.6,117.82738052992474,21.01230892170849,12.0,0.0,103.79023682838424,0.0,25.33076682314049,2211.6
R0334,58.0,1,0,1,1,2192.2,194.7,0.0,2386.9,32.62067096194282,32.62067096194282,12.0,0.0,194.67491274747508,0.0,12.41259802803026,2386.9
R0335,49.0,1,4,1,0,446.0,163.0,2634.2,3243.2,3.470863478780665,3.470863478780665,3.470863478780665,0.0,163.022453925401,0.0,12.796105357667194,3243.3
R0336,71.0,1,0,1,0,358.2,1470.4,2606.8,4435.4,31.917763629112258,2.273985707102175,2.273985707102175,9.726014292897824,50.888216653226934,3666.797310871915,25.787571454846486,4435.4
R0337,67.0,1,4,1,0,1217.7,473.4,144.5,1835.6,22.768271077594914,11.803156612141832,11.803156612141832,0.19684338785816813,571.4357912431037,46.43494296095974,23.90276112423174,1835.6
R0338,62.0,1,0,1,0,591.0,517.5,1404.8,2513.3,5.721116577582286,4.645766965785108,4.645766965785108,1.0753496117971784,206.2007540326794,311.27621230396704,9.04355396057603,2513.4
R0339,64.0,0,0,1,0,508.4,46.5,408.4,963.3,4.284148358903639,4.284148358903639,4.284148358903639,0.0,46.46496369358329,0.0,25.352374432952566,963.3
R0340,67.0,1,2,1,1,702.4,1093.8,1976.9,3773.1,46.56738365883127,3.9276480402142835,3.9276480402142835,8.072351959785717,246.76669376615223,2823.8589947717655,25.95002660724675,3773.1
R0341,71.0,1,1,0,1,1945.6,503.3,479.9,2928.8,36.89875178877037,34.18143223130106,12.0,0.0,983.2115159271489,0.0,10.267818805610542,2694.0
R0342,71.0,1,1,1,0,1396.7,117.8,452.5,1967.0,40.23346434530792,28.8946896742185,12.0,0.0,117.79017732862829,0.0,21.046751965741286,1967.0
R0343,85.0,0,2,0,0,119.5,1360.5,658.2,2138.2,22.395049031446458,0.5147806615413023,0.5147806615413023,11.485219338458698,261.72094220176444,1756.971309942589,10.72184692370971,1987.8
R0344,64.0,0,0,0,0,1369.6,65.9,0.0,1435.5,109.88886695523824,34.464293913877825,12.0,0.0,65.94289929090343,0.0,11.84382508867398,1434.7
R0345,63.0,1,1,1,0,1325.4,158.6,0.0,1484.0,21.728722984350988,21.728722984350988,12.0,0.0,158.64155242855756,0.0,17.85613812788741,1484.1
R0346,60.0,0,2,1,1,1648.0,591.0,0.0,2239.0,107.68014138194687,10.797715763626057,10.797715763626057,1.2022842363739432,342.3839285658547,248.62915601408042,18.5332806708194,2239.0
R0347,53.0,0,2,1,0,1289.1,166.4,0.0,1455.5,53.31342646550465,12.968855244092143,12.0,0.0,166.40211285124104,0.0,17.496804369556493,1455.5
R0348,69.0,1,4,0,0,189.1,37.6,226.0,452.7,1.554813508219676,1.554813508219676,1.554813508219676,0.0,37.58898668361529,0.0,18.98738527930101,452.7
R0349,83.0,1,3,0,0,467.2,74.5,1057.0,1598.7,3.099633595264821,3.099633595264821,3.099633595264821,0.0,74.49409654408986,0.0,11.115952234210859,1598.6
R0350,84.0,1,1,0,0,1206.0,638.5,111.8,1956.3,71.12393608423903,12.05180601369831,12.0,0.0,750.3024021381036,0.0,24.68592883506989,1956.3
R0351,65.0,1,1,1,0,914.7,302.8,2038.7,3256.2,7.913843530543439,7.913843530543439,7.913843530543439,0.0,302.82057644570614,0.0,12.6683618886866,3256.3
R0352,47.0,1,0,1,1,1434.4,893.5,0.0,2327.9,213.24337941904923,7.039135843962198,7.039135843962198,4.960864156037802,159.6678288147304,733.8694874884112,27.904398953258646,2327.9
R0353,81.0,0,1,1,0,959.4,324.1,250.4,1533.9,33.635084657843386,7.205456158865151,7.205456158865151,4.794543841134849,130.01603122517963,444.4080724485543,18.36372728615015,1533.9
R0354,59.0,0,2,1,0,804.5,273.7,0.0,1078.2,46.10263522649933,6.655673145121636,6.655673145121636,5.344326854878364,43.88655363583681,229.82428940206276,13.288417270670035,1078.2
R0355,51.0,1,1,1,0,1222.6,151.9,160.2,1534.7,20.807816657395442,20.72755243422739,12.0,0.0,312.07736641357485,0.0,10.185213660199203,1409.8
R0356,76.0,1,3,1,0,291.1,1557.0,91.8,1939.9,37.71753913548258,2.4699891584533713,2.4699891584533713,9.530010841546629,151.3131331876469,1497.5278103506591,17.644895097984726,1939.9
R0357,64.0,1,1,1,0,1330.3,111.8,0.0,1442.1,57.428417748239475,12.54027766361954,12.0,0.0,111.80404618626575,0.0,15.031135203632456,1442.1
R0358,62.0,1,0,0,0,99.1,1982.7,3725.1,5806.9,9.237901199264096,0.0965661613487268,0.0965661613487268,9.141335037915368,3.206345404451619,4661.216513209094,20.954250977326385,5807.0
R0359,54.0,1,2,1,1,2140.2,134.0,0.0,2274.2,156.30922154255384,16.830584894884623,12.0,0.0,133.962917152245,0.0,17.963029982950797,2274.2
R0360,59.0,1,1,1,1,1680.2,654.5,433.2,2767.9,19.809516780844092,8.078500809146936,8.078500809146936,3.921499190853064,590.3449799303401,497.3858876162652,6.887032752016722,1874.0
R0361,56.0,0,0,1,1,1002.5,501.8,296.5,1800.8,87.15140879905334,5.9610550200908765,5.9610550200908765,6.0389449799091235,65.9713863012677,732.4174267167141,25.994274451404806,1800.8
R0362,59.0,1,2,1,1,1279.7,843.2,419.1,2542.0,23.004878865621777,6.566360925173641,6.566360925173641,5.433639074826359,131.81453712841193,1130.4673177429381,7.240174538865504,1499.7
R0363,60.0,1,0,1,1,1818.5,308.5,1096.6,3223.6,58.32439763322907,58.32439763322907,12.0,0.0,308.5132563594528,0.0,25.86228393262105,3223.7
R0364,63.0,0,0,1,1,2141.7,184.9,216.9,2543.5,33.9099871978611,33.9099871978611,12.0,0.0,184.90123742951357,0.0,25.50599144200263,2543.5
R0365,59.0,0,1,1,1,2231.1,207.4,270.6,2709.1,96.5645381896583,47.36117062240573,12.0,0.0,477.9720169237977,0.0,28.17559500690148,2709.1
R0366,68.0,1,2,1,0,900.5,903.3,0.0,1803.8,44.67451379412261,8.3122708747574,8.3122708747574,3.6877291252425994,232.00584583907292,671.2768606105809,21.945624987636787,1803.7
R0367,82.0,0,2,1,1,2050.2,71.6,374.7,2496.5,11.854555665953072,11.854555665953072,11.854555665953072,0.0,122.44060933286737,0.0,9.854967218528412,1818.9
R0368,75.0,0,3,0,0,468.3,333.7,2627.5,3429.5,3.860021436981572,3.0120640491371025,3.0120640491371025,0.8479573878444695,117.67231764289885,911.9168949844313,16.606305874896904,3429.5
R0369,71.0,1,2,1,1,2148.6,307.3,1714.2,4170.1,16.048567424339637,16.048567424339637,12.0,0.0,307.259297489149,0.0,16.546383844091295,4170.1
R0370,56.0,1,1,0,0,414.0,57.2,367.1,838.3,3.9967223891370365,3.9967223891370365,3.9967223891370365,0.0,57.19606539512301,0.0,21.175991675565957,838.3
R0371,74.0,1,1,1,0,235.3,37.8,453.0,726.1,1.2438911235199426,1.2438911235199426,1.2438911235199426,0.0,37.777734172020445,0.0,15.147300777697046,726.1
R0372,83.0,0,2,0,0,1282.5,303.6,424.0,2010.1,10.724906274745127,10.724906274745127,10.724906274745127,0.0,303.6040010291365,0.0,22.21627411125884,2010.1
R0373,51.0,1,1,0,1,1481.5,96.6,473.3,2051.4,7.952680987011382,7.952680987011382,7.952680987011382,0.0,96.61053280553254,0.0,10.893777122348105,2051.5
R0374,54.0,1,1,1,1,2131.0,431.5,426.7,2989.2,77.64330525015745,25.910981524769262,12.0,0.0,431.51286696305084,0.0,14.48041867551741,2989.2
R0375,63.0,0,1,1,0,113.8,3314.7,1006.8,4435.3,26.641767244137096,0.8795830640247538,0.8795830640247538,11.120416935975246,39.71877918361034,4281.691722035723,19.039521870896507,4435.2
R0376,66.0,1,3,0,0,1262.5,565.5,247.4,2075.4,104.72879660964675,22.90699820418138,12.0,0.0,565.4666651081213,0.0,16.263625229146776,2075.4
R0377,65.0,1,1,1,0,1364.4,330.6,0.0,1695.0,51.84819372432648,28.492504336303547,12.0,0.0,330.6221856823266,0.0,8.940615618456006,1269.7
R0378,62.0,1,2,0,1,2160.2,413.7,101.6,2675.5,129.38574152242882,32.772505093024286,12.0,0.0,515.2661764139633,0.0,29.179874898300106,2675.5
R0379,69.0,1,1,1,0,113.7,0.2,48.0,161.9,0.029873809411820558,0.029873809411820558,0.029873809411820558,0.0,0.20892322679878106,0.0,22.591089651275315,161.8
R0380,57.0,1,4,1,0,207.5,40.1,320.9,568.5,1.3734103277946659,1.3734103277946659,1.3734103277946659,0.0,40.07361618292872,0.0,25.99284186698462,568.5
R0381,63.0,0,2,1,0,346.0,616.2,34.6,996.8,26.927983005054262,2.1886386557888624,2.1886386557888624,9.811361344211138,54.946433346196756,595.7948338650546,14.579057910939515,996.7
R0382,70.0,0,1,0,0,111.8,1474.9,1109.2,2695.9,43.13543161078612,0.19673673836842098,0.19673673836842098,11.80326326163158,3.759853951715966,2580.3757498112236,28.677501844058096,2695.9
R0383,49.0,1,0,1,1,2120.6,412.4,0.0,2533.0,44.65154535762886,11.168694022996114,11.168694022996114,0.8313059770038862,277.64783849189797,134.77713794894447,25.49873041326822,2533.0
R0384,73.0,1,1,1,1,170.6,30.2,0.0,200.8,0.7929913010231096,0.7929913010231096,0.7929913010231096,0.0,30.19737866315611,0.0,29.508149894109263,200.8
R0385,61.0,1,2,1,0,97.4,738.3,2890.3,3726.0,10.54702477090283,0.7031824642603713,0.7031824642603713,9.84384230664246,7.99861944155971,3310.257457988172,10.73746205735533,3725.9
R0386,55.0,1,2,1,1,834.7,7.9,392.0,1234.6,4.760032696297285,4.760032696297285,4.760032696297285,0.0,7.857317721614264,0.0,17.45206743841782,1234.6
R0387,46.0,1,2,0,1,325.3,6061.9,488.9,6876.1,67.32584942401475,1.8212888844860244,1.8212888844860244,10.178711115513975,161.87437296519445,6388.923095756966,15.260375857736864,6876.1
R0388,70.0,1,2,1,1,2254.6,330.6,0.0,2585.2,23.805186495224145,18.56169624374112,12.0,0.0,330.61930826524934,0.0,20.733479894472886,2585.2
R0389,56.0,1,2,0,0,466.2,3131.8,302.0,3900.0,12.777431714405203,3.898247371105003,3.898247371105003,8.101752628894996,215.1801481327074,3218.567515430185,12.005273608031043,3900.0
R0390,79.0,0,0,0,0,1351.7,216.8,0.0,1568.5,73.2047958597933,15.242427099311513,12.0,0.0,216.7820144901281,0.0,8.411334954016471,1165.7
R0391,83.0,1,3,0,0,1115.1,474.8,1045.2,2635.1,56.07225374073455,26.776572770762964,12.0,0.0,474.75932235501404,0.0,17.43879808389395,2635.1
R0392,63.0,0,1,1,1,1703.7,158.6,129.4,1991.7,12.230230385039395,12.230230385039395,12.0,0.0,287.96014200239915,0.0,21.347326476471203,1991.6
R0393,70.0,1,2,0,1,1246.8,35.5,2223.8,3506.1,6.062727416757411,6.062727416757411,6.062727416757411,0.0,35.46744588817569,0.0,15.216370043791436,3506.1
R0394,73.0,1,2,1,0,1258.4,423.2,0.0,1681.6,17.037783712488125,17.037783712488125,12.0,0.0,423.1858119740478,0.0,29.698544225190894,1681.6
R0395,44.0,1,0,1,1,2163.3,239.1,0.0,2402.4,73.06730277061862,24.29896728782951,12.0,0.0,239.06990465370305,0.0,15.743730531573556,2402.3
R0396,57.0,1,0,0,1,2211.3,202.1,0.0,2413.4,59.012104983007106,59.012104983007106,12.0,0.0,202.1403677526823,0.0,13.195573018507513,2413.5
R0397,67.0,1,0,0,0,1019.2,474.9,0.0,1494.1,16.45104342572634,9.45061447202187,9.45061447202187,2.5493855279781297,172.11083520338758,302.7938878711503,25.533547802388277,1494.1
R0398,56.0,1,1,0,1,2139.8,253.0,0.0,2392.8,13.168086164410056,13.168086164410056,12.0,0.0,253.02090316625078,0.0,17.200555272787106,2392.8
R0399,77.0,1,0,1,1,1924.1,146.7,0.0,2070.8,55.79229451239368,35.88948342016471,12.0,0.0,146.6793668176546,0.0,12.557202784780971,2070.8
R0400,68.0,1,3,1,0,226.0,1320.2,628.4,2174.6,31.604021270634078,1.7890521756958537,1.7890521756958537,10.210947824304146,34.54087363809575,1914.0841212106288,12.875784587318556,2174.7
R0401,64.0,0,4,1,0,1349.3,366.6,0.0,1715.9,28.55274618475392,25.04023924540945,12.0,0.0,366.56612356736866,0.0,28.73173894186172,1715.9
R0402,85.0,1,4,0,0,706.1,1832.5,6864.4,9403.0,30.109914669590495,5.149123339574702,5.149123339574702,6.850876660425298,6726.787435994152,1970.171328153996,29.08168195583813,9403.1
R0403,58.0,1,1,1,0,306.9,2043.4,767.2,3117.5,10.16376319747194,2.4185265431784266,2.4185265431784266,7.745236654293514,93.36801655608188,2113.1589202635037,21.50968550983169,3117.5
R0404,64.0,1,1,1,1,2034.3,370.3,0.0,2404.6,44.64016420091844,31.398271979518093,12.0,0.0,370.32231968740103,0.0,12.69043144019433,2404.6
R0405,55.0,1,1,0,1,1895.6,205.9,3122.4,5223.9,9.462453171016168,9.462453171016168,9.462453171016168,0.0,205.89727014995327,0.0,23.07285704925564,5223.9
R0406,70.0,0,2,1,0,85.4,2323.0,133.8,2542.2,33.9316714910699,0.9202286941844167,0.9202286941844167,11.079771305815584,29.211182255517677,2293.757927943184,11.202467566466611,2377.0
R0407,72.0,1,1,0,1,1853.9,240.2,0.0,2094.1,45.02068129905241,45.02068129905241,12.0,0.0,240.2170928589415,0.0,13.730032497934463,2094.2
R0408,57.0,0,5,1,0,1076.1,251.7,80.6,1408.4,8.906429345910714,8.906429345910714,8.906429345910714,0.0,251.65055771106657,0.0,19.00167263286637,1408.4
R0409,64.0,1,0,1,0,106.7,826.1,480.4,1413.2,48.24395442320736,0.5964516288883067,0.5964516288883067,11.403548371111693,6.572380463794354,1299.9071758195255,15.627459867949096,1413.2
R0410,68.0,0,1,1,0,452.5,808.0,0.0,1260.5,58.147619893142625,4.18353676659527,4.18353676659527,7.81646323340473,61.2838251857967,746.7513001752488,14.424572703230083,1260.6
R0411,63.0,1,1,0,0,85.2,1207.3,769.5,2062.0,29.066688004174324,0.49863132134321453,0.49863132134321453,11.501368678656785,7.972724902459123,1968.7887099694958,29.379226307675715,2061.9
R0412,66.0,1,1,0,0,787.2,323.3,721.2,1831.7,78.71694604229265,6.2694671610212005,6.2694671610212005,5.7305328389787995,46.44042696062228,739.2256492365474,10.084948187513977,1739.2
R0413,65.0,1,2,0,0,1391.5,102.6,0.0,1494.1,62.911443930436256,12.184822560711853,12.0,0.0,102.63627909075372,0.0,20.730685414786027,1494.2
R0414,69.0,1,1,1,0,110.9,8.8,5499.1,5618.8,0.7282833545681338,0.7282833545681338,0.7282833545681338,0.0,8.771911605309395,0.0,6.924993347612389,5618.8
R0415,55.0,0,1,1,0,333.4,971.9,324.1,1629.4,29.847596940541482,2.7950863599794546,2.7950863599794546,9.204913640020546,196.23193744461634,1099.7105476674187,8.201153691213706,1075.0
R0416,73.0,0,1,1,0,930.6,553.7,573.1,2057.4,17.98880850253214,7.305458668692493,7.305458668692493,4.694541331307507,106.65957684425123,1020.0931362507831,11.039904120281388,1392.9
R0417,66.0,0,2,1,0,1206.9,292.2,0.0,1499.1,39.12922448413976,35.087904767048094,12.0,0.0,292.22213371688616,0.0,29.800468704347153,1499.1
R0418,70.0,1,1,1,0,596.0,745.4,263.5,1604.9,12.892491327230319,4.083771421902131,4.083771421902131,7.916228578097869,54.638515227669295,954.2647882951583,23.434191341467198,1604.9
R0419,60.0,1,0,0,1,1104.5,414.0,869.6,2388.1,105.34319796871411,5.208957139357768,5.208957139357768,6.791042860642232,43.57042714961377,1240.0906447855853,26.83291429510077,2388.2
R0420,73.0,1,1,0,0,1436.7,91.0,88.5,1616.2,16.70801765158044,16.70801765158044,12.0,0.0,179.55567821605229,0.0,7.187610831281197,1012.3
R0421,78.0,1,1,0,0,1423.4,110.6,285.0,1819.0,25.886101839761004,25.886101839761004,12.0,0.0,110.56523243504253,0.0,22.35452286366415,1818.9
R0422,60.0,0,2,0,0,870.6,1080.5,133.7,2084.8,54.22703557958651,7.871730256892222,7.871730256892222,4.128269743107778,244.44033936589878,969.7508830800783,16.558475506464138,2084.8
R0423,46.0,1,1,1,1,1724.1,482.8,0.0,2206.9,61.034568222652425,9.118634963520282,9.118634963520282,2.8813650364797176,157.74745302719853,325.08297871289415,15.994078765328386,2206.9
R0424,73.0,0,4,1,0,1410.2,667.4,0.0,2077.6,37.414522711221906,16.609030699188956,12.0,0.0,667.3841550543841,0.0,22.99811506195132,2077.6
R0425,56.0,1,0,0,1,1514.2,191.1,1671.7,3377.0,8.564552759368677,8.564552759368677,8.564552759368677,0.0,191.11856389703752,0.0,13.399654812853933,3377.0
R0426,59.0,1,1,1,1,567.2,29.2,129.3,725.7,2.251727385577813,2.251727385577813,2.251727385577813,0.0,29.17685995142526,0.0,18.323227758504594,725.7
R0427,58.0,1,3,0,1,2158.5,661.7,0.0,2820.2,22.597326796559624,22.597326796559624,12.0,0.0,661.7276720978167,0.0,12.257393323769193,2820.2
R0428,72.0,1,1,0,0,682.1,1012.9,2273.5,3968.5,12.501546475309736,5.628432477352709,5.628432477352709,6.371567522647291,120.82934366621076,3165.5141482171507,15.393697694217806,3968.5
R0429,70.0,1,1,1,0,1201.0,311.9,0.0,1512.9,15.721182436772258,11.335396619730782,11.335396619730782,0.6646033802692184,225.63320753159059,86.27644973552495,18.799828204914053,1512.9
R0430,61.0,1,0,1,1,2218.0,430.5,0.0,2648.5,27.887112141044902,27.887112141044902,12.0,0.0,430.4980583920628,0.0,9.789144067830316,2199.6
R0431,61.0,1,2,1,0,356.5,2587.4,1687.7,4631.6,55.86773213726146,2.0315398517555217,2.0315398517555217,9.968460148244478,78.40246654245702,3848.7188172090555,12.628490925724886,4631.5
R0432,77.0,0,2,1,1,1091.2,165.5,120.7,1377.4,5.061957593127048,5.061957593127048,5.061957593127048,0.0,165.46391636484492,0.0,16.08974172531697,1377.3
R0433,55.0,1,1,0,1,2187.3,209.7,0.0,2397.0,93.66215988484079,51.649613522611745,12.0,0.0,209.6985518609496,0.0,17.34595148467573,2397.0
R0434,73.0,0,3,0,1,2240.4,522.5,404.4,3167.3,29.54112111514523,11.137971734871186,11.137971734871186,0.8620282651288136,347.22044315716323,175.26052359456236,25.200095232264438,3167.3
R0435,55.0,0,1,1,1,2075.4,397.4,0.0,2472.8,46.96603962187485,13.108043121418463,12.0,0.0,397.4240672947881,0.0,21.430802732822386,2472.8
R0436,71.0,1,1,1,0,216.4,4399.4,0.0,4615.8,30.63809355136984,1.956706844043532,1.956706844043532,10.043293155956468,127.61463798289238,4271.833246213673,19.499761596530817,4615.9
R0437,67.0,1,0,1,0,1335.8,196.9,0.0,1532.7,46.6666313617218,46.6666313617218,12.0,0.0,196.86341134305025,0.0,26.87681744880952,1532.7
R0438,71.0,0,1,0,1,1748.3,420.5,378.1,2546.9,63.752846628505345,9.856280710720165,9.856280710720165,2.1437192892798347,173.87407232572738,449.304540483873,10.736372754642328,2198.8
R0439,75.0,1,1,0,0,1188.8,106.4,426.9,1722.1,9.627657678349806,9.627657678349806,9.627657678349806,0.0,106.3992246796022,0.0,8.49799284427284,1163.8
R0440,57.0,1,0,1,1,181.8,1801.9,5528.5,7512.2,34.48555810232837,0.5696849467365097,0.5696849467365097,11.43031505326349,13.665730850490581,7316.732758998075,15.449405120825652,7512.2
R0441,73.0,0,1,1,1,616.7,1021.2,0.0,1637.9,51.95339578719708,3.399490414582424,3.399490414582424,8.600509585417576,58.35553628072403,962.843827988336,9.292558933374677,1334.8
R0442,64.0,1,1,0,1,559.0,50.5,0.0,609.5,2.944840007811278,2.944840007811278,2.944840007811278,0.0,50.54862092201547,0.0,19.343544914420796,609.5
R0443,65.0,1,1,1,1,413.7,988.7,705.8,2108.2,16.762958394914317,2.585526615601414,2.585526615601414,9.414473384398587,39.95374683550441,948.7853181398883,19.767439969581236,2108.2
R0444,52.0,1,4,1,0,113.0,6307.7,4131.0,10551.7,62.18056369335391,0.7363302184856354,0.7363302184856354,11.263669781514364,62.59932891973252,9546.405651879639,9.158245193992563,7474.6
R0445,68.0,0,0,1,1,2256.0,234.2,0.0,2490.2,28.010501944001422,28.010501944001422,12.0,0.0,234.2108278499264,0.0,23.18529587271344,2490.2
R0446,49.0,1,2,1,0,1299.0,360.6,530.4,2190.0,10.31024913150596,10.31024913150596,10.31024913150596,0.0,360.6070117268714,0.0,19.356947602214667,2190.0
R0447,65.0,0,0,1,0,116.0,342.3,863.2,1321.5,5.846277991694669,0.5096402203992002,0.5096402203992002,5.336637771295469,4.939976800837201,872.4698609331783,16.156367862471384,1321.6
R0448,54.0,0,1,0,1,2052.2,411.5,0.0,2463.7,12.790255340885555,12.790255340885555,12.0,0.0,411.514924242413,0.0,28.019562559183395,2463.7
R0449,61.0,1,1,0,0,926.2,572.9,1790.6,3289.7,46.18788817741403,7.4781378478981635,7.4781378478981635,4.5218621521018365,115.88901609154684,2247.606460636864,26.541895065200237,3289.7
R0450,42.0,1,1,0,1,2208.9,129.2,0.0,2338.1,34.23170022015527,34.23170022015527,12.0,0.0,129.19050319304858,0.0,11.303259930356807,2330.6
R0451,73.0,1,0,1,1,2196.2,124.2,0.0,2320.4,39.72547800410958,39.72547800410958,12.0,0.0,124.22369839592547,0.0,9.997996236619656,1933.7
R0452,81.0,1,6,1,0,94.4,18.7,1084.2,1197.3,0.938903350797667,0.938903350797667,0.938903350797667,0.0,18.72202361733466,0.0,27.97287369395322,1197.4
R0453,67.0,0,2,0,0,219.2,995.1,1786.9,3001.2,39.982924675208295,1.2959770497712826,1.2959770497712826,10.704022950228717,18.137249458998415,2320.9097255682245,9.774045324330494,2798.1
R0454,54.0,1,1,1,0,790.0,475.5,706.4,1971.9,45.47503001988086,6.727123893440206,6.727123893440206,5.272876106559794,77.79123547588166,1104.0841559844625,24.172951834046916,1971.9
R0455,68.0,1,2,1,0,343.1,1116.3,745.0,2204.4,97.29618424463804,2.0962665001822556,2.0962665001822556,9.903733499817744,35.09053094639696,1826.213976549039,13.500408379490729,2204.4
R0456,77.0,0,4,1,1,1354.9,296.1,880.7,2531.7,7.429686688445151,7.429686688445151,7.429686688445151,0.0,296.1046739985532,0.0,14.668448319180333,2531.6
R0457,60.0,1,1,1,0,234.7,424.7,998.7,1658.1,6.805843771916864,1.6100690509559226,1.6100690509559226,5.195774720960942,19.2640871225965,405.4316672665443,19.289391503226653,1658.1
R0458,64.0,1,3,0,1,828.2,839.2,1028.6,2696.0,6.66110812478107,4.598570238567106,4.598570238567106,2.0625378862139643,213.80818773509287,625.4129445939153,28.223140018160095,2696.0
R0459,67.0,0,4,0,0,547.1,130.8,1984.0,2661.9,4.947607760503558,4.947607760503558,4.947607760503558,0.0,130.83351341140104,0.0,6.049364233550876,2661.9
R0460,67.0,1,4,1,0,1369.0,857.1,37.7,2263.8,16.727394562286012,11.225321194020148,11.225321194020148,0.7746788059798515,628.8246149798861,266.03047620830006,9.894896025655678,1699.6
R0461,69.0,1,0,1,0,420.0,972.3,4658.9,6051.2,72.31099684676279,3.7385955309922356,3.7385955309922356,8.261404469007765,63.08784015555162,5568.131618662177,23.285082687838774,6051.2
R0462,51.0,1,0,0,1,2138.5,154.5,0.0,2293.0,40.26168657883297,17.917575108992825,12.0,0.0,154.48666844871934,0.0,15.467196706187899,2293.0
R0463,56.0,1,0,1,1,1719.2,857.2,256.1,2832.5,101.8112378641307,9.398174658890614,9.398174658890614,2.601825341109386,305.55887380205587,807.8358741843649,12.907450077523144,2832.6
R0464,72.0,1,0,1,1,1085.7,276.6,0.0,1362.3,63.54446410201752,6.217608990255546,6.217608990255546,5.782391009744454,39.15558311194394,237.48772529620086,29.109495795060994,1362.3
R0465,66.0,0,0,1,1,497.3,1206.6,1766.0,3469.9,27.24492400583993,3.3874887332068058,3.3874887332068058,8.612511266793195,68.63200944354554,2903.9606431758293,12.336682159782711,3469.9
R0466,78.0,1,3,1,0,1301.1,401.0,1448.8,3150.9,14.663761480986173,14.663761480986173,12.0,0.0,1849.7740455916085,0.0,23.140006988841332,3150.9
R0467,45.0,1,0,0,1,2141.4,91.7,0.0,2233.1,225.15606909300897,91.16962730117352,12.0,0.0,91.70524964659614,0.0,29.14141605822132,2233.1
R0468,55.0,1,1,0,1,2065.7,367.2,0.0,2432.9,90.98854019476897,10.031799289096153,10.031799289096153,1.9682007109038473,161.06755655088568,206.09243157118445,24.3063853499145,2432.8
R0469,83.0,1,3,1,0,182.3,190.4,1880.9,2253.6,2.075100136176847,1.1785384212251089,1.1785384212251089,0.8965617149517382,31.94622649942629,1463.2804436054448,23.025936862092284,2253.7
R0470,57.0,1,1,1,1,2232.0,80.3,234.1,2546.4,60.6127120807558,18.99642070813924,12.0,0.0,80.31772362985359,0.0,23.356961106424563,2546.4
R0471,79.0,1,2,1,1,894.8,616.0,1250.9,2761.7,31.10145555628402,4.185798195415291,4.185798195415291,7.814201804584709,720.4284209938331,1146.4401352535128,25.3254265639427,2761.7
R0472,71.0,0,2,1,1,1650.3,1137.0,0.0,2787.3,40.318132072338415,8.684779256214515,8.684779256214515,3.315220743785485,325.819405813079,811.1366732229097,12.50912757407815,2787.2
R0473,64.0,1,1,1,0,238.5,1012.4,1632.9,2883.8,48.93037529299266,1.9013631260883121,1.9013631260883121,10.098636873911687,28.40637518858772,2616.88002938416,21.040481404282193,2883.7
R0474,65.0,0,1,1,1,2077.6,281.9,0.0,2359.5,21.686389426791376,21.686389426791376,12.0,0.0,281.8605862772828,0.0,25.26926145704561,2359.4
R0475,59.0,1,0,1,0,870.9,391.9,0.0,1262.8,39.16462267555248,9.780206509193029,9.780206509193029,2.219793490806971,158.01050335224704,233.8912248032434,27.31751139112398,1262.8
R0476,63.0,1,2,0,0,1402.7,420.6,0.0,1823.3,56.212739818144925,17.04420982891702,12.0,0.0,420.56031212912006,0.0,27.740019676993395,1823.3
R0477,60.0,1,2,1,0,703.9,701.6,0.0,1405.5,12.672107047237127,5.062844302867081,5.062844302867081,6.937155697132919,70.61422995067171,631.019122887386,27.693513446099903,1405.5
R0478,72.0,1,0,0,1,1954.9,312.4,267.9,2535.2,31.130553212814462,11.121813906103094,11.121813906103094,0.8781860938969057,206.22284769140978,374.05189912450084,8.343211187156946,1620.9
R0479,67.0,0,3,1,0,1394.0,351.7,0.0,1745.7,71.71336872718126,13.722038012148312,12.0,0.0,351.6696258947003,0.0,15.033746097069153,1745.7
R0480,70.0,1,4,1,0,159.3,995.2,206.7,1361.2,22.51272505163592,1.3292566402114219,1.3292566402114219,10.670743359788577,18.652471220766376,1183.2455942783517,16.95341000377006,1361.2
R0481,62.0,0,3,1,0,109.4,602.9,6362.7,7075.0,6.525896581142736,0.24765232945902824,0.24765232945902824,6.278244251683708,3.624588762507237,6540.810254444667,27.400449695205992,7075.0
R0482,67.0,0,2,0,0,1380.4,490.3,235.5,2106.2,16.237447571174922,16.237447571174922,12.0,0.0,725.8232164519451,0.0,16.062086865116722,2106.2
R0483,56.0,1,0,1,1,1672.7,430.0,0.0,2102.7,97.4232662182858,10.583201367931064,10.583201367931064,1.4167986320689359,229.58674669992024,200.44780568246267,12.357890480619133,2102.7
R0484,44.0,1,3,1,0,220.2,89.4,1220.8,1530.4,1.712872658200231,1.712872658200231,1.712872658200231,0.0,89.3943250597681,0.0,6.4766105558222,1530.3
R0485,47.0,1,0,0,0,1328.2,301.5,0.0,1629.7,184.88270122699657,73.38498653132046,12.0,0.0,301.5238595495344,0.0,12.93010266629197,1629.7
R0486,52.0,0,1,1,1,1320.5,683.0,3004.9,5008.4,71.58821816279502,6.378752713765858,6.378752713765858,5.621247286234142,101.2304793293886,3586.671802027717,24.73738043360227,5008.4
R0487,56.0,1,2,1,0,321.5,809.4,1320.9,2451.8,12.357303534042423,2.5974321249803127,2.5974321249803127,9.402567875019688,143.886879352005,1986.3277246499015,6.484102513436438,675.4
R0488,61.0,1,1,1,0,697.5,483.2,0.0,1180.7,20.028603172017934,5.003971901215332,5.003971901215332,6.996028098784668,47.755488809154755,435.43506626453876,9.959854270763703,1053.7
R0489,70.0,0,2,0,0,1197.6,538.5,0.0,1736.1,43.980810194156234,9.281834589997898,9.281834589997898,2.7181654100021024,185.0615480158828,353.4448602577179,13.463242100317546,1736.1
R0490,69.0,1,2,1,0,904.5,148.1,513.6,1566.2,7.8220951393945795,7.8220951393945795,7.8220951393945795,0.0,195.77311737670925,0.0,18.768265725228495,1566.2
R0491,66.0,1,2,1,0,1314.2,407.0,0.0,1721.2,25.24672105550964,25.24672105550964,12.0,0.0,406.99832660676265,0.0,14.713039636675528,1721.2
R0492,80.0,1,1,0,0,1061.4,187.2,946.8,2195.4,8.890275375644165,8.890275375644165,8.890275375644165,0.0,187.24639618780992,0.0,27.18335267015438,2195.5
R0493,65.0,1,0,1,0,798.1,527.2,1289.9,2615.2,13.7680802591136,6.157994908362484,6.157994908362484,5.842005091637516,73.35441587135806,1497.5371967517497,10.979463092444746,2535.9
R0494,65.0,0,1,0,1,188.4,1221.4,0.0,1409.8,45.403624555078984,0.2582331169606997,0.2582331169606997,11.7417668830393,4.1049425669537465,1217.2843111190289,19.479225610056567,1409.8
R0495,73.0,1,1,1,0,1159.6,406.3,0.0,1565.9,30.596342703148753,10.59615857710747,10.59615857710747,1.4038414228925298,217.96121648771555,188.32685329939574,24.66762012330479,1565.8
R0496,53.0,1,2,1,1,178.5,1293.0,4117.6,5589.1,13.120565395034639,0.1874739033269627,0.1874739033269627,11.812526096673038,687.2862785324918,3685.620749616549,28.310597498255675,5589.2
R0497,70.0,1,3,1,0,1325.0,360.9,0.0,1685.9,17.586473366865704,15.205967898351213,12.0,0.0,360.9309388541427,0.0,26.963526560193014,1685.9
R0498,59.0,0,0,1,1,2052.8,303.4,734.0,3090.2,33.59594116620243,33.59594116620243,12.0,0.0,1037.3264953936946,0.0,9.252504089776334,2678.6
R0499,79.0,0,3,1,1,1320.3,85.3,136.9,1542.5,6.378368217292628,6.378368217292628,6.378368217292628,0.0,85.33538940985359,0.0,25.003201911494145,1542.5
R0500,68.0,1,0,1,1,1783.1,155.5,0.0,1938.6,55.030686662856354,55.030686662856354,12.0,0.0,155.4996603407523,0.0,22.20831046795227,1938.6
R0501,63.0,1,1,1,0,197.8,265.0,808.0,1270.8,5.4043377152481025,1.0592891340196222,1.0592891340196222,4.345048581228481,9.548902964590146,799.0800124450896,16.11848537728809,1270.8
R0502,73.0,1,1,1,0,571.6,937.6,1428.7,2937.9,100.63185828362734,4.987872975786579,4.987872975786579,7.012127024213421,92.21027985793114,2274.1316468663445,6.613610375099115,2288.5
R0503,43.0,1,0,0,1,1488.9,476.0,1021.5,2986.4,28.56919254339709,7.203737859288785,7.203737859288785,4.796262140711215,89.10176048752602,1408.4287569632231,10.031555302991672,1806.1
R0504,88.0,1,0,1,1,2234.9,180.6,578.6,2994.1,62.736297884205825,14.405773289268822,12.0,0.0,759.2037122680296,0.0,23.987059829569386,2994.1
R0505,74.0,1,2,1,0,213.7,23.1,961.5,1198.3,1.417688067048612,1.417688067048612,1.417688067048612,0.0,23.063698211636563,0.0,8.016114426642591,1198.3
R0506,59.0,0,1,1,1,1808.2,355.6,764.1,2927.9,17.681520085446717,10.415837532383422,10.415837532383422,1.5841624676165775,178.5079632158889,941.1671461888761,13.503598199713538,2927.8
R0507,51.0,1,1,1,0,1408.7,208.2,0.0,1616.9,13.173576717233558,11.922657956229436,11.922657956229436,0.07734204377056386,199.77485954762628,8.451753387531351,12.125098518638506,1616.9
R0508,62.0,1,1,0,0,235.0,878.5,260.1,1373.6,47.14676076396942,1.7021323674779842,1.7021323674779842,10.297867632522015,21.714417271975297,1116.9011570214957,23.906421525567374,1373.6
R0509,52.0,1,0,1,1,373.6,160.9,177.5,712.0,3.224930768965881,1.6382917402734076,1.6382917402734076,1.5866390286924732,21.992246380284705,138.90564858479232,14.61743590023162,712.1
R0510,76.0,1,1,1,0,1284.1,336.0,323.0,1943.1,24.197556124041398,16.052863553566972,12.0,0.0,336.0422360125649,0.0,8.092517783730045,1512.7
R0511,53.0,0,1,0,1,556.0,51.0,465.4,1072.4,2.884942438775996,2.884942438775996,2.884942438775996,0.0,50.95751705523452,0.0,14.890610443586798,1072.4
R0512,52.0,1,1,1,1,2100.3,141.6,0.0,2241.9,21.61643551613524,15.127233890285831,12.0,0.0,141.61237367692803,0.0,13.843917041248364,2241.9
R0513,66.0,1,2,0,0,230.4,19.0,314.5,563.9,1.6129727178904725,1.6129727178904725,1.6129727178904725,0.0,19.032089536406374,0.0,23.208512815665536,563.9
R0514,53.0,1,1,1,1,2147.0,204.8,0.0,2351.8,16.344237739628888,16.344237739628888,12.0,0.0,204.8438627113568,0.0,13.682933284768511,2351.9
R0515,79.0,1,5,1,0,891.9,1742.3,0.0,2634.2,16.711694004352143,7.88569386251901,7.88569386251901,4.11430613748099,395.74466004294067,1346.5893554200804,22.646775578208956,2634.3
R0516,65.0,1,1,0,0,454.1,1524.5,0.0,1978.6,13.339928473151744,3.914399027597481,3.914399027597481,8.085600972402519,105.34497680067959,1419.1374631013443,18.926266882410218,1978.6
R0517,77.0,1,1,1,0,583.9,144.1,438.7,1166.7,4.098840670455236,4.098840670455236,4.098840670455236,0.0,144.09335959425394,0.0,27.30558788938732,1166.7
R0518,71.0,1,0,1,0,1251.7,235.5,0.0,1487.2,41.3188030483927,13.903066751784566,12.0,0.0,235.5373305107037,0.0,23.600764150646107,1487.3
R0519,47.0,1,1,0,1,729.4,1364.1,0.0,2093.5,221.79442291955172,3.869874482995664,3.869874482995664,8.130125517004336,92.78564701423839,1271.2898947962585,15.790049820873275,2093.5
R0520,54.0,0,5,0,0,908.9,1194.9,218.2,2322.0,33.7622658984843,7.495858432305096,7.495858432305096,4.504141567694904,461.09952066207467,952.0030693934802,17.637828436762664,2322.0
R0521,69.0,0,3,1,0,985.4,187.6,362.3,1535.3,8.408312664647523,8.408312664647523,8.408312664647523,0.0,187.55252724041839,0.0,17.313258236768082,1535.3
R0522,67.0,0,4,1,0,328.5,2206.8,2995.0,5530.3,14.339384547213669,2.615230880333165,2.615230880333165,9.384769119666835,90.42854860312143,5111.296930387649,26.9208575404446,5530.3
R0523,69.0,1,0,1,1,2272.1,187.7,0.0,2459.8,35.750692103270815,35.750692103270815,12.0,0.0,187.7169002691494,0.0,9.3128681211011,2039.1
R0524,67.0,0,2,0,1,1825.7,561.1,0.0,2386.8,9.14002598829864,9.14002598829864,9.14002598829864,0.0,561.0972722488315,0.0,16.181520298284344,2386.8
R0525,74.0,1,0,0,0,1406.1,133.4,0.0,1539.5,23.04423326287089,23.04423326287089,12.0,0.0,133.41142535505494,0.0,18.83788937955097,1539.5
R0526,63.0,0,2,1,1,1934.6,259.2,0.0,2193.8,28.6829678858675,28.6829678858675,12.0,0.0,259.20057195425244,0.0,16.469347973728706,2193.8
R0527,88.0,1,2,1,0,1409.1,228.1,1267.3,2904.5,15.480331242280995,15.480331242280995,12.0,0.0,1495.4294932372081,0.0,20.35268323197073,2904.5
R0528,71.0,1,2,1,0,1179.2,706.7,0.0,1885.9,15.110598333631454,9.229837476462137,9.229837476462137,2.770162523537863,238.95899752587954,467.73299423683756,17.97223429007638,1885.9
R0529,71.0,1,1,0,1,1796.2,274.2,441.7,2512.1,63.818118058197555,63.818118058197555,12.0,0.0,715.8686354370116,0.0,15.928697823887218,2512.0
R0530,82.0,0,1,1,0,1156.0,391.2,2197.7,3744.9,9.348912679038227,9.348912679038227,9.348912679038227,0.0,391.205518044576,0.0,22.4835113427839,3745.0
R0531,63.0,1,2,1,1,2065.9,149.7,911.2,3126.8,33.57580765080253,18.324405268116802,12.0,0.0,149.7295023223844,0.0,13.903739177003208,3126.8
R0532,47.0,0,0,0,1,1243.1,1075.8,0.0,2318.9,30.827570285711804,6.417077170777647,6.417077170777647,5.582922829222353,161.18788376782322,914.5767973951763,20.565624328056565,2318.9
R0533,62.0,1,0,0,1,1662.0,502.5,1011.8,3176.3,10.816775081299458,8.952069842479592,8.952069842479592,1.864705238819866,213.06897955129295,289.44788338512353,23.485400336012987,3176.3
R0534,66.0,1,2,0,1,1926.8,505.0,239.3,2671.1,20.91521894103198,17.558075571009336,12.0,0.0,744.278526466779,0.0,9.13551925905319,1990.2
R0535,68.0,1,1,1,0,700.9,489.2,401.0,1591.1,25.939566922585755,5.727479320486999,5.727479320486999,6.272520679513001,60.075797782122685,830.0779263715267,13.834850436118368,1591.0
R0536,68.0,1,4,1,0,438.0,317.5,570.7,1326.2,3.8544797395655976,3.38457039401562,3.38457039401562,0.46990934554997743,166.64823933384994,150.89494246844325,28.672909334366526,1326.2
R0537,59.0,1,0,0,0,1364.3,111.5,0.0,1475.8,128.3767858105363,32.83810476396388,12.0,0.0,111.49679627109238,0.0,29.18451090150299,1475.8
R0538,59.0,1,0,1,0,1311.6,118.1,0.0,1429.7,46.05213612849898,19.409688274321027,12.0,0.0,118.14260739914914,0.0,29.817330315255848,1429.8
R0539,58.0,0,1,1,0,1405.8,154.2,952.4,2512.4,118.32290688299985,23.412350992872607,12.0,0.0,154.24532639164374,0.0,7.020620013318502,1979.8
R0540,73.0,1,1,1,0,351.4,1059.6,356.0,1767.0,20.620108536412108,2.4561011749889405,2.4561011749889405,9.543898825011059,40.22433736566817,1375.3943726263785,25.836210453884377,1767.0
R0541,62.0,0,1,1,0,1029.5,124.1,0.0,1153.6,35.57769233683401,23.522442694689886,12.0,0.0,124.11565636749305,0.0,28.446619367861032,1153.7
R0542,67.0,1,3,1,0,1254.7,242.5,0.0,1497.2,30.19223351220572,14.86211865253653,12.0,0.0,242.50721165497652,0.0,27.64666656132585,1497.3
R0543,59.0,0,0,0,1,1964.9,205.2,0.0,2170.1,132.52353772605795,50.45014436198184,12.0,0.0,205.2477893294026,0.0,23.15859128353474,2170.2
R0544,72.0,1,1,0,0,1257.3,292.3,0.0,1549.6,35.089976065832424,18.253138979307064,12.0,0.0,292.2939879575987,0.0,22.21486422930935,1549.6
R0545,60.0,1,0,1,0,673.4,770.5,443.2,1887.1,26.21171582699625,6.879706031478267,6.879706031478267,5.120293968521733,131.62364845892904,1082.1077214394131,23.270558795721275,1887.1
R0546,71.0,1,3,0,1,2227.3,334.3,0.0,2561.6,15.064429085034362,15.064429085034362,12.0,0.0,334.3283562026517,0.0,19.797259635528277,2561.6
R0547,40.0,0,0,0,0,917.2,456.1,0.0,1373.3,24.12942420645343,7.46085768535309,7.46085768535309,4.53914231464691,91.80418607823427,364.2595535114121,24.922081916239595,1373.3
R0548,58.0,0,1,1,0,435.0,824.7,284.6,1544.3,14.09605199679165,3.3909627235073208,3.3909627235073208,8.609037276492678,104.69571647522824,1004.5645721303969,18.046310491215557,1544.3
R0549,57.0,1,0,1,1,2043.5,191.0,0.0,2234.5,79.86159356003198,39.25198569229255,12.0,0.0,190.98036499860916,0.0,11.42249999738948,2225.3
R0550,57.0,1,0,1,0,119.4,1007.3,198.1,1324.8,26.31498470976274,0.5517790174998626,0.5517790174998626,11.448220982500137,7.389757940892879,1198.0516153431718,8.264376599476005,998.6
R0551,65.0,0,1,1,0,1436.7,558.5,0.0,1995.2,48.21942827024753,14.211823639645395,12.0,0.0,558.5202921937716,0.0,27.798137359256938,1995.2
R0552,71.0,1,5,1,0,718.0,946.1,0.0,1664.1,12.176327013506185,8.917825634061447,8.917825634061447,3.0821743659385525,290.7524339083888,655.3676642810979,24.117095553674073,1664.2
R0553,76.0,1,4,0,0,114.2,2892.4,1951.6,4958.2,13.619174082735059,0.7044868245937435,0.7044868245937435,11.295513175406256,442.2718700454607,4401.774681726882,10.253806458248235,4346.9
R0554,54.0,1,0,1,1,2111.5,308.0,0.0,2419.5,110.28581708108784,28.909926192219377,12.0,0.0,308.01499421266544,0.0,25.73899865576214,2419.5
R0555,81.0,1,5,1,0,1415.2,704.5,859.6,2979.3,29.63428531447943,14.37023788150159,12.0,0.0,1319.824658173784,0.0,13.208322070180259,2979.3
R0556,58.0,1,0,1,0,1392.7,255.4,0.0,1648.1,38.206089131910915,16.29458420360932,12.0,0.0,255.38591115934707,0.0,21.25571933060635,1648.1
R0557,71.0,1,2,0,0,355.9,906.3,1354.6,2616.8,13.057296470224756,2.0578223514553877,2.0578223514553877,9.942177648544613,27.879027703903304,2233.0583773805765,14.547668585968768,2616.9
R0558,73.0,1,4,1,0,1053.9,1003.3,411.6,2468.8,50.31285398560513,9.51032168077688,9.51032168077688,2.4896783192231204,548.6748182883515,866.223414914202,11.139914071935431,2250.3
R0559,76.0,1,2,1,0,287.1,43.3,282.6,613.0,2.1159776597014557,2.1159776597014557,2.1159776597014557,0.0,43.2505491749908,0.0,10.214610330787476,613.0
R0560,55.0,1,1,0,0,239.1,22.1,855.3,1116.5,1.3322683969514804,1.3322683969514804,1.3322683969514804,0.0,22.103016489262345,0.0,7.702807457865783,1116.5
R0561,58.0,1,0,1,1,2079.4,311.8,0.0,2391.2,15.331101370495459,10.01823239468683,10.01823239468683,1.9817676053131699,136.13041815756856,175.62252816358728,7.786525353471806,1618.1
R0562,66.0,1,0,1,1,170.2,927.3,2104.1,3201.6,4.760719083314022,0.02769840222125033,0.02769840222125033,4.733020681092772,0.831307490227789,926.4218749561666,7.6581650575819715,3201.6
R0563,62.0,1,2,1,1,1050.2,1443.3,1251.9,3745.4,25.50140002011401,5.5569175199881915,5.5569175199881915,6.4430824800118085,168.5747767291077,2526.5803413531385,8.158050399296918,1733.3
R0564,59.0,1,3,1,0,111.3,153.4,442.8,707.5,1.6047339135949013,0.008125497065629511,0.008125497065629511,1.5966084165292718,0.11963443915570059,339.6891240388203,26.01670293600131,707.6
R0565,68.0,1,0,1,0,345.9,116.3,2238.0,2700.2,4.029025063077351,2.3694608864009132,2.3694608864009132,1.659564176676438,20.88539762745912,95.40050609173711,18.4273998123923,2700.2
R0566,67.0,0,1,1,1,1877.2,453.1,0.0,2330.3,62.48298592788803,44.0640088572941,12.0,0.0,453.108423005605,0.0,9.086016355187265,1907.4
R0567,52.0,1,1,1,0,1080.7,732.0,132.5,1945.2,159.16448447349524,9.920793800667132,9.920793800667132,2.0792061993328677,309.28215107428065,555.2451841122099,18.599871573187436,1945.3
R0568,76.0,1,2,1,0,116.4,1668.2,1080.1,2864.7,20.83597825971972,0.9644261300842374,0.9644261300842374,11.035573869915762,238.4559574060032,2509.876532852509,19.02311523729813,2864.7
R0569,73.0,1,0,0,0,201.8,993.9,1231.9,2427.6,95.13501226668582,1.9366057187305241,1.9366057187305241,10.063394281269476,28.48732056448,2197.332365787666,17.918208838660174,2427.6
R0570,55.0,1,3,1,0,272.2,1686.5,1674.4,3633.1,64.31016176129972,2.724325712977934,2.724325712977934,9.275674287022067,72.67961851388723,3288.2849687604744,10.955672750806325,3451.5
R0571,56.0,1,0,0,0,1408.0,441.3,0.0,1849.3,235.39623375701092,12.370804204648373,12.0,0.0,441.3122645782052,0.0,16.42554929338873,1849.3
R0572,70.0,1,2,1,0,118.9,2163.6,336.8,2619.3,48.374465512847664,0.9454852950220187,0.9454852950220187,11.054514704977981,28.00712116666755,2472.4048290732703,26.90055488566513,2619.3
R0573,70.0,1,1,1,0,1055.4,283.3,0.0,1338.7,93.01704036201845,9.726931155964749,9.726931155964749,2.273068844035251,112.24928628517796,171.0739009463173,15.20965146684178,1338.8
R0574,77.0,1,0,1,0,1391.0,459.7,0.0,1850.7,16.527351928086627,16.527351928086627,12.0,0.0,459.70936349532457,0.0,18.09564582989192,1850.7
R0575,81.0,0,3,1,0,408.7,861.3,3487.2,4757.2,14.570174893193272,3.111628339871988,3.111628339871988,8.888371660128012,224.35621505234832,4124.170173448735,28.32581757780038,4757.2
R0576,79.0,1,1,0,0,830.5,464.4,484.0,1778.9,34.02074978374567,6.449870239691423,6.449870239691423,5.550129760308577,70.23955455196058,878.1564480018114,11.587233550665992,1749.6
R0577,64.0,1,1,0,0,1246.2,732.7,0.0,1978.9,18.032748968360416,18.032748968360416,12.0,0.0,732.6914798544495,0.0,23.412184483349726,1978.9
R0578,63.0,1,0,1,1,177.4,6.1,791.5,975.0,0.38661472486204723,0.38661472486204723,0.38661472486204723,0.0,6.142570951546979,0.0,17.612192028093766,975.1
R0579,50.0,1,1,1,1,497.1,759.2,540.6,1796.9,23.267004226998655,2.678673620502038,2.678673620502038,9.321326379497961,32.04126840621812,1078.6190508522554,24.896829919191397,1796.9
R0580,64.0,1,1,0,0,323.1,317.5,926.1,1566.7,16.192525229395407,2.3258023534070693,2.3258023534070693,9.67419764659293,11.28959004441961,1232.3393186397795,14.632164355818835,1566.7
R0581,77.0,1,4,0,0,235.7,44.7,1117.8,1398.2,1.3854776754830924,1.3854776754830924,1.3854776754830924,0.0,479.8251387925397,0.0,19.016606756974504,1398.2
R0582,69.0,1,1,1,0,930.5,839.7,252.6,2022.8,13.276731442190792,8.992723621179067,8.992723621179067,3.007276378820933,263.97084085635754,828.3392845923796,14.838862647635722,2022.8
R0583,58.0,1,1,1,1,1014.8,608.1,117.2,1740.1,150.967175283503,5.870462560158417,5.870462560158417,6.129537439841583,77.87184297597891,530.2726838399109,26.787581770871082,1740.2
R0584,62.0,1,4,1,0,237.3,1621.3,2228.1,4086.7,8.017299959600765,1.1267545400072054,1.1267545400072054,6.890545419593559,39.657802207405666,3042.227990090296,27.955629351806095,4086.7
R0585,66.0,1,2,1,0,482.4,1060.7,0.0,1543.1,33.81761487489868,4.167579566857425,4.167579566857425,7.832420433142575,80.00891324755119,980.6496692017657,21.163710812498206,1543.0
R0586,60.0,0,0,1,1,307.8,1289.1,2167.9,3764.8,157.75554962625634,1.627305989719611,1.627305989719611,10.372694010280389,30.281191686560422,3426.735200600607,29.544485675107694,3764.9
R0587,61.0,1,3,1,0,1429.5,924.4,0.0,2353.9,44.26646869669381,13.844558562012732,12.0,0.0,924.4166321841902,0.0,23.569336365788367,2353.9
R0588,62.0,1,0,0,1,334.1,1632.3,1517.7,3484.1,108.24231878655318,1.342718472484456,1.342718472484456,10.657281527515543,30.936196804834154,2338.623631654004,25.93017436723754,3484.1
R0589,79.0,0,1,1,0,1136.6,154.7,1117.1,2408.4,9.938572709061399,9.938572709061399,9.938572709061399,0.0,154.70780939884307,0.0,27.473295596686203,2408.4
R0590,65.0,1,3,1,1,2170.8,273.5,0.0,2444.3,19.92352851293316,12.438883728966546,12.0,0.0,273.50361400567067,0.0,12.525738282386886,2444.3
R0591,57.0,0,3,0,0,428.7,888.6,2673.5,3990.8,9.390989754091036,3.891189954984344,3.891189954984344,5.499799799106692,86.9661242341336,3295.8517901795594,29.680270327610618,3990.8
R0592,61.0,0,0,1,1,1272.3,90.7,1318.6,2681.6,6.823348772705961,6.823348772705961,6.823348772705961,0.0,90.70954894409458,0.0,15.369936560227556,2681.6
R0593,51.0,0,0,0,0,99.4,1189.0,815.5,2103.9,128.8983729923935,0.5183391576575657,0.5183391576575657,11.481660842342434,8.174023831570604,1996.3357319961742,17.93310105158044,2103.9
R0594,63.0,0,0,0,1,2230.7,251.4,0.0,2482.1,18.271942267567933,18.271942267567933,12.0,0.0,251.4295924368959,0.0,10.327769559911925,2261.2
R0595,76.0,1,2,1,1,1957.0,230.7,257.1,2444.8,60.34330944987095,19.165418577425516,12.0,0.0,487.7738570836593,0.0,25.715490840079372,2444.8
R0596,50.0,0,2,1,0,109.8,1086.6,818.2,2014.6,183.32568199070803,0.29576732828540914,0.29576732828540914,11.70423267171459,4.193950140087639,1900.5627611535201,14.085543040588568,2014.6
R0597,75.0,0,2,1,0,1076.4,566.5,727.1,2370.0,17.781202557888655,8.750292767275788,8.750292767275788,3.2497072327242122,309.00334076244724,654.4604066532238,22.544266691636025,2370.1
R0598,64.0,1,3,1,0,1429.1,144.4,0.0,1573.5,49.803460103719885,12.61014941043004,12.0,0.0,144.4422014248442,0.0,11.2405342768395,1564.4
R0599,61.0,0,2,1,0,1432.7,256.2,0.0,1688.9,21.669055716947227,15.171066471285995,12.0,0.0,256.2468315813026,0.0,14.43271345332311,1688.9
R0600,75.0,1,2,1,0,299.6,63.8,186.4,549.8,2.6607255217080787,2.6607255217080787,2.6607255217080787,0.0,63.79397526240782,0.0,15.221867670789763,549.9
R0601,56.0,0,1,0,0,812.6,584.5,116.9,1514.0,93.32436493373419,6.332096766799453,6.332096766799453,5.667903233200547,85.48173589818687,615.8696271328656,11.678975854457109,1485.7
R0602,82.0,1,2,1,0,865.6,309.6,810.0,1985.2,20.377924832270804,7.386112668261103,7.386112668261103,4.613887331738897,871.0113985161365,248.5907269029133,6.841522609660525,1623.9
R0603,76.0,0,4,0,1,735.3,56.3,367.3,1158.9,3.1213590423624877,3.1213590423624877,3.1213590423624877,0.0,56.30205288722795,0.0,24.485013986333446,1158.9
R0604,59.0,1,1,1,0,232.9,573.5,113.1,919.5,20.350291657047503,1.3583038025861092,1.3583038025861092,10.641696197413891,33.51462361099854,653.1145762036674,28.808511913360302,919.6
R0605,68.0,1,1,1,1,2102.0,196.1,969.1,3267.2,62.67872877800624,19.0976493366706,12.0,0.0,500.7469965865875,0.0,11.429948581350601,3257.8
R0606,71.0,1,0,1,0,1211.8,200.1,0.0,1411.9,37.28920481433109,12.646474681874695,12.0,0.0,200.06954893980554,0.0,9.903632759296986,1175.0
R0607,69.0,1,1,0,1,1854.5,231.6,244.0,2330.1,41.41880764876105,41.41880764876105,12.0,0.0,231.63794350113835,0.0,14.342500208533867,2330.2
R0608,78.0,0,4,0,0,1311.4,830.7,0.0,2142.1,30.800521725561598,30.800521725561598,12.0,0.0,830.6676464531762,0.0,7.986384039113102,1427.1
R0609,88.0,1,3,1,0,392.5,127.4,1075.8,1595.7,3.1251542146955735,3.1251542146955735,3.1251542146955735,0.0,127.42544604365838,0.0,21.59358901831775,1595.8
R0610,70.0,1,2,0,0,478.2,140.4,2366.7,2985.3,3.671958949000554,3.671958949000554,3.671958949000554,0.0,140.41181387924019,0.0,14.845260460790639,2985.3
R0611,72.0,1,0,1,0,1374.3,284.7,0.0,1659.0,28.643229671159972,28.643229671159972,12.0,0.0,284.685549215556,0.0,19.499485302403528,1658.9
R0612,48.0,1,1,1,0,688.4,576.5,1480.3,2745.2,91.43296257842673,5.895828784005266,5.895828784005266,6.104171215994734,74.36790929037852,1982.4292212390878,27.74039967275917,2745.2
R0613,49.0,1,0,1,1,2212.1,248.3,0.0,2460.4,67.24592022479364,13.975480448638255,12.0,0.0,248.3484454363226,0.0,26.677903893454783,2460.4
R0614,61.0,1,1,0,0,1330.9,116.8,648.2,2095.9,11.995789944005164,11.995789944005164,11.995789944005164,0.0,352.23530160001707,0.0,28.120244617127483,2095.8
R0615,70.0,0,2,0,1,2243.1,362.0,0.0,2605.1,72.73170733837796,19.925493165403967,12.0,0.0,361.9835701664488,0.0,28.44138520251338,2605.1
R0616,69.0,1,2,1,0,432.5,496.3,597.2,1526.0,33.01529784006902,3.6583015250750663,3.6583015250750663,8.341698474924934,31.26996752943913,1062.2521094102067,20.15566464207596,1526.1
R0617,57.0,1,1,1,0,591.7,1405.7,1026.3,3023.7,17.82750267015542,4.099850524176432,4.099850524176432,7.900149475823568,103.61458312620627,2328.4674969063217,18.055206860710815,3023.8
R0618,60.0,1,1,1,1,354.4,39.2,406.0,799.6,1.163627166570156,1.163627166570156,1.163627166570156,0.0,236.9385377205109,0.0,6.902763975289672,799.6
R0619,70.0,0,1,0,0,950.4,950.5,702.3,2603.2,13.373821773349894,7.137787352765953,7.137787352765953,4.862212647234047,174.63671860658064,1478.1072818412167,8.458591473121878,1335.8
R0620,52.0,1,1,1,1,949.5,965.1,1867.5,3782.1,15.375182278173032,4.1142126105583525,4.1142126105583525,7.8857873894416475,71.48549243187313,2761.101150709803,18.574161476990316,3782.1
R0621,73.0,1,3,0,0,352.3,40.0,720.0,1112.3,2.7233681380662063,2.7233681380662063,2.7233681380662063,0.0,39.97227341475914,0.0,26.544199310667864,1112.3
R0622,69.0,1,3,1,0,412.7,2083.9,468.8,2965.4,31.82425234504097,3.2236983895802704,3.2236983895802704,8.77630161041973,111.11301608991234,2441.6240788542286,16.383229457081566,2965.5
R0623,73.0,1,4,1,0,601.1,156.1,1272.0,2029.2,5.78785121815153,5.78785121815153,5.78785121815153,0.0,156.11611515777747,0.0,6.089504694873309,2029.2
R0624,54.0,1,2,0,1,2254.1,465.9,0.0,2720.0,26.908092428046775,26.908092428046775,12.0,0.0,465.8685407214574,0.0,11.095274548684078,2684.8
R0625,58.0,0,3,1,0,116.6,1112.2,1408.3,2637.1,87.3658752478651,0.994987637377405,0.994987637377405,11.005012362622596,15.207164147599386,2505.2550996256155,24.23929003727445,2637.1
R0626,70.0,1,2,1,0,1436.7,284.1,1158.9,2879.7,24.752534632384833,24.752534632384833,12.0,0.0,1443.0249599637095,0.0,9.80203172471467,1429.3
R0627,58.0,1,2,0,1,2242.9,128.7,0.0,2371.6,80.39954686375282,19.248430376393006,12.0,0.0,128.70126529647197,0.0,10.789832043729655,2171.7
R0628,70.0,0,1,1,1,2050.9,216.4,162.7,2430.0,137.904838909887,15.55183114789492,12.0,0.0,379.1133324486111,0.0,12.85286554088276,2430.0
R0629,63.0,0,3,1,0,1046.8,384.7,203.5,1635.0,76.88324565991832,8.995072904280855,8.995072904280855,3.004927095719145,121.02801789318428,467.20992650837275,20.62280103747524,1635.0
R0630,63.0,1,1,0,1,2102.9,181.0,0.0,2283.9,25.36571583956574,25.36571583956574,12.0,0.0,180.98725925730966,0.0,26.073733314497836,2283.9
R0631,75.0,0,1,0,0,875.4,1063.2,684.7,2623.3,135.512246034878,7.144027699712013,7.144027699712013,4.855972300287987,195.68879608096228,1552.179960743398,11.253476098270045,2489.9
R0632,45.0,1,0,1,1,1761.5,142.9,564.3,2468.7,199.72651234285604,72.30183345544887,12.0,0.0,142.91919768217528,0.0,20.387228970754983,2468.8
R0633,58.0,1,0,0,1,2185.8,126.1,0.0,2311.9,56.849789502027164,31.078219047567096,12.0,0.0,126.07041220281188,0.0,18.718574715520425,2311.9
R0634,60.0,1,1,1,0,1239.7,172.7,321.4,1733.8,93.94807647694597,24.903399404331594,12.0,0.0,494.03371673712405,0.0,16.676740955427558,1733.8
R0635,65.0,0,1,1,0,828.0,781.2,1249.1,2858.3,14.268682031192098,6.6775412939307675,6.6775412939307675,5.3224587060692325,126.0341503719522,1904.2946664056374,19.93009256773871,2858.3
R0636,58.0,0,1,1,0,1220.9,197.3,49.1,1467.3,41.33931238988641,26.736685454335255,12.0,0.0,246.44639128081806,0.0,25.53884456573958,1467.3
R0637,73.0,1,3,1,0,692.8,387.4,2557.2,3637.4,11.75652278458894,5.8214145673948785,5.8214145673948785,5.9351082171940615,50.640420178632034,1410.0752393291252,11.219713360283052,2123.1
R0638,57.0,1,0,0,1,1385.2,767.7,1083.4,3236.3,23.854683276489023,7.933990914795067,7.933990914795067,4.066009085204933,176.79571539019616,1674.3231454417946,17.93361962110623,3236.4
R0639,71.0,1,4,1,0,1207.4,576.0,649.0,2432.4,10.870308992051452,10.870308992051452,10.870308992051452,0.0,576.0379741546317,0.0,8.35009346750708,1868.5
R0640,52.0,1,0,1,0,552.4,1157.2,0.0,1709.6,72.53549767866535,4.388817434089902,4.388817434089902,7.611182565910098,94.0072017851106,1063.2347750233687,18.317701321648904,1709.6
R0641,52.0,0,0,1,1,746.1,1194.2,0.0,1940.3,56.997693345772454,3.428454446205766,3.428454446205766,8.571545553794234,69.01018583644432,1125.2198219613683,24.98418857568643,1940.4
R0642,57.0,1,0,0,1,1300.3,302.2,422.4,2024.9,124.53126609188774,6.407825694391434,6.407825694391434,5.592174305608566,45.16082643406661,679.4176039111358,29.9654133756409,2024.9
R0643,70.0,1,2,1,1,1890.9,105.5,3018.2,5014.6,15.311605687097599,15.311605687097599,12.0,0.0,1249.5844544456413,0.0,17.416633298058812,5014.6
R0644,67.0,1,0,1,0,357.1,863.4,2369.7,3590.2,13.683032815603596,2.3673896939627017,2.3673896939627017,9.632610306037298,31.353999967313772,3201.7257843284947,13.11848161679416,3590.2
R0645,78.0,1,3,0,1,347.7,2557.3,9181.6,12086.6,68.94092046335189,1.839634187087167,1.839634187087167,10.160365812912833,530.8956800892249,3027.376459779731,19.908085966012653,12086.5
R0646,65.0,0,2,1,1,748.3,1464.1,2347.9,4560.3,53.5031875104034,3.8605978549152633,3.8605978549152633,8.139402145084738,99.2591665227422,3712.6661942454066,14.922049315455563,4560.2
R0647,59.0,0,4,1,0,1278.2,492.2,0.0,1770.4,25.05554799543389,25.05554799543389,12.0,0.0,492.2209956860037,0.0,8.808057338869439,1319.9
R0648,62.0,0,4,1,0,319.3,775.1,878.9,1973.3,42.112730024156654,2.552900580859954,2.552900580859954,9.447099419140045,30.837644961561416,1623.134060901678,18.587965728731888,1973.2
R0649,72.0,1,1,1,0,116.7,50.4,2211.8,2378.9,0.7151743874404818,0.3133778571976494,0.3133778571976494,0.4017965302428324,5.384419312754619,323.17519641227466,25.17925658414108,2378.8
R0650,65.0,1,1,0,1,1707.9,208.8,727.4,2644.1,8.231333219365975,8.231333219365975,8.231333219365975,0.0,875.724610071048,0.0,27.387054896955014,2644.1
R0651,61.0,1,1,0,0,1341.5,188.4,0.0,1529.9,19.28310400989754,18.52594445358233,12.0,0.0,188.42759117150365,0.0,29.474668504809927,1529.9
R0652,63.0,0,2,1,0,476.1,893.5,558.9,1928.5,32.2908606209883,3.752862779160669,3.752862779160669,8.247137220839331,58.27837530953888,1394.1810442092456,14.825390948605513,1928.6
R0653,72.0,0,1,1,0,223.9,1600.2,691.4,2515.5,17.38010899040957,1.1874566402499713,1.1874566402499713,10.812543359750029,26.499491533973178,2265.013150872098,12.039964261956584,2515.5
R0654,60.0,1,1,1,0,1308.6,407.4,0.0,1716.0,132.9168803388051,15.078543157967768,12.0,0.0,407.380649886117,0.0,8.659698565111423,1275.5
R0655,73.0,1,2,1,0,112.5,1208.1,3414.3,4734.9,6.4754689219625865,0.01312020304544573,0.01312020304544573,6.4623487189171405,0.37595567206111374,2013.237543829291,16.469566015185823,4734.8
R0656,60.0,1,0,1,1,2206.8,187.1,0.0,2393.9,51.75755316545023,20.666870780342297,12.0,0.0,187.109094955765,0.0,25.368651845929307,2393.9
R0657,64.0,1,1,1,0,648.0,884.6,0.0,1532.6,13.551095069421466,5.560930962159574,5.560930962159574,6.439069037840426,103.4376408122119,781.1197302801314,11.631474902988424,1487.9
R0658,67.0,0,1,1,0,1240.3,242.9,0.0,1483.2,46.451728483634476,12.524435263525953,12.0,0.0,242.92768579946582,0.0,26.389595953590373,1483.2
R0659,59.0,1,2,0,0,698.7,1261.2,663.3,2623.2,199.29509479581242,5.574471886638392,5.574471886638392,6.425528113361608,148.0693136236855,1113.0984673991875,23.081688427648267,2623.2
R0660,81.0,1,0,1,1,1890.7,464.3,0.0,2355.0,18.876670864664497,9.298322013195413,9.298322013195413,2.7016779868045866,160.38074843718434,303.9097692164373,10.822627692625044,2222.6
R0661,81.0,1,1,1,0,461.0,1541.6,2095.1,4097.7,15.564363660672807,3.220396509779601,3.220396509779601,8.7796034902204,391.5005703579751,3245.228181392946,21.162036939343096,4097.8
R0662,75.0,0,1,0,0,1302.6,314.7,0.0,1617.3,71.46186707065831,17.796417347408468,12.0,0.0,314.6645661545962,0.0,25.672612387044197,1617.2
R0663,57.0,0,2,0,1,2233.8,320.5,0.0,2554.3,12.75726704096787,12.75726704096787,12.0,0.0,320.53847592168876,0.0,28.388888786903365,2554.4
R0664,73.0,0,5,1,0,397.8,71.8,772.2,1241.8,3.4684499267246114,3.4684499267246114,3.4684499267246114,0.0,553.2572946801681,0.0,9.893154328718103,1241.8
R0665,78.0,1,1,1,1,181.6,2700.9,2684.2,5566.7,22.24272965256468,0.30959581253056584,0.30959581253056584,11.690404187469435,10.92302800989574,5374.081367187926,25.728364647739816,5566.6
R0666,58.0,1,1,1,0,1188.9,138.0,589.7,1916.6,9.597797875303911,9.597797875303911,9.597797875303911,0.0,272.40546864350574,0.0,24.6203781079614,1916.6
R0667,55.0,1,1,0,1,668.3,461.8,0.0,1130.1,115.54156196352129,3.315579633713437,3.315579633713437,8.684420366286563,25.538515851732924,436.25503457587024,11.849319375398089,1122.5
R0668,53.0,0,0,0,0,1302.9,63.5,0.0,1366.4,39.69768551992704,17.57709868886629,12.0,0.0,63.47196411243557,0.0,13.069953856035436,1366.4
R0669,66.0,0,1,1,0,95.1,1023.9,230.8,1349.8,33.707836922817116,0.5702926301249397,0.5702926301249397,11.42970736987506,7.774309496390632,1246.9395873112317,28.970016774054052,1349.8
R0670,53.0,1,0,1,0,1178.4,127.8,0.0,1306.2,19.23908848500405,10.756480512847324,10.756480512847324,1.2435194871526765,72.87746766738809,54.946381500473976,14.688385391048545,1306.2
R0671,53.0,0,1,1,1,2179.6,147.9,0.0,2327.5,48.05683412344164,46.71237310837202,12.0,0.0,147.93982888587806,0.0,12.935426526010637,2327.6
R0672,59.0,1,3,1,0,1433.1,180.7,117.8,1731.6,123.69572378614504,55.5679925504697,12.0,0.0,298.47459416257703,0.0,23.28026686091321,1731.5
R0673,70.0,0,2,1,1,301.6,1423.4,789.3,2514.3,74.44522231123672,1.610457726519529,1.610457726519529,10.38954227348047,33.045591714123006,2179.6518557337636,9.189744251038869,2138.2
R0674,51.0,0,0,0,0,1214.3,327.8,528.4,2070.5,27.878440965857124,24.285010614134052,12.0,0.0,327.7840817882277,0.0,17.596063598925475,2070.6
R0675,61.0,0,2,1,0,1345.2,401.4,0.0,1746.6,20.597437197843778,14.575245809280618,12.0,0.0,401.4333284609225,0.0,14.59519502970275,1746.6
R0676,44.0,1,1,0,1,906.7,448.2,405.3,1760.2,8.25221386056224,4.574232628387562,4.574232628387562,3.6779812321746777,71.78553659428974,548.9738783932621,19.055672231096523,1760.2
R0677,78.0,1,4,1,0,935.3,1525.1,0.0,2460.4,23.77730036726785,7.351620100090528,7.351620100090528,4.648379899909472,297.6627712459292,1227.4576073675275,20.478003452412135,2460.4
R0678,61.0,1,1,1,0,417.2,1258.5,5971.2,7646.9,10.676289716754269,3.1038304428784422,3.1038304428784422,7.572459273875827,74.41623301726841,5649.327020023306,21.36257889361146,7646.9
R0679,51.0,1,3,1,0,938.1,1146.2,614.6,2698.9,13.447382266519677,8.531762713963545,8.531762713963545,3.468237286036455,313.9306783467349,1446.8874660291071,16.377577396531276,2698.9
R0680,48.0,0,2,1,1,1641.2,122.4,50.0,1813.6,67.00124111260448,11.866557131642573,11.866557131642573,0.13344286835742736,164.0893662058354,8.365716765369552,27.286377810096326,1813.6
R0681,67.0,0,3,1,0,338.2,85.4,105.3,528.9,2.336152453957775,2.336152453957775,2.336152453957775,0.0,85.36367473562595,0.0,26.05622621673502,528.9
R0682,70.0,1,2,0,1,1945.4,239.5,0.0,2184.9,54.646526704455106,33.41082884679751,12.0,0.0,239.45356099093206,0.0,28.400586849408867,2184.8
R0683,61.0,1,1,1,0,640.1,1264.9,858.4,2763.4,11.14154380491958,5.634058913255524,5.634058913255524,5.507484891664056,171.50183588919612,1257.0849612183486,16.70173539895796,2763.4
R0684,58.0,0,1,1,0,945.9,685.8,0.0,1631.7,27.59426670047082,7.176838150520087,7.176838150520087,4.823161849479913,127.40332570496183,558.3967363052657,23.522061947383257,1631.7
R0685,62.0,1,0,1,0,196.8,38.4,2681.7,2916.9,1.6832725996841826,1.6832725996841826,1.6832725996841826,0.0,38.36275626800026,0.0,16.33669888287055,2916.8
R0686,65.0,1,1,0,1,1911.9,531.4,0.0,2443.3,117.1935411971782,10.55336867153432,10.55336867153432,1.4466313284656795,280.57347645381947,250.82844878268685,12.69078610873558,2443.3
R0687,70.0,1,1,0,1,2164.4,124.8,0.0,2289.2,49.718948106126774,30.885120530086684,12.0,0.0,124.77731649539913,0.0,21.645274730814098,2289.2
R0688,73.0,0,1,0,0,697.2,1275.1,0.0,1972.3,17.489891486957546,5.017142964451726,5.017142964451726,6.982857035548274,126.5333731916561,1148.5375088407345,28.703691780255134,1972.3
R0689,66.0,1,0,1,0,1188.6,65.6,0.0,1254.2,71.15542466157083,28.831782597280714,12.0,0.0,65.60026184285148,0.0,25.30338914172472,1254.2
R0690,62.0,0,2,0,1,2038.4,141.7,433.6,2613.7,98.2285961555943,22.708587958164866,12.0,0.0,404.2857270506252,0.0,12.844842584928418,2613.7
R0691,73.0,1,2,0,0,98.6,424.2,764.9,1287.7,86.78249249883226,0.8843575516496083,0.8843575516496083,11.115642448350393,5.1129168492947,1184.0220686167659,11.474538152676892,1267.9
R0692,58.0,0,1,1,1,2232.4,127.6,0.0,2360.0,124.7623785117065,58.44446265605948,12.0,0.0,127.63105003931277,0.0,24.51949106851841,2360.0
R0693,65.0,0,2,0,0,1247.9,284.3,0.0,1532.2,57.422879779370234,18.61035523732521,12.0,0.0,284.29141401475187,0.0,22.92308350648296,1532.2
R0694,67.0,0,1,1,1,2164.3,185.8,94.2,2444.3,45.03843084142943,45.03843084142943,12.0,0.0,185.80393259783054,0.0,26.726441910115206,2444.2
R0695,64.0,0,1,0,0,118.9,1295.8,719.8,2134.5,6.6112644561602805,0.3613713430642099,0.3613713430642099,6.24989311309607,11.387345856234695,2004.1650781960632,9.512678663013464,2134.4
R0696,69.0,1,1,1,1,2222.3,105.6,0.0,2327.9,19.729773721164,19.729773721164,12.0,0.0,105.64284195380182,0.0,26.68030166766992,2327.9
R0697,66.0,1,1,1,1,874.4,1412.6,1888.7,4175.7,33.31764885578124,5.518895536645601,5.518895536645601,6.481104463354399,163.14368261673815,3138.162275516317,16.38301086380998,4175.7
R0698,73.0,1,2,0,1,1276.3,1935.2,822.0,4033.5,100.92297900565491,6.781650721344259,6.781650721344259,5.218349278655741,321.55158587955174,2435.65798591748,12.560291481421302,4033.5
R0699,51.0,1,0,0,0,827.7,468.8,1340.1,2636.6,40.74021609393275,6.924706275815664,6.924706275815664,5.075293724184336,81.10822632786893,1727.8107043960663,14.23787189982309,2636.6
R0700,60.0,1,1,1,1,2076.7,75.7,0.0,2152.4,23.801354922061265,23.801354922061265,12.0,0.0,75.67824212499815,0.0,29.844093696305855,2152.4
R0701,57.0,1,1,0,0,113.5,1895.6,425.8,2434.9,105.25424254322984,0.021084858927076743,0.021084858927076743,11.978915141072923,0.5114824159380044,2320.962249706379,28.94477100047189,2434.9
R0702,62.0,0,0,1,0,78.7,816.5,440.0,1335.2,74.22600235676065,0.02545002455972517,0.02545002455972517,11.974549975440274,0.26598619758512065,1256.220614173231,8.009904851522903,623.2
R0703,62.0,1,3,1,0,1258.4,290.1,0.0,1548.5,17.83428214941533,15.27064013253885,12.0,0.0,290.13930608790304,0.0,13.564523225210145,1548.6
R0704,70.0,1,2,1,1,1251.2,601.3,1506.6,3359.1,47.41548019223702,7.414088682645243,7.414088682645243,4.585911317354757,1195.2800735174114,481.8464416677631,23.269896591755234,3359.2
R0705,82.0,1,3,0,0,1113.1,403.8,0.0,1516.9,16.57719404038543,16.57719404038543,12.0,0.0,403.76332982124296,0.0,6.847803158598936,879.7
R0706,73.0,1,2,0,1,376.5,19.3,492.0,887.8,1.145048141726577,1.145048141726577,1.145048141726577,0.0,19.310197417270935,0.0,6.862167706491911,887.8
R0707,88.0,1,2,1,0,1064.0,529.3,1790.3,3383.6,10.93810883251191,8.454218798641879,8.454218798641879,2.483890033870031,1971.8054899560882,347.8076020863127,7.077367042123977,2888.0
R0708,68.0,1,0,0,1,2213.6,147.1,0.0,2360.7,13.373540500666554,13.373540500666554,12.0,0.0,147.13927827661246,0.0,26.84267599818843,2360.7
R0709,66.0,1,1,0,0,1356.0,156.8,286.1,1798.9,23.63408403622845,23.63408403622845,12.0,0.0,442.95729532290784,0.0,14.00957855186364,1798.9
R0710,53.0,1,0,0,1,2257.5,152.2,0.0,2409.7,144.61281465786956,21.351253599097802,12.0,0.0,152.24476968755556,0.0,13.649755986516285,2409.7
R0711,58.0,0,2,1,0,586.5,1181.7,0.0,1768.2,150.19272584875677,4.120700444022524,4.120700444022524,7.879299555977476,87.7291273382689,1094.0163178242788,25.040251705203616,1768.3
R0712,75.0,0,0,0,0,1340.8,149.3,0.0,1490.1,51.37823260420305,33.89250032501306,12.0,0.0,149.31579929023277,0.0,13.645590995438454,1490.1
R0713,45.0,1,1,1,0,1279.4,120.9,0.0,1400.3,39.623347708093576,23.17400241191829,12.0,0.0,120.91101175561792,0.0,23.72234053428537,1400.3
R0714,56.0,1,0,1,0,225.3,447.7,0.0,673.0,5.001890488603285,1.3870672651479297,1.3870672651479297,3.614823223455356,24.875843611700965,422.7959146017059,14.864177481677281,672.9
R0715,55.0,1,1,1,0,1429.2,602.2,0.0,2031.4,65.25930572288517,40.93128468632902,12.0,0.0,602.2451992947006,0.0,13.140463521099967,2031.4
R0716,56.0,1,1,0,1,2019.9,190.9,293.3,2504.1,67.38566569909511,60.71515906104534,12.0,0.0,484.2799960274948,0.0,15.293436343088096,2504.2
R0717,63.0,1,0,1,0,1335.5,380.3,0.0,1715.8,18.161222898312836,18.161222898312836,12.0,0.0,380.27681275677395,0.0,10.032893822563386,1542.2
R0718,48.0,1,2,1,0,1372.7,333.9,0.0,1706.6,92.89888161119619,18.372727786772533,12.0,0.0,333.94441243538546,0.0,7.800267511377124,1132.2
R0719,66.0,1,1,0,0,882.2,1082.0,587.9,2552.1,25.72458983094697,7.533874154100586,7.533874154100586,4.466125845899414,533.8415122016288,1136.0537061566292,26.908834716089963,2552.1
R0720,68.0,0,0,0,0,355.7,710.9,1167.2,2233.8,5.5484854125903045,2.492677219597516,2.492677219597516,3.0558081929927883,79.02994779721914,631.8517087951362,26.841196314349236,2233.8
R0721,62.0,1,2,0,1,912.0,2338.7,298.9,3549.6,19.79591140325382,4.230094605790935,4.230094605790935,7.769905394209065,180.19080342972953,2295.3743392881634,17.05971222872402,3549.6
R0722,46.0,1,1,1,1,1239.6,871.1,308.4,2419.1,66.97613050074065,6.885218573523382,6.885218573523382,5.114781426476618,149.04178805210984,1030.5225213927083,22.521029417387794,2419.2
R0723,60.0,1,4,1,0,90.9,917.9,2724.7,3733.5,25.900046952572428,0.0762953295859025,0.0762953295859025,11.923704670414098,0.8996570002554887,3222.395604556038,26.703590790296953,3733.5
R0724,71.0,1,1,0,0,677.7,499.2,170.4,1347.3,72.0757293202466,5.610695402333688,5.610695402333688,6.389304597666312,59.23799743655491,439.947336103167,15.377361021543091,1347.3
R0725,54.0,1,2,1,0,572.2,767.5,0.0,1339.7,76.35273600627225,4.972367615044296,4.972367615044296,7.027632384955704,75.11263384922844,692.3444580978274,23.083447882218227,1339.7
R0726,80.0,1,3,1,1,374.0,34.9,644.4,1053.3,1.9676052928910908,1.9676052928910908,1.9676052928910908,0.0,34.85039436192358,0.0,24.114994082591775,1053.3
R0727,61.0,1,1,1,0,712.6,612.0,2019.9,3344.5,40.139172824796496,5.8279047324150355,5.8279047324150355,6.1720952675849645,77.39828124670525,2066.6880500552816,7.873790640734083,1455.0
R0728,78.0,1,1,1,0,836.2,660.8,46.6,1543.6,23.30156510135144,6.017211778393129,6.017211778393129,5.982788221606871,88.28927649538021,572.5055668902288,9.315889747855111,1286.7
R0729,68.0,0,2,0,0,1338.5,494.2,0.0,1832.7,18.564464486292447,18.564464486292447,12.0,0.0,494.2211096171317,0.0,24.00791957965533,1832.7
R0730,62.0,1,0,0,1,885.0,789.6,235.0,1909.6,82.60493963091656,4.766824577764013,4.766824577764013,7.233175422235987,72.46814937210024,952.1076260628314,22.935574497143975,1909.6
R0731,50.0,0,2,1,0,1208.8,362.2,0.0,1571.0,16.99254222594143,16.99254222594143,12.0,0.0,362.18839128405443,0.0,10.446419567524604,1423.4
R0732,51.0,1,2,0,0,1316.7,169.6,79.9,1566.2,36.81233039526539,12.825066005553907,12.0,0.0,169.5534333865798,0.0,25.84156615093622,1566.2
R0733,78.0,1,6,0,0,1116.1,715.7,641.4,2473.2,9.043141547424542,9.043141547424542,9.043141547424542,0.0,1097.1706055991817,0.0,25.221628103577494,2473.2
R0734,61.0,1,1,1,0,571.4,1471.3,299.7,2342.4,33.83678509375089,4.091649184733609,4.091649184733609,7.908350815266391,108.14585719380162,1363.2039827406031,13.985844687003791,2342.4
R0735,65.0,0,1,0,0,232.8,1625.3,1476.0,3334.1,111.29682199446823,1.6472378064656628,1.6472378064656628,10.352762193534337,578.5356365359848,2522.7677836088264,14.1667679781673,3334.1
R0736,63.0,0,1,1,0,1289.1,202.1,0.0,1491.2,34.42814375188661,12.606164106305021,12.0,0.0,202.05972774764987,0.0,8.653727840022116,1112.6
R0737,63.0,0,0,0,0,1221.9,328.6,0.0,1550.5,26.94538613685734,26.94538613685734,12.0,0.0,328.6288190017209,0.0,16.691595743373654,1550.5
R0738,75.0,0,2,0,1,2142.4,319.9,0.0,2462.3,26.26686151744797,26.26686151744797,12.0,0.0,319.85181477962914,0.0,8.63427024188706,1836.9
R0739,88.0,1,2,0,0,220.4,43.7,1359.3,1623.4,1.4529858035099197,1.4529858035099197,1.4529858035099197,0.0,43.73545151326352,0.0,19.041771406122734,1623.5
R0740,79.0,1,2,1,0,1282.8,394.3,0.0,1677.1,13.349624114232435,10.397410580760818,10.397410580760818,1.602589419239182,196.61547427749554,197.64152456518858,20.98999960490585,1677.1
R0741,68.0,1,2,0,0,1006.7,99.6,0.0,1106.3,8.128833022876895,8.128833022876895,8.128833022876895,0.0,99.5723845678427,0.0,19.966587425008605,1106.3
R0742,73.0,1,3,0,0,1422.5,106.3,1726.5,3255.3,52.90556352732004,20.954166362324866,12.0,0.0,1550.1622623612461,0.0,7.719565052439429,2599.5
R0743,63.0,1,2,1,0,105.4,1164.0,1672.1,2941.5,8.987822245986514,0.02540164598839464,0.02540164598839464,8.96242059999812,0.5056324216509236,1163.487705867287,20.92009072796138,2941.4
R0744,56.0,1,0,1,1,2231.2,179.1,0.0,2410.3,47.006411727614825,12.049579197245528,12.0,0.0,179.13392622613546,0.0,24.05315834772715,2410.3
R0745,73.0,0,1,0,0,1166.8,167.3,0.0,1334.1,11.38440166661366,11.38440166661366,11.38440166661366,0.0,167.31050947298337,0.0,9.404476987282266,1110.6
R0746,47.0,0,0,1,1,2226.0,246.6,122.5,2595.1,29.66654097399748,12.858236060825472,12.0,0.0,246.56511654883872,0.0,20.28184310079446,2595.1
R0747,54.0,0,0,0,1,2252.5,99.5,102.1,2454.1,139.2530510812928,36.86509770308134,12.0,0.0,99.45407000052269,0.0,25.65733140572884,2454.1
R0748,56.0,1,2,1,0,1210.2,413.7,0.0,1623.9,23.18562170320704,23.18562170320704,12.0,0.0,413.65975359109126,0.0,10.646866593112875,1476.4
R0749,48.0,1,2,0,0,1023.1,617.3,121.4,1761.8,18.226820881051438,9.61908293990859,9.61908293990859,2.3809170600914094,357.5355380300083,381.18034243035055,27.921958099117603,1761.8
R0750,58.0,1,1,1,0,1271.8,314.7,0.0,1586.5,14.90538391518154,14.8520148917811,12.0,0.0,314.6931209531593,0.0,29.32593795393634,1586.5
R0751,76.0,1,1,1,1,2230.0,132.7,0.0,2362.7,67.84333754617701,28.458291408288733,12.0,0.0,132.67323594480942,0.0,23.07946934815749,2362.6
R0752,41.0,1,0,0,1,2116.4,214.1,0.0,2330.5,128.10720955543147,42.3444901411874,12.0,0.0,214.11000849099605,0.0,26.92885843259191,2330.5
R0753,65.0,1,2,1,0,340.3,1333.9,151.3,1825.5,27.309319280917045,2.1169560187290575,2.1169560187290575,9.883043981270943,42.41885106545206,1442.7760225810746,12.522785124865564,1825.5
R0754,64.0,1,1,1,1,1917.2,299.2,494.1,2710.5,34.59987273877445,34.59987273877445,12.0,0.0,793.3265746647069,0.0,21.959241288872946,2710.6
R0755,63.0,1,3,0,1,2013.1,505.0,0.0,2518.1,38.65831200910618,38.65831200910618,12.0,0.0,504.9660735698195,0.0,28.227462106989847,2518.0
R0756,52.0,0,1,0,0,1433.8,90.4,0.0,1524.2,53.71212797167566,19.6605494878141,12.0,0.0,90.42853894491937,0.0,7.073496497900551,1009.1
R0757,69.0,1,2,1,0,110.2,1633.7,362.6,2106.5,53.591178782480135,0.9819561420199775,0.9819561420199775,11.018043857980022,22.024772973173537,1974.3125752751707,25.699788871738214,2106.5
R0758,50.0,1,3,1,0,1030.3,118.3,566.0,1714.6,8.944227491268336,8.944227491268336,8.944227491268336,0.0,118.25340218939945,0.0,11.686156009406412,1714.5
R0759,68.0,1,3,0,0,717.2,236.3,5865.6,6819.1,7.458209260993631,7.458209260993631,7.458209260993631,0.0,914.5139460983169,0.0,25.226714686312413,6819.1
R0760,61.0,1,1,0,0,541.5,563.9,0.0,1105.4,124.86572905102537,4.116382418606114,4.116382418606114,7.883617581393886,41.79772860383963,522.0666361245877,21.418068965903743,1105.4
R0761,61.0,0,1,0,1,759.3,1059.8,392.6,2211.7,20.4711408689439,3.712814144679814,3.712814144679814,8.287185855320185,68.12201793244161,991.6417342165158,25.237070495317163,2211.7
R0762,52.0,1,1,1,1,1746.0,549.4,1292.9,3588.3,31.81651079471499,31.81651079471499,12.0,0.0,1842.3550238496396,0.0,15.62387952688539,3588.4
R0763,64.0,1,3,1,1,1131.3,167.4,642.7,1941.4,5.974600109141599,5.974600109141599,5.974600109141599,0.0,452.3132677556416,0.0,16.805185140301543,1941.4
R0764,64.0,1,3,1,0,1114.3,491.6,1431.7,3037.6,34.762255720700374,9.103389969733657,9.103389969733657,2.896610030266343,995.3173488847594,927.9329755680862,28.183135804155565,3037.5
R0765,55.0,1,3,0,1,2009.4,141.6,34.5,2185.5,38.32069343298619,38.32069343298619,12.0,0.0,176.13103377389075,0.0,7.709608814700879,1430.6
R0766,67.0,1,0,0,1,171.3,2310.9,171.2,2653.4,135.85760606897935,0.3542367678928549,0.3542367678928549,11.645763232107145,10.728197933603418,2471.424348619129,9.748817443262105,2208.8
R0767,65.0,0,1,1,0,1341.7,132.0,0.0,1473.7,34.055607548218866,26.909301511766557,12.0,0.0,132.0321559723159,0.0,29.34797785226974,1473.7
R0768,63.0,0,2,0,1,1126.2,1201.2,519.1,2846.5,108.07594754496832,5.93064689021674,5.93064689021674,6.06935310978326,156.52099962066723,1044.6633871327733,27.918031360260397,2846.5
R0769,69.0,1,0,0,1,369.1,1128.1,0.0,1497.2,213.36879487492723,1.577417277378271,1.577417277378271,10.42258272262173,25.584313865030964,1102.4679039973676,9.524833302534757,1235.4
R0770,77.0,1,4,1,0,519.7,124.3,997.2,1641.2,4.518773965927885,4.518773965927885,4.518773965927885,0.0,124.2729524722043,0.0,29.363021208285385,1641.2
R0771,72.0,1,1,1,0,1428.1,241.9,175.5,1845.5,23.9057917424493,13.718025251248353,12.0,0.0,417.31225617804307,0.0,12.370930356450664,1845.4
R0772,76.0,1,1,1,0,1250.0,315.1,0.0,1565.1,50.16054199640733,47.01024088609908,12.0,0.0,315.0975276955115,0.0,27.410564790463248,1565.0
R0773,84.0,0,4,1,0,113.3,6.3,738.5,858.1,0.2235545367959622,0.2235545367959622,0.2235545367959622,0.0,6.261967977911586,0.0,27.7146054619262,858.0
R0774,68.0,1,0,1,1,2255.3,508.2,0.0,2763.5,55.223309467891404,55.223309467891404,12.0,0.0,508.21526634306343,0.0,6.56989904747208,1593.9
R0775,54.0,1,1,1,1,540.3,423.2,715.7,1679.2,28.94194883448255,2.5279054052683945,2.5279054052683945,9.472094594731605,176.3896888903557,463.8896090990741,6.233079239235466,1271.9
R0776,71.0,1,3,1,1,2003.1,237.2,0.0,2240.3,70.88314076568491,18.247045536749955,12.0,0.0,237.21403227435235,0.0,13.84787667126789,2240.3
R0777,62.0,1,2,1,0,1417.2,200.2,0.0,1617.4,55.50622407494995,21.159322658103402,12.0,0.0,200.16370812544534,0.0,28.348283456532542,1617.4
R0778,63.0,0,2,0,0,1371.1,395.4,0.0,1766.5,30.018795920721104,23.126582439654342,12.0,0.0,395.44908262633055,0.0,24.992248520394153,1766.6
R0779,82.0,1,0,0,0,1417.3,76.9,0.0,1494.2,42.508795776543586,15.435489845252508,12.0,0.0,76.91019774703898,0.0,15.284423483043097,1494.2
R0780,64.0,0,1,0,0,821.7,98.7,1274.7,2195.1,6.152511664189728,6.152511664189728,6.152511664189728,0.0,98.72069779829917,0.0,26.592259531708958,2195.1
R0781,52.0,1,0,0,1,2115.8,177.1,0.0,2292.9,85.15548371399191,85.15548371399191,12.0,0.0,177.07101861909524,0.0,13.381483927008182,2292.8
R0782,55.0,1,0,0,0,1023.1,428.2,0.0,1451.3,50.26347745615217,8.274468632410333,8.274468632410333,3.7255313675896673,108.78038470793379,319.42001359970743,14.338017662498608,1451.3
R0783,64.0,0,0,0,1,372.8,1071.7,1600.2,3044.7,40.120383515774236,1.2121105810300155,1.2121105810300155,10.787889418969984,18.151019195297188,2653.7881957727213,10.571479724129995,2905.3
R0784,58.0,0,1,1,1,1725.3,598.1,0.0,2323.4,64.53067445453961,18.502206721307694,12.0,0.0,598.078236604603,0.0,29.02922650624578,2323.4
R0785,57.0,1,2,0,0,1330.4,132.1,0.0,1462.5,112.54710809216218,15.55730388017292,12.0,0.0,132.08324179077388,0.0,25.287135196884158,1462.5
R0786,75.0,1,0,1,0,116.9,2555.0,3432.6,6104.5,28.532464206611944,0.9457076980536456,0.9457076980536456,11.054292301946354,33.081630704697496,4274.8719247225035,17.098195329858136,6104.5
R0787,66.0,1,0,1,1,481.8,1218.6,679.3,2379.7,86.476612958582,2.9903516045953666,2.9903516045953666,9.009648395404634,59.012781493756144,1159.5649923120461,12.34263769412109,2379.7
R0788,72.0,0,3,1,0,1237.7,155.0,0.0,1392.7,50.51396924145012,50.125254463390945,12.0,0.0,154.97982642614934,0.0,29.183510412688875,1392.7
R0789,70.0,0,1,1,1,182.1,2332.1,135.5,2649.7,24.430195937298024,0.22711625245781317,0.22711625245781317,11.772883747542187,6.877971813478957,2460.6710196369427,15.523679173437122,2649.6
R0790,77.0,1,3,1,1,2266.5,441.4,0.0,2707.9,17.3519181714056,17.3519181714056,12.0,0.0,441.3719992996907,0.0,11.056933547204352,2673.2
R0791,71.0,1,0,0,1,2245.0,175.0,0.0,2420.0,88.37814420160257,16.33884796144428,12.0,0.0,174.9902327508631,0.0,16.19175315320875,2420.0
R0792,58.0,0,0,1,0,1064.5,280.3,0.0,1344.8,136.17573406653233,8.306363807059562,8.306363807059562,3.6936361929404384,71.86379832198034,208.40913896799103,23.258921046026835,1344.7
R0793,62.0,1,1,1,0,195.8,916.2,0.0,1112.0,11.696464371778548,1.2556897176470276,1.2556897176470276,10.44077465413152,16.58948137047645,899.5941373919634,24.496435175593703,1112.0
R0794,50.0,1,0,0,1,1940.1,255.1,0.0,2195.2,60.15401940408555,60.15401940408555,12.0,0.0,255.11611255773332,0.0,8.61565325127586,1638.2
R0795,63.0,1,2,0,0,1382.6,342.2,0.0,1724.8,62.5023253570354,25.581195028833495,12.0,0.0,342.15236393049776,0.0,28.702338421290285,1724.7
R0796,59.0,1,0,0,0,1390.6,187.6,0.0,1578.2,26.248274258515686,26.248274258515686,12.0,0.0,187.58841825511084,0.0,22.1896980627958,1578.1
R0797,65.0,1,2,1,0,1281.3,938.9,4840.5,7060.7,28.134565197565692,10.277224392363978,10.277224392363978,1.7227756076360219,946.951925354543,4832.506250584811,7.499898289573639,1757.6
R0798,62.0,0,0,1,0,1401.3,59.1,0.0,1460.4,14.939290113881404,14.939290113881404,12.0,0.0,59.096317476640245,0.0,26.098474503816412,1460.4
R0799,68.0,0,1,0,1,1236.8,537.7,256.8,2031.3,15.787395833881694,6.378805392612441,6.378805392612441,5.621194607387559,79.69195185299654,714.8083589945891,29.325689685461413,2031.3
R0800,54.0,1,1,0,1,2193.8,264.3,0.0,2458.1,319.05504645747345,20.79138938797907,12.0,0.0,264.33229361854603,0.0,26.105943414491215,2458.1
R0801,74.0,1,1,1,0,869.6,533.6,535.8,1939.0,9.294519016908493,7.980806155967882,7.980806155967882,1.313712860940612,536.0755050238436,276.267417458837,6.2348371030670116,962.0
R0802,58.0,1,1,0,1,693.3,2892.8,0.0,3586.1,157.13733202569264,3.4774505730667937,3.4774505730667937,8.522549426933207,170.3308219565632,2722.483322355216,17.35413379629732,3586.1
R0803,52.0,1,1,1,1,1318.2,793.8,450.6,2562.6,47.49001937218399,6.1407849562595835,6.1407849562595835,5.8592150437404165,109.90714639748548,1134.484735229262,20.140170575026076,2562.5
R0804,65.0,1,1,1,0,477.4,1229.0,1560.3,3266.7,73.89710214361914,3.984374667084831,3.984374667084831,8.01562533291517,87.04142215223267,1902.6353791482347,27.31196864886308,3266.7
R0805,60.0,1,1,1,1,2207.6,181.8,98.7,2488.1,71.35933382194423,15.116770076258051,12.0,0.0,280.42311075541556,0.0,18.06625164995566,2488.0
R0806,63.0,1,0,1,0,1343.6,162.7,0.0,1506.3,67.8805814010937,11.641783685288589,11.641783685288589,0.35821631471141124,135.50713444880913,27.192642971041526,7.855771569177612,987.2
R0807,50.0,0,1,0,0,118.2,631.3,1517.4,2266.9,171.7028917187127,0.2804634522013681,0.2804634522013681,11.719536547798631,2.308224159569947,1590.342089571623,28.404612120864865,2267.0
R0808,72.0,1,0,1,0,287.8,1534.3,1048.3,2870.4,19.867994908033914,2.8140146754286337,2.8140146754286337,9.185985324571366,68.8336779912842,2513.7718984799894,28.841659147592736,2870.5
R0809,69.0,1,0,1,0,227.8,42.4,0.0,270.2,1.672601881525318,1.382064514636027,1.382064514636027,0.290537366889291,17.898499198558664,24.538822521211152,17.66789316033543,270.3
R0810,69.0,1,4,1,0,944.2,1403.4,3148.6,5496.2,64.50223629252554,7.942525669896379,7.942525669896379,4.057474330103621,1308.7945165321712,3243.20665149275,7.282625675599914,2226.1
R0811,62.0,1,1,0,0,1297.4,269.7,0.0,1567.1,55.66415637989949,22.20889847308972,12.0,0.0,269.7209915593915,0.0,26.13337629995217,1567.1
R0812,66.0,1,4,0,0,581.0,1169.9,101.0,1851.9,18.6038964085592,5.29958608665796,5.29958608665796,6.70041391334204,126.53217644358793,1144.311513291148,23.800144234584486,1851.8
R0813,62.0,1,1,0,0,1239.0,111.4,0.0,1350.4,184.69167224945403,24.533908106927395,12.0,0.0,111.4370337804937,0.0,29.309617915222102,1350.5
R0814,68.0,1,4,1,1,1314.4,1712.6,3298.3,6325.3,22.71371457333668,6.290891465113845,6.290891465113845,5.709108534886155,247.5282804686086,4763.3671765,6.175528668897585,1557.4
R0815,79.0,1,1,1,1,723.4,60.3,803.0,1586.7,3.648342872027114,3.648342872027114,3.648342872027114,0.0,60.250497329046745,0.0,16.451866788482324,1586.7
R0816,64.0,1,1,1,0,1375.1,113.4,0.0,1488.5,35.74115065306493,28.656679435022724,12.0,0.0,113.36863328064607,0.0,12.811257567176888,1488.5
R0817,60.0,1,0,1,0,342.6,1185.6,1273.5,2801.7,107.21212972967861,2.021335908192547,2.021335908192547,9.978664091807453,35.71488349426775,2423.3683199725415,8.584922296399949,2408.1
R0818,52.0,1,1,1,1,2019.0,168.9,14.4,2202.3,32.41366909968392,20.188409764262015,12.0,0.0,183.31094987047229,0.0,23.643230464154314,2202.3
R0819,48.0,1,0,1,1,2222.8,370.9,0.0,2593.7,270.7494904941581,14.915941244766454,12.0,0.0,370.9013209165538,0.0,14.18915799304954,2593.7
R0820,60.0,1,2,1,0,570.3,1278.8,508.3,2357.4,22.394474534116586,4.046480183240479,4.046480183240479,7.953519816759521,92.53740128583051,1694.5623551302276,6.935259338907791,1602.0
R0821,66.0,1,2,1,0,113.7,1794.8,626.6,2535.1,19.041217600211723,0.5912492691032257,0.5912492691032257,11.408750730896774,14.14981421518924,2367.100805632512,9.207043337433719,1907.3
R0822,49.0,1,1,1,1,743.1,1018.7,647.6,2409.4,86.40317663959917,3.7130441778690586,3.7130441778690586,8.286955822130942,456.8383649997543,1209.4528114634406,25.344007133464803,2409.4
R0823,64.0,1,0,0,0,1302.2,336.8,664.1,2303.1,26.3486963025402,25.54960282007541,12.0,0.0,336.7513526902927,0.0,20.54090443174512,2303.0
R0824,70.0,1,2,0,0,1420.3,203.1,0.0,1623.4,24.78159596997031,24.78159596997031,12.0,0.0,203.09682027310606,0.0,11.161215004166753,1609.2
R0825,58.0,1,0,0,0,710.6,581.7,0.0,1292.3,26.679318997809975,7.2225096359710586,7.2225096359710586,4.7774903640289414,109.47494945180036,472.2694643758621,22.705013472042562,1292.4
R0826,54.0,1,2,1,1,2189.4,397.8,0.0,2587.2,63.51026548512675,14.46681846501583,12.0,0.0,397.7596694940532,0.0,9.129715049106494,2127.1
R0827,65.0,0,3,1,0,1434.1,443.6,518.0,2395.7,14.514545045726868,14.514545045726868,12.0,0.0,443.574654948066,0.0,22.15650618004749,2395.6
R0828,54.0,1,3,0,0,791.0,161.0,1050.0,2002.0,6.17168854458309,6.17168854458309,6.17168854458309,0.0,160.99661718182924,0.0,21.720966130144667,2002.0
R0829,69.0,1,3,0,1,2156.2,1020.5,859.5,4036.2,153.6433413267528,11.20658198965606,11.20658198965606,0.7934180103439399,947.5207145598881,322.3600604657603,6.132617556782297,2250.0
R0830,84.0,1,1,1,0,1051.3,169.2,443.7,1664.2,8.897420630081895,8.897420630081895,8.897420630081895,0.0,169.15903869791705,0.0,18.276371369970725,1664.1
R0831,67.0,1,2,1,0,1411.3,258.1,0.0,1669.4,113.2718985517967,15.284755248560547,12.0,0.0,258.05096010603455,0.0,23.43157036638409,1669.4
R0832,88.0,1,6,1,0,681.0,113.9,793.8,1588.7,5.6963131435079735,5.6963131435079735,5.6963131435079735,0.0,376.7578964265038,0.0,24.204809750955498,1588.7
R0833,58.0,0,1,1,1,2218.8,413.3,0.0,2632.1,63.89805712669484,14.3043054225265,12.0,0.0,413.2619866762855,0.0,22.937000141449637,2632.1
R0834,58.0,1,0,0,1,2240.4,339.4,0.0,2579.8,276.7801859966501,17.926768932648734,12.0,0.0,339.4118563543377,0.0,27.241094732902035,2579.8
R0835,67.0,0,0,1,1,2251.1,303.2,514.5,3068.8,57.653606684400636,31.31764017747256,12.0,0.0,817.6912919524646,0.0,24.148988171335535,3068.8
R0836,54.0,0,1,1,0,109.6,2467.7,1211.6,3788.9,33.77576603634472,0.11569283566501798,0.11569283566501798,11.884307164334983,3.678061646280114,3675.6552774923457,28.127757600659507,3788.9
R0837,76.0,0,2,1,0,1019.4,320.5,6142.9,7482.8,8.880565679971177,8.880565679971177,8.880565679971177,0.0,320.475910950096,0.0,15.955368085970736,7482.7
R0838,80.0,1,3,1,0,807.1,351.2,768.4,1926.7,6.898055017704122,6.898055017704122,6.898055017704122,0.0,351.19004353052503,0.0,6.819863679963712,1154.3
R0839,70.0,1,1,0,0,1428.0,154.9,0.0,1582.9,25.976644487059964,15.775537681661396,12.0,0.0,154.8636008493598,0.0,10.344081960173195,1442.5
R0840,59.0,1,1,0,1,2095.0,523.3,250.3,2868.6,15.099730958120034,15.099730958120034,12.0,0.0,773.6098624215673,0.0,12.90677475326541,2868.6
R0841,57.0,1,0,1,1,1992.8,345.5,1346.8,3685.1,20.03431784438093,11.689317122416625,11.689317122416625,0.31068287758337476,294.4694564235153,51.0424904045744,7.002998731279794,2851.8
R0842,57.0,1,1,1,1,1760.2,873.9,0.0,2634.1,46.90164384911896,9.784360782608763,9.784360782608763,2.215639217391237,352.8420505088849,521.0871285721145,8.595829004545163,1894.1
R0843,78.0,1,2,1,1,2237.8,107.3,0.0,2345.1,17.124413245883858,14.8241068828242,12.0,0.0,107.33094288493896,0.0,18.450698907189707,2345.2
R0844,45.0,1,2,0,0,231.4,2138.2,0.0,2369.6,101.11699793221271,1.0868088953209905,1.0868088953209905,10.91319110467901,32.15889917964139,2106.0233070843456,12.059745195165332,2369.6
R0845,77.0,0,1,1,0,584.4,2121.5,79.2,2785.1,15.995407616107665,4.91423422572255,4.91423422572255,7.08576577427745,283.1413299078954,1917.5855282615626,12.85284323749923,2785.1
R0846,44.0,1,2,1,1,2254.2,436.5,0.0,2690.7,17.77418612500177,17.77418612500177,12.0,0.0,436.4570957105027,0.0,23.79526863908739,2690.7
R0847,62.0,1,1,1,0,216.5,1827.8,630.2,2674.5,23.606994075984648,1.401414010784374,1.401414010784374,10.598585989215627,36.32233210547269,2421.707266854056,26.512311223526325,2674.5
R0848,73.0,1,2,1,0,229.8,751.3,0.0,981.1,50.31460579836092,1.146925410840502,1.146925410840502,10.853074589159498,11.979345800187575,739.2888181737518,26.688955397616773,981.1
R0849,55.0,0,0,0,1,1952.5,232.1,0.0,2184.6,48.45467896438144,26.70909868973282,12.0,0.0,232.14105545495147,0.0,14.894918337661332,2184.6
R0850,68.0,1,0,1,0,1307.1,255.1,0.0,1562.2,22.55001875586885,10.591624683039685,10.591624683039685,1.4083753169603153,136.63450032007717,118.48943209621117,23.031121759370762,1562.2
R0851,72.0,1,2,0,0,1340.8,176.1,405.4,1922.3,89.11767143472757,19.457294569876,12.0,0.0,581.5020192766482,0.0,26.455311189908596,1922.3
R0852,64.0,1,3,1,0,729.2,2265.1,226.1,3220.4,25.503662091998518,6.080472268214863,6.080472268214863,5.919527731785137,534.3644692785443,1956.8975360709546,9.62298096146752,2208.5
R0853,58.0,1,1,0,0,1384.0,235.8,0.0,1619.8,17.190431848312638,17.091716433151962,12.0,0.0,235.84458089558015,0.0,10.813288019330987,1481.2
R0854,71.0,1,1,0,1,2081.9,73.3,0.0,2155.2,141.92833996853136,27.120578843179807,12.0,0.0,73.2530782897457,0.0,21.551047034281595,2155.2
R0855,62.0,1,1,1,0,581.5,150.7,1021.5,1753.7,8.418555222214374,6.723364786840541,6.723364786840541,1.6951904353738332,56.97967778815106,93.6947442688598,12.373208638090093,1753.7
R0856,74.0,1,3,1,0,828.0,194.2,2179.1,3201.3,10.150241479824142,6.780187821456486,6.780187821456486,3.370053658367657,45.79080294089973,1011.7506068719485,10.624251691321827,3201.3
R0857,63.0,1,2,0,1,2081.1,167.9,482.4,2731.4,53.9097728303566,53.9097728303566,12.0,0.0,167.93499469866472,0.0,14.820485455741753,2731.4
R0858,53.0,1,1,0,0,590.9,364.0,506.6,1461.5,20.456047749631153,4.414220520270069,4.414220520270069,7.585779479729931,256.8235924656713,613.7803062990351,6.383597932133573,901.5
R0859,58.0,1,1,0,1,2025.4,102.4,0.0,2127.8,190.64463035118905,10.057617857626825,10.057617857626825,1.9423821423731749,45.303411626344904,57.060277253597,16.519662635058758,2127.8
R0860,52.0,0,0,0,0,1391.0,63.4,0.0,1454.4,47.69765317605284,17.060911621604582,12.0,0.0,63.42262233688737,0.0,7.134478613048109,965.1
R0861,74.0,1,1,1,1,2254.6,309.7,0.0,2564.3,59.05242343170485,15.106003280493812,12.0,0.0,309.71430272456934,0.0,11.873045961587941,2561.1
R0862,74.0,1,2,1,0,239.3,1327.1,213.0,1779.4,18.497540026973102,1.1713598205156632,1.1713598205156632,10.828640179484337,70.33219683795414,1469.7623579601752,11.22101282067212,1685.5
R0863,61.0,1,3,1,0,1396.9,602.4,0.0,1999.3,13.64793003575323,13.64793003575323,12.0,0.0,602.3534983857998,0.0,13.906685613082953,1999.2
R0864,56.0,0,2,1,1,1467.9,117.0,582.8,2167.7,7.222166736096029,7.222166736096029,7.222166736096029,0.0,117.03068964351675,0.0,9.009358955585677,2167.6
R0865,60.0,1,2,0,0,561.8,343.3,133.9,1039.0,61.13282448089306,4.329247772160566,4.329247772160566,7.670752227839434,27.343401505992784,449.90305094083203,17.30871399418696,1039.0
R0866,67.0,1,4,1,0,1356.2,537.9,3553.7,5447.8,25.927188668985828,25.927188668985828,12.0,0.0,537.8776505689667,0.0,22.50855943979211,5447.8
R0867,62.0,1,1,1,1,1866.3,1060.3,357.0,3283.6,67.39435135610542,9.835734647565925,9.835734647565925,2.164265352434075,435.41682523934037,624.8450492662762,14.13429416410061,3283.5
R0868,69.0,1,2,1,1,2163.9,326.6,0.0,2490.5,15.830787846771797,15.830787846771797,12.0,0.0,326.5659134851519,0.0,28.252637250857987,2490.5
R0869,69.0,1,1,1,1,850.5,50.2,716.1,1616.8,4.891360276637537,4.891360276637537,4.891360276637537,0.0,476.11424710822394,0.0,26.634405093320662,1616.8
R0870,52.0,1,0,1,1,2159.3,370.5,0.0,2529.8,116.74726499152956,31.355974881379883,12.0,0.0,370.47780935626383,0.0,13.344363250390483,2529.7
R0871,64.0,1,2,0,0,1284.2,991.3,0.0,2275.5,18.142091677992546,18.142091677992546,12.0,0.0,991.3485590777784,0.0,6.933609684531434,1321.9
R0872,63.0,0,2,1,0,1299.2,236.9,0.0,1536.1,42.04245195698524,11.636686171426355,11.636686171426355,0.363313828573645,196.86038905193286,40.08430596917744,24.43660081846137,1536.1
R0873,71.0,1,1,1,0,1233.7,247.7,1375.6,2857.0,58.728342794216005,22.436413722410293,12.0,0.0,1623.2402805551217,0.0,11.760295509722155,2852.0
R0874,64.0,0,0,1,1,907.8,663.6,556.4,2127.8,39.020105845799684,5.911568530463472,5.911568530463472,6.088431469536528,85.99011851481775,1134.0222467878193,13.971864973890039,2127.9
R0875,53.0,0,0,1,1,167.6,15.1,2513.3,2696.0,0.8832033133089042,0.8832033133089042,0.8832033133089042,0.0,15.128687875112776,0.0,19.904045432324043,2696.0
R0876,81.0,1,0,1,0,1389.7,248.4,0.0,1638.1,21.5237250991112,13.09434867787103,12.0,0.0,248.41701092570918,0.0,29.97311224529191,1638.1
R0877,59.0,1,0,1,0,1227.7,474.1,0.0,1701.8,16.976052119989692,16.976052119989692,12.0,0.0,474.1097878876768,0.0,13.192261598687804,1701.8
R0878,63.0,1,2,1,0,587.8,1053.6,556.7,2198.1,28.923560540294663,5.837806151797507,5.837806151797507,6.162193848202493,133.64067142918677,1476.7375055888497,17.24455207017587,2198.2
R0879,73.0,1,0,1,0,559.0,1109.1,302.0,1970.1,130.4918169641665,4.881001770550827,4.881001770550827,7.118998229449173,105.50596718335403,1305.5284942993267,21.05882118871401,1970.0
R0880,54.0,1,0,0,1,1239.3,1613.0,1406.6,4258.9,169.90099423491284,6.998780543122481,6.998780543122481,5.001219456877519,284.967642626175,2219.1931472252863,22.400937099765105,4258.9
R0881,66.0,0,1,0,1,2260.4,97.3,81.8,2439.5,47.302636917327774,41.11716492107355,12.0,0.0,97.33218164695779,0.0,11.09198840279521,2432.2
R0882,68.0,1,1,0,1,548.3,2233.7,2285.4,5067.4,70.3298246603403,2.2757936332523543,2.2757936332523543,9.724206366747646,2362.731015095548,2156.27827179919,20.28772194005419,5067.3
R0883,64.0,1,0,0,1,2243.2,146.6,0.0,2389.8,129.8253936814001,103.9232744117407,12.0,0.0,146.62807590729224,0.0,19.058554629755914,2389.8
R0884,56.0,1,0,1,1,1102.5,712.6,114.9,1930.0,126.9144011708016,6.175100105200598,6.175100105200598,5.824899894799402,99.63287216670258,727.816512493313,21.805916707382615,1929.9
R0885,68.0,1,3,0,0,1433.2,224.2,0.0,1657.4,49.72020089901785,49.72020089901785,12.0,0.0,224.22268717750146,0.0,8.759927400797977,1238.5
R0886,67.0,1,0,1,0,108.4,1032.0,2920.3,4060.7,11.899439631697375,0.6158594900318444,0.6158594900318444,11.28358014166553,8.56545295559996,3275.4033513350137,9.03106838248505,3132.2
R0887,79.0,1,0,0,1,1508.3,591.7,572.3,2672.3,29.616896138772358,7.0520981334818655,7.0520981334818655,4.9479018665181345,106.12602392180125,485.6104757234924,29.41265976998298,2672.3
R0888,72.0,1,3,0,0,1409.6,562.5,0.0,1972.1,22.70737252672767,13.394118583611904,12.0,0.0,562.5413656293515,0.0,25.711237549088967,1972.2
R0889,75.0,0,4,1,0,1232.9,230.8,289.7,1753.4,60.973168757074845,43.976408840652944,12.0,0.0,520.4753714177717,0.0,25.861375562291997,1753.4
R0890,67.0,1,1,1,1,1854.1,161.9,225.0,2241.0,9.76429083040404,9.76429083040404,9.76429083040404,0.0,161.8727643439834,0.0,28.41850579442177,2241.0
R0891,52.0,1,0,1,1,345.4,25.9,363.1,734.4,1.1187317214025243,1.1187317214025243,1.1187317214025243,0.0,25.88710632514354,0.0,29.05554624042994,734.4
R0892,64.0,1,3,1,0,1334.5,684.8,0.0,2019.3,32.048762023980416,19.42509947529455,12.0,0.0,684.7788597618879,0.0,15.443700770398376,2019.3
R0893,51.0,0,1,0,0,672.9,56.4,0.0,729.3,5.052712434496508,5.052712434496508,5.052712434496508,0.0,56.39143315109797,0.0,24.097612229684586,729.3
R0894,76.0,0,0,1,0,617.7,696.3,1325.0,2639.0,14.115806529258514,5.659182228023526,5.659182228023526,6.340817771976474,83.82352879608894,1937.491940503356,21.398882221332457,2639.0
R0895,47.0,0,3,1,0,912.1,184.5,552.5,1649.1,7.693713629808719,7.693713629808719,7.693713629808719,0.0,184.48495811260557,0.0,19.436406467072906,1649.0
R0896,54.0,1,1,1,0,1388.3,247.2,0.0,1635.5,21.614681164909147,12.147828564358148,12.0,0.0,247.24312182785135,0.0,22.30436119971681,1635.6
R0897,61.0,1,5,0,0,1366.1,156.7,431.8,1954.6,60.32638981278839,26.72084667510586,12.0,0.0,588.5377901600941,0.0,13.666402826988548,1954.6
R0898,49.0,1,1,0,1,186.8,6.8,927.5,1121.1,0.4461733815618666,0.4461733815618666,0.4461733815618666,0.0,6.800856865828586,0.0,26.692289230449006,1121.1
R0899,62.0,1,2,1,0,1195.5,374.7,135.0,1705.2,103.87424042105035,34.056366415490054,12.0,0.0,509.73222016579143,0.0,15.768535876981877,1705.3
R0900,65.0,0,2,1,0,823.6,682.7,159.1,1665.4,51.50042253724951,6.223086465078238,6.223086465078238,5.776913534921762,96.77660326365621,745.0172554334446,9.55628850505084,1417.6
R0901,71.0,0,2,1,0,1424.8,133.3,1021.8,2579.9,11.569139891055286,11.569139891055286,11.569139891055286,0.0,523.0601690585063,0.0,6.263540424332641,1422.4
R0902,71.0,1,1,0,0,1249.3,514.2,523.1,2286.6,71.33809290132078,51.76825287240403,12.0,0.0,1037.265712634186,0.0,21.340543969581045,2286.6
R0903,61.0,1,3,0,1,562.9,1817.2,1345.7,3725.8,21.69611280111807,2.403380863612512,2.403380863612512,9.596619136387488,67.19960070247447,3095.6252588036878,11.559160535158211,3645.4
R0904,40.0,1,0,0,1,1972.4,322.9,0.0,2295.3,171.2950737329785,12.18927381998636,12.0,0.0,322.9487887154972,0.0,28.945573437796668,2295.4
R0905,59.0,0,0,1,1,1139.3,85.6,1062.2,2287.1,5.130588827300547,5.130588827300547,5.130588827300547,0.0,85.6283658835293,0.0,10.680106977890592,2287.1
R0906,62.0,1,0,1,0,115.4,1062.2,190.5,1368.1,61.51266203560213,0.9235389509429693,0.9235389509429693,11.07646104905703,13.408685342842077,1239.3180014359941,13.588305793239835,1368.2
R0907,50.0,0,1,1,1,889.2,1678.2,0.0,2567.4,66.04591442977762,4.188204123023686,4.188204123023686,7.811795876976314,127.48443951032182,1550.7566370139218,29.619160409602255,2567.4
R0908,60.0,1,2,1,1,1252.8,181.7,2060.7,3495.2,6.492417728779945,6.492417728779945,6.492417728779945,0.0,1208.9514647102374,0.0,18.476510886970285,3495.2
R0909,56.0,1,1,1,0,1331.4,293.9,0.0,1625.3,51.58943464702221,16.82971335677699,12.0,0.0,293.8531464422924,0.0,28.12859037494401,1625.3
R0910,72.0,1,2,1,0,1389.2,56.7,182.2,1628.1,33.89084153920362,20.876953473811692,12.0,0.0,238.89679524841765,0.0,24.75450417188806,1628.1
R0911,61.0,0,0,1,0,116.4,22.9,2678.6,2817.9,0.7041299992060877,0.7041299992060877,0.7041299992060877,0.0,22.886906104732816,0.0,8.855176643267159,2817.8
R0912,57.0,0,0,1,0,1213.9,133.8,377.1,1724.8,51.73038983308887,32.115544701314846,12.0,0.0,510.95057306848895,0.0,11.183602487530276,1715.7
R0913,65.0,1,3,1,0,356.8,784.6,1654.3,2795.7,43.23985015450457,2.9003970975841,2.9003970975841,9.0996029024159,36.55870746312154,2402.3798229198965,15.292261377772812,2795.7
R0914,73.0,0,1,1,1,335.6,1219.9,272.0,1827.5,33.978679764713945,1.687045684395455,1.687045684395455,10.312954315604545,29.85000319476222,1462.0279841964539,27.142950017346227,1827.4
R0915,72.0,1,2,0,0,111.4,1427.2,1320.5,2859.1,17.228222539331,0.4682608520588257,0.4682608520588257,11.531739147941174,155.23556189878713,2274.8958285370763,14.015718776285558,2859.1
R0916,49.0,0,0,1,1,756.5,53.7,2844.6,3654.8,3.541854198748481,3.541854198748481,3.541854198748481,0.0,53.73736681721941,0.0,17.113968925303777,3654.8
R0917,62.0,1,5,0,0,450.8,1120.7,1331.1,2902.6,72.94523174022203,3.574031730453927,3.574031730453927,8.425968269546074,667.334624334014,1784.528190014641,17.53837156846378,2902.7
R0918,65.0,1,1,1,0,409.8,1795.8,1572.0,3777.6,12.868909032655448,3.201606125928495,3.201606125928495,8.798393874071504,94.90176458006943,3272.9245774131196,13.794125930460474,3777.7
R0919,48.0,1,0,1,1,1592.7,184.2,0.0,1776.9,42.85720532378473,30.771793652943277,12.0,0.0,184.19328043224155,0.0,24.875646827597144,1776.9
R0920,64.0,1,2,0,0,1252.8,270.4,604.7,2127.9,37.532377540930426,20.104035689669796,12.0,0.0,875.0545927090432,0.0,7.31584146158835,1000.0
R0921,56.0,0,1,0,1,545.1,1141.1,150.7,1836.9,56.491181751066904,2.51644113140656,2.51644113140656,9.483558868593441,44.61263673200777,1096.4930525792565,11.4218438699303,1770.0
R0922,65.0,1,4,1,1,2223.6,208.9,0.0,2432.5,15.88578092173314,15.88578092173314,12.0,0.0,208.89198640487604,0.0,25.802044970222124,2432.5
R0923,57.0,1,2,1,1,1944.4,560.8,0.0,2505.2,99.70537344559891,43.368262394542356,12.0,0.0,560.7986502312101,0.0,20.79220088170076,2505.2
R0924,65.0,1,3,0,0,579.3,1808.8,704.6,3092.7,28.931644583988703,4.947327951637692,4.947327951637692,7.052672048362308,175.66067334122656,2337.7499234944644,18.283795914811922,3092.7
R0925,68.0,1,3,1,0,315.5,214.9,474.3,1004.7,4.200228042310837,2.8729468069515023,2.8729468069515023,1.3272812353593344,53.54174410315116,161.32114900715413,14.868191130308926,1004.7
R0926,73.0,1,2,0,0,357.4,143.5,445.8,946.7,2.1628321456706607,2.1628321456706607,2.1628321456706607,0.0,143.50682453859218,0.0,9.123349843028638,946.6
R0927,56.0,0,0,1,0,802.3,1473.8,0.0,2276.1,61.52880218796001,7.392600934380182,7.392600934380182,4.607399065619818,290.99790710325505,1182.8014699390646,16.96282342088075,2276.1
R0928,82.0,0,1,1,0,1355.0,172.1,0.0,1527.1,27.98194129184718,24.915332281294372,12.0,0.0,172.05656144207774,0.0,29.690267419496884,1527.0
R0929,63.0,1,1,1,0,1404.1,267.3,0.0,1671.4,143.7418928544535,18.695673576204975,12.0,0.0,267.28224518920877,0.0,20.282123394294842,1671.4
R0930,62.0,1,1,0,0,1390.0,194.7,0.0,1584.7,239.94566555764808,19.198377786107542,12.0,0.0,194.68217165475883,0.0,19.837904417798203,1584.7
R0931,63.0,1,2,1,1,1899.0,989.4,1139.0,4027.4,25.955897995832117,9.398486591470755,9.398486591470755,2.601513408529245,1491.7318354163717,636.7260509887993,29.76284603895242,4027.4
R0932,70.0,1,0,1,1,1602.5,407.9,0.0,2010.4,18.981265571568876,8.709691896070712,8.709691896070712,3.290308103929288,117.76377322781346,290.1408708710087,27.249681126129474,2010.4
R0933,66.0,1,0,0,0,239.4,2196.5,0.0,2435.9,56.97911739380963,1.6405083884245433,1.6405083884245433,10.359491611575457,52.071261712906,2144.4775875784467,29.980783638683,2436.0
R0934,68.0,1,1,0,0,1374.7,519.5,0.0,1894.2,41.0603878168108,25.90214502335997,12.0,0.0,519.4501148974426,0.0,28.887200149479035,1894.2
R0935,65.0,0,2,1,0,1425.3,121.1,47.1,1593.5,20.154406218536163,20.154406218536163,12.0,0.0,168.24253298468943,0.0,22.019924441726356,1593.6
R0936,70.0,0,0,0,0,1335.1,110.2,0.0,1445.3,48.63587222797551,48.63587222797551,12.0,0.0,110.1792253968723,0.0,13.327492647850947,1445.3
R0937,53.0,1,1,1,0,1270.5,784.4,0.0,2054.9,37.992781780567114,27.21019789037941,12.0,0.0,784.4368581028949,0.0,21.075436272651753,2054.9
R0938,50.0,1,1,0,0,1416.1,424.3,0.0,1840.4,38.892209358399434,19.79898928806019,12.0,0.0,424.335796083283,0.0,14.35703605953056,1840.5
R0939,76.0,1,1,0,0,1329.1,254.0,0.0,1583.1,48.59556810259471,25.856382426039087,12.0,0.0,253.9689426028186,0.0,25.458468739005912,1583.1
R0940,68.0,1,1,1,0,994.9,480.0,530.1,2005.0,46.68576697514931,8.002561765721241,8.002561765721241,3.997438234278759,112.7398654946043,897.4254583384848,9.295211065818116,1756.5
R0941,47.0,1,1,1,0,221.2,2773.6,1331.9,4326.7,13.876227586672043,1.3897292352901678,1.3897292352901678,10.610270764709831,54.60769622581922,4050.950480584872,17.10111200348473,4326.8
R0942,59.0,1,2,1,0,240.0,1261.4,2899.8,4401.2,88.4637508382813,1.4612266267804734,1.4612266267804734,10.538773373219527,26.25918958311302,4134.94356984178,26.178624531525273,4401.2
R0943,73.0,1,2,1,0,833.1,93.1,271.8,1198.0,6.765591846766908,6.765591846766908,6.765591846766908,0.0,93.09681715716292,0.0,16.908290074924913,1198.1
R0944,68.0,1,2,1,0,1228.8,358.8,0.0,1587.6,40.98006097770397,26.428768493718245,12.0,0.0,358.79076161566155,0.0,20.424428386077143,1587.6
R0945,70.0,0,0,0,0,1250.0,87.4,0.0,1337.4,13.648129748827202,13.648129748827202,12.0,0.0,87.42507129225278,0.0,8.358790511632392,998.4
R0946,76.0,1,2,1,1,2236.3,291.8,0.0,2528.1,17.06293385561996,17.06293385561996,12.0,0.0,291.82207785795316,0.0,12.84251960295468,2528.2
R0947,77.0,1,3,1,0,320.6,417.8,1451.8,2190.2,6.362610719669058,2.9818746521102617,2.9818746521102617,3.380736067558796,49.77879991134064,368.06941334480524,28.90764548850521,2190.3
R0948,61.0,1,2,1,0,470.6,1027.3,0.0,1497.9,20.203651439338213,3.7768746617319358,3.7768746617319358,8.223125338268064,67.58861160770002,959.7127964966427,21.7665490879798,1497.9
R0949,61.0,0,0,1,1,343.9,1012.5,822.3,2178.7,96.15462273116653,1.7905759922547357,1.7905759922547357,10.209424007745264,26.514572263452656,1221.0979764808699,14.758540049398828,2178.8
R0950,71.0,1,3,0,1,485.4,107.8,443.1,1036.3,3.164306395664959,3.164306395664959,3.164306395664959,0.0,107.75217351941892,0.0,18.405148223179793,1036.2
R0951,74.0,0,1,1,0,204.4,720.3,2020.9,2945.6,32.94933067799146,1.5325427608038231,1.5325427608038231,10.467457239196177,15.815436110152566,2725.3712508885083,24.59684587520362,2945.5
R0952,76.0,1,3,1,0,684.2,369.0,367.6,1420.8,27.93049377295633,5.95718726126877,5.95718726126877,6.04281273873123,117.43664401925656,619.2349798371813,24.899288398724735,1420.9
R0953,80.0,0,2,1,0,315.8,151.7,601.2,1068.7,2.5785928594144507,2.5785928594144507,2.5785928594144507,0.0,151.71757005640956,0.0,25.871230535497492,1068.7
R0954,74.0,1,1,0,0,1321.3,222.5,0.0,1543.8,39.069821172272,39.069821172272,12.0,0.0,222.49119375013575,0.0,12.95142429114114,1543.8
R0955,60.0,1,1,0,0,580.3,1557.4,327.3,2465.0,81.14338818811036,4.863725324617503,4.863725324617503,7.136274675382497,147.35321113104828,1737.2861319044364,11.719342531154176,2409.5
R0956,55.0,0,2,1,0,1397.5,166.9,125.1,1689.5,61.607994216005956,16.05543741987515,12.0,0.0,292.0318806206204,0.0,21.324203579982246,1689.5
R0957,59.0,1,1,1,1,173.7,1877.9,1342.8,3394.4,102.87687273582006,0.4655896996334403,0.4655896996334403,11.53441030036656,206.00712710061973,2500.493473749771,18.652815537013318,3394.4
R0958,70.0,0,1,0,1,1945.8,137.9,109.0,2192.7,89.11548249202146,25.924477185963095,12.0,0.0,137.94592675658527,0.0,19.557282035953474,2192.7
R0959,56.0,1,2,1,0,1352.7,136.6,292.3,1781.6,17.617980590535243,17.617980590535243,12.0,0.0,428.8751765233138,0.0,11.15075803689729,1771.9
R0960,69.0,0,1,1,0,1431.8,348.8,0.0,1780.6,50.015889778144064,15.868294011663183,12.0,0.0,348.8271421886729,0.0,13.646979075969615,1780.6
R0961,55.0,0,1,0,0,1316.8,179.0,0.0,1495.8,64.74324565266448,35.66029892063741,12.0,0.0,179.00760769922317,0.0,24.049276333590814,1495.8
R0962,56.0,1,1,1,0,754.3,1044.5,0.0,1798.8,43.816454835421325,6.993951372741919,6.993951372741919,5.006048627258081,184.27519885802562,860.2065933555702,14.59975817293291,1798.8
R0963,59.0,0,2,1,0,108.9,1522.3,3085.1,4716.3,28.96445665063322,0.15788843931821928,0.15788843931821928,11.842111560681781,3.1058731951467653,4604.382932004141,24.17965321479437,4716.4
R0964,66.0,1,1,0,0,1390.4,213.0,0.0,1603.4,53.309113318110654,38.02432835394315,12.0,0.0,213.04000383944754,0.0,7.1194719078294755,1053.3
R0965,61.0,0,1,0,0,1375.4,106.4,0.0,1481.8,18.364335102286535,18.364335102286535,12.0,0.0,106.39260124030751,0.0,28.820788312909674,1481.8
R0966,76.0,1,2,0,0,1131.3,678.8,0.0,1810.1,38.37992577867735,9.658074182524565,9.658074182524565,2.3419258174754347,262.96173696525614,415.8517948424822,10.993752928533313,1631.5
R0967,68.0,1,2,0,0,1322.3,229.5,0.0,1551.8,165.41173040569413,23.433922901239317,12.0,0.0,229.54617703445768,0.0,17.47698319322054,1551.8
R0968,56.0,1,0,0,0,1138.8,199.0,0.0,1337.8,97.85734719546682,54.46264648774147,12.0,0.0,199.0221351057944,0.0,28.101246077573084,1337.8
R0969,62.0,0,2,1,1,2237.8,452.7,435.3,3125.8,31.54658226049255,16.074104088728483,12.0,0.0,452.68423236377413,0.0,12.083512383325335,3125.8
R0970,65.0,0,0,0,1,2214.3,214.6,0.0,2428.9,32.49716389081663,32.49716389081663,12.0,0.0,214.5802195922085,0.0,11.457222541983121,2419.2
R0971,75.0,1,1,1,0,1387.8,199.5,903.6,2490.9,38.08926283795595,18.955602335802748,12.0,0.0,199.5277026365907,0.0,29.655376942376563,2490.9
R0972,62.0,1,1,1,1,1638.8,806.0,517.5,2962.3,13.095974744575052,8.309815068588257,8.309815068588257,3.6901849314117428,270.57532633724355,1052.9015610920028,27.706324013296218,2962.3
R0973,73.0,1,2,1,1,2272.8,380.1,1910.5,4563.4,11.70147312909539,11.70147312909539,11.70147312909539,0.0,597.5024033708486,0.0,18.773908733258825,4563.3
R0974,59.0,0,0,1,0,119.0,911.6,1738.2,2768.8,49.351634559872764,0.7068381512871227,0.7068381512871227,11.293161848712877,701.6568430610864,1948.122760863199,7.464526681415266,1089.2
R0975,68.0,1,1,0,0,1434.1,657.2,0.0,2091.3,79.15704681086663,11.067150231617422,11.067150231617422,0.932849768382578,424.0579711820745,233.11196055487918,20.51204899701233,2091.3
R0976,68.0,1,0,0,1,2084.1,202.4,0.0,2286.5,81.61901414449488,39.68551513786448,12.0,0.0,202.4217902023622,0.0,12.037876501840952,2286.5
R0977,73.0,1,2,1,0,1395.0,194.4,90.3,1679.7,74.28485734235531,13.541992476323598,12.0,0.0,284.7376213203274,0.0,11.136251421719574,1665.8
R0978,58.0,1,0,0,1,2050.5,117.1,0.0,2167.6,83.36212336229252,53.35178533402654,12.0,0.0,117.14991606467916,0.0,28.37143288014397,2167.6
R0979,54.0,0,1,0,1,1243.0,256.9,0.0,1499.9,9.951012051882733,6.83170877696572,6.83170877696572,3.119303274917013,64.59319615086515,192.3439160225928,20.866157813215157,1499.9
R0980,68.0,1,0,1,1,723.4,912.1,1285.3,2920.8,16.3372508304568,3.5676511515726235,3.5676511515726235,8.432348848427377,55.566001301293475,2141.8369063336872,16.656948599446036,2920.8
R0981,60.0,0,1,1,0,1317.0,236.7,0.0,1553.7,26.52843299775438,26.52843299775438,12.0,0.0,236.7275262086147,0.0,7.503812606055928,1026.0
R0982,65.0,1,1,1,0,354.8,1023.4,2294.3,3672.5,36.54943224872068,2.836729764452582,2.836729764452582,9.163270235547419,687.1421762429287,2630.5872668613865,14.918913566472252,3672.5
R0983,63.0,1,1,1,0,1008.7,204.2,1231.8,2444.7,10.012096294214736,9.023284732843113,9.023284732843113,0.9888115613716231,307.8305489354235,291.8284757956968,26.735595594268126,2444.7
R0984,57.0,0,1,0,1,2265.1,175.7,0.0,2440.8,135.51194572674987,42.76489631880701,12.0,0.0,175.66072181467706,0.0,13.26423078299273,2440.7
R0985,63.0,1,1,1,0,338.3,249.3,1393.4,1981.0,4.158906838390264,2.4723163907392562,2.4723163907392562,1.6865904476510076,45.757463024237595,203.5780493174782,13.747062553652206,1981.1
R0986,65.0,1,1,1,1,1807.2,106.9,77.3,1991.4,9.743633391990885,9.743633391990885,9.743633391990885,0.0,106.8906899485212,0.0,20.564545603473903,1991.4
R0987,78.0,0,1,1,0,408.8,1320.8,1172.4,2902.0,14.459073313491723,3.4764662811976463,3.4764662811976463,8.523533718802353,77.7383137383924,2415.415217191182,12.051376286892637,2902.0
R0988,54.0,1,3,0,0,1366.8,214.5,0.0,1581.3,183.33749958934325,17.426483038774926,12.0,0.0,214.50539394846064,0.0,19.36643430743004,1581.3
R0989,72.0,1,2,1,1,932.7,181.1,705.2,1819.0,4.057048175509635,4.057048175509635,4.057048175509635,0.0,181.05494121216682,0.0,24.448380811732303,1818.9
R0990,64.0,0,2,1,0,1360.7,249.1,511.6,2121.4,11.572870638832457,11.572870638832457,11.572870638832457,0.0,249.09908593287932,0.0,12.880170639706252,2121.4
R0991,76.0,0,0,1,0,120.0,865.6,399.3,1384.9,8.932132968776347,0.8846936489071997,0.8846936489071997,8.047439319869147,14.348482478110167,1196.4613427035229,17.346020899075086,1384.8
R0992,57.0,0,2,1,0,531.8,1776.2,5891.1,8199.1,89.66574026805775,4.274196249368775,4.274196249368775,7.725803750631225,138.8931988509746,7528.398874251348,19.830416079223074,8199.0
R0993,64.0,1,3,0,0,1366.3,137.1,0.0,1503.4,31.825151358743984,31.825151358743984,12.0,0.0,137.07831281210292,0.0,14.719953394686577,1503.3
R0994,72.0,1,0,1,0,1353.9,56.0,0.0,1409.9,49.046795877049775,49.046795877049775,12.0,0.0,56.01466503909962,0.0,11.3668409893105,1406.9
R0995,64.0,1,0,1,0,1313.1,205.3,145.1,1663.5,22.89960056443726,22.89960056443726,12.0,0.0,205.3400955159896,0.0,8.74564480841996,1279.6
R0996,67.0,1,0,1,1,2037.4,241.7,467.3,2746.4,156.59982794347113,32.79511280195793,12.0,0.0,580.6131545023065,0.0,19.57161101020146,2746.4
R0997,58.0,1,2,1,0,1385.9,89.5,0.0,1475.4,30.121898185055763,24.32441287023772,12.0,0.0,89.52326906660527,0.0,28.498301228900974,1475.4
R0998,81.0,1,2,0,0,880.7,494.6,2393.2,3768.5,13.141012700056793,8.673750289116391,8.673750289116391,3.3262497108836087,2534.439003845354,353.2900937762642,6.4503888601787756,790.0
R0999,79.0,1,0,0,0,239.8,1289.3,540.9,2070.0,31.037136877354445,1.1110783903347325,1.1110783903347325,10.888921609665267,19.861260204605056,1269.434784681227,26.775923084883495,2070.0
R1000,54.0,1,2,0,0,113.3,1109.7,3133.3,4356.3,21.93780819063497,0.022270151631941123,0.022270151631941123,11.977729848368059,39.65381111602358,3729.330729953802,29.099354645833067,4356.3
R1001,63.0,0,3,0,1,2210.2,337.4,1068.0,3615.6,32.34444300519363,19.011100025474924,12.0,0.0,1405.3614948176223,0.0,19.015836035619536,3615.5
R1002,76.0,0,2,0,0,714.7,1685.4,530.6,2930.7,20.40821285510309,5.007375368868745,5.007375368868745,6.992624631131255,272.2675429489998,1943.7610529936567,29.229203002749166,2930.7
R1003,70.0,0,1,1,0,100.7,763.3,442.6,1306.6,9.214315175765952,0.1700740727213432,0.1700740727213432,9.044241103044609,2.194658572371874,761.1397588655285,22.914778476420093,1306.6
R1004,69.0,1,2,1,0,217.1,61.8,519.2,798.1,1.5064305256312356,1.0482363185292554,1.0482363185292554,0.4581942071019802,16.049325917363944,45.75205555671859,19.08540499270439,798.1
R1005,63.0,0,1,1,0,850.2,263.1,2078.2,3191.5,33.12442957627167,7.427066241754758,7.427066241754758,4.572933758245242,52.458309053314906,1638.4181218309488,17.128200429479865,3191.5
R1006,58.0,1,5,0,0,1382.5,533.3,0.0,1915.8,56.76822924396102,17.639550219505104,12.0,0.0,533.2733055339803,0.0,17.193576166408555,1915.8
R1007,68.0,1,0,1,1,2267.8,218.6,0.0,2486.4,87.68504083704497,34.15085585027354,12.0,0.0,218.6207658209743,0.0,22.367921449779082,2486.5
R1008,71.0,0,1,1,0,1396.3,361.6,0.0,1757.9,35.692544988961956,22.331228569313872,12.0,0.0,361.5934867229655,0.0,11.628128850622808,1746.6
R1009,77.0,1,4,1,0,111.5,1477.4,861.6,2450.5,10.14532108806053,0.755440919258906,0.755440919258906,9.389880168801625,18.00361405138065,2067.3696458129893,23.169626988086446,2450.5
R1010,61.0,1,0,0,0,1387.5,345.0,353.3,2085.8,52.18789050999557,28.289553780967374,12.0,0.0,698.380583862408,0.0,17.783753688659377,2085.9
R1011,56.0,0,2,0,0,103.5,6.6,987.1,1097.2,0.14818953315619285,0.14818953315619285,0.14818953315619285,0.0,6.615446731580006,0.0,22.19189324491652,1097.3
R1012,56.0,0,0,0,0,1432.0,196.3,0.0,1628.3,67.65291552122919,59.25084971021855,12.0,0.0,196.26762114245037,0.0,28.580682009893767,1628.2
R1013,70.0,0,2,1,1,2060.6,380.4,95.3,2536.3,19.656507231552656,19.656507231552656,12.0,0.0,475.70727531046026,0.0,11.602888363008738,2428.4
R1014,62.0,0,1,1,0,352.5,1224.3,286.0,1862.8,99.06355532562004,2.2401483222062466,2.2401483222062466,9.759851677793753,41.62161805964303,1468.6050816075776,15.677412443064469,1862.7
R1015,73.0,0,2,0,0,1270.9,91.4,0.0,1362.3,10.049623559118231,10.049623559118231,10.049623559118231,0.0,91.43419545830423,0.0,12.603843095405358,1362.3
R1016,57.0,1,1,1,0,453.4,539.1,84.5,1077.0,23.42869633660366,3.9191013365266394,3.9191013365266394,8.080898663473361,37.317949369868245,586.331041922973,7.264233953211158,698.5
R1017,63.0,1,0,1,0,1376.4,269.4,0.0,1645.8,58.252910820315016,42.512564531445214,12.0,0.0,269.3578627932053,0.0,20.930152972388235,1645.8
R1018,64.0,1,2,1,0,580.9,1178.8,968.0,2727.7,19.636938467727568,4.363940175710609,4.363940175710609,7.636059824289391,94.97775000296818,2051.850515492774,21.084480360180528,2727.7
R1019,64.0,0,0,0,1,2098.4,244.0,0.0,2342.4,205.5400497118395,173.66786477550346,12.0,0.0,243.95444757266029,0.0,29.985860403388962,2342.3
R1020,66.0,0,1,1,1,1850.6,422.3,1309.4,3582.3,34.80721625268288,9.987371133028931,9.987371133028931,2.0126288669710686,182.47381013743464,1549.1775103002487,20.42464568971577,3582.2
R1021,45.0,1,1,1,0,341.0,2064.9,540.4,2946.3,13.07405172101014,2.1308982277644906,2.1308982277644906,9.86910177223551,66.1714366890562,2539.12910998968,15.506555102610838,2946.3
R1022,54.0,1,1,1,0,550.3,206.6,0.0,756.9,145.97384557584664,5.317977505399254,5.317977505399254,6.682022494600746,22.46821358310725,184.1167940215287,27.627809264129414,756.9
R1023,76.0,0,1,0,1,2206.7,164.2,0.0,2370.9,115.13820497183511,25.875400307027775,12.0,0.0,164.1595818497898,0.0,6.36922370866648,1374.4
R1024,65.0,1,2,1,0,350.5,1567.1,0.0,1917.6,58.38486859704048,2.4660293856545636,2.4660293856545636,9.533970614345437,59.781107882209334,1507.3112614999573,13.264967261845616,1917.6
R1025,68.0,0,0,0,0,1436.7,239.2,0.0,1675.9,66.2428920123397,66.2428920123397,12.0,0.0,239.24130549882923,0.0,24.04629713314241,1675.9
R1026,61.0,1,3,1,1,744.7,1315.5,0.0,2060.2,69.8032891444254,3.62107489880923,3.62107489880923,8.37892510119077,81.75480892025206,1233.751038526696,9.87568832452018,1747.4
R1027,71.0,0,0,0,0,1311.9,367.6,198.0,1877.5,66.81365409921652,10.145101623687085,10.145101623687085,1.8548983763129154,365.6446112812955,199.90777784584034,14.669663404307002,1877.4
R1028,55.0,0,2,0,0,697.3,1030.2,2109.0,3836.5,17.373805216734002,5.591445413208849,5.591445413208849,6.408554586791151,121.56594023755898,3017.6655505918357,26.37752727739256,3836.6
R1029,73.0,1,5,1,1,2036.9,428.4,1868.7,4334.0,10.256848830152139,10.256848830152139,10.256848830152139,0.0,855.9920655857675,0.0,14.272191584283103,4334.0
R1030,62.0,0,1,0,0,464.4,1165.5,545.8,2175.7,23.183592335168875,3.264769853131701,3.264769853131701,8.735230146868298,188.8730598586063,1522.439359940745,11.831057014425216,2154.4
R1031,64.0,1,1,0,1,332.9,663.0,540.8,1536.7,150.01102495876646,1.2167225895862457,1.2167225895862457,10.783277410413755,11.276181241399552,1078.7796587049277,27.37411843874039,1536.6
R1032,57.0,1,1,1,1,1511.5,818.0,3792.5,6122.0,40.33545712235907,7.084649242580097,7.084649242580097,4.915350757419903,148.06494332016686,3302.1134397775745,7.858012926590865,2925.3
R1033,64.0,1,1,0,0,437.7,57.0,700.3,1195.0,3.4686820902603084,3.4686820902603084,3.4686820902603084,0.0,56.98281143218813,0.0,26.560603374737255,1195.0
R1034,47.0,0,1,0,1,747.0,352.8,0.0,1099.8,4.674612977570149,3.237140645055862,3.237140645055862,1.4374723325142869,90.54436649010746,262.2181706267424,13.569230817539367,1099.8
R1035,62.0,1,0,0,1,1803.8,307.6,582.9,2694.3,93.66094181800746,20.45637717268781,12.0,0.0,890.5148161284804,0.0,10.986833211709698,2518.0
R1036,63.0,1,1,1,1,373.3,1132.8,0.0,1506.1,69.99193943498494,1.579277190577013,1.579277190577013,10.420722809422987,25.72696216290836,1107.1116268767173,17.70909031343477,1506.1
R1037,70.0,1,0,1,0,1324.0,227.2,0.0,1551.2,29.0809115238594,11.898264196117767,11.898264196117767,0.10173580388223336,215.17047065000503,11.998758322228355,17.602034754061556,1551.2
R1038,61.0,1,1,0,1,140.0,0.5,239.4,379.9,0.05264593621468417,0.05264593621468417,0.05264593621468417,0.0,0.5389602726304437,0.0,29.15272769416468,380.0
R1039,65.0,1,1,0,1,2223.4,185.9,99.4,2508.7,59.0309864428105,44.379566551176616,12.0,0.0,285.3012700752249,0.0,24.060112788962453,2508.7
R1040,69.0,1,2,1,0,601.2,455.2,1181.2,2237.6,6.975892069397207,5.741843743866822,5.741843743866822,1.2340483255303853,189.53466275152087,265.6640978571258,17.04293840518933,2237.7
R1041,72.0,1,3,0,0,1158.1,285.2,0.0,1443.3,41.98253044367545,41.98253044367545,12.0,0.0,285.2088375497851,0.0,19.426756305065666,1443.3
R1042,74.0,0,2,1,1,2279.1,328.9,4052.2,6660.2,40.31955171212934,14.915399926964733,12.0,0.0,4381.164440651156,0.0,13.64083841113563,6660.3
R1043,53.0,1,1,1,0,353.9,3324.9,271.3,3950.1,66.07966226278387,2.999481124380477,2.999481124380477,9.000518875619523,161.6391745556173,3434.5248640133063,29.585318216025538,3950.1
R1044,69.0,1,1,1,0,1067.3,428.3,369.2,1864.8,16.865873005804264,9.899532367338054,9.899532367338054,2.100467632661946,548.9001400628727,248.6040193461759,15.262531274829756,1864.8
R1045,73.0,1,3,1,0,1350.8,322.2,941.4,2614.4,31.320607582453615,31.320607582453615,12.0,0.0,1263.637379977026,0.0,27.256546247512823,2614.4
R1046,65.0,0,2,1,0,114.8,4.0,384.6,503.4,0.26154685271300204,0.26154685271300204,0.26154685271300204,0.0,4.037503646418019,0.0,21.745852456479746,503.4
R1047,65.0,1,0,1,0,1298.4,65.4,0.0,1363.8,23.2857861638017,14.592495861072221,12.0,0.0,65.41078501589216,0.0,27.98745773847793,1363.8
R1048,78.0,1,2,1,0,879.4,443.5,0.0,1322.9,21.0046667653837,10.540706076903271,10.540706076903271,1.4592939230967286,233.04987278324757,210.4191993668643,14.509623856331086,1322.9
R1049,57.0,1,2,0,1,2187.7,283.5,0.0,2471.2,30.14249559887736,27.868400451817507,12.0,0.0,283.5384406093813,0.0,16.000714238510028,2471.3
R1050,55.0,0,1,1,0,1374.9,261.5,0.0,1636.4,34.836904934566824,15.985179216541841,12.0,0.0,261.48933693784227,0.0,14.86384711429812,1636.4
R1051,72.0,1,2,0,1,1921.2,330.0,0.0,2251.2,27.656872127629814,10.580484195289865,10.580484195289865,1.4195158047101355,175.98548247678656,153.98377261157248,25.849027636833263,2251.1
R1052,65.0,0,2,0,0,112.1,954.3,1583.8,2650.2,9.0380226855442,0.591618835567518,0.591618835567518,8.446403849976683,10.140019843462747,1110.498559820857,28.87494636699127,2650.2
R1053,64.0,1,1,0,0,820.8,1027.7,649.1,2497.6,172.55662685995873,7.834456775120232,7.834456775120232,4.165543224879768,230.0358263993534,797.6670620142363,25.789663972887574,2497.6
R1054,66.0,1,1,0,0,470.1,28.1,468.4,966.6,3.9718819227003523,3.9718819227003523,3.9718819227003523,0.0,28.10143831957956,0.0,16.834110540603824,966.6
R1055,46.0,1,3,0,0,441.5,16.0,862.8,1320.3,3.466489315305333,3.466489315305333,3.466489315305333,0.0,15.950159123290128,0.0,25.898321458273422,1320.2
R1056,73.0,1,1,1,0,552.5,122.9,391.8,1067.2,5.644992816828796,4.888094541674611,4.888094541674611,0.7568982751541853,61.16502764068053,61.768139150823465,23.52447285534911,1067.2
R1057,59.0,0,1,1,0,572.5,940.5,295.2,1808.2,31.52973793491475,4.762548624392557,4.762548624392557,7.237451375607443,86.20154827316681,1149.5358824110028,18.459197703604527,1808.3
R1058,56.0,1,0,1,1,1487.1,312.2,1372.6,3171.9,30.951007597157673,7.236478841553148,7.236478841553148,4.763521158446852,58.97657826444657,1625.7897502313015,10.403880230326564,3087.0
R1059,65.0,1,2,1,0,478.0,54.0,995.5,1527.5,3.180066259358119,3.180066259358119,3.180066259358119,0.0,53.96747522975817,0.0,11.708902402715326,1527.6
R1060,64.0,0,2,0,0,1427.0,238.9,0.0,1665.9,23.548075899567824,23.548075899567824,12.0,0.0,238.8731805013566,0.0,22.890342125804214,1665.9
R1061,46.0,1,1,1,1,2216.1,205.4,176.0,2597.5,121.03630267053914,12.336760188658364,12.0,0.0,381.4332918662151,0.0,10.769745767407983,2391.8
R1062,64.0,0,0,1,1,2275.5,181.8,0.0,2457.3,56.10754811463016,56.10754811463016,12.0,0.0,181.79631547307082,0.0,19.448303630857637,2457.3
R1063,53.0,0,1,1,0,232.4,17.9,857.7,1108.0,1.3137815323170514,1.3137815323170514,1.3137815323170514,0.0,275.31567027295705,0.0,25.30052898047027,1108.0
R1064,53.0,1,0,1,1,566.2,1048.7,4564.4,6179.3,94.6832932335226,2.256371080640108,2.256371080640108,9.743628919359892,35.95921224803691,5577.084323432805,21.693553856979868,6179.2
R1065,70.0,1,3,0,1,559.9,529.2,1286.2,2375.3,5.177850216000476,2.893362424608104,2.893362424608104,2.2844877913923716,86.06552430086653,443.178462207364,20.634137212459184,2375.3
R1066,61.0,0,2,1,0,1434.2,826.6,0.0,2260.8,13.16588895358053,11.948523809523705,11.948523809523705,0.05147619047629526,804.025628170782,22.59048010957959,12.18560072092269,2260.8
R1067,67.0,1,0,0,0,1410.2,212.1,175.5,1797.8,11.655354608621082,11.655354608621082,11.655354608621082,0.0,387.57160972513043,0.0,8.878463246715985,1394.7
R1068,57.0,0,1,1,0,1294.0,690.0,0.0,1984.0,30.179100770565956,10.932401149416021,10.932401149416021,1.0675988505839786,421.5268211332444,268.460982204625,6.813836393922435,1086.2
R1069,74.0,1,2,1,0,175.3,731.1,533.2,1439.6,42.48176584622677,1.8218185025824751,1.8218185025824751,10.178181497417524,19.53070229705264,1244.7906860032565,7.112162245641189,564.7
R1070,60.0,1,2,0,0,1378.6,257.9,0.0,1636.5,51.18209410846231,12.121158898254185,12.0,0.0,257.8859711533874,0.0,11.562299052740931,1627.1
R1071,57.0,1,3,1,1,2080.6,440.4,542.8,3063.8,68.72649173533277,10.514999375576972,10.514999375576972,1.4850006244230283,229.25684500335714,211.15585077239163,19.38438429852652,3063.8
R1072,64.0,1,1,1,0,1270.4,181.1,0.0,1451.5,18.54935187109298,18.54935187109298,12.0,0.0,181.13248047187236,0.0,16.168326267823673,1451.5
R1073,64.0,0,0,0,0,472.9,293.7,1129.9,1896.5,132.12225752544492,3.055274611184569,3.055274611184569,8.944725388815431,14.61917100984908,1408.9899812669478,10.898374340076785,732.3
R1074,86.0,1,0,0,1,2072.4,42.3,0.0,2114.7,188.0328877480479,154.40433449409267,12.0,0.0,42.30047069359081,0.0,13.264491328267184,2114.7
R1075,62.0,0,2,0,0,478.0,303.5,0.0,781.5,13.250112658528966,3.7990176006756045,3.7990176006756045,8.200982399324396,20.12495127352891,283.3301782020666,17.07003097810863,781.4
R1076,73.0,1,1,1,1,2238.8,198.3,0.0,2437.1,33.16474562226463,28.821122140990816,12.0,0.0,198.30857818954192,0.0,25.174613517699743,2437.1
R1077,63.0,1,1,0,0,473.8,107.7,0.0,581.5,3.0010927321546967,3.0010927321546967,3.0010927321546967,0.0,107.69296515374266,0.0,21.7422995735191,581.5
R1078,70.0,1,2,0,1,739.1,1124.2,195.0,2058.3,21.435149944780413,4.766032464509047,4.766032464509047,7.233967535490953,298.15536268306056,1021.0756875526664,6.981732740256758,1350.0
R1079,77.0,1,1,1,0,326.0,1610.6,4450.0,6386.6,24.30899770323517,2.668079433421901,2.668079433421901,9.331920566578098,2050.5952323000415,4010.0283573236643,17.556455905596785,6386.6
R1080,67.0,1,1,1,0,407.3,32.7,1871.0,2311.0,3.82824729914128,3.82824729914128,3.82824729914128,0.0,32.71746887755869,0.0,10.46393138068579,2311.1
R1081,82.0,0,1,0,0,1360.4,96.3,0.0,1456.7,27.743918043907513,27.743918043907513,12.0,0.0,96.34338387642445,0.0,26.515988825142543,1456.8
R1082,69.0,1,1,1,0,687.1,1165.5,240.8,2093.4,43.69280104660365,5.578694109904403,5.578694109904403,6.421305890095597,137.0062425344631,1269.2593948113401,27.237701610416394,2093.4
R1083,78.0,0,4,1,0,1006.9,164.0,1041.1,2212.0,23.52469734474667,23.52469734474667,12.0,0.0,1205.0525486007282,0.0,19.311953066715382,2211.9
R1084,74.0,0,1,1,0,1342.0,224.3,0.0,1566.3,12.090460972391213,12.090460972391213,12.0,0.0,224.34630904214833,0.0,23.67379301958233,1566.4
R1085,58.0,0,0,1,0,96.8,1084.5,592.3,1773.6,21.60277375317712,0.7586113383507629,0.7586113383507629,11.241388661649237,11.106513049982569,1665.6169940807126,22.482744060389855,1773.5
R1086,72.0,1,3,1,0,96.4,3814.8,3497.1,7408.3,24.018390063903787,0.2046449901590758,0.2046449901590758,11.795355009840923,10.121451079358216,7301.786699512861,25.604036828554964,7408.3
R1087,77.0,1,2,0,0,1312.5,168.6,0.0,1481.1,58.256805562159485,10.918667361885571,10.918667361885571,1.0813326381144286,102.45333804464104,66.17275436539278,12.691577863898873,1481.1
R1088,64.0,1,1,1,0,1307.2,135.3,0.0,1442.5,33.47661697653822,24.487223257937522,12.0,0.0,135.25526514290422,0.0,11.502919539246223,1436.8
R1089,69.0,0,5,0,1,2216.4,198.4,181.2,2596.0,35.650079191305814,35.650079191305814,12.0,0.0,379.5836497034205,0.0,23.911417334734953,2596.0
R1090,76.0,1,4,1,1,2185.0,445.8,0.0,2630.8,15.993617425445956,15.993617425445956,12.0,0.0,445.75387388204905,0.0,29.01796622625222,2630.8
R1091,79.0,0,3,1,0,1389.5,270.8,0.0,1660.3,17.052509103907177,13.589211534344132,12.0,0.0,270.7767431100438,0.0,11.515627748096549,1649.3
R1092,80.0,1,3,1,0,580.0,2120.9,3124.0,5824.9,13.891111440753852,5.550722345380267,5.550722345380267,6.449277654619733,2168.221902955103,3076.657527969395,19.626575604957353,5824.9
R1093,65.0,1,1,1,0,449.3,50.2,961.6,1461.1,3.5916714344571683,3.5916714344571683,3.5916714344571683,0.0,50.15063817686157,0.0,19.061268300764688,1461.0
R1094,74.0,0,3,0,0,958.0,166.3,350.5,1474.8,8.52311638735841,8.52311638735841,8.52311638735841,0.0,166.3181702251013,0.0,14.965397361482598,1474.9
R1095,83.0,1,2,1,0,1223.5,110.8,360.8,1695.1,10.165890909666931,10.165890909666931,10.165890909666931,0.0,119.02734419410783,0.0,24.005706881649747,1695.1
R1096,58.0,1,0,1,0,214.6,506.2,297.4,1018.2,64.12381117982109,1.0163277724830182,1.0163277724830182,10.983672227516982,7.081243498988877,721.5501542496357,9.16239234422012,889.2
R1097,59.0,0,2,0,0,1425.7,464.6,0.0,1890.3,26.553889223661653,23.120460653051147,12.0,0.0,464.5819918479265,0.0,14.922649771874212,1890.3
R1098,59.0,1,1,1,1,1124.5,438.3,0.0,1562.8,46.46921614538334,5.6349256126240945,5.6349256126240945,6.3650743873759055,52.383597661619916,385.8993449951689,16.345613486217758,1562.8
R1099,60.0,1,1,1,1,805.0,565.4,86.2,1456.6,18.36005498444308,4.6583308461061925,4.6583308461061925,7.3416691538938075,50.13271606323785,601.5111824214578,28.87199470347237,1456.6
R1100,56.0,1,0,1,1,1912.5,179.2,906.5,2998.2,20.6751957301439,20.6751957301439,12.0,0.0,1085.6658121330986,0.0,22.42329096911733,2998.2
R1101,71.0,1,2,0,1,2014.9,544.2,487.1,3046.2,14.797304480736308,11.340680687203662,11.340680687203662,0.6593193127963382,583.3843721081041,149.6222497264761,23.06301308696042,3046.3
R1102,64.0,1,1,1,0,1437.5,511.9,67.0,2016.4,17.809411535706428,11.355928677107682,11.355928677107682,0.6440713228923176,373.70768386232606,205.2385980829905,29.994987446474138,2016.4
R1103,88.0,1,2,1,1,2180.0,444.3,677.0,3301.3,39.25217690358625,21.07966679111053,12.0,0.0,655.8316506903839,0.0,11.44268892071102,3280.6
R1104,43.0,1,0,1,1,1986.7,136.1,285.8,2408.6,54.90652601272161,16.52817746900003,12.0,0.0,136.0886885248571,0.0,20.48463917770059,2408.6
R1105,72.0,0,1,0,0,1152.7,211.4,0.0,1364.1,28.33137082417972,9.971261971472615,9.971261971472615,2.0287380285273855,90.83500602095124,120.52926715802624,8.583880698297246,1115.6
R1106,69.0,1,2,1,0,417.6,1427.0,391.7,2236.3,124.59871901242636,3.9368613566294637,3.9368613566294637,8.063138643370536,99.38955435645411,1719.3136526067035,9.899920179806854,1498.7
R1107,67.0,1,3,1,0,1002.1,434.1,925.5,2361.7,10.522913649970688,10.522913649970688,10.522913649970688,0.0,434.1472811507348,0.0,22.707068183371796,2361.8
R1108,51.0,1,1,1,1,188.8,1178.9,1495.4,2863.1,71.30829905524942,0.5815693187822749,0.5815693187822749,11.418430681217725,428.11504601891727,2246.1817272248645,25.82360226424845,2863.1
R1109,69.0,0,2,0,0,1406.7,211.4,0.0,1618.1,21.137492653534366,14.110349645056502,12.0,0.0,211.39684264614934,0.0,21.259142150321647,1618.1
R1110,71.0,1,1,1,1,2249.7,306.4,305.0,2861.1,51.754635595002476,32.86640438847062,12.0,0.0,611.4409125995712,0.0,19.91478946948576,2861.1
R1111,68.0,1,2,1,0,235.1,1227.0,1206.1,2668.2,36.87522035047651,1.502169905562805,1.502169905562805,10.497830094437195,939.1420027577457,1493.914152434243,24.975137431100446,2668.1
R1112,70.0,1,2,1,0,221.2,48.1,685.4,954.7,1.1705314225814936,1.1705314225814936,1.1705314225814936,0.0,48.085085635848216,0.0,28.949698107641364,954.6
R1113,61.0,1,0,1,1,2040.1,306.9,0.0,2347.0,17.619485731123312,17.619485731123312,12.0,0.0,306.88545818216187,0.0,28.212532158052404,2347.0
R1114,55.0,0,4,0,1,725.0,2050.0,1587.3,4362.3,46.71845212861222,3.8990214283942923,3.8990214283942923,8.100978571605708,389.37220531976567,3247.8599245272935,25.410648163903616,4362.2
R1115,77.0,1,4,1,0,1431.8,251.0,0.0,1682.8,36.6994639916414,15.132099845100582,12.0,0.0,251.01213582683712,0.0,16.370829707932398,1682.8
R1116,68.0,0,1,1,0,812.7,460.6,1431.1,2704.4,8.30455927389315,6.237671640296835,6.237671640296835,2.0668876335963144,145.70421411024702,1576.9120123324308,24.39201619207099,2704.3
R1117,73.0,0,0,1,0,1417.7,256.8,0.0,1674.5,64.6497291315285,19.341819305987496,12.0,0.0,256.8382835987185,0.0,11.61197549564962,1666.3
R1118,56.0,1,1,1,1,2263.5,360.0,0.0,2623.5,17.04523683917929,17.04523683917929,12.0,0.0,360.00120813706286,0.0,27.69716827576375,2623.5
R1119,48.0,1,1,1,0,1114.2,621.9,165.4,1901.5,52.64809731981199,9.102200907868419,9.102200907868419,2.8977990921315815,367.57583652912047,419.76381891691796,12.713623299829482,1901.6
R1120,71.0,1,2,0,0,698.1,951.4,84.9,1734.4,13.819752097050912,5.03012130525056,5.03012130525056,6.96987869474944,94.79340202880495,941.4937381387376,29.52923306845442,1734.3
R1121,67.0,1,2,1,1,1183.0,1237.5,0.0,2420.5,37.84046110889971,6.570633278978525,6.570633278978525,5.429366721021475,193.68949245099247,1043.785914248955,13.240398119098591,2420.5
R1122,59.0,1,1,1,1,468.3,15.8,170.6,654.7,2.4297902416598625,2.4297902416598625,2.4297902416598625,0.0,15.793005144236467,0.0,12.337998642085196,654.8
R1123,68.0,1,4,1,0,698.0,3088.0,830.3,4616.3,29.617704830671677,5.125007475663439,5.125007475663439,6.874992524336561,551.7138022663657,3366.6153379285433,14.0718586089209,4616.4
R1124,66.0,0,0,1,0,583.9,159.2,0.0,743.1,5.028901053222471,4.251433506244567,4.251433506244567,0.7774675469779044,72.61649900411406,86.605526983751,17.64340548333314,743.2
R1125,59.0,1,0,1,1,925.6,937.8,310.6,2174.0,14.545322669353572,4.464207557376559,4.464207557376559,7.535792442623441,78.09161168928185,859.710753427992,10.804815443294387,2037.6
R1126,62.0,0,2,1,0,223.3,2353.8,2328.5,4905.6,55.19918047760161,1.439132611289542,1.439132611289542,10.560867388710458,443.3160474298923,3797.190416469628,12.329356608750444,4905.7
R1127,61.0,1,0,1,0,1412.3,171.9,0.0,1584.2,46.882184181285936,40.18795243266134,12.0,0.0,171.85035511972387,0.0,27.22167764121794,1584.1
R1128,57.0,1,2,0,1,2065.5,168.4,548.1,2782.0,39.372956899304825,39.372956899304825,12.0,0.0,716.5118486781521,0.0,28.35167557723383,2782.0
R1129,79.0,1,5,1,0,196.5,50.2,861.0,1107.7,1.003227169992065,1.003227169992065,1.003227169992065,0.0,50.20079692420103,0.0,9.729117182698532,1107.7
R1130,54.0,1,0,1,1,1261.4,285.6,0.0,1547.0,33.46553470714402,6.819256700162988,6.819256700162988,5.180743299837012,47.96659802494552,237.66070204489304,16.59242943422447,1547.0
R1131,75.0,0,1,0,1,2205.0,400.0,527.0,3132.0,50.93832781979486,50.93832781979486,12.0,0.0,399.9970694457762,0.0,16.076313805003537,3131.9
R1132,55.0,1,1,1,0,840.1,532.1,2171.3,3543.5,35.08371654820783,7.64950967780664,7.64950967780664,4.35049032219336,112.99957769229547,2407.263112985264,25.87893878288118,3543.6
R1133,68.0,1,2,1,0,1114.2,334.0,0.0,1448.2,23.55883429004748,12.15171632673151,12.0,0.0,333.9722476631311,0.0,21.84993478195143,1448.2
R1134,76.0,1,2,1,1,1298.5,929.2,2326.1,4553.8,71.85113071812751,7.515991032117831,7.515991032117831,4.484008967882169,587.8043728766611,2667.497822410494,15.793000215354393,4553.8
R1135,73.0,0,1,0,1,2072.3,358.8,0.0,2431.1,105.34089370056307,10.819677222889588,10.819677222889588,1.180322777110412,209.6554410450627,149.16126021025994,24.928699031302635,2431.2
R1136,88.0,0,1,1,0,829.0,505.0,2112.8,3446.8,55.718253751229106,6.29773869561079,6.29773869561079,5.70226130438921,73.13550906875517,2544.6863116387203,20.523623732004676,3446.8
R1137,63.0,1,0,1,0,596.7,1054.8,3863.8,5515.3,45.339107857136085,4.638468063340675,4.638468063340675,7.361531936659325,327.73807961265777,4590.864717796131,11.024666309912158,4494.4
R1138,64.0,1,0,0,1,2087.5,375.1,0.0,2462.6,128.8608101822701,23.980194833045662,12.0,0.0,375.05474355383797,0.0,25.023075745279094,2462.6
R1139,65.0,0,0,0,0,1414.1,104.3,0.0,1518.4,67.31622558387004,30.558599313685228,12.0,0.0,104.26679675263108,0.0,17.175300395574922,1518.4
R1140,59.0,0,0,1,0,1124.9,209.9,0.0,1334.8,86.58825901691989,30.763752596261384,12.0,0.0,209.8868985892382,0.0,27.286812005423222,1334.8
R1141,73.0,1,1,0,0,356.9,1416.3,149.5,1922.7,36.78180506049653,2.6247438364439475,2.6247438364439475,9.375256163556053,207.78514290466381,1358.0387955293113,21.965488566840648,1922.7
R1142,75.0,1,1,1,0,1303.9,378.2,0.0,1682.1,13.893411850559641,13.485401554817598,12.0,0.0,378.2174868850651,0.0,9.627506570837038,1390.0
R1143,74.0,1,2,0,1,2246.0,76.0,224.3,2546.3,11.848849571566884,11.848849571566884,11.848849571566884,0.0,76.04820903506189,0.0,24.160216716993173,2546.3
R1144,69.0,0,2,0,0,1076.2,512.8,463.1,2052.1,39.41187442614281,8.247855824883596,8.247855824883596,3.7521441751164044,129.2593718686791,846.6063447108926,19.948938068534726,2052.1
R1145,72.0,1,1,0,0,337.5,728.8,913.3,1979.6,30.525105460698523,2.3008598493109456,2.3008598493109456,9.699140150689054,938.847000626817,703.1971398891449,18.99790699537037,1979.5
R1146,48.0,0,0,0,1,2248.1,168.3,0.0,2416.4,77.81068321724749,77.81068321724749,12.0,0.0,168.34513417778956,0.0,16.07370131421964,2416.5
R1147,54.0,1,1,0,0,1344.8,390.4,773.2,2508.4,32.65539745097239,11.27078479148327,11.27078479148327,0.7292152085167292,1047.7567578212993,115.83580543937802,21.90936587429616,2508.4
R1148,68.0,1,1,0,0,688.5,1209.8,882.5,2780.8,12.284368615210933,5.422628048911431,5.422628048911431,6.577371951088569,135.77200809556123,1956.4843419885444,7.518954917406578,2049.0
R1149,82.0,0,2,0,0,1365.0,477.3,727.8,2570.1,22.387969265116396,22.387969265116396,12.0,0.0,1205.136877652013,0.0,18.09200549945002,2570.1
R1150,66.0,1,0,0,1,1688.2,196.4,2815.4,4700.0,8.40738751541898,8.40738751541898,8.40738751541898,0.0,196.4330208404558,0.0,28.452161251565638,4700.1
R1151,48.0,1,0,1,1,2155.1,128.8,0.0,2283.9,39.57235186918064,11.342406037144732,11.342406037144732,0.6575939628552678,93.46246252478187,35.33891975749518,10.916811293221421,2065.5
R1152,61.0,1,1,0,1,2266.6,207.6,0.0,2474.2,77.0516310370414,77.0516310370414,12.0,0.0,207.62211470485866,0.0,9.28832145337481,2049.6
R1153,58.0,1,1,0,0,1397.1,323.4,0.0,1720.5,13.706440447242032,13.706440447242032,12.0,0.0,323.41311501015434,0.0,15.852488268455643,1720.5
R1154,69.0,1,3,0,0,697.0,171.8,0.0,868.8,5.911553432820901,5.239878673102489,5.239878673102489,0.6716747597184121,93.56534135886847,78.21971456895213,18.468250606665173,868.8
R1155,66.0,1,0,0,1,2157.1,210.8,0.0,2367.9,124.2475149799332,33.64227322341453,12.0,0.0,210.84743591731305,0.0,15.03662002979193,2367.9
R1156,65.0,1,2,1,1,980.7,639.2,0.0,1619.9,59.03421351175154,6.201387552278587,6.201387552278587,5.798612447721413,90.04776406112748,549.1254432690697,17.61458470957875,1619.9
R1157,69.0,1,1,1,0,324.5,40.8,1074.3,1439.6,2.7599262590728637,2.7599262590728637,2.7599262590728637,0.0,40.79953936804122,0.0,22.192035055412397,1439.6
R1158,70.0,1,1,1,1,158.0,2219.5,1752.0,4129.5,9.73051333322911,0.04820548092608495,0.04820548092608495,9.682307852303026,1.6930748465082988,3332.4814759301435,25.0266856452805,4129.5
R1159,68.0,1,1,1,1,2188.7,129.7,0.0,2318.4,15.581378231212048,15.581378231212048,12.0,0.0,129.7071946362597,0.0,7.238195685234195,1537.4
R1160,69.0,0,1,1,0,1379.4,100.6,0.0,1480.0,15.289443378129755,15.289443378129755,12.0,0.0,100.64372938262972,0.0,15.161093138002553,1480.1
R1161,72.0,1,3,1,0,435.2,961.0,1632.2,3028.4,26.19742880941805,3.094991921008946,3.094991921008946,8.905008078991054,394.0658583567166,2199.112806768754,20.86154198423877,3028.4
R1162,74.0,1,1,0,0,214.3,1167.5,1789.6,3171.4,15.766650269389372,1.3737099679110283,1.3737099679110283,10.626290032088972,22.691810034882955,2934.379163042373,6.501975851203846,2579.0
R1163,60.0,1,2,0,0,1401.3,161.8,238.7,1801.8,145.83402135330195,28.881802802279353,12.0,0.0,400.4988630312697,0.0,28.780706059331134,1801.8
R1164,59.0,1,3,1,0,774.8,1268.1,610.9,2653.8,42.529730240312006,7.07534494489461,7.07534494489461,4.92465505510539,228.92528241515856,1174.029502267034,21.3797034398941,2653.8
R1165,83.0,1,3,1,0,214.0,24.9,287.8,526.7,1.3408795520199521,1.3408795520199521,1.3408795520199521,0.0,24.900635515234576,0.0,17.640088184667594,526.8
R1166,82.0,1,2,1,0,1194.0,368.3,412.5,1974.8,25.78377073945946,17.008213697993394,12.0,0.0,780.7234398041593,0.0,16.759543245580574,1974.7
R1167,56.0,0,3,1,0,225.1,38.2,4504.1,4767.4,1.376779730528641,1.227368907910169,1.227368907910169,0.14941082261847205,21.277075090347328,16.892047298027137,9.534184366556012,4767.4
R1168,55.0,1,2,0,1,1848.2,154.6,0.0,2002.8,78.6612187586012,12.105353424001553,12.0,0.0,154.63429462333502,0.0,7.590120074047756,1329.9
R1169,64.0,1,1,1,1,1845.2,165.6,370.2,2381.0,10.87742377019299,10.87742377019299,10.87742377019299,0.0,165.64765092004342,0.0,22.343200977171243,2381.1
R1170,73.0,1,3,0,1,176.8,3369.5,2563.2,6109.5,45.67631976797469,0.010241192623565683,0.010241192623565683,11.989758807376434,0.44125587853500675,5544.680861919825,28.175667347736578,6109.6
R1171,48.0,1,1,0,1,729.2,1068.5,422.5,2220.2,243.2215151825961,3.7755784294188426,3.7755784294188426,8.224421570581157,70.26754126300443,1232.3243951770123,25.01684404507176,2220.2
R1172,69.0,0,0,1,0,1293.7,295.1,0.0,1588.8,143.29866357538418,20.978677670492978,12.0,0.0,295.1105872936858,0.0,6.5149040381172245,914.9
R1173,63.0,1,0,0,0,1384.6,121.2,0.0,1505.8,165.19994561624532,12.910794393178403,12.0,0.0,121.19222969134997,0.0,6.935243566658106,877.7
R1174,62.0,1,1,0,0,1423.4,126.7,65.9,1616.0,96.03611993871301,31.434929792473795,12.0,0.0,192.59836675718054,0.0,18.30380395418051,1616.0
R1175,73.0,0,1,1,0,116.7,909.9,6234.3,7260.9,8.109464989763305,0.37522176797947326,0.37522176797947326,7.7342432217838315,6.718438349353547,5944.192476743065,19.75833901475731,7260.8
R1176,66.0,1,0,1,0,1411.2,258.2,0.0,1669.4,34.530881509810385,26.63770333660942,12.0,0.0,258.168218805476,0.0,20.552313692852167,1669.3
R1177,58.0,1,3,0,1,369.4,449.4,4382.5,5201.3,2.5666885005709736,1.070555381843246,1.070555381843246,1.4961331187277276,713.0300970143652,1244.0927100047918,27.024595810655462,5201.4
R1178,62.0,1,4,0,0,1402.0,370.6,0.0,1772.6,35.07767651139675,25.48797454812738,12.0,0.0,370.6053889769145,0.0,27.54877891506468,1772.6
R1179,52.0,1,0,0,0,1237.1,137.8,0.0,1374.9,141.22124948513763,49.57162282903383,12.0,0.0,137.76407632440802,0.0,29.743066341427575,1374.9
R1180,64.0,1,1,1,0,1031.9,396.0,888.3,2316.2,59.49846892195552,10.150060065834342,10.150060065834342,1.8499399341656577,180.93577480998934,215.06853793443412,14.007270755606848,2316.1
R1181,75.0,0,1,1,0,575.8,785.5,3861.8,5223.1,7.672636545126938,4.804219591101604,4.804219591101604,2.868416954025334,160.5066893169935,4486.763883117102,17.245052985731583,5223.1
R1182,56.0,1,0,1,0,223.8,979.4,0.0,1203.2,30.909544238978324,1.8506637665210615,1.8506637665210615,10.14933623347894,26.63785825519047,952.7365903350141,29.847103510520828,1203.2
R1183,59.0,1,1,1,0,1276.8,257.0,0.0,1533.8,20.252882368631358,10.892386460116121,10.892386460116121,1.1076135398838787,154.5240056681175,102.4765734155519,22.808707083889246,1533.8
R1184,59.0,1,1,0,1,1892.8,82.0,0.0,1974.8,367.77399591674526,36.42020220166536,12.0,0.0,82.02201068135712,0.0,7.378437960544196,1312.3
R1185,52.0,0,0,1,1,1220.9,86.1,1423.1,2730.1,6.265607030509855,6.265607030509855,6.265607030509855,0.0,86.13246816642271,0.0,27.829238225720992,2730.1
R1186,47.0,0,2,1,0,684.4,1015.7,623.2,2323.3,10.355467412954242,5.88915108352367,5.88915108352367,4.4663163294305726,182.04957651616374,1079.0501361279394,20.800145680550713,2323.3
R1187,62.0,1,0,0,1,1868.1,497.6,547.7,2913.4,82.40602751926029,18.93893642435015,12.0,0.0,1045.2153225416096,0.0,10.649094042420607,2701.6
R1188,62.0,1,1,0,0,406.1,169.1,2658.5,3233.7,4.845527617513334,4.845527617513334,4.845527617513334,0.0,169.09799787619954,0.0,14.345497313388448,3233.6
R1189,61.0,1,2,1,1,1864.7,401.7,1813.0,4079.4,36.56325505751774,16.343734449463753,12.0,0.0,2214.7116055817587,0.0,19.863823010606698,4079.4
R1190,75.0,0,2,1,0,103.6,728.1,1058.2,1889.9,5.335654182022702,0.2241342286308569,0.2241342286308569,5.111519953391845,4.862507818655009,1327.80140457362,21.66639465876439,1889.8
R1191,80.0,1,2,0,1,1135.4,794.0,1268.0,3197.4,48.256855218332554,5.648556248747402,5.648556248747402,6.351443751252598,95.27978181777704,1966.7359152544354,15.857483409153001,3197.5
R1192,79.0,1,1,1,0,618.8,838.3,737.1,2194.2,25.3285624460874,5.937650076444974,5.937650076444974,6.062349923555026,109.46238977628322,1465.9837994625827,23.864618302708696,2194.2
R1193,66.0,1,2,1,0,578.1,541.2,211.4,1330.7,7.9024633381501825,4.204514914692388,4.204514914692388,3.6979484234577944,80.34214779700268,460.84174545155855,18.787836617397545,1330.6
R1194,54.0,1,1,1,1,1012.6,1701.5,0.0,2714.1,51.102708976977,5.633452546642299,5.633452546642299,6.366547453357701,203.2704183108512,1498.1901726977326,29.394187348541116,2714.1
R1195,68.0,1,0,1,0,1334.3,151.3,0.0,1485.6,18.353096983612605,18.353096983612605,12.0,0.0,151.2702715334878,0.0,26.483905513185295,1485.5
R1196,47.0,1,0,1,0,228.2,772.8,0.0,1001.0,35.12730189372254,1.3219637242529518,1.3219637242529518,10.678036275747049,14.395904251965339,758.3579196113112,9.60231703908326,830.7
R1197,59.0,1,2,0,1,156.0,735.1,1314.8,2205.9,2.987354321830116,0.2817728089310322,0.2817728089310322,2.705581512899084,11.554272425273755,723.5483666421522,8.474104593891134,2205.9
R1198,79.0,1,0,1,0,340.3,47.0,0.0,387.3,2.250238532861889,2.250238532861889,2.250238532861889,0.0,47.00153343452244,0.0,26.48471023278396,387.3
R1199,49.0,0,0,0,1,512.0,246.2,249.1,1007.3,108.6459407185128,2.1139243966468197,2.1139243966468197,9.88607560335318,7.8151714756479125,369.20851736087343,20.58553613898548,1007.3
R1200,77.0,1,3,0,0,269.3,1746.3,403.5,2419.1,8.134033683750886,2.3318176806849262,2.3318176806849262,5.8022160030659595,101.36345069602048,1996.6113278444132,29.429365595050268,2419.1
R1201,55.0,0,4,1,0,506.2,1856.0,1296.1,3658.3,60.20669781918418,4.560252578779003,4.560252578779003,7.439747421220997,159.45198691912486,2521.6581602989727,16.460034707102857,3658.2
R1202,52.0,1,1,1,1,2117.0,271.1,0.0,2388.1,27.312310947608577,11.764767516002523,11.764767516002523,0.23523248399747665,239.85553516859758,31.277145711350492,10.303160959839996,2150.6
R1203,74.0,1,1,1,1,1309.7,36.2,2703.8,4049.7,6.5129395149334455,6.5129395149334455,6.5129395149334455,0.0,36.18974703947067,0.0,6.887720313006566,4049.7
R1204,59.0,1,0,0,0,303.9,2002.8,1056.2,3362.9,70.51682656808275,2.108696015862314,2.108696015862314,9.891303984137686,63.39514347718719,2995.5557387910453,24.446033321047395,3362.8
R1205,54.0,1,0,0,1,2059.3,200.2,0.0,2259.5,79.82126739294313,56.42288513747958,12.0,0.0,200.2085723031373,0.0,8.004430304806244,1678.1
R1206,54.0,1,1,1,0,1409.3,323.5,0.0,1732.8,118.5967753948785,20.255088359028196,12.0,0.0,323.47457602656664,0.0,21.45367566439154,1732.8
R1207,76.0,1,0,1,0,591.4,159.0,957.3,1707.7,9.338867887070007,4.450489511238132,4.450489511238132,4.888378375831875,19.47293709495667,1018.9591288925614,19.52504560409711,1707.6
R1208,77.0,1,1,1,1,1897.2,711.4,0.0,2608.6,35.14305230382692,9.743681946614604,9.743681946614604,2.256318053385396,283.3898209874171,427.981393978695,23.749639689646294,2608.5
R1209,58.0,1,2,1,0,665.0,493.6,759.7,1918.3,74.57326776192144,6.180216727828826,6.180216727828826,5.819783272171174,69.11854080069122,1184.1584053978368,28.65339031204819,1918.3
R1210,46.0,1,1,0,1,2112.8,154.9,0.0,2267.7,188.71207035618423,32.65333270512457,12.0,0.0,154.93592918623358,0.0,11.676515769219998,2263.6
R1211,57.0,0,3,0,0,1420.9,339.8,1740.6,3501.3,40.11443340963592,35.22695368314312,12.0,0.0,2080.4095666631047,0.0,17.5824982247028,3501.3
R1212,82.0,1,2,0,0,1087.2,990.9,0.0,2078.1,46.92491335625591,9.205990564518274,9.205990564518274,2.794009435481726,332.595005110615,658.31915025557,24.037489649507037,2078.1
R1213,62.0,1,3,1,0,826.8,686.1,836.1,2349.0,13.967956581411375,6.268113464146272,6.268113464146272,5.731886535853728,98.52165643213571,1423.6436626136453,10.856596046202764,1395.7
R1214,78.0,1,1,0,0,307.3,1463.1,464.1,2234.5,39.04015457813217,2.48542794721285,2.48542794721285,9.51457205278715,56.346860056043646,1755.299016900718,8.20827896382778,1673.9
R1215,62.0,1,3,1,0,1341.5,97.9,0.0,1439.4,14.624308434756045,12.586826315214338,12.0,0.0,97.8551331664482,0.0,9.312551678564922,1193.8
R1216,47.0,1,2,1,0,1418.1,235.8,350.0,2003.9,29.7585123095218,14.286847703283753,12.0,0.0,235.78869917672694,0.0,28.36051165867478,2004.0
R1217,76.0,1,0,1,0,1431.7,93.7,0.0,1525.4,57.08557802950366,23.28347129110586,12.0,0.0,93.71865398655956,0.0,24.946204872364817,1525.4
R1218,69.0,1,3,1,0,658.8,159.9,889.4,1708.1,5.3819021982903505,5.3819021982903505,5.3819021982903505,0.0,159.91623864744136,0.0,10.809860417972192,1708.1
R1219,55.0,0,2,0,0,1432.1,336.1,0.0,1768.2,38.763534571135835,18.81919139098937,12.0,0.0,336.0883870663614,0.0,6.381353516063731,1014.1
R1220,61.0,1,2,0,0,1431.2,795.1,0.0,2226.3,23.578098945989918,22.369057689321156,12.0,0.0,795.1417338893651,0.0,21.30765628015136,2226.3
R1221,57.0,0,0,1,1,1699.3,256.4,0.0,1955.7,81.78229952667469,8.091783137878108,8.091783137878108,3.9082168621218916,61.779511237039664,194.59976446327792,13.72576512217844,1955.7
R1222,71.0,1,1,1,1,1784.1,186.0,189.1,2159.2,71.70405410766044,9.597776433995481,9.597776433995481,2.402223566004519,70.65724009047334,304.4233633747296,11.470910729581103,1944.6
R1223,60.0,0,1,1,0,1311.9,310.0,0.0,1621.9,35.7701948085664,35.7701948085664,12.0,0.0,309.9697735575322,0.0,10.78933529505139,1481.2
R1224,63.0,1,1,0,1,909.8,838.2,413.5,2161.5,122.27513583656548,4.5375220524976045,4.5375220524976045,7.4624779475023955,71.48558854627889,766.7366661308425,17.33340872592983,2161.6
R1225,49.0,0,0,0,0,235.6,1792.7,511.1,2539.4,24.559948472181148,1.7060800269868748,1.7060800269868748,10.293919973013125,44.42867231931107,2259.3647308071913,14.214034895769114,2539.4
R1226,76.0,1,4,1,0,235.3,2252.8,994.3,3482.4,38.163525524559894,1.0068354930180576,1.0068354930180576,10.993164506981943,31.199144370518894,3215.881770007625,28.565215005347284,3482.3
R1227,70.0,1,2,1,0,1283.4,408.8,0.0,1692.2,37.001175980800724,16.732681538337584,12.0,0.0,408.7672225091967,0.0,19.581299457478476,1692.2
R1228,71.0,1,1,0,0,1411.8,370.5,0.0,1782.3,95.60837708420462,25.873004551244307,12.0,0.0,370.4725029884064,0.0,27.603027472749126,1782.3
R1229,60.0,0,1,0,0,563.8,2350.5,1242.1,4156.4,11.905130041119726,4.789630329721211,4.789630329721211,7.115499711398515,219.90454732920674,3372.684745386732,28.191327966349576,4156.4
R1230,61.0,0,1,1,0,694.6,523.1,390.0,1607.7,17.855517545768805,5.643772111071568,5.643772111071568,6.356227888928432,62.68133865449799,850.4047501396037,27.6031797613164,1607.7
R1231,68.0,1,0,1,1,1060.3,785.1,0.0,1845.4,45.20130145736418,5.956242935513144,5.956242935513144,6.043757064486856,103.06962381698936,682.0696264358322,17.960291772689597,1845.4
R1232,83.0,1,2,0,0,452.7,48.1,258.7,759.5,3.1556346120158976,3.1556346120158976,3.1556346120158976,0.0,48.11855879092295,0.0,19.998949552605747,759.5
R1233,40.0,1,1,0,0,1408.3,307.0,0.0,1715.3,109.09396609665862,11.320619547388985,11.320619547388985,0.6793804526110154,220.67703629748047,86.37009902289613,18.822213641368766,1715.3
R1234,65.0,1,2,1,1,2103.8,429.0,477.6,3010.4,76.36298127053372,40.50380608401112,12.0,0.0,906.5872866313767,0.0,6.48632353769589,1936.7
R1235,53.0,1,0,0,0,1279.2,571.2,529.2,2379.6,61.243862609605635,10.348645355240324,10.348645355240324,1.6513546447596763,279.91574125399643,291.3047681249957,28.713841384561356,2379.6
R1236,69.0,1,0,1,0,570.6,1459.8,0.0,2030.4,35.218020397219384,4.16491245391923,4.16491245391923,7.83508754608077,110.01668534896882,1349.770572886492,9.626168474467212,1621.5
R1237,55.0,1,2,1,0,1414.2,305.6,0.0,1719.8,38.35306528126696,38.35306528126696,12.0,0.0,305.6198051092127,0.0,19.282941854059523,1719.8
R1238,64.0,1,3,0,0,1324.9,564.3,0.0,1889.2,14.024841520229288,14.024841520229288,12.0,0.0,564.2923307585396,0.0,22.383548562932113,1889.2
R1239,71.0,1,0,0,0,219.3,1708.4,648.4,2576.1,12.600645093898395,1.0525138484574699,1.0525138484574699,10.947486151542531,24.81827085204694,2331.8881310169722,24.87134671589006,2576.0
R1240,59.0,1,0,0,1,358.7,820.2,1958.4,3137.3,129.35476684436628,1.2737470037233563,1.2737470037233563,10.726252996276644,141.58174509427585,2200.819825848923,19.01335631066029,3137.2
R1241,73.0,0,4,1,0,614.8,1090.6,2033.4,3738.8,25.806919625817265,5.53544614909086,5.53544614909086,6.46455385090914,1496.0072090326664,1627.9212314693307,21.338661096723353,3738.8
R1242,61.0,1,1,1,1,169.3,7.0,243.6,419.9,0.5436061087753647,0.5436061087753647,0.5436061087753647,0.0,7.035999854945359,0.0,25.8506246279824,419.9
R1243,66.0,1,1,1,1,156.1,844.4,0.0,1000.5,50.0437004888239,0.7519990766972886,0.7519990766972886,11.248000923302712,8.568279865999443,835.8245100670389,21.44468056463077,1000.5
R1244,63.0,1,1,1,0,1238.8,254.0,0.0,1492.8,29.035541003271195,10.211651061214862,10.211651061214862,1.7883489387851377,118.58907799988113,135.44544695410636,22.00420357292392,1492.9
R1245,61.0,1,1,0,0,1397.1,86.9,0.0,1484.0,103.76153746927834,12.955932090299244,12.0,0.0,86.91495535481461,0.0,26.49724934521065,1484.0
R1246,75.0,1,2,1,0,119.4,3273.1,2538.8,5931.3,10.372982531800336,0.7175565107749684,0.7175565107749684,9.655426021025367,36.877369241379476,3236.224833076245,7.761880005972785,2517.3
R1247,77.0,1,4,1,0,608.8,611.2,380.6,1600.6,9.537585008225125,5.811717787509494,5.811717787509494,3.7258672207156316,498.6246415253168,493.2666560064259,18.444505219419792,1600.7
R1248,70.0,1,0,1,1,2210.4,227.8,1275.8,3714.0,18.685573779260316,17.153552676895714,12.0,0.0,1503.6809910953216,0.0,6.637248570269805,2691.3
R1249,68.0,1,1,0,1,2257.7,349.6,0.0,2607.3,34.39236169061012,32.708941003133134,12.0,0.0,349.6205631065361,0.0,9.633268112235108,2162.1
R1250,56.0,1,1,0,0,559.0,684.0,666.2,1909.2,8.543512389714286,4.7177769978186,4.7177769978186,3.8257353918956856,108.76618783874008,575.2211555799563,6.684153941207034,963.4
R1251,53.0,0,2,0,1,516.6,2056.2,5422.7,7995.5,193.38599956226756,2.5029981298802957,2.5029981298802957,9.497001870119703,79.86643053251775,7399.009335845966,26.78979591642931,7995.5
R1252,50.0,1,0,0,1,1825.5,296.2,0.0,2121.7,42.238745758242,28.019153085704584,12.0,0.0,296.15163043339265,0.0,13.913717232065737,2121.7
R1253,75.0,1,0,0,0,1412.7,25.1,616.9,2054.7,12.647482711737748,12.647482711737748,12.0,0.0,642.049103807799,0.0,18.507148976311832,2054.8
R1254,53.0,1,0,1,0,340.9,800.1,2687.7,3828.7,33.738655364573724,2.9025970778786867,2.9025970778786867,9.097402922121313,37.31757001690803,3450.474141844832,24.894190511738174,3828.7
R1255,62.0,0,5,0,0,350.1,1602.9,1368.8,3321.8,19.53574829235321,2.382741694145972,2.382741694145972,9.617258305854028,58.66317467359081,2913.001812068127,22.53352379399484,3321.7
R1256,58.0,1,1,1,0,721.8,49.6,205.0,976.4,6.8478768050743755,6.8478768050743755,6.8478768050743755,0.0,49.56754388616537,0.0,28.231549451894587,976.3
R1257,64.0,1,1,1,1,2267.5,174.1,365.9,2807.5,61.42932810338102,17.60629058648408,12.0,0.0,174.14830713011867,0.0,17.755288529351795,2807.6
R1258,69.0,1,1,1,1,744.0,1571.5,0.0,2315.5,36.01252811685895,3.7754603557926503,3.7754603557926503,8.22453964420735,103.34125546456829,1468.17843392227,22.85850756082546,2315.5
R1259,59.0,1,1,0,1,1099.4,1603.2,583.1,3285.7,23.669597029821915,5.252579853844932,5.252579853844932,6.747420146155068,170.95495776386446,2015.3031378444898,26.8261120533841,3285.6
R1260,49.0,1,1,1,1,2177.5,240.7,0.0,2418.2,59.39794628314011,59.39794628314011,12.0,0.0,240.7351479706932,0.0,8.57272855292516,1805.1
R1261,65.0,1,0,1,0,94.9,1852.1,4251.1,6198.1,32.12418688087655,0.5812437188009474,0.5812437188009474,11.418756281199052,3755.269326715807,2347.8891908039427,17.27652381299332,6198.0
R1262,73.0,1,1,0,1,1379.4,369.3,1471.1,3219.8,47.88448897195881,7.107824783965895,7.107824783965895,4.892175216034105,598.7204271543551,1151.3326099893666,8.111862201708,1943.3
R1263,64.0,0,1,0,0,268.7,832.6,255.4,1356.7,72.8978055097091,2.2136874674070297,2.2136874674070297,9.78631253259297,27.90979269368645,1060.0299838686851,19.367144691222094,1356.6
R1264,76.0,1,0,1,0,1415.5,447.0,0.0,1862.5,16.564332497389916,13.163358087722008,12.0,0.0,446.9834756219727,0.0,13.52048031440753,1862.4
R1265,60.0,1,5,1,0,611.5,796.1,562.5,1970.1,7.666359374477861,5.191269086517,5.191269086517,2.475090287960861,715.7132224502191,602.3774977135677,26.171958555647578,1970.1
R1266,64.0,1,1,1,1,2207.8,187.6,0.0,2395.4,42.27901193168827,11.769139371311175,11.769139371311175,0.2308606286888253,166.29809116487687,21.27432823038344,17.241140868068204,2395.3
R1267,64.0,1,1,1,1,1886.1,420.0,581.1,2887.2,61.28145268985023,58.70236482931678,12.0,0.0,1001.1141362810265,0.0,9.909487216505761,2499.7
R1268,48.0,0,2,0,1,2200.0,229.5,0.0,2429.5,24.246253748857157,13.85161227343614,12.0,0.0,229.53965684985502,0.0,26.96109924352883,2429.6
R1269,49.0,1,1,1,0,1365.4,319.4,0.0,1684.8,58.17837633853269,34.72745163875338,12.0,0.0,319.370824896943,0.0,16.220771920525337,1684.7
R1270,72.0,1,3,1,0,523.9,286.8,1791.2,2601.9,6.548746303998567,4.3944759119797485,4.3944759119797485,2.1542703920188186,169.98809008451133,218.5010505013737,6.473069812498699,1268.0
R1271,56.0,1,0,0,1,2240.8,576.4,0.0,2817.2,84.72663578763894,34.33202399752751,12.0,0.0,576.4103671701214,0.0,12.448532606088232,2817.2
R1272,65.0,1,2,1,0,599.4,1026.0,1063.3,2688.7,20.715155062380788,5.377846278144918,5.377846278144918,6.622153721855082,113.6145153162997,1975.7106677499141,15.194386123440035,2688.7
R1273,59.0,1,1,0,1,2139.1,84.9,0.0,2224.0,128.4921280274212,15.29996733714632,12.0,0.0,84.94307104027844,0.0,6.629863697635735,1294.7
R1274,66.0,1,2,1,0,909.4,202.0,443.5,1554.9,7.232906868122386,7.232906868122386,7.232906868122386,0.0,201.9911175179528,0.0,9.362676844596773,1554.9
R1275,55.0,0,2,0,1,1370.8,156.5,0.0,1527.3,7.42083625980763,7.42083625980763,7.42083625980763,0.0,156.47608208249747,0.0,13.116212850897046,1527.2
R1276,57.0,1,5,0,0,119.3,32.7,0.0,152.0,0.9059233977128144,0.9059233977128144,0.9059233977128144,0.0,32.71852511460692,0.0,14.101999083801878,152.0
R1277,73.0,0,5,1,0,235.4,56.7,2120.3,2412.4,1.224500411422389,1.224500411422389,1.224500411422389,0.0,56.679675751875855,0.0,16.501907146119564,2412.4
R1278,60.0,1,1,1,1,2146.9,172.3,0.0,2319.2,23.194773618016637,23.194773618016637,12.0,0.0,172.25919834413887,0.0,13.142827545765119,2319.1
R1279,88.0,1,4,1,0,685.0,843.7,498.1,2026.8,19.945432197073774,5.433326112216123,5.433326112216123,6.566673887783877,452.92469891081555,888.8617238577126,13.696037790465692,2026.8
R1280,58.0,0,0,0,0,1378.8,460.8,0.0,1839.6,65.55491557551785,28.263095356342344,12.0,0.0,460.83389338846956,0.0,17.08989059579173,1839.6
R1281,71.0,0,1,0,1,692.4,1329.3,2707.1,4728.8,134.97761473469475,3.200399620442411,3.200399620442411,8.799600379557589,70.21646941413584,3890.3340051616497,14.446385911446903,4728.8
R1282,56.0,1,0,1,0,115.0,3.6,0.0,118.6,0.1440427059879983,0.1440427059879983,0.1440427059879983,0.0,3.615228355946418,0.0,23.994862746399384,118.6
R1283,65.0,0,2,1,1,2127.7,175.7,160.8,2464.2,24.90682175818831,22.9865905615781,12.0,0.0,175.65017948859287,0.0,24.74569955797915,2464.2
R1284,59.0,1,1,1,1,732.5,60.8,135.9,929.2,3.2791014574142516,3.2791014574142516,3.2791014574142516,0.0,60.773227802133434,0.0,6.423983132329362,929.2
R1285,40.0,1,1,0,1,2277.1,108.4,286.7,2672.2,55.99611557971534,33.257182168175994,12.0,0.0,395.09189984059844,0.0,9.890213085907696,2273.7
R1286,64.0,1,2,1,0,886.3,934.1,578.0,2398.4,11.423934030987208,9.274363689609777,9.274363689609777,2.149570341377432,696.3704290856545,562.195493012931,8.44365945342899,1460.7
R1287,74.0,0,2,1,0,1309.2,748.4,0.0,2057.6,18.04849981482922,10.661540842794073,10.661540842794073,1.3384591572059268,411.49998037944016,336.91348206617005,14.468848815805789,2057.6
R1288,57.0,0,0,0,1,1785.4,115.3,0.0,1900.7,28.266821093106184,28.266821093106184,12.0,0.0,115.28899301491019,0.0,14.550253280828565,1900.7
R1289,68.0,1,2,0,0,1109.9,571.6,0.0,1681.5,82.87117047420664,30.897327316350776,12.0,0.0,571.6275083978973,0.0,23.98303429070406,1681.6
R1290,54.0,1,1,0,0,1002.0,210.9,0.0,1212.9,89.02643608965903,24.97220389518548,12.0,0.0,210.92396851675548,0.0,23.50848301618385,1212.9
R1291,57.0,1,0,1,1,977.6,740.3,107.9,1825.8,116.34258879865169,6.200943798414824,6.200943798414824,5.799056201585176,104.28269923432718,743.8851832100115,27.177953581473417,1825.8
R1292,62.0,1,1,0,0,429.9,1949.4,0.0,2379.3,50.56465267919929,3.5319742083031294,3.5319742083031294,8.46802579169687,117.18034579944384,1832.2420537566481,22.391952487415267,2379.3
R1293,73.0,1,2,1,0,119.5,913.5,106.5,1139.5,51.66776833546249,0.29494210761280987,0.29494210761280987,11.70505789238719,3.516064757248613,1016.5244586648098,20.29281936722149,1139.6
R1294,72.0,0,4,1,0,891.2,183.0,151.8,1226.0,7.674939705467515,7.674939705467515,7.674939705467515,0.0,183.02857122600997,0.0,29.86399683576215,1226.1
R1295,57.0,1,0,0,1,739.2,722.8,610.2,2072.2,192.00085834464082,3.2331142365170056,3.2331142365170056,8.766885763482994,38.68672855764344,978.1743189289889,21.407201161648846,2072.2
R1296,60.0,1,1,0,1,1891.3,669.7,996.7,3557.7,42.847969912707285,9.780415777058726,9.780415777058726,2.2195842229412737,270.0346020332296,1396.378467554184,15.347322196959606,3557.7
R1297,69.0,1,2,0,0,517.0,1098.9,1610.4,3226.3,58.000550906969934,4.098937996305383,4.098937996305383,7.901062003694617,1249.775856163585,1459.5096267508882,13.314411481318556,3226.3
R1298,66.0,0,5,0,0,904.6,999.3,469.5,2373.4,21.767581064166457,8.379669107380757,8.379669107380757,3.6203308926192435,261.75758302039645,1207.0264560685794,6.858032061386318,917.8
R1299,66.0,1,2,1,1,376.9,1002.4,1898.1,3277.4,23.095427313432552,1.1572651759374124,1.1572651759374124,10.842734824062587,16.141375103897076,2884.4028596885764,28.659321170446432,3277.4
R1300,84.0,1,1,0,1,923.5,1136.3,187.5,2247.3,84.56626680717999,4.120796836334614,4.120796836334614,7.879203163665386,84.36090273575003,1239.5089544281727,24.06335048125044,2247.4
R1301,62.0,1,3,1,0,1162.4,506.2,255.8,1924.4,13.04449363948648,9.839679718007933,9.839679718007933,2.1603202819920675,463.95064137195004,298.04381245141246,15.049787376924339,1924.4
R1302,59.0,0,1,1,1,727.2,1309.5,645.7,2682.4,24.449452976485173,3.037703752988636,3.037703752988636,8.962296247011365,64.69399161176307,1890.5192220125928,27.000633812130538,2682.4
R1303,88.0,1,5,0,0,817.5,848.2,1985.7,3651.4,30.193913404796533,6.945840529025279,6.945840529025279,5.054159470974721,801.7493448386556,2032.1275433813398,24.310164726188617,3651.4
R1304,74.0,1,2,1,0,337.8,1576.1,499.2,2413.1,25.604897785274797,2.206102743459131,2.206102743459131,9.79389725654087,551.852243367564,1523.4667781774888,17.164160795056596,2413.1
R1305,40.0,1,0,0,1,349.7,14.7,343.8,708.2,1.7233970813770774,1.7233970813770774,1.7233970813770774,0.0,14.651449038118052,0.0,28.938800275517796,708.2
R1306,47.0,0,2,1,0,1409.9,482.2,0.0,1892.1,70.36370200760275,32.37304213541052,12.0,0.0,482.2183324405263,0.0,27.4175886023058,1892.1
R1307,58.0,1,2,1,0,1347.1,244.0,0.0,1591.1,22.877351758541096,13.873824473885193,12.0,0.0,243.99231316665666,0.0,16.70510934354752,1591.1
R1308,79.0,0,2,1,0,944.1,816.9,0.0,1761.0,19.955410661451367,9.9679366858149,9.9679366858149,2.0320633141851,350.68861036887154,466.24807181962746,16.248238452431497,1761.1
R1309,57.0,0,2,0,1,2265.6,241.8,0.0,2507.4,112.71236970398611,17.678819340614986,12.0,0.0,241.79781235474383,0.0,9.640700400691534,2082.3
R1310,63.0,0,2,1,1,2274.5,391.3,0.0,2665.8,36.0828597415975,31.06043429842664,12.0,0.0,391.337771600575,0.0,8.457771077223706,1981.7
R1311,61.0,1,1,0,0,1331.1,289.0,0.0,1620.1,77.69106033248477,27.25574935262398,12.0,0.0,289.02315730344696,0.0,14.573054059982674,1620.2
R1312,59.0,0,3,0,0,820.5,269.6,0.0,1090.1,27.289748070606517,16.598591582824746,12.0,0.0,269.6430832633022,0.0,11.150311734370131,1071.0
R1313,60.0,1,1,1,0,596.4,1429.3,0.0,2025.7,28.163999694502813,4.441119161354927,4.441119161354927,7.558880838645073,118.12472084965039,1311.2010585818846,7.646517008621879,1270.6
R1314,69.0,1,2,1,0,714.6,1290.4,444.5,2449.5,65.98756461426552,6.68908748999266,6.68908748999266,5.31091251000734,208.86134778158026,1199.607560896814,23.65151381658162,2449.5
R1315,69.0,0,0,0,0,1013.2,150.2,1757.3,2920.7,15.28695562820238,8.832402537090466,8.832402537090466,3.1675974629095336,1802.2490350578257,105.24431257857015,29.068215041353753,2920.7
R1316,54.0,1,1,1,1,1509.9,330.1,152.2,1992.2,40.227848431501606,7.9328275862926505,7.9328275862926505,4.0671724137073495,228.21587037795928,254.13294838589064,22.497321147409046,1992.2
R1317,70.0,1,2,0,0,438.2,66.4,437.9,942.5,3.609064461163619,3.609064461163619,3.609064461163619,0.0,66.36700094668971,0.0,27.778379473741076,942.5
R1318,77.0,1,2,0,0,1361.4,205.0,0.0,1566.4,39.85505821731824,15.300496296578848,12.0,0.0,205.00657758731828,0.0,26.888806591072104,1566.4
R1319,52.0,1,3,0,0,217.7,1911.4,1186.7,3315.8,132.5108018456438,1.2399343124549524,1.2399343124549524,10.760065687545048,33.186142255351456,2524.2619413743223,21.505304860080578,3315.7
R1320,56.0,1,0,1,0,354.3,1716.0,1564.5,3634.8,67.69616066715018,2.070894485033822,2.070894485033822,9.929105514966178,53.177691720205225,3227.3061505123346,18.542709876592735,3634.8
R1321,61.0,1,1,1,1,1139.0,167.8,1541.0,2847.8,5.109208544143459,5.109208544143459,5.109208544143459,0.0,167.8359514278408,0.0,14.589633419227695,2847.9
R1322,63.0,1,1,0,0,1171.6,353.8,0.0,1525.4,73.39871201321691,18.39349150875077,12.0,0.0,353.77004600009707,0.0,17.87942821373508,1525.3
R1323,71.0,0,1,0,1,2151.2,203.5,293.2,2647.9,25.979440591382325,25.979440591382325,12.0,0.0,496.6885097405769,0.0,13.710046836035971,2647.9
R1324,67.0,1,2,0,0,1386.2,275.1,0.0,1661.3,55.274295272590265,15.691875750938607,12.0,0.0,275.05833496252984,0.0,10.129600255632162,1502.9
R1325,50.0,0,0,1,0,630.1,1072.8,0.0,1702.9,33.44307784506352,5.1120213491942526,5.1120213491942526,6.8879786508057474,109.61210156375407,963.2101734168378,17.887848123319074,1702.9
R1326,59.0,1,1,0,1,1940.8,113.9,0.0,2054.7,92.92203393231722,35.390174048189074,12.0,0.0,113.86428587712912,0.0,21.867780199071998,2054.7
R1327,65.0,1,2,1,0,119.3,2682.5,1006.0,3807.8,19.16883871619505,0.4697386423872113,0.4697386423872113,11.530261357612789,16.652661916473804,3671.8444090359667,20.047562881294176,3807.8
R1328,52.0,1,0,0,1,2027.0,190.9,0.0,2217.9,55.42860661383725,31.351709265699697,12.0,0.0,190.86959229387594,0.0,23.707747032919713,2217.8
R1329,64.0,1,2,1,0,714.8,1605.5,3084.7,5405.0,77.67949313111198,5.140640475945336,5.140640475945336,6.859359524054664,2272.798381017351,2417.4653229911223,14.063286320374257,5405.0
R1330,63.0,1,1,0,0,1159.6,281.3,1086.2,2527.1,14.991652466239625,9.82311321914643,9.82311321914643,2.17688678085357,163.95032219347416,327.4041166088283,6.002304973439896,1758.2
R1331,70.0,1,4,1,0,1387.4,180.9,410.4,1978.7,14.249869392382347,11.674251868164939,11.674251868164939,0.325748131835061,153.02899515746765,27.847744420096323,11.103828569030235,1943.3
R1332,55.0,1,1,1,1,1700.2,601.4,0.0,2301.6,51.32949388984301,8.739933161581893,8.739933161581893,3.2600668384181066,175.18949697613897,426.1768758550788,12.952688994507398,2301.5
R1333,54.0,1,0,1,1,2182.9,191.3,326.6,2700.8,147.25467984408493,120.70749658008314,12.0,0.0,191.32817217668637,0.0,19.274516808249384,2700.8
R1334,69.0,0,2,1,0,334.5,1828.0,0.0,2162.5,33.03037119626961,2.628365264366252,2.628365264366252,9.371634735633748,75.36942651936083,1752.6220372139246,15.346836368342233,2162.5
R1335,59.0,1,3,1,0,113.3,5591.6,0.0,5704.9,33.170527969812866,0.3461685141936411,0.3461685141936411,11.653831485806359,25.352222254415377,5566.223319422105,21.784125125826108,5704.8
R1336,82.0,1,3,0,0,795.4,90.0,858.8,1744.2,6.237405397296307,6.237405397296307,6.237405397296307,0.0,538.4250947247062,0.0,11.37463004596959,1744.3
R1337,66.0,0,4,0,0,1384.0,671.0,1285.4,3340.4,73.25249801181404,18.897860803913833,12.0,0.0,942.7890967885053,0.0,17.23241483109846,3340.3
R1338,69.0,0,1,1,0,1180.4,269.6,2300.4,3750.4,31.825226499486856,9.662138960836316,9.662138960836316,2.337861039163684,726.2085625186287,293.61957680473995,6.053907468956961,2441.9
R1339,66.0,1,1,1,0,1421.1,348.5,1688.5,3458.1,55.44233325554182,36.717733486501444,12.0,0.0,2036.9812468492628,0.0,22.471209547753983,3458.1
R1340,57.0,1,3,1,1,321.6,3144.7,1182.8,4649.1,35.29249078304957,1.418749056015534,1.418749056015534,10.581250943984466,63.3493251770394,4264.077488826546,26.768610362188177,4649.0
R1341,65.0,1,1,1,0,343.0,55.5,493.2,891.7,2.352818305758821,2.352818305758821,2.352818305758821,0.0,55.50960172313409,0.0,26.607782903254382,891.7
R1342,62.0,0,1,0,0,1339.2,332.7,0.0,1671.9,66.65098179783365,11.148074540698303,11.148074540698303,0.8519254593016967,222.04493362177658,110.66391352318226,26.992401578031227,1671.9
R1343,69.0,1,1,1,0,1099.1,768.8,92.6,1960.5,44.48612672326567,9.315761195892692,9.315761195892692,2.6842388041073075,359.66770548171627,501.78569075388634,10.707167758594462,1718.9
R1344,76.0,1,3,1,0,657.0,1684.8,0.0,2341.8,16.3441259268223,5.762291117001463,5.762291117001463,6.237708882998537,209.03921389683796,1475.778208487258,29.55411092712101,2341.8
R1345,71.0,1,2,1,1,525.7,962.1,939.8,2427.6,53.49033677807141,2.043097851409168,2.043097851409168,9.956902148590832,29.347127165510447,1872.5443674198018,19.232881332909983,2427.6
R1346,68.0,1,1,0,0,466.3,102.0,1013.2,1581.5,3.401912119448258,3.401912119448258,3.401912119448258,0.0,101.98872140866025,0.0,10.453914971589189,1581.5
R1347,68.0,1,0,1,0,359.7,207.8,723.7,1291.2,6.221890878976937,2.0175603373248077,2.0175603373248077,4.204330541652129,14.242976567056852,193.5684194067828,8.185297498917992,1291.2
R1348,70.0,1,0,1,1,2257.5,50.6,0.0,2308.1,13.459889649748796,13.459889649748796,12.0,0.0,50.618951892973236,0.0,7.7034162515751765,1537.5
R1349,52.0,0,0,1,1,2067.2,167.0,0.0,2234.2,61.959587931204204,15.940736118174698,12.0,0.0,166.97555533666863,0.0,21.287216063755736,2234.2
R1350,60.0,1,1,1,1,2092.6,213.7,0.0,2306.3,26.582822691564115,26.582822691564115,12.0,0.0,213.68520845664287,0.0,21.08611069310887,2306.2
R1351,60.0,1,1,1,1,1804.8,336.8,569.1,2710.7,16.826758761537803,9.496433972782263,9.496433972782263,2.5035660272177367,123.84336891041278,212.92893273934104,24.88218756731046,2710.6
R1352,51.0,1,1,1,0,476.3,65.2,431.5,973.0,3.714278748358521,3.714278748358521,3.714278748358521,0.0,65.16719555664926,0.0,21.80675707046415,972.9
R1353,58.0,1,3,0,0,1424.8,250.2,0.0,1675.0,48.51436460108073,18.32963292866521,12.0,0.0,250.2061534866715,0.0,18.46568655365438,1675.0
R1354,66.0,1,2,1,0,1364.6,207.9,112.7,1685.2,16.134025227621276,16.134025227621276,12.0,0.0,320.68312326070804,0.0,9.90771949932759,1421.6
R1355,61.0,0,1,1,1,1631.5,123.9,0.0,1755.4,60.736467832953046,51.350112812975105,12.0,0.0,123.89819350908553,0.0,23.627372329097934,1755.4
R1356,49.0,0,1,0,1,2190.0,106.1,0.0,2296.1,32.86375557357518,28.330177980662643,12.0,0.0,106.14239498167831,0.0,6.097458700206228,1331.4
R1357,52.0,1,1,0,1,2205.4,147.6,0.0,2353.0,379.8031819776193,20.67941654719006,12.0,0.0,147.5826370365526,0.0,21.847335182941674,2353.0
R1358,46.0,0,0,1,0,117.3,12.3,0.0,129.6,0.6427836114255868,0.6427836114255868,0.6427836114255868,0.0,12.256909208589697,0.0,9.967455375243166,129.5
R1359,54.0,1,2,1,1,1830.8,203.8,0.0,2034.6,14.82197784992184,14.82197784992184,12.0,0.0,203.78097635382335,0.0,9.811500011858687,1692.3
R1360,69.0,1,1,1,1,2256.7,282.2,0.0,2538.9,14.830845434362933,14.830845434362933,12.0,0.0,282.2147974888094,0.0,27.746207575728416,2538.9
R1361,69.0,1,0,1,0,1373.6,210.3,0.0,1583.9,17.74413634674975,17.74413634674975,12.0,0.0,210.3330310510453,0.0,28.25445116953357,1584.0
R1362,77.0,0,4,1,0,1421.9,794.4,66.6,2282.9,23.307527880763622,12.410826976871778,12.0,0.0,860.9382190301096,0.0,23.286849945035193,2282.9
R1363,71.0,1,2,1,1,2184.1,513.6,403.6,3101.3,11.966445048858512,11.966445048858512,11.966445048858512,0.0,631.5965438899776,0.0,11.486718598842868,2795.1
R1364,70.0,1,3,1,0,566.8,2073.3,668.9,3309.0,38.05807487651641,4.5625500899433415,4.5625500899433415,7.4374499100566585,178.25256818706455,1895.0279822000696,17.265032938044275,3309.0
R1365,58.0,1,0,0,1,652.2,1584.9,2125.9,4363.0,151.68223057665375,3.380644323619073,3.380644323619073,8.619355676380927,89.90934279943998,3620.9218978514064,14.308758265775932,4363.0
R1366,53.0,1,1,0,1,1088.2,108.1,443.2,1639.5,5.273122446703964,5.273122446703964,5.273122446703964,0.0,184.3759630525105,0.0,8.822509154149735,1639.4
R1367,70.0,1,0,0,1,2218.2,330.3,181.8,2730.3,45.73246700841068,28.1901122145997,12.0,0.0,512.1216788619067,0.0,11.68358744783999,2721.7
R1368,68.0,1,1,1,0,571.3,896.4,1903.9,3371.6,29.70046872028016,4.1246687074526305,4.1246687074526305,7.8753312925473695,66.6351121397434,2733.695597543995,7.391252932156321,2437.7
R1369,64.0,1,0,1,1,1676.4,143.7,758.8,2578.9,8.854224227729745,8.854224227729745,8.854224227729745,0.0,143.72797679478188,0.0,29.33517453881631,2578.9
R1370,68.0,1,1,1,0,1203.3,327.5,505.9,2036.7,47.7470614840724,13.989168649375724,12.0,0.0,833.3737456601307,0.0,11.671084395992533,2027.7
R1371,74.0,1,1,1,0,1364.0,281.6,162.6,1808.2,129.920580736107,21.849313126408436,12.0,0.0,444.2040159855471,0.0,15.291127279921199,1808.2
R1372,65.0,0,2,0,0,1397.6,287.9,0.0,1685.5,83.42331814675104,12.163614306726595,12.0,0.0,287.92117581139814,0.0,11.918712923508103,1683.6
R1373,67.0,0,1,1,0,1434.2,192.6,524.2,2151.0,37.202908131055516,19.950181268431553,12.0,0.0,716.8350296343081,0.0,21.630146301552333,2151.0
R1374,76.0,0,1,1,0,403.4,602.6,0.0,1006.0,33.845618371874906,3.6093566246428934,3.6093566246428934,8.390643375357106,37.2875781384189,565.318330083496,19.500703778797096,1006.0
R1375,67.0,1,4,1,0,634.4,176.2,1712.4,2523.0,5.774404624859357,5.533887151317811,5.533887151317811,0.24051747354154607,441.40959763335377,38.920431540197946,24.375979082366516,2523.0
R1376,64.0,1,4,0,0,1318.1,455.9,667.1,2441.1,66.89309573703007,17.02541839376656,12.0,0.0,1122.9685487068823,0.0,6.274007579678559,1362.0
R1377,61.0,1,0,1,1,559.3,1643.0,729.7,2932.0,66.73005490802858,2.7989296145532996,2.7989296145532996,9.2010703854467,73.22148037147537,2299.5384994763995,10.912208429133983,2746.4
R1378,57.0,1,1,1,1,2206.8,66.3,77.0,2350.1,96.63680172633354,29.243700096464785,12.0,0.0,66.26696265034529,0.0,20.369705483751115,2350.1
R1379,71.0,0,2,1,1,344.5,1697.9,285.6,2328.0,31.092627623345898,1.3810890906812152,1.3810890906812152,10.618910909318785,33.19840337316645,1664.7112057053653,19.837606323552528,2328.0
R1380,50.0,0,0,1,1,2103.1,269.2,0.0,2372.3,265.2118607255459,18.62754315700361,12.0,0.0,269.22619003690187,0.0,25.786525354210063,2372.3
R1381,62.0,1,2,1,1,2052.6,222.5,1095.5,3370.6,51.94766495417365,43.76052182508091,12.0,0.0,711.4355313467414,0.0,7.933124749808594,2122.0
R1382,56.0,1,1,0,1,2188.2,307.0,0.0,2495.2,26.084142216983096,26.084142216983096,12.0,0.0,306.9937082294082,0.0,14.907659834378165,2495.2
R1383,65.0,1,1,0,1,2224.6,550.1,0.0,2774.7,40.54643525403558,17.283703721874083,12.0,0.0,550.1146579976172,0.0,15.690147345648004,2774.7
R1384,53.0,1,1,1,1,2234.1,321.0,0.0,2555.1,45.099729254727336,35.975088137489706,12.0,0.0,320.96499635097575,0.0,18.31264612268421,2555.1
R1385,60.0,1,1,1,0,352.0,2150.6,963.4,3466.0,25.827899047482372,2.0109367829359805,2.0109367829359805,9.98906321706402,633.1511843134158,2480.817173929634,14.43430126149487,3465.9
R1386,65.0,1,3,1,0,1425.9,213.8,0.0,1639.7,14.216352306914795,14.216352306914795,12.0,0.0,213.7993333754765,0.0,23.632074994733735,1639.7
R1387,76.0,0,0,0,1,2083.1,504.2,0.0,2587.3,60.61097798417061,58.81917862745865,12.0,0.0,504.1573293774662,0.0,8.503504066637513,1919.6
R1388,55.0,0,0,0,1,2247.3,300.5,0.0,2547.8,203.63046025388928,23.15174633668682,12.0,0.0,300.46696862046605,0.0,7.4550371705585174,1684.9
R1389,67.0,1,1,1,0,693.0,112.2,1261.2,2066.4,5.432184044031251,5.432184044031251,5.432184044031251,0.0,112.23880306843779,0.0,13.523927176664852,2066.5
R1390,73.0,0,4,1,0,1194.1,411.8,1151.2,2757.1,9.982026268873554,9.982026268873554,9.982026268873554,0.0,913.3386307966475,0.0,8.144840600544482,2088.6
R1391,53.0,0,3,1,0,1324.0,349.7,0.0,1673.7,76.73442372118674,21.53984788498589,12.0,0.0,349.74742652632057,0.0,15.417871457885116,1673.8
R1392,53.0,1,1,1,1,2258.3,555.9,0.0,2814.2,28.765398414574307,13.833471751462572,12.0,0.0,555.8563870451305,0.0,19.882330470627924,2814.2
R1393,60.0,0,3,1,0,1208.4,224.1,0.0,1432.5,88.34630401591761,12.672461616252907,12.0,0.0,224.1088770360272,0.0,8.02055120607317,1056.1
R1394,66.0,1,1,1,0,359.7,654.8,1151.5,2166.0,51.13651079108435,2.6240117072313844,2.6240117072313844,9.375988292768616,26.943191240669154,1779.3366858225102,17.035101342599127,2166.0
R1395,63.0,1,3,1,0,1187.7,305.0,251.2,1743.9,11.266438028304677,9.354851781283493,9.354851781283493,1.9115862470211837,130.7429663176513,425.42004744796577,19.32762332227086,1743.8
R1396,76.0,1,2,1,0,535.5,390.9,1757.3,2683.7,13.90629968278984,4.87821459907237,4.87821459907237,7.12178540092763,37.15712945900171,2111.0529363277706,19.548942869028068,2683.7
R1397,48.0,1,0,1,1,723.2,1008.9,310.0,2042.1,21.362220578830268,3.3154897767996196,3.3154897767996196,8.68451022320038,55.7914944806395,1263.0688100862997,6.724865073223399,1463.1
R1398,61.0,1,0,1,0,586.5,38.4,33.3,658.2,4.730750189848437,4.730750189848437,4.730750189848437,0.0,38.351922744523854,0.0,24.55762299893081,658.1
R1399,63.0,0,0,1,1,528.0,868.1,137.4,1533.5,57.596598711776444,2.651024966077618,2.651024966077618,9.348975033922382,36.17152342642776,831.9177785945193,23.327865889841593,1533.5
R1400,70.0,0,1,1,1,184.3,1108.5,2805.1,4097.9,36.61599871175039,0.7073457412337055,0.7073457412337055,11.292654258766294,10.544934421846971,3902.9752007818975,13.128268283395178,4097.8
R1401,77.0,1,3,1,0,1044.0,430.6,0.0,1474.6,8.411451413657048,8.28756235267834,8.28756235267834,0.12388906097870844,392.33053721469565,38.24914118320153,17.312290330887464,1474.6
R1402,57.0,1,1,0,1,2206.3,105.4,0.0,2311.7,20.89171855885764,20.89171855885764,12.0,0.0,105.3578772446161,0.0,23.740365106769808,2311.7
R1403,70.0,1,1,1,0,975.3,244.7,0.0,1220.0,40.45693553360729,8.980108030608603,8.980108030608603,3.019891969391397,76.62884775876319,168.06046632636858,26.01779353915384,1220.0
R1404,83.0,1,2,0,0,1424.6,431.5,687.3,2543.4,15.77563790659072,15.77563790659072,12.0,0.0,431.48738885344943,0.0,11.945194030750667,2541.5
R1405,57.0,1,0,0,0,223.4,20.6,0.0,244.0,1.8961754723639699,1.8961754723639699,1.8961754723639699,0.0,20.62717703646743,0.0,24.49997031294818,244.0
R1406,72.0,1,2,1,0,802.0,409.9,330.1,1542.0,30.19605056115914,6.557444430341473,6.557444430341473,5.442555569658527,394.0493708465419,345.952298359159,16.18076086968594,1542.0
R1407,60.0,0,1,0,0,336.3,2343.9,8395.3,11075.5,19.17521928636611,2.8027837351473677,2.8027837351473677,9.197216264852631,3834.697015430949,6430.561389216654,28.875851712888917,11075.4
R1408,63.0,1,0,0,1,1914.1,162.8,0.0,2076.9,42.00976977431909,42.00976977431909,12.0,0.0,162.78359465732294,0.0,27.08077188039395,2076.9
R1409,56.0,0,2,1,1,177.4,788.9,1533.6,2499.9,25.029312061921104,0.8152208215048439,0.8152208215048439,11.184779178495155,8.719119344494722,2313.755682407124,14.591796554593756,2499.8
R1410,66.0,0,2,1,1,337.6,22.7,288.2,648.5,1.1560772109157162,1.1560772109157162,1.1560772109157162,0.0,22.691222669091168,0.0,14.635980341339302,648.5
R1411,71.0,1,0,1,1,2194.4,171.2,0.0,2365.6,16.04808190662046,16.04808190662046,12.0,0.0,171.19591913115468,0.0,17.660060673573643,2365.6
R1412,59.0,1,0,0,1,2049.5,404.1,521.8,2975.4,53.07952523482862,53.07952523482862,12.0,0.0,404.07694441255063,0.0,29.055475120144795,2975.3
R1413,68.0,0,0,0,0,236.3,1043.3,332.0,1611.6,84.4978342134105,1.5781741750149492,1.5781741750149492,10.421825824985051,23.675476935219958,1019.6497988210473,9.455532988750443,1362.6
R1414,64.0,0,0,0,1,547.7,21.5,677.2,1246.4,2.2181655594461964,2.2181655594461964,2.2181655594461964,0.0,21.508655978260812,0.0,19.173630396297433,1246.4
R1415,49.0,1,1,1,1,2256.5,134.3,0.0,2390.8,86.40719748683992,79.55483862016517,12.0,0.0,134.26317686135263,0.0,21.54505810664056,2390.8
R1416,70.0,0,0,1,1,2275.1,154.5,924.2,3353.8,31.70699061490515,31.70699061490515,12.0,0.0,1078.7215896731566,0.0,23.281321786190205,3353.8
R1417,61.0,1,1,1,1,158.5,6.6,324.0,489.1,0.38363661554136197,0.38363661554136197,0.38363661554136197,0.0,6.573779197748599,0.0,7.610756417712353,489.0
R1418,83.0,1,3,1,0,467.9,1029.5,878.7,2376.1,9.405800604890075,3.3596444636992104,3.3596444636992104,6.046156141190865,80.82889784606374,1253.8317918845778,20.383567623117635,2376.1
R1419,73.0,1,2,0,0,1247.8,123.6,1122.6,2494.0,10.57376974099962,10.57376974099962,10.57376974099962,0.0,925.7322844957245,0.0,16.810584826485115,2494.0
R1420,63.0,0,0,0,0,1402.9,269.6,0.0,1672.5,15.303458640781287,14.032413584014598,12.0,0.0,269.55406454866505,0.0,14.146005420877138,1672.4
R1421,68.0,1,3,1,0,468.7,1999.5,590.5,3058.7,78.7194318043379,3.149716474150433,3.149716474150433,8.850283525849568,103.4659468605945,2486.486998023451,29.292857889497398,3058.7
R1422,71.0,1,2,1,0,1285.3,205.5,0.0,1490.8,45.0695968831755,15.682071244588537,12.0,0.0,205.49253720220193,0.0,8.544698923935488,1110.3
R1423,70.0,1,2,1,0,320.8,697.0,2295.5,3313.3,5.284206270465054,2.0953521899316967,2.0953521899316967,3.1888540805333574,63.798389495981695,2380.7119419539586,23.00860277931773,3313.2
R1424,70.0,1,3,0,0,463.2,2508.5,10445.2,13416.9,44.57716418495702,3.9782468728108813,3.9782468728108813,8.021753127189118,1357.4668548863135,11596.202526455942,10.904651095446482,11918.4
R1425,59.0,0,3,1,0,1409.5,124.5,0.0,1534.0,15.791337501570634,15.791337501570634,12.0,0.0,124.51322358768967,0.0,28.754454947366852,1534.0
R1426,70.0,0,0,1,0,1260.2,99.4,36.5,1396.1,17.124076317185054,17.124076317185054,12.0,0.0,135.90892543908933,0.0,18.007549418235307,1396.1
R1427,70.0,0,2,0,0,117.1,1253.2,4044.0,5414.3,8.299324685742327,0.7255618012640966,0.7255618012640966,7.5737628844782305,18.142762429905577,2907.011662899963,16.881302191820474,5414.4
R1428,58.0,1,3,1,0,566.0,127.2,330.1,1023.3,4.7256441139520815,4.7256441139520815,4.7256441139520815,0.0,127.23693014831994,0.0,11.964040320284944,1023.3
R1429,65.0,1,2,1,1,2124.2,177.7,0.0,2301.9,14.341515189250998,14.341515189250998,12.0,0.0,177.69001282359054,0.0,18.810705416060237,2301.9
R1430,44.0,0,0,1,1,2258.9,375.9,0.0,2634.8,156.96937089840628,70.84638502443325,12.0,0.0,375.90877944470526,0.0,26.743894944983843,2634.8
R1431,73.0,1,1,0,0,1358.8,387.7,0.0,1746.5,27.199087924853444,16.855334123524855,12.0,0.0,387.66584911451184,0.0,7.7297587490766535,1155.6
R1432,69.0,1,0,0,1,2203.8,181.6,0.0,2385.4,53.21222555765811,23.483703063630383,12.0,0.0,181.6081494354394,0.0,21.79743604208837,2385.4
R1433,58.0,1,2,1,0,1365.2,211.7,923.4,2500.3,40.15258539630961,11.389191536665047,11.389191536665047,0.6108084633349531,559.0946783265314,576.0090880831883,9.51730528706845,1671.0
R1434,64.0,1,2,1,0,800.8,266.7,1885.3,2952.8,6.5113599220058465,6.5113599220058465,6.5113599220058465,0.0,266.65338288110456,0.0,11.401691375732309,2952.7
R1435,64.0,0,1,1,1,2164.6,193.5,294.3,2652.4,72.80743730975755,30.182464347109757,12.0,0.0,487.80027282705896,0.0,26.49245994319844,2652.4
R1436,63.0,0,1,0,1,2101.3,186.4,0.0,2287.7,15.133935209202367,14.239792399272757,12.0,0.0,186.38688272824692,0.0,7.734517512717949,1521.0
R1437,69.0,1,0,0,0,737.1,190.5,348.3,1275.9,6.696742214678592,6.696742214678592,6.696742214678592,0.0,190.50965097690144,0.0,23.56010119684317,1275.9
R1438,63.0,1,1,1,1,563.5,20.2,867.1,1450.8,3.3862225831559787,3.3862225831559787,3.3862225831559787,0.0,20.222705974333145,0.0,7.388474970157902,1450.8
R1439,72.0,1,0,1,1,1970.3,622.1,396.4,2988.8,110.27034679755637,10.858414642761385,10.858414642761385,1.1415853572386148,369.0605250749841,253.04804487829998,18.22903862449795,2988.9
R1440,70.0,1,5,1,0,938.9,678.9,160.3,1778.1,33.826752506181386,7.7180261018864575,7.7180261018864575,4.2819738981135425,183.6948801739378,531.8856742491703,20.964191700026966,1778.0
R1441,73.0,1,1,1,1,1640.8,154.7,413.3,2208.8,8.020837866503916,8.020837866503916,8.020837866503916,0.0,154.70115077170655,0.0,9.527964879893817,2208.8
R1442,52.0,0,0,0,1,2075.7,431.2,200.8,2707.7,208.22982182002085,10.463033148888284,10.463033148888284,1.5369668511117158,220.2110265745917,210.96450170029473,25.250630245096215,2707.6
R1443,50.0,1,0,1,0,882.8,536.7,0.0,1419.5,81.74820202679683,7.848707669884366,7.848707669884366,4.151292330115634,120.62402038920388,416.0853123829908,11.304258719547512,1349.8
R1444,63.0,1,2,1,1,370.4,3211.9,2911.1,6493.4,15.304762538709646,1.204202222185709,1.204202222185709,10.795797777814292,54.00972234878121,3467.6079558660217,17.416379659133064,6493.4
R1445,58.0,1,2,1,1,179.6,3214.5,2008.0,5402.1,16.204125289525077,0.10628802850980258,0.10628802850980258,11.893711971490198,1090.4596565950917,4132.069146054852,11.766749071035244,4253.1
R1446,66.0,1,2,1,0,233.5,1242.2,645.4,2121.1,73.64097877731268,1.2775341512291287,1.2775341512291287,10.722465848770872,22.285944904910725,1865.3225554325688,24.326062137857654,2121.1
R1447,66.0,1,3,0,0,206.8,4010.0,1838.3,6055.1,103.27275603430671,1.2749850110802161,1.2749850110802161,10.725014988919783,563.1159105346683,5285.156422851225,12.027391675129595,6055.1
R1448,75.0,1,1,1,0,597.8,1266.9,151.8,2016.5,21.44155851993495,4.446793561381984,4.446793561381984,7.553206438618016,104.89957301307294,1162.0412101736208,12.292382364641327,2016.6
R1449,65.0,0,2,0,0,1072.7,627.0,0.0,1699.7,60.46704629296349,8.798035963568534,8.798035963568534,3.201964036431466,185.86076308597907,441.14550233216266,6.29224264305641,967.3
R1450,77.0,1,1,1,0,342.6,2027.7,107.3,2477.6,33.510755158486006,2.6683961334777,2.6683961334777,9.3316038665223,85.17124642812895,2049.821414449563,27.596102356235168,2477.6
R1451,56.0,1,1,1,1,171.5,1168.2,1263.7,2603.4,9.335860121358147,0.4000147409332957,0.4000147409332957,8.935845380424851,7.9640526729426195,1654.180686015694,6.806327106165423,1011.2
R1452,55.0,1,1,1,1,2137.7,178.7,399.3,2715.7,63.24472064227792,23.868723202168823,12.0,0.0,178.72912853006602,0.0,13.550074743515108,2715.8
R1453,55.0,1,3,0,1,353.5,686.0,572.7,1612.2,10.105795846725895,1.7115495659535505,1.7115495659535505,8.394246280772345,20.796087874100134,1001.3854399372005,21.528171892957374,1612.2
R1454,72.0,0,1,0,1,2274.3,490.8,404.7,3169.8,107.93159811418886,23.978068809881428,12.0,0.0,490.7548549092227,0.0,13.970057611546066,3169.8
R1455,71.0,1,1,0,1,1054.7,2064.6,0.0,3119.3,29.629996895791518,5.814397914907996,5.814397914907996,6.185602085092004,260.0876490675807,1804.5145201432276,20.332946397391385,3119.3
R1456,68.0,0,1,1,0,110.7,6.4,228.1,345.2,0.4050361300952049,0.4050361300952049,0.4050361300952049,0.0,6.437877671217439,0.0,14.74955695476708,345.3
R1457,65.0,0,0,0,0,226.8,49.7,265.1,541.6,2.104923549660458,1.7571588723426035,1.7571588723426035,0.34776467731785443,21.684942522719503,27.98956423262946,27.118826954209197,541.6
R1458,83.0,1,3,1,0,358.2,1093.9,934.1,2386.2,18.273475806117567,2.3493358205370343,2.3493358205370343,9.650664179462966,492.8666721914919,1535.1732865767472,9.815501191015493,2069.9
R1459,74.0,1,2,0,1,2096.7,733.1,0.0,2829.8,44.29292287581124,41.03873494693982,12.0,0.0,733.1191612346173,0.0,6.44185034838467,1616.7
R1460,66.0,1,2,1,0,1281.2,296.3,0.0,1577.5,51.79681004602188,23.895054414897032,12.0,0.0,296.29705390022576,0.0,8.392800087950949,1168.1
R1461,68.0,1,0,0,0,494.9,102.7,340.9,938.5,4.566590286334812,4.566590286334812,4.566590286334812,0.0,102.69281221411,0.0,18.57580888860032,938.5
R1462,74.0,0,1,1,0,712.4,544.7,99.7,1356.8,23.817371692016412,5.034028688973221,5.034028688973221,6.965971311026779,54.33896770498736,590.1339726854354,20.214448790874624,1356.9
R1463,61.0,0,1,1,0,119.0,3670.3,1982.9,5772.2,111.81445336475142,0.9189038870635206,0.9189038870635206,11.08109611293648,46.082547468587386,5607.126961446636,26.013667640986064,5772.2
R1464,60.0,1,1,1,0,444.1,4666.8,194.5,5305.4,16.913058120805548,3.730952439764467,3.730952439764467,8.269047560235533,301.97591867769665,4559.38917336243,28.911551565568477,5305.5
R1465,64.0,1,2,1,0,117.9,2814.5,7758.7,10691.1,40.054468424362234,0.6495449292554775,0.6495449292554775,11.350455070744523,24.481334157408835,3441.3194256414154,15.631306196997937,10691.0
R1466,58.0,1,0,1,1,1730.9,408.2,334.1,2473.2,99.96228538384243,21.997032730749112,12.0,0.0,408.16257677810853,0.0,25.768684186992715,2473.1
R1467,43.0,1,1,0,1,2214.5,609.4,0.0,2823.9,53.64097459599158,53.64097459599158,12.0,0.0,609.3650245909954,0.0,15.72407392438419,2823.8
R1468,67.0,1,1,1,1,945.3,68.4,192.5,1206.2,4.5732886182861705,4.5732886182861705,4.5732886182861705,0.0,260.91362775574606,0.0,14.895768574725574,1206.2
R1469,73.0,0,1,1,1,1272.9,75.4,525.6,1873.9,6.969260681115585,6.969260681115585,6.969260681115585,0.0,75.43288963205976,0.0,9.184662913421036,1874.0
R1470,56.0,1,0,1,0,1078.9,699.0,0.0,1777.9,102.6988167379753,8.21834117343236,8.21834117343236,3.7816588265676394,174.71527655389696,524.3152404665387,26.8476812043166,1777.9
R1471,61.0,0,2,0,0,1089.9,230.7,0.0,1320.6,72.4932618370355,12.86785450124883,12.0,0.0,230.72032612625563,0.0,14.066574331566166,1320.7
R1472,52.0,0,0,1,1,371.1,1718.5,0.0,2089.6,48.03001340470676,1.5022492198039867,1.5022492198039867,10.497750780196013,36.897285778540954,1681.5590168390536,21.520586426712406,2089.6
R1473,59.0,1,3,0,0,1331.1,444.9,0.0,1776.0,58.601047097605935,12.398904506446533,12.0,0.0,444.9388929627423,0.0,18.41197149362821,1776.1
R1474,59.0,1,0,0,1,1209.5,127.5,502.8,1839.8,7.10685937987473,7.10685937987473,7.10685937987473,0.0,127.49568505100214,0.0,29.92410059835796,1839.8
R1475,54.0,0,2,1,1,157.6,1533.6,309.8,2001.0,67.31484936439817,0.8487888500007836,0.8487888500007836,11.151211149999217,145.4969290906353,1576.0226736257478,12.135215573384983,2001.0
R1476,60.0,1,1,1,1,566.8,69.8,105.3,741.9,2.1952303705349725,2.1952303705349725,2.1952303705349725,0.0,69.83810737971336,0.0,19.23596749438417,742.0
R1477,52.0,1,0,1,1,1167.3,212.5,0.0,1379.8,6.751455192682203,6.751455192682203,6.751455192682203,0.0,212.49693660448517,0.0,24.95117417091552,1379.8
R1478,40.0,0,1,1,1,1382.2,694.1,1099.5,3175.8,169.00412330361115,7.153133027905441,7.153133027905441,4.846866972094559,128.08169215047127,1097.4249182860156,10.585943991550206,3010.6
R1479,67.0,1,2,1,1,378.5,422.1,0.0,800.6,51.16466324842081,1.2302797980649935,1.2302797980649935,10.769720201935007,7.265589872883719,414.7962581677726,25.756171227591775,800.5
R1480,69.0,0,1,0,0,1312.7,576.9,0.0,1889.6,23.973856357586385,14.354648793451583,12.0,0.0,576.9476079866596,0.0,19.396073575733308,1889.6
R1481,59.0,1,0,1,1,1523.2,715.6,0.0,2238.8,33.01808415398083,9.062260379615523,9.062260379615523,2.937739620384477,229.78021820137982,485.7947585925502,8.484457665265538,1586.0
R1482,70.0,0,1,0,0,1395.5,276.8,0.0,1672.3,23.088845667060415,13.157646410618524,12.0,0.0,276.8242244232501,0.0,29.23336241803566,1672.4
R1483,71.0,1,0,0,0,812.5,201.6,0.0,1014.1,21.485418210158393,6.941517720472361,6.941517720472361,5.058482279527639,35.046345759309425,166.56047880048163,15.88443758785362,1014.1
R1484,66.0,1,0,1,0,1292.3,182.8,0.0,1475.1,44.84495194886037,22.78978030893902,12.0,0.0,182.75496595091434,0.0,17.409748386457608,1475.1
R1485,69.0,1,1,1,0,341.0,2386.0,2454.5,5181.5,21.70772097566016,2.7057984288592074,2.7057984288592074,9.294201571140793,366.3777019141306,4474.17556926053,24.827094795848026,5181.5
R1486,61.0,1,0,1,1,558.7,1000.9,610.2,2169.8,17.35155889110392,2.546478502870447,2.546478502870447,9.453521497129554,39.70169390629783,1427.3128061312216,29.151295013210984,2169.9
R1487,55.0,1,0,1,1,2069.6,162.2,317.3,2549.1,83.60841626733205,37.88735763110772,12.0,0.0,162.23131562052504,0.0,11.89292463015083,2547.7
R1488,65.0,1,0,0,1,1627.8,214.4,0.0,1842.2,34.29708176123923,10.764640583823516,10.764640583823516,1.2353594161764843,122.64595672861077,91.79318823120214,9.267971719735865,1585.4
R1489,54.0,1,1,0,1,2255.3,452.6,0.0,2707.9,80.84224545812563,54.44019591124426,12.0,0.0,452.55606420318213,0.0,23.873541487219715,2707.9
R1490,71.0,1,1,1,1,1450.6,1277.7,543.7,3272.0,45.317112724916754,10.411774962137896,10.411774962137896,1.5882250378621041,640.5082573346023,637.1994928539929,22.248900189439382,3272.0
R1491,64.0,1,3,1,0,354.0,2504.7,5258.0,8116.7,16.227611782990355,2.996348736896173,2.996348736896173,9.003651263103826,580.9335333709439,7181.805098051398,16.71649303676888,8116.8
R1492,63.0,0,2,0,0,1407.6,348.9,0.0,1756.5,38.49928633426464,38.49928633426464,12.0,0.0,348.9039880083808,0.0,21.542565582950722,1756.5
R1493,66.0,0,2,1,0,1241.0,244.5,0.0,1485.5,28.456871887134422,17.838135176644226,12.0,0.0,244.50020565511767,0.0,28.659599535348043,1485.5
R1494,61.0,1,2,0,0,1264.3,169.6,0.0,1433.9,41.15320160415123,11.563601977154832,11.563601977154832,0.43639802284516804,136.07290104174083,33.49073713931689,26.205863481359273,1433.9
R1495,65.0,1,1,1,0,408.4,1426.3,1681.8,3516.5,19.853464550363885,3.2852527418483555,3.2852527418483555,8.714747258151645,77.9381072034525,3030.166971006677,19.637273119980897,3516.5
R1496,62.0,1,2,1,0,330.0,2009.8,8555.8,10895.6,71.36889013350682,2.5384763165272446,2.5384763165272446,9.461523683472755,79.41411796769822,10486.19333841331,27.807042452495416,10895.6
R1497,67.0,1,1,1,0,1413.5,197.6,0.0,1611.1,45.749529420548086,18.612133068469888,12.0,0.0,197.58155254533781,0.0,27.909875323724485,1611.0
R1498,53.0,1,0,0,1,1044.6,798.0,467.9,2310.5,26.976509563269403,5.039863653278621,5.039863653278621,6.960136346721379,79.74271952332619,1186.0959923490125,24.50773495063243,2310.5
R1499,76.0,1,1,0,0,316.4,1610.3,0.0,1926.7,52.7544884225157,2.4924512379050494,2.4924512379050494,9.50754876209495,62.2297804581955,1548.1162981147586,8.84546293367685,1413.1
R1500,66.0,1,1,1,1,2123.9,170.6,258.1,2552.6,73.31175797582425,42.417013602614716,12.0,0.0,339.5911869463158,0.0,19.481014096423444,2552.6
R1501,72.0,1,3,0,0,692.5,850.1,758.3,2300.9,106.2891529643759,5.646843844323788,5.646843844323788,6.353156155676212,484.4523332950698,1123.9791350154474,20.57440532656227,2300.9
R1502,67.0,1,0,1,1,1326.2,144.3,483.5,1954.0,6.468095903540456,6.468095903540456,6.468095903540456,0.0,144.27095938754746,0.0,27.10403489444376,1954.0
R1503,61.0,1,1,1,1,2138.4,179.0,0.0,2317.4,150.22703704203377,119.17329407898261,12.0,0.0,178.9537364205871,0.0,18.38951758637418,2317.3
R1504,61.0,1,2,0,0,470.5,142.7,1253.0,1866.2,3.219501620371195,3.219501620371195,3.219501620371195,0.0,142.71835803871477,0.0,20.702154618782885,1866.2
R1505,59.0,1,2,1,0,1223.0,422.8,1035.4,2681.2,48.08919274249989,37.7132376341883,12.0,0.0,1458.1432977214918,0.0,23.163933448747567,2681.2
R1506,66.0,1,1,1,1,1875.2,757.5,0.0,2632.7,35.40642089379776,35.40642089379776,12.0,0.0,757.4758908007826,0.0,8.012911048364177,1912.2
R1507,60.0,1,2,0,1,1893.1,406.1,0.0,2299.2,154.48501400312148,44.00474762278208,12.0,0.0,406.0750165159378,0.0,7.352230649360712,1510.9
R1508,55.0,1,1,0,0,927.7,972.2,280.2,2180.1,18.25212484415485,7.51742548557892,7.51742548557892,4.48257451442108,198.85482663405688,773.3176907637408,6.7295478342117185,1270.0
R1509,67.0,1,1,0,0,671.0,193.7,1071.2,1935.9,5.493005053486195,5.493005053486195,5.493005053486195,0.0,193.7033527809028,0.0,8.564051122275549,1935.9
R1510,57.0,1,4,1,0,231.6,1960.1,3635.7,5827.4,10.406948676811805,1.387681251576685,1.387681251576685,9.01926742523512,849.4095096504369,4470.096329577691,12.131619510449646,5827.4
R1511,56.0,1,5,1,0,345.2,1251.3,797.2,2393.7,27.78792930958593,2.14204624084375,2.14204624084375,9.85795375915625,299.6780276726116,1564.6459220262916,7.161282984517039,1186.2
R1512,65.0,1,0,0,1,1488.5,155.4,0.0,1643.9,28.847193389208734,7.23436131710319,7.23436131710319,4.76563868289681,29.341913584867743,126.05868529577779,20.314712239155867,1643.9
R1513,56.0,1,0,1,0,1159.4,168.5,370.3,1698.2,118.65386248554135,29.186455896395152,12.0,0.0,538.8103180947287,0.0,19.734940422792704,1698.2
R1514,63.0,0,3,1,0,1390.6,184.2,236.3,1811.1,57.684453833725286,23.319195654931374,12.0,0.0,420.4986247529715,0.0,16.926995025850594,1811.1
R1515,65.0,1,1,1,1,363.4,49.9,71.3,484.6,1.696277197176608,1.696277197176608,1.696277197176608,0.0,49.938070456924486,0.0,6.214784487413047,484.6
R1516,40.0,1,1,1,1,1476.9,335.9,389.6,2202.4,46.68225072216573,7.497261423260738,7.497261423260738,4.502738576739262,68.30855518700514,267.5547102824173,18.46038626777172,2202.4
R1517,60.0,1,4,1,0,956.7,1862.7,431.7,3251.1,13.483906155596028,7.154364127339438,7.154364127339438,4.845635872660562,775.506952699091,1518.868422749539,9.032846956469914,2321.0
R1518,57.0,1,3,1,0,778.6,2727.6,6202.9,9709.1,11.915532793881553,6.050172472926515,6.050172472926515,5.8653603209550385,372.49377037105023,7467.215479495082,6.122536309155696,1180.1
R1519,53.0,1,2,1,1,1785.3,150.9,5385.4,7321.6,9.50246019811079,9.50246019811079,9.50246019811079,0.0,150.9164514858198,0.0,25.109457369226234,7321.6
R1520,70.0,0,3,0,0,592.7,136.7,2687.1,3416.5,4.711741776350925,4.711741776350925,4.711741776350925,0.0,136.6653675690395,0.0,27.855672274869637,3416.5
R1521,64.0,1,3,1,0,325.2,1536.7,2253.7,4115.6,22.847906602432303,2.3367407977719603,2.3367407977719603,9.66325920222804,54.9400640347897,3735.4612472076124,7.735682337848455,2744.9
R1522,68.0,0,5,0,0,569.0,1329.4,346.3,2244.7,12.421700422873,4.926740274592451,4.926740274592451,7.073259725407549,128.2792529234199,1547.366053943366,21.815955589944576,2244.7
R1523,59.0,0,3,0,0,1407.0,188.7,0.0,1595.7,35.82996062898863,16.591651379222903,12.0,0.0,188.71951681109553,0.0,7.278885456333884,1052.5
R1524,62.0,1,0,1,1,923.2,868.2,0.0,1791.4,11.00923337740788,4.930720837868466,4.930720837868466,6.078512539539413,96.04044354338087,772.1549897733065,19.97253014310393,1791.4
R1525,71.0,0,3,0,0,1385.1,239.5,0.0,1624.6,48.58281010507675,48.58281010507675,12.0,0.0,239.53317878494065,0.0,20.97387913732072,1624.6
R1526,68.0,1,0,1,0,1342.8,556.9,0.0,1899.7,36.578024083550545,15.989009593814005,12.0,0.0,556.8818196520243,0.0,20.082048471968488,1899.7
R1527,54.0,0,0,1,0,1433.7,463.6,0.0,1897.3,64.45042830993252,24.357396870881328,12.0,0.0,463.6341536213026,0.0,29.767202572512833,1897.3
R1528,61.0,0,3,1,0,1423.6,470.5,0.0,1894.1,29.356435630719908,27.91846273189457,12.0,0.0,470.51313601087753,0.0,20.727632482831886,1894.1
R1529,76.0,0,3,1,0,830.5,98.1,346.4,1275.0,6.005147545783977,6.005147545783977,6.005147545783977,0.0,98.1420519289374,0.0,9.987203120153527,1275.0
R1530,65.0,0,0,1,1,2250.9,160.5,0.0,2411.4,23.079484468635187,23.079484468635187,12.0,0.0,160.5439094092227,0.0,28.387461858168116,2411.4
R1531,59.0,1,1,0,0,1300.2,108.0,0.0,1408.2,31.857461770062404,27.178389734748116,12.0,0.0,108.00422026265021,0.0,13.17627196111848,1408.2
R1532,68.0,1,0,1,1,2039.1,101.4,150.1,2290.6,10.002121792099926,10.002121792099926,10.002121792099926,0.0,251.57427863193425,0.0,18.946224638002647,2290.7
R1533,70.0,0,1,0,1,1358.8,1604.9,843.8,3807.5,40.78221681361848,10.000817730771688,10.000817730771688,1.9991822692283119,1540.44988394749,908.2273687065389,16.38029236485883,3807.5
R1534,57.0,1,1,1,1,1158.3,548.0,1458.7,3165.0,28.68585249410057,6.873120047754233,6.873120047754233,5.126879952245767,1131.4516328101504,875.1811349797804,25.361732674325342,3164.9
R1535,66.0,0,2,1,1,2240.7,283.5,1297.6,3821.8,17.285147044102892,17.285147044102892,12.0,0.0,1581.144044317034,0.0,8.016073166940881,2805.4
R1536,46.0,1,0,1,1,2176.7,163.9,465.6,2806.2,110.52426638393116,13.968812920649217,12.0,0.0,163.89612755583636,0.0,14.822711440693698,2806.2
R1537,45.0,1,1,0,1,372.4,715.6,1365.1,2453.1,129.29892558509812,1.6791373849676015,1.6791373849676015,10.320862615032398,17.417260243742106,1986.1947205695828,16.625173038786237,2453.1
R1538,61.0,0,2,0,1,2270.5,252.9,0.0,2523.4,68.49962181536729,25.667037347268064,12.0,0.0,252.8989927411454,0.0,20.337931874487392,2523.4
R1539,70.0,0,0,1,1,346.7,657.2,1119.5,2123.4,6.711124233367235,1.2789447527997757,1.2789447527997757,5.432179480567459,22.89988712923328,772.8823867336976,27.789789980138504,2123.4
R1540,73.0,1,0,1,0,1385.5,242.1,0.0,1627.6,32.15413199345008,32.15413199345008,12.0,0.0,242.13911310067883,0.0,13.235955284801182,1627.6
R1541,67.0,1,2,0,1,1879.7,580.6,155.2,2615.5,36.52423946976915,9.308964971274161,9.308964971274161,2.691035028725839,356.3829390166075,379.3573645566635,14.29288049910222,2615.4
R1542,53.0,1,0,0,0,227.0,566.3,0.0,793.3,60.57825631130002,1.675537733136567,1.675537733136567,10.324462266863433,13.750033573354658,552.5612308449906,22.1281470595483,793.3
R1543,43.0,0,1,1,1,2016.8,376.2,786.4,3179.4,17.43853862410883,17.43853862410883,12.0,0.0,376.19816121170754,0.0,11.01497802344636,3148.5
R1544,60.0,0,2,1,0,1265.3,383.0,0.0,1648.3,53.62411137373839,12.549007326132221,12.0,0.0,382.9688215597762,0.0,18.237180639060554,1648.2
R1545,67.0,1,2,1,0,353.7,47.9,772.2,1173.8,2.8724780622108264,2.8724780622108264,2.8724780622108264,0.0,47.8632860664759,0.0,13.67330565377933,1173.8
R1546,58.0,0,0,0,1,2246.6,142.1,0.0,2388.7,123.90359591917377,33.1146383639187,12.0,0.0,142.11744027255565,0.0,20.97000238392335,2388.7
R1547,68.0,1,0,1,0,825.4,550.4,353.0,1728.8,21.591229990517945,6.88841664083404,6.88841664083404,5.11158335916596,94.25491155279015,809.1866473356115,19.933665358124482,1728.8
R1548,67.0,1,3,1,0,336.9,116.8,3134.5,3588.2,2.199727504135751,2.199727504135751,2.199727504135751,0.0,116.78114487399091,0.0,22.461856679939505,3588.2
R1549,61.0,0,1,1,1,2232.1,127.2,87.3,2446.6,132.0791411419907,60.26863026126598,12.0,0.0,214.4308787075478,0.0,16.312710665953666,2446.6
R1550,76.0,1,4,1,0,344.5,1525.1,918.2,2787.8,28.004708278710368,2.8353743144350907,2.8353743144350907,9.164625685564909,360.13539548115335,2083.1443455278377,11.607513277316057,2725.4
R1551,72.0,1,4,1,0,114.3,982.0,401.0,1497.3,10.26479046721911,0.6522412257687835,0.6522412257687835,9.612549241450326,10.11117904686433,971.8417582178309,6.350820636694672,1101.6
R1552,72.0,1,2,1,0,353.7,849.2,425.7,1628.6,10.551560651423616,2.8563843958176918,2.8563843958176918,7.695176255605924,45.72997714694751,1229.1284181508797,20.438362413820425,1628.6
R1553,59.0,1,1,1,1,1706.0,250.4,413.7,2370.1,45.634298306322535,8.097607784341863,8.097607784341863,3.9023922156581374,60.43030480842136,189.929483433557,11.395552801575182,2340.6
R1554,61.0,1,1,1,0,106.8,580.0,2363.1,3049.9,5.724558350574383,0.35385691903595784,0.35385691903595784,5.370701431538425,5.800468096734944,574.1558357074697,6.115830621167132,3049.9
R1555,76.0,0,1,1,0,1375.5,186.2,0.0,1561.7,39.161535669948655,13.442450409502111,12.0,0.0,186.19192909299863,0.0,15.000689841511951,1561.6
R1556,69.0,1,3,1,0,1220.5,691.5,158.5,2070.5,72.66076275874842,30.43389448865266,12.0,0.0,850.0281154760378,0.0,12.579162652024731,2070.6
R1557,74.0,1,0,0,0,1286.6,428.5,84.3,1799.4,49.78404797071923,10.389186903063798,10.389186903063798,1.6108130969362016,213.07593561483486,215.4574025102962,22.38566538690349,1799.4
R1558,68.0,1,0,1,1,551.8,1776.9,1305.1,3633.8,76.4872094561163,2.7768425072131224,2.7768425072131224,9.223157492786878,78.4082987441048,3003.5218557843355,13.147076159070902,3633.7
R1559,73.0,0,1,1,0,1002.2,138.0,210.0,1350.2,9.151268563166647,9.151268563166647,9.151268563166647,0.0,137.96990109647894,0.0,14.823836778628811,1350.2
R1560,73.0,1,2,1,0,1032.8,752.9,499.2,2284.9,57.509964324061734,8.611456441908901,8.611456441908901,3.388543558091099,211.12077467219024,1040.9461485326995,23.373905086149666,2284.9
R1561,69.0,1,0,1,0,1257.1,124.5,274.6,1656.2,30.52368101516133,30.52368101516133,12.0,0.0,124.48716991027983,0.0,22.17970566758514,1656.2
R1562,70.0,1,4,1,0,443.3,1784.5,758.8,2986.6,6.498536296293473,3.900767790330569,3.900767790330569,2.597768505962904,333.9705540918093,1450.5140826644465,9.857550153615236,2986.5
R1563,63.0,1,2,1,0,1394.5,297.5,0.0,1692.0,13.687232568865985,11.356345527885054,11.356345527885054,0.643654472114946,217.18505688273785,80.28003573699743,20.083477092608092,1692.0
R1564,62.0,1,1,1,0,1309.8,264.2,0.0,1574.0,30.848255249824245,30.848255249824245,12.0,0.0,264.22797118826026,0.0,28.388020395546928,1574.0
R1565,88.0,1,2,0,0,1331.2,310.7,0.0,1641.9,27.691359959664602,27.691359959664602,12.0,0.0,310.69347499228365,0.0,27.824446311791014,1641.9
R1566,56.0,0,0,0,1,818.2,888.5,0.0,1706.7,45.7847999688849,4.764361605023857,4.764361605023857,7.235638394976143,81.48168479173258,807.0409315672651,26.385182504121158,1706.7
R1567,53.0,1,1,1,1,2257.9,501.8,295.8,3055.5,39.53018809206892,28.4160715418909,12.0,0.0,501.84280895024887,0.0,12.768325643444356,3055.5
R1568,57.0,1,0,1,1,1501.2,428.3,0.0,1929.5,16.767485524153567,7.858321888160904,7.858321888160904,4.141678111839096,96.53308529169661,331.80745432867496,29.030139401439225,1929.5
R1569,63.0,1,4,0,1,1737.8,214.7,2219.5,4172.0,78.68914480982696,12.829641273391628,12.0,0.0,2128.0762319870832,0.0,10.791587952037862,4005.6
R1570,69.0,1,1,0,1,2059.3,206.9,0.0,2266.2,232.29960501776097,22.33703661571358,12.0,0.0,206.8626257678099,0.0,15.645123194069495,2266.1
R1571,66.0,0,1,1,0,1240.2,295.6,0.0,1535.8,20.076890840548973,12.889473349374207,12.0,0.0,295.6052829607049,0.0,8.739219801011828,1145.5
R1572,68.0,1,1,0,0,1331.3,260.1,209.5,1800.9,49.61948193674474,25.190839796401402,12.0,0.0,469.58503044082784,0.0,19.57467201092767,1800.9
R1573,63.0,0,0,1,1,1271.8,539.1,191.1,2002.0,44.038734369411394,7.466708454326198,7.466708454326198,4.533291545673802,299.77484133254814,430.4207066211369,23.343653747218248,2002.0
R1574,72.0,0,2,0,0,286.1,1892.3,802.2,2980.6,26.155963936272588,2.150516753324895,2.150516753324895,9.849483246675105,61.29836609463692,2633.200311763925,22.503217842133566,2980.6
R1575,81.0,1,1,0,1,2267.2,203.4,0.0,2470.6,30.68388595348623,30.68388595348623,12.0,0.0,203.3655514602701,0.0,6.172501894467002,1427.2
R1576,88.0,1,4,0,0,1428.9,668.3,850.0,2947.2,46.90852780239328,11.794295175549895,11.794295175549895,0.2057048244501054,1450.0466846397114,68.25656205063808,29.57924869421184,2947.2
R1577,49.0,0,1,1,0,116.1,898.3,1650.6,2665.0,59.51827156897139,0.13580713680440618,0.13580713680440618,11.864192863195594,1.5738284002632899,2547.2802173382024,13.440235270090415,2665.0
R1578,61.0,1,2,0,1,1824.5,73.6,1751.4,3649.5,9.665777752323622,9.665777752323622,9.665777752323622,0.0,73.58046285381876,0.0,23.793246198878727,3649.4
R1579,64.0,0,1,0,0,1188.6,382.6,0.0,1571.2,59.70750753453374,9.508113434525864,9.508113434525864,2.491886565474136,141.21595953272484,241.3687930016133,28.238463247849936,1571.1
R1580,71.0,1,1,0,0,116.7,1422.0,639.7,2178.4,14.701473542011842,0.4080813693536951,0.4080813693536951,11.591918630646305,7.634891962748608,1981.3189541295367,24.724006011921983,2178.5
R1581,57.0,1,0,0,0,1369.0,312.4,838.9,2520.3,11.680490295879368,11.680490295879368,11.680490295879368,0.0,312.39399988635006,0.0,18.557770632984997,2520.3
R1582,67.0,1,3,1,0,102.0,950.4,194.5,1246.9,51.656515704756806,0.5178717697508973,0.5178717697508973,11.482128230249103,6.527565859338104,1138.342130689268,18.927808119330116,1246.9
R1583,68.0,1,2,0,0,533.9,1425.5,317.1,2276.5,51.05637855837787,4.528214052603193,4.528214052603193,7.471785947396807,121.20553421755086,1621.3904799425504,9.450557246758404,1831.4
R1584,62.0,1,0,0,1,1119.0,1228.0,2223.3,4570.3,105.06396499644576,5.487345538088044,5.487345538088044,6.512654461911956,140.50133297600274,3310.848489761154,15.169750953590743,4570.3
R1585,53.0,1,1,1,1,1444.9,251.5,338.8,2035.2,56.40322419415885,7.610142009848701,7.610142009848701,4.389857990151299,52.81752237891368,198.70059072228418,25.740047418009304,2035.2
R1586,78.0,0,0,0,0,1397.5,369.9,0.0,1767.4,25.49091687231969,12.856281103325374,12.0,0.0,369.9490198721862,0.0,22.348403962105873,1767.4
R1587,71.0,1,2,1,0,337.0,771.7,611.3,1720.0,20.47684506772467,2.782815813240231,2.782815813240231,9.21718418675977,34.14211283781285,1348.8183033188857,21.924560114420633,1720.0
R1588,44.0,0,0,1,1,2222.2,162.8,0.0,2385.0,60.53575109580831,35.61348649353983,12.0,0.0,162.75376125707777,0.0,22.354330306361,2384.9
R1589,61.0,0,1,0,0,1259.7,208.1,0.0,1467.8,19.925961024217187,19.925961024217187,12.0,0.0,208.0602195691144,0.0,14.38900284061968,1467.8
R1590,67.0,0,3,1,0,1056.1,1467.4,710.8,3234.3,32.24763416825192,10.000575984552777,10.000575984552777,1.9994240154472234,1347.703459943466,830.4623305824302,29.524872969239876,3234.2
R1591,72.0,1,4,0,1,2195.6,520.3,1646.8,4362.7,21.729494941644045,15.398754846847106,12.0,0.0,2167.08767837789,0.0,14.071158644505894,4362.6
R1592,87.0,1,0,1,1,1752.6,231.1,176.9,2160.6,27.090108170462408,9.98126483029779,9.98126483029779,2.018735169702209,99.65196079901207,131.44468863398697,10.491128858600199,2062.3
R1593,60.0,1,2,0,0,1431.4,139.6,679.2,2250.2,125.71095274926634,32.98060210877415,12.0,0.0,585.3279702685023,0.0,22.049235386505096,2250.2
R1594,76.0,1,1,0,0,340.2,1978.2,1765.5,4083.9,54.764401298953025,2.411478326522683,2.411478326522683,9.588521673477317,862.0824083816028,2881.6436527056426,10.060608287391881,2910.1
R1595,61.0,1,0,0,1,2244.7,275.2,0.0,2519.9,63.826127293545696,47.321630979787024,12.0,0.0,275.18823986638796,0.0,29.40655508584662,2519.9
R1596,63.0,1,1,1,1,142.6,17.9,494.9,655.4,0.8475238395104274,0.8475238395104274,0.8475238395104274,0.0,17.943443341458526,0.0,19.812521522345186,655.4
R1597,61.0,0,1,1,0,1418.8,146.3,0.0,1565.1,109.01258515659126,20.504040295141248,12.0,0.0,146.3278670434803,0.0,8.883401720189706,1172.4
R1598,50.0,1,0,0,1,1782.5,144.5,0.0,1927.0,11.018820305933879,11.018820305933879,11.018820305933879,0.0,144.47155297508766,0.0,6.56684429335559,1125.9
R1599,84.0,1,5,1,0,222.3,43.4,742.2,1007.9,1.5018199924931073,1.5018199924931073,1.5018199924931073,0.0,520.2191483281554,0.0,20.42894903456507,1007.9
R1600,62.0,1,1,0,1,2188.1,212.6,754.7,3155.4,37.48529952844366,37.48529952844366,12.0,0.0,967.3262730428341,0.0,7.01158835377884,1784.8
R1601,68.0,1,3,0,0,1234.9,247.2,0.0,1482.1,35.91816228089154,10.033572197817158,10.033572197817158,1.9664278021828423,108.51252799916894,138.69657291049256,7.258630267274219,976.6
R1602,55.0,1,0,0,1,919.7,1329.6,2815.4,5064.7,41.41080537137339,4.073452919865322,4.073452919865322,7.926547080134678,97.11835045509737,3938.834019962836,15.898627924543206,5064.8
R1603,47.0,1,1,0,1,1925.8,307.6,282.0,2515.4,117.51794803057656,94.78997906386823,12.0,0.0,307.5640611902525,0.0,16.75893651648369,2515.3
R1604,62.0,0,0,1,0,1404.3,103.8,0.0,1508.1,46.75792849136451,16.13075654181544,12.0,0.0,103.84415250309101,0.0,25.89510267734408,1508.1
R1605,75.0,1,1,0,0,1339.1,279.7,0.0,1618.8,38.28120501580163,38.28120501580163,12.0,0.0,279.710268919615,0.0,9.105483870613241,1328.2
R1606,67.0,1,0,0,1,911.2,29.8,690.4,1631.4,4.648645211070644,4.648645211070644,4.648645211070644,0.0,29.766344676313988,0.0,26.839977616389906,1631.4
R1607,45.0,0,0,1,1,1298.8,969.8,2083.1,4351.7,122.85240615171513,7.657553128198768,7.657553128198768,4.342446871801232,206.41075450181307,2846.512793249853,15.720050940999558,4351.7
R1608,73.0,1,2,0,1,2114.2,197.4,218.4,2530.0,24.822212081612314,24.822212081612314,12.0,0.0,415.8304411195029,0.0,26.47152661930361,2530.0
R1609,61.0,1,2,1,0,340.3,1750.4,0.0,2090.7,61.77792123510863,2.3748548653165895,2.3748548653165895,9.625145134683411,63.80693559962762,1686.5589429827298,9.632302289736357,1675.8
R1610,71.0,0,2,1,1,512.5,20.8,332.5,865.8,2.8015741998008155,2.8015741998008155,2.8015741998008155,0.0,20.788048710416774,0.0,7.153672002644695,865.9
R1611,67.0,1,1,1,0,346.7,1866.7,2049.0,4262.4,95.61782491705614,2.7194830163701145,2.7194830163701145,9.280516983629886,80.26551325793842,3187.031646367409,16.45982370082746,4262.3
R1612,65.0,1,2,0,1,366.5,37.0,176.4,579.9,1.9934346950768345,1.9934346950768345,1.9934346950768345,0.0,36.98896671562792,0.0,11.175671823922798,579.9
R1613,45.0,1,1,1,1,2197.2,230.7,243.0,2670.9,64.30947102966194,31.600776610854183,12.0,0.0,230.66266340624176,0.0,17.478065761211734,2670.9
R1614,70.0,1,2,0,1,1527.5,670.9,0.0,2198.4,37.44766374243397,10.132193614379542,10.132193614379542,1.867806385620458,304.6276216312199,366.2360392424956,25.684715501777994,2198.4
R1615,48.0,0,0,1,1,548.1,770.8,0.0,1318.9,90.75525710485087,2.8930040756868456,2.8930040756868456,9.106995924313154,35.80034307997468,734.9820087460239,27.25029072857023,1318.8
R1616,72.0,1,2,1,0,197.2,1692.3,3580.2,5469.7,29.48519487315154,1.591007521475582,1.591007521475582,10.408992478524418,38.75315335804737,3926.633086539433,8.08355582962118,3342.6
R1617,64.0,1,3,0,0,1405.4,464.0,284.8,2154.2,19.57189669752194,19.57189669752194,12.0,0.0,464.0328996041972,0.0,12.17015673569734,2154.2
R1618,70.0,0,0,1,0,1052.6,470.5,0.0,1523.1,84.98499632300334,8.267891776379054,8.267891776379054,3.732108223620946,119.30403341464903,351.2189944842058,13.316660847902828,1523.1
R1619,70.0,1,1,1,0,118.8,565.8,977.0,1661.6,3.153424088198119,0.18869479145759754,0.18869479145759754,2.964729296740521,5.468807462306015,560.3781448783074,10.184821649269335,1661.7
R1620,76.0,0,4,1,0,117.9,3025.4,4157.6,7300.9,24.94671571314676,0.759392663032034,0.759392663032034,11.240607336967965,31.0186217234695,7152.014259438509,17.208682272958754,7300.9
R1621,53.0,0,0,1,1,2022.2,349.2,0.0,2371.4,23.525791587397226,12.218752380476836,12.0,0.0,349.24977286428555,0.0,7.28606670483768,1560.2
R1622,76.0,1,1,1,0,448.7,3017.2,472.8,3938.7,75.25602021257114,3.1507856931758664,3.1507856931758664,8.849214306824134,629.0274623149287,2860.983194530382,10.734692630782753,3529.6
R1623,54.0,1,0,0,1,1952.5,87.2,0.0,2039.7,37.424779784563476,13.724823350987391,12.0,0.0,87.20358434010569,0.0,7.563081431690449,1356.6
R1624,64.0,1,2,1,1,727.1,1765.0,623.2,3115.3,56.066844848049335,3.1970769404513515,3.1970769404513515,8.802923059548649,93.10536279593158,2295.0902507607166,16.966379428754983,3115.3
R1625,63.0,1,2,1,0,238.5,1575.2,1383.3,3197.0,61.899740392951024,1.9431166917563512,1.9431166917563512,10.056883308243648,987.0776742074459,1971.48693719942,28.55970976413862,3197.1
R1626,61.0,1,4,1,0,836.5,1060.1,2820.3,4716.9,37.768975692978366,6.065540788265262,6.065540788265262,5.934459211734738,1480.8872682455499,2399.531803670861,9.675195589591159,4357.9
R1627,65.0,1,2,0,1,1914.3,263.4,0.0,2177.7,16.653540653551968,11.230644290770087,11.230644290770087,0.769355709229913,182.04061062170243,81.33064482015928,27.291403544348732,2177.7
R1628,64.0,0,2,1,0,769.4,913.7,179.2,1862.3,43.41357259308,6.409906762338351,6.409906762338351,5.590093237661649,315.84784914366753,777.0673786643965,13.578346671290934,1862.3
R1629,76.0,1,3,0,0,193.4,1826.1,1190.2,3209.7,11.01650136275633,1.1320078195818841,1.1320078195818841,9.884493543174445,31.512812720827558,2864.9578639264832,23.931134901773035,3209.7
R1630,58.0,1,1,1,0,537.1,932.7,1001.7,2471.5,37.46644869181398,4.752681076710131,4.752681076710131,7.247318923289869,85.21961459673328,1849.1939979025187,26.22304240931979,2471.5
R1631,66.0,1,1,1,0,1299.2,297.3,661.0,2257.5,38.40523563769495,10.51412355894512,10.51412355894512,1.4858764410548808,815.688293290404,142.57512268571213,20.52101250650744,2257.5
R1632,74.0,1,4,0,0,1401.5,317.9,118.2,1837.6,41.09393085217602,11.138002127596998,11.138002127596998,0.861997872403002,329.465338942663,106.62373743217668,23.26213645783828,1837.6
R1633,59.0,1,0,0,0,194.5,1180.8,953.4,2328.7,26.860744761738246,1.6378700093699563,1.6378700093699563,10.362129990630043,27.94203870754748,2106.338628909896,21.170906297490106,2328.8
R1634,46.0,1,3,1,1,2002.7,431.9,406.3,2840.9,11.941830472741861,11.941830472741861,11.941830472741861,0.0,431.8862795110492,0.0,28.334026492380527,2840.9
R1635,73.0,1,2,0,0,213.3,352.0,333.6,898.9,48.09124271231911,1.1898849353854706,1.1898849353854706,10.810115064614529,5.842174702608524,589.5781444862475,24.68969749859184,898.9
R1636,62.0,1,0,1,0,469.9,20.1,158.9,648.9,3.5469321298429626,3.5469321298429626,3.5469321298429626,0.0,20.122082956188912,0.0,16.086291436562703,648.9
R1637,57.0,1,0,1,0,666.9,841.9,1338.2,2847.0,31.34418446745111,5.2995694639111415,5.2995694639111415,6.7004305360888585,91.0608180904947,1875.7643560062158,12.98278844520083,2847.0
R1638,61.0,0,0,1,1,561.2,1026.5,146.4,1734.1,19.97758594179274,2.310568850265594,2.310568850265594,9.689431149734407,36.20867893718415,1136.661677219274,9.764031855832211,1359.2
R1639,67.0,1,1,0,1,560.4,792.1,3311.7,4664.2,104.46102955243724,2.074968437291094,2.074968437291094,9.925031562708906,24.602318454111334,4079.162612151532,18.2912111448748,4664.2
R1640,63.0,1,2,1,1,151.1,909.7,1087.2,2148.0,26.077417268866782,0.32585030622111566,0.32585030622111566,11.674149693778885,3.8769658117416745,1993.0372482173268,11.499284854176024,2109.1
R1641,67.0,0,2,0,1,1825.8,202.1,0.0,2027.9,16.215079210647467,10.969267536210632,10.969267536210632,1.0307324637893682,125.28454133391601,76.77666372903721,11.636573021272813,2000.8
R1642,70.0,0,1,1,0,560.9,221.7,0.0,782.6,8.240204665543475,4.1928283321167825,4.1928283321167825,4.047376333426692,30.386307779826875,191.29686905091148,27.16916193915858,782.6
R1643,66.0,0,3,0,0,119.0,1571.2,1520.8,3211.0,59.27147715703238,0.48430707842102866,0.48430707842102866,11.515692921578971,199.36835644176685,2892.6727812082404,22.79390408088952,3211.1
R1644,56.0,0,1,1,0,1361.6,204.1,536.8,2102.5,41.1907717039147,12.07027127959266,12.0,0.0,740.8748815960759,0.0,18.94715102669587,2102.4
R1645,63.0,0,3,0,1,1093.9,314.4,60.1,1468.4,9.213583665310843,5.333582257213021,5.333582257213021,3.8800014080978213,54.73803064859646,319.77740887155363,26.235184133715492,1468.4
R1646,47.0,1,5,1,0,1306.9,669.8,14486.2,16462.9,11.090655125382591,11.090655125382591,11.090655125382591,0.0,1296.3943432346152,0.0,18.60913224995518,16462.9
R1647,61.0,1,1,1,0,1079.9,227.0,676.8,1983.7,11.34509692185417,11.34509692185417,11.34509692185417,0.0,227.01062848734728,0.0,15.466304421692755,1983.7
R1648,68.0,1,1,1,0,197.6,1770.4,184.1,2152.1,33.331987271782296,1.9444052623391044,1.9444052623391044,10.055594737660895,50.97832378845705,1903.5084770180974,22.452170661900347,2152.1
R1649,66.0,0,2,1,1,151.6,907.3,232.2,1291.1,31.373141988483773,0.16415086938876558,0.16415086938876558,11.835849130611235,1.9252671342565202,1137.5747332698688,20.61091284259503,1291.1
R1650,57.0,1,2,0,0,1364.3,202.8,848.6,2415.7,37.122496150117065,37.122496150117065,12.0,0.0,202.8318160772592,0.0,11.004188351193488,2399.0
R1651,64.0,0,2,1,0,1403.5,263.2,225.1,1891.8,38.76010754005254,22.770788736107352,12.0,0.0,488.2591399749205,0.0,13.645947155021315,1891.7
R1652,63.0,1,1,1,1,162.8,1640.7,6025.9,7829.4,23.247985008009817,0.4559393065609023,0.4559393065609023,11.544060693439098,9.876336373120626,7391.852635163009,19.463710322715862,7829.4
R1653,66.0,1,0,1,1,189.6,1074.4,188.4,1452.4,86.93970572958739,0.05959429665478622,0.05959429665478622,11.940405703345213,0.8216220096663538,1262.0195516636709,11.247393106819885,1384.7
R1654,66.0,1,2,0,1,2086.9,410.0,0.0,2496.9,81.77064541312602,27.40235181124307,12.0,0.0,409.98359852097536,0.0,28.005190141445865,2496.8
R1655,44.0,1,0,0,1,2076.5,178.8,0.0,2255.3,72.96766457311398,11.254810094010995,11.254810094010995,0.7451899059890046,124.865530817856,53.91812520555623,7.0632700948382725,1462.7
R1656,75.0,1,2,0,0,476.1,1603.3,2637.3,4716.7,20.548348266641128,3.6987985453707295,3.6987985453707295,8.30120145462927,102.5338637844812,4138.021070523513,27.032684311271147,4716.6
R1657,70.0,1,2,1,1,1939.7,346.5,259.9,2546.1,24.528760848569224,14.003524869710015,12.0,0.0,606.4506230550743,0.0,29.517933469352588,2546.2
R1658,75.0,1,1,1,1,189.7,1420.7,3367.8,4978.2,18.86127037217782,0.46788191947471997,0.46788191947471997,11.53211808052528,373.2156626834236,4291.150096865621,20.765765997464324,4978.2
R1659,67.0,1,1,0,1,2270.2,357.0,1205.3,3832.5,81.25010339650228,15.221758140726843,12.0,0.0,356.98032174228246,0.0,11.085470814672394,3805.2
R1660,58.0,1,4,0,0,1043.4,1144.2,263.5,2451.1,54.453738781711394,8.474184492269103,8.474184492269103,3.525815507730897,571.5911377875129,836.0709555512614,25.434107225323288,2451.0
R1661,74.0,1,1,0,0,1330.9,257.4,0.0,1588.3,41.97155019976446,34.939272019486616,12.0,0.0,257.42730157342635,0.0,16.592020663324863,1588.4
R1662,66.0,1,2,0,0,814.7,1540.2,334.0,2688.9,28.223790821172788,6.25272442637761,6.25272442637761,5.74727557362239,220.20202211870145,1653.9814217794299,23.09876712920873,2688.8
R1663,66.0,1,3,1,0,114.8,2427.2,1398.7,3940.7,9.057067728592305,0.28124419998831357,0.28124419998831357,8.775823528603992,11.868955220682619,3542.8619998419354,13.743965734860303,3940.7
R1664,62.0,1,1,1,0,1427.8,454.6,0.0,1882.4,20.413454931979043,14.926695257341992,12.0,0.0,454.61683710992577,0.0,11.314835277556082,1856.4
R1665,62.0,1,1,1,1,321.1,2460.7,1000.8,3782.6,22.844472165794162,1.6176025072322204,1.6176025072322204,10.38239749276778,57.41454701438323,3217.3087102429818,28.901716228892607,3782.6
R1666,49.0,1,1,1,1,1026.0,2314.5,2689.1,6029.6,43.9771868126382,5.332341622623865,5.332341622623865,6.667658377376135,252.81550980953406,4750.757218060378,7.817931855669893,2047.4
R1667,61.0,0,1,1,0,224.4,2471.7,0.0,2696.1,77.287322545692,1.2955691555728517,1.2955691555728517,10.704430844427149,45.03408906426928,2426.6536010027703,7.394136341757426,1651.9
R1668,68.0,1,2,1,0,1067.5,306.8,0.0,1374.3,37.376741786926296,27.65848825958778,12.0,0.0,306.7967031796125,0.0,24.78674173402361,1374.3
R1669,60.0,1,0,0,0,117.0,2062.5,744.1,2923.6,51.83742296600134,0.11545986919901277,0.11545986919901277,11.884540130800987,3.067845214309659,2803.5395737574595,24.612084316811067,2923.6
R1670,73.0,1,2,1,0,206.0,992.0,2816.4,4014.4,9.806929452730147,1.7452499656725073,1.7452499656725073,8.06167948705764,402.6992503492906,1626.1748157425288,13.475425694908033,4014.4
R1671,66.0,1,1,1,1,373.0,2531.4,0.0,2904.4,31.933565748964103,1.0655615377298648,1.0655615377298648,10.934438462270135,37.26874117421249,2494.1702557329663,14.977420795805058,2904.4
R1672,61.0,0,1,1,0,1079.9,137.3,1261.7,2478.9,8.956974325905472,8.956974325905472,8.956974325905472,0.0,137.29344116003173,0.0,22.51024435854898,2478.9
R1673,67.0,0,2,1,0,408.0,750.8,515.0,1673.8,23.245262297925038,3.5813268763384416,3.5813268763384416,8.41867312366156,362.53728767202676,903.2157307226857,20.395083250176352,1673.8
R1674,58.0,1,3,0,1,2197.6,199.1,529.0,2925.7,62.25152243616677,30.881407748800846,12.0,0.0,728.1799793862904,0.0,21.563481305135916,2925.8
R1675,69.0,1,2,1,0,1058.6,176.8,864.8,2100.2,9.495904837800612,9.495904837800612,9.495904837800612,0.0,176.75083883224465,0.0,16.447980082555567,2100.1
R1676,78.0,0,0,1,0,1437.6,166.3,0.0,1603.9,54.190474355104946,13.888582480020931,12.0,0.0,166.33343273149995,0.0,29.5258388021542,1604.0
R1677,88.0,1,0,0,0,659.0,806.0,873.0,2338.0,30.626298554918034,5.639827132683976,5.639827132683976,6.360172867316024,559.6648980719583,1119.3447120104981,9.551710860111871,1655.1
R1678,61.0,1,0,0,1,1938.0,187.1,0.0,2125.1,160.41230820956136,14.406105841047362,12.0,0.0,187.07326158683534,0.0,21.161724293332867,2125.1
R1679,70.0,1,1,0,0,1367.9,120.4,0.0,1488.3,55.23765589400465,13.329512876550611,12.0,0.0,120.36409621369958,0.0,10.94669709620644,1363.7
R1680,68.0,0,3,1,1,2268.6,282.4,0.0,2551.0,13.59511397822813,13.59511397822813,12.0,0.0,282.35333854667493,0.0,14.036611449574206,2550.9
R1681,55.0,1,3,1,1,1976.2,226.2,0.0,2202.4,32.73955103043052,16.98068113101631,12.0,0.0,226.20934522314175,0.0,13.140576906788423,2202.4
R1682,62.0,1,1,0,1,863.0,1009.9,2510.3,4383.2,20.872738725190928,4.122324544175745,4.122324544175745,7.877675455824255,75.01680956268453,3445.185432873901,25.803199071539822,4383.2
R1683,67.0,1,2,0,0,90.3,1923.1,3068.9,5082.3,65.25780010162293,0.4441967454855063,0.4441967454855063,11.555803254514494,1440.3764046007277,3551.6686224715213,19.918573762562282,5082.4
R1684,42.0,1,0,1,1,2263.9,240.9,795.2,3300.0,40.38225132537423,40.38225132537423,12.0,0.0,240.92630230550083,0.0,13.939034725617153,3300.1
R1685,51.0,1,1,1,1,156.5,690.4,114.9,961.8,22.084867478394195,0.48472030912316866,0.48472030912316866,11.515279690876831,4.427199269242398,800.8181370787975,18.85399909869834,961.7
R1686,66.0,1,2,1,0,1341.7,321.2,0.0,1662.9,38.42264447361047,12.755624211859093,12.0,0.0,321.1941427780956,0.0,17.069738001371597,1662.9
R1687,71.0,1,2,1,1,2147.0,357.5,2390.2,4894.7,49.14082861034627,15.005238955286197,12.0,0.0,2251.750239971454,0.0,19.05930690125527,4894.7
R1688,63.0,1,1,0,0,1335.1,268.2,156.2,1759.5,62.232410566518226,40.4924596736509,12.0,0.0,268.2032708879941,0.0,11.700993765124252,1752.9
R1689,65.0,1,1,1,1,2085.3,189.3,0.0,2274.6,50.574411363873544,14.351591019106067,12.0,0.0,189.28930936582637,0.0,14.977500207196044,2274.6
R1690,60.0,1,1,0,1,535.9,873.1,0.0,1409.0,37.473071022327034,2.859306586522931,2.859306586522931,9.14069341347707,39.96141908042261,833.149126092863,17.00202671957671,1409.0
R1691,64.0,1,1,1,0,1351.8,347.3,1314.3,3013.4,11.969815475555716,11.969815475555716,11.969815475555716,0.0,347.2567112306682,0.0,7.996668845252608,1133.2
R1692,73.0,1,1,0,0,1197.4,221.3,0.0,1418.7,59.003512009777566,32.287659217228565,12.0,0.0,221.3193712611005,0.0,6.344254860379837,815.5
R1693,67.0,0,3,1,0,108.5,949.5,2417.5,3475.5,16.431037309348515,0.5379150827445738,0.5379150827445738,11.462084917255426,654.1242700436386,1707.2175476873558,20.24725764781224,3475.6
R1694,50.0,1,0,0,1,2000.1,430.6,0.0,2430.7,31.318807198514634,10.686947450952596,10.686947450952596,1.3130525490474039,239.02849913784857,191.53208694940042,10.969679578950753,2280.4
R1695,59.0,1,2,1,0,387.1,1490.5,2076.9,3954.5,32.08822474613468,3.3870737382824454,3.3870737382824454,8.612926261717554,84.76558835456522,3482.63007605259,25.25235743590794,3954.5
R1696,59.0,1,2,0,0,472.7,1343.0,1509.9,3325.6,13.02040613491386,3.1932369493955037,3.1932369493955037,8.806763050604497,70.73509307827274,2782.185298707761,6.601417390027881,1035.8
R1697,71.0,0,2,1,1,2152.4,189.2,336.8,2678.4,15.208565881654184,15.208565881654184,12.0,0.0,526.0592027916299,0.0,11.356884581121168,2668.3
R1698,63.0,1,3,1,0,1229.7,168.3,59.1,1457.1,46.36468073814644,19.18558546373435,12.0,0.0,227.40526410971063,0.0,21.116828883256392,1457.1
R1699,50.0,1,1,1,1,727.8,1385.2,773.8,2886.8,41.48327308419442,3.7450370873062013,3.7450370873062013,8.254962912693799,90.08884890490097,1295.0706597538326,9.167940299498472,2442.5
R1700,52.0,1,2,1,1,1861.7,863.5,0.0,2725.2,72.7291864831679,13.715060265095573,12.0,0.0,863.5143775011157,0.0,16.097010830341993,2725.2
R1701,62.0,1,3,1,0,1429.4,677.6,411.6,2518.6,28.14448056313035,17.836839280197506,12.0,0.0,890.4280570883022,0.0,13.158596732231503,2518.6
R1702,52.0,0,1,1,1,2236.9,317.8,0.0,2554.7,49.680780476440944,13.314625334674508,12.0,0.0,317.7897340238425,0.0,12.444738615006527,2554.7
R1703,74.0,1,3,1,0,235.8,1156.4,5681.4,7073.6,16.780458660261893,1.3014234883726996,1.3014234883726996,10.6985765116273,21.173790225155884,6816.567016942994,11.637837075927559,7035.1
R1704,64.0,0,2,1,0,947.7,1909.3,458.4,3315.4,11.807731848513644,7.508051928633836,7.508051928633836,4.299679919879808,622.7828301748611,1744.9505294538337,29.42261534425738,3315.5
R1705,71.0,1,1,1,0,764.8,201.7,232.6,1199.1,6.584612000051732,6.584612000051732,6.584612000051732,0.0,201.68915605143482,0.0,13.671967717744147,1199.1
R1706,55.0,1,0,0,1,2272.6,168.4,0.0,2441.0,162.02942023092805,64.0150392374731,12.0,0.0,168.41501150651905,0.0,8.82900752475814,1828.4
R1707,79.0,1,3,1,0,1396.4,961.9,65.0,2423.3,19.301913256058256,11.0501951408264,11.0501951408264,0.9498048591736001,681.3574577598789,345.5309945396469,27.965683109366267,2423.3
R1708,62.0,1,1,0,1,1668.7,171.8,0.0,1840.5,17.04780480408497,14.379668439211144,12.0,0.0,171.80526696506385,0.0,9.800411925871696,1530.9
R1709,60.0,1,0,0,1,2109.5,293.0,311.5,2714.0,305.8225603593185,21.105409944150246,12.0,0.0,293.03590279972514,0.0,23.680763345316684,2714.1
R1710,65.0,1,0,0,1,2079.0,376.3,0.0,2455.3,202.56199841063489,26.63569667770571,12.0,0.0,376.27831010989723,0.0,21.811768347507513,2455.3
R1711,69.0,1,2,0,0,469.1,840.4,1064.7,2374.2,7.5614658002971105,3.4167449095349816,3.4167449095349816,4.1447208907621285,94.30365438263242,1300.2315527422038,23.223727265207668,2374.2
R1712,79.0,1,2,1,0,456.0,965.8,438.0,1859.8,8.97752986300432,3.1819876940498535,3.1819876940498535,5.795542168954466,74.99621990637554,1328.8561495262297,24.560512640938494,1859.8
R1713,70.0,1,4,1,0,229.1,2015.3,2293.4,4537.8,12.859730272550639,1.4385142733373009,1.4385142733373009,10.5614857266627,264.0952148083594,4044.5761814949765,10.32727234078221,4225.1
R1714,61.0,1,0,0,1,2072.2,210.8,0.0,2283.0,29.63141135605594,27.31033905363021,12.0,0.0,210.77459000311364,0.0,6.8952811799033915,1329.9
R1715,67.0,1,0,1,0,113.6,2789.5,932.7,3835.8,38.565247335799256,0.05622487805290212,0.05622487805290212,11.943775121947098,934.6635571917693,2787.4638194596896,16.33759239750058,3835.7
R1716,64.0,0,0,0,1,2275.0,255.8,618.0,3148.8,100.6142561575273,57.943340679420274,12.0,0.0,255.82925359883515,0.0,16.677121606166676,3148.8
R1717,66.0,0,1,1,0,582.4,1176.3,0.0,1758.7,26.95481821865619,4.119822766962364,4.119822766962364,7.880177233037636,87.30217254544529,1089.0452534135086,11.678818517065771,1714.4
R1718,63.0,0,2,1,1,1780.6,335.4,0.0,2116.0,57.45455621638333,49.26126544373341,12.0,0.0,335.41674233804815,0.0,25.440322839554547,2116.0
R1719,64.0,0,1,0,1,1892.5,182.9,0.0,2075.4,65.02635891835745,9.600630373941778,9.600630373941778,2.3993696260582222,69.53174846479796,113.32976301628862,8.616533100578994,1765.7
R1720,64.0,1,1,1,0,717.2,870.2,1547.1,3134.5,9.231233636991934,5.810464273240907,5.810464273240907,3.4207693637510275,179.80171408449024,690.3513993477997,17.940237994387758,3134.5
R1721,71.0,0,3,0,0,1297.5,253.3,137.9,1688.7,23.482995644853702,23.482995644853702,12.0,0.0,391.21007546623196,0.0,18.68316361425656,1688.7
R1722,62.0,0,0,1,0,1396.7,224.5,0.0,1621.2,103.38133016973468,12.691736036236168,12.0,0.0,224.45051576141927,0.0,6.224662413228988,931.2
R1723,49.0,0,0,0,0,101.0,1699.7,0.0,1800.7,105.36847425448474,0.37834494003774743,0.37834494003774743,11.621655059962253,8.442278790224458,1691.2319082405618,25.461733039664082,1800.7
R1724,55.0,1,1,1,1,376.1,973.4,144.8,1494.3,18.876085794129484,1.7037000287338993,1.7037000287338993,10.296299971266102,168.8369733198866,949.3629027763085,14.596307496827873,1494.3
R1725,66.0,1,0,0,0,583.4,1239.8,1465.5,3288.7,25.62273148040901,4.244638970078754,4.244638970078754,7.755361029921246,95.98852377791773,2609.260344320884,16.993054895948603,3288.6
R1726,53.0,1,0,1,1,1813.8,113.8,661.0,2588.6,27.784694532994138,27.784694532994138,12.0,0.0,113.78525105689819,0.0,9.859833576313703,2266.0
R1727,65.0,0,0,1,0,584.4,64.7,202.6,851.7,4.5355259501598395,4.5355259501598395,4.5355259501598395,0.0,64.70798797449633,0.0,15.57855210207407,851.8
R1728,76.0,1,1,0,0,111.2,1101.0,635.4,1847.6,42.41023179064379,0.28845431761678436,0.28845431761678436,11.711545682383216,4.142545676849065,1732.3294933507786,16.860688671343798,1847.7
R1729,67.0,0,1,0,1,1511.9,854.7,1163.6,3530.2,138.3982827512458,7.8931040890260284,7.8931040890260284,4.1068959109739716,194.5418985170994,1823.7503903749785,20.455365885827323,3530.2
R1730,68.0,1,1,0,1,2212.7,134.7,163.3,2510.7,53.54842851413728,45.8609584580832,12.0,0.0,134.67642622604802,0.0,6.8513766372854885,1530.9
R1731,70.0,1,1,1,0,108.7,1451.6,636.0,2196.3,79.91030211703583,0.4554086525354908,0.4554086525354908,11.54459134746451,644.7729706058285,1442.8977259990907,16.25849211003428,2196.4
R1732,58.0,1,2,1,0,593.3,982.5,0.0,1575.8,18.63669116461525,4.022568800303317,4.022568800303317,7.977431199696683,70.51370797295826,912.0036202618489,17.736240978954825,1575.8
R1733,80.0,1,0,1,0,115.3,1987.7,1973.4,4076.4,53.1023706473209,0.14254054409862424,0.14254054409862424,11.857459455901376,3.657158755604572,3957.4761482236427,28.86054852139932,4076.5
R1734,76.0,1,6,1,0,949.8,1888.5,176.4,3014.7,20.288059747771715,8.840112191439253,8.840112191439253,3.1598878085607467,658.2404397126334,1406.6209193230359,20.297176873448286,3014.7
R1735,73.0,0,0,0,1,376.9,44.6,453.1,874.6,1.6072429453961392,1.6072429453961392,1.6072429453961392,0.0,44.585876306991985,0.0,22.457062522943588,874.6
R1736,48.0,1,1,1,1,2021.8,349.7,0.0,2371.5,194.41753181164748,27.48538028153172,12.0,0.0,349.72395075064054,0.0,16.564494755117913,2371.6
R1737,62.0,0,1,0,1,1509.3,162.9,511.7,2183.9,7.677878149960534,7.677878149960534,7.677878149960534,0.0,162.93022266686282,0.0,17.850816176248774,2183.9
R1738,83.0,1,4,1,0,1426.3,257.6,703.2,2387.1,21.8084202637876,21.8084202637876,12.0,0.0,257.5553688434553,0.0,29.58111659007003,2387.0
R1739,70.0,0,3,0,0,370.0,168.5,0.0,538.5,3.577888164968266,3.577888164968266,3.577888164968266,0.0,168.50144386417355,0.0,15.961988643633772,538.5
R1740,71.0,1,1,0,1,539.8,36.7,2934.0,3510.5,2.631112943479106,2.631112943479106,2.631112943479106,0.0,36.735243629265,0.0,29.849848486616757,3510.6
R1741,81.0,1,3,0,1,1480.4,1589.4,0.0,3069.8,35.89051922857101,8.520770889857161,8.520770889857161,3.479229110142839,433.90265893062485,1155.4731945751953,20.62703078635047,3069.8
R1742,70.0,1,3,1,0,1086.3,609.0,0.0,1695.3,58.64568554200035,12.19818034046964,12.0,0.0,609.0319764680696,0.0,27.99281892039844,1695.3
R1743,56.0,0,1,1,0,704.3,55.9,661.1,1421.3,5.066323887169899,5.066323887169899,5.066323887169899,0.0,55.91850543741278,0.0,19.844262761532452,1421.3
R1744,48.0,0,0,0,1,2004.9,313.1,0.0,2318.0,140.68811679991887,15.523184725674172,12.0,0.0,313.0733859107494,0.0,25.720878284299467,2318.0
R1745,64.0,1,2,1,0,1036.0,875.0,0.0,1911.0,22.522568296594862,8.389905994730453,8.389905994730453,3.6100940052695467,229.8877907495703,645.1203561115759,25.733179302582805,1911.1
R1746,71.0,1,3,1,0,428.4,660.7,1127.9,2217.0,9.056397214291117,3.20990100437714,3.20990100437714,5.846496209913977,730.325965075138,1058.2997793372413,15.25743576422708,2217.0
R1747,54.0,1,0,0,1,133.4,2539.0,312.2,2984.6,44.52834494567562,0.004818053623608531,0.004818053623608531,11.995181946376391,0.15636339161858837,2850.989944511934,13.901671203404828,2984.5
R1748,68.0,1,2,1,0,330.8,2061.9,0.0,2392.7,41.6994610933538,2.9513792641156615,2.9513792641156615,9.048620735884338,98.20794248188885,1963.6649996187593,28.550076307929416,2392.6
R1749,62.0,1,3,1,0,116.8,1815.9,2476.4,4409.1,41.93511231466971,0.34673073332826126,0.34673073332826126,11.653269266671739,8.2470701013404,4284.032806521208,13.903629424286624,4409.1
R1750,72.0,1,3,1,0,718.9,143.8,262.0,1124.7,7.037699336822491,6.898326366210063,6.898326366210063,0.1393729706124276,127.02528303553767,16.737416124456725,24.802716814095863,1124.7
R1751,68.0,1,2,1,0,1363.0,159.4,0.0,1522.4,27.614518589144264,24.60940570533522,12.0,0.0,159.4154175378903,0.0,10.258072032949933,1385.7
R1752,65.0,0,0,1,0,654.7,350.8,512.4,1517.9,50.114026292933445,5.992678037940811,5.992678037940811,6.007321962059189,46.54073541370816,816.7125945627879,17.738793599175622,1517.9
R1753,59.0,1,3,1,0,1434.9,657.0,0.0,2091.9,14.885292636140923,11.496880683617299,11.496880683617299,0.5031193163827012,511.1179586272636,145.87320702481438,15.06879762773443,2091.9
R1754,61.0,1,1,1,0,334.2,846.8,0.0,1181.0,44.109975107315115,2.6370248696233034,2.6370248696233034,9.362975130376697,35.05694215926722,811.777667305251,12.623015052196289,1181.0
R1755,83.0,1,1,1,1,2134.8,414.4,84.2,2633.4,59.44643880626439,40.23873118564564,12.0,0.0,498.5764123688399,0.0,11.713879150116691,2623.5
R1756,62.0,0,0,0,1,2168.6,154.7,0.0,2323.3,19.041425247388396,17.366629389394408,12.0,0.0,154.72048661921298,0.0,29.16405715493688,2323.4
R1757,49.0,0,0,1,0,562.6,1109.1,8178.8,9850.5,10.235597798776505,4.535799703995172,4.535799703995172,5.6997980947813325,120.61544882771733,1753.9322158194004,22.05209251541989,9850.5
R1758,54.0,1,0,1,1,446.0,2516.0,0.0,2962.0,87.00243676061025,2.7719662373937513,2.7719662373937513,9.228033762606248,110.7828472489204,2405.2331697288646,17.160441479436674,2962.0
R1759,62.0,0,1,1,0,1329.3,304.4,0.0,1633.7,62.298014047695716,17.304074918729015,12.0,0.0,304.38534019574485,0.0,19.74828590908724,1633.7
R1760,76.0,1,1,1,0,1274.0,220.6,1014.0,2508.6,41.50902747801014,13.82798923903896,12.0,0.0,1112.026499964232,0.0,26.292088166038326,2508.6
R1761,67.0,1,3,0,0,215.8,2792.8,88.7,3097.3,114.68566111078425,1.112066335755108,1.112066335755108,10.887933664244892,131.81017666116227,2749.775709526681,22.243924452887523,3097.4
R1762,63.0,1,1,1,0,1402.2,150.8,0.0,1553.0,50.90148246553294,21.327217776483703,12.0,0.0,150.8126617465257,0.0,9.081468772514256,1282.6
R1763,57.0,0,0,1,1,373.9,789.8,1484.3,2648.0,47.863267606730844,1.028936479544288,1.028936479544288,10.971063520455711,11.197436733588898,2262.915912367933,11.060830545224295,1250.0
R1764,68.0,0,1,1,0,1300.8,480.8,0.0,1781.6,28.27893840757446,28.27893840757446,12.0,0.0,480.7565284077143,0.0,27.39197200074821,1781.5
R1765,67.0,1,6,1,0,454.9,176.6,97.0,728.5,4.5522939562330365,3.980287775133017,3.980287775133017,0.5720061811000194,91.15254808063172,85.431589269942,19.384389115234644,728.5
R1766,55.0,1,1,0,1,2041.2,273.7,0.0,2314.9,88.66174166385268,31.48778665751835,12.0,0.0,273.6541519725991,0.0,20.171382971604185,2314.9
R1767,62.0,1,2,1,1,906.2,820.8,526.4,2253.4,33.78716887560838,4.21674958628398,4.21674958628398,7.78325041371602,62.956340655273536,1284.2243378129642,9.911808676305949,2050.1
R1768,73.0,1,3,1,0,216.4,50.2,291.4,558.0,1.7084370954928714,1.7084370954928714,1.7084370954928714,0.0,50.222708976167674,0.0,9.288357043592075,558.0
R1769,74.0,1,2,1,1,1762.5,239.0,279.5,2281.0,52.39329957457341,52.39329957457341,12.0,0.0,518.5126712341106,0.0,11.20070269255887,2265.1
R1770,74.0,1,0,1,1,2252.3,211.3,4852.3,7315.9,170.77112904570893,43.780457676690084,12.0,0.0,5063.559851447651,0.0,13.810728087178997,7315.9
R1771,67.0,1,4,0,0,1366.9,330.5,0.0,1697.4,37.560606830104874,15.765759865041037,12.0,0.0,330.5279588466396,0.0,19.413761079478924,1697.4
R1772,59.0,0,4,1,0,1309.5,942.8,0.0,2252.3,20.614076570400815,11.483627990653362,11.483627990653362,0.5163720093466377,728.9850153011415,213.7792759364166,14.938456352683648,2252.3
R1773,80.0,1,2,1,0,101.5,19.0,997.4,1117.9,0.6124329798495528,0.6124329798495528,0.6124329798495528,0.0,18.97475503160029,0.0,22.260578271686548,1117.8
R1774,68.0,1,1,0,0,554.5,35.5,0.0,590.0,4.027659282431412,4.027659282431412,4.027659282431412,0.0,35.5057065640453,0.0,16.351140062833462,590.0
R1775,50.0,1,0,1,1,1500.5,453.4,712.2,2666.1,76.16423644554742,7.950243607531419,7.950243607531419,4.049756392468581,104.89843332727835,551.838976297244,18.343872450257876,2666.1
R1776,60.0,0,1,1,0,117.5,2545.7,102.8,2766.0,25.69293474996337,0.03330587265382323,0.03330587265382323,11.966694127346177,1.0859430927207527,2544.625433275375,28.84530030051678,2766.1
R1777,65.0,1,4,0,1,2198.0,191.1,0.0,2389.1,25.96356941625815,25.96356941625815,12.0,0.0,191.07682188030049,0.0,7.0135543272551395,1577.0
R1778,52.0,1,2,0,1,2206.1,845.3,0.0,3051.4,15.87594873653041,15.87594873653041,12.0,0.0,845.3388457000444,0.0,21.284145584308398,3051.5
R1779,50.0,1,1,0,1,944.7,89.3,946.4,1980.4,5.284144271728013,5.284144271728013,5.284144271728013,0.0,89.32322806327804,0.0,23.66887738782384,1980.4
R1780,55.0,1,0,1,1,185.5,8.2,908.6,1102.3,0.886436549701651,0.886436549701651,0.886436549701651,0.0,8.150477565673754,0.0,10.322834156179223,1102.2
R1781,65.0,0,1,0,1,1400.2,572.8,0.0,1973.0,31.469842025243285,7.309265478090513,7.309265478090513,4.690734521909487,110.45938482647932,462.3098656744772,26.652144374812746,1973.0
R1782,58.0,1,4,1,0,1330.4,636.8,0.0,1967.2,22.213794258108923,15.086593627815807,12.0,0.0,636.8063910904981,0.0,8.948200807222339,1472.7
R1783,64.0,1,1,1,1,328.0,1007.5,1207.9,2543.4,28.169047038726745,1.5137278247265038,1.5137278247265038,10.486272175273497,21.816660075439252,2193.563728741034,25.410628623540404,2543.3
R1784,56.0,0,0,1,0,347.5,2374.0,437.8,3159.3,68.71487204170056,2.0858613304569023,2.0858613304569023,9.914138669543098,74.19181914531381,2737.5801511784703,10.625052979454484,2840.4
R1785,62.0,1,0,1,0,119.7,560.3,0.0,680.0,57.52763291246285,0.6881243956877697,0.6881243956877697,11.311875604312231,5.178283042582711,555.1583467670512,16.231738415094654,680.1
R1786,54.0,1,0,1,1,924.8,341.0,561.5,1827.3,6.492823437431042,4.343665209632955,4.343665209632955,2.149158227798087,80.66434873223702,260.28977092703553,15.49291520195412,1827.3
R1787,48.0,1,3,1,0,117.9,1417.0,1126.2,2661.1,25.195263850302606,0.2245127945346051,0.2245127945346051,11.775487205465394,4.130394654709365,2539.0785286947134,19.735920554242767,2661.1
R1788,64.0,1,4,0,0,575.2,1932.6,6259.0,8766.8,140.1124711203468,4.5240317381166815,4.5240317381166815,7.4759682618833185,255.85791007861852,7935.676804875476,21.23084980245018,8766.7
R1789,64.0,0,1,1,0,239.6,12.8,316.9,569.3,1.3769912011102736,1.3769912011102736,1.3769912011102736,0.0,12.793916548668847,0.0,6.971028248377779,569.3
R1790,78.0,1,2,1,0,342.5,2020.1,0.0,2362.6,15.80528539151641,2.965836735828524,2.965836735828524,9.034163264171475,96.81293740761134,1923.2578553015726,25.555641303521114,2362.6
R1791,68.0,0,2,1,0,516.8,589.1,0.0,1105.9,20.835616422011597,4.354023989261132,4.354023989261132,7.645976010738868,47.305430350590164,541.7719730126113,18.633868357463335,1105.9
R1792,54.0,1,2,0,1,484.7,1205.7,0.0,1690.4,55.453835529279885,2.8314350459065007,2.8314350459065007,9.1685649540935,54.50942717650801,1151.1443972264674,28.04379451302984,1690.4
R1793,47.0,1,0,0,0,1050.8,166.4,0.0,1217.2,47.094548760326795,10.160916494582562,10.160916494582562,1.8390835054174381,76.30373506552657,90.0695073397621,10.055403344064894,1126.3
R1794,47.0,1,2,0,0,1410.9,187.4,601.6,2199.9,18.602346777284573,18.131293342582243,12.0,0.0,187.40534064983703,0.0,16.663591735609685,2199.9
R1795,63.0,1,1,1,1,2174.5,199.6,0.0,2374.1,108.25005732617817,28.45554698889396,12.0,0.0,199.60953483918058,0.0,28.931429759841325,2374.1
R1796,76.0,1,1,1,0,690.0,798.4,0.0,1488.4,22.608529725322086,5.05525826500098,5.05525826500098,6.94474173499902,80.16909931528296,718.2624773874533,21.2322946478564,1488.5
R1797,64.0,1,3,0,0,1436.5,389.2,129.8,1955.5,32.73700410176814,11.916023963510442,11.916023963510442,0.08397603648955787,501.9484515636251,17.103754834314525,18.171306580697333,1955.6
R1798,72.0,1,2,1,0,118.9,1078.7,1620.4,2818.0,8.390543015347093,0.9446132662291241,0.9446132662291241,7.445929749117969,20.582240341116027,1192.7874122726457,17.28669801286049,2818.0
R1799,66.0,0,1,0,0,1389.1,298.2,222.3,1909.6,64.09406667063347,20.531013425576,12.0,0.0,520.5412025641571,0.0,27.962057532421213,1909.6
R1800,60.0,1,2,0,0,926.8,1472.0,1904.0,4302.8,54.00838179773249,7.161064171884748,7.161064171884748,4.838935828115252,272.24182989685255,3103.7361156645466,6.185346651749966,1046.1
R1801,69.0,1,1,1,1,2265.2,174.5,0.0,2439.7,33.56264626968185,12.449024531684355,12.0,0.0,174.47773458298215,0.0,29.7728287806873,2439.6
R1802,62.0,0,1,1,0,1247.7,181.8,2007.2,3436.7,38.09670251490934,26.799588667265006,12.0,0.0,181.81912850865075,0.0,17.30099267781113,3436.7
R1803,56.0,1,1,1,0,118.7,3367.7,2260.4,5746.8,89.98926435406068,0.6536304835752167,0.6536304835752167,11.346369516424783,679.99209833079,3338.226871026883,25.722031553723514,5746.8
R1804,63.0,1,0,1,1,2230.9,262.7,0.0,2493.6,118.58962228632842,31.783949961464103,12.0,0.0,262.6855955061735,0.0,17.600326085367417,2493.6
R1805,63.0,1,3,1,1,2050.3,656.5,1408.9,4115.7,14.537306933236458,14.537306933236458,12.0,0.0,1265.9144913826249,0.0,25.84641749089782,4115.6
R1806,61.0,0,1,1,0,941.7,243.3,274.8,1459.8,27.64551613827196,7.184677933660864,7.184677933660864,4.815322066339136,45.29024721219347,472.7185074755729,8.362520326229475,1035.4
R1807,62.0,1,0,1,1,1312.8,652.5,0.0,1965.3,66.50355299923024,6.951248747744074,6.951248747744074,5.048751252255926,113.74814370497758,538.8016103725267,16.216337557817614,1965.4
R1808,48.0,1,0,1,0,1215.8,111.6,872.8,2200.2,45.70478895108091,10.44352530577285,10.44352530577285,1.5564746942271501,56.60589891681357,342.63349012529704,24.482501319005785,2200.3
R1809,56.0,1,0,0,1,357.4,1778.3,2952.8,5088.5,214.44084368504315,1.2309439043682024,1.2309439043682024,10.769056095631797,30.62989012405446,4700.473923610702,29.912963605117874,5088.5
R1810,63.0,1,1,0,0,1321.7,156.9,297.3,1775.9,71.79481615025291,15.373212867717704,12.0,0.0,156.94081645573783,0.0,18.316355961196354,1776.0
R1811,55.0,0,0,0,0,1367.3,98.0,0.0,1465.3,95.45888818444422,11.817711403785074,11.817711403785074,0.1822885962149261,89.08263293029815,8.96153877181064,7.783807136408898,970.2
R1812,61.0,1,2,1,0,358.2,724.2,1004.1,2086.5,39.67511239939901,2.11754257506956,2.11754257506956,9.88245742493044,23.038049659022754,1705.2782828870686,23.94091880326779,2086.5
R1813,62.0,0,3,1,0,1305.0,129.4,0.0,1434.4,35.73591014699877,22.45300165398757,12.0,0.0,129.37417173931743,0.0,21.558596509521593,1434.4
R1814,69.0,1,2,0,0,1424.2,179.8,0.0,1604.0,83.78187497093947,14.195932999076842,12.0,0.0,179.82635428066249,0.0,9.591861916549796,1330.6
R1815,59.0,1,0,1,1,2161.3,274.1,0.0,2435.4,36.21200531348849,13.369670778990946,12.0,0.0,274.06913966089206,0.0,11.030926121453934,2413.2
R1816,54.0,0,1,0,1,177.4,680.3,1047.3,1905.0,220.39445531222037,0.6595248634215051,0.6595248634215051,11.340475136578496,424.4446817295703,1303.1977937542194,18.045800172193566,1905.0
R1817,57.0,1,1,1,0,1234.5,136.6,262.0,1633.1,22.791830925107732,22.791830925107732,12.0,0.0,398.591268647428,0.0,9.988941455200422,1404.4
R1818,67.0,0,2,0,1,1841.6,376.2,1303.6,3521.4,160.89242857539338,30.576294157339863,12.0,0.0,1679.7553433903443,0.0,27.99639291846328,3521.4
R1819,62.0,1,2,0,1,2172.8,182.2,0.0,2355.0,35.531157486796985,35.531157486796985,12.0,0.0,182.17060229286042,0.0,29.77848747166763,2354.9
R1820,54.0,0,3,0,1,322.3,71.9,3789.7,4183.9,1.19812566544033,1.19812566544033,1.19812566544033,0.0,71.90370070651562,0.0,24.05754648152022,4183.9
R1821,61.0,0,0,1,1,923.8,371.6,216.5,1511.9,43.717993665264714,5.036157331299087,5.036157331299087,6.963842668700913,37.09028911826258,550.9496104851496,26.255814560695896,1511.9
R1822,66.0,0,1,1,1,342.0,631.6,331.4,1305.0,46.407770450523216,1.6809276408508518,1.6809276408508518,10.319072359149148,346.82060131850335,616.2280485094748,13.949270930925632,1305.1
R1823,70.0,0,2,1,1,1978.9,337.9,0.0,2316.8,115.25741507726896,25.45903067727614,12.0,0.0,337.87237618586784,0.0,8.560330425449871,1725.2
R1824,59.0,1,0,1,1,1838.5,193.5,3262.0,5294.0,10.148917863498522,10.148917863498522,10.148917863498522,0.0,193.53343512905977,0.0,23.496446777474944,5294.1
R1825,62.0,1,2,1,0,234.6,33.1,4876.7,5144.4,1.0275503358776972,1.0275503358776972,1.0275503358776972,0.0,33.06531569928988,0.0,25.055402788125896,5144.3
R1826,72.0,0,3,1,0,207.5,31.9,930.9,1170.3,1.481384400327927,1.481384400327927,1.481384400327927,0.0,31.899865196715897,0.0,22.674723232352168,1170.3
R1827,54.0,1,0,0,1,2006.1,227.4,298.8,2532.3,45.24924913980877,45.24924913980877,12.0,0.0,526.2348503536128,0.0,10.249234563826993,2331.9
R1828,59.0,1,2,1,0,1259.5,391.8,0.0,1651.3,13.964578395863207,13.964578395863207,12.0,0.0,391.75245010756976,0.0,6.64057467675107,951.5
R1829,48.0,1,1,0,1,2107.5,198.3,0.0,2305.8,106.13091935559007,13.368487642985246,12.0,0.0,198.3367417103811,0.0,19.309364645658313,2305.8
R1830,71.0,1,0,1,0,345.8,855.7,1125.9,2327.4,16.74778121704446,2.523620915887406,2.523620915887406,9.476379084112594,246.27640039868862,1735.3020812803554,9.59809671286618,2119.0
R1831,63.0,1,2,1,0,880.9,338.1,0.0,1219.0,91.51334293877362,24.581035439816915,12.0,0.0,338.1090518491272,0.0,13.072636369898088,1219.1
R1832,71.0,0,1,1,0,453.2,112.4,310.3,875.9,5.25150433132825,5.25150433132825,5.25150433132825,0.0,112.36852329423702,0.0,17.43373499012703,875.9
R1833,88.0,1,6,1,0,1161.1,822.9,441.4,2425.4,25.959128086494296,14.731933371979054,12.0,0.0,1264.2774384203387,0.0,12.021705098807217,2425.4
R1834,52.0,1,2,0,0,1424.8,167.9,0.0,1592.7,50.72462652716275,40.71675598721827,12.0,0.0,167.94611773357303,0.0,28.3876556777454,1592.7
R1835,58.0,1,0,1,1,181.3,270.9,229.6,681.8,2.5883848941011567,0.33257985244758465,0.33257985244758465,2.255805041653572,5.989233004834742,264.9355631080484,13.713821709721785,681.8
R1836,67.0,1,1,1,0,238.1,1249.2,0.0,1487.3,26.947349555188755,1.2766765300595402,1.2766765300595402,10.72332346994046,22.396026843302124,1226.825896027347,19.463046741885588,1487.4
R1837,64.0,0,1,0,0,1393.9,219.3,0.0,1613.2,26.969486375478898,26.969486375478898,12.0,0.0,219.3280067021405,0.0,29.35173036800498,1613.2
R1838,62.0,1,1,1,1,1805.1,369.6,0.0,2174.7,46.98190824646673,46.98190824646673,12.0,0.0,369.6413171233969,0.0,22.10142521507822,2174.8
R1839,73.0,1,2,1,0,235.7,1735.9,592.2,2563.8,47.201526859830324,1.6740927534084133,1.6740927534084133,10.325907246591587,42.10687894889599,2285.9988473418825,15.258345145739126,2563.8
R1840,64.0,1,5,0,0,239.2,1862.5,3546.6,5648.3,8.396323001337159,1.6821450236678173,1.6821450236678173,6.714177977669341,463.1924385075916,3159.674068438184,24.073064714137796,5648.3
R1841,51.0,1,0,1,1,2254.4,215.8,0.0,2470.2,19.833344167698964,19.833344167698964,12.0,0.0,215.77107257717833,0.0,10.645034983169545,2258.0
R1842,69.0,0,2,1,0,1423.9,392.8,531.8,2348.5,51.53753994613372,31.19961112615875,12.0,0.0,392.84344312495784,0.0,8.495453799907299,1877.8
R1843,55.0,0,2,0,0,1346.6,254.6,0.0,1601.2,24.49704484502719,24.49704484502719,12.0,0.0,254.6064980892446,0.0,6.930698391059425,932.6
R1844,57.0,0,0,1,1,2132.4,115.0,20.8,2268.2,34.46425379207803,34.46425379207803,12.0,0.0,135.84638353211255,0.0,22.027410375454117,2268.2
R1845,84.0,1,2,1,0,341.4,1314.6,790.9,2446.9,9.577197109438456,2.318940085248149,2.318940085248149,7.258257024190307,527.7238537508157,1253.1996742437993,21.791713885882633,2447.0
R1846,78.0,1,1,1,0,566.1,478.6,288.9,1333.6,26.17290862347669,5.151749287683263,5.151749287683263,6.848250712316737,49.49462430288299,718.0305392338944,22.1030195711934,1333.6
R1847,58.0,1,2,0,1,2249.6,242.1,0.0,2491.7,29.389509513770157,29.389509513770157,12.0,0.0,242.09509271128854,0.0,22.16151708979523,2491.7
R1848,76.0,1,1,1,0,1081.5,630.2,129.5,1841.2,15.345107376006306,9.3068098185132,9.3068098185132,2.6931901814868002,218.25797305134208,411.90752291739653,19.986659192794818,1841.1
R1849,69.0,0,2,1,0,470.7,2094.3,253.2,2818.2,24.233212056035402,3.598524328609467,3.598524328609467,8.401475671390532,129.06625314609065,2218.391333548508,28.602137551532188,2818.2
R1850,48.0,1,0,1,1,303.7,1982.1,508.0,2793.8,32.13563515996988,1.1724387346180016,1.1724387346180016,10.827561265381998,32.372157209360324,2457.7614038974384,17.036110748273508,2793.8
R1851,47.0,1,0,1,0,1432.4,223.1,0.0,1655.5,30.438546917335398,30.438546917335398,12.0,0.0,223.14234489211827,0.0,8.959805553469902,1240.9
R1852,68.0,0,2,0,0,1406.3,278.7,476.3,2161.3,27.835011880831903,21.666189274498567,12.0,0.0,755.0205921285219,0.0,11.999862177938692,2161.3
R1853,56.0,1,0,1,1,378.8,987.4,144.4,1510.6,23.085324028679747,1.9696298182716698,1.9696298182716698,10.03037018172833,28.860399084997102,1102.9314226058148,15.800859501602755,1510.6
R1854,81.0,1,2,1,1,674.3,1234.2,421.2,2329.7,15.23269432327389,3.4038468512157865,3.4038468512157865,8.596153148784214,326.58777687728764,1328.8449110129295,20.695687841125654,2329.7
R1855,62.0,1,0,1,0,1030.6,102.9,0.0,1133.5,140.00968528221597,19.49529305302349,12.0,0.0,102.86071513314465,0.0,14.585670905865454,1133.5
R1856,66.0,1,1,0,1,1654.1,865.9,0.0,2520.0,192.99299466313198,8.944187476696127,8.944187476696127,3.0558125233038727,268.2199749382212,597.640958019793,16.45703778636308,2520.0
R1857,59.0,1,0,1,0,1207.1,236.4,0.0,1443.5,22.19885035995106,14.876556132128261,12.0,0.0,236.39378221332763,0.0,13.046001564222504,1443.5
R1858,63.0,1,1,0,0,1431.2,615.6,0.0,2046.8,78.78636198187543,26.696930757841724,12.0,0.0,615.5612213837567,0.0,23.465602579578974,2046.8
R1859,67.0,1,0,0,0,98.9,644.3,428.1,1171.3,8.788146546638577,0.6034064375723468,0.6034064375723468,8.184740109066231,7.20226890582929,1065.2636792546737,26.283219720738792,1171.4
R1860,70.0,0,1,1,0,925.7,1054.2,0.0,1979.9,39.517450092290204,8.757791249295252,8.757791249295252,3.242208750704748,308.747893970913,745.4419194585928,14.130806713543752,1979.9
R1861,54.0,1,2,1,1,848.9,1379.3,274.2,2502.4,89.23289258848881,4.8268231617732225,4.8268231617732225,7.1731768382267775,403.1854112319496,1250.319376370128,25.208407609526073,2502.4
R1862,69.0,1,4,0,1,2216.8,314.7,425.7,2957.2,23.896672662716036,18.675883598164656,12.0,0.0,418.0896245029691,0.0,10.730034246194156,2739.1
R1863,61.0,1,1,1,0,1205.7,115.9,0.0,1321.6,57.86519942340793,17.424012009814874,12.0,0.0,115.8712404785847,0.0,29.398252206300565,1321.6
R1864,67.0,0,1,1,1,371.4,44.0,417.4,832.8,1.6525850128624633,1.6525850128624633,1.6525850128624633,0.0,44.02982815497892,0.0,14.547668646169633,832.8
R1865,80.0,1,1,0,1,509.3,821.7,643.5,1974.5,46.65194547182482,2.33345194016634,2.33345194016634,9.66654805983366,672.8585495176959,792.3670803868748,21.873734213665973,1974.6
R1866,53.0,1,2,1,0,447.3,41.0,464.0,952.3,3.380718716706108,3.3221654292228133,3.3221654292228133,0.0585532874832948,36.78309019735737,4.228065086256134,20.45305415426187,952.3
R1867,56.0,0,1,1,0,108.3,823.7,398.5,1330.5,27.906885804152896,0.6507133390094009,0.6507133390094009,11.349286660990598,7.178327886761606,1215.0511473354022,7.971682151622924,642.2
R1868,56.0,1,2,0,1,1270.2,1069.3,537.4,2876.9,9.438383081996596,6.3245443101879335,6.3245443101879335,3.1138387718086626,253.94272338006775,815.3913090820806,20.060018219245677,2876.9
R1869,65.0,1,0,1,0,947.2,96.7,2354.1,3398.0,7.9107088796770695,7.9107088796770695,7.9107088796770695,0.0,96.67378194685458,0.0,7.118992137340525,1034.2
R1870,67.0,1,1,1,0,877.9,95.9,3965.4,4939.2,7.221994245629005,7.221994245629005,7.221994245629005,0.0,95.90922762803721,0.0,17.653921868832256,4939.2
R1871,63.0,1,1,1,1,1725.8,205.1,0.0,1930.9,43.6440231032991,13.506145940102039,12.0,0.0,205.13048663488615,0.0,18.892519161728664,1930.9
R1872,55.0,1,0,1,1,517.8,1941.8,99.2,2558.8,13.259445999301072,2.868474238342394,2.868474238342394,9.131525761657606,89.23065986232085,1951.7076987200985,28.847942665776287,2558.7
R1873,70.0,1,1,1,1,373.4,1026.7,66.1,1466.2,13.485133908533335,1.7872650033465147,1.7872650033465147,10.212734996653484,92.97047651052092,999.8293353932518,10.37120988931164,1306.8
R1874,68.0,1,1,1,1,1984.3,248.3,1470.4,3703.0,17.076568865157075,17.076568865157075,12.0,0.0,1718.7197562029248,0.0,7.166271244742677,2941.6
R1875,67.0,0,1,0,0,837.5,1276.1,4331.2,6444.8,28.68123571205909,6.189340438247929,6.189340438247929,5.810659561752071,3059.8138560356438,2547.4230145955453,21.047804371079867,6444.8
R1876,64.0,1,3,1,0,419.7,2131.6,7673.6,10224.9,23.35432835552741,3.290672588853247,3.290672588853247,8.709327411146752,116.72989146640693,9242.129921558084,13.438981977260624,10224.9
R1877,57.0,0,1,1,0,1127.7,166.2,1293.6,2587.5,9.113933366631777,9.113933366631777,9.113933366631777,0.0,166.17721815453612,0.0,19.20664055006639,2587.4
R1878,74.0,1,1,1,1,2104.8,102.2,0.0,2207.0,14.581289012842763,14.581289012842763,12.0,0.0,102.16565794372998,0.0,12.132139932529356,2207.0
R1879,56.0,1,4,0,1,2190.9,491.4,816.9,3499.2,19.131245135514465,19.131245135514465,12.0,0.0,777.2635492723616,0.0,22.568512235476394,3499.1
R1880,62.0,1,1,0,0,563.6,1509.6,846.2,2919.4,81.0446331825481,4.946657129964347,4.946657129964347,7.053342870035653,146.57774334512897,1586.7172564965529,9.01970046454531,2343.5
R1881,48.0,1,2,1,1,2276.4,202.0,0.0,2478.4,20.092607933864176,12.565978245498071,12.0,0.0,201.96038507110308,0.0,18.28528620925797,2478.3
R1882,68.0,1,0,0,1,2279.0,275.7,0.0,2554.7,14.802175659000332,14.802175659000332,12.0,0.0,275.69169973353684,0.0,24.51701000687607,2554.7
R1883,64.0,1,2,0,0,1212.2,587.7,0.0,1799.9,202.67466836536505,13.713257653405446,12.0,0.0,587.7138857907804,0.0,27.413934092718094,1799.9
R1884,66.0,0,2,0,0,1401.1,298.1,0.0,1699.2,50.45513951675751,19.76577750962016,12.0,0.0,298.050359979844,0.0,13.868447408678652,1699.1
R1885,68.0,1,4,0,0,801.5,1658.7,175.9,2636.1,15.860432438537465,6.536646086442671,6.536646086442671,5.463353913557329,433.0584284604977,1401.561075765067,19.168831615513234,2636.1
R1886,72.0,1,0,0,1,2190.0,284.4,0.0,2474.4,103.11550216409296,19.245415782790072,12.0,0.0,284.3985996773881,0.0,28.875227642043416,2474.4
R1887,66.0,0,0,0,0,351.1,923.6,265.5,1540.2,12.370193717947805,2.1671918836635102,2.1671918836635102,9.83280811633649,30.193287735775822,1158.8735369427338,9.322691972051077,1296.9
R1888,62.0,1,1,0,1,1829.9,123.3,1477.6,3430.8,81.38967534919001,81.38967534919001,12.0,0.0,1600.9222278450961,0.0,25.925140599582647,3430.8
R1889,72.0,0,4,1,0,407.5,1533.9,260.0,2201.4,13.354135810930721,3.0775952578031567,3.0775952578031567,8.922404742196843,337.0146147272772,1456.81179838242,23.585748257837643,2201.3
R1890,61.0,1,0,1,1,1898.0,326.5,0.0,2224.5,144.60805371504523,82.22548279955556,12.0,0.0,326.5495560399767,0.0,29.184804691638377,2224.5
R1891,76.0,1,1,1,1,699.9,52.0,4435.6,5187.5,3.3486489094465712,3.3486489094465712,3.3486489094465712,0.0,52.030875549464305,0.0,17.725139741233665,5187.5
R1892,71.0,0,2,1,0,504.2,181.0,1019.3,1704.5,4.4113556527024755,4.4113556527024755,4.4113556527024755,0.0,180.98310703095956,0.0,16.92645099974933,1704.5
R1893,53.0,1,0,1,1,2134.7,141.5,0.0,2276.2,12.291472700704027,12.291472700704027,12.0,0.0,141.53860992351056,0.0,19.088039916864314,2276.3
R1894,59.0,1,0,0,0,1297.1,151.7,0.0,1448.8,33.51129054691062,25.084470760886028,12.0,0.0,151.7408617760349,0.0,14.668601609392724,1448.8
R1895,50.0,0,0,1,1,646.5,575.5,228.3,1450.3,132.81834105108533,3.3406082195341584,3.3406082195341584,8.659391780465842,126.86344381842513,543.3733456757028,7.3995126265989555,1066.9
R1896,67.0,1,2,1,0,909.3,2108.1,761.5,3778.9,30.446629910129836,7.3315570180118055,7.3315570180118055,4.6684429819881945,409.1274914286684,1872.0467610568305,19.646239290649756,3778.9
R1897,52.0,1,1,1,1,778.8,1412.9,544.5,2736.2,54.21646945649757,4.2256097221936555,4.2256097221936555,7.7743902778063445,108.69357020649082,1848.6865342952697,15.356474935101502,2736.2
R1898,51.0,0,1,1,1,2271.2,421.6,950.4,3643.2,57.6171948399242,33.09524247285184,12.0,0.0,1371.9412233295598,0.0,18.127720394697292,3643.2
R1899,57.0,0,0,1,1,2218.3,490.4,200.9,2909.6,15.695975509727727,15.695975509727727,12.0,0.0,691.3162151201338,0.0,22.78923395176008,2909.6
R1900,78.0,1,2,1,0,237.3,72.5,401.1,710.9,3.534704671631871,1.6374370059580954,1.6374370059580954,1.8972676656737757,8.474175576298673,64.03610160395743,15.451636166161897,710.9
R1901,65.0,1,1,1,0,765.1,940.1,1774.6,3479.8,40.92025989497927,6.339401786477842,6.339401786477842,5.660598213522158,137.77779971396657,2576.904249913049,9.890847512210796,1607.8
R1902,46.0,1,0,1,1,1901.0,375.2,688.7,2964.9,94.5448018065038,10.376728012707527,10.376728012707527,1.6232719872924726,221.59255415027837,842.2564088418205,25.938237739777012,2964.8
R1903,64.0,1,0,1,0,556.1,56.6,154.9,767.6,4.274561082247953,4.274561082247953,4.274561082247953,0.0,56.60667191127099,0.0,28.6609892554113,767.6
R1904,56.0,1,0,1,0,1334.3,204.0,0.0,1538.3,13.577215294508624,13.577215294508624,12.0,0.0,203.99025817098288,0.0,11.634823743544953,1532.1
R1905,58.0,1,1,0,0,824.1,931.1,1306.8,3062.0,110.5549205331153,6.88472801162398,6.88472801162398,5.11527198837602,159.2845903705008,1236.7875150671568,20.659768792031883,3062.0
R1906,58.0,1,0,0,1,2210.6,340.5,0.0,2551.1,133.25543564772607,133.25543564772607,12.0,0.0,340.49129742027355,0.0,15.05654286305968,2551.0
R1907,71.0,1,3,1,0,1130.1,760.3,0.0,1890.4,18.67980417331112,9.063463703711458,9.063463703711458,2.9365362962885424,244.24528659034732,516.0963503171099,22.84520332440663,1890.4
R1908,66.0,1,1,0,1,2026.1,203.7,0.0,2229.8,37.877152181971965,10.40038834582567,10.40038834582567,1.5996116541743302,101.71208726488881,102.02368207802105,7.312152783122406,1545.0
R1909,67.0,1,1,1,0,236.9,1211.6,2391.9,3840.4,10.238233233809513,1.138081361386972,1.138081361386972,9.100151872422542,22.795841154558563,1188.7605235424874,28.065682897578498,3840.4
R1910,75.0,0,1,0,0,114.9,11.8,1176.0,1302.7,0.8255850868556536,0.8255850868556536,0.8255850868556536,0.0,11.827348671821886,0.0,26.510600358434182,1302.7
R1911,64.0,1,0,1,1,1471.6,406.6,1057.1,2935.3,14.531133928723904,7.754318042387301,7.754318042387301,4.245681957612699,88.96369363641847,544.8010126199034,9.328994952111533,2735.5
R1912,58.0,1,0,0,0,1418.9,447.1,0.0,1866.0,51.072319305352025,14.14018384169479,12.0,0.0,447.14688958500136,0.0,21.38536408749274,1866.1
R1913,61.0,1,1,0,0,1378.9,268.5,0.0,1647.4,13.851383981956511,12.170005901049276,12.0,0.0,268.5266855161791,0.0,13.934457375524968,1647.4
R1914,65.0,1,3,1,0,312.9,2644.4,0.0,2957.3,19.72038719042844,2.1847171317466056,2.1847171317466056,9.815282868253394,87.27394319641343,2557.1466051887537,11.040690550393595,2707.4
R1915,67.0,1,3,1,0,681.6,190.2,0.0,871.8,7.942180139633618,7.942180139633618,7.942180139633618,0.0,190.18356245547827,0.0,26.339693107744363,871.8
R1916,66.0,1,0,1,1,165.4,16.2,219.2,400.8,0.9472898308789892,0.9472898308789892,0.9472898308789892,0.0,16.233591966143415,0.0,24.07198177546487,400.8
R1917,48.0,1,0,1,0,1301.7,365.4,0.0,1667.1,211.94224644412716,24.003474388927568,12.0,0.0,365.3732697071843,0.0,19.85225355903934,1667.1
R1918,73.0,1,3,1,0,1157.1,123.3,1101.3,2381.7,9.638712264524935,9.638712264524935,9.638712264524935,0.0,513.6055542142376,0.0,20.890410130108293,2381.7
R1919,59.0,0,1,1,1,1406.1,872.1,421.0,2699.2,63.974698109279835,7.544270687873079,7.544270687873079,4.455729312126921,179.7542027992053,1113.3693045499501,26.873283351346632,2699.2
R1920,76.0,1,5,0,0,818.5,1868.9,1107.7,3795.1,117.29502104899437,6.10679021402878,6.10679021402878,5.89320978597122,911.0613603683727,2065.4851813032597,14.193312282121,3795.1
R1921,71.0,1,1,1,0,110.6,2806.0,771.5,3688.1,48.19372803016656,0.2550492971440156,0.2550492971440156,11.744950702855984,538.2149445320932,3039.2366568070856,17.832015767222114,3688.1
R1922,51.0,1,0,1,1,2257.5,182.5,619.1,3059.1,49.07943762039366,23.390800612348123,12.0,0.0,182.46196343902767,0.0,11.505081534841075,3051.6
R1923,87.0,0,3,1,0,1156.5,427.0,0.0,1583.5,18.649259453809815,18.649259453809815,12.0,0.0,427.03612884771894,0.0,16.874458396569466,1583.5
R1924,59.0,0,3,0,0,1375.2,505.4,0.0,1880.6,16.593013356011024,16.593013356011024,12.0,0.0,505.35550781560346,0.0,10.10213685980678,1686.1
R1925,72.0,1,2,1,0,588.4,1104.3,616.2,2308.9,17.820269009687614,4.625234014191586,4.625234014191586,7.374765985808414,264.7376021814946,1455.8314078750277,14.294594752931678,2308.9
R1926,63.0,1,1,0,0,246.1,1082.0,1213.4,2541.5,9.94357729855537,2.5461133213212475,2.5461133213212475,7.397463977234123,54.23948274338523,1843.7180787857428,21.436846452506252,2541.5
R1927,48.0,1,0,0,0,233.4,9.0,0.0,242.4,1.1105061311681288,1.1105061311681288,1.1105061311681288,0.0,8.959881830851758,0.0,12.640482700473392,242.4
R1928,65.0,1,0,1,0,1393.6,99.0,0.0,1492.6,33.81439582948799,33.81439582948799,12.0,0.0,99.00242864295323,0.0,21.668692344836316,1492.6
R1929,49.0,1,1,0,0,1432.9,142.0,0.0,1574.9,99.59664083769232,21.472684406072595,12.0,0.0,142.00368952190848,0.0,25.13102968052733,1575.0
R1930,62.0,0,4,0,0,1204.2,325.9,0.0,1530.1,33.46135428818685,33.11487450316028,12.0,0.0,325.8649007473012,0.0,21.109979461146267,1530.1
R1931,53.0,1,0,1,1,1885.9,528.5,949.2,3363.6,63.89734402863961,9.067869395722754,9.067869395722754,2.932130604277246,1119.1767736956735,358.52797304953776,17.2628769527964,3363.6
R1932,61.0,1,0,1,1,887.1,1281.1,0.0,2168.2,42.32882437293263,4.15157337774243,4.15157337774243,7.84842662225757,96.11051496909869,1184.9614210588431,15.377642292307273,2168.1
R1933,72.0,1,0,0,1,874.8,518.7,985.9,2379.4,9.129392234511208,4.579080671688818,4.579080671688818,4.55031156282239,69.33374225136058,449.335678377209,7.7368869406382945,1256.0
R1934,60.0,1,1,1,1,1117.6,241.5,348.4,1707.5,10.205498319074733,8.347000202085638,8.347000202085638,1.8584981169890948,98.50635975750903,143.04062356831483,24.389650698515105,1707.5
R1935,71.0,1,1,1,0,326.0,1503.8,825.2,2655.0,18.416471753206316,2.8314326228105178,2.8314326228105178,9.168567377189483,67.99109110871309,2261.0111367112763,28.930933944173006,2655.0
R1936,69.0,1,1,1,0,238.7,44.3,0.0,283.0,1.152639216128662,1.152639216128662,1.152639216128662,0.0,44.338922623213186,0.0,11.789488930451617,283.0
R1937,64.0,1,0,1,0,1299.9,85.8,107.8,1493.5,36.369182903004834,32.06369448008425,12.0,0.0,85.8408586634964,0.0,22.71164961774464,1493.6
R1938,61.0,0,0,1,1,2113.3,250.4,0.0,2363.7,227.73443052051562,38.12578487224078,12.0,0.0,250.40443800997377,0.0,20.46639481829328,2363.7
R1939,58.0,1,1,1,1,2222.5,138.5,0.0,2361.0,19.026726777576272,19.026726777576272,12.0,0.0,138.4647833707691,0.0,25.505803131174268,2360.9
R1940,51.0,1,0,1,1,365.3,1202.2,165.6,1733.1,32.507903318941885,1.258510412477841,1.258510412477841,10.741489587522159,21.215934070631903,1346.5620188651187,22.392031413156516,1733.1
R1941,61.0,1,1,0,0,230.7,28.9,211.8,471.4,1.6640183024211965,1.6640183024211965,1.6640183024211965,0.0,28.85857154832046,0.0,10.705801597027454,471.4
R1942,63.0,0,2,1,0,571.9,621.5,4878.3,6071.7,22.271508498604256,4.2544191829750675,4.2544191829750675,7.7455808170249325,851.0762712874674,4648.655612998325,9.238026581190503,5867.3
R1943,86.0,0,1,1,0,930.4,437.7,121.5,1489.6,17.181460827448547,7.377054454437674,7.377054454437674,4.622945545562326,207.54448720461443,351.6962151508981,14.083484499262624,1489.6
R1944,66.0,1,1,0,0,1362.9,363.4,614.2,2340.5,14.43704766370471,14.43704766370471,12.0,0.0,977.5758703065155,0.0,10.467080387237122,2180.4
R1945,52.0,1,2,0,0,1415.8,130.5,0.0,1546.3,139.68173077365714,21.463036465474687,12.0,0.0,130.4955292138937,0.0,20.45702983254441,1546.3
R1946,75.0,1,2,1,0,1301.5,244.8,1195.9,2742.2,10.836444621063228,10.836444621063228,10.836444621063228,0.0,244.82832595933917,0.0,8.108772605449236,1248.1
R1947,56.0,1,0,0,1,2204.8,283.9,1276.0,3764.7,65.36211936676048,20.761132230380653,12.0,0.0,283.90449702465736,0.0,22.206781955984123,3764.7
R1948,56.0,1,0,1,0,514.5,2126.7,269.1,2910.3,53.2299182089082,4.1141221675675625,4.1141221675675625,7.8858778324324375,157.52425960727584,2073.447204793266,24.848158037412553,2910.2
R1949,85.0,1,2,1,1,1102.4,106.2,167.6,1376.2,5.230723472777019,5.230723472777019,5.230723472777019,0.0,273.7885401855271,0.0,6.992327695830045,1376.2
R1950,66.0,1,2,1,0,872.1,119.5,3240.6,4232.2,7.249544617326872,7.249544617326872,7.249544617326872,0.0,119.50687595836789,0.0,27.29312519678768,4232.2
R1951,71.0,1,1,1,0,217.1,28.8,0.0,245.9,1.2842630967161328,1.2842630967161328,1.2842630967161328,0.0,28.819293135197924,0.0,25.687363092306605,245.9
R1952,51.0,1,0,0,1,748.4,504.7,741.5,1994.6,76.94443140218327,3.6669528932279043,3.6669528932279043,8.333047106772096,31.902113562740077,1214.2852829109781,7.024163073130918,1387.2
R1953,59.0,1,0,0,1,1623.9,181.7,535.2,2340.8,181.5850195325032,58.92512888396845,12.0,0.0,181.703362243732,0.0,19.14268783427714,2340.8
R1954,44.0,1,0,1,0,1060.0,359.6,0.0,1419.6,36.93296163307684,8.023449220796387,8.023449220796387,3.976550779203613,84.96046490678107,274.61593075170094,6.664770188599187,895.0
R1955,54.0,1,1,0,0,1261.8,168.6,0.0,1430.4,13.146271415802723,13.146271415802723,12.0,0.0,168.5648334494502,0.0,17.444383772401416,1430.4
R1956,54.0,0,3,0,1,169.2,1153.4,839.4,2162.0,30.54509688799089,0.6828570205254083,0.6828570205254083,11.317142979474593,10.573627636933232,1982.305153028136,7.945695759005894,1535.7
R1957,68.0,1,2,1,0,480.5,793.0,0.0,1273.5,57.31812202490136,4.979389354622968,4.979389354622968,7.020610645377032,77.77844102360086,715.1900417932676,19.821005239524034,1273.5
R1958,75.0,1,3,1,0,436.0,1659.9,3636.5,5732.4,12.182079547114316,3.338643889462819,3.338643889462819,8.66135611053718,1177.2365419232817,4119.184986935943,7.850200908254645,2073.3
R1959,48.0,1,1,0,1,905.6,694.0,1417.1,3016.7,81.70413790192566,4.801251661562564,4.801251661562564,7.198748338437436,64.38380530958717,1975.7386368204684,8.140350328162617,2679.1
R1960,64.0,1,0,1,1,1825.1,135.9,965.3,2926.3,9.121759725018661,9.121759725018661,9.121759725018661,0.0,1101.1324263256552,0.0,29.298372269068743,2926.3
R1961,46.0,0,0,1,1,2224.2,128.7,0.0,2352.9,99.93912263332402,66.24417587936607,12.0,0.0,128.7141653560492,0.0,25.40743619454843,2352.9
R1962,57.0,1,1,1,0,184.8,822.6,2606.0,3613.4,5.895655647465015,1.4123428576165376,1.4123428576165376,4.483312789848477,37.90230638550306,784.6716511403656,22.14349577526654,3613.4
R1963,67.0,0,1,0,1,1043.7,1040.5,1965.4,4049.6,88.76421940850666,5.853730672700897,5.853730672700897,6.146269327299103,132.58111012855926,2873.3194022669404,24.89648201768907,4049.6
R1964,66.0,1,0,0,1,2170.3,232.0,592.9,2995.2,143.39885786057792,143.39885786057792,12.0,0.0,824.9100295058829,0.0,11.131364655220992,2385.5
R1965,67.0,1,1,1,0,1343.1,499.4,1212.3,3054.8,53.9982520200139,20.394092204117076,12.0,0.0,1711.6497238706818,0.0,8.484717293429842,2572.7
R1966,62.0,1,3,0,1,1998.8,135.5,0.0,2134.3,140.37447087795292,140.37447087795292,12.0,0.0,135.46201225547827,0.0,13.729963320529913,2134.2
R1967,57.0,1,0,1,0,991.7,505.5,0.0,1497.2,71.12737507210626,8.095444751368026,8.095444751368026,3.904555248631974,121.94641091582959,383.58649195581194,24.263637524114845,1497.2
R1968,68.0,0,0,1,1,860.6,2538.4,356.4,3755.4,46.08878580252923,4.737602054047041,4.737602054047041,7.262397945952959,230.81950548773003,2663.958966129275,24.130262719110195,3755.4
R1969,64.0,1,0,1,1,1466.2,160.9,6982.2,8609.3,80.7703308651909,10.029203035754719,10.029203035754719,1.970796964245281,70.5240566443446,3727.371939320059,23.222380692336593,8609.3
R1970,57.0,1,0,0,0,1047.8,251.4,101.1,1400.3,21.013353575235193,8.445698156623632,8.445698156623632,3.5543018433763685,168.23216786587722,184.24785062548085,16.00770746440206,1400.3
R1971,61.0,1,1,0,1,1817.7,422.5,5591.2,7831.4,97.95619086271851,9.653335058764592,9.653335058764592,2.3466649412354084,163.4053057435405,5850.218488952291,18.20856761809118,7831.3
R1972,56.0,0,1,0,1,741.4,1470.4,329.5,2541.3,112.38880836281471,3.543810709725899,3.543810709725899,8.4561892902741,88.77956218606028,1711.056355931947,23.76003843770311,2541.3
R1973,63.0,0,0,0,1,552.1,1842.9,1108.3,3503.3,96.82366573154857,2.6991787382197057,2.6991787382197057,9.300821261780294,78.51367072605564,2872.7262055139277,20.10056754909774,3503.3
R1974,54.0,0,1,0,0,1183.1,203.7,0.0,1386.8,28.993957170096824,9.377298777056994,9.377298777056994,2.6227012229430056,72.12665462667356,131.5619425771398,11.311417696385986,1352.2
R1975,67.0,1,2,1,1,1885.9,314.8,208.1,2408.8,53.85477793506159,21.371940682364894,12.0,0.0,522.9186191690327,0.0,17.282952386758918,2408.9
R1976,64.0,1,0,0,1,2241.2,286.6,1478.0,4005.8,25.615069660730082,21.082941493400455,12.0,0.0,1764.5990053649361,0.0,28.43623271732039,4005.8
R1977,65.0,1,2,1,0,807.5,1133.1,0.0,1940.6,29.79679536130309,6.428727843909974,6.428727843909974,5.571272156090026,170.33597693336876,962.7181118243024,29.065697656257672,1940.5
R1978,54.0,0,0,0,0,359.9,644.6,287.5,1292.0,30.843454752153526,2.752230540575788,2.752230540575788,9.247769459424212,28.129989326700965,903.9592070541214,7.858994090751618,728.4
R1979,61.0,0,2,1,0,1113.2,598.3,49.2,1760.7,39.18341356100195,21.97034811359942,12.0,0.0,647.4763611957119,0.0,8.872343421779643,1326.5
R1980,76.0,1,1,1,1,2128.6,178.6,0.0,2307.2,32.93068430799686,32.93068430799686,12.0,0.0,178.59791447827394,0.0,7.392353610654426,1529.1
R1981,62.0,0,0,1,0,1418.8,200.2,0.0,1619.0,13.204286913782678,13.204286913782678,12.0,0.0,200.16176362389191,0.0,18.12773992868581,1619.0
R1982,59.0,0,1,1,1,326.0,44.3,0.0,370.3,1.5074358807952288,1.5074358807952288,1.5074358807952288,0.0,44.25786130817396,0.0,27.55570161242531,370.2
R1983,56.0,1,1,1,1,379.4,1797.2,629.8,2806.4,48.05460826444082,1.2084879591195385,1.2084879591195385,10.79151204088046,30.33893965228104,2396.697361055332,18.35828608021689,2806.4
R1984,62.0,1,1,0,0,1434.2,402.2,0.0,1836.4,46.01658438600338,35.63441335270393,12.0,0.0,402.1806091758561,0.0,13.984073266322518,1836.4
R1985,76.0,0,2,0,0,333.7,846.4,2535.8,3715.9,38.7180660930957,2.780951380053236,2.780951380053236,9.219048619946765,37.41646162703672,3344.731992452891,27.14661106672815,3715.8
R1986,52.0,1,1,1,1,2111.8,99.7,0.0,2211.5,54.65541570241738,36.28321136209539,12.0,0.0,99.7393900034327,0.0,11.79488452311454,2209.9
R1987,79.0,1,0,1,0,113.3,1193.2,1513.6,2820.1,8.210137567617151,0.059832983399080136,0.059832983399080136,8.150304584218071,1.3415652482322113,1191.8137831194758,19.18859696241001,2820.0
R1988,52.0,0,1,0,0,433.2,1621.9,685.4,2740.5,66.87972377658471,3.8048633426158043,3.8048633426158043,8.195136657384197,107.78842944842675,2199.473601934239,27.251340275798043,2740.5
R1989,70.0,1,1,1,0,342.9,34.3,148.5,525.7,2.784600720557294,2.784600720557294,2.784600720557294,0.0,34.273889647073325,0.0,26.91782534291579,525.6
R1990,77.0,0,0,1,0,454.9,1505.4,0.0,1960.3,27.676865958915073,3.0490806791832927,3.0490806791832927,8.950919320816707,74.7252509007258,1430.6372593320255,9.172245982787913,1508.3
R1991,69.0,1,0,1,0,1242.7,340.7,1510.3,3093.7,34.17074916808837,34.17074916808837,12.0,0.0,340.65004371444195,0.0,13.321803662600963,3093.6
R1992,59.0,1,3,0,1,547.0,960.8,681.6,2189.4,56.99696904327699,2.235774836326208,2.235774836326208,9.764225163673792,32.58834405459133,1356.6343469175945,15.786589373637623,2189.4
R1993,62.0,0,1,1,1,1423.2,315.9,244.3,1983.4,7.815297995065715,7.815297995065715,7.815297995065715,0.0,315.890865927824,0.0,24.54068293844663,1983.3
R1994,62.0,1,1,1,0,1220.0,91.0,0.0,1311.0,24.260768042072886,18.75598976997421,12.0,0.0,91.0397725210569,0.0,22.480433321072113,1311.0
R1995,66.0,0,0,0,0,697.9,382.9,0.0,1080.8,54.39902334006122,5.583523613888315,5.583523613888315,6.416476386111685,45.0771058148034,337.83737227467645,18.881528217710052,1080.8
R1996,59.0,1,4,0,0,1402.6,285.1,708.7,2396.4,30.089031750782866,12.95281615277244,12.0,0.0,285.1323715425408,0.0,15.044611050365555,2396.4
R1997,67.0,0,1,1,1,2159.1,190.9,429.8,2779.8,47.108777805391796,29.826791257224084,12.0,0.0,190.8649671411158,0.0,12.885856950269037,2779.8
R1998,79.0,1,3,1,0,1275.6,241.1,431.4,1948.1,26.035459797847956,25.86151104398437,12.0,0.0,672.4249591116486,0.0,19.979339459015154,1948.0
R1999,69.0,1,0,0,0,1300.3,358.5,0.0,1658.8,98.70231654069663,61.128542861148176,12.0,0.0,358.5431952914677,0.0,25.291629122724185,1658.9
R2000,45.0,1,0,0,1,2265.5,453.7,459.1,3178.3,109.11110087488214,26.894954661327535,12.0,0.0,453.6753311374226,0.0,14.430745451241558,3178.3
R2001,64.0,1,2,1,0,1238.8,457.6,0.0,1696.4,22.141977795562184,10.108850255641942,10.108850255641942,1.8911497443580583,206.11589104683702,251.47745365855977,12.820141946488782,1696.4
R2002,64.0,0,2,0,0,1372.1,189.6,0.0,1561.7,89.10580718217875,27.68878155501011,12.0,0.0,189.59805254920238,0.0,6.235235264114866,898.9
R2003,59.0,1,0,1,0,865.2,1474.7,1520.6,3860.5,18.84588748056231,7.12832984176747,7.12832984176747,4.87167015823253,270.23760799329796,2725.054564674646,8.649136005683593,1511.4
R2004,74.0,1,1,0,0,1173.2,539.1,2942.4,4654.7,98.5926188194033,9.523202025110201,9.523202025110201,2.4767979748897986,2774.3745948452834,339.15867459487066,9.150024713535226,3378.5
R2005,65.0,1,1,1,1,914.9,54.2,0.0,969.1,4.367428320950465,4.367428320950465,4.367428320950465,0.0,54.15729626643677,0.0,16.37292628547242,969.1
R2006,65.0,1,0,1,1,948.1,1379.9,0.0,2328.0,13.301488851373755,4.368866624691003,4.368866624691003,7.631133375308997,111.35774551926782,1268.5398377722777,24.62002824309629,2328.0
R2007,72.0,1,1,0,0,417.4,613.9,859.1,1890.4,41.27127801677609,3.634810118288383,3.634810118288383,8.365189881711617,38.34584653818399,1294.911479430798,15.705258021671412,1890.4
R2008,65.0,1,0,0,1,1361.3,187.6,1130.5,2679.4,98.53431758723423,9.867575297511962,9.867575297511962,2.132424702488038,77.85524660947357,1240.2234756558526,9.505025757309644,1436.3
R2009,46.0,0,0,1,1,914.2,1491.3,324.8,2730.3,70.99719383159604,4.511782814659414,4.511782814659414,7.488217185340586,126.12201116125107,1690.0035319491421,10.030112877841983,2371.2
R2010,65.0,0,1,1,1,2215.3,240.0,369.8,2825.1,22.191153935039466,22.191153935039466,12.0,0.0,239.97880301406244,0.0,28.869237809665968,2825.1
R2011,64.0,1,2,0,1,1428.5,856.1,529.5,2814.1,94.6833342069096,7.391806245732588,7.391806245732588,4.608193754267412,168.9918373292342,1216.5447919412045,20.88442153874547,2814.0
R2012,74.0,1,1,1,0,944.0,1177.1,1276.0,3397.1,38.49377773465763,7.195386506807552,7.195386506807552,4.804613493192448,219.81678226948785,1440.3992559391813,13.115485023931932,3397.1
R2013,64.0,0,0,1,0,1325.4,302.3,0.0,1627.7,33.53183923578928,24.637787359457292,12.0,0.0,302.3141946855229,0.0,26.267185667462098,1627.8
R2014,69.0,1,1,0,0,107.2,788.9,191.8,1087.9,92.54219154702,0.36836539200752527,0.36836539200752527,11.631634607992474,3.8122934595462783,976.8441402301014,28.738667940938956,1087.9
R2015,55.0,1,0,1,1,2229.1,247.9,0.0,2477.0,19.967605629001895,19.967605629001895,12.0,0.0,247.8843686258474,0.0,19.12090490430768,2477.0
R2016,67.0,1,3,0,0,333.1,922.5,1095.3,2350.9,88.01684371622673,2.6459635001632025,2.6459635001632025,9.354036499836798,38.34862329664798,1979.433969040499,16.8730386902277,2350.9
R2017,57.0,1,0,0,1,1123.2,908.5,0.0,2031.7,142.531454370044,5.7948938346950785,5.7948938346950785,6.2051061653049215,113.80037647020883,794.713982680721,15.277462710606526,2031.7
R2018,62.0,0,1,0,0,346.7,22.7,299.6,669.0,2.6194422241860504,2.6194422241860504,2.6194422241860504,0.0,22.68332816170806,0.0,15.00212932952072,669.0
R2019,64.0,1,1,0,1,189.3,3594.7,1247.3,5031.3,32.994743650410925,0.1684910861036853,0.1684910861036853,11.831508913896315,7.832296285012991,4834.196628170789,26.739203025071642,5031.3
R2020,61.0,1,0,1,0,1142.4,174.8,0.0,1317.2,34.31711317781725,10.481746766494556,10.481746766494556,1.518253233505444,89.9123531029632,84.93630001364401,23.090805812654885,1317.3
R2021,49.0,1,0,1,0,336.0,852.8,953.0,2141.8,164.01464533439466,2.54183321884936,2.54183321884936,9.45816678115064,33.74987078519236,1772.0097329212153,27.878849757718424,2141.7
R2022,74.0,1,3,0,0,117.2,2.9,652.4,772.5,0.08358910300014719,0.08358910300014719,0.08358910300014719,0.0,2.9144686195404508,0.0,6.79406788484133,772.5
R2023,69.0,1,1,0,0,564.8,672.9,0.0,1237.7,47.33812199315466,4.195043799420253,4.195043799420253,7.804956200579747,51.231480257865016,621.6333388649921,9.161041797844835,1011.6
R2024,70.0,1,1,1,0,467.9,909.6,336.1,1713.6,34.78122408747826,3.065876507557982,3.065876507557982,8.934123492442017,163.5602361498271,1082.169362393962,18.593757470638504,1713.6
R2025,67.0,1,0,1,0,1253.2,93.2,133.3,1479.7,45.72528475836758,19.337339831078324,12.0,0.0,93.21007611546419,0.0,20.087841916564344,1479.8
R2026,58.0,1,1,1,0,105.4,10.7,365.2,481.3,0.49569030375825895,0.49569030375825895,0.49569030375825895,0.0,10.687032893755195,0.0,16.325225851035,481.2
R2027,52.0,1,3,0,0,932.3,830.1,4300.4,6062.8,45.406931785477504,7.608183140291822,7.608183140291822,4.391816859708178,174.2094332864889,4956.284731538935,18.421733159278205,6062.8
R2028,69.0,1,3,0,1,1762.4,200.0,370.8,2333.2,14.428777179275231,14.428777179275231,12.0,0.0,570.877215982809,0.0,27.632146506899616,2333.2
R2029,69.0,0,0,1,0,231.3,526.9,656.0,1414.2,15.574747029322358,1.5831263091998544,1.5831263091998544,10.416873690800145,11.998731790343754,1170.905315464408,19.50892048180844,1414.2
R2030,71.0,0,2,1,1,751.5,2566.0,2059.2,5376.7,42.22658139666056,3.082059164332992,3.082059164332992,8.917940835667007,129.1346144107429,2823.6108274204585,12.289696763446951,5376.7
R2031,64.0,0,2,1,0,1387.3,156.6,0.0,1543.9,23.180265456594476,19.093481439942042,12.0,0.0,156.62095625483894,0.0,17.99619868482347,1543.9
R2032,56.0,1,0,0,1,186.2,1155.8,261.9,1603.9,136.90026600314826,0.22529173811827466,0.22529173811827466,11.774708261881726,3.380902518042956,1414.2870841044837,13.144443653082092,1603.8
R2033,69.0,1,2,1,0,1259.3,295.3,0.0,1554.6,23.432713951683684,12.036316817628851,12.0,0.0,295.30383963414215,0.0,21.132009691979185,1554.6
R2034,68.0,1,6,1,0,111.2,29.5,1118.2,1258.9,0.8351666869958466,0.8351666869958466,0.8351666869958466,0.0,29.516290264770387,0.0,20.09689260857602,1258.9
R2035,63.0,0,1,1,1,741.9,92.6,607.5,1442.0,3.672474323949803,3.672474323949803,3.672474323949803,0.0,92.60234327701522,0.0,22.992676951493195,1442.0
R2036,61.0,1,1,1,0,114.7,437.5,624.2,1176.4,4.7052400908537955,0.26260443960646707,0.26260443960646707,4.442635651247328,3.929968961004571,900.9657135297485,29.3767200728207,1176.5
R2037,71.0,1,1,1,0,479.4,1360.4,0.0,1839.8,85.95019445369883,3.9260926598323693,3.9260926598323693,8.073907340167631,94.39304111998925,1265.979336297072,17.967397531340627,1839.7
R2038,41.0,0,0,1,0,235.4,2600.7,2078.3,4914.4,45.60895880407979,1.0670372286864587,1.0670372286864587,10.93296277131354,1082.4942960349408,3596.532808312471,6.902075984754216,1756.2
R2039,61.0,1,2,0,1,1688.7,165.2,1596.4,3450.3,49.676275152235725,22.786692302282802,12.0,0.0,861.6629433433461,0.0,17.878200443050382,3450.3
R2040,47.0,0,1,1,1,2244.9,184.4,0.0,2429.3,195.93924751929106,32.28507676317731,12.0,0.0,184.40300563888272,0.0,18.190143862937617,2429.3
R2041,70.0,1,0,1,0,109.3,3089.8,0.0,3199.1,33.500337136453105,0.988147798672809,0.988147798672809,11.01185220132719,41.936469866667665,3047.851189503459,24.977845257504477,3199.1
R2042,68.0,1,3,1,0,339.7,29.5,422.7,791.9,2.840864510510769,2.840864510510769,2.840864510510769,0.0,29.467201755814685,0.0,28.26453537566166,791.9
R2043,45.0,1,1,1,1,505.3,1158.2,1034.7,2698.2,10.171181142804494,2.2641773735419894,2.2641773735419894,7.907003769262505,48.71626701331686,1109.5296821128845,9.869464895366612,2090.6
R2044,68.0,1,4,1,0,1204.8,351.9,0.0,1556.7,32.61842937123877,12.523420335287705,12.0,0.0,351.87938731230685,0.0,27.261939311262914,1556.7
R2045,63.0,1,0,0,1,1497.6,184.9,0.0,1682.5,104.09716753544603,26.029100013416294,12.0,0.0,184.94293499470172,0.0,10.143705218254858,1529.1
R2046,60.0,1,2,0,1,2158.8,224.2,0.0,2383.0,65.6232371928148,65.6232371928148,12.0,0.0,224.2378399980846,0.0,20.16575027234825,2383.1
R2047,67.0,1,1,1,0,306.7,826.7,0.0,1133.4,34.037035236551425,2.3566522588356116,2.3566522588356116,9.643347741164389,29.859900436442647,796.8638074889735,6.112036954530639,646.9
R2048,77.0,1,2,1,0,764.6,1247.2,1653.7,3665.5,19.071517236938856,6.774360584874293,6.774360584874293,5.225639415125707,1384.5344208813435,1516.376976973919,26.279795488854475,3665.5
R2049,68.0,1,2,1,1,2278.2,337.0,0.0,2615.2,106.59838264653582,23.983134130626315,12.0,0.0,336.9983150078168,0.0,15.892108766884585,2615.2
R2050,67.0,0,3,1,0,608.3,309.2,1545.3,2462.8,5.155852929289677,5.155852929289677,5.155852929289677,0.0,309.23423774447076,0.0,11.201076787781243,2462.7
R2051,65.0,0,0,0,1,2266.2,473.8,346.1,3086.1,101.27106625839146,19.809203088667783,12.0,0.0,634.5303766050278,0.0,28.707919624674755,3086.0
R2052,71.0,1,0,1,0,1084.3,282.8,0.0,1367.1,24.217355645164428,9.00897905824676,9.00897905824676,2.9910209417532396,89.35091116625179,193.4667272567795,8.059806349244523,1055.8
R2053,76.0,1,4,0,0,1436.8,920.4,0.0,2357.2,16.544327529560718,16.544327529560718,12.0,0.0,920.3653780156016,0.0,14.446933641475427,2357.2
R2054,51.0,1,2,1,1,2249.1,140.7,0.0,2389.8,57.37870775509121,13.474986771384481,12.0,0.0,140.7251798787483,0.0,17.189031977765634,2389.8
R2055,77.0,1,2,1,0,503.4,49.4,4548.1,5100.9,4.813886798239712,4.813886798239712,4.813886798239712,0.0,49.417029563933944,0.0,12.33986501567815,5100.9
R2056,65.0,1,1,1,1,2233.1,225.7,0.0,2458.8,13.416396229474215,13.416396229474215,12.0,0.0,225.65682022913109,0.0,14.585383255893975,2458.7
R2057,43.0,1,0,0,0,1372.1,174.7,1551.2,3098.0,43.392400368012446,21.889756296169633,12.0,0.0,174.68510938801256,0.0,26.25468134845866,3098.0
R2058,56.0,1,0,1,1,2240.5,179.6,223.6,2643.7,70.09813605587897,20.550377850925674,12.0,0.0,403.17383495748845,0.0,10.72044876714224,2437.8
R2059,65.0,0,0,0,1,418.9,89.6,0.0,508.5,2.681164744374121,2.681164744374121,2.681164744374121,0.0,89.568218590623,0.0,19.36378655577058,508.5
R2060,69.0,0,2,1,0,1415.4,273.1,215.4,1903.9,17.963365807734377,13.06538817992016,12.0,0.0,488.54837922542873,0.0,11.097216402332005,1883.4
R2061,66.0,1,0,1,1,1909.9,217.6,0.0,2127.5,134.45978430854964,32.63418773165357,12.0,0.0,217.56199279331724,0.0,20.86380363076089,2127.5
R2062,76.0,0,4,0,0,479.4,129.1,0.0,608.5,3.0048978814764573,3.0048978814764573,3.0048978814764573,0.0,129.08679835241384,0.0,12.009789353763212,608.5
R2063,69.0,1,1,1,1,2077.3,514.0,0.0,2591.3,32.522817253854505,21.272834468844135,12.0,0.0,514.0176436760776,0.0,13.569230658402255,2591.3
R2064,65.0,0,0,1,1,1893.6,179.0,340.4,2413.0,58.17961312605589,15.807436909606077,12.0,0.0,178.95991442857002,0.0,18.642969734396207,2413.0
R2065,66.0,1,1,1,1,1991.2,124.5,0.0,2115.7,54.19221032831077,17.269533890922215,12.0,0.0,124.4855127654903,0.0,12.043081363048113,2115.6
R2066,82.0,1,0,1,0,1396.0,76.1,61.3,1533.4,16.186313229597506,12.152875606124802,12.0,0.0,137.41457876590067,0.0,23.511214566356916,1533.4
R2067,77.0,0,3,0,1,2173.7,406.7,222.3,2802.7,18.148816977961072,16.517430174059523,12.0,0.0,628.9501966388138,0.0,11.390160582191271,2782.0
R2068,59.0,1,0,1,0,924.8,800.8,0.0,1725.6,52.63234852091643,7.7604258096914585,7.7604258096914585,4.2395741903085415,175.49945533285637,625.2819386533065,26.095753195655252,1725.6
R2069,62.0,1,0,1,1,141.2,1196.3,385.3,1722.8,167.47191115988917,0.9754808112647224,0.9754808112647224,11.024519188735278,401.33693353040337,1180.2483884495946,22.819263721144637,1722.8
R2070,40.0,0,0,0,1,2143.3,98.1,0.0,2241.4,45.37676962555049,28.402580748205907,12.0,0.0,98.12804512003298,0.0,9.101434447348193,1860.5
R2071,47.0,1,0,0,1,2261.4,162.2,0.0,2423.6,196.03491942587348,196.03491942587348,12.0,0.0,162.21820069908298,0.0,18.483725624735932,2423.6
R2072,62.0,1,1,1,1,189.8,2059.0,168.1,2416.9,117.97908963488048,0.6419599453575098,0.6419599453575098,11.35804005464249,185.75269901807383,2041.3422859578002,7.588793052431118,1624.1
R2073,59.0,1,3,0,0,1413.1,225.0,985.6,2623.7,58.3291803764643,33.12652122236233,12.0,0.0,510.45866038899453,0.0,10.131707333920888,2470.9
R2074,73.0,1,3,1,0,712.4,206.3,1846.4,2765.1,5.0631792839209,5.0631792839209,5.0631792839209,0.0,206.3204794852877,0.0,13.509411847123584,2765.1
R2075,69.0,1,0,1,1,2247.2,175.0,0.0,2422.2,17.930483772916,17.930483772916,12.0,0.0,174.99500741330075,0.0,22.98845879110055,2422.2
R2076,57.0,1,1,1,0,453.2,1843.8,873.1,3170.1,18.27523936999675,3.052722431885611,3.052722431885611,8.947277568114389,91.66553731048252,2625.2127844651272,20.838742317963064,3170.1
R2077,54.0,1,1,1,0,1353.8,375.2,0.0,1729.0,27.067410660965333,19.888214465940514,12.0,0.0,375.1709274204451,0.0,18.768775498623096,1728.9
R2078,52.0,1,1,1,0,1311.2,727.6,0.0,2038.8,14.895213693608518,11.600230260287388,11.600230260287388,0.3997697397126121,594.0966774999114,133.52538969476828,10.376727608388753,1733.4
R2079,56.0,0,2,0,1,2219.0,414.0,0.0,2633.0,116.19826294306338,49.5095209684873,12.0,0.0,414.04665706789353,0.0,13.139186940728424,2633.0
R2080,53.0,1,1,0,1,1872.4,176.9,4125.8,6175.1,65.66988057026774,22.620025315495795,12.0,0.0,176.94331272384287,0.0,22.477453815010005,6175.2
R2081,62.0,1,0,1,1,161.9,27.7,348.6,538.2,0.8805759706125766,0.8805759706125766,0.8805759706125766,0.0,27.662804958721203,0.0,17.774064324364296,538.1
R2082,62.0,1,1,0,0,703.9,928.0,0.0,1631.9,127.78807981861152,5.8831449705245875,5.8831449705245875,6.1168550294754125,119.26884236034542,808.7402621942135,13.743365404828843,1631.9
R2083,62.0,1,1,1,1,2059.1,172.6,174.3,2406.0,60.695687623168965,41.44910005043607,12.0,0.0,346.9542936742743,0.0,7.656198527423923,1657.2
R2084,61.0,1,3,0,0,119.5,1598.9,2173.5,3891.9,68.68513154502338,0.1015433702436538,0.1015433702436538,11.898456629756346,552.4807588268022,3219.876882653813,7.104920123372317,1576.1
R2085,84.0,1,1,1,0,945.5,130.6,883.7,1959.8,7.939467885402518,7.939467885402518,7.939467885402518,0.0,130.5546524055972,0.0,28.185476281874646,1959.7
R2086,63.0,1,0,1,0,884.4,550.9,1136.5,2571.8,36.67120587625976,7.080419350910022,7.080419350910022,4.919580649089978,99.60201727235525,1587.839759776101,15.984921801677903,2571.8
R2087,53.0,1,3,1,0,317.5,3275.2,449.4,4042.1,14.809911428853031,2.381796115823399,2.381796115823399,9.618203884176602,119.81070014080619,3604.7971413635173,27.423428398561274,4042.1
R2088,70.0,1,2,1,0,1215.4,299.6,380.9,1895.9,47.87929946254045,10.464131839563795,10.464131839563795,1.5358681604362054,153.0686682752707,146.52119813258062,11.825674086230588,1879.3
R2089,63.0,1,0,1,1,2264.3,226.2,0.0,2490.5,38.32577182678601,14.388942648349259,12.0,0.0,226.1779386737057,0.0,20.166944300558804,2490.4
R2090,76.0,1,1,0,1,1706.5,728.7,0.0,2435.2,26.63256382745173,8.787516456175553,8.787516456175553,3.2124835438244475,215.3177061349042,513.3551554061346,12.131820326561186,2435.1
R2091,80.0,0,3,1,0,1014.3,439.1,1089.0,2542.4,10.750358403453092,10.750358403453092,10.750358403453092,0.0,439.1488002087079,0.0,27.17848610681772,2542.4
R2092,70.0,1,1,0,1,841.1,302.6,314.5,1458.2,32.31735674255563,4.17724505776504,4.17724505776504,7.82275494223496,337.4019829181621,279.71669858473825,11.36983715410247,1435.7
R2093,72.0,1,2,0,0,1239.0,224.7,260.9,1724.6,20.94733753933647,11.488683389169747,11.488683389169747,0.5113166108302529,435.08582219894134,50.545921628812295,19.098115758436194,1724.6
R2094,47.0,0,0,1,1,1800.0,327.7,0.0,2127.7,126.98540759838255,9.850625651165359,9.850625651165359,2.149374348834641,135.22823157040344,192.43277300028572,29.193804011209586,2127.7
R2095,60.0,1,2,0,0,590.5,79.4,0.0,669.9,4.935061501711357,4.935061501711357,4.935061501711357,0.0,79.42972995880508,0.0,23.521572021195162,669.9
R2096,51.0,0,2,1,0,694.6,1074.8,202.8,1972.2,86.18022001779435,5.043622564881845,5.043622564881845,6.956377435118155,310.35378007318076,967.2549507273363,19.3083527290908,1972.2
R2097,60.0,1,0,0,1,2041.2,168.2,0.0,2209.4,121.67702849114592,18.387694377866236,12.0,0.0,168.24697666119764,0.0,14.74140478509122,2209.4
R2098,82.0,1,1,0,0,1277.8,206.3,0.0,1484.1,37.540143571078495,10.965076399486906,10.965076399486906,1.0349236005130944,127.67428753395043,78.5893134515865,18.71984437116915,1484.1
R2099,58.0,1,2,0,0,1421.6,381.4,0.0,1803.0,16.004182721199072,16.004182721199072,12.0,0.0,381.3790918903217,0.0,6.095150445285098,1023.0
R2100,58.0,1,1,1,1,2099.4,133.8,1265.5,3498.7,50.94092174296061,50.94092174296061,12.0,0.0,1399.266498857503,0.0,9.136814351288308,3116.9
R2101,63.0,1,1,1,0,115.0,975.7,1421.0,2511.7,23.352988278512306,0.7491190668345872,0.7491190668345872,11.250880933165412,9.86076189987882,2386.880333767059,12.69837847215706,2511.7
R2102,70.0,0,0,1,0,324.2,1716.6,0.0,2040.8,50.855917372823065,2.077802438547681,2.077802438547681,9.922197561452318,53.40534183514703,1663.2278202696743,7.124122537898528,1223.5
R2103,68.0,1,0,0,0,1208.2,297.1,0.0,1505.3,83.10012214408927,83.10012214408927,12.0,0.0,297.1079780161604,0.0,11.717595285615053,1498.4
R2104,69.0,1,2,0,1,186.6,60.8,0.0,247.4,0.9851978006862845,0.6135536088157026,0.6135536088157026,0.37164419187058184,12.280048354391646,48.510788638502916,16.10629485414909,247.4
R2105,59.0,0,1,0,1,1921.8,276.3,95.4,2293.5,10.945275389189959,10.945275389189959,10.945275389189959,0.0,276.33272115346983,0.0,26.5959657131789,2293.5
R2106,64.0,1,0,1,0,118.7,231.8,358.4,708.9,4.375389523483374,0.6551873942832325,0.6551873942832325,3.7202021292001417,6.096021143852507,225.74123237128066,28.056991886317007,708.9
R2107,58.0,0,1,0,0,1305.7,415.2,2428.5,4149.4,39.82109693037843,39.82109693037843,12.0,0.0,2843.669227361941,0.0,6.4955245150629,3414.9
R2108,68.0,1,4,1,1,366.3,33.6,3873.2,4273.1,1.3999519297304415,1.3999519297304415,1.3999519297304415,0.0,33.62706670769018,0.0,17.037556228534097,4273.1
R2109,40.0,1,1,1,0,254.2,1011.2,323.6,1589.0,158.64591040099128,2.432774680850933,2.432774680850933,9.567225319149067,37.94523046494573,1296.8080551484331,22.40378706017738,1589.0
R2110,69.0,0,5,1,1,1559.5,251.6,327.0,2138.1,8.329889906011926,8.329889906011926,8.329889906011926,0.0,412.32975366628307,0.0,24.05623626373003,2138.1
R2111,57.0,1,1,1,1,756.5,979.4,1290.8,3026.7,11.848456790666907,3.9010987073540555,3.9010987073540555,7.947358083312851,68.55830366698783,910.8761453573974,9.823464103024577,2794.6
R2112,43.0,0,1,1,1,1123.7,1769.0,1324.0,4216.7,53.71515665497124,5.606816776070502,5.606816776070502,6.393183223929498,209.68377105415414,2439.169583567819,6.173678402242399,1915.8
R2113,65.0,1,0,1,0,113.3,2921.3,927.0,3961.6,26.528473273346147,0.5721782772647129,0.5721782772647129,11.427821722735287,22.25685513086538,3826.0603193088873,11.985140341582667,3957.9
R2114,70.0,1,2,1,0,111.7,16.8,1891.8,2020.3,0.3166322632418277,0.3166322632418277,0.3166322632418277,0.0,16.80323000756695,0.0,13.540802439002753,2020.4
R2115,73.0,1,2,1,0,784.1,2064.6,398.9,3247.6,40.284263908631615,6.862407516127438,6.862407516127438,5.137592483872562,350.9765763434173,2112.6079187316664,10.491908818339086,2744.7
R2116,69.0,0,1,0,0,234.1,1289.9,691.6,2215.6,32.472760413632244,1.7772019507443062,1.7772019507443062,10.222798049255694,33.49065733720647,1347.7533165381287,11.29153027933516,2128.5
R2117,69.0,1,1,1,0,1369.6,331.2,0.0,1700.8,50.84282376918427,32.59409431453521,12.0,0.0,331.2248338565588,0.0,21.888008369198847,1700.8
R2118,73.0,1,2,0,1,2103.3,131.9,58.6,2293.8,23.74489157824219,23.74489157824219,12.0,0.0,190.54036784216368,0.0,11.321493604853254,2286.4
R2119,65.0,1,2,1,1,2275.1,238.5,0.0,2513.6,44.93236694049758,29.575979348049678,12.0,0.0,238.46951087709772,0.0,10.532323967374793,2294.8
R2120,68.0,0,0,1,1,2195.6,174.2,0.0,2369.8,113.89847179785741,12.582282376710626,12.0,0.0,174.15613096178066,0.0,12.500254941028498,2369.8
R2121,74.0,1,1,0,0,802.6,526.8,0.0,1329.4,17.469127919934117,7.489310047162191,7.489310047162191,4.510689952837809,106.90421856519885,419.9131088131844,16.929549251164655,1329.4
R2122,58.0,1,0,1,0,1419.7,75.3,0.0,1495.0,162.15575859814066,45.746998274671064,12.0,0.0,75.31946234743094,0.0,10.756401523185723,1368.9
R2123,72.0,1,1,0,0,716.9,796.8,828.9,2342.6,67.59039035573676,5.141295004527183,5.141295004527183,6.858704995472817,82.14234384047057,1543.5653138938019,17.894834934706374,2342.6
R2124,48.0,1,0,0,0,1347.9,179.0,0.0,1526.9,22.677591816796035,22.677591816796035,12.0,0.0,178.99971670794872,0.0,28.487255679850655,1526.9
R2125,79.0,1,0,1,1,1656.8,340.5,598.3,2595.6,56.63384597862912,8.188470958240616,8.188470958240616,3.8115290417593837,84.36592634757298,854.4433229630287,25.72229450044094,2595.6
R2126,55.0,1,1,1,0,117.7,153.9,2017.6,2289.2,0.9276278822512073,0.1917563178356916,0.1917563178356916,0.7358715644155157,5.912082460763542,147.9640620628752,24.03264652102016,2289.2
R2127,55.0,0,0,1,0,1151.0,495.3,0.0,1646.3,16.882170576113392,9.28205464028,9.28205464028,2.71794535972,170.22084947341122,325.0669208888824,28.619781177178112,1646.3
R2128,61.0,1,3,1,1,721.2,2278.9,58.3,3058.4,13.781157442109244,3.193390901802657,3.193390901802657,8.806609098197343,178.31719707034128,2158.8949516293196,28.120059282054303,3058.5
R2129,63.0,0,2,1,0,1409.1,279.1,131.0,1819.2,31.757090616424684,16.987728637380016,12.0,0.0,279.1268269013737,0.0,19.27291086837161,1819.2
R2130,61.0,1,0,1,1,1898.1,112.0,0.0,2010.1,27.91059528051193,22.514128799370376,12.0,0.0,111.9592599147337,0.0,22.601418584889704,2010.1
R2131,49.0,1,2,1,0,409.9,262.0,3001.3,3673.2,5.823404540155053,3.340822871574265,3.340822871574265,2.482581668580788,44.811318791402456,271.0580721296561,14.464289432593379,3673.1
R2132,53.0,1,0,1,0,715.9,130.7,1511.1,2357.7,5.114156565405017,5.114156565405017,5.114156565405017,0.0,130.67482975861157,0.0,18.919828213614753,2357.6
R2133,66.0,1,2,0,1,1578.6,627.1,429.3,2635.0,13.685819103971852,9.11665318476306,9.11665318476306,2.8833468152369406,634.055817970341,422.3639231464209,28.095719278275865,2635.0
R2134,64.0,1,3,1,0,1279.9,260.7,717.0,2257.6,10.97091591939077,10.97091591939077,10.97091591939077,0.0,260.68766369501753,0.0,18.182876866940564,2257.6
R2135,71.0,1,1,1,0,212.5,2295.2,535.5,3043.2,19.706978044499664,1.070729069639068,1.070729069639068,10.929270930360932,33.967746363892324,2796.671027207706,16.110405927878183,3043.1
R2136,63.0,1,2,1,0,94.8,1250.3,1033.9,2379.0,53.015331642154266,0.20964672433344503,0.20964672433344503,11.790353275666554,3.399576178356855,2280.8106065262014,21.795415481822864,2379.0
R2137,67.0,0,5,0,0,239.1,33.8,1712.0,1984.9,1.112481253468634,1.112481253468634,1.112481253468634,0.0,33.786277462496685,0.0,17.161656257255718,1984.9
R2138,65.0,1,0,1,1,2065.1,401.2,0.0,2466.3,110.71941616320451,11.281952315217294,11.281952315217294,0.7180476847827055,283.49087740384834,117.67156718597242,8.281803627431508,1757.0
R2139,57.0,1,2,1,1,696.1,1566.5,2428.1,4690.7,10.335733196040662,3.5561034218494516,3.5561034218494516,6.779629774191211,116.60826237325665,2367.895617102011,15.094566165790773,4690.7
R2140,74.0,1,4,1,0,237.7,27.9,341.6,607.2,1.3747078040365053,1.3747078040365053,1.3747078040365053,0.0,27.86626640308671,0.0,9.260471308492903,607.1
R2141,54.0,0,3,1,1,2069.3,316.5,207.6,2593.4,54.982989311382184,22.67811168789905,12.0,0.0,524.1331920789053,0.0,27.95096834991809,2593.4
R2142,65.0,1,5,0,0,1197.9,1503.4,0.0,2701.3,26.144327696992164,9.74306835814874,9.74306835814874,2.25693164185126,598.789670017138,904.6079044616391,23.781175062776214,2701.3
R2143,57.0,1,0,1,1,354.5,1177.1,0.0,1531.6,41.66480754210891,1.7760224107596996,1.7760224107596996,10.2239775892403,30.54061403915872,1146.601841257289,16.54345189394798,1531.6
R2144,64.0,1,3,1,0,574.3,132.3,654.2,1360.8,4.518851125563986,4.518851125563986,4.518851125563986,0.0,786.422865630339,0.0,7.698645543160638,1360.7
R2145,76.0,1,0,0,1,1769.6,1499.5,0.0,3269.1,77.41075217126316,9.423418233508214,9.423418233508214,2.5765817664917865,538.7657522116864,960.7245014221463,8.712671674139301,2090.8
R2146,59.0,1,1,1,0,1155.7,952.5,0.0,2108.2,53.973557928822345,9.945199705855005,9.945199705855005,2.0548002941449948,405.7712395633407,546.7651122088123,12.297974450678414,2108.3
R2147,75.0,1,4,0,0,1122.7,398.1,700.6,2221.4,53.43376101279309,10.16609901475432,10.16609901475432,1.8339009852456805,561.9854519036256,253.94463242418968,18.582856621641582,2221.4
R2148,77.0,0,1,1,0,1311.4,163.4,445.6,1920.4,87.30888174165385,12.9074473151087,12.0,0.0,609.0324669809593,0.0,8.54822988323008,1100.0
R2149,40.0,1,1,1,0,1386.4,108.7,0.0,1495.1,142.31306865630418,52.61624730074236,12.0,0.0,108.66013162276424,0.0,14.709204366303796,1495.0
R2150,62.0,1,0,1,0,197.7,321.7,307.7,827.1,30.095808310823568,1.8675040923988562,1.8675040923988562,10.132495907601143,8.841703192010762,312.86301759164377,10.34608664464633,776.0
R2151,59.0,1,2,1,1,2233.4,220.6,80.1,2534.1,51.76689814057891,38.88371324601061,12.0,0.0,300.6415671240718,0.0,8.497667717018741,1911.3
R2152,71.0,1,1,1,0,223.4,394.5,494.9,1112.8,4.648251203951919,1.7887044061065063,1.7887044061065063,2.8595467978454123,34.523729479412445,773.3853169011581,8.897174472475495,1112.8
R2153,67.0,0,0,1,1,2208.2,196.8,0.0,2405.0,13.856532004332184,13.856532004332184,12.0,0.0,196.80848313733952,0.0,8.893855392994567,1802.0
R2154,70.0,1,0,1,0,654.0,94.9,730.8,1479.7,5.990189125384556,5.990189125384556,5.990189125384556,0.0,94.88963243007379,0.0,25.954416315897156,1479.7
R2155,57.0,1,2,1,0,897.2,666.1,0.0,1563.3,33.00148439423658,7.026961057623637,7.026961057623637,4.973038942376363,118.62418997673532,547.508664276042,10.322492557782557,1378.7
R2156,54.0,0,0,0,0,1337.2,103.7,523.6,1964.5,23.538654410236443,13.880179952785495,12.0,0.0,627.3215731519831,0.0,8.674708222075822,1077.8
R2157,53.0,0,1,1,1,1887.3,420.5,4315.7,6623.5,439.127661442782,42.82006184279441,12.0,0.0,420.5419789913971,0.0,25.939868540539912,6623.5
R2158,81.0,0,0,0,0,1338.5,196.7,0.0,1535.2,47.75426018170483,20.45871156698776,12.0,0.0,196.6902445660208,0.0,29.064264638487312,1535.2
R2159,82.0,1,2,0,0,1290.3,324.2,1737.7,3352.2,10.631817604183816,10.631817604183816,10.631817604183816,0.0,324.1758262921885,0.0,23.621467416084027,3352.1
R2160,71.0,0,2,1,0,552.2,43.6,1163.5,1759.3,4.530204163092011,4.530204163092011,4.530204163092011,0.0,43.56021277672806,0.0,7.751097303895019,1759.2
R2161,54.0,1,1,1,1,2192.2,187.1,0.0,2379.3,45.730305091612145,21.187736958579272,12.0,0.0,187.1338661458256,0.0,9.245462051759354,1971.0
R2162,67.0,1,1,1,1,757.4,1450.2,3111.4,5319.0,30.42728890413829,3.1437831963934038,3.1437831963934038,8.856216803606596,74.85821097514639,4486.729062352544,9.492571069531806,4929.6
R2163,54.0,1,0,0,1,2268.0,253.6,0.0,2521.6,121.57163494013048,63.30090609090099,12.0,0.0,253.60757119992547,0.0,8.347639887624217,1877.4
R2164,64.0,1,0,0,0,572.7,764.1,3069.9,4406.7,87.61754974369221,4.416976433640078,4.416976433640078,7.583023566359922,190.89432945529015,1869.2774634447271,17.53308759550856,4406.8
R2165,67.0,1,2,0,1,2032.9,511.5,0.0,2544.4,15.486842972023089,15.486842972023089,12.0,0.0,511.5042229665766,0.0,7.342026739326925,1668.2
R2166,59.0,0,0,0,0,596.1,1027.8,596.7,2220.6,149.80166586905085,4.248420484283595,4.248420484283595,7.751579515716405,79.6763721224319,1544.8508167176265,25.07802766565975,2220.6
R2167,65.0,1,3,1,0,229.9,724.7,585.7,1540.3,7.6482280548140675,1.8811938201203404,1.8811938201203404,5.767034234693727,34.519612149196604,1275.890340397843,15.857786614233923,1540.3
R2168,66.0,0,0,0,1,2103.0,274.2,438.2,2815.4,69.18663635362577,21.849707857932337,12.0,0.0,274.22626880433916,0.0,10.68658886778464,2610.2
R2169,56.0,0,0,1,1,158.9,305.7,379.8,844.4,46.29907118949752,0.7453414473440338,0.7453414473440338,11.254658552655966,3.072660207361459,682.3502066341563,8.232629369242428,743.1
R2170,67.0,1,1,0,0,479.4,1955.4,0.0,2434.8,62.53916369999584,3.4169629503286503,3.4169629503286503,8.58303704967135,112.4961551869245,1842.9002125017914,19.65951427883321,2434.8
R2171,58.0,1,0,1,1,2018.7,123.1,0.0,2141.8,73.19953292810627,22.485725513032495,12.0,0.0,123.12281839315935,0.0,24.673973967298462,2141.8
R2172,72.0,0,2,0,0,102.9,2.3,88.3,193.5,0.23771451060280166,0.23771451060280166,0.23771451060280166,0.0,2.2562952981156763,0.0,19.986180430351762,193.5
R2173,75.0,1,4,0,1,2233.3,242.6,344.3,2820.2,20.360473000854224,20.360473000854224,12.0,0.0,586.9289759942703,0.0,11.70288829642583,2814.2
R2174,77.0,1,1,0,1,933.4,840.1,2527.9,4301.4,14.037548440152355,4.689978131967497,4.689978131967497,7.310021868032503,75.23980316953153,3292.727927789164,25.269667689708378,4301.3
R2175,49.0,1,1,0,1,2121.4,316.8,0.0,2438.2,85.45741267430063,61.01641012617702,12.0,0.0,316.8326624495964,0.0,18.34701056314636,2438.2
R2176,54.0,1,1,1,1,2179.3,602.7,0.0,2782.0,53.867571766269855,24.307291526527457,12.0,0.0,602.6925342716976,0.0,20.046548471011732,2782.0
R2177,66.0,0,0,1,1,2091.4,273.3,0.0,2364.7,96.13283847587762,15.690692790208944,12.0,0.0,273.2866321794587,0.0,27.78555928902528,2364.7
R2178,58.0,0,1,1,1,1969.0,490.7,0.0,2459.7,38.77378038049102,25.0968248881816,12.0,0.0,490.66795648285057,0.0,22.207263841300335,2459.6
R2179,55.0,1,1,1,0,1336.4,606.4,74.9,2017.7,57.38578280214849,27.914753972792425,12.0,0.0,681.3292747601791,0.0,8.79981919135222,1521.9
R2180,86.0,1,3,1,1,2210.2,559.9,89.3,2859.4,17.59910886962349,12.416546480315668,12.0,0.0,649.2258429803784,0.0,22.667419585641486,2859.4
R2181,51.0,1,1,0,1,1775.4,529.1,0.0,2304.5,43.64712306996165,10.554283375304772,10.554283375304772,1.445716624695228,279.4347734354306,249.63087400967655,12.96945516879639,2304.5
R2182,74.0,1,2,1,1,2113.3,391.0,0.0,2504.3,44.89369890614924,19.424085813749468,12.0,0.0,390.9723106355715,0.0,24.960219443699497,2504.3
R2183,72.0,1,1,0,1,1077.2,51.3,0.0,1128.5,5.6101526137776,5.6101526137776,5.6101526137776,0.0,51.33300979307935,0.0,19.49755707759585,1128.6
R2184,63.0,1,2,0,0,1248.1,1089.5,3008.5,5346.1,60.63256625920145,15.008110958642431,12.0,0.0,1089.4719764346053,0.0,18.976425393372605,5346.1
R2185,51.0,1,2,1,0,1183.1,121.6,0.0,1304.7,61.275260179156824,17.968953822715328,12.0,0.0,121.56574156590654,0.0,9.39249277405753,1081.0
R2186,64.0,0,0,1,0,1415.0,202.9,1120.0,2737.9,19.146037741332062,19.146037741332062,12.0,0.0,202.93791678761215,0.0,6.650930268589721,2057.9
R2187,65.0,1,0,0,1,1823.0,103.9,316.2,2243.1,9.672043747584326,9.672043747584326,9.672043747584326,0.0,103.92229297783392,0.0,29.395600580485425,2243.1
R2188,65.0,0,1,0,0,684.1,82.2,0.0,766.3,5.510514207107837,5.510514207107837,5.510514207107837,0.0,82.24542272392883,0.0,6.728591151397966,766.4
R2189,64.0,0,2,0,0,111.2,5711.8,5677.6,11500.6,53.21188765996293,0.48387558170981726,0.48387558170981726,11.516124418290183,1265.829886616695,10123.525688894544,7.243366715363436,7506.2
R2190,60.0,0,1,1,0,1267.2,233.5,0.0,1500.7,15.404157494004874,15.404157494004874,12.0,0.0,233.47539510253753,0.0,17.0044463691408,1500.7
R2191,58.0,1,2,1,1,925.2,97.8,562.4,1585.4,4.5228413628963535,4.5228413628963535,4.5228413628963535,0.0,97.79252150166866,0.0,28.497289153753467,1585.4
R2192,51.0,1,1,1,0,627.6,797.3,0.0,1424.9,36.975075536227685,5.963102539642778,5.963102539642778,6.036897460357222,104.8775606996569,692.448569778607,18.994556284840655,1424.9
R2193,56.0,1,0,0,1,553.9,938.6,140.9,1633.4,25.889131007572995,2.7097377420455295,2.7097377420455295,9.29026225795447,40.180760787460365,898.4259595876351,29.81363935712782,1633.3
R2194,52.0,1,0,0,0,687.3,835.6,283.1,1806.0,54.42891911273281,5.586153479492942,5.586153479492942,6.413846520507058,98.44320312907087,1020.2067942979625,23.182582462725172,1806.0
R2195,63.0,1,1,1,0,113.7,2039.6,588.3,2741.6,21.14026437770229,0.8833793429756726,0.8833793429756726,11.116620657024328,24.552908582131032,2603.3602751266726,25.696062135150004,2741.6
R2196,66.0,1,0,1,1,1964.2,245.2,0.0,2209.4,83.64958171453048,13.759184966185943,12.0,0.0,245.17548516087243,0.0,25.663430162164,2209.4
R2197,62.0,1,2,1,0,592.4,188.1,0.0,780.5,4.961532288997117,4.961532288997117,4.961532288997117,0.0,188.14805200404686,0.0,28.63215054456617,780.5
R2198,59.0,1,1,1,1,352.1,920.9,1732.9,3005.9,13.89737768605178,1.1965896584820654,1.1965896584820654,10.803410341517935,15.37872136570461,2638.403175609823,29.254235671353293,3005.9
R2199,66.0,0,0,1,0,110.0,1943.9,0.0,2053.9,66.75821280884793,0.0385038825163655,0.0385038825163655,11.961496117483634,0.9590118396611848,1942.980186905279,13.863586899167537,2054.0
R2200,66.0,1,1,1,0,545.5,843.7,622.9,2012.1,19.89095436910948,4.7916021957716115,4.7916021957716115,7.2083978042283885,238.8833426235022,1065.7807267221863,23.000300888807814,2012.1
R2201,57.0,1,3,1,0,633.9,1513.4,399.5,2546.8,26.40261847887842,5.426475001093297,5.426475001093297,6.573524998906703,170.03879614317063,1742.8088736298478,18.20171186377751,2546.8
R2202,78.0,1,2,1,0,440.2,833.3,1164.1,2437.6,9.385211579768644,3.6161300279094424,3.6161300279094424,5.769081551859202,256.5723797746107,1740.8671595070125,29.490296757600852,2437.6
R2203,81.0,1,1,1,1,567.9,788.1,577.0,1933.0,79.97212694701183,2.853253332970136,2.853253332970136,9.146746667029864,35.97332866365216,752.0909558422783,20.191182728994058,1933.0
R2204,57.0,0,0,0,0,1430.1,212.7,0.0,1642.8,81.06318892172264,20.427371976139316,12.0,0.0,212.7487387143661,0.0,15.600723852307835,1642.8
R2205,62.0,1,2,1,0,974.4,743.9,913.5,2631.8,19.58528108634548,8.497222807946939,8.497222807946939,3.5027771920530615,201.68132924964144,1455.679566051895,6.810133330139285,919.5
R2206,53.0,1,1,1,0,328.0,1318.8,1104.0,2750.8,27.592232695244423,2.810053606984949,2.810053606984949,9.18994639301505,59.06117146521969,2363.711502551574,23.49474148937793,2750.8
R2207,61.0,1,1,0,0,937.4,173.6,184.9,1295.9,8.547154188519112,8.547154188519112,8.547154188519112,0.0,173.64649958520812,0.0,6.304012162936347,857.2
R2208,58.0,1,2,1,0,1380.0,100.6,0.0,1480.6,65.18190116429982,42.20211299407925,12.0,0.0,100.58259711793048,0.0,21.56490034931823,1480.5
R2209,74.0,1,0,1,0,327.8,1958.9,774.6,3061.3,86.71617867622597,2.815104876765162,2.815104876765162,9.184895123234838,87.92551869899759,2645.569805990395,12.359703370814671,3061.3
R2210,59.0,1,3,1,0,336.5,71.5,924.3,1332.3,2.284623673023297,2.284623673023297,2.284623673023297,0.0,71.53159881402583,0.0,22.214119494655897,1332.3
R2211,61.0,1,2,1,1,1311.3,333.1,146.8,1791.2,64.43378051722974,44.04048488266239,12.0,0.0,479.95758725091486,0.0,29.80367718697763,1791.2
R2212,78.0,1,3,1,1,569.5,946.4,0.0,1515.9,16.172514091313115,2.0494694781503817,2.0494694781503817,9.950530521849618,28.97487013819413,917.4654160519111,14.363910187673717,1515.9
R2213,66.0,0,3,0,0,1424.5,269.1,0.0,1693.6,140.58429675553074,17.070455093110166,12.0,0.0,269.0875937186939,0.0,19.37230504110721,1693.6
R2214,59.0,0,2,1,0,1284.1,363.3,0.0,1647.4,24.01988908210939,19.792293807213603,12.0,0.0,363.2967994130375,0.0,19.35194783595993,1647.4
R2215,78.0,1,0,1,0,899.3,141.1,195.2,1235.6,7.724659432130762,7.724659432130762,7.724659432130762,0.0,141.14885687401164,0.0,9.908980520230317,1235.6
R2216,52.0,0,2,1,1,2272.9,244.6,0.0,2517.5,15.708884534688414,15.708884534688414,12.0,0.0,244.59105504520284,0.0,23.709791076064583,2517.5
R2217,64.0,0,2,0,0,1340.9,198.2,237.9,1777.0,89.15012685344463,19.033142993180043,12.0,0.0,198.19084733458106,0.0,22.873593433098996,1777.0
R2218,58.0,1,2,1,0,1321.2,460.9,0.0,1782.1,28.346654176932095,26.011456419210592,12.0,0.0,460.86815460759755,0.0,24.513460771499425,1782.1
R2219,43.0,1,1,1,0,1438.6,404.1,0.0,1842.7,12.847866172379407,12.847866172379407,12.0,0.0,404.1054161881763,0.0,11.29953942419062,1819.1
R2220,54.0,1,1,1,0,225.7,646.0,0.0,871.7,87.66201977304168,1.1475552328271703,1.1475552328271703,10.85244476717283,10.3062216989864,635.6483001974412,7.625628109001899,615.4
R2221,72.0,1,3,1,0,1355.2,712.9,3638.2,5706.3,11.084079603555288,11.084079603555288,11.084079603555288,0.0,3944.3067849964764,0.0,15.449431750364504,5706.2
R2222,70.0,0,1,0,0,1218.2,427.1,839.4,2484.7,21.393193384893067,10.793083297082147,10.793083297082147,1.2069167029178534,642.3191190565856,624.1929145866291,8.813668974669852,1593.7
R2223,44.0,1,1,0,0,1260.8,344.5,2163.3,3768.6,70.53428011235393,70.53428011235393,12.0,0.0,2507.7448498917356,0.0,12.642316699984605,3768.5
R2224,67.0,1,1,0,1,2134.4,160.2,0.0,2294.6,119.56746560736575,15.826856252521468,12.0,0.0,160.17242127482743,0.0,6.407271420933091,1330.6
R2225,54.0,1,1,1,0,335.7,2317.7,0.0,2653.4,13.32441291683225,2.028549874421484,2.028549874421484,9.971450125578516,70.1100046008127,2247.5846126731008,15.65397412662598,2653.4
R2226,71.0,0,1,1,0,452.9,70.8,990.8,1514.5,3.51201245595279,3.51201245595279,3.51201245595279,0.0,70.75651896041096,0.0,14.656259493185736,1514.5
R2227,60.0,1,0,0,1,1607.1,174.6,0.0,1781.7,63.92910934157668,19.39204951553146,12.0,0.0,174.57163267327053,0.0,13.829533400389257,1781.7
R2228,87.0,1,3,1,0,579.9,107.9,3185.7,3873.5,4.807960933393571,4.807960933393571,4.807960933393571,0.0,1434.8281472875892,0.0,15.253435639875539,3873.5
R2229,60.0,0,4,0,1,2116.4,515.4,0.0,2631.8,131.02957211938758,52.68004974007131,12.0,0.0,515.37644538979,0.0,6.96592021311448,1533.7
R2230,58.0,0,1,1,1,2181.9,67.7,127.2,2376.8,44.59535604651192,30.74981749660835,12.0,0.0,67.67324265576954,0.0,16.439417966271826,2376.8
R2231,70.0,0,1,0,0,935.4,230.7,111.6,1277.7,16.463910635131803,7.794295420455888,7.794295420455888,4.205704579544112,162.67720535183867,179.67709619030325,21.68915077378235,1277.7
R2232,51.0,1,3,1,0,1432.0,389.1,303.2,2124.3,30.98883889091603,14.11967842207658,12.0,0.0,389.0523008299574,0.0,13.781050387364598,2124.3
R2233,51.0,1,0,0,0,334.7,873.7,920.8,2129.2,133.66795878629577,2.342117390868029,2.342117390868029,9.65788260913197,31.32334790087721,1763.1433730086153,19.59986267083469,2129.2
R2234,64.0,0,0,0,0,597.3,873.1,301.6,1772.0,177.85677615163348,4.365050544949761,4.365050544949761,7.634949455050239,70.36637375954034,1104.3132297469451,25.25132908327855,1771.9
R2235,59.0,0,1,1,0,311.7,1228.4,791.5,2331.6,23.870798027871853,2.621766912347921,2.621766912347921,9.37823308765208,50.490544067598606,1969.4170296506618,18.602462354612324,2331.6
R2236,61.0,1,1,1,1,1408.7,748.9,0.0,2157.6,19.096568918904435,7.113093398083874,7.113093398083874,4.886906601916126,136.65031622642047,612.2793208190134,28.244688016651892,2157.6
R2237,49.0,1,1,0,1,2263.7,238.2,0.0,2501.9,74.07728399177111,24.469134574430804,12.0,0.0,238.22372589165946,0.0,24.497967195008147,2501.9
R2238,80.0,1,2,1,0,788.3,1494.2,616.3,2898.8,19.99389179867706,8.052355581542946,8.052355581542946,3.9476444184570543,355.9866307655815,1754.4418037639025,19.37655942117663,2898.8
R2239,79.0,1,2,1,0,703.5,168.0,1267.5,2139.0,5.528272425795024,5.528272425795024,5.528272425795024,0.0,1079.6877215280158,0.0,8.009043764811672,2139.0
R2240,59.0,1,0,1,0,1428.2,189.9,0.0,1618.1,23.863416311457165,15.095270306844673,12.0,0.0,189.87624330418316,0.0,17.248946419418942,1618.0
R2241,59.0,1,0,0,1,354.3,96.5,2204.1,2654.9,1.636012762815165,1.636012762815165,1.636012762815165,0.0,96.5263112561393,0.0,6.827069660319383,2655.0
R2242,58.0,1,1,1,1,2014.5,243.3,334.6,2592.4,30.515520017686335,10.719439604369098,10.719439604369098,1.2805603956309017,136.7295635475394,106.5255622047507,28.93574970049982,2592.4
R2243,59.0,1,1,0,1,2275.6,278.0,746.7,3300.3,28.284413723594866,28.284413723594866,12.0,0.0,1024.7348675881763,0.0,7.107725553742915,2428.4
R2244,59.0,1,1,0,0,436.4,10.8,353.0,800.2,3.174365224055884,3.174365224055884,3.174365224055884,0.0,10.783013742649525,0.0,10.993014584858367,800.1
R2245,52.0,1,0,0,1,1847.6,231.9,0.0,2079.5,43.82564296089988,21.538918592617975,12.0,0.0,231.89504552405205,0.0,10.38932491592621,1894.4
R2246,67.0,1,1,1,0,952.1,132.9,1110.5,2195.5,7.800653165926325,7.800653165926325,7.800653165926325,0.0,132.93526724518563,0.0,26.670121313107966,2195.6
R2247,79.0,1,3,1,0,228.1,184.5,785.2,1197.8,1.5471740894481048,1.5471740894481048,1.5471740894481048,0.0,184.54549032667416,0.0,27.784111622940557,1197.9
R2248,69.0,1,1,0,1,2239.1,277.4,0.0,2516.5,31.652706297668768,31.652706297668768,12.0,0.0,277.3799168137381,0.0,23.42520189253085,2516.5
R2249,78.0,0,2,0,1,2264.6,197.1,0.0,2461.7,60.39634412400187,38.75562590859636,12.0,0.0,197.14938555516053,0.0,26.48246279841721,2461.7
R2250,71.0,1,2,0,1,2194.3,207.4,202.3,2604.0,40.76249294395626,11.618877480222958,11.618877480222958,0.38112251977704226,170.87443219484402,36.55450829597058,12.2504684721509,2604.1
R2251,61.0,1,2,0,1,1856.1,585.3,0.0,2441.4,70.25634404432556,28.78936165558206,12.0,0.0,585.2861517606897,0.0,27.4891084799544,2441.4
R2252,59.0,1,3,0,0,119.0,1489.8,2113.6,3722.4,8.357020734590899,0.6254046634320075,0.6254046634320075,7.731616071158891,18.25196102795022,1763.6830133913425,8.427392085430622,3722.5
R2253,60.0,1,1,0,0,1270.4,455.8,0.0,1726.2,58.02424969133961,12.837813231665725,12.0,0.0,455.7754213254821,0.0,13.425450888855952,1726.2
R2254,59.0,1,0,1,1,1996.2,613.8,0.0,2610.0,20.81165316352021,20.81165316352021,12.0,0.0,613.8280718882504,0.0,26.62129530662706,2610.1
R2255,68.0,1,4,1,0,1282.0,852.9,0.0,2134.9,24.206981805567906,24.206981805567906,12.0,0.0,852.866392809459,0.0,22.581290914329838,2134.9
R2256,63.0,1,1,0,1,2027.6,169.3,0.0,2196.9,232.4280582393663,26.44449341432599,12.0,0.0,169.270508379451,0.0,28.402809259138166,2196.9
R2257,71.0,1,2,1,0,214.7,1543.4,610.8,2368.9,38.40000955244502,1.2434739006970272,1.2434739006970272,10.756526099302972,26.88118981074449,2127.3106546586296,26.368540087282327,2368.9
R2258,54.0,1,2,1,0,1087.7,248.9,2205.7,3542.3,9.899914398023062,9.899914398023062,9.899914398023062,0.0,248.87135618235772,0.0,11.066350780166609,3542.3
R2259,73.0,1,2,1,0,1104.7,767.4,3993.4,5865.5,34.93519459222158,9.223893638306228,9.223893638306228,2.7761063616937722,259.01054061142145,4501.763740425331,16.043097448814294,5865.4
R2260,60.0,0,3,0,0,1340.2,278.7,92.8,1711.7,62.612579979353164,54.066504988184924,12.0,0.0,371.52367911121326,0.0,29.73384045334717,1711.7
R2261,63.0,0,1,0,1,2009.2,221.8,0.0,2231.0,63.361609311794524,18.209305748157902,12.0,0.0,221.8287585323786,0.0,22.871718321508034,2231.0
R2262,63.0,0,0,0,0,1323.8,220.0,0.0,1543.8,61.64855072250425,39.91927291820397,12.0,0.0,219.95792687849485,0.0,25.05373349875182,1543.8
R2263,56.0,0,1,0,0,1407.0,252.1,0.0,1659.1,49.31644809881316,12.340848511659395,12.0,0.0,252.134308113107,0.0,7.988042836106104,1105.8
R2264,74.0,0,1,1,0,1194.3,709.8,757.7,2661.8,89.03154840644628,9.813372187375483,9.813372187375483,2.1866278126245167,1047.0168091469207,420.4848392366065,28.890033549022792,2661.8
R2265,63.0,1,4,1,1,2158.4,699.3,0.0,2857.7,35.967647070073696,23.426203117329937,12.0,0.0,699.2912142195283,0.0,19.210685241479435,2857.7
R2266,55.0,1,2,1,0,104.2,3848.2,0.0,3952.4,103.4307321372672,0.0529447770838785,0.0529447770838785,11.947055222916122,2.6131006472541713,3845.539774024876,9.68638873515875,3207.6
R2267,53.0,1,4,1,0,91.9,4150.3,6270.8,10513.0,30.749436377029074,0.39152411073120275,0.39152411073120275,11.608475889268798,263.21438843857896,10157.881725188301,19.768135673792344,10513.0
R2268,48.0,1,1,1,1,2266.9,266.7,1735.9,4269.5,53.02348815353563,22.356977308690585,12.0,0.0,266.7488047160475,0.0,27.96930001650781,4269.6
R2269,59.0,1,1,0,1,350.0,1389.2,246.6,1985.8,53.19107158280151,1.139595239488912,1.139595239488912,10.860404760511088,268.64584907213793,1367.167806169036,19.06758239626604,1985.8
R2270,69.0,0,0,1,0,679.6,53.2,451.4,1184.2,5.60915156717249,5.60915156717249,5.60915156717249,0.0,53.248396089729454,0.0,29.83491067790683,1184.2
R2271,49.0,0,0,1,0,1244.8,332.9,860.4,2438.1,11.67125626141671,11.67125626141671,11.67125626141671,0.0,332.94958940834306,0.0,28.26076193716394,2438.2
R2272,64.0,0,2,0,1,1899.8,769.4,1257.6,3926.8,27.396777581663915,9.195488389262671,9.195488389262671,2.804511610737329,700.3618573788772,511.9710137944081,17.9321237881815,3926.8
R2273,71.0,1,3,0,0,1386.1,460.4,0.0,1846.5,67.22828969683063,13.574570361039058,12.0,0.0,460.36765821595986,0.0,29.20999127127044,1846.5
R2274,77.0,1,3,1,0,1335.8,613.8,0.0,1949.6,16.565260148615295,15.071959356819372,12.0,0.0,613.7557460841253,0.0,24.415954523334825,1949.6
R2275,88.0,1,2,1,0,118.4,4407.6,76.1,4602.1,31.116474246107085,0.23809406997000093,0.23809406997000093,11.761905930029998,13.638520822910564,4470.147553510898,12.114163719202455,4602.1
R2276,78.0,1,1,1,1,1505.4,595.0,0.0,2100.4,59.09855221037049,7.3772323482176185,7.3772323482176185,4.6227676517823815,116.97055109932197,478.0227464746697,8.3637650544282,1724.4
R2277,71.0,1,1,1,1,1512.5,251.8,4666.8,6431.1,8.045480141388472,8.045480141388472,8.045480141388472,0.0,251.77958422024912,0.0,6.653579252779149,3286.5
R2278,64.0,1,3,0,1,1223.7,1318.9,0.0,2542.6,36.17666410355488,6.394518459211631,6.394518459211631,5.605481540788369,196.34767775815686,1122.5204806311815,18.51481027212457,2542.6
R2279,74.0,1,2,1,0,1400.5,312.9,0.0,1713.4,29.091788531540246,21.829103884237885,12.0,0.0,312.923333600897,0.0,24.11906284161402,1713.5
R2280,78.0,1,1,1,1,2264.1,640.1,0.0,2904.2,37.104741763755136,15.582827493652447,12.0,0.0,640.0572383639076,0.0,9.138284813993513,2374.2
R2281,59.0,1,1,0,1,2251.0,382.3,0.0,2633.3,91.86270381581959,14.421479346530983,12.0,0.0,382.312609174595,0.0,10.846061689649284,2409.0
R2282,67.0,1,1,0,1,650.1,107.2,0.0,757.3,3.1591638188338402,3.1591638188338402,3.1591638188338402,0.0,107.22146492106971,0.0,29.37181712421284,757.3
R2283,69.0,0,4,1,0,583.0,3322.6,4021.0,7926.6,17.021052631392816,4.795626581612449,4.795626581612449,7.204373418387551,1673.2193726002074,5670.410829008914,25.36811957388522,7926.6
R2284,66.0,1,0,0,1,1307.7,303.2,814.1,2425.0,6.266456368555647,6.266456368555647,6.266456368555647,0.0,303.21331312118355,0.0,13.758373806568741,2425.0
R2285,70.0,1,3,0,0,479.6,862.2,904.9,2246.7,10.242140631678867,3.3640440856208382,3.3640440856208382,6.878096546058028,60.1524479839248,802.090399786107,28.623990907736207,2246.7
R2286,73.0,1,5,1,0,659.1,1241.3,3697.6,5598.0,32.53450378303429,5.773866576434482,5.773866576434482,6.226133423565518,154.52814243192844,4784.293744767761,17.457102385937652,5597.9
R2287,56.0,1,0,0,1,2253.2,192.9,0.0,2446.1,25.347114537687748,25.347114537687748,12.0,0.0,192.92051885590968,0.0,12.094413698901068,2446.2
R2288,70.0,1,1,1,0,740.2,955.8,116.1,1812.1,17.85301956047535,6.1061662530242415,6.1061662530242415,5.8938337469757585,131.0244783198437,940.8801341802827,14.28019991709025,1812.1
R2289,80.0,0,4,1,0,712.5,312.6,3679.9,4705.0,7.6754582929064865,5.924370867040327,5.924370867040327,1.7510874258661593,283.97610049212915,205.79917575521526,12.532104429103587,4705.1
R2290,76.0,1,1,1,0,1362.1,274.9,0.0,1637.0,56.50999260761511,12.204281181010426,12.0,0.0,274.8814501757312,0.0,22.682476616243015,1637.0
R2291,42.0,1,1,0,1,2232.9,236.7,1268.8,3738.4,21.16802501619622,21.16802501619622,12.0,0.0,1505.5648796562868,0.0,14.972689458034203,3738.5
R2292,58.0,0,2,0,0,869.3,1217.4,0.0,2086.7,16.085493635486777,7.942685189785329,7.942685189785329,4.057314810214671,281.0508429330965,936.3100219357626,19.86747952772626,2086.7
R2293,57.0,1,1,1,0,953.6,432.6,0.0,1386.2,93.21642123360017,7.891531925512183,7.891531925512183,4.108468074487817,98.42722975903763,334.1929499011173,20.8887856543094,1386.2
R2294,59.0,1,1,1,1,341.4,23.4,389.7,754.5,1.7880158856349497,1.7880158856349497,1.7880158856349497,0.0,23.43687416015067,0.0,18.10824882921223,754.5
R2295,53.0,1,2,0,1,2119.4,213.5,0.0,2332.9,97.31360813124081,25.70204091463741,12.0,0.0,213.4790809131311,0.0,16.864556509688388,2332.8
R2296,57.0,1,2,1,0,313.6,98.7,739.2,1151.5,2.6265447520371947,2.6265447520371947,2.6265447520371947,0.0,147.6043699418544,0.0,14.454637012236269,1151.5
R2297,68.0,1,1,1,0,389.5,1838.6,432.9,2661.0,67.78530833435688,3.476123069154191,3.476123069154191,8.523876930845809,108.20106706725481,2163.3015199280653,11.606784963490938,2581.2
R2298,68.0,1,0,1,1,1955.3,73.0,0.0,2028.3,97.23045971329033,18.70401158766377,12.0,0.0,72.98937857475696,0.0,8.264495926070335,1516.8
R2299,58.0,1,0,1,0,1165.9,211.2,0.0,1377.1,98.50875893240384,11.971969885424565,11.971969885424565,0.028030114575434695,208.007956135151,3.1761618645758976,22.78139858100134,1377.1
R2300,72.0,1,3,1,1,2016.5,305.7,0.0,2322.2,21.03717935359269,21.03717935359269,12.0,0.0,305.6699278943233,0.0,6.381927180352875,1338.9
R2301,46.0,1,0,1,0,1436.4,537.1,0.0,1973.5,100.86524988142317,17.140484229407715,12.0,0.0,537.1313058962514,0.0,23.602071466998552,1973.5
R2302,75.0,1,2,1,0,1410.4,382.2,0.0,1792.6,21.446539729272246,14.113457188985716,12.0,0.0,382.2007543290521,0.0,24.096716037279666,1792.6
R2303,63.0,1,2,1,0,231.3,792.0,176.4,1199.7,70.82191061437025,1.3102564396281489,1.3102564396281489,10.689743560371852,191.0138314470708,777.4198588685908,25.345064720982265,1199.8
R2304,65.0,1,0,1,1,560.6,31.3,2911.9,3503.8,2.3402110146588244,2.3402110146588244,2.3402110146588244,0.0,31.305059041263284,0.0,21.399434460988996,3503.8
R2305,62.0,1,1,1,0,353.7,1176.0,0.0,1529.7,45.56681085528846,2.5011579295347732,2.5011579295347732,9.498842070465226,45.636828684211785,1130.3382720457842,28.856528980065253,1529.6
R2306,56.0,1,0,0,0,1420.6,186.0,0.0,1606.6,121.0021589885245,12.588453990136895,12.0,0.0,186.04496029847016,0.0,15.178597520763233,1606.6
R2307,61.0,1,0,0,1,2229.8,171.4,0.0,2401.2,22.341882720152665,22.341882720152665,12.0,0.0,171.37599566708423,0.0,17.011929389616803,2401.2
R2308,61.0,0,1,1,0,591.9,98.8,515.3,1206.0,4.634495448046328,4.634495448046328,4.634495448046328,0.0,98.79323008380562,0.0,12.936013624563651,1206.0
R2309,69.0,0,1,1,0,701.4,2316.8,0.0,3018.2,35.074398218588264,5.217240255780251,5.217240255780251,6.782759744219749,244.42698590191804,2072.42189910615,6.245980190573567,1260.2
R2310,66.0,1,1,0,1,1305.8,1077.9,2263.4,4647.1,59.97091724893845,7.058910396270122,7.058910396270122,4.941089603729878,419.5895033006348,1354.1437459630088,16.50793701859422,4647.1
R2311,78.0,1,5,0,0,103.1,48.8,2400.2,2552.1,0.7855092006031678,0.7855092006031678,0.7855092006031678,0.0,861.2958192128036,0.0,17.975744522472738,2552.1
R2312,65.0,0,1,0,1,2080.5,284.0,0.0,2364.5,34.91860948510427,10.394836260077314,10.394836260077314,1.605163739922686,141.51731181411216,142.51962839918562,17.13359521015819,2364.5
R2313,65.0,1,1,1,0,1384.7,191.6,90.6,1666.9,36.36882850513221,15.394330468599781,12.0,0.0,282.1528979885708,0.0,6.872165402836606,1008.0
R2314,54.0,1,4,1,1,2192.4,179.4,141.2,2513.0,47.01163005243008,45.994984270628386,12.0,0.0,320.5967616759982,0.0,9.839833567532747,2115.3
R2315,68.0,1,1,1,1,1344.0,79.6,323.9,1747.5,7.994837654624419,7.994837654624419,7.994837654624419,0.0,79.57160682473194,0.0,12.55562258177581,1747.5
R2316,66.0,1,4,1,0,229.9,1500.9,1974.4,3705.2,15.826140463791347,1.6749253843512635,1.6749253843512635,10.325074615648736,834.7343386915328,2640.586259745071,15.825447963323843,3705.3
R2317,55.0,1,0,1,1,2200.2,98.2,0.0,2298.4,249.84052380525355,48.360418120549696,12.0,0.0,98.22864512748663,0.0,10.927351780907204,2106.3
R2318,52.0,0,0,1,0,217.5,837.2,453.7,1508.4,15.409675279829768,1.0585164276884238,1.0585164276884238,10.941483572311576,12.236847939131152,916.8513344224341,14.739895153866684,1508.4
R2319,72.0,0,5,1,0,173.0,174.3,564.7,912.0,1.4968603291766016,1.1289053360240475,1.1289053360240475,0.3679549931525541,55.74890517770481,118.50507263641079,12.895356866095558,911.9
R2320,61.0,1,0,1,0,1351.9,106.9,259.5,1718.3,58.0401989879289,18.916308635445436,12.0,0.0,106.91901876093033,0.0,8.601474321250402,1350.0
R2321,57.0,1,1,1,0,1231.5,590.8,0.0,1822.3,29.085746176255086,14.045791299531032,12.0,0.0,590.8218348088153,0.0,27.03095142426962,1822.4
R2322,63.0,1,2,1,1,2113.2,139.9,0.0,2253.1,132.39494366185176,12.317165991925588,12.0,0.0,139.9204250829862,0.0,20.58810964684173,2253.1
R2323,77.0,1,1,0,0,1399.4,162.4,283.1,1844.9,16.95381296836236,16.95381296836236,12.0,0.0,162.36306885949534,0.0,29.601212932831594,1844.9
R2324,58.0,1,1,1,1,2228.8,239.0,482.8,2950.6,145.31799767520386,46.14754640359548,12.0,0.0,721.8339640359902,0.0,20.480529582381436,2950.6
R2325,59.0,1,0,1,1,545.0,81.4,255.5,881.9,2.6316653034073183,2.6316653034073183,2.6316653034073183,0.0,81.38792194285469,0.0,20.764186752798647,881.9
R2326,61.0,1,1,1,0,106.6,3825.9,1229.1,5161.6,26.207640496909445,0.16874413521853027,0.16874413521853027,11.83125586478147,8.348682904213597,4860.504859439525,14.733428850453304,5161.6
R2327,75.0,1,0,1,1,1795.5,137.3,0.0,1932.8,50.94094841578025,36.374047013548775,12.0,0.0,137.2714826748508,0.0,25.32025682947352,1932.8
R2328,72.0,1,0,1,1,1191.4,1179.5,85.8,2456.7,26.548033488207654,8.303897007824089,8.303897007824089,3.696102992175911,302.21087937000294,963.049947734321,17.10187471069512,2456.6
R2329,67.0,1,4,1,0,89.6,2706.6,1329.0,4125.2,29.199063597069518,0.9503238902364644,0.9503238902364644,11.049676109763535,448.48989784051815,3587.1050010955814,25.760298200541484,4125.2
R2330,71.0,1,2,1,0,1042.5,744.0,257.9,2044.4,55.096336583860534,8.062802325727693,8.062802325727693,3.9371976742723067,177.78379954632013,824.117227354764,17.212509127762658,2044.4
R2331,57.0,1,2,0,1,1937.0,236.4,121.9,2295.3,25.706669430735417,19.139871964586884,12.0,0.0,236.36856406515682,0.0,23.73997011873687,2295.3
R2332,70.0,1,1,1,1,703.0,1436.0,3276.8,5415.8,70.93666596989168,3.4061280980422906,3.4061280980422906,8.593871901957709,82.26884430275668,2059.797262561557,21.899764968376445,5415.7
R2333,69.0,1,0,1,0,642.9,147.7,1073.3,1863.9,5.963914607806837,5.963914607806837,5.963914607806837,0.0,147.71361349837142,0.0,15.519008908142727,1863.9
R2334,71.0,1,4,1,0,223.6,2106.4,2216.4,4546.4,12.339591970165033,1.3861498311589857,1.3861498311589857,10.613850168841015,126.95905313009939,4195.816455974344,8.185639568000102,1920.8
R2335,54.0,1,1,0,1,1329.4,356.4,406.3,2092.1,97.20672712792987,7.908048923827417,7.908048923827417,4.091951076172583,81.47624256296959,497.0552099936309,11.584581974869424,2064.2
R2336,66.0,1,0,1,0,1281.7,226.4,0.0,1508.1,37.745354970475375,10.580211388049248,10.580211388049248,1.419788611950752,120.73823672304471,105.66656647498853,16.573356074219845,1508.1
R2337,56.0,1,0,1,1,332.1,731.4,506.9,1570.4,35.82145354541635,1.3558012486235163,1.3558012486235163,10.644198751376484,14.011564841533476,1224.316345034258,17.39631602666909,1570.4
R2338,70.0,0,0,1,1,1983.9,46.7,519.6,2550.2,89.24972092250952,33.860344587316945,12.0,0.0,46.69536553356665,0.0,11.158233595206422,2547.0
R2339,59.0,1,0,1,1,2149.8,112.3,0.0,2262.1,31.86716082668538,12.960544781592128,12.0,0.0,112.31816899901679,0.0,12.266858403785793,2262.1
R2340,58.0,1,2,1,0,214.9,970.6,5103.0,6288.5,17.92971178421275,1.2965676025437816,1.2965676025437816,10.703432397456218,17.69968588112506,5717.139066616573,13.777600088127361,6288.5
R2341,72.0,1,0,1,1,352.4,17.9,0.0,370.3,1.2127720192836382,1.2127720192836382,1.2127720192836382,0.0,17.865570482172348,0.0,19.14410132478174,370.3
R2342,67.0,0,0,1,0,743.3,395.1,2485.3,3623.7,7.717816824083677,6.2366196879408,6.2366196879408,1.4811971361428773,155.00735097148268,240.09290131263734,8.145865415725051,3623.6
R2343,58.0,1,1,1,0,479.7,701.9,111.8,1293.4,59.14812216418288,3.941057196898188,3.941057196898188,8.058942803101813,48.95819862389268,764.6930144567945,15.76594439281676,1293.4
R2344,52.0,0,1,1,0,1319.5,138.5,0.0,1458.0,10.946316334174961,10.946316334174961,10.946316334174961,0.0,138.5157094299572,0.0,22.36613540456702,1458.0
R2345,64.0,1,0,0,1,175.9,881.1,0.0,1057.0,76.20016947642861,0.5535079310599069,0.5535079310599069,11.446492068940094,6.4845603470237165,874.5658657576104,26.073560350631052,1056.9
R2346,42.0,0,1,0,1,184.3,1417.9,32.1,1634.3,179.36858015058075,0.7234291487471941,0.7234291487471941,11.276570851252806,45.909043011734134,1404.084807028181,18.384347441381223,1634.3
R2347,58.0,0,1,1,1,1967.3,180.4,0.0,2147.7,14.584159729139053,14.584159729139053,12.0,0.0,180.3836518866346,0.0,28.799505652164623,2147.7
R2348,57.0,0,1,0,0,1399.6,143.8,0.0,1543.4,32.42798858368384,22.436668239732494,12.0,0.0,143.78872853209626,0.0,23.652045118440093,1543.4
R2349,64.0,1,0,1,1,1133.0,857.2,1534.8,3525.0,43.613846818822566,5.749085483535725,5.749085483535725,6.250914516464275,105.94629258814871,1643.5122910318933,24.957804626387237,3525.1
R2350,66.0,1,0,1,0,249.5,195.2,238.7,683.4,4.292281852065561,2.6831866915762936,2.6831866915762936,1.6090951604892676,39.75456655725515,155.48241701001893,9.243272958873685,683.5
R2351,64.0,1,2,1,0,1298.7,101.9,0.0,1400.6,28.35316997310057,14.731343308834026,12.0,0.0,101.86131143364823,0.0,18.13071874918156,1400.6
R2352,57.0,1,0,1,0,776.0,742.2,165.9,1684.1,84.09579275728458,6.202573282915573,6.202573282915573,5.797426717084427,104.59936199303169,803.4987872183367,6.852380815530536,1118.0
R2353,71.0,0,2,1,0,214.1,1219.5,660.2,2093.8,20.651488014568116,1.9141538106397389,1.9141538106397389,10.085846189360261,537.8383720388485,1341.8785383322947,22.046542808834225,2093.8
R2354,61.0,1,0,1,0,231.9,234.0,783.4,1249.3,4.015555999410717,1.7959196037016694,1.7959196037016694,2.2196363957090472,25.831197759548893,687.211414820096,13.803202486548406,1249.4
R2355,46.0,1,1,1,0,113.5,12.6,394.9,521.0,0.644464431490603,0.644464431490603,0.644464431490603,0.0,12.56571406470954,0.0,27.11526759780813,521.0
R2356,65.0,1,0,0,1,2230.5,728.7,1215.3,4174.5,254.63681688219316,11.605283912071839,11.605283912071839,0.3947160879281615,1811.7579846669953,132.29348034703239,9.1389682054697,2328.4
R2357,46.0,1,1,0,0,282.4,612.7,115.1,1010.2,30.302096073623833,2.0049800895467773,2.0049800895467773,9.995019910453223,18.282737483558027,709.4513014641631,7.786285247966179,759.6
R2358,73.0,0,1,1,0,223.3,1039.5,1101.8,2364.6,17.402199127928498,1.8959120419230149,1.8959120419230149,10.104087958076985,29.07064174905623,2112.1812712798956,15.491332525401148,2364.5
R2359,72.0,0,0,1,0,468.9,1572.2,885.6,2926.7,58.438299585322056,3.0168903933697053,3.0168903933697053,8.983109606630295,205.34275423153662,2252.4922702477725,9.797652071741563,2560.2
R2360,68.0,1,0,1,0,1382.1,156.6,0.0,1538.7,20.346428832249153,19.81784634529048,12.0,0.0,156.63527770576124,0.0,19.198634643376764,1538.7
R2361,56.0,1,0,1,0,938.6,1117.8,1169.9,3226.3,28.99449683420191,7.933738205330967,7.933738205330967,4.066261794669033,427.73573172356373,1859.9752941523561,16.40600733654292,3226.3
R2362,73.0,0,1,1,0,568.7,49.2,220.3,838.2,4.08086651809203,4.08086651809203,4.08086651809203,0.0,49.153845406328976,0.0,6.559696202241354,838.2
R2363,65.0,0,2,0,0,707.8,1194.6,910.2,2812.6,43.646643843300495,5.089819474237223,5.089819474237223,6.910180525762777,121.22460656835072,1594.5317525974535,11.842271658362694,2788.1
R2364,69.0,1,1,0,0,1371.4,220.8,0.0,1592.2,67.64073361616938,30.23432354382544,12.0,0.0,220.84703650053348,0.0,9.670729282787986,1320.8
R2365,62.0,1,3,1,0,1183.5,247.4,739.7,2170.6,22.10221407415898,19.60701491518947,12.0,0.0,987.1150015797684,0.0,10.285384757682337,2036.6
R2366,49.0,1,0,0,1,2212.0,437.0,0.0,2649.0,250.1385896555707,12.119450075422824,12.0,0.0,437.0436144630689,0.0,29.675436154002977,2649.0
R2367,56.0,1,2,1,0,1429.4,308.5,0.0,1737.9,41.15612955981837,18.469043504564205,12.0,0.0,308.4978718085455,0.0,19.926407763554636,1737.9
R2368,63.0,0,3,1,1,1271.1,866.4,938.8,3076.3,31.189602266962563,6.18724226587656,6.18724226587656,5.81275773412344,121.56943286449248,1683.6124354059643,24.687569300806942,3076.3
R2369,66.0,1,2,0,0,1393.1,128.5,0.0,1521.6,55.34072124913171,16.26656289666109,12.0,0.0,128.45205896691667,0.0,15.247832822204952,1521.5
R2370,59.0,1,0,0,1,1353.4,58.3,713.8,2125.5,7.5429961578502045,7.5429961578502045,7.5429961578502045,0.0,58.3064566171749,0.0,10.341292078662176,2125.5
R2371,54.0,1,1,1,0,1345.6,242.5,576.7,2164.8,13.212662711270172,11.701738552943334,11.701738552943334,0.2982614470566656,207.95358497569947,34.56818397661482,14.055947104179399,2164.8
R2372,61.0,0,6,1,0,299.4,1462.4,414.5,2176.3,13.012654356130188,2.940662973173689,2.940662973173689,9.059337026826311,69.33433584954498,1807.4905838813559,22.699726663277506,2176.2
R2373,68.0,1,3,1,1,936.8,77.1,675.0,1688.9,4.835220320278722,4.835220320278722,4.835220320278722,0.0,330.79130765024786,0.0,15.906116518302817,1689.0
R2374,66.0,1,0,1,1,1839.0,309.5,0.0,2148.5,46.40698856972643,10.90234123901601,10.90234123901601,1.0976587609839896,186.8445673212245,122.68500213939335,6.244427122335183,1277.3
R2375,73.0,1,1,0,1,2272.8,126.6,516.4,2915.8,131.90244354408503,38.09399541343086,12.0,0.0,642.920447679229,0.0,19.33201170717219,2915.8
R2376,85.0,1,3,1,0,639.5,982.6,6539.8,8161.9,13.770716683235595,6.8241136940661455,6.8241136940661455,5.1758863059338545,4034.5937879487174,3487.8820879677073,18.278989035928863,8162.0
R2377,52.0,1,1,1,0,1069.1,995.0,0.0,2064.1,34.56129561298281,8.214679325033334,8.214679325033334,3.785320674966666,248.43754743254212,746.6081364236419,22.353342204856126,2064.1
R2378,66.0,1,3,0,1,2248.7,75.0,1133.4,3457.1,48.66615546488906,12.854710735045927,12.0,0.0,1208.369896456122,0.0,6.670069230260874,2486.8
R2379,64.0,0,1,0,1,2147.2,373.2,0.0,2520.4,35.23690314943119,23.189650981760657,12.0,0.0,373.24321051937875,0.0,27.327783995453764,2520.5
R2380,61.0,1,1,1,0,454.4,682.0,445.7,1582.1,19.614085097712685,3.1609021390129812,3.1609021390129812,8.83909786098702,35.44977785280459,1092.1913961066348,17.082618289329606,1582.0
R2381,67.0,1,2,0,1,2122.5,92.5,191.7,2406.7,24.112034944607792,21.135960142826196,12.0,0.0,92.54321332824817,0.0,14.66344386042039,2406.8
R2382,64.0,0,2,0,0,1392.4,240.2,0.0,1632.6,104.61987774866897,12.17783143762486,12.0,0.0,240.2008844515999,0.0,12.93619508566229,1632.6
R2383,69.0,1,2,1,0,1220.3,299.8,2884.8,4404.9,10.85370149884971,10.758809373986297,10.758809373986297,0.09489212486341181,1878.874925013863,16.30580966802454,26.394669406893094,4404.9
R2384,68.0,1,1,1,1,1870.6,280.9,0.0,2151.5,13.013516028442432,12.474622276767487,12.0,0.0,280.9150224043517,0.0,12.360532793799296,2151.5
R2385,51.0,1,0,0,1,1328.2,494.1,651.0,2473.3,295.108546546947,6.2317673847619615,6.2317673847619615,5.7682326152380385,70.22502124993159,1074.950750734261,13.201456202614088,2473.4
R2386,69.0,0,0,1,1,1551.8,515.0,0.0,2066.8,60.170519917671044,9.411904250287837,9.411904250287837,2.5880957497121635,184.3719023545219,330.64426858711437,27.373190878024246,2066.8
R2387,59.0,1,1,1,0,1193.3,379.7,0.0,1573.0,45.33635797311449,15.683976219104261,12.0,0.0,379.6886405416022,0.0,17.27512655669482,1572.9
R2388,74.0,1,2,0,1,2194.7,372.3,491.7,3058.7,25.451852467873668,14.346805338057536,12.0,0.0,863.9708084627034,0.0,7.156531986897236,2176.9
R2389,60.0,1,1,0,1,2266.5,186.5,590.1,3043.1,94.24504762296051,64.30266757235002,12.0,0.0,186.52888726670804,0.0,8.921471741886727,2428.6
R2390,59.0,1,0,1,0,1357.6,303.0,0.0,1660.6,38.46245120331695,15.280679996361215,12.0,0.0,302.95165608778234,0.0,24.090712500170373,1660.6
R2391,57.0,0,2,1,0,1407.3,252.9,0.0,1660.2,72.64300486286047,20.603163202359514,12.0,0.0,252.91093262310594,0.0,13.815611250653502,1660.2
R2392,60.0,1,1,1,0,1317.9,233.8,1269.4,2821.1,32.95635907917246,11.379026921502115,11.379026921502115,0.6209730784978849,1027.4782597958585,61.38042387827126,13.308127307433235,2821.2
R2393,57.0,0,1,0,1,1137.1,1237.0,0.0,2374.1,30.779005369882526,5.209444589244669,5.209444589244669,6.790555410755331,130.1915806868134,1106.7771832347905,13.086024817267269,2374.0
R2394,78.0,0,2,0,0,1281.9,271.4,85.4,1638.7,71.67942299404996,22.813220925782623,12.0,0.0,356.8225993339362,0.0,29.34530112132076,1638.8
R2395,53.0,1,2,1,1,1358.0,711.8,200.6,2270.4,20.53303416382747,7.374140339275964,7.374140339275964,4.625859660724036,139.80459935396877,772.5532321961834,17.658731647660513,2270.4
R2396,53.0,1,0,1,1,2021.6,288.7,0.0,2310.3,116.85015282678503,10.375760533546133,10.375760533546133,1.6242394664538669,142.85626218867876,145.8454298320605,27.501104438032446,2310.3
R2397,72.0,0,1,1,0,795.2,322.8,266.5,1384.5,6.232032877122413,6.232032877122413,6.232032877122413,0.0,322.79261989230565,0.0,25.068514953848567,1384.4
R2398,54.0,1,0,0,1,2209.8,158.8,887.5,3256.1,66.71207237153163,25.734591079484655,12.0,0.0,440.83906646510184,0.0,24.905602991333126,3256.0
R2399,67.0,1,0,0,0,239.4,12.9,44.1,296.4,1.0802492812891655,1.0802492812891655,1.0802492812891655,0.0,12.92736110131047,0.0,24.649029752905996,296.4
R2400,59.0,1,0,0,1,2178.5,367.9,0.0,2546.4,106.68149568293242,79.41487071608478,12.0,0.0,367.9043063990164,0.0,13.343056271861773,2546.4
R2401,67.0,0,1,0,1,1760.5,892.3,1025.6,3678.4,63.51321065650639,9.239342540248,9.239342540248,2.760657459752,302.620065450288,1615.2791200410106,25.78654088378009,3678.3
R2402,66.0,1,2,0,0,1382.1,193.0,0.0,1575.1,124.66102465608465,18.54539997700224,12.0,0.0,193.00408851878214,0.0,17.78714897181932,1575.1
R2403,59.0,1,0,1,1,1457.2,645.4,520.1,2622.7,42.89354088087094,7.59783879024959,7.59783879024959,4.40216120975041,135.05890187254815,1030.4544169646701,10.183356098564367,1892.0
R2404,79.0,1,1,0,1,2265.6,498.9,465.1,3229.6,13.819552444193423,13.819552444193423,12.0,0.0,963.9473471519852,0.0,12.062859881847995,3229.6
R2405,61.0,0,3,0,0,1158.6,847.3,416.7,2422.6,34.71491560264582,9.02599205387343,9.02599205387343,2.9740079461265694,269.0843501933405,994.890963776365,18.70443209203298,2422.5
R2406,60.0,1,3,1,0,108.6,879.9,177.1,1165.6,11.460323987379933,0.7089809295625822,0.7089809295625822,10.751343057817351,8.807679375480527,871.0700585736145,17.556494891466134,1165.5
R2407,54.0,1,2,0,1,1035.5,984.1,454.2,2473.8,46.45379834842414,5.826448447802672,5.826448447802672,6.173551552197328,124.41112958892101,941.587823420815,29.682825363511558,2473.9
R2408,67.0,1,2,1,0,1437.4,270.8,643.9,2352.1,34.17425758914193,13.016130146462727,12.0,0.0,914.6884129444409,0.0,20.86706179134805,2352.0
R2409,63.0,1,1,1,0,689.8,126.6,464.8,1281.2,5.678358295514213,5.533744077161833,5.533744077161833,0.14461421835238042,108.14840682068355,18.43212782185202,20.91806380840577,1281.1
R2410,55.0,1,1,1,0,107.3,862.0,1765.4,2734.7,68.0286174399637,0.18081995109845844,0.18081995109845844,11.819180048901542,2.017323902661041,2625.3545887071928,7.259825714112281,1589.9
R2411,60.0,1,1,1,0,235.4,1681.8,0.0,1917.2,24.477923672473384,1.286400617866925,1.286400617866925,10.713599382133076,30.404610436002056,1651.4370697024513,7.621752769749528,1242.3
R2412,60.0,1,0,0,1,1957.3,166.5,0.0,2123.8,39.061624353302314,39.061624353302314,12.0,0.0,166.52549191319127,0.0,13.252519423269018,2123.8
R2413,59.0,1,1,1,0,1286.1,233.7,918.0,2437.8,42.69746423022041,12.720269203293887,12.0,0.0,233.67673067636795,0.0,16.747703926020378,2437.8
R2414,72.0,1,2,1,0,309.8,90.7,0.0,400.5,2.6605438191906994,2.6605438191906994,2.6605438191906994,0.0,90.69984480870484,0.0,28.300932387850345,400.5
R2415,63.0,1,1,0,0,894.0,78.8,935.3,1908.1,7.594754986844703,7.594754986844703,7.594754986844703,0.0,78.80826224928376,0.0,7.247345198818127,969.2
R2416,67.0,0,0,1,1,1853.0,590.3,258.5,2701.8,11.123457805945238,9.185460719788919,9.185460719788919,1.9379970861563187,248.42455091834486,341.8299503041253,23.356810451233645,2701.8
R2417,55.0,0,4,1,0,1371.3,896.6,1371.8,3639.7,16.94159774353478,16.94159774353478,12.0,0.0,2268.3781092447134,0.0,20.912329996395332,3639.7
R2418,65.0,1,1,1,0,106.5,1425.5,1598.9,3130.9,25.380726944026136,0.8306132156612457,0.8306132156612457,11.169386784338755,16.071095921305627,2219.2210838748256,11.859240075463752,3113.1
R2419,48.0,1,0,1,1,2109.6,83.2,0.0,2192.8,132.58381315210949,15.292211307816864,12.0,0.0,83.19091714712938,0.0,28.015877972852106,2192.8
R2420,56.0,1,0,0,1,886.5,637.9,377.4,1901.8,61.9760580140646,4.808017913633889,4.808017913633889,7.191982086366111,59.30901216433777,734.0929267725217,15.141069873519534,1901.8
R2421,40.0,1,1,1,1,1172.4,1950.5,243.1,3366.0,22.078261837989903,6.543805040010726,6.543805040010726,5.456194959989274,546.1138040078445,1647.537593665803,26.066632739784666,3366.0
R2422,70.0,1,1,1,0,1229.3,381.8,235.7,1846.8,24.463315868991184,14.15797137815063,12.0,0.0,617.4858424720487,0.0,12.566696909331512,1846.8
R2423,78.0,0,2,1,0,321.3,91.7,0.0,413.0,2.968858511190718,2.968858511190718,2.968858511190718,0.0,91.66581747991272,0.0,19.601798042849104,413.0
R2424,44.0,1,2,1,1,857.9,486.1,146.8,1490.8,110.93643534013604,4.786733856049879,4.786733856049879,7.213266143950121,44.88957013559772,588.0058718106236,24.65924743992405,1490.8
R2425,73.0,1,3,0,0,1294.6,123.7,0.0,1418.3,20.643003547507632,20.643003547507632,12.0,0.0,123.73631875556596,0.0,26.727132065582225,1418.4
R2426,57.0,1,1,0,0,1197.0,131.5,1094.3,2422.8,9.450167898271621,9.450167898271621,9.450167898271621,0.0,430.73314786722153,0.0,14.588833470129716,2422.7
R2427,58.0,1,0,1,1,2237.0,137.8,0.0,2374.8,30.058896473232533,30.058896473232533,12.0,0.0,137.76043518772255,0.0,11.069902656918796,2364.0
R2428,69.0,1,1,0,1,564.4,1082.4,0.0,1646.8,21.888425763690062,2.2230315325949648,2.2230315325949648,9.776968467405036,36.46482006775908,1045.9142726596624,21.705036252582985,1646.7
R2429,74.0,1,3,0,0,1143.6,191.8,0.0,1335.4,44.10011528442178,20.864094786752467,12.0,0.0,191.75518513786875,0.0,21.368882736737994,1335.4
R2430,63.0,1,2,1,0,1223.0,337.6,827.7,2388.3,81.20178001409344,16.437602251346803,12.0,0.0,1165.310828957352,0.0,7.1305386115593565,1532.1
R2431,68.0,1,3,1,0,238.0,45.0,167.6,450.6,1.8986469248003675,1.8986469248003675,1.8986469248003675,0.0,45.02826441670201,0.0,20.444363530874003,450.6
R2432,59.0,1,1,1,1,2155.7,188.7,513.4,2857.8,76.25225966815948,36.564095429878975,12.0,0.0,188.71876984040065,0.0,28.61559244932271,2857.8
R2433,60.0,1,2,1,1,2269.3,171.5,768.7,3209.5,114.07551552232127,53.44096936346231,12.0,0.0,673.1750149038897,0.0,11.915244596896889,3208.3
R2434,68.0,1,1,0,0,346.6,1086.6,1431.8,2865.0,55.4762391783664,2.407272405848908,2.407272405848908,9.592727594151093,40.26334280650461,2478.14130296964,21.054124455729823,2865.0
R2435,72.0,0,2,1,1,1657.1,1113.1,0.0,2770.2,22.741246740496226,8.215631272316543,8.215631272316543,3.7843687276834572,277.9814404281587,835.0870129228406,27.99966841723709,2770.2
R2436,66.0,1,0,1,0,1431.9,254.7,0.0,1686.6,115.93009631459944,19.435578152916808,12.0,0.0,254.66746068194453,0.0,15.240683176485796,1686.6
R2437,54.0,0,1,1,1,2217.8,102.3,0.0,2320.1,12.696092623253667,12.696092623253667,12.0,0.0,102.25601471235642,0.0,25.65330864424136,2320.0
R2438,74.0,0,0,1,1,2085.8,148.9,382.3,2617.0,10.383730175074351,10.383730175074351,10.383730175074351,0.0,531.2464894881371,0.0,27.51374323182309,2617.1
R2439,73.0,1,2,1,1,1095.1,971.8,2771.4,4838.3,29.717272448207414,5.177970786960566,5.177970786960566,6.822029213039434,101.3090569379395,3641.924138195698,7.162320855636545,1449.6
R2440,62.0,1,2,1,0,1391.8,216.9,0.0,1608.7,41.77522098559772,15.440123538705064,12.0,0.0,216.92213063726416,0.0,13.034767242971594,1608.7
R2441,69.0,1,1,0,0,1300.5,241.6,0.0,1542.1,89.24087383903037,43.200134065605305,12.0,0.0,241.58245026208706,0.0,11.847282031434577,1539.0
R2442,53.0,1,2,0,1,2115.0,359.4,0.0,2474.4,23.449819890429154,17.397659626796706,12.0,0.0,359.3968858306467,0.0,27.808180104517835,2474.4
R2443,60.0,1,1,1,1,172.5,269.8,366.6,808.9,41.801180968053785,0.4886861136652548,0.4886861136652548,11.511313886334746,1.7451577610071685,395.47307524505413,20.411713120306977,808.9
R2444,49.0,0,2,1,1,1308.3,1020.6,1639.0,3967.9,120.4148176636374,6.009513880240905,6.009513880240905,5.990486119759095,136.05383944265193,2523.4773501881473,8.963596622193988,2025.5
R2445,67.0,0,4,1,0,1325.3,410.5,1100.5,2836.3,41.33511681312005,41.33511681312005,12.0,0.0,1169.2312626631453,0.0,15.158173489310876,2836.2
R2446,47.0,0,0,0,1,2247.6,122.4,729.0,3099.0,467.50128842659257,23.19519424789436,12.0,0.0,122.41825731022494,0.0,12.527457949397792,3099.0
R2447,65.0,1,1,1,0,650.1,809.9,1355.2,2815.2,57.205298227950045,6.626628142691057,6.626628142691057,5.373371857308943,128.78721051982416,1200.047392773695,29.87008727995545,2815.2
R2448,63.0,1,2,0,0,1424.5,281.3,0.0,1705.8,64.22454425950178,52.37623224583761,12.0,0.0,281.3457707130247,0.0,27.125116591912743,1705.8
R2449,55.0,0,0,1,1,356.9,41.5,635.2,1033.6,1.9197302095420428,1.9197302095420428,1.9197302095420428,0.0,41.483020506468165,0.0,26.42081396138628,1033.6
R2450,61.0,0,1,1,0,173.4,24.8,960.7,1158.9,1.2288231278634747,1.2288231278634747,1.2288231278634747,0.0,24.79133206997912,0.0,8.6221676282427,1158.8
R2451,59.0,1,0,1,1,185.9,836.4,2854.9,3877.2,42.07091744945621,0.3705327948803568,0.3705327948803568,11.629467205119644,4.066326185867278,3405.0862795885514,15.155517303057671,3877.1
R2452,68.0,1,0,0,0,945.3,744.5,4191.5,5881.3,55.229955906445355,7.166774481275378,7.166774481275378,4.833225518724622,137.91578003230288,4798.126577657364,16.587174890986113,5881.3
R2453,74.0,1,1,1,0,1151.7,465.3,0.0,1617.0,15.437026715243935,9.24005472313858,9.24005472313858,2.759945276861419,157.8241553219506,307.4417365530478,13.746137152467728,1617.0
R2454,78.0,0,2,1,0,220.8,1190.5,701.2,2112.5,7.493964084974615,1.8855437371896142,1.8855437371896142,5.6084203477850005,58.35982740751984,1132.0910771158603,27.266753779762233,2112.4
R2455,71.0,1,2,1,1,2262.0,574.1,1322.0,4158.1,45.35030785341907,12.392569344618567,12.0,0.0,1411.4292715812464,0.0,16.926898893676764,4158.1
R2456,59.0,1,0,1,1,712.7,1535.2,335.8,2583.7,20.23461440093133,3.369482089410191,3.369482089410191,8.630517910589809,86.71108485757318,1784.3063733510253,24.35076703089758,2583.7
R2457,47.0,0,1,1,0,1072.0,102.7,333.9,1508.6,8.713195134160651,8.713195134160651,8.713195134160651,0.0,102.74709333035653,0.0,19.979388557699238,1508.6
R2458,61.0,1,0,1,1,1121.0,715.0,0.0,1836.0,19.750902440956395,6.78867816404402,6.78867816404402,5.21132183595598,119.04621260287674,595.9937159506942,15.662766928042565,1836.0
R2459,58.0,0,0,1,1,2073.9,322.3,0.0,2396.2,76.46748401105232,32.79327599718765,12.0,0.0,322.2609800938151,0.0,8.126767221505476,1773.7
R2460,81.0,1,2,1,0,1197.8,797.4,461.0,2456.2,34.25772739456956,9.308214218942899,9.308214218942899,2.691785781057101,276.301986329389,521.1005784213029,26.552858429508074,2456.2
R2461,53.0,0,1,1,0,1384.7,142.2,0.0,1526.9,14.391141687648577,12.86527612713511,12.0,0.0,142.20713694016325,0.0,17.536299413154953,1526.9
R2462,74.0,1,1,1,1,928.9,124.8,1133.5,2187.2,4.685853197691999,4.685853197691999,4.685853197691999,0.0,264.0656701025382,0.0,7.747037390166169,2187.2
R2463,58.0,1,0,1,0,1227.8,86.9,885.5,2200.2,59.53904507307959,24.33287065136973,12.0,0.0,86.85817438380921,0.0,17.46684464921875,2200.1
R2464,63.0,0,1,1,1,2200.4,232.6,221.4,2654.4,22.852608507889414,22.852608507889414,12.0,0.0,232.63088770418724,0.0,7.080195045637767,1825.6
R2465,65.0,1,0,1,0,1327.9,276.8,0.0,1604.7,19.504163264381972,13.272471760261412,12.0,0.0,276.8166690656543,0.0,13.64052872467472,1604.8
R2466,64.0,1,0,1,0,303.1,41.1,155.2,499.4,2.2493274681724746,2.2493274681724746,2.2493274681724746,0.0,41.12457438735193,0.0,27.543214163398076,499.4
R2467,60.0,1,0,1,0,101.0,465.6,716.9,1283.5,19.70255422454003,0.5745730005480477,0.5745730005480477,11.425426999451952,3.5624593049852944,798.0805327130626,14.253773120347144,1283.4
R2468,48.0,0,0,0,1,2212.4,257.3,0.0,2469.7,256.1531590147813,22.08095129727795,12.0,0.0,257.3389815658146,0.0,13.978305395257365,2469.8
R2469,69.0,0,0,1,1,1327.1,87.9,1110.7,2525.7,6.3303143467030125,6.3303143467030125,6.3303143467030125,0.0,87.94580663768302,0.0,13.29447841701152,2525.7
R2470,78.0,0,3,1,0,117.5,634.0,231.4,982.9,15.402260497617693,0.26718253360494665,0.26718253360494665,11.732817466395053,155.72165335063556,709.7490323849452,19.677309572972135,983.0
R2471,73.0,1,2,0,0,1380.3,173.8,0.0,1554.1,15.366989212239124,15.366989212239124,12.0,0.0,173.83287326529893,0.0,17.975901392857907,1554.1
R2472,62.0,1,2,1,0,1409.2,122.8,0.0,1532.0,44.30141784854953,32.41435951011306,12.0,0.0,122.76977149446121,0.0,15.152317574077511,1531.9
R2473,46.0,1,0,1,0,1405.9,127.1,0.0,1533.0,14.431398541628909,14.431398541628909,12.0,0.0,127.05749705455854,0.0,26.45105344769121,1533.0
R2474,78.0,1,1,0,1,2024.0,350.8,0.0,2374.8,22.00620632321263,22.00620632321263,12.0,0.0,350.83199567642384,0.0,17.237988685103815,2374.8
R2475,72.0,0,1,1,1,707.6,1432.7,2153.0,4293.3,69.23662150749286,3.1195018119326985,3.1195018119326985,8.880498188067302,73.22242646604079,3512.397003455978,26.10039683362013,4293.2
R2476,54.0,1,1,1,1,1885.9,344.7,0.0,2230.6,32.85733697259192,32.85733697259192,12.0,0.0,344.6856283452828,0.0,15.686402622316512,2230.6
R2477,58.0,1,4,0,0,306.5,45.9,1067.5,1419.9,2.3478160880668844,2.3478160880668844,2.3478160880668844,0.0,45.850714919071116,0.0,14.433642399052374,1419.9
R2478,81.0,1,3,1,0,1032.6,755.2,0.0,1787.8,36.7208146721032,9.996569543262586,9.996569543262586,2.003430456737414,327.3398301148906,427.84410834567944,10.230028669490398,1409.7
R2479,74.0,1,1,0,1,2092.3,182.4,81.7,2356.4,49.68541644093903,49.68541644093903,12.0,0.0,264.18934533438494,0.0,7.622285085208488,1592.5
R2480,69.0,0,0,0,0,298.3,454.5,1088.4,1841.2,272.3783740926326,2.736223503985431,2.736223503985431,9.263776496014568,19.690917021308767,1022.1157328295465,19.721045899388763,1841.2
R2481,50.0,1,2,1,0,237.7,279.6,1612.2,2129.5,1.7646226985485294,1.227135117111076,1.227135117111076,0.5374875814374533,72.49915045643999,207.09632413286474,14.551251309102732,2129.5
R2482,49.0,0,1,1,1,2158.8,157.5,175.3,2491.6,107.67606844692955,13.5851592670412,12.0,0.0,157.49133584159594,0.0,9.5065909948006,2099.1
R2483,66.0,1,0,1,1,1964.5,211.5,0.0,2176.0,72.87698891752994,12.761916884252875,12.0,0.0,211.4908538680786,0.0,18.63971997606103,2175.9
R2484,74.0,1,6,1,0,352.5,580.2,1185.5,2118.2,6.712843056954771,2.9755330224871153,2.9755330224871153,3.7373100344676558,518.7709024486777,517.033654022689,23.22748653002889,2118.1
R2485,59.0,0,1,0,0,1411.9,308.1,0.0,1720.0,27.455465260585537,27.455465260585537,12.0,0.0,308.1379779666237,0.0,21.11483131081407,1720.1
R2486,70.0,1,2,0,0,118.1,1214.6,0.0,1332.7,60.23343879321178,0.2733519193666981,0.2733519193666981,11.726648080633302,4.325876733907615,1210.2896725884423,6.459654241320113,760.9
R2487,70.0,1,4,0,0,571.3,127.7,1801.9,2500.9,5.1312556926723385,4.4153912602086605,4.4153912602086605,0.715864432463678,62.0560652231237,65.61592407384647,14.886509703524192,2500.9
R2488,71.0,0,1,0,1,2031.8,439.8,950.6,3422.2,58.643336347971044,28.703806936167062,12.0,0.0,1390.341459348294,0.0,22.122386075762243,3422.2
R2489,61.0,1,1,0,0,236.0,40.7,567.7,844.4,1.662208057306816,1.662208057306816,1.662208057306816,0.0,40.714762116591764,0.0,15.502180716432573,844.4
R2490,54.0,1,2,0,1,1067.5,2136.7,0.0,3204.2,44.93320469902933,5.5086599475140465,5.5086599475140465,6.4913400524859535,246.02317280824496,1890.722683492599,16.547019190364786,3204.3
R2491,82.0,1,3,0,0,238.5,4589.7,1283.9,6112.1,14.76967910976174,1.011875959251955,1.011875959251955,10.988124040748044,63.90499599481413,5201.971768756658,24.93892437304966,6112.1
R2492,71.0,1,1,0,1,2193.4,277.0,0.0,2470.4,42.19965541993974,42.19965541993974,12.0,0.0,276.9675445637746,0.0,9.706975685859119,2051.9
R2493,72.0,1,4,0,0,337.0,1358.4,2230.4,3925.8,59.115610506764234,2.9347157013014007,2.9347157013014007,9.0652842986986,1187.8282929328368,2401.0148406449593,10.101203167070972,3654.8
R2494,66.0,0,2,1,1,1852.0,280.5,1790.6,3923.1,9.135567919798891,9.135567919798891,9.135567919798891,0.0,280.5356272691317,0.0,24.420000163410215,3923.2
R2495,49.0,1,1,1,1,1044.8,1350.7,0.0,2395.5,99.04516215711143,5.5015916236915485,5.5015916236915485,6.4984083763084515,155.19733014361503,1195.5460771565165,28.08133186081993,2395.6
R2496,67.0,0,2,1,1,2160.2,348.7,752.8,3261.7,41.31221386351504,38.138734126600426,12.0,0.0,1101.54742534422,0.0,9.942234807550413,2841.9
R2497,52.0,0,0,0,1,2262.6,102.0,0.0,2364.6,72.14652364573936,28.259038351946987,12.0,0.0,101.95095405320325,0.0,7.398411378693934,1571.3
R2498,58.0,1,1,0,1,929.7,1770.3,3323.4,6023.4,80.382553166089,4.946790842054875,4.946790842054875,7.053209157945125,171.8917969309637,4228.554154064233,25.60416116020583,6023.5
R2499,69.0,0,5,0,0,918.9,189.5,487.3,1595.7,7.588266824388369,7.588266824388369,7.588266824388369,0.0,290.43693730479424,0.0,19.609603371806053,1595.6
R2500,58.0,1,1,1,0,1364.5,222.2,0.0,1586.7,61.37506246940991,49.19198852584315,12.0,0.0,222.24970692225398,0.0,11.856750285701747,1584.1
R2501,68.0,1,2,1,0,1380.5,317.7,604.4,2302.6,35.865451612700895,12.32050738425061,12.0,0.0,922.0871412609802,0.0,7.1233837720111675,1713.3
R2502,76.0,1,2,1,0,1298.0,252.5,420.3,1970.8,26.93141148687891,19.183740386918178,12.0,0.0,672.8652235797524,0.0,19.20974108039293,1970.9
R2503,58.0,0,4,1,0,1314.5,182.0,0.0,1496.5,46.12799639349359,12.8123633972954,12.0,0.0,181.98111151404393,0.0,9.674518805392584,1242.2
R2504,64.0,1,1,0,1,2083.6,194.8,173.2,2451.6,21.208250142149364,21.208250142149364,12.0,0.0,194.75778457153083,0.0,27.606667308533495,2451.5
R2505,68.0,1,1,1,0,110.6,1351.9,266.0,1728.5,41.37226394965797,0.8703797454934216,0.8703797454934216,11.129620254506579,16.01898528944402,1601.9286641553213,27.727325594790507,1728.6
R2506,56.0,1,0,0,1,1096.8,926.0,0.0,2022.8,97.84771147567011,5.783367247311983,5.783367247311983,6.216632752688017,115.59655611160171,810.3688892472203,23.65427962486987,2022.8
R2507,57.0,1,0,0,1,2221.3,653.6,0.0,2874.9,91.5558797019711,67.90566068055071,12.0,0.0,653.5973287668559,0.0,29.60429792448675,2874.9
R2508,63.0,1,2,1,0,225.6,3139.7,0.0,3365.3,26.931239578883496,1.5385991572279594,1.5385991572279594,10.46140084277204,69.24237063697242,3070.433558941539,13.331085988024093,3365.2
R2509,60.0,1,0,0,0,1351.3,207.4,118.7,1677.4,51.916911385713114,24.935477229816524,12.0,0.0,207.38263082960108,0.0,8.84218222236279,1285.0
R2510,66.0,0,1,1,0,343.7,925.0,0.0,1268.7,29.338639850732932,2.9870411542418,2.9870411542418,9.0129588457582,44.73054125269308,880.2251196330673,21.436916844954606,1268.7
R2511,51.0,0,1,0,0,1393.8,55.1,0.0,1448.9,237.14181502376672,19.840651188429277,12.0,0.0,55.064103951137454,0.0,11.863924132151833,1448.3
R2512,41.0,0,0,1,1,179.7,3058.2,922.9,4160.8,24.957505329257675,0.7759598615674907,0.7759598615674907,11.224040138432509,32.078650515788524,3949.0605186637194,22.69123032848602,4160.8
R2513,54.0,1,2,1,0,330.9,519.5,1996.5,2846.9,69.7614492319992,2.4227857673372517,2.4227857673372517,9.577214232662747,122.68389461176685,2393.31140217466,7.758037965006926,1319.3
R2514,73.0,1,1,1,0,787.3,156.4,129.7,1073.4,6.5481776730882375,6.065470900671012,6.065470900671012,0.4827067724172256,102.96647999846415,53.44144073297462,14.218039718425016,1073.4
R2515,59.0,1,2,1,0,473.3,2005.8,1829.3,4308.4,46.52053986235322,3.7022331450318315,3.7022331450318315,8.297766854968168,128.43443860762613,3706.6658760819455,21.7831962407333,4308.4
R2516,65.0,1,0,1,0,1300.9,61.3,0.0,1362.2,15.534533326025013,14.91054019228436,12.0,0.0,61.330935438572595,0.0,28.486347717850812,1362.2
R2517,88.0,0,2,1,0,119.5,301.9,422.9,844.3,6.996087841006139,0.7180966782994852,0.7180966782994852,6.277991162706654,5.20394992438056,296.71145558969306,8.054908945405327,844.2
R2518,66.0,1,0,0,1,1561.1,642.5,1955.9,4159.5,11.626513016701987,8.119057299541863,8.119057299541863,3.5074557171601235,168.30324089749075,474.1791919095398,16.843001378106536,4159.5
R2519,65.0,1,3,0,0,228.1,2285.4,6675.5,9189.0,63.875373349383544,1.0359301767769187,1.0359301767769187,10.964069823223081,1095.6391550973096,7661.708743368701,28.70807896672109,9189.0
R2520,68.0,0,1,1,0,836.0,1304.0,996.8,3136.8,85.79029631231099,6.712859920059296,6.712859920059296,5.287140079940704,1209.3071463083759,1091.5320425282414,7.290669901697796,1262.1
R2521,64.0,1,0,0,0,598.1,50.0,232.1,880.2,4.386853267595273,4.386853267595273,4.386853267595273,0.0,50.03134627161716,0.0,16.930567050300112,880.2
R2522,67.0,0,2,0,0,1439.6,281.6,1187.3,2908.5,29.232234859690553,29.232234859690553,12.0,0.0,1468.9274560197257,0.0,23.947396005615172,2908.5
R2523,59.0,1,0,0,0,810.6,230.8,0.0,1041.4,192.3899352071517,6.793709791816285,6.793709791816285,5.206290208183715,38.47743333586394,192.3051430161319,17.51418855333283,1041.4
R2524,71.0,0,1,0,1,809.0,1407.5,3865.9,6082.4,18.529886747383372,4.87609438883574,4.87609438883574,7.12390561116426,133.68547833798326,5139.707855876835,26.46150590797209,6082.4
R2525,72.0,1,0,1,1,837.1,1419.0,450.7,2706.8,74.28232246064077,4.267091798094489,4.267091798094489,7.732908201905511,110.69816364970258,1308.3221926540534,15.673138896268124,2706.8
R2526,71.0,1,2,1,1,162.6,1573.5,423.7,2159.8,42.77062905224505,0.7422198324656377,0.7422198324656377,11.257780167534362,15.747507536294998,1758.859641444369,13.345249627213715,2159.8
R2527,65.0,1,3,0,1,2190.6,654.3,0.0,2844.9,51.86959866031468,19.08651416899145,12.0,0.0,654.2524283005182,0.0,6.610634229736137,1638.3
R2528,58.0,1,0,1,1,2256.6,196.1,5917.3,8370.0,160.17070932625833,27.783701888599353,12.0,0.0,6113.339265125433,0.0,17.815479319499858,8370.0
R2529,61.0,0,3,1,0,662.3,2180.9,0.0,2843.2,16.722946355378845,6.047999905496774,6.047999905496774,5.952000094503226,293.99181877874565,1886.9040723089663,29.52508393364109,2843.2
R2530,62.0,1,2,0,0,289.8,22.1,1692.8,2004.7,2.015940230548859,2.015940230548859,2.015940230548859,0.0,22.073041416868627,0.0,27.925672514244706,2004.7
R2531,52.0,1,1,0,1,2136.1,71.0,436.3,2643.4,42.604343579096096,42.604343579096096,12.0,0.0,71.02329590763732,0.0,6.018437638599169,1718.0
R2532,69.0,0,0,1,0,113.6,5.0,441.8,560.4,0.4292979250718848,0.4292979250718848,0.4292979250718848,0.0,5.021317030479768,0.0,6.765100724297985,560.4
R2533,70.0,1,0,0,1,2106.6,91.5,0.0,2198.1,119.60785057573297,51.34555973863119,12.0,0.0,91.54846317516011,0.0,7.40625509683622,1460.9
R2534,59.0,1,1,1,1,2265.1,191.5,0.0,2456.6,45.910104804548254,45.910104804548254,12.0,0.0,191.51804877706323,0.0,26.61862522517077,2456.6
R2535,66.0,0,0,0,0,515.8,1875.1,572.5,2963.4,63.859632995687875,4.0230545534383415,4.0230545534383415,7.9769454465616585,134.59865681307784,2313.0493432482735,14.742836427975899,2963.5
R2536,63.0,1,2,0,0,239.5,1416.6,146.9,1803.0,65.2706662429353,1.6802162491922077,1.6802162491922077,10.319783750807792,34.50370361021567,1529.0138827940195,12.626680027966128,1803.0
R2537,64.0,1,0,1,0,801.1,392.7,0.0,1193.8,33.55508466754467,6.121227606753281,6.121227606753281,5.878772393246719,54.062423704082974,338.61567063940396,23.827208208484944,1193.8
R2538,76.0,0,5,1,0,219.8,1644.7,3721.2,5585.7,7.8406902280731305,1.1046917935167275,1.1046917935167275,6.735998434556403,246.01510835073495,4501.449144981132,14.1117507369386,5585.7
R2539,59.0,1,1,0,1,1973.8,222.2,266.1,2462.1,64.69453842622823,57.26530117405957,12.0,0.0,488.3200668624388,0.0,15.191808814076923,2462.1
R2540,70.0,1,2,1,0,228.1,2645.9,163.9,3037.9,11.900731041957496,1.552077563353118,1.552077563353118,10.348653478604378,59.479133944621445,2750.347362374501,22.74304701390811,3037.9
R2541,59.0,1,1,1,1,1967.9,597.1,0.0,2565.0,17.30669355100638,11.876502873597012,11.876502873597012,0.12349712640298804,559.1602574164738,37.919970721205026,27.424870854171665,2565.0
R2542,67.0,1,5,1,0,340.8,88.0,2258.9,2687.7,2.0630259207384594,2.0630259207384594,2.0630259207384594,0.0,88.00000078360362,0.0,10.261537576776089,2687.7
R2543,73.0,1,1,1,1,1931.5,67.8,0.0,1999.3,55.244963950260725,12.196127839684003,12.0,0.0,67.7776947663735,0.0,10.883877111841382,1832.0
R2544,80.0,1,1,1,0,225.1,180.3,396.7,802.1,3.5654872555091153,1.7514518057914719,1.7514518057914719,1.8140354497176434,23.246716579049355,157.02638119176925,10.776885155672755,802.2
R2545,59.0,0,2,0,0,1420.7,406.9,0.0,1827.6,80.66560264850574,31.259119637967544,12.0,0.0,406.90844053352185,0.0,28.663852637176028,1827.6
R2546,75.0,1,1,1,1,1662.1,179.7,713.4,2555.2,57.380568045095366,32.35587146522374,12.0,0.0,284.1232475380549,0.0,19.42906120792105,2555.2
R2547,62.0,1,2,1,1,2272.7,341.3,0.0,2614.0,61.22407086524892,14.964529758184051,12.0,0.0,341.3196353753251,0.0,25.69599987536374,2614.0
R2548,58.0,1,1,0,1,2007.4,200.0,649.6,2857.0,27.195842637418206,27.195842637418206,12.0,0.0,615.5181349235833,0.0,10.546652971364697,2665.5
R2549,64.0,1,1,0,0,345.8,1427.3,897.1,2670.2,106.85508051245058,2.4380626621699,2.4380626621699,9.5619373378301,344.56008269918243,1979.8535354294108,26.73095794830754,2670.2
R2550,79.0,1,2,1,0,356.7,1950.6,1278.4,3585.7,19.485629284581417,2.030544842062732,2.030544842062732,9.969455157937269,573.6895553071836,2281.536697278934,13.160413802828787,3585.8
R2551,71.0,1,3,1,0,1341.8,854.0,447.2,2643.0,13.110615344064197,13.110615344064197,12.0,0.0,1301.1511489619888,0.0,20.882259126736006,2642.9
R2552,70.0,1,4,0,1,2223.7,162.6,116.4,2502.7,19.973508699004416,19.973508699004416,12.0,0.0,162.5554140257734,0.0,11.197241746390638,2491.8
R2553,72.0,1,3,0,0,240.0,1111.3,2486.5,3837.8,39.07061312768707,1.3354517997816964,1.3354517997816964,10.664548200218304,20.93693486737493,3172.2571228790875,18.308046881401637,3837.8
R2554,61.0,1,0,1,0,340.9,177.6,339.9,858.4,5.775059306546493,2.410034559759833,2.410034559759833,3.3650247467866596,17.57771329531474,160.0629407297868,24.08161112118805,858.5
R2555,74.0,1,0,1,0,347.4,68.2,267.1,682.7,9.142956064072928,2.5542267415138302,2.5542267415138302,6.588729322559098,73.22151588133305,64.3838031254509,10.236763967477888,682.7
R2556,59.0,1,3,0,0,857.4,220.4,206.2,1284.0,8.417395744742505,8.417395744742505,8.417395744742505,0.0,220.39987407679465,0.0,29.139362044479746,1284.1
R2557,60.0,0,1,1,0,346.0,350.3,309.2,1005.5,7.403529987368369,2.1120322267564617,2.1120322267564617,5.291497760611907,20.204369129716532,330.1313694461484,26.374734405767192,1005.6
R2558,40.0,1,1,1,1,2167.7,154.5,0.0,2322.2,15.286465030987593,13.713640618473717,12.0,0.0,154.48504706866535,0.0,22.881881786995027,2322.2
R2559,72.0,1,2,0,1,2231.5,481.5,469.8,3182.8,47.72516621559929,20.19886189544424,12.0,0.0,951.3064835014147,0.0,24.089749843945633,3182.9
R2560,76.0,0,1,1,0,690.5,332.1,0.0,1022.6,42.04094368665389,5.603427006100359,5.603427006100359,6.396572993899641,39.32031880328142,292.734625219888,12.819694435696706,1022.6
R2561,78.0,1,1,1,1,168.1,2263.7,252.9,2684.7,8.855794464839072,0.506659008991011,0.506659008991011,8.34913545584806,20.869165474575894,2242.8190872105656,8.22383981629669,2262.0
R2562,65.0,0,1,1,0,489.2,1337.6,0.0,1826.8,18.35586857846547,4.194670392751498,4.194670392751498,7.805329607248502,101.82833538785206,1235.7353601863458,13.808935559092923,1826.7
R2563,53.0,1,0,0,1,1097.7,738.3,412.6,2248.6,135.2476520136663,5.25623736659784,5.25623736659784,6.74376263340216,78.82014538002875,944.4568352913103,9.181347155019633,1688.1
R2564,72.0,1,1,1,0,1326.7,139.5,0.0,1466.2,20.94318541102275,20.94318541102275,12.0,0.0,139.50733012657287,0.0,14.026819485358011,1466.2
R2565,63.0,1,3,1,0,355.8,270.3,1066.7,1692.8,4.776424856323008,2.8613703640166475,2.8613703640166475,1.9150544923063602,50.38912743999027,219.94157083871212,24.41608518881812,1692.9
R2566,57.0,1,1,1,0,328.4,2722.1,0.0,3050.5,42.27727162034382,2.4486116983083903,2.4486116983083903,9.55138830169161,102.95611435910907,2619.160713439418,10.112282596613065,2532.8
R2567,48.0,1,2,0,0,803.9,740.2,404.8,1948.9,10.354476960961863,10.354476960961863,10.354476960961863,0.0,740.2249832889072,0.0,7.779417378854838,1140.8
R2568,56.0,1,1,0,1,1844.4,168.9,3226.3,5239.6,31.34410863783904,16.19173851530073,12.0,0.0,3395.159915989723,0.0,25.385641436089216,5239.6
R2569,65.0,1,1,0,1,1861.0,90.5,61.4,2012.9,34.56321612805696,10.364580593354036,10.364580593354036,1.6354194066459637,44.61163338916351,107.32039380158392,28.38069615905055,2013.0
R2570,77.0,1,0,0,0,650.7,476.1,0.0,1126.8,16.15438083302991,5.097218992159459,5.097218992159459,6.902781007840541,48.425266706769605,427.6871946429849,15.84827492512057,1126.8
R2571,63.0,0,2,1,0,448.0,1263.3,4869.4,6580.7,17.067290394272582,3.7857420075994686,3.7857420075994686,8.214257992400531,1291.547397287071,4841.194691146173,11.165478976009926,6460.9
R2572,67.0,1,4,1,0,358.8,1827.7,1214.6,3401.1,16.536498038493423,2.998270869193071,2.998270869193071,9.001729130806929,88.80892566228786,2953.5421182943865,27.242407454983727,3401.1
R2573,48.0,1,1,1,1,2219.2,401.6,0.0,2620.8,33.36822262991054,13.946550792365063,12.0,0.0,401.58962215678355,0.0,7.366195487057671,1726.0
R2574,58.0,0,0,1,0,403.0,275.1,0.0,678.1,24.06326837165875,3.6772002137504,3.6772002137504,8.3227997862496,17.45134136733067,257.5991392770981,14.327291561741095,678.1
R2575,54.0,1,0,1,1,2212.6,107.7,0.0,2320.3,234.95058121786025,18.91557938051066,12.0,0.0,107.74395410577159,0.0,25.326431937830392,2320.3
R2576,54.0,1,2,1,1,2203.9,370.7,276.0,2850.6,56.65416541722494,12.321219904035793,12.0,0.0,646.6572492443961,0.0,23.552546424375464,2850.6
R2577,62.0,0,2,0,1,2178.7,731.4,0.0,2910.1,94.56866750457894,46.138195459518684,12.0,0.0,731.3600042255362,0.0,24.2862132779477,2910.1
R2578,76.0,1,0,1,0,343.2,1387.2,0.0,1730.4,32.002951176628464,2.585357440064902,2.585357440064902,9.414642559935098,56.05016565259455,1331.1394802330935,17.53967200400146,1730.4
R2579,48.0,1,2,1,0,1392.7,250.7,258.6,1902.0,90.04335059974638,21.229906050213817,12.0,0.0,250.71629900279433,0.0,22.89239753304659,1902.1
R2580,63.0,1,2,0,0,909.0,551.8,621.5,2082.3,30.602048319895093,7.388048188308789,7.388048188308789,4.611951811691211,108.80565073134133,1064.4757386227222,13.299057689720339,2082.3
R2581,79.0,1,1,1,0,1304.3,377.7,0.0,1682.0,50.723463889977,26.531938533975623,12.0,0.0,377.7456288817907,0.0,26.770589375928477,1682.1
R2582,66.0,1,1,1,1,1493.0,172.5,122.0,1787.5,8.04338991955235,8.04338991955235,8.04338991955235,0.0,172.51229509507573,0.0,24.910488994805206,1787.5
R2583,63.0,1,3,1,1,2274.0,311.3,0.0,2585.3,27.834237669742492,12.215612297834697,12.0,0.0,311.3456896964125,0.0,28.6111204998346,2585.4
R2584,65.0,1,2,1,0,1052.9,243.3,0.0,1296.2,66.37394741009177,8.975584057403841,8.975584057403841,3.0244159425961588,76.10109792978939,167.23729936772395,24.373363085208467,1296.2
R2585,65.0,1,1,0,0,1298.1,308.2,0.0,1606.3,31.167725928506247,31.167725928506247,12.0,0.0,308.22477984109776,0.0,23.480345979700353,1606.3
R2586,75.0,0,1,0,0,1333.6,409.3,0.0,1742.9,32.08574354913342,32.08574354913342,12.0,0.0,409.287475734836,0.0,10.547642141587326,1582.2
R2587,59.0,1,2,1,0,1423.5,159.5,0.0,1583.0,26.193269396308327,26.193269396308327,12.0,0.0,159.54224645484942,0.0,19.662430947940088,1583.1
R2588,64.0,0,2,1,0,1390.0,217.8,0.0,1607.8,16.782299364919695,16.782299364919695,12.0,0.0,217.777882307757,0.0,7.818571079631754,1068.5
R2589,64.0,0,4,0,0,1312.4,819.2,0.0,2131.6,77.33986305531452,18.513718467596572,12.0,0.0,819.2444626888406,0.0,28.00986073083553,2131.6
R2590,64.0,1,1,1,1,359.1,19.5,145.6,524.2,1.7730431461789489,1.7730431461789489,1.7730431461789489,0.0,19.47398743271012,0.0,25.153039829621576,524.2
R2591,58.0,1,1,1,1,301.2,54.4,557.9,913.5,1.7040775058972841,1.7040775058972841,1.7040775058972841,0.0,54.41981893841233,0.0,18.833722753235147,913.6
R2592,66.0,1,0,1,0,112.8,1251.6,904.9,2269.3,106.44596616707815,0.12595082074171157,0.12595082074171157,11.874049179258288,2.0322757780792267,2154.380740585675,25.988429937909483,2269.2
R2593,58.0,1,0,0,1,1094.8,1090.0,2372.1,4556.9,16.036181403386735,5.563620854565725,5.563620854565725,6.436379145434275,127.5656773319376,2842.689770068609,26.851907436866632,4556.9
R2594,67.0,1,3,1,0,1401.6,382.4,0.0,1784.0,23.719880876476267,16.23128825794667,12.0,0.0,382.4424932307799,0.0,14.583388864424151,1784.0
R2595,58.0,1,1,1,0,1231.0,289.0,0.0,1520.0,19.062035984666995,16.719021347011246,12.0,0.0,289.02487240174577,0.0,22.151771634684586,1520.0
R2596,55.0,1,0,0,1,565.7,1969.6,0.0,2535.3,19.287324333880793,2.724542438362196,2.724542438362196,9.275457561637804,84.88516592294654,1884.6772605976103,9.160488446277068,1958.3
R2597,67.0,1,3,1,0,780.2,93.4,178.4,1052.0,6.112488420790223,6.112488420790223,6.112488420790223,0.0,106.0132742263031,0.0,7.187257131198004,1052.0
R2598,60.0,1,1,0,0,114.5,1598.1,605.5,2318.1,76.44847823257294,0.03324443455981431,0.03324443455981431,11.966755565440186,234.22183081032253,1969.4003130784272,24.563313233420775,2318.1
R2599,77.0,0,2,1,0,1024.5,103.7,1177.7,2305.9,8.673941099246166,8.673941099246166,8.673941099246166,0.0,103.71239717334817,0.0,11.230667767910859,2305.8
R2600,61.0,0,2,0,0,1409.4,208.3,619.8,2237.5,86.01412686263579,12.119542363558393,12.0,0.0,828.026409906668,0.0,15.724044168835523,2237.4
R2601,69.0,1,0,1,0,110.7,8.7,710.8,830.2,0.8274099400363409,0.8274099400363409,0.8274099400363409,0.0,8.660788365607235,0.0,17.748586830770343,830.2
R2602,52.0,1,1,0,0,237.8,22.3,941.4,1201.5,1.2595933505238959,1.2595933505238959,1.2595933505238959,0.0,22.270775363195657,0.0,28.668714736230573,1201.5
R2603,74.0,1,2,0,1,2132.8,411.3,0.0,2544.1,75.60256404542147,29.608430907038098,12.0,0.0,411.325017471517,0.0,24.671868224101615,2544.1
R2604,69.0,0,2,0,0,576.9,97.3,50.0,724.2,4.06556267389813,4.06556267389813,4.06556267389813,0.0,97.26190937418274,0.0,19.170935527365984,724.1
R2605,51.0,0,0,1,1,1287.2,905.3,0.0,2192.5,36.48153309067348,7.148247534679954,7.148247534679954,4.851752465320046,166.82783974386194,738.4668444968052,25.410386374585542,2192.5
R2606,54.0,1,0,1,1,2203.5,413.6,0.0,2617.1,67.8267000830799,48.6250748730436,12.0,0.0,413.5965273510286,0.0,11.978679070850497,2616.3
R2607,62.0,1,2,1,1,1201.1,1763.8,887.7,3852.6,19.958435606286603,6.269202751561701,6.269202751561701,5.730797248438299,1141.1076589520326,1510.4784284523955,8.061430150538158,1926.9
R2608,50.0,0,2,0,1,2239.7,403.8,0.0,2643.5,229.51495919957225,11.215955100938382,11.215955100938382,0.7840448990616178,277.34379027009936,126.440597979709,12.119331736780175,2643.5
R2609,56.0,1,0,1,1,2029.9,515.3,0.0,2545.2,36.90885686278952,36.90885686278952,12.0,0.0,515.250642228186,0.0,20.297305146268528,2545.2
R2610,77.0,1,2,0,0,749.6,1084.1,709.1,2542.8,11.613781610216826,6.769377236659599,6.769377236659599,4.844404373557227,191.28942463908663,892.7832935120822,14.068326318014826,2542.7
R2611,72.0,1,0,1,0,1342.4,494.1,0.0,1836.5,75.79169363233976,15.319840055432902,12.0,0.0,494.1359024769648,0.0,29.721119708917165,1836.6
R2612,61.0,1,0,1,0,1385.1,323.8,1461.5,3170.4,29.68363362629461,17.0075958667613,12.0,0.0,323.83339756379684,0.0,19.254593431925787,3170.4
R2613,67.0,1,2,1,0,1346.2,447.2,0.0,1793.4,12.638133936647243,12.638133936647243,12.0,0.0,447.2214277436781,0.0,19.639024948898143,1793.4
R2614,88.0,1,3,1,0,431.1,1523.4,1802.1,3756.6,9.441350939482511,3.643524144341982,3.643524144341982,5.797826795140529,133.89320496163802,1936.0782899327874,23.806059762371532,3756.6
R2615,49.0,1,1,0,0,1431.9,297.7,254.5,1984.1,38.40683590034724,12.142266239749631,12.0,0.0,297.73149815820807,0.0,18.3606537335191,1984.2
R2616,64.0,1,0,1,0,1307.6,98.0,0.0,1405.6,24.569168015590826,24.569168015590826,12.0,0.0,97.98228945336598,0.0,10.170310346461225,1281.7
R2617,54.0,0,0,0,0,1005.1,759.2,969.8,2734.1,50.57485128431772,8.603979765595112,8.603979765595112,3.3960202344048884,212.40932449190623,546.7740437031711,10.833645399098142,2546.3
R2618,54.0,1,2,0,0,876.3,315.1,996.9,2188.3,7.001412234470454,7.001412234470454,7.001412234470454,0.0,389.9114188596059,0.0,16.889500332842584,2188.4
R2619,74.0,0,2,1,0,1301.7,203.3,349.0,1854.0,44.22004777390132,16.781142986151497,12.0,0.0,552.3479555481529,0.0,12.0703284888578,1854.0
R2620,58.0,1,2,1,0,205.0,715.2,327.3,1247.5,11.39348837291096,2.4340717181518703,2.4340717181518703,8.95941665475909,28.603271467550947,926.125479280049,10.970856336845145,1127.4
R2621,53.0,0,3,1,1,1306.9,877.3,1696.5,3880.7,30.215072833552657,6.848109543747568,6.848109543747568,5.151890456252432,148.5385026280958,1422.805373899298,14.827076923802085,3880.8
R2622,67.0,1,3,1,0,117.2,327.7,1561.1,2006.0,2.7169002211345084,0.024462071112852462,0.024462071112852462,2.692438150021656,0.4559321440480734,327.2774977956809,25.252918474755077,2006.0
R2623,63.0,1,2,0,1,354.3,2263.3,2889.6,5507.2,92.65800612489527,1.5125127252614379,1.5125127252614379,10.487487274738562,298.9646060498732,4853.969319649408,26.758338027226735,5507.3
R2624,54.0,1,2,0,1,2100.0,163.6,0.0,2263.6,50.56523182745457,50.56523182745457,12.0,0.0,163.61837896173617,0.0,12.320673449637383,2263.6
R2625,68.0,1,1,0,1,2018.9,53.5,101.4,2173.8,37.790330795757235,12.025608883736085,12.0,0.0,53.54257371816468,0.0,10.743470159025616,2000.0
R2626,76.0,1,2,0,0,905.0,219.0,223.9,1347.9,53.8159423294568,7.188285593577761,7.188285593577761,4.811714406422239,40.81644517703376,402.0904411310934,6.863153993329261,830.8
R2627,68.0,0,2,1,1,1261.6,204.4,1212.3,2678.3,6.065254873288097,6.065254873288097,6.065254873288097,0.0,204.4317381554603,0.0,6.222553985570009,2678.4
R2628,70.0,1,2,0,1,1086.3,1976.7,2131.2,5194.2,74.36841998352168,5.4564466172500765,5.4564466172500765,6.5435533827499235,224.08682565332265,3426.008297717747,14.801901798472592,5194.2
R2629,66.0,1,1,0,0,1195.5,154.3,0.0,1349.8,42.1753943672885,15.926332810710182,12.0,0.0,154.34657325544816,0.0,10.646986018213632,1232.8
R2630,51.0,1,1,1,1,2074.3,193.4,0.0,2267.7,160.75152617997415,39.13630725920607,12.0,0.0,193.3863079389318,0.0,18.087080029993984,2267.7
R2631,52.0,0,1,1,0,478.4,1750.6,1570.9,3799.9,22.370200948945147,3.3185186104175455,3.3185186104175455,8.681481389582455,96.9261573778109,3224.5726174141605,9.154075324768131,3257.8
R2632,68.0,1,1,1,0,539.8,2010.6,212.9,2763.3,17.08109866268694,4.2499134060795924,4.2499134060795924,7.7500865939204076,368.87218489699643,1854.6713109069865,21.04221548991475,2763.4
R2633,48.0,0,2,1,0,524.5,1940.8,1738.7,4204.0,69.89093815522497,4.646697725647025,4.646697725647025,7.353302274352975,171.43933795252119,3508.0178238249746,19.375523993886723,4204.0
R2634,56.0,1,0,0,0,332.5,263.5,1414.7,2010.7,5.652813606981508,2.1446685268062633,2.1446685268062633,3.5081450801752445,746.9846418055874,240.88450861321832,27.93392388560203,2010.7
R2635,64.0,0,2,1,1,2017.2,311.3,133.8,2462.3,58.33502740941845,13.73499904171014,12.0,0.0,445.1938343529358,0.0,25.45664235659005,2462.4
R2636,87.0,1,4,0,0,1421.5,345.8,0.0,1767.3,20.627997499571585,20.627997499571585,12.0,0.0,345.7502728565157,0.0,8.918749452451195,1323.1
R2637,70.0,1,1,0,1,2259.7,248.6,0.0,2508.3,32.521786899293396,32.521786899293396,12.0,0.0,248.60242800864353,0.0,19.127712449677173,2508.3
R2638,49.0,1,1,1,1,1456.2,615.2,10204.5,12275.9,77.27963018832223,7.696455060957963,7.696455060957963,4.303544939042037,132.38694894300136,9970.042087636477,14.808254170671944,12275.8
R2639,71.0,1,1,0,0,1256.5,288.4,0.0,1544.9,84.28153212618358,29.446466749227213,12.0,0.0,288.4236771262921,0.0,6.987082739948617,900.9
R2640,71.0,1,1,0,0,1332.4,371.9,0.0,1704.3,85.89266376450723,61.279149057661,12.0,0.0,371.88758918745094,0.0,19.20297802602597,1704.3
R2641,80.0,1,2,0,0,1387.1,244.9,0.0,1632.0,57.64370508007439,29.054368716335702,12.0,0.0,244.88061548027665,0.0,29.4163370439179,1632.0
R2642,62.0,1,3,1,0,1163.8,409.9,0.0,1573.7,36.536623883060344,10.920280043857279,10.920280043857279,1.0797199561427213,249.1761491810567,160.6746067180079,9.485604321973861,1274.4
R2643,58.0,1,0,1,1,538.9,1266.8,357.7,2163.4,38.9633094528374,2.7820710214365634,2.7820710214365634,9.217928978563437,56.02943816510907,1568.4159398922561,6.119356686897926,1390.9
R2644,81.0,1,1,1,1,2230.3,260.4,222.3,2713.0,50.148451494203165,50.148451494203165,12.0,0.0,482.7658993710455,0.0,10.760568939757444,2500.3
R2645,62.0,0,2,0,0,1304.9,378.7,54.1,1737.7,20.148449959781527,10.637536977671493,10.637536977671493,1.362463022328507,260.41917028178943,172.3561407900398,16.313779956862238,1737.6
R2646,56.0,1,1,0,0,1071.4,91.6,0.0,1163.0,123.98219595258132,26.211379992419385,12.0,0.0,91.57202362129878,0.0,12.341650516574875,1162.9
R2647,65.0,1,1,0,0,111.1,2507.6,2819.6,5438.3,66.74710788579243,0.9696590736221319,0.9696590736221319,11.030340926377868,2024.1989333046763,3303.0657483604878,22.63904816623989,5438.4
R2648,59.0,1,1,1,1,530.1,563.3,1643.5,2736.9,82.22012341753975,2.235299890550969,2.235299890550969,9.76470010944903,19.101058662317236,2187.7052873433,12.41429685401642,2736.9
R2649,79.0,1,4,0,0,1198.3,1050.1,415.2,2663.6,31.12405457103803,31.12405457103803,12.0,0.0,1294.4017271311561,0.0,26.70473188584536,2663.6
R2650,50.0,1,1,1,1,369.0,2487.5,1124.2,3980.7,32.125158260446696,1.2063222405897318,1.2063222405897318,10.793677759410269,41.909063951993154,2836.1058156728895,9.078382430479802,3318.7
R2651,71.0,0,1,0,1,2189.5,125.6,139.9,2455.0,57.17703977341185,37.217950364846885,12.0,0.0,265.5326152921822,0.0,9.729630809275793,2066.4
R2652,73.0,1,2,0,0,1314.0,415.9,0.0,1729.9,13.710798501862358,10.216612908534058,10.216612908534058,1.7833870914659418,194.47200603000755,221.39061004197364,29.265055210281744,1729.9
R2653,64.0,0,2,1,0,111.0,4631.0,1089.6,5831.6,14.36975293140699,0.11625106173644706,0.11625106173644706,11.883748938263553,6.935918807772583,5713.701256800426,7.758994800487406,3091.8
R2654,52.0,1,0,1,1,2275.8,213.9,0.0,2489.7,83.01597475566123,49.399625523597656,12.0,0.0,213.93522566875617,0.0,24.11999577704289,2489.7
R2655,76.0,0,3,0,0,97.6,2414.4,649.6,3161.6,10.9429637538007,0.00021337590188881758,0.00021337590188881758,10.942750377898811,0.007218769178757428,2882.2129230920614,8.010426274210799,2133.2
R2656,67.0,1,1,1,1,2229.7,277.8,0.0,2507.5,70.04470295714052,33.61873925941969,12.0,0.0,277.7611735548846,0.0,9.809763134462067,2085.2
R2657,61.0,1,0,0,0,686.0,810.9,149.0,1645.9,33.13892083015904,6.579270812391977,6.579270812391977,5.420729187608023,127.22978753539341,832.6434301057114,20.993026485969395,1645.9
R2658,69.0,1,1,0,1,2186.6,261.7,1994.2,4442.5,30.51296525746021,15.070864839782493,12.0,0.0,934.8128393221616,0.0,25.79607412775891,4442.5
R2659,61.0,1,2,1,0,1388.9,361.3,286.4,2036.6,42.45004130589053,25.242792979519166,12.0,0.0,647.725685797977,0.0,20.80406245857456,2036.6
R2660,76.0,0,3,1,0,327.7,1700.3,1603.4,3631.4,38.0798643205467,2.7348253013858694,2.7348253013858694,9.26517469861413,73.62181079175079,3043.0003850822172,29.911514216874668,3631.4
R2661,66.0,0,0,0,1,605.9,22.5,0.0,628.4,3.2160053169171507,3.2160053169171507,3.2160053169171507,0.0,22.498709939676882,0.0,29.670361519194664,628.4
R2662,56.0,1,0,1,0,335.4,116.3,4945.0,5396.7,2.7617302040165663,2.7617302040165663,2.7617302040165663,0.0,116.33384141976344,0.0,9.592380625237421,5396.8
R2663,53.0,1,2,1,0,209.5,98.3,1016.4,1324.2,1.9584041062840172,1.9584041062840172,1.9584041062840172,0.0,98.30717022320712,0.0,17.19273850646611,1324.2
R2664,53.0,1,0,1,1,1641.9,225.8,0.0,1867.7,128.32389939267452,15.980697419794042,12.0,0.0,225.78928749268454,0.0,17.265012950120273,1867.7
R2665,57.0,1,0,0,1,1446.8,330.6,0.0,1777.4,80.37878752055072,7.743359204949611,7.743359204949611,4.256640795050389,72.098636056773,258.480668838015,10.479406532731375,1685.1
R2666,66.0,0,1,0,0,1376.7,157.2,0.0,1533.9,51.04372509230132,28.722020256175544,12.0,0.0,157.21738282145168,0.0,21.809376126829584,1533.9
R2667,76.0,1,2,0,0,113.8,2252.2,2056.0,4422.0,95.91824875477364,0.10895000100953627,0.10895000100953627,11.891049998990464,3.1595937641892955,4304.975505036704,26.878150954395654,4422.0
R2668,73.0,1,3,0,1,2156.4,398.3,0.0,2554.7,51.01939212038788,50.03982684526411,12.0,0.0,398.2976235102686,0.0,23.743552633568257,2554.7
R2669,76.0,1,2,1,1,2238.2,232.6,0.0,2470.8,16.789234257041635,16.789234257041635,12.0,0.0,232.62543697158864,0.0,24.933889348719376,2470.8
R2670,68.0,1,3,0,0,1285.5,154.5,0.0,1440.0,68.07586395154524,16.372821596142128,12.0,0.0,154.52410126895177,0.0,12.261488097311773,1440.0
R2671,69.0,1,2,0,0,1026.2,271.1,526.8,1824.1,8.95558484215674,8.95558484215674,8.95558484215674,0.0,271.09604677387654,0.0,19.58154479627945,1824.1
R2672,65.0,1,1,0,0,1367.3,198.1,567.4,2132.8,39.84771157678351,24.957176771943594,12.0,0.0,765.5269228105999,0.0,10.252608499509243,1422.6
R2673,59.0,1,1,1,1,551.7,38.8,0.0,590.5,2.3243901810005574,2.3243901810005574,2.3243901810005574,0.0,38.763964350515145,0.0,24.317800046370323,590.4
R2674,60.0,1,0,1,1,188.3,346.6,303.2,838.1,16.34966697430449,0.04976991609266659,0.04976991609266659,11.950230083907334,0.22121915486327362,649.6501987390723,28.328536369126923,838.2
R2675,62.0,1,1,0,0,1225.9,160.0,0.0,1385.9,16.577606620591194,13.818458721525923,12.0,0.0,159.97010942629888,0.0,17.952182363623606,1385.9
R2676,68.0,0,1,0,1,1095.8,1068.3,0.0,2164.1,54.064008858473166,6.488341247464273,6.488341247464273,5.511658752535727,163.34320912108018,904.9261629930593,18.43203315883023,2164.1
R2677,77.0,0,1,1,0,681.0,495.2,1624.0,2800.2,11.537861611941093,5.326620856873679,5.326620856873679,6.211240755067414,57.544416654571094,437.61600078343383,23.727226589643656,2800.2
R2678,63.0,0,3,0,1,518.1,619.0,239.8,1376.9,177.49310875903387,2.534273640740657,2.534273640740657,9.465726359259342,264.1626911062895,594.5723459869067,27.448421164615425,1376.8
R2679,67.0,0,1,0,1,2131.7,88.4,99.0,2319.1,45.37913068138606,24.466577441829276,12.0,0.0,187.44319848029642,0.0,8.208809223779,1758.3
R2680,59.0,1,1,1,1,1429.0,773.2,1930.8,4133.0,12.312538810306881,7.0051951118118225,7.0051951118118225,4.9948048881881775,136.84660004192492,2567.1457540032834,24.08527180520877,4133.0
R2681,71.0,1,1,1,0,1410.2,167.5,533.4,2111.1,11.048337374127772,11.048337374127772,11.048337374127772,0.0,167.4589101771924,0.0,27.491440139792992,2111.0
R2682,58.0,1,3,1,0,783.0,1759.0,194.4,2736.4,40.96939473715792,6.312799690404323,6.312799690404323,5.687200309595677,450.2352839586135,1503.1289721352866,11.002975948845515,2472.8
R2683,77.0,1,4,1,0,1388.9,405.5,1094.6,2889.0,17.317496949609417,17.18311833028186,12.0,0.0,956.1226794839624,0.0,13.081978347523417,2889.0
R2684,53.0,1,0,1,1,1510.7,719.0,0.0,2229.7,39.20216732088143,7.6488573636612935,7.6488573636612935,4.3511426363387065,152.66412296720006,566.3790336651259,17.29422613095436,2229.7
R2685,72.0,1,0,0,0,1268.2,92.0,0.0,1360.2,15.372863944682365,15.372863944682365,12.0,0.0,92.02946533815602,0.0,20.281073760692482,1360.3
R2686,58.0,1,3,0,1,2176.3,330.9,0.0,2507.2,41.87128758947083,41.87128758947083,12.0,0.0,330.892036494063,0.0,16.99032636896481,2507.2
R2687,53.0,0,2,1,0,1423.4,268.3,596.2,2287.9,24.86174214010264,11.506270513000496,11.506270513000496,0.4937294869995039,209.6257473299243,58.662765421926416,19.758123500701764,2287.9
R2688,76.0,0,2,0,1,1787.8,530.8,269.0,2587.6,27.524616290309456,9.824615969899384,9.824615969899384,2.1753840301006164,486.16579672364537,313.62042639543336,15.316475986313314,2587.5
R2689,62.0,1,0,0,0,1263.6,149.4,784.8,2197.8,27.490391757682186,10.932506839510076,10.932506839510076,1.0674931604899243,91.26203376373422,842.939121884389,16.122115870525416,2197.8
R2690,65.0,0,1,1,0,290.8,509.6,949.6,1750.0,29.616945600112018,2.9388484067837317,2.9388484067837317,9.061151593216268,24.143625418055592,828.5787814346213,13.455610779974002,1750.0
R2691,71.0,0,1,0,0,573.1,812.0,1525.3,2910.4,45.829563467427725,5.136390663511554,5.136390663511554,6.863609336488446,83.58283812174254,2253.6883787164397,21.69268475178524,2910.4
R2692,68.0,1,2,1,1,1690.3,697.2,0.0,2387.5,12.384315353473498,8.625121582727168,8.625121582727168,3.374878417272832,196.30437983590667,500.94070007163583,28.50815616470144,2387.5
R2693,51.0,1,0,1,0,862.8,337.6,661.2,1861.6,58.701018052400705,7.246139860607129,7.246139860607129,4.753860139392871,63.9602122357535,934.9010378764337,29.65778805003386,1861.6
R2694,57.0,0,0,1,1,1021.0,41.0,581.3,1643.3,5.31937429416246,5.31937429416246,5.31937429416246,0.0,40.96887771424616,0.0,15.174704005228719,1643.3
R2695,61.0,1,1,1,1,1087.1,1534.7,0.0,2621.8,28.383574281402726,5.718519110224387,5.718519110224387,6.281480889775613,187.98754455357016,1346.7003233002015,7.0748101098106755,1565.9
R2696,60.0,1,4,1,0,1391.0,285.7,164.8,1841.5,34.44999545478393,17.03890206897432,12.0,0.0,450.4904185000022,0.0,21.226897064907277,1841.5
R2697,61.0,0,2,1,0,90.7,1056.9,1867.1,3014.7,59.05371469352806,0.7750808329254503,0.7750808329254503,11.22491916707455,11.072448286903526,2912.9292472249354,28.884373213139824,3014.7
R2698,56.0,1,2,1,0,891.4,809.7,518.4,2219.5,34.4739113666501,7.598668356737976,7.598668356737976,4.401331643262024,536.3661993130336,791.6922641419891,28.868262609816547,2219.5
R2699,55.0,1,1,1,1,1553.1,172.7,774.7,2500.5,8.058116322410148,8.058116322410148,8.058116322410148,0.0,489.77024171241663,0.0,22.479329087164245,2500.6
R2700,57.0,1,3,1,0,95.3,1659.4,631.5,2386.2,51.49061506916739,0.40778133383527854,0.40778133383527854,11.59221866616472,48.96201766535515,2241.911650814676,14.989713180259105,2386.2
R2701,62.0,0,1,1,0,658.9,2072.4,0.0,2731.3,41.06632559636323,5.244689899286946,5.244689899286946,6.755310100713054,220.46653131466036,1851.9598511417355,7.997282300743592,1634.0
R2702,62.0,1,2,0,0,1350.0,489.7,0.0,1839.7,49.948241883067276,35.254393214169525,12.0,0.0,489.70758965684803,0.0,17.085792736472527,1839.7
R2703,76.0,1,0,0,1,1817.9,90.6,459.1,2367.6,10.645423812000297,10.645423812000297,10.645423812000297,0.0,90.57210086228156,0.0,21.720343535902522,2367.6
R2704,84.0,1,2,1,0,452.9,114.6,489.2,1056.7,3.436485360010951,3.436485360010951,3.436485360010951,0.0,114.5902885571392,0.0,23.34298822253629,1056.7
R2705,58.0,1,0,1,1,1485.4,93.6,3233.8,4812.8,7.367209265986895,7.367209265986895,7.367209265986895,0.0,93.60080462607266,0.0,21.880419489302387,4812.8
R2706,53.0,0,1,0,1,2277.7,184.3,909.6,3371.6,165.50628351142058,27.598569329854712,12.0,0.0,766.7084290983286,0.0,24.881142335063814,3371.7
R2707,60.0,1,0,0,0,451.8,965.8,0.0,1417.6,152.43697463904022,3.3021426313523787,3.3021426313523787,8.697857368647622,53.12683988878935,912.6281499228893,8.704257615170194,1071.7
R2708,63.0,1,0,0,1,2115.7,338.2,0.0,2453.9,45.159291768345376,45.159291768345376,12.0,0.0,338.17040314524553,0.0,18.425043546001945,2453.9
R2709,55.0,1,0,1,1,2168.3,234.3,0.0,2402.6,56.02280120248539,24.555135920135847,12.0,0.0,234.27322816252877,0.0,16.839910796664277,2402.6
R2710,63.0,1,1,1,1,2253.5,103.8,177.9,2535.2,129.56010420412284,53.125498282658576,12.0,0.0,281.63417235748585,0.0,18.027500338235566,2535.1
R2711,75.0,0,0,0,1,2253.7,191.7,0.0,2445.4,139.97389168339248,35.12333766489965,12.0,0.0,191.73263141340001,0.0,17.18302756392038,2445.5
R2712,64.0,0,3,1,0,1226.0,190.8,0.0,1416.8,32.117092844375186,22.114528733365184,12.0,0.0,190.7520875761298,0.0,20.512284483052873,1416.8
R2713,59.0,1,1,1,1,2209.4,590.8,0.0,2800.2,42.55798155838198,21.9730005589653,12.0,0.0,590.8300660642543,0.0,8.558573648154344,2078.4
R2714,73.0,1,0,0,1,2258.8,262.4,0.0,2521.2,85.27450872640522,85.27450872640522,12.0,0.0,262.4086379628426,0.0,6.255538914120223,1454.4
R2715,76.0,1,3,0,0,835.9,958.7,3842.1,5636.7,88.8759993109592,6.222870188163283,6.222870188163283,5.777129811836717,1751.5980577315004,822.8211652745571,16.48044940853198,5636.7
R2716,70.0,0,0,0,1,1201.0,776.5,0.0,1977.5,275.7108208256073,6.51040681540912,6.51040681540912,5.48959318459088,119.48405973821654,657.0606027264571,20.125707194859846,1977.5
R2717,53.0,1,1,1,0,1148.6,315.1,0.0,1463.7,72.55879480076182,12.248965101438898,12.0,0.0,315.09684007617676,0.0,16.18032791966857,1463.7
R2718,74.0,0,1,1,0,455.4,1915.5,284.4,2655.3,36.60208429921935,5.021635962645813,5.021635962645813,6.978364037354187,474.7811457168565,1725.121044541316,18.35348559304284,2655.3
R2719,81.0,0,1,1,1,174.6,1268.4,1367.3,2810.3,11.860226475157532,0.5917631538108341,0.5917631538108341,11.268463321346697,10.131854308865334,2524.8354401702145,15.621320599008655,2810.3
R2720,56.0,1,0,1,0,1385.5,211.5,0.0,1597.0,40.64083436271728,16.469098542873656,12.0,0.0,211.51625353971426,0.0,25.506112164614926,1597.1
R2721,70.0,1,2,1,0,114.0,2273.8,0.0,2387.8,17.010715789879225,0.8613489933133633,0.8613489933133633,11.138651006686636,26.645447639963596,2247.1905001379205,25.443849294573276,2387.8
R2722,56.0,1,0,1,1,1513.9,196.7,925.9,2636.5,7.231791273943508,7.231791273943508,7.231791273943508,0.0,196.65483609648706,0.0,9.625449094178041,2636.4
R2723,65.0,1,2,1,0,1407.6,85.8,0.0,1493.4,54.85587723686971,21.29632444420386,12.0,0.0,85.82202602096733,0.0,20.971051593150715,1493.4
R2724,55.0,1,1,0,1,1298.6,1071.8,1503.5,3873.9,257.1359270843194,6.768660701329133,6.768660701329133,5.231339298670867,513.9037163108023,1486.5746817879426,18.557584487463146,3873.9
R2725,68.0,1,1,1,1,2016.3,211.3,0.0,2227.6,42.01185559941776,27.624138370555382,12.0,0.0,211.34018322841007,0.0,7.344513108357748,1473.5
R2726,84.0,1,3,1,0,346.9,95.6,606.8,1049.3,2.6367307744345876,2.6367307744345876,2.6367307744345876,0.0,95.63308553979105,0.0,8.113775655591517,1049.3
R2727,60.0,1,2,0,0,1028.5,1903.6,0.0,2932.1,188.91142924360008,8.645569022226848,8.645569022226848,3.354430977773152,539.216348181934,1364.4315452326061,25.538388498582126,2932.2
R2728,67.0,1,1,0,1,177.9,26.2,8585.6,8789.7,0.6833024941906459,0.6833024941906459,0.6833024941906459,0.0,26.197063559960792,0.0,23.182023123121457,8789.7
R2729,67.0,0,1,0,0,108.3,1806.8,574.5,2489.6,32.803587513996376,0.4366713322757679,0.4366713322757679,11.563328667724232,10.401714791194607,2370.860512457117,9.787681360642262,1571.4
R2730,61.0,1,2,0,0,685.9,2664.4,1619.6,4969.9,53.959757598467505,5.257813427345136,5.257813427345136,6.742186572654864,284.56659419988523,3999.4583111401957,20.08322704740908,4969.9
R2731,64.0,1,3,0,0,689.7,1888.4,1771.9,4350.0,17.5676325561578,5.065846183423323,5.065846183423323,6.934153816576677,267.1237898614294,3393.193302948894,27.44605641268523,4350.0
R2732,63.0,1,0,0,1,1061.7,2335.0,3413.8,6810.5,156.2501793104368,5.2247612079981565,5.2247612079981565,6.7752387920018435,246.90737230209564,3334.9928163560794,18.556888255192796,6810.5
R2733,57.0,1,0,1,1,2238.9,289.5,0.0,2528.4,44.508425737745405,25.871279500555914,12.0,0.0,289.51366212332175,0.0,20.430098985898773,2528.4
R2734,72.0,1,3,0,0,212.0,1964.3,5000.5,7176.8,38.97732262433209,1.6368138230587252,1.6368138230587252,10.363186176941275,1504.41800560996,5460.32956154507,22.24755795387949,7176.8
R2735,52.0,0,1,1,0,1401.0,337.1,0.0,1738.1,12.470761754269542,12.470761754269542,12.0,0.0,337.10428016114366,0.0,18.70752825540582,1738.1
R2736,51.0,0,2,1,1,1701.6,391.6,0.0,2093.2,104.46456789802421,8.52966333364385,8.52966333364385,3.4703366663561503,107.17747918521955,284.3849964799698,27.10334013575486,2093.2
R2737,69.0,1,1,0,0,1357.9,471.2,200.5,2029.6,35.062200453058516,26.098539265490125,12.0,0.0,555.7256188072809,0.0,12.127177157639181,2029.6
R2738,61.0,1,0,1,0,1267.6,264.4,0.0,1532.0,41.41078497836856,41.41078497836856,12.0,0.0,264.42850729065333,0.0,11.416178695723456,1519.2
R2739,66.0,1,1,1,0,1404.5,204.5,198.8,1807.8,15.079024225361122,15.079024225361122,12.0,0.0,403.29022532375456,0.0,8.420846124447767,1395.7
R2740,56.0,1,2,1,1,1786.4,757.1,1096.6,3640.1,23.702038756300013,9.572372598861893,9.572372598861893,2.427627401138107,285.26914000370317,1568.4386222875933,16.665750722078254,3640.1
R2741,67.0,0,4,0,1,2095.2,287.9,304.7,2687.8,47.47256504805692,46.346296268819934,12.0,0.0,468.3514992055541,0.0,13.838847851899565,2687.8
R2742,60.0,1,1,1,1,1502.2,577.4,482.8,2562.4,23.10005431015095,8.26087736695334,8.26087736695334,3.7391226330466605,460.31668933834044,431.2809297623494,17.995454356861963,2562.4
R2743,71.0,1,1,1,0,825.2,253.1,3111.0,4189.3,6.047472928787981,6.047472928787981,6.047472928787981,0.0,932.2473823442531,0.0,10.191652251418247,4189.4
R2744,78.0,1,1,1,1,2163.9,301.1,0.0,2465.0,28.24594758849385,13.792271417934009,12.0,0.0,301.0561629807217,0.0,17.534748456231043,2465.0
R2745,56.0,0,3,1,0,1362.5,1110.0,0.0,2472.5,49.41411988464438,17.923982962606566,12.0,0.0,1109.976598135483,0.0,17.90646108850521,2472.5
R2746,72.0,1,0,1,0,1387.0,379.4,454.9,2221.3,30.700670078457215,23.139792918526275,12.0,0.0,379.3638194736711,0.0,13.33597964978596,2221.2
R2747,53.0,1,2,0,1,2195.4,187.8,540.4,2923.6,50.983943577041515,39.359410890952454,12.0,0.0,728.2752240906982,0.0,25.303382897207275,2923.6
R2748,51.0,1,1,0,1,2246.0,433.0,0.0,2679.0,30.892513088372073,25.03488730810905,12.0,0.0,433.01843530979914,0.0,18.12775196086485,2679.0
R2749,54.0,1,2,1,1,360.7,1425.2,3544.2,5330.1,20.30574977885583,1.2469276128491822,1.2469276128491822,10.753072387150818,49.47252446285704,4919.917857421006,20.27061029790997,5330.1
R2750,69.0,1,1,1,0,1185.2,167.2,3631.6,4984.0,49.03335757803025,49.03335757803025,12.0,0.0,3798.88632433515,0.0,28.853774160167497,4984.1
R2751,65.0,1,3,0,0,115.6,13.2,1061.4,1190.2,0.47413258717084755,0.47413258717084755,0.47413258717084755,0.0,13.18834509726038,0.0,27.04691783365196,1190.2
R2752,58.0,1,1,0,0,1023.6,129.0,0.0,1152.6,124.24259704548356,19.707843053965288,12.0,0.0,129.04838292839622,0.0,21.479354563739633,1152.6
R2753,59.0,1,1,0,0,1389.4,136.9,0.0,1526.3,108.29348042581942,18.370079029866826,12.0,0.0,136.86766984043422,0.0,6.127286460834702,880.4
R2754,62.0,1,2,0,1,2260.2,536.5,1138.1,3934.8,19.771916013896355,19.771916013896355,12.0,0.0,1674.5235145185256,0.0,21.463015781175066,3934.8
R2755,78.0,1,1,1,0,829.5,51.4,349.3,1230.2,6.426797482237331,6.426797482237331,6.426797482237331,0.0,51.381394228408894,0.0,13.318154096657818,1230.2
R2756,55.0,1,1,0,0,232.0,1987.9,570.5,2790.4,173.7861432161066,1.306532066506919,1.306532066506919,10.69346793349308,36.556567076979356,2521.7946904044466,11.928343877471523,2777.3
R2757,65.0,1,1,1,0,229.5,823.4,866.5,1919.4,8.950660866624727,1.0148127927848918,1.0148127927848918,7.935848073839835,102.55087474225861,1424.9260921064936,20.52621143515015,1919.4
R2758,70.0,0,2,0,0,833.5,534.8,1185.6,2553.9,65.47467358029553,6.099857161607639,6.099857161607639,5.900142838392361,73.17804255435628,461.62260952687956,10.226895431336754,2415.2
R2759,49.0,1,1,1,1,2227.9,324.5,2678.3,5230.7,52.197909100063015,17.47195079702211,12.0,0.0,3002.8326793535725,0.0,23.662609801813154,5230.7
R2760,73.0,1,1,1,1,677.3,106.1,702.2,1485.6,3.7451329878608877,3.7451329878608877,3.7451329878608877,0.0,106.08412278786142,0.0,24.63241483367394,1485.6
R2761,59.0,1,1,1,1,553.6,502.5,270.4,1326.5,32.703191076189434,2.594420578907542,2.594420578907542,9.405579421092458,20.39086745617589,752.5274587609039,9.30798838701009,1188.5
R2762,68.0,1,2,1,0,589.7,67.3,792.6,1449.6,4.343818877494328,4.343818877494328,4.343818877494328,0.0,67.2799007576499,0.0,9.647192486979911,1449.5
R2763,69.0,1,1,0,1,2267.2,340.1,1172.9,3780.2,46.21616672565436,19.097203869046965,12.0,0.0,1512.9740784680546,0.0,28.206841869931246,3780.1
R2764,86.0,0,1,0,0,1137.6,136.9,216.6,1491.1,9.523121767153938,9.523121767153938,9.523121767153938,0.0,136.93187942484815,0.0,6.733090104776169,893.2
R2765,63.0,1,1,1,0,851.8,108.8,0.0,960.6,12.210268261436577,12.210268261436577,12.0,0.0,108.83613367751327,0.0,25.154848858783808,960.7
R2766,67.0,1,2,1,0,1381.9,172.0,0.0,1553.9,15.471611187134245,15.471611187134245,12.0,0.0,171.98168266681822,0.0,23.92596381914988,1553.9
R2767,68.0,1,1,1,0,1423.6,168.8,0.0,1592.4,34.45709584537623,29.02351695321091,12.0,0.0,168.81269090561779,0.0,22.878909411868403,1592.4
R2768,54.0,1,0,0,1,2162.9,160.3,0.0,2323.2,30.5499451869487,17.983336488599413,12.0,0.0,160.31571761752406,0.0,6.811257354314891,1352.7
R2769,67.0,1,3,1,0,549.7,548.9,3354.9,4453.5,13.039260067105774,4.690867892699084,4.690867892699084,7.309132107300916,158.99736429607378,3744.838662099165,28.60388120813762,4453.5
R2770,76.0,1,2,1,0,97.7,195.6,1680.1,1973.4,1.823705278552096,0.8388597170612113,0.8388597170612113,0.9848455614908846,91.90496013309401,370.84149530702075,10.931241606792481,1973.3
R2771,43.0,0,2,0,0,1048.0,1265.4,0.0,2313.4,41.90989836632171,8.145568218008036,8.145568218008036,3.8544317819919645,309.6951551249808,955.7335084293915,26.947387117058312,2313.4
R2772,77.0,1,1,1,1,548.8,1987.9,610.4,3147.1,81.04728452006493,2.3019106398990377,2.3019106398990377,9.698089360100962,69.80875788566887,2528.490500005917,18.017751149063457,3147.1
R2773,60.0,0,0,0,1,745.1,199.6,1397.3,2342.0,8.252256962775162,4.5442050536072465,4.5442050536072465,3.7080519091679154,31.577898484335297,425.241143782153,13.81550225639358,2342.1
R2774,69.0,1,2,1,0,803.6,149.9,121.1,1074.6,6.369621466867247,6.369621466867247,6.369621466867247,0.0,149.8589776108305,0.0,10.196020059791188,1074.6
R2775,74.0,1,2,0,1,1138.5,885.3,849.5,2873.3,31.52651026915487,5.33932270537142,5.33932270537142,6.66067729462858,744.2604548356111,990.5272477010594,6.275441117513085,1623.2
R2776,72.0,1,3,1,0,473.2,35.0,1033.4,1541.6,3.1835526638893263,3.1835526638893263,3.1835526638893263,0.0,135.86499002338894,0.0,11.622975664736076,1541.6
R2777,56.0,1,1,1,1,540.4,1534.6,0.0,2075.0,152.38523765634955,3.91589025918779,3.91589025918779,8.08410974081221,106.10028723854609,1428.504690193069,8.790235752989915,1507.9
R2778,58.0,0,1,0,0,1434.8,397.0,0.0,1831.8,50.49331924146645,45.58474778448244,12.0,0.0,396.9535133766691,0.0,6.159751681230252,1040.8
R2779,67.0,1,1,0,1,2215.6,211.6,0.0,2427.2,95.04746291980116,18.148587691245872,12.0,0.0,211.5589130825697,0.0,21.955233551606778,2427.2
R2780,66.0,1,1,0,0,1387.9,197.3,0.0,1585.2,22.89870137187137,12.989969772830328,12.0,0.0,197.2813423997292,0.0,29.452074668385386,1585.2
R2781,71.0,0,2,1,1,2166.7,242.2,178.5,2587.4,57.59264304319525,52.48277293407769,12.0,0.0,420.69187698859594,0.0,18.345966069524337,2587.4
R2782,69.0,1,2,0,0,720.0,1085.9,180.5,1986.4,76.23581767747531,6.696591186460809,6.696591186460809,5.303408813539191,176.14193765513375,1090.2700378398597,25.69003570866358,1986.4
R2783,58.0,1,1,0,1,2252.7,460.0,0.0,2712.7,224.51789088377214,53.24375667977143,12.0,0.0,459.99333009038673,0.0,29.289302814660616,2712.7
R2784,73.0,1,2,1,0,1095.3,330.5,188.5,1614.3,9.240022507085214,9.240022507085214,9.240022507085214,0.0,330.54758843547313,0.0,7.937919250315381,1160.2
R2785,60.0,1,3,1,0,1183.9,916.7,793.1,2893.7,81.6981230363285,9.129174337667015,9.129174337667015,2.870825662332985,1093.5653564682787,616.2136494230886,16.210366092303012,2893.7
R2786,64.0,1,2,1,0,199.9,747.4,1000.3,1947.6,10.425152229058657,1.4417978626528594,1.4417978626528594,8.983354366405798,17.95176508297655,1190.5218383762078,16.12292185315821,1947.6
R2787,49.0,1,0,0,1,1786.3,1169.8,0.0,2956.1,134.73852247790478,9.873519562546283,9.873519562546283,2.1264804374537167,486.49631194424234,683.3329711219347,11.970450331811223,2946.6
R2788,63.0,0,1,0,0,776.2,935.2,0.0,1711.4,21.41812084181967,6.633056328903443,6.633056328903443,5.366943671096557,148.99181165542916,786.2111085152379,23.221544376136876,1711.4
R2789,66.0,1,1,0,0,806.6,148.9,1623.0,2578.5,7.2392118263403855,7.2392118263403855,7.2392118263403855,0.0,148.85664245849432,0.0,19.290066771945277,2578.5
R2790,65.0,0,0,0,1,1850.8,327.8,142.4,2321.0,9.769807162634484,9.769807162634484,9.769807162634484,0.0,327.7909671633167,0.0,10.030187374649051,2320.9
R2791,72.0,1,3,0,1,2254.5,269.7,0.0,2524.2,49.11631509494485,49.11631509494485,12.0,0.0,269.70697364039734,0.0,28.698784766876223,2524.2
R2792,49.0,1,1,0,1,2208.7,270.9,0.0,2479.6,60.04704004717148,58.98730709796732,12.0,0.0,270.88390519099187,0.0,8.862805563906079,1856.6
R2793,41.0,1,0,1,0,758.8,173.8,413.7,1346.3,6.908586422640227,6.908586422640227,6.908586422640227,0.0,173.76449915926028,0.0,7.192393206282973,1346.3
R2794,68.0,1,2,0,0,213.5,844.0,370.0,1427.5,93.42174580888914,1.509257262083353,1.509257262083353,10.490742737916648,71.73590022939285,1142.2551347968742,24.140025898964325,1427.4
R2795,55.0,1,1,0,1,2144.5,146.2,299.4,2590.1,56.86451624117977,18.029684824884644,12.0,0.0,146.22014485122057,0.0,16.256875806592184,2590.2
R2796,72.0,0,3,1,0,1059.0,250.3,1686.3,2995.6,8.134780524136481,8.134780524136481,8.134780524136481,0.0,250.30503230745333,0.0,21.662374553541223,2995.6
R2797,83.0,1,4,0,0,1328.1,271.6,447.6,2047.3,40.84573399723268,23.97036688656032,12.0,0.0,719.1631057079987,0.0,6.703872665796906,1374.0
R2798,68.0,1,1,0,1,347.6,1507.0,0.0,1854.6,42.622957236586586,1.3270153542419678,1.3270153542419678,10.672984645758032,28.19323522732085,1478.8300763105765,7.920430925094391,1289.3
R2799,58.0,1,2,0,0,1355.6,328.3,361.9,2045.8,86.34427466744248,50.02815679621974,12.0,0.0,328.25832598677385,0.0,12.827800855084039,2045.8
R2800,77.0,1,1,1,0,116.9,2868.0,759.8,3744.7,48.13895730663004,0.5538823170632241,0.5538823170632241,11.446117682936777,780.8944432395467,2846.8714680132384,13.86517385465498,3744.7
R2801,63.0,1,0,0,1,863.8,52.0,892.4,1808.2,4.35397881280912,4.35397881280912,4.35397881280912,0.0,51.99902899230728,0.0,18.66750021278361,1808.3
R2802,54.0,1,1,1,1,1009.3,854.8,767.1,2631.2,23.85007098613406,5.552998581346418,5.552998581346418,6.447001418653582,99.72317628055647,1522.197758085912,13.635277643292913,2631.2
R2803,58.0,1,3,1,0,1412.1,223.0,1020.1,2655.2,11.578704984968269,11.578704984968269,11.578704984968269,0.0,222.968921359084,0.0,11.557908389137452,1634.7
R2804,55.0,1,1,1,1,2138.1,381.7,0.0,2519.8,79.93789891949902,41.61527456506051,12.0,0.0,381.72105998557805,0.0,28.82827868984852,2519.8
R2805,68.0,1,0,1,1,1705.5,562.3,0.0,2267.8,24.394127240797946,8.983689612154071,8.983689612154071,3.0163103878459285,176.29495063652925,386.03313862002193,9.18474654321355,1907.5
R2806,58.0,1,0,1,1,2109.6,215.1,558.1,2882.8,70.2618196518145,56.9127243898694,12.0,0.0,215.1476918972759,0.0,18.06066695900277,2882.9
R2807,54.0,1,2,1,1,536.7,43.5,789.2,1369.4,2.121558666113261,2.121558666113261,2.121558666113261,0.0,43.522474785069896,0.0,11.368031157827378,1369.5
R2808,50.0,1,1,1,0,1401.4,205.8,0.0,1607.2,148.29797185698845,15.864536899764486,12.0,0.0,205.84844528962404,0.0,25.484608042408468,1607.3
R2809,69.0,1,1,0,0,1404.5,422.4,828.5,2655.4,59.23871129500239,36.7697418879363,12.0,0.0,422.44955785989157,0.0,20.85881748212953,2655.5
R2810,40.0,1,0,1,1,1278.0,676.2,808.8,2763.0,148.90336940385396,6.128899327668923,6.128899327668923,5.871100672331077,93.29555074091107,582.8561662255331,20.89189874989854,2763.0
R2811,68.0,1,2,1,0,579.6,182.9,566.5,1329.0,4.666364645785573,4.666364645785573,4.666364645785573,0.0,182.89709728416327,0.0,16.45057620813199,1329.0
R2812,70.0,1,0,1,1,2122.6,181.7,313.5,2617.8,42.357407413372776,42.357407413372776,12.0,0.0,495.26503153890576,0.0,16.99896994702695,2617.8
R2813,51.0,0,0,1,0,926.1,173.8,3587.0,4686.9,8.825892824492776,8.825892824492776,8.825892824492776,0.0,173.84689485670708,0.0,29.81244412111415,4687.0
R2814,69.0,0,6,0,0,326.4,1492.3,3110.0,4928.7,18.108872531402035,2.575844858809069,2.575844858809069,9.42415514119093,60.02609881772636,4542.283620060599,16.195865678056116,4928.7
R2815,74.0,0,2,1,0,356.8,931.7,285.2,1573.7,17.576421243256277,2.4822446179951685,2.4822446179951685,9.517755382004832,35.82753637522968,1181.1148335715263,21.779212990910835,1573.8
R2816,70.0,1,1,0,1,2229.4,86.1,0.0,2315.5,110.86106294170438,18.461517911846332,12.0,0.0,86.06835654151563,0.0,8.116113082031958,1730.3
R2817,80.0,1,4,0,1,2250.4,257.6,740.6,3248.6,68.87019485666634,50.33223731789145,12.0,0.0,998.2038555605686,0.0,18.590001981405102,3248.6
R2818,59.0,1,0,1,1,1387.3,458.0,0.0,1845.3,20.416688436127185,7.849726080914879,7.849726080914879,4.150273919085121,102.96022097877275,355.0219034175618,24.139717372320433,1845.2
R2819,55.0,1,0,1,0,1258.7,201.1,0.0,1459.8,40.252307877215635,19.722350611788684,12.0,0.0,201.05514187909924,0.0,17.252383379810063,1459.8
R2820,61.0,1,1,1,0,568.2,76.6,598.4,1243.2,4.145255232178033,4.145255232178033,4.145255232178033,0.0,76.61420173463117,0.0,23.455604693528464,1243.2
R2821,53.0,1,0,0,0,118.6,2394.6,1030.2,3543.4,9.6450402725286,0.03204715611381509,0.03204715611381509,9.612993116414785,1.2234307111710216,3423.609308752324,21.942256121621625,3543.4
R2822,69.0,0,0,1,1,176.2,546.4,744.8,1467.4,10.845564949565157,0.39996612837164397,0.39996612837164397,10.445598821193514,3.1890758565498607,543.1732835808432,8.637356575552017,1259.2
R2823,62.0,1,1,1,1,2175.8,83.2,0.0,2259.0,38.317790085301354,12.702033072375368,12.0,0.0,83.16104100850757,0.0,17.45116199279683,2259.0
R2824,62.0,1,3,1,0,708.2,737.2,297.1,1742.5,10.89952347535986,5.049345682124115,5.049345682124115,5.850177793235745,86.16075941364424,651.0388453866234,6.748833976813051,1280.6
R2825,68.0,1,1,1,0,1214.3,133.0,0.0,1347.3,24.171792108387624,24.171792108387624,12.0,0.0,133.0241528319117,0.0,8.182629875072589,1001.4
R2826,75.0,1,2,1,0,1422.5,282.6,1523.1,3228.2,41.21057935335657,41.21057935335657,12.0,0.0,282.640329922505,0.0,22.157447507718107,3228.2
R2827,40.0,1,1,0,1,2043.4,218.4,1411.8,3673.6,136.10789766482966,10.724246747210564,10.724246747210564,1.2757532527894355,1534.7600356815433,95.41420430496673,11.276837499817766,3619.5
R2828,46.0,1,1,1,1,1955.4,115.6,0.0,2071.0,126.3640132612875,66.15882156967868,12.0,0.0,115.564141249835,0.0,7.215357580590109,1373.1
R2829,55.0,1,1,0,0,1241.7,212.4,0.0,1454.1,104.36434639387404,14.086854776290687,12.0,0.0,212.38029862300488,0.0,17.24159341979498,1454.1
R2830,63.0,1,0,1,0,118.0,1.7,957.0,1076.7,0.14176425876751828,0.14176425876751828,0.14176425876751828,0.0,1.676155712067694,0.0,22.757099308593236,1076.7
R2831,64.0,0,3,1,0,436.5,316.4,100.9,853.8,19.587621879757265,3.8227391597863245,3.8227391597863245,8.177260840213675,21.165245495170513,396.1791609538973,12.7245700119561,853.9
R2832,53.0,1,1,0,0,588.8,1431.0,383.1,2402.9,112.09435355532155,4.533372716733091,4.533372716733091,7.466627283266909,505.0210774158667,1309.1685249262173,10.574413325893584,1769.9
R2833,65.0,1,2,0,0,823.9,2131.7,407.8,3363.4,58.606675133294736,6.890364652807903,6.890364652807903,5.109635347192097,365.25463722451536,2174.2471985053126,11.539143531484896,3204.0
R2834,80.0,0,2,1,0,472.7,1089.3,1383.3,2945.3,67.26394828235993,3.7095419648900005,3.7095419648900005,8.29045803511,69.93595777678402,2402.666832156052,6.554134417680373,892.4
R2835,65.0,1,3,1,0,1437.0,500.5,0.0,1937.5,11.697529115934268,11.697529115934268,11.697529115934268,0.0,500.4970016809608,0.0,7.001747339679403,1257.6
R2836,58.0,1,2,1,0,531.5,511.2,2465.7,3508.4,6.246752335684824,4.5984754482918095,4.5984754482918095,1.6482768873930143,153.1535423139978,358.0195694493525,17.098363073649686,3508.4
R2837,70.0,1,0,1,0,236.1,18.6,1309.6,1564.3,1.382917938371269,1.382917938371269,1.382917938371269,0.0,18.586612971986014,0.0,11.169551645009665,1564.3
R2838,55.0,0,0,1,1,2279.2,126.2,251.3,2656.7,44.44035459860444,15.595136274887574,12.0,0.0,126.22845082601081,0.0,16.27151858232242,2656.7
R2839,68.0,1,0,1,0,1038.5,356.1,0.0,1394.6,74.73237912788774,8.450931083707562,8.450931083707562,3.5490689162924376,95.25434499013927,260.89039513058157,27.918178716610562,1394.6
R2840,54.0,0,1,1,0,345.4,1991.4,0.0,2336.8,49.72705257124562,2.731707328804757,2.731707328804757,9.268292671195244,86.10663519981745,1905.309852134643,25.301719984142963,2336.8
R2841,60.0,1,3,1,0,119.7,1429.7,1195.8,2745.2,19.78138094668653,0.08551681503557645,0.08551681503557645,11.914483184964423,1.571723769574803,2623.9217905279993,25.841456411980232,2745.1
R2842,62.0,1,2,0,0,719.7,715.4,1869.3,3304.4,41.59593450723949,5.452141162456699,5.452141162456699,6.547858837543301,81.00075633167812,2503.7784323439223,28.296566794850424,3304.5
R2843,70.0,1,0,0,1,2275.2,198.8,413.5,2887.5,73.3530710970301,73.3530710970301,12.0,0.0,612.291465972951,0.0,22.007446943423293,2887.5
R2844,68.0,1,1,0,1,2150.4,201.0,0.0,2351.4,108.19708887430285,20.654349796198535,12.0,0.0,201.01987778649752,0.0,16.504908973953995,2351.4
R2845,70.0,0,1,0,1,1744.9,169.5,0.0,1914.4,20.117819439273163,20.117819439273163,12.0,0.0,169.4915023734232,0.0,7.760059795746504,1272.9
R2846,59.0,0,2,0,1,2157.9,215.8,0.0,2373.7,54.76477294184189,18.46515046459163,12.0,0.0,215.77969195776635,0.0,23.320953004509413,2373.7
R2847,56.0,1,1,1,1,944.2,2081.0,606.0,3631.2,19.341995265843767,4.842582061845116,4.842582061845116,7.157417938154884,195.59996639440183,2491.4317595661905,8.668297063356864,2753.6
R2848,68.0,0,3,0,0,1312.0,366.6,0.0,1678.6,37.75811594016329,22.625018678888406,12.0,0.0,366.5734296825196,0.0,13.28127954906498,1678.5
R2849,47.0,1,1,0,1,2262.1,439.5,0.0,2701.6,221.11540322596701,106.2122391743156,12.0,0.0,439.49604771908656,0.0,12.734606858658884,2701.6
R2850,52.0,1,0,0,1,2235.6,252.6,0.0,2488.2,101.60516974564102,19.625891593075732,12.0,0.0,252.5990613802123,0.0,28.50848603094778,2488.2
R2851,75.0,0,0,0,1,2236.5,48.7,647.6,2932.8,16.534097086977706,16.534097086977706,12.0,0.0,488.7429063445334,0.0,26.79886822128953,2932.8
R2852,68.0,0,2,0,1,2197.5,354.1,257.1,2808.7,55.924934295875765,40.7166895223315,12.0,0.0,354.10553787203156,0.0,12.110236856003175,2808.8
R2853,67.0,1,1,1,1,357.9,968.0,2801.0,4126.9,15.332004937514967,1.3329245097909013,1.3329245097909013,10.667075490209099,18.19901631343848,3750.8437535120056,14.994120723076485,4126.9
R2854,64.0,0,2,0,1,2275.6,279.4,0.0,2555.0,15.594651248461997,15.594651248461997,12.0,0.0,279.40057471637573,0.0,17.456363929376746,2555.0
R2855,52.0,1,1,1,1,2153.4,219.9,0.0,2373.3,87.1151532032743,26.103758269085496,12.0,0.0,219.8852232219695,0.0,7.145227926011119,1566.6
R2856,66.0,1,2,1,0,532.5,2108.0,7549.9,10190.4,40.288582525671075,4.274985813809601,4.274985813809601,7.725014186190399,164.87741124131315,9256.34467983391,6.461532331006908,1809.0
R2857,77.0,1,2,1,0,474.6,1171.5,293.4,1939.5,7.549360225008519,3.950116994726696,3.950116994726696,3.5992432302818234,168.74125738799503,1296.1699401645976,19.658373462413312,1939.5
R2858,81.0,1,3,1,0,458.7,63.9,978.5,1501.1,3.196212759102863,3.196212759102863,3.196212759102863,0.0,301.89913142262395,0.0,18.005691505868015,1501.1
R2859,51.0,1,1,1,0,1434.5,478.7,204.7,2117.9,15.731781516869786,15.731781516869786,12.0,0.0,683.3296923789543,0.0,21.10712781093179,2117.8
R2860,72.0,0,3,1,0,569.0,80.3,353.2,1002.5,6.218842766542018,6.218842766542018,6.218842766542018,0.0,80.33300766630511,0.0,27.08197589362112,1002.5
R2861,61.0,1,0,1,0,1393.8,188.9,203.3,1786.0,55.45440553990677,19.85851412914992,12.0,0.0,188.938728065127,0.0,9.319933066112995,1511.5
R2862,57.0,1,3,1,0,358.0,1793.0,1350.2,3501.2,46.840353130363624,3.797189829175476,3.797189829175476,8.202810170824524,118.83303017590916,2633.436782215631,27.503538262690178,3501.1
R2863,80.0,0,2,0,0,111.3,1421.2,898.3,2430.8,23.896723824268562,0.5354081332932891,0.5354081332932891,11.46459186670671,10.104314452223731,2309.378097846252,11.030573591202387,2311.5
R2864,58.0,1,3,0,0,1395.0,630.4,0.0,2025.4,80.58074583809814,20.848570133364543,12.0,0.0,630.4161284246748,0.0,28.144295620655043,2025.5
R2865,60.0,0,3,0,1,2273.1,109.0,0.0,2382.1,38.18031208477124,38.18031208477124,12.0,0.0,109.0291897338778,0.0,9.80642422231285,1983.3
R2866,74.0,1,1,1,0,1418.2,316.8,0.0,1735.0,29.184164850635813,29.184164850635813,12.0,0.0,316.8479705170098,0.0,15.587595419453056,1735.0
R2867,61.0,0,1,1,0,233.4,1415.6,840.9,2489.9,14.569800235809124,1.8364164232365459,1.8364164232365459,10.163583576763454,38.161497693650595,2218.3287843457174,23.674589871442592,2489.9
R2868,59.0,1,0,1,1,2121.1,260.4,775.2,3156.7,290.81690112398365,55.1137934993313,12.0,0.0,1035.6690727837604,0.0,10.804895023535313,2954.1
R2869,70.0,0,1,0,1,373.1,1811.0,10335.6,12519.7,106.1456768930665,1.188947112735662,1.188947112735662,10.811052887264339,2662.885624782316,9483.741575320442,8.81213436383733,9192.6
R2870,63.0,1,2,0,0,115.9,1610.5,0.0,1726.4,60.495235011297424,0.9634245520550518,0.9634245520550518,11.036575447944948,21.272008399531884,1589.2365538299846,12.449605815914339,1726.4
R2871,66.0,0,1,1,1,2190.9,123.7,0.0,2314.6,129.48200861669935,16.21163596844574,12.0,0.0,123.70039960834679,0.0,14.074397410814125,2314.6
R2872,59.0,1,1,1,1,2190.3,333.8,0.0,2524.1,27.15735984238026,27.15735984238026,12.0,0.0,333.8047670804314,0.0,27.262165918962,2524.1
R2873,72.0,0,2,0,0,719.7,1359.5,1000.7,3079.9,17.169154233258418,5.464094074529753,5.464094074529753,6.535905925470247,154.47042195248068,2205.713013938306,12.017775806208743,3079.8
R2874,66.0,1,5,1,0,284.9,175.1,651.5,1111.5,2.977292431090526,2.977292431090526,2.977292431090526,0.0,175.12911969294282,0.0,22.36494332219614,1111.5
R2875,80.0,1,3,0,0,466.7,86.5,834.7,1387.9,3.685169783069875,3.685169783069875,3.685169783069875,0.0,86.5461344095801,0.0,26.036670465273133,1388.0
R2876,75.0,1,3,1,0,1088.2,650.1,842.8,2581.1,30.21444126047066,9.38781655495573,9.38781655495573,2.61218344504427,1073.7870570072673,419.1453635818995,6.320414298878116,917.2
R2877,65.0,1,0,1,1,2008.1,385.9,0.0,2394.0,93.44454545870875,12.132870610305636,12.0,0.0,385.93451510358636,0.0,12.570308021313,2394.0
R2878,74.0,0,0,0,0,820.6,196.3,6064.0,7080.9,6.998902940060616,6.998902940060616,6.998902940060616,0.0,196.28713934375284,0.0,27.665439755028046,7080.9
R2879,56.0,1,0,1,1,1274.0,1559.9,334.4,3168.3,98.05780767266063,6.563964424386912,6.563964424386912,5.436035575613088,243.68795847025223,1650.6110301986369,19.961010660805883,3168.3
R2880,76.0,1,2,1,1,2085.1,268.8,0.0,2353.9,12.761327656513874,10.321941325591462,10.321941325591462,1.678058674408538,130.45150508555548,138.31149426597324,10.063504626902986,2212.3
R2881,54.0,1,0,1,1,1320.8,389.3,586.6,2296.7,13.728995669090343,6.654675609622991,6.654675609622991,5.345324390377009,62.405092533353255,913.5328969595446,17.83609284022329,2296.7
R2882,61.0,1,2,0,0,1336.6,216.6,0.0,1553.2,96.78604161915311,19.178697670021638,12.0,0.0,216.57032242276188,0.0,15.605034566247852,1553.2
R2883,54.0,1,0,0,0,231.4,1422.1,0.0,1653.5,111.86359054377465,1.3244482461542144,1.3244482461542144,10.675551753845786,26.547588384663737,1395.5449712568557,26.050127838043146,1653.4
R2884,64.0,0,0,1,1,2235.1,270.0,161.9,2667.0,104.66180316320747,29.610532137606665,12.0,0.0,431.8582196151086,0.0,25.022635977164956,2666.9
R2885,62.0,0,1,1,0,1321.9,203.2,831.9,2357.0,64.4845951793043,14.978647463370214,12.0,0.0,1035.0958363644947,0.0,13.780270572887542,2357.0
R2886,56.0,0,0,1,0,1423.3,116.5,0.0,1539.8,115.09941451585878,37.994359815941216,12.0,0.0,116.52491915999366,0.0,29.593552715585155,1539.8
R2887,75.0,1,1,0,0,1065.5,370.9,0.0,1436.4,32.144108059748966,9.243470418291812,9.243470418291812,2.756529581708188,125.95824707609364,244.97266842332894,7.1469236827652125,949.8
R2888,64.0,1,1,1,0,1052.4,468.8,1277.4,2798.6,12.556725831968746,8.906072216314813,8.906072216314813,3.093927783685187,207.24163120078407,735.683077519207,27.831642088083303,2798.6
R2889,74.0,1,3,0,1,533.6,2200.4,355.5,3089.5,38.83855418383104,2.3474577850879372,2.3474577850879372,9.652542214912064,79.1018424507381,2476.7315806614984,8.334408787784808,2283.8
R2890,54.0,1,1,1,1,1928.5,158.5,0.0,2087.0,24.705312155769523,19.59309283393208,12.0,0.0,158.53600609038656,0.0,19.30259804650773,2087.0
R2891,69.0,1,0,0,0,594.1,685.4,315.2,1594.7,37.401671832938895,4.890539258242131,4.890539258242131,7.109460741757869,65.39767465115598,620.0199165167685,16.05365115392256,1594.8
R2892,75.0,1,2,1,0,1301.1,570.2,0.0,1871.3,10.50737813269436,10.50737813269436,10.50737813269436,0.0,570.1871239958374,0.0,25.762102303643264,1871.2
R2893,59.0,1,0,1,1,1344.3,229.3,2899.9,4473.5,7.987921693037511,7.987921693037511,7.987921693037511,0.0,229.3007572969344,0.0,17.532147868610707,4473.4
R2894,68.0,0,1,1,0,356.6,1705.7,772.4,2834.7,9.917833275169649,2.1352351966280936,2.1352351966280936,7.782598078541556,68.8608599631092,1636.8721060776422,12.753886197923736,2834.8
R2895,84.0,1,2,1,0,330.6,66.6,384.3,781.5,2.3018780600028035,2.3018780600028035,2.3018780600028035,0.0,66.63678802210845,0.0,23.1075588608676,781.5
R2896,62.0,1,1,1,0,235.4,728.8,2981.1,3945.3,65.74491581619192,1.6221605152595056,1.6221605152595056,10.377839484740495,17.058744099207242,3692.8412561816554,15.168405586065838,3945.3
R2897,50.0,0,2,0,1,1889.6,120.0,336.7,2346.3,77.88363022145727,77.88363022145727,12.0,0.0,119.96274443138422,0.0,16.204251056792707,2346.3
R2898,57.0,1,2,1,1,555.8,13.8,459.3,1028.9,2.6528049978598545,2.6528049978598545,2.6528049978598545,0.0,13.757009573984929,0.0,25.589996593938583,1028.9
R2899,57.0,1,2,1,1,2235.2,372.1,0.0,2607.3,16.684500866365955,16.684500866365955,12.0,0.0,372.11975622992026,0.0,14.548923777665069,2607.4
R2900,63.0,0,0,0,1,2228.4,108.8,233.0,2570.2,169.96704627102685,13.5525271975696,12.0,0.0,108.77970413933502,0.0,18.721171745765474,2570.2
R2901,68.0,1,4,1,0,111.9,10.7,766.0,888.6,0.2792106894948282,0.2792106894948282,0.2792106894948282,0.0,10.723423214490769,0.0,25.409833518173933,888.7
R2902,65.0,0,3,1,0,464.5,658.1,113.3,1235.9,9.115745453188273,3.907989100158909,3.907989100158909,5.207756353029364,67.90794503438498,590.175701804431,25.84103935120809,1235.9
R2903,64.0,1,3,1,0,1239.6,453.0,2117.2,3809.8,32.23320234340931,28.78910785973286,12.0,0.0,704.1462344496847,0.0,22.407315546589246,3809.8
R2904,79.0,1,2,0,1,2199.3,374.4,260.6,2834.3,72.37056895259727,35.597746669258335,12.0,0.0,634.9932168545793,0.0,23.035855693770323,2834.3
R2905,75.0,0,0,0,1,355.5,863.6,1216.3,2435.4,9.20160307958275,1.34389115253477,1.34389115253477,7.85771192704798,22.068478129491634,1399.8512465895938,8.284468343868902,1679.2
R2906,62.0,1,2,1,1,2040.7,797.2,786.3,3624.2,67.24967918220955,27.08680772722382,12.0,0.0,797.2157568222385,0.0,19.08552917972582,3624.2
R2907,68.0,0,2,0,1,134.7,1524.0,2949.8,4608.5,131.55541462010467,0.3677928394806544,0.3677928394806544,11.632207160519346,7.353042619835392,4466.423178034813,20.35127101555542,4608.5
R2908,53.0,1,2,0,0,1295.6,658.0,1094.1,3047.7,13.922803593117642,11.867013262132211,11.867013262132211,0.13298673786778892,1707.2984529793823,44.81541997377981,9.386505960145191,1564.7
R2909,64.0,0,1,1,0,237.7,1368.8,1148.7,2755.2,67.6473086702554,1.029880343011242,1.029880343011242,10.970119656988757,19.42373949820841,2498.05850837398,27.32012825995087,2755.1
R2910,70.0,0,1,1,1,2264.4,161.4,0.0,2425.8,27.215095778293467,19.103581924115485,12.0,0.0,161.44976261003686,0.0,22.216279736173927,2425.9
R2911,72.0,1,1,1,0,1384.4,235.9,118.0,1738.3,14.926214656207636,14.926214656207636,12.0,0.0,235.87333295797674,0.0,8.475532651348612,1322.9
R2912,76.0,1,3,0,0,1372.6,173.9,0.0,1546.5,97.48931601536519,42.00162311900134,12.0,0.0,173.94194023920465,0.0,8.921524017236479,1158.7
R2913,63.0,1,0,1,0,323.9,525.3,1004.8,1854.0,8.466310671893721,2.137271192798722,2.137271192798722,6.329039479094999,25.862605509588775,1188.138134235479,8.485580331263538,1854.1
R2914,59.0,0,1,1,0,1412.0,390.3,0.0,1802.3,47.89105292590353,35.84004778340892,12.0,0.0,390.30187393501626,0.0,9.475675006062147,1484.9
R2915,77.0,0,1,0,1,1853.2,323.8,0.0,2177.0,115.7544253079338,46.138798541693184,12.0,0.0,323.79685513124605,0.0,20.15385969087648,2177.0
R2916,84.0,1,1,0,0,1377.8,348.5,0.0,1726.3,22.578067918126976,22.578067918126976,12.0,0.0,348.4591226422257,0.0,8.341108834955882,1275.5
R2917,67.0,1,1,1,0,1434.3,162.5,0.0,1596.8,76.47897487558198,76.47897487558198,12.0,0.0,162.462834250825,0.0,15.810715748039968,1596.8
R2918,66.0,1,1,1,1,2109.1,265.2,0.0,2374.3,28.394549904362428,28.394549904362428,12.0,0.0,265.1543476411776,0.0,12.92787130656546,2374.3
R2919,67.0,1,0,0,1,361.2,511.3,1753.5,2626.0,5.400091044109787,1.125473332879889,1.125473332879889,4.274617711229897,19.8412049954553,1198.9918214071322,21.68539915614027,2626.0
R2920,78.0,1,2,1,0,1185.3,248.4,1795.2,3228.9,19.611687488358793,19.611687488358793,12.0,0.0,248.43514892451603,0.0,23.096019760685415,3228.9
R2921,77.0,1,3,1,0,567.0,4867.2,1799.6,7233.8,13.419594196318316,4.066524875157742,4.066524875157742,7.933475124842258,354.66404089738023,6312.156610448124,21.320642639635135,7233.9
R2922,54.0,1,0,1,1,159.0,960.8,796.3,1916.1,40.7147854921881,0.7245098942669475,0.7245098942669475,11.275490105733052,9.374225010532673,1747.7255992541513,20.28981208960991,1916.1
R2923,53.0,0,2,1,0,716.8,1025.0,359.8,2101.6,39.862818477684264,5.25410443003069,5.25410443003069,6.74589556996931,109.348648286885,1275.4408996447487,19.348801467144764,2101.6
R2924,52.0,1,0,0,0,292.3,1582.7,129.3,2004.3,110.47283434941869,2.198077076082255,2.198077076082255,9.801922923917745,52.61050351245804,1659.3781249511942,24.42230949011997,2004.3
R2925,55.0,0,0,1,1,135.1,617.2,972.8,1725.1,33.80192141364564,0.8557892794456402,0.8557892794456402,11.14421072055436,434.9566889973986,1155.0172758449032,18.030642292008906,1725.1
R2926,51.0,1,1,1,1,2248.3,216.1,0.0,2464.4,19.90017735025526,19.90017735025526,12.0,0.0,216.1005495259085,0.0,11.138295275870407,2448.9
R2927,62.0,1,0,1,1,2196.0,206.3,0.0,2402.3,103.42939850743645,38.5479844624263,12.0,0.0,206.27406260303474,0.0,8.625858170888149,1795.3
R2928,62.0,1,1,1,0,933.0,763.9,439.8,2136.7,38.5245684472658,7.401375052198763,7.401375052198763,4.598624947801237,151.19834237516307,612.6691774301014,20.4011572807262,2136.6
R2929,66.0,1,1,0,1,2274.8,252.4,125.5,2652.7,32.58338426625084,11.862396080426334,11.862396080426334,0.13760391957366558,360.0618906741472,17.74852311721256,25.32047565879624,2652.6
R2930,65.0,0,2,1,0,219.4,2614.8,1147.4,3981.6,12.085475072480843,1.9527062486000755,1.9527062486000755,10.047293751399925,75.66626014247194,3686.4731673686338,23.223685875901694,3981.5
R2931,69.0,1,0,0,0,946.9,432.9,238.1,1617.9,36.62242853366168,7.4140488311191985,7.4140488311191985,4.5859511688808015,85.98774854072246,585.0094540552587,22.987147677428602,1617.9
R2932,69.0,0,3,1,1,639.9,151.2,632.2,1423.3,3.081652147222396,3.081652147222396,3.081652147222396,0.0,151.23651715092177,0.0,24.652450726179072,1423.4
R2933,50.0,1,0,1,0,1394.9,244.7,0.0,1639.6,41.72572516743107,11.814283018290167,11.814283018290167,0.18571698170983275,221.96529860148857,22.755833785242416,7.9356815863284185,1079.0
R2934,52.0,0,1,1,1,1312.0,751.7,204.6,2268.3,38.92456712596279,9.437155286209261,9.437155286209261,2.5628447137907386,475.8498844222893,480.4325945736534,26.417890001107303,2268.3
R2935,68.0,1,2,0,0,1013.7,285.9,154.7,1454.3,8.552066731541743,8.552066731541743,8.552066731541743,0.0,285.8889278066896,0.0,6.750470702270425,1168.7
R2936,76.0,1,3,0,0,1247.6,451.2,367.6,2066.4,36.03205586164611,17.389299484173474,12.0,0.0,818.778736034445,0.0,19.429493874101183,2066.4
R2937,81.0,0,2,0,0,1171.1,334.7,0.0,1505.8,32.31841411714938,32.31841411714938,12.0,0.0,334.7060490316449,0.0,15.97144978076963,1505.8
R2938,70.0,1,6,1,0,235.3,37.8,0.0,273.1,1.4474945043303045,1.4474945043303045,1.4474945043303045,0.0,37.83202516046484,0.0,9.162401086365348,273.2
R2939,55.0,0,0,1,1,2232.5,118.4,0.0,2350.9,45.23414884214463,25.594292265623636,12.0,0.0,118.35003296899986,0.0,19.75495781442543,2350.8
R2940,55.0,1,3,0,1,1892.4,458.2,435.3,2785.9,85.6488371927135,10.733428999083273,10.733428999083273,1.266571000916727,258.92540901615666,634.5452986010459,8.759720795655587,1759.7
R2941,49.0,0,2,1,1,2156.6,366.9,0.0,2523.5,44.70154788422197,12.926117449263923,12.0,0.0,366.85265763084277,0.0,7.213829769998766,1658.3
R2942,75.0,0,3,1,0,119.4,1197.6,3553.0,4870.0,43.97791117515605,0.9342990592496285,0.9342990592496285,11.065700940750371,148.6254002609898,4445.237162703497,23.06071877503478,4869.9
R2943,68.0,1,3,0,1,543.8,1539.7,657.9,2741.4,40.17869186998933,2.016040889720888,2.016040889720888,9.983959110279113,92.16440471787604,1633.60909325139,27.3968283006317,2741.4
R2944,49.0,0,2,1,0,560.8,110.5,498.2,1169.5,4.608539652730092,4.608539652730092,4.608539652730092,0.0,110.4558761733117,0.0,16.573112976714604,1169.5
R2945,69.0,1,2,1,0,350.1,84.3,1390.0,1824.4,2.0078368255243046,2.0078368255243046,2.0078368255243046,0.0,84.27969512269394,0.0,25.35509072289517,1824.4
R2946,63.0,1,4,1,0,1163.7,538.9,192.6,1895.2,27.362022177695234,27.362022177695234,12.0,0.0,731.5484486665539,0.0,28.89423105830283,1895.3
R2947,56.0,1,2,0,1,2168.5,610.7,511.3,3290.5,46.52455149227819,11.171846430727056,11.171846430727056,0.8281535692729438,411.683907673215,199.0275674306259,23.53375504210447,3290.6
R2948,73.0,0,1,0,0,585.0,1140.1,767.5,2492.6,8.33408131409108,4.571642667223421,4.571642667223421,3.7624386468676585,179.0566931587058,961.0613943002302,16.120329217198776,2492.6
R2949,67.0,0,1,1,0,1382.8,406.1,0.0,1788.9,35.80398500269002,14.755844315689094,12.0,0.0,406.14079604977866,0.0,28.641682629757646,1788.9
R2950,56.0,0,3,1,0,345.4,1887.8,401.6,2634.8,12.673756603779532,2.2909004063065557,2.2909004063065557,9.709099593693445,65.91413200931005,2223.459300959087,11.934328697028722,2622.5
R2951,54.0,1,0,0,1,1914.7,190.9,0.0,2105.6,71.25991310613301,33.52059000620317,12.0,0.0,190.9307266675613,0.0,11.725411369222638,2101.3
R2952,66.0,1,3,1,0,1159.4,180.2,438.5,1778.1,24.721555880753726,18.278407051472893,12.0,0.0,618.7332558329717,0.0,22.077271755538135,1778.1
R2953,52.0,1,1,1,1,1858.2,214.1,19654.8,21727.1,9.784361487834474,9.784361487834474,9.784361487834474,0.0,214.0752456286069,0.0,25.80567340579298,21727.1
R2954,75.0,1,4,1,0,1179.6,146.2,510.2,1836.0,11.468415501308908,11.468415501308908,11.468415501308908,0.0,146.22963143722282,0.0,12.262910272415962,1836.1
R2955,56.0,1,0,0,1,2200.2,149.0,0.0,2349.2,91.90319181867996,12.07410291815583,12.0,0.0,148.9961038181822,0.0,13.528277116917671,2349.2
R2956,49.0,0,2,1,1,1778.7,184.8,2255.4,4218.9,82.86591905014284,26.82758993964392,12.0,0.0,1367.5192167933633,0.0,6.666849309472546,2213.0
R2957,51.0,1,0,0,1,2189.6,147.2,0.0,2336.8,80.00537670884108,22.821288993088327,12.0,0.0,147.16210952332472,0.0,8.276960997671491,1743.7
R2958,57.0,1,1,0,1,2124.5,238.9,0.0,2363.4,144.3615874341413,97.00331190657582,12.0,0.0,238.8594492670905,0.0,13.913506871025248,2363.4
R2959,74.0,1,2,0,0,198.8,982.9,1175.5,2357.2,11.07798050401084,1.4222232638464711,1.4222232638464711,9.65575724016437,21.70787453605674,1744.0404213984784,8.274174605594318,1332.9
R2960,56.0,0,1,1,1,2184.7,177.2,513.9,2875.8,26.687211044037795,26.687211044037795,12.0,0.0,691.0683322339173,0.0,6.534683600004206,1370.9
R2961,54.0,1,0,1,0,1209.5,509.1,0.0,1718.6,45.43039731896803,10.591796593797289,10.591796593797289,1.408203406202711,272.6768079884302,236.43261355186542,24.49368852305696,1718.6
R2962,69.0,1,2,0,0,1410.1,246.5,0.0,1656.6,126.20440472156105,34.39442727580095,12.0,0.0,246.49240705552825,0.0,27.20061462944144,1656.6
R2963,68.0,1,0,1,1,1760.2,159.7,0.0,1919.9,140.8917725131477,20.400746519376508,12.0,0.0,159.7174694459979,0.0,9.276788013463527,1590.3
R2964,57.0,1,1,1,1,1865.0,187.1,0.0,2052.1,17.122533550910862,10.358485928912692,10.358485928912692,1.6415140710873075,92.03167124344792,95.1150107024787,14.23139192542305,2052.1
R2965,73.0,0,0,0,0,210.0,527.0,1730.9,2467.9,4.555754853781901,1.0388176287687634,1.0388176287687634,3.5169372250131374,22.835628439269662,975.6847127397227,6.381076550922539,2467.9
R2966,67.0,1,0,1,0,1193.6,530.7,1344.9,3069.2,16.45669359467062,9.852195858743704,9.852195858743704,2.1478041412562963,219.14947951157663,1064.4683477692458,16.093736190143947,3069.2
R2967,66.0,1,1,0,1,2044.4,141.6,0.0,2186.0,151.11617617819152,25.646980166205477,12.0,0.0,141.63677550924115,0.0,8.866742881481766,1637.9
R2968,71.0,1,1,1,0,1175.1,573.1,0.0,1748.2,32.61487178396409,32.61487178396409,12.0,0.0,573.1116965434915,0.0,19.634076522204747,1748.2
R2969,60.0,1,2,0,0,1018.2,190.9,318.9,1528.0,9.406241672020371,9.406241672020371,9.406241672020371,0.0,253.85965462668685,0.0,22.257253112734613,1528.0
R2970,62.0,1,1,1,1,2028.3,337.7,198.2,2564.2,44.69995669673654,18.427943663482846,12.0,0.0,535.9434755276568,0.0,23.187807845359345,2564.2
R2971,74.0,0,0,1,1,355.1,1071.6,0.0,1426.7,197.80840096608011,1.033025904896381,1.033025904896381,10.96697409510362,15.256538410729915,1056.3188628144476,8.503362630864153,1089.8
R2972,79.0,1,0,1,0,757.9,768.1,0.0,1526.0,17.88633226157547,6.247600312199024,6.247600312199024,5.752399687800976,109.64676596212375,658.4079494566732,25.180732753248815,1525.9
R2973,52.0,1,0,1,1,2195.2,335.4,310.2,2840.8,70.55632811430365,55.963880275559944,12.0,0.0,335.44972681676916,0.0,26.119975813503313,2840.9
R2974,76.0,1,3,0,1,948.1,1531.7,351.4,2831.2,30.184427667063627,4.844185122987,4.844185122987,7.155814877013,253.0950603411644,1629.9352742801998,12.508623983128999,2831.1
R2975,63.0,1,1,1,0,619.7,645.7,265.1,1530.5,37.206909885011044,6.908541818895042,6.908541818895042,5.091458181104958,111.19770744137857,534.4598023792722,29.36514127128352,1530.4
R2976,65.0,1,2,1,1,552.4,841.1,1676.8,3070.3,8.277026420798643,2.683548790636676,2.683548790636676,5.593477630161967,57.63201510989891,783.4289894407067,14.100358201356558,3070.2
R2977,83.0,0,5,1,0,114.9,9.6,687.3,811.8,0.44186755867655114,0.44186755867655114,0.44186755867655114,0.0,9.5555531240345,0.0,12.181265800138835,811.7
R2978,69.0,0,0,1,1,326.8,840.3,3212.3,4379.4,88.28811015369699,1.9183732199818686,1.9183732199818686,10.081626780018132,829.2980777525627,3223.251178299981,9.799845440165727,4201.2
R2979,61.0,1,1,1,1,2162.1,243.0,0.0,2405.1,67.87943283663525,64.39479243492917,12.0,0.0,243.02096792298246,0.0,29.093682541134115,2405.1
R2980,65.0,1,1,1,0,301.2,69.7,959.8,1330.7,2.6546078531706465,2.6546078531706465,2.6546078531706465,0.0,272.5725981984465,0.0,29.628165448559628,1330.6
R2981,77.0,1,2,0,0,1331.5,177.3,0.0,1508.8,21.343477840148555,21.343477840148555,12.0,0.0,177.26829138322196,0.0,24.800682257647356,1508.8
R2982,51.0,1,0,0,0,573.1,831.5,0.0,1404.6,92.33835365560833,4.754922313104069,4.754922313104069,7.245077686895931,76.02863067309806,755.5099921587188,13.20381874300148,1404.6
R2983,71.0,1,4,1,0,809.7,3107.7,1965.7,5883.1,28.000821233654666,6.17568428975852,6.17568428975852,5.82431571024148,2400.262816206719,2673.091560349126,10.471605499040795,5181.6
R2984,72.0,0,3,1,0,1399.8,241.9,177.4,1819.1,13.416548997424995,13.416548997424995,12.0,0.0,419.3003512418744,0.0,25.58629506738214,1819.1
R2985,63.0,0,0,0,1,506.1,118.2,489.4,1113.7,3.0308108104139104,2.2740391889400544,2.2740391889400544,0.756771621473856,37.28721955933234,80.92641769440768,25.670079597317923,1113.6
R2986,80.0,1,4,0,0,718.8,504.4,465.4,1688.6,8.196900370247475,8.196900370247475,8.196900370247475,0.0,663.9669824053054,0.0,22.600964939367483,1688.6
R2987,68.0,1,1,1,1,2269.4,315.8,0.0,2585.2,18.31446830046217,18.31446830046217,12.0,0.0,315.77581600355137,0.0,6.339087325896451,1490.6
R2988,62.0,1,1,1,0,1295.3,181.5,0.0,1476.8,37.21566821697565,10.817478614509746,10.817478614509746,1.1825213854902543,105.97112246048444,75.5499038134233,8.154486598240458,1139.6
R2989,76.0,1,3,1,0,923.6,569.1,3291.2,4783.9,9.43548584902735,7.429129485522695,7.429129485522695,2.006356363504655,727.2664421169562,2796.643073908211,19.71131013901721,4783.9
R2990,63.0,0,1,1,0,116.1,18.0,3116.2,3250.3,0.8440638360397499,0.8440638360397499,0.8440638360397499,0.0,17.965054481874244,0.0,6.947888188599016,3250.3
R2991,63.0,1,0,0,1,177.6,4355.3,0.0,4532.9,105.21473018106039,0.1363659706921162,0.1363659706921162,11.863634029307883,7.662650511604772,4347.645988287324,25.63020047499618,4532.9
R2992,77.0,1,4,1,0,1348.3,334.8,754.7,2437.8,11.73878323799139,11.73878323799139,11.73878323799139,0.0,914.6851403937184,0.0,29.46633694355626,2437.9
R2993,74.0,0,1,1,0,1075.5,601.1,0.0,1676.6,13.335127888407753,9.383923580644575,9.383923580644575,2.6160764193554247,213.30454896847436,387.8193768927083,29.461888685295975,1676.6
R2994,63.0,0,1,0,0,1202.6,190.3,0.0,1392.9,79.66198024410073,13.401460931077606,12.0,0.0,190.31411028214185,0.0,25.91150753110836,1392.9
R2995,69.0,1,6,0,0,1345.5,1187.6,373.9,2907.0,20.88403992551559,13.599962535392045,12.0,0.0,1561.5213559616939,0.0,6.927061730817685,1470.4
R2996,56.0,1,0,0,1,2272.5,199.2,0.0,2471.7,95.31184941808705,16.003305139731445,12.0,0.0,199.213268275534,0.0,8.722599000751188,1849.2
R2997,82.0,1,3,1,0,569.3,162.2,549.9,1281.4,4.369646230704758,4.369646230704758,4.369646230704758,0.0,162.19871160648685,0.0,29.493588705955624,1281.4
R2998,63.0,1,1,1,0,1292.0,266.3,372.4,1930.7,23.713330261855052,10.332924816537178,10.332924816537178,1.6670751834628224,129.77943574652642,508.9852252604959,19.011449990034357,1930.8
R2999,82.0,1,4,1,0,587.7,820.6,1170.6,2578.9,29.663743295432447,4.764640495018785,4.764640495018785,7.235359504981215,829.6965551881619,745.3712584122575,8.692403037406342,2238.2
R3000,64.0,0,4,1,0,201.2,5587.2,2571.1,8359.5,52.741967470100846,1.714276198962674,1.714276198962674,10.285723801037326,221.5596017449192,7936.717027048191,6.115168710468198,2671.4
