id,drug,years,status,max_years
1,A,0.9609126232685201,2,4.717419253270922
2,A,5.0,0,5.0
3,A,3.0352379592108014,0,3.0352379592108014
4,A,0.35897887671125284,1,4.4311706769331245
5,A,1.5493481538191216,1,5.0
6,A,4.41548876939803,0,4.41548876939803
7,A,4.497739450452718,0,4.497739450452718
8,A,0.04909037639223997,1,5.0
9,A,1.0813945555562108,2,5.0
10,A,0.627904205521459,2,5.0
11,A,0.677593620291883,2,5.0
12,A,3.907502131068635,2,5.0
13,A,0.4905650824747765,1,5.0
14,A,4.261805999075412,2,5.0
15,A,1.7391070373288458,2,4.004671713694087
16,A,4.155798927658622,2,5.0
17,A,5.0,0,5.0
18,A,0.8673239675934499,2,3.6051479428935282
19,A,0.010364147270800324,2,4.309740632449309
20,A,3.5163532054007205,2,5.0
21,A,4.327507004443882,0,4.327507004443882
22,A,4.636568654535716,0,4.636568654535716
23,A,0.9699624089270492,2,5.0
24,A,1.2765354697501399,2,5.0
25,A,5.0,0,5.0
26,A,0.7154749106051593,2,5.0
27,A,5.0,0,5.0
28,A,2.1419945605153217,1,5.0
29,A,1.8796531903674714,1,3.729195936741725
30,A,0.9085790574014779,1,5.0
31,A,4.1782663387645105,2,4.297225116569452
32,A,1.869892158141758,2,3.5653345054069474
33,A,5.0,0,5.0
34,A,0.4522590990492346,2,3.297552912269669
35,A,3.29659573372823,0,3.29659573372823
36,A,3.3655324417147554,2,3.4178835058784487
37,A,0.2755888683448728,2,5.0
38,A,3.110508773876681,1,3.136779224723282
39,A,4.083647245214757,0,4.083647245214757
40,A,1.0059669569112475,1,5.0
41,A,2.9473974951795996,2,5.0
42,A,0.33988207836315315,1,5.0
43,A,0.6793705696774619,2,5.0
44,A,4.357087161084472,1,4.815603162018334
45,A,5.0,0,5.0
46,A,0.6274168647099245,2,3.7750950007548596
47,A,1.3265981898227153,2,5.0
48,A,5.0,0,5.0
49,A,4.829826020026095,2,5.0
50,A,3.522439899150093,0,3.522439899150093
51,A,3.0596807183154078,1,5.0
52,A,1.0421932820659452,2,4.82746160582253
53,A,5.0,0,5.0
54,A,2.583172369040014,1,5.0
55,A,5.0,0,5.0
56,A,1.2129756260501179,2,5.0
57,A,0.1155539705732628,1,3.777525392493178
58,A,1.3939278593963922,2,3.748382805884566
59,A,2.47512001885703,1,5.0
60,A,3.4335169997442847,1,5.0
61,A,0.5788101002046393,2,5.0
62,A,2.796106731411694,1,5.0
63,A,1.287110835520932,2,3.1038439436907423
64,A,2.4672919856363134,1,5.0
65,A,0.7396334513964072,2,3.4402312169639426
66,A,4.078914342271321,1,5.0
67,A,3.285563137400185,1,5.0
68,A,3.4968416474165007,0,3.4968416474165007
69,A,5.0,0,5.0
70,A,4.01695750391504,0,4.01695750391504
71,A,0.2956974635743553,2,3.2061355568953176
72,A,0.175104317833984,1,5.0
73,A,0.8185197615190265,2,5.0
74,A,4.661992124045284,0,4.661992124045284
75,A,5.0,0,5.0
76,A,2.0005327303199376,1,3.646508185975102
77,A,0.0162466132909406,2,3.0087995509695276
78,A,1.7591614054537348,2,5.0
79,A,4.627987531158803,0,4.627987531158803
80,A,1.4955061069425266,2,4.986298567918041
81,A,0.043182796800732656,2,3.1622180627129093
82,A,3.7438345782633693,0,3.7438345782633693
83,A,3.222647698447769,0,3.222647698447769
84,A,5.0,0,5.0
85,A,0.6201412817594916,2,5.0
86,A,3.25909743752188,0,3.25909743752188
87,A,5.0,0,5.0
88,A,5.0,0,5.0
89,A,3.020361813495139,2,4.149940809173513
90,A,5.0,0,5.0
91,A,0.2774384708253524,2,5.0
92,A,4.105035409120379,0,4.105035409120379
93,A,5.0,0,5.0
94,A,5.0,0,5.0
95,A,4.550140587609215,0,4.550140587609215
96,A,4.022922064763128,0,4.022922064763128
97,A,2.992303851095795,2,5.0
98,A,4.260327076960161,0,4.260327076960161
99,A,5.0,0,5.0
100,A,3.7459293873648765,1,4.5569895984406745
101,A,5.0,0,5.0
102,A,5.0,0,5.0
103,A,1.0805089431297925,2,3.335286359592942
104,A,3.3591111893419363,2,3.640422801201038
105,A,5.0,0,5.0
106,A,4.194506734838273,2,5.0
107,A,3.9889830227267575,2,4.715929678381094
108,A,5.0,0,5.0
109,A,4.141067907563952,2,5.0
110,A,0.37350486589598175,2,4.579646368785852
111,A,5.0,0,5.0
112,A,1.0824180215521229,2,5.0
113,A,2.1492305358945694,2,5.0
114,A,1.9111505786796077,1,5.0
115,A,3.9874684919991834,2,5.0
116,A,4.243989524581638,0,4.243989524581638
117,A,3.6077943281239655,0,3.6077943281239655
118,A,4.0044124335549585,0,4.0044124335549585
119,A,5.0,0,5.0
120,A,1.4320666425867032,2,5.0
121,A,0.6606775306582137,2,5.0
122,A,3.060647240122674,2,4.824094247461501
123,A,0.1515982206687046,2,5.0
124,A,5.0,0,5.0
125,A,5.0,0,5.0
126,A,2.826081055037056,1,3.514173770635607
127,A,4.615412843165561,0,4.615412843165561
128,A,4.275957548585407,2,5.0
129,A,0.9772943580450693,1,4.50451164163045
130,A,3.077071452644785,2,4.57644512593372
131,A,1.7283080381730163,1,3.925452831911719
132,A,0.26131627834539695,1,5.0
133,A,0.41977131262038303,1,5.0
134,A,1.6069864563391885,2,4.470752368044074
135,A,5.0,0,5.0
136,A,3.4641476571653933,2,5.0
137,A,5.0,0,5.0
138,A,0.49444570175609526,2,5.0
139,A,2.465880113716189,1,5.0
140,A,5.0,0,5.0
141,A,3.0298302350246704,1,3.506084385838909
142,A,0.19939416472296564,1,5.0
143,A,2.6414731425907596,1,5.0
144,A,1.317075393297353,2,5.0
145,A,4.371183910085226,0,4.371183910085226
146,A,3.4270492967775192,1,5.0
147,A,2.393467332783063,2,4.74284047087566
148,A,5.0,0,5.0
149,A,3.0920541713253584,0,3.0920541713253584
150,A,0.25046168713336037,1,4.78608361595746
151,A,1.9295120311584095,1,3.960230774574662
152,A,3.127273079001936,1,5.0
153,A,1.8104692094193537,2,4.050194137308243
154,A,0.32600502611186677,1,5.0
155,A,0.5447153482136095,2,4.2540106293086986
156,A,1.6671362611817504,2,5.0
157,A,3.9228372059038934,0,3.9228372059038934
158,A,0.11455594047494147,1,5.0
159,A,1.4071314596420017,2,4.535465012398526
160,A,3.6323629543916955,2,5.0
161,A,5.0,0,5.0
162,A,2.770973906351468,2,5.0
163,A,5.0,0,5.0
164,A,1.309367057789974,2,5.0
165,A,3.091899504127913,0,3.091899504127913
166,A,2.993136633009063,1,5.0
167,A,5.0,0,5.0
168,A,5.0,0,5.0
169,A,5.0,0,5.0
170,A,5.0,0,5.0
171,A,1.9134550578058664,2,3.590726467661683
172,A,3.081975968895037,0,3.081975968895037
173,A,1.5739798673926038,2,4.567250511824187
174,A,3.2955152675143697,2,4.930916512401488
175,A,5.0,0,5.0
176,A,5.0,0,5.0
177,A,4.272111918669079,0,4.272111918669079
178,A,0.014590885344419293,1,5.0
179,A,2.3977038303030747,2,5.0
180,A,4.973523872187632,0,4.973523872187632
181,A,0.28506165732182204,2,5.0
182,A,1.1509394990870971,1,5.0
183,A,3.378276002626185,1,5.0
184,A,0.7654833167334486,2,4.22577911928941
185,A,4.732652111571523,0,4.732652111571523
186,A,0.07128366225514733,2,5.0
187,A,5.0,0,5.0
188,A,5.0,0,5.0
189,A,5.0,0,5.0
190,A,3.176128546255795,2,3.9060238835347265
191,A,0.4323711238610904,2,5.0
192,A,0.7292521120276068,2,5.0
193,A,3.513306478325034,1,5.0
194,A,4.175614126195981,0,4.175614126195981
195,A,1.375859842977537,1,5.0
196,A,1.4349162064143473,1,3.369996492790656
197,A,5.0,0,5.0
198,A,2.643034212361908,2,3.539953724238283
199,A,4.202553601880926,1,5.0
200,A,2.8906107108707495,2,5.0
201,A,0.5601970540648878,2,5.0
202,A,0.6192761530051665,2,5.0
203,A,1.849684710253062,2,5.0
204,A,0.9302364504851106,1,5.0
205,A,0.5493167820329086,2,3.9834777860003303
206,A,1.642180993673243,2,5.0
207,A,5.0,0,5.0
208,A,5.0,0,5.0
209,A,3.092914854712181,1,3.3953496782350188
210,A,2.9956623312728565,1,5.0
211,A,1.031298511716512,1,5.0
212,A,3.900733281166905,0,3.900733281166905
213,A,1.826921725598829,1,4.938531792895239
214,A,3.2931986081122337,0,3.2931986081122337
215,A,1.886874622136058,2,5.0
216,A,4.095349867760479,1,5.0
217,A,3.934465052150273,0,3.934465052150273
218,A,1.8463468696524064,2,5.0
219,A,2.4128528831467317,2,5.0
220,A,1.791633498145222,1,5.0
221,A,2.1352585031402698,1,5.0
222,A,0.5459486734693764,2,5.0
223,A,5.0,0,5.0
224,A,0.7538884369114269,1,4.145086209853977
225,A,5.0,0,5.0
226,A,4.44144097853127,0,4.44144097853127
227,A,4.811097516871117,0,4.811097516871117
228,A,0.8156754611070949,1,5.0
229,A,2.9319814833884763,1,3.352297811703049
230,A,0.4103153638891697,2,5.0
231,A,5.0,0,5.0
232,A,5.0,0,5.0
233,A,5.0,0,5.0
234,A,3.132522069610568,2,5.0
235,A,5.0,0,5.0
236,A,5.0,0,5.0
237,A,5.0,0,5.0
238,A,0.2742774570790307,1,5.0
239,A,1.76596823630248,1,5.0
240,A,1.4278401860229952,1,5.0
241,A,3.2544089984867024,1,4.493948774574334
242,A,5.0,0,5.0
243,A,4.715431367292801,2,5.0
244,A,0.48527509385836626,2,5.0
245,A,2.089583600233688,1,5.0
246,A,0.4972347654360384,1,3.538196367653399
247,A,4.058678645079857,2,5.0
248,A,4.729769774133283,1,5.0
249,A,5.0,0,5.0
250,A,0.07333887642993181,2,5.0
251,A,3.8372436564404295,0,3.8372436564404295
252,A,3.4595604323126343,1,5.0
253,A,0.6746898846211824,1,4.50220991603631
254,A,1.6718184379803733,2,3.769775713038224
255,A,5.0,0,5.0
256,A,3.950671772602451,0,3.950671772602451
257,A,2.1036612704161843,2,5.0
258,A,5.0,0,5.0
259,A,5.0,0,5.0
260,A,2.280521046027424,2,5.0
261,A,5.0,0,5.0
262,A,4.843430979946223,0,4.843430979946223
263,A,4.796483224698531,0,4.796483224698531
264,A,5.0,0,5.0
265,A,0.07595373448804035,2,5.0
266,A,0.4673137441529298,1,4.328504894331172
267,A,3.033119337626762,1,5.0
268,A,4.571616518046295,2,5.0
269,A,0.8013688844594546,2,4.469141746526064
270,A,1.615340751682995,2,5.0
271,A,4.198496649453151,0,4.198496649453151
272,A,3.8019692967504577,0,3.8019692967504577
273,A,2.158050338219562,2,3.5198559015262028
274,A,1.5789687874113527,1,3.5405596785472957
275,A,4.308611550020099,2,5.0
276,A,5.0,0,5.0
277,A,4.977382691169681,0,4.977382691169681
278,A,0.19560173553151375,2,5.0
279,A,3.66907794651595,0,3.66907794651595
280,A,4.249051587087371,0,4.249051587087371
281,A,1.6804680406525874,2,3.3100426482886487
282,A,1.684003113747705,2,5.0
283,A,5.0,0,5.0
284,A,0.683628853542321,1,4.907516805831081
285,A,3.7705833185435793,1,5.0
286,A,5.0,0,5.0
287,A,2.5862580781016744,2,5.0
288,A,2.2447384817316856,2,5.0
289,A,3.454890827637592,1,5.0
290,A,4.580833117804222,2,5.0
291,A,0.11712730890504042,1,5.0
292,A,2.486363377584971,2,4.606488254227125
293,A,5.0,0,5.0
294,A,5.0,0,5.0
295,A,0.6935629499491156,2,5.0
296,A,5.0,0,5.0
297,A,3.338168012305596,1,3.4728476433377686
298,A,0.849985546161672,2,5.0
299,A,3.757517900692396,2,4.052166844938631
300,A,4.552527672752593,0,4.552527672752593
301,A,5.0,0,5.0
302,A,5.0,0,5.0
303,A,3.94970099358988,2,5.0
304,A,5.0,0,5.0
305,A,5.0,0,5.0
306,A,0.2947328717679997,2,5.0
307,A,2.4878589855931184,2,4.723984409561416
308,A,2.2262604714976257,1,5.0
309,A,1.5516918275234755,2,4.136784664825509
310,A,0.029920074111271403,1,5.0
311,A,5.0,0,5.0
312,A,2.751374445616743,2,3.2034711578911357
313,A,1.4432641275240232,1,4.999729721592387
314,A,1.8795902864493752,2,5.0
315,A,3.8975696925008805,1,4.663438798457211
316,A,3.807405789108472,2,5.0
317,A,4.9576607730871,2,5.0
318,A,1.2861777477232705,1,3.804891627634013
319,A,1.0529953071984546,1,5.0
320,A,1.9523582207986432,2,3.825100445735459
321,A,3.7159184428002927,0,3.7159184428002927
322,A,1.7580563454769105,2,5.0
323,A,3.2660999675729823,2,4.4318454017446856
324,A,2.2418401165486634,2,5.0
325,A,0.3358645250930145,1,3.047246958505283
326,A,4.646542910648563,1,5.0
327,A,3.093918645991347,0,3.093918645991347
328,A,0.10858857835983413,1,4.5028489253552255
329,A,3.3667748655550036,0,3.3667748655550036
330,A,0.10259213261912177,1,5.0
331,A,5.0,0,5.0
332,A,3.161161812461463,0,3.161161812461463
333,A,1.373595361604468,2,5.0
334,A,1.324513125646345,2,3.924269503254835
335,A,3.234231530701652,1,5.0
336,A,3.107125764017424,1,5.0
337,A,0.3271890498655933,1,4.522037481666464
338,A,3.5890209858589013,1,3.643461626953478
339,A,5.0,0,5.0
340,A,5.0,0,5.0
341,A,4.333237124965474,2,5.0
342,A,2.9211738925691098,2,3.4787381458217355
343,A,1.958869317837058,1,3.8176959165478785
344,A,5.0,0,5.0
345,A,5.0,0,5.0
346,A,3.1231138910579572,2,5.0
347,A,2.3474166123362217,1,4.768408162929441
348,A,4.773981381712528,2,5.0
349,A,2.2144875433922158,1,4.396447513620425
350,A,5.0,0,5.0
351,A,0.14022373389006582,2,5.0
352,A,0.398318348551398,2,5.0
353,A,1.982553354038904,2,5.0
354,A,5.0,0,5.0
355,A,2.2700843283647623,1,5.0
356,A,2.823333726314845,1,5.0
357,A,3.7870338443540636,1,4.817277127975683
358,A,1.7683435878019802,2,5.0
359,A,2.142412505699401,2,3.0440070869600753
360,A,3.8471709930540015,1,5.0
361,A,5.0,0,5.0
362,A,3.790319889826115,0,3.790319889826115
363,A,3.341190732656198,0,3.341190732656198
364,A,3.884062750891775,2,5.0
365,A,5.0,0,5.0
366,A,2.176523987607776,1,4.584884381349404
367,A,3.4370411321013883,1,5.0
368,A,3.1463283899069507,0,3.1463283899069507
369,A,1.8626294971183188,1,3.6268321851860326
370,A,5.0,0,5.0
371,A,1.0265423321431573,1,5.0
372,A,2.394607175929859,1,5.0
373,A,4.5956240359144935,0,4.5956240359144935
374,A,5.0,0,5.0
375,A,4.436502485338877,0,4.436502485338877
376,A,0.4811616907155991,2,5.0
377,A,5.0,0,5.0
378,A,0.9088511569030916,2,3.01975820758381
379,A,1.4867465688555492,1,5.0
380,A,2.5413461212343997,1,5.0
381,A,3.9769743549981333,1,5.0
382,A,3.1703030930335006,2,5.0
383,A,0.6038086679289322,1,4.4511093354297415
384,A,2.633063931500595,2,4.55447384331849
385,A,4.398971344704145,0,4.398971344704145
386,A,5.0,0,5.0
387,A,3.0727521876870076,0,3.0727521876870076
388,A,3.4215901257868686,0,3.4215901257868686
389,A,3.543773414761306,2,4.354438547167752
390,A,0.09807319300940008,2,5.0
391,A,0.011652048300040041,1,5.0
392,A,5.0,0,5.0
393,A,2.640914489303836,1,5.0
394,A,1.0479130297004962,1,5.0
395,A,4.8550444139844,2,5.0
396,A,5.0,0,5.0
397,A,2.3553036422678737,1,5.0
398,A,4.0686517417106245,1,5.0
399,A,0.8326085257002992,2,4.702898254370358
400,A,2.389725681237589,1,5.0
401,A,5.0,0,5.0
402,A,5.0,0,5.0
403,A,5.0,0,5.0
404,A,0.8195636239870344,2,5.0
405,A,1.2460022890079814,1,5.0
406,A,3.9539564371403437,2,5.0
407,A,4.2504458469836575,0,4.2504458469836575
408,A,4.17664492269507,0,4.17664492269507
409,A,0.15018637248643008,1,5.0
410,A,4.1286173822809165,0,4.1286173822809165
411,A,4.69667348109594,2,5.0
412,A,5.0,0,5.0
413,A,4.153866458262047,2,5.0
414,A,1.3249656234197245,1,5.0
415,A,5.0,0,5.0
416,A,1.9636779129001165,1,5.0
417,A,4.969561925857477,0,4.969561925857477
418,A,5.0,0,5.0
419,A,0.3333236747340606,1,5.0
420,A,0.6690371390517459,1,5.0
421,A,5.0,0,5.0
422,A,5.0,0,5.0
423,A,3.578347337222287,0,3.578347337222287
424,A,0.2009188771236155,2,5.0
425,A,3.783776081964987,0,3.783776081964987
426,A,0.9369254424390923,1,4.358690411625826
427,A,0.18768657954843945,1,5.0
428,A,5.0,0,5.0
429,A,3.807964788752144,2,4.834886572447294
430,A,4.287337490550016,0,4.287337490550016
431,A,4.565602737598494,1,5.0
432,A,2.6666308163061943,1,4.620670845789321
433,A,2.8868810175126267,2,5.0
434,A,0.28015760886410523,2,4.257576691207706
435,A,0.2233278323816824,2,5.0
436,A,3.6515742743272126,1,5.0
437,A,1.55169323873996,1,3.5957125078055707
438,A,0.18840810877191683,2,5.0
439,A,5.0,0,5.0
440,A,5.0,0,5.0
441,A,4.290104431808264,2,5.0
442,A,3.416971824400815,2,4.815994411970836
443,A,0.9742705312554529,2,5.0
444,A,5.0,0,5.0
445,A,5.0,0,5.0
446,A,0.622354330861692,2,5.0
447,A,5.0,0,5.0
448,A,5.0,0,5.0
449,A,5.0,0,5.0
450,A,3.354538022123392,0,3.354538022123392
451,A,3.0007213479279384,0,3.0007213479279384
452,A,2.2346221865708498,1,5.0
453,A,0.833805404648626,1,5.0
454,A,5.0,0,5.0
455,A,0.2503806674641326,2,5.0
456,A,3.6314571009562826,1,5.0
457,A,0.2645232180264785,1,5.0
458,A,5.0,0,5.0
459,A,2.568454771408608,2,5.0
460,A,2.5532491765569754,1,5.0
461,A,4.834205841897687,0,4.834205841897687
462,A,2.626808373634424,1,3.141758324798068
463,A,5.0,0,5.0
464,A,4.820956702772257,1,5.0
465,A,2.5782271630621114,2,4.760117082291182
466,A,0.32294384406021676,2,3.413402339413148
467,A,2.549627494456823,1,5.0
468,A,5.0,0,5.0
469,A,4.125134840816812,1,5.0
470,A,3.4773005252377667,0,3.4773005252377667
471,A,5.0,0,5.0
472,A,2.955215272837546,2,5.0
473,A,1.2834159983015019,2,4.80246375573821
474,A,1.9348341992710332,2,4.7421522653852195
475,A,4.034819483749123,0,4.034819483749123
476,A,3.8052206881695017,1,5.0
477,A,4.868077910020607,1,5.0
478,A,0.5855656551634638,2,5.0
479,A,5.0,0,5.0
480,A,0.5759916921886522,1,5.0
481,A,3.8020991857706234,0,3.8020991857706234
482,A,5.0,0,5.0
483,A,3.1278616866629037,2,4.833061497009523
484,A,4.628011703676723,0,4.628011703676723
485,A,4.358847619335717,2,5.0
486,A,0.9530599406767257,1,5.0
487,A,4.203676142072005,2,5.0
488,A,0.32701278451259963,1,5.0
489,A,4.885671608296994,0,4.885671608296994
490,A,4.661750665272594,2,4.992360560241476
491,A,5.0,0,5.0
492,A,3.9459722756441846,0,3.9459722756441846
493,A,0.8018959673432022,2,4.190524704972534
494,A,5.0,0,5.0
495,A,2.4762152931618813,2,5.0
496,A,5.0,0,5.0
497,A,0.8959683432584827,2,3.5102890106184272
498,A,5.0,0,5.0
499,A,4.006246556625362,2,4.12927425558377
500,A,5.0,0,5.0
501,A,1.9581116229606483,2,4.660438904369236
502,A,3.0301761552510804,0,3.0301761552510804
503,A,1.0735517431363772,1,5.0
504,A,0.9844350146972827,1,5.0
505,A,4.70688286676195,0,4.70688286676195
506,A,3.3436898771690893,0,3.3436898771690893
507,A,5.0,0,5.0
508,A,1.5253261911931308,1,5.0
509,A,2.6010524322261235,1,5.0
510,A,4.5130850445374495,0,4.5130850445374495
511,A,5.0,0,5.0
512,A,4.985838643783229,0,4.985838643783229
513,A,3.6006558925426058,1,5.0
514,A,4.606959522531062,0,4.606959522531062
515,A,0.5923462286041962,1,5.0
516,A,3.307456062426078,1,5.0
517,A,2.153557385658657,2,5.0
518,A,0.4333256863439692,2,3.0230004887568525
519,A,2.5141294244437438,1,5.0
520,A,1.9426962553799259,1,5.0
521,A,5.0,0,5.0
522,A,2.3145087968780222,1,3.3016701141103715
523,A,0.8668404600475391,2,3.0453593505515544
524,A,1.8207440253122655,2,5.0
525,A,5.0,0,5.0
526,A,2.196858824968521,2,5.0
527,A,1.2222507630655806,1,5.0
528,A,4.636257741255363,0,4.636257741255363
529,A,1.8490898082020366,1,5.0
530,A,5.0,0,5.0
531,A,0.2580986844239341,1,5.0
532,A,1.181674859580215,2,5.0
533,A,5.0,0,5.0
534,A,1.6104526904326655,2,5.0
535,A,0.5850995398159252,1,5.0
536,A,1.3021155305325072,1,5.0
537,A,5.0,0,5.0
538,A,3.072687568409972,2,5.0
539,A,2.725088166565098,1,5.0
540,A,1.9038901672497024,1,5.0
541,A,4.898727555268296,0,4.898727555268296
542,A,5.0,0,5.0
543,A,5.0,0,5.0
544,A,3.016704342756446,2,3.80851893259005
545,A,5.0,0,5.0
546,A,4.655079574731412,2,5.0
547,A,5.0,0,5.0
548,A,4.5548725793079985,1,5.0
549,A,5.0,0,5.0
550,A,1.0394112734239234,2,4.814697939975893
551,A,5.0,0,5.0
552,A,1.5094331565371053,1,4.982589973916847
553,A,5.0,0,5.0
554,A,0.12020759344589203,2,5.0
555,A,3.4104837757013287,0,3.4104837757013287
556,A,4.869117811323248,1,5.0
557,A,5.0,0,5.0
558,A,1.4156466856161367,1,4.591564723395281
559,A,5.0,0,5.0
560,A,4.611933375945782,2,5.0
561,A,2.3838717049349487,1,4.930718079031866
562,A,4.283704351702959,0,4.283704351702959
563,A,5.0,0,5.0
564,A,3.055150926014943,0,3.055150926014943
565,A,0.5588566863719285,1,5.0
566,A,4.647877932277009,0,4.647877932277009
567,A,4.483366479378479,0,4.483366479378479
568,A,0.660026156924397,1,5.0
569,A,4.27187817333896,0,4.27187817333896
570,A,5.0,0,5.0
571,A,5.0,0,5.0
572,A,1.5379886744437086,1,5.0
573,A,4.860156365336007,0,4.860156365336007
574,A,0.7783361680787131,1,4.0375000945050985
575,A,5.0,0,5.0
576,A,0.3666169409237704,2,4.298448483840824
577,A,5.0,0,5.0
578,A,4.927462615621146,0,4.927462615621146
579,A,1.3729776278028547,2,4.651724236416449
580,A,1.0081505190016162,1,5.0
581,A,0.017782970569781998,2,5.0
582,A,3.3626402173030616,0,3.3626402173030616
583,A,0.9574588626042724,2,5.0
584,A,0.09200933656881896,1,3.0176883507887786
585,A,5.0,0,5.0
586,A,0.8180821867510892,2,5.0
587,A,0.27816953688720586,2,5.0
588,A,0.5334478316725091,2,5.0
589,A,2.366117830678702,2,3.5569418082929394
590,A,4.508929032113764,0,4.508929032113764
591,A,0.9460490623263205,2,5.0
592,A,2.073892366467891,2,5.0
593,A,3.5850099542258747,0,3.5850099542258747
594,A,3.43034318578595,0,3.43034318578595
595,A,4.284799951238463,0,4.284799951238463
596,A,0.4574403203918247,2,5.0
597,A,0.7358055377705431,2,5.0
598,A,5.0,0,5.0
599,A,5.0,0,5.0
600,A,3.6179101734695664,2,5.0
601,A,0.11773365762011484,1,5.0
602,A,2.6287005633758804,1,4.375931734787086
603,A,2.7556904175145287,1,5.0
604,A,5.0,0,5.0
605,A,5.0,0,5.0
606,A,0.8861140335798897,2,5.0
607,A,5.0,0,5.0
608,A,5.0,0,5.0
609,A,5.0,0,5.0
610,A,3.1577380440651446,1,5.0
611,A,3.261471663855275,0,3.261471663855275
612,A,3.375432165078413,1,5.0
613,A,4.0479769274976825,0,4.0479769274976825
614,A,3.9523396594215745,0,3.9523396594215745
615,A,0.08283742118827192,1,5.0
616,A,5.0,0,5.0
617,A,3.062161204390093,1,5.0
618,A,2.201484421471637,2,5.0
619,A,5.0,0,5.0
620,A,1.791307419919273,1,5.0
621,A,1.819403379562868,2,5.0
622,A,0.8953829307636085,2,5.0
623,A,4.051309194555567,0,4.051309194555567
624,A,1.3795471891193254,2,4.096054688360563
625,A,5.0,0,5.0
626,A,0.8023195950095158,2,5.0
627,A,1.3022057376708962,1,5.0
628,A,5.0,0,5.0
629,A,1.8613981477570536,2,5.0
630,A,4.929056935311955,1,5.0
631,A,0.23642825924821081,2,3.388833280965769
632,A,0.31396643299317617,1,4.264766575774416
633,A,0.08524422162625804,1,5.0
634,A,1.869977133275832,2,5.0
635,A,5.0,0,5.0
636,A,5.0,0,5.0
637,A,3.0467509555098364,1,4.503144480434075
638,A,1.1243294930959824,2,4.2128070147925545
639,A,0.3182759110171197,2,5.0
640,A,2.4562102208715864,2,5.0
641,A,3.883284486849524,2,5.0
642,A,3.304756369526177,2,4.195575200231478
643,A,2.888609603670022,2,5.0
644,A,1.9448623899063309,2,5.0
645,A,1.8955362746881201,2,5.0
646,A,1.8820258877642084,2,5.0
647,A,2.106967510623288,1,5.0
648,A,4.791538757842854,0,4.791538757842854
649,A,3.498664319739692,2,5.0
650,A,3.0972320757114393,0,3.0972320757114393
651,A,1.4826622311791189,2,4.519992606710421
652,A,0.6926926111477515,2,5.0
653,A,1.3570794089316707,1,5.0
654,A,2.6541942774332337,2,3.7377599733189335
655,A,1.3450506083963123,1,5.0
656,A,5.0,0,5.0
657,A,0.7170689583609537,2,4.425493365843645
658,A,3.7015944094988646,0,3.7015944094988646
659,A,5.0,0,5.0
660,A,0.09795886387362585,1,5.0
661,A,5.0,0,5.0
662,A,3.210662080342189,0,3.210662080342189
663,A,3.015769325180356,1,3.408498694560656
664,A,5.0,0,5.0
665,A,5.0,0,5.0
666,A,3.4352777150787444,1,5.0
667,A,0.3526673611517089,1,5.0
668,A,5.0,0,5.0
669,A,5.0,0,5.0
670,A,2.2059185689882312,2,3.021901291676822
671,A,1.8163916750493845,1,4.183126281397061
672,A,4.14308752996329,0,4.14308752996329
673,A,2.4887405193950847,1,5.0
674,A,5.0,0,5.0
675,A,1.203592042291441,1,5.0
676,A,4.608270073323287,1,5.0
677,A,5.0,0,5.0
678,A,4.866907118346042,0,4.866907118346042
679,A,1.0362453374140987,1,3.9069424690603216
680,A,5.0,0,5.0
681,A,5.0,0,5.0
682,A,2.2384349683460885,2,4.095088016781835
683,A,5.0,0,5.0
684,A,2.9725523284555537,1,3.7417445570448695
685,A,5.0,0,5.0
686,A,4.534712483000394,1,5.0
687,A,1.2386908316282932,2,5.0
688,A,0.45604549976056924,1,5.0
689,A,3.7985833093268058,2,4.465997083740808
690,A,5.0,0,5.0
691,A,3.560137780523853,1,4.05189368790937
692,A,0.15559600779011346,1,5.0
693,A,3.0206556533718807,1,5.0
694,A,3.5383023698201765,0,3.5383023698201765
695,A,4.0792621027565525,0,4.0792621027565525
696,A,0.13139478801178167,1,4.644634903107956
697,A,1.522651349233846,1,5.0
698,A,1.5861555961404623,2,5.0
699,A,0.5101245550963349,1,3.238044962717879
700,A,0.5591068908733632,2,4.938288699069356
701,A,3.8746605461597845,1,5.0
702,A,3.369260351199405,0,3.369260351199405
703,A,0.5789653428654663,2,3.6268004348459777
704,A,4.360714242464269,1,4.550840380013962
705,A,3.8751742792742463,0,3.8751742792742463
706,A,1.5512116970643346,1,4.788697139147409
707,A,5.0,0,5.0
708,A,0.6903616003364049,2,5.0
709,A,1.8735978798249733,1,5.0
710,A,0.4261382448306061,2,5.0
711,A,4.677420551362524,1,5.0
712,A,1.7453050187516201,2,5.0
713,A,0.38337965223369264,1,3.990248518933876
714,A,3.772737429316329,2,4.275733631758454
715,A,0.571778782556051,2,5.0
716,A,2.7094607267206827,2,5.0
717,A,0.18937895458314283,1,5.0
718,A,5.0,0,5.0
719,A,3.060256223195816,2,3.6225863514697734
720,A,0.41651687520571756,1,3.4069915081304076
721,A,5.0,0,5.0
722,A,4.096165924348623,2,5.0
723,A,5.0,0,5.0
724,A,1.2082263588600703,1,5.0
725,A,0.9824926614242628,2,5.0
726,A,4.797879199247237,2,5.0
727,A,5.0,0,5.0
728,A,3.5352021687198327,1,5.0
729,A,0.9730226516544948,1,5.0
730,A,3.333586620533548,1,5.0
731,A,2.0855762990563975,2,4.033369133795418
732,A,0.5939213622146513,1,5.0
733,A,1.3927363571023175,2,5.0
734,A,4.7521883709300665,0,4.7521883709300665
735,A,1.6464059454772773,1,5.0
736,A,3.570615394903648,0,3.570615394903648
737,A,4.148742121935349,0,4.148742121935349
738,A,3.91865050140954,0,3.91865050140954
739,A,3.227453817379799,0,3.227453817379799
740,A,1.3321306341504795,2,5.0
741,A,5.0,0,5.0
742,A,4.049912828647093,1,4.51382569276479
743,A,1.786807951777931,2,5.0
744,A,4.631873645715633,0,4.631873645715633
745,A,0.02115748948536619,2,5.0
746,A,1.2211107291494245,2,5.0
747,A,4.961641154171398,0,4.961641154171398
748,A,1.3449159073682646,1,5.0
749,A,2.456200169859599,2,5.0
750,A,4.710317404569218,1,5.0
751,A,0.9037896909288023,1,4.704135541517412
752,A,3.694621515315702,1,4.489187532930945
753,A,1.7300475421204178,1,5.0
754,A,3.148442490071364,0,3.148442490071364
755,A,5.0,0,5.0
756,A,3.0449142359459804,0,3.0449142359459804
757,A,5.0,0,5.0
758,A,1.7063518182995399,2,5.0
759,A,0.40433107428838294,2,5.0
760,A,3.6281397512086877,0,3.6281397512086877
761,A,3.2027648107818547,0,3.2027648107818547
762,A,1.9552383908862923,1,5.0
763,A,3.1912082145397846,0,3.1912082145397846
764,A,5.0,0,5.0
765,A,0.011260103302933191,2,4.483621903457362
766,A,5.0,0,5.0
767,A,0.2997052017787074,1,5.0
768,A,2.4584839223103705,2,5.0
769,A,2.255311240569441,2,5.0
770,A,3.722122037334812,0,3.722122037334812
771,A,2.346653898322453,2,4.228809576614305
772,A,4.720955427931063,2,5.0
773,A,1.2007069178005525,2,4.068229158891185
774,A,1.7298839352741333,1,5.0
775,A,4.272708274691485,0,4.272708274691485
776,A,5.0,0,5.0
777,A,5.0,0,5.0
778,A,3.4470711874525692,0,3.4470711874525692
779,A,1.215219689521475,2,5.0
780,A,0.8097559552330429,2,3.5756639293040653
781,A,5.0,0,5.0
782,A,1.7787037050018852,1,5.0
783,A,5.0,0,5.0
784,A,5.0,0,5.0
785,A,3.7744629261069345,1,4.044582581705603
786,A,1.2755563927700055,2,5.0
787,A,3.5269896874578066,1,4.780559391763235
788,A,0.0033068528014129836,1,5.0
789,A,0.7385652640503858,2,3.181040264102719
790,A,5.0,0,5.0
791,A,3.02752796130964,2,5.0
792,A,5.0,0,5.0
793,A,5.0,0,5.0
794,A,1.4433862341358232,2,5.0
795,A,3.579278610497437,2,3.977324295029574
796,A,3.8524622529159105,2,5.0
797,A,5.0,0,5.0
798,A,3.2825862603706044,0,3.2825862603706044
799,A,5.0,0,5.0
800,A,0.005599680091307452,1,4.319593783648591
801,A,3.4580012368343467,0,3.4580012368343467
802,A,4.352938702038988,1,5.0
803,A,1.0433785425952837,1,5.0
804,A,3.188182382671316,2,5.0
805,A,5.0,0,5.0
806,A,0.38712654530814883,1,5.0
807,A,5.0,0,5.0
808,A,5.0,0,5.0
809,A,5.0,0,5.0
810,A,5.0,0,5.0
811,A,3.0636707912000505,2,4.792225846620106
812,A,5.0,0,5.0
813,A,0.9097494745818341,1,5.0
814,A,1.2540709729654549,2,5.0
815,A,4.663780450440759,0,4.663780450440759
816,A,0.09513215172683914,2,5.0
817,A,1.011574776797766,2,5.0
818,A,5.0,0,5.0
819,A,0.6131878850107584,1,4.376574854923949
820,A,0.405644602311429,1,5.0
821,A,5.0,0,5.0
822,A,5.0,0,5.0
823,A,1.878348159440291,1,4.566111553707064
824,A,0.2488790078008536,2,3.9163147573808272
825,A,0.862004578972127,2,5.0
826,A,0.964406137230087,1,3.041826797752758
827,A,2.104628980046069,2,5.0
828,A,2.06798443633329,2,5.0
829,A,0.5779734572303102,1,5.0
830,A,3.544248312699837,0,3.544248312699837
831,A,1.5070879467916287,2,5.0
832,A,3.238256036188573,0,3.238256036188573
833,A,0.48436479848851477,1,4.741705045759819
834,A,2.616540144560655,2,5.0
835,A,0.5088313885935525,1,5.0
836,A,5.0,0,5.0
837,A,1.4439005836373036,1,5.0
838,A,3.4776640232531584,0,3.4776640232531584
839,A,3.203005566227846,0,3.203005566227846
840,A,0.0212143061298879,1,3.3846621184491426
841,A,2.14107414027581,1,3.5599096912630674
842,A,2.83621320901014,2,3.861030223979099
843,A,5.0,0,5.0
844,A,1.01003616245918,1,5.0
845,A,5.0,0,5.0
846,A,3.955402949404638,0,3.955402949404638
847,A,0.42926715029826173,1,4.703541313532863
848,A,2.5152133835341677,2,5.0
849,A,2.464528606689539,1,5.0
850,A,5.0,0,5.0
851,A,1.3937761121608165,2,4.005645852237761
852,A,1.5278027944574135,2,3.0204957292267895
853,A,0.1596272670838093,1,5.0
854,A,3.7726860276967424,2,5.0
855,A,4.156831203128454,0,4.156831203128454
856,A,2.2656116630169185,1,5.0
857,A,5.0,0,5.0
858,A,0.5006280066134267,1,5.0
859,A,2.919497481558084,1,5.0
860,A,1.3884285484355205,1,5.0
861,A,1.1846306939834732,1,4.501968337278948
862,A,2.8662145613158803,2,3.6899435954629545
863,A,3.326965296092947,0,3.326965296092947
864,A,0.784646928105348,1,5.0
865,A,5.0,0,5.0
866,A,4.166243146021541,1,5.0
867,A,5.0,0,5.0
868,A,3.958468640393349,1,5.0
869,A,3.055367980845658,0,3.055367980845658
870,A,0.5166960990809449,2,3.5066320874229815
871,A,4.078870128670188,0,4.078870128670188
872,A,5.0,0,5.0
873,A,3.8581441945387764,1,5.0
874,A,2.7067792086949805,2,5.0
875,A,3.7961179053979697,0,3.7961179053979697
876,A,4.137441251817837,0,4.137441251817837
877,A,5.0,0,5.0
878,A,3.8706117166357004,1,5.0
879,A,0.4755387842467681,2,5.0
880,A,2.1709856140939934,1,5.0
881,A,3.081942166366139,2,5.0
882,A,4.151434848324421,0,4.151434848324421
883,A,2.8275985177653156,2,3.1734531164769044
884,A,2.3312060065861075,2,4.779573113657841
885,A,1.264229229179995,1,5.0
886,A,1.2465838068282213,1,4.611696832621903
887,A,5.0,0,5.0
888,A,1.8574859138471682,1,5.0
889,A,4.011450664739454,1,5.0
890,A,2.9943819913712075,2,5.0
891,A,1.7875790955140356,1,5.0
892,A,3.813860128336126,1,4.3633023682212855
893,A,3.2835880895459946,2,5.0
894,A,5.0,0,5.0
895,A,3.665013985215367,0,3.665013985215367
896,A,0.11454548008393464,2,5.0
897,A,1.3832927569750866,2,4.20588029577829
898,A,1.4461753927922465,1,5.0
899,A,4.409267833174582,1,5.0
900,A,3.3818642407402066,0,3.3818642407402066
901,A,2.7555841974980955,1,3.6448827687567027
902,A,3.582981080004548,0,3.582981080004548
903,A,3.976058725240083,0,3.976058725240083
904,A,1.0170874092981084,1,5.0
905,A,3.599115687785718,0,3.599115687785718
906,A,2.307168242383113,2,4.773658658972914
907,A,0.05950600608950371,1,4.036255711918259
908,A,5.0,0,5.0
909,A,4.175912108864716,0,4.175912108864716
910,A,0.3669586057639835,2,5.0
911,A,3.379843681099798,2,5.0
912,A,2.1904206117151865,2,5.0
913,A,3.8230550680290483,2,5.0
914,A,1.70010665055708,1,3.444443750662074
915,A,4.110645827156921,0,4.110645827156921
916,A,5.0,0,5.0
917,A,5.0,0,5.0
918,A,4.413555417584646,2,5.0
919,A,5.0,0,5.0
920,A,5.0,0,5.0
921,A,1.9787287205395168,1,5.0
922,A,1.758610097056817,2,5.0
923,A,0.46535134041339,2,4.762064911458454
924,A,0.3637916926289194,2,4.843768920025395
925,A,3.0843103957488616,2,5.0
926,A,0.6613111565527151,2,5.0
927,A,1.0284451735394267,2,5.0
928,A,0.365712258825147,2,5.0
929,A,0.6924014840992772,2,5.0
930,A,5.0,0,5.0
931,A,2.7726005222065755,1,3.7066168028297657
932,A,3.035841550108997,0,3.035841550108997
933,A,4.856840910608886,2,5.0
934,A,5.0,0,5.0
935,A,3.4521545572330314,0,3.4521545572330314
936,A,5.0,0,5.0
937,A,4.193712718558778,2,4.341640181225328
938,A,2.019196467716546,1,5.0
939,A,0.9383204491560392,2,3.3970133604059702
940,A,5.0,0,5.0
941,A,3.25191885654664,2,4.637278232399092
942,A,0.3482124494036432,2,5.0
943,A,0.7661383643171961,1,5.0
944,A,4.16561135919322,2,4.3517219950113875
945,A,2.1934496055045556,2,5.0
946,A,5.0,0,5.0
947,A,4.653249797757196,0,4.653249797757196
948,A,2.0372975089873435,2,5.0
949,A,4.6437799633474155,2,5.0
950,A,4.586274638153222,0,4.586274638153222
951,A,3.452041584660984,0,3.452041584660984
952,A,1.5159263317012337,2,5.0
953,A,0.3994215911168212,1,3.1674149314972375
954,A,2.2212543381969194,1,5.0
955,A,1.5352384466386708,2,3.6128188633653937
956,A,5.0,0,5.0
957,A,0.3345925444795434,1,5.0
958,A,0.6294172563912831,2,5.0
959,A,1.3469570326254972,1,5.0
960,A,5.0,0,5.0
961,A,3.2263969742301195,2,4.098124520533453
962,A,3.6142861291860453,2,4.486474483659561
963,A,3.371979358357597,0,3.371979358357597
964,A,1.2454817298699246,1,5.0
965,A,2.297750777503169,2,4.411100694133661
966,A,2.608501672054885,1,5.0
967,A,1.1947106540067143,1,5.0
968,A,0.05579343591406022,2,5.0
969,A,2.774906380668708,2,4.322000498733184
970,A,3.5503889466452776,2,4.521301338173075
971,A,0.14564483277624582,1,5.0
972,A,2.808031081815541,2,5.0
973,A,4.019679057593518,1,5.0
974,A,1.1815217471925967,1,5.0
975,A,5.0,0,5.0
976,A,3.344804466031175,0,3.344804466031175
977,A,0.9158944060852199,1,5.0
978,A,2.9897998766908938,2,3.2365345022456227
979,A,3.3390778394257175,2,5.0
980,A,3.7832354474845427,0,3.7832354474845427
981,A,3.172114717082504,0,3.172114717082504
982,A,0.9822173069727037,1,5.0
983,A,4.179570323576256,1,5.0
984,A,3.551419615752647,2,5.0
985,A,5.0,0,5.0
986,A,2.9164378136085642,2,4.457258992379117
987,A,1.570827800653869,1,5.0
988,A,1.6211348041145772,2,5.0
989,A,5.0,0,5.0
990,A,2.348403929881396,2,4.993263839229632
991,A,5.0,0,5.0
992,A,3.6429432828007284,1,5.0
993,A,5.0,0,5.0
994,A,1.3524968938030448,1,5.0
995,A,2.254987362953145,1,4.030788234813039
996,A,4.648932378365149,0,4.648932378365149
997,A,3.4945184080214085,2,5.0
998,A,3.0048002859128013,2,5.0
999,A,0.8975142125300425,2,3.2668075476086056
1000,A,4.59424689208307,1,5.0
1001,A,0.1939577323565749,2,4.569286004954485
1002,A,3.244769627832472,0,3.244769627832472
1003,A,3.731371741049553,2,4.756791615896346
1004,A,5.0,0,5.0
1005,A,5.0,0,5.0
1006,A,2.1808208410575625,1,4.4276370412058865
1007,A,1.0876920890733783,2,3.822651447240717
1008,A,1.8926032293233148,2,3.283425754001576
1009,A,3.645991506869921,2,5.0
1010,A,1.8303941185178445,2,5.0
1011,A,0.9606240246827873,1,3.4161711051620545
1012,A,0.14129911181097884,1,3.982222905426551
1013,A,2.2649741737939504,1,5.0
1014,A,5.0,0,5.0
1015,A,5.0,0,5.0
1016,A,5.0,0,5.0
1017,A,4.654858167942313,0,4.654858167942313
1018,A,2.908125578416731,1,5.0
1019,A,0.6852049006593857,1,5.0
1020,A,1.9498736150085212,1,5.0
1021,A,0.2681433072146041,1,4.365172659440172
1022,A,0.39317224703110487,2,5.0
1023,A,4.689941815753608,0,4.689941815753608
1024,A,1.9234831828770647,1,5.0
1025,A,0.657899242682626,2,4.131012628322965
1026,A,0.5303283117028181,1,5.0
1027,A,5.0,0,5.0
1028,A,5.0,0,5.0
1029,A,3.387199744858509,1,5.0
1030,A,0.5837212442474893,2,5.0
1031,A,1.0189964352726846,2,5.0
1032,A,5.0,0,5.0
1033,A,0.1461129427292348,2,4.178448300549482
1034,A,5.0,0,5.0
1035,A,2.5069379276648736,2,5.0
1036,A,3.2808491112552023,0,3.2808491112552023
1037,A,1.998843987259778,2,3.236028708518985
1038,A,3.3198133014870335,2,3.7837676349108746
1039,A,1.9311868241573258,2,3.957247950495978
1040,A,4.258698741781707,2,5.0
1041,A,0.8887126675321748,1,5.0
1042,A,3.9120559232181193,1,5.0
1043,A,3.302203768553907,2,5.0
1044,A,4.759962047102506,2,5.0
1045,A,1.0149635616271535,1,4.507018252201814
1046,A,1.4220414410609417,2,4.245353051736128
1047,A,4.8545147773885375,2,5.0
1048,A,1.3093426688362546,2,5.0
1049,A,5.0,0,5.0
1050,A,0.018214160862821807,2,3.860485120778689
1051,A,0.07047887628665282,1,4.24343184346653
1052,A,0.11059998438204537,2,5.0
1053,A,5.0,0,5.0
1054,A,2.6856529354295424,2,4.361069709997283
1055,A,1.5961834124600662,2,5.0
1056,A,3.3907695598110026,0,3.3907695598110026
1057,A,1.2847508889998493,2,5.0
1058,A,4.10505883043287,1,5.0
1059,A,3.050069096611354,0,3.050069096611354
1060,A,2.4328868636017043,1,3.982168303095224
1061,A,5.0,0,5.0
1062,A,5.0,0,5.0
1063,A,1.8081411209086862,1,5.0
1064,A,2.5021569040223253,1,5.0
1065,A,4.465402952162768,2,5.0
1066,A,1.4760902002760836,1,5.0
1067,A,5.0,0,5.0
1068,A,4.876960335363112,0,4.876960335363112
1069,A,3.9115076987247446,0,3.9115076987247446
1070,A,0.7980224392706464,2,5.0
1071,A,0.16987869218192292,2,5.0
1072,A,1.2724992585501513,2,5.0
1073,A,5.0,0,5.0
1074,A,0.07819133325028009,2,5.0
1075,A,3.0297525289422373,0,3.0297525289422373
1076,A,4.188789938670393,0,4.188789938670393
1077,A,5.0,0,5.0
1078,A,5.0,0,5.0
1079,A,0.5821351625756421,2,4.814326916434194
1080,A,5.0,0,5.0
1081,A,1.1546716076605676,1,3.9984422545988743
1082,A,3.771059806542265,0,3.771059806542265
1083,A,1.1559139262624274,2,5.0
1084,A,5.0,0,5.0
1085,A,2.0821022377733764,2,3.314246515962907
1086,A,0.5674822865204628,1,5.0
1087,A,3.048733647518705,1,4.652706614499903
1088,A,1.7816759377472076,2,5.0
1089,A,5.0,0,5.0
1090,A,0.29187871519088604,2,5.0
1091,A,4.835381895957803,0,4.835381895957803
1092,A,2.918269707428562,2,5.0
1093,A,3.143347434814168,1,4.862186096891847
1094,A,2.304294964246307,2,5.0
1095,A,5.0,0,5.0
1096,A,1.8871094854346477,1,5.0
1097,A,3.667231537432695,0,3.667231537432695
1098,A,4.459569783902848,0,4.459569783902848
1099,A,2.932453259250426,1,3.459647810641542
1100,A,0.2688966587338174,1,3.299443455400879
1101,A,3.184577242754102,2,4.209457216875252
1102,A,0.1904118785880325,2,5.0
1103,A,3.7248654535463004,0,3.7248654535463004
1104,A,2.1133210228440196,2,5.0
1105,A,5.0,0,5.0
1106,A,4.819146822689829,0,4.819146822689829
1107,A,5.0,0,5.0
1108,A,0.578819744109955,2,5.0
1109,A,4.107178199015454,0,4.107178199015454
1110,A,4.605475404728872,1,5.0
1111,A,5.0,0,5.0
1112,A,1.941717512720805,2,4.647498455339639
1113,A,2.5696890343171073,2,5.0
1114,A,1.8812639717075794,2,4.876568876019332
1115,A,3.9235996699465403,1,5.0
1116,A,3.5912607593900403,2,5.0
1117,A,2.2766264699578613,2,3.299683925622526
1118,A,0.6568438909410769,1,4.382115523442238
1119,A,5.0,0,5.0
1120,A,0.1515255688815778,2,5.0
1121,A,2.7989055818598576,1,5.0
1122,A,5.0,0,5.0
1123,A,4.586138976265489,0,4.586138976265489
1124,A,0.6223234291878279,2,3.448583894259904
1125,A,4.58202523126253,2,5.0
1126,A,5.0,0,5.0
1127,A,2.1017487181991874,1,5.0
1128,A,4.350363826452656,0,4.350363826452656
1129,A,0.5389547852474603,2,4.540458103717112
1130,A,2.258926972405076,1,5.0
1131,A,3.185020798311768,2,5.0
1132,A,1.147658626735,2,5.0
1133,A,5.0,0,5.0
1134,A,2.872430270127625,2,3.1774196429431267
1135,A,2.350456810410772,2,5.0
1136,A,3.568965405796262,2,4.908028154611824
1137,A,2.0620520502468973,2,5.0
1138,A,0.8699736787558905,2,5.0
1139,A,4.9985699527528045,1,5.0
1140,A,4.669747354745853,1,5.0
1141,A,0.5800863718564571,1,3.3522967094578693
1142,A,0.2996367358721503,2,5.0
1143,A,0.3669848592294363,2,3.808048143491945
1144,A,3.510817711428433,0,3.510817711428433
1145,A,3.670566974302319,1,4.696327609780653
1146,A,1.938411983165305,1,3.996920139124562
1147,A,5.0,0,5.0
1148,A,3.5910912511374455,0,3.5910912511374455
1149,A,3.8601959165084128,0,3.8601959165084128
1150,A,5.0,0,5.0
1151,A,3.0776046357177878,0,3.0776046357177878
1152,A,3.0460627705278873,2,5.0
1153,A,1.1714689715572673,2,5.0
1154,A,3.1886764475695184,0,3.1886764475695184
1155,A,2.9586166925811157,2,5.0
1156,A,3.135695490855939,1,4.4243348245835525
1157,A,4.577913152777653,0,4.577913152777653
1158,A,4.129710501612222,0,4.129710501612222
1159,A,1.1440934331382657,1,5.0
1160,A,3.3130153747607505,0,3.3130153747607505
1161,A,3.5952225177813,0,3.5952225177813
1162,A,3.48066735422816,0,3.48066735422816
1163,A,0.6466142782034594,1,5.0
1164,A,0.035830194686259934,2,5.0
1165,A,3.6087264640710948,2,4.636059795161643
1166,A,3.6077023858714266,0,3.6077023858714266
1167,A,3.504478157121486,0,3.504478157121486
1168,A,3.4956753114435886,1,5.0
1169,A,0.6068981037719225,2,4.4074291871156
1170,A,4.022600910074838,0,4.022600910074838
1171,A,2.1666925788381803,1,5.0
1172,A,3.7260370774992717,0,3.7260370774992717
1173,A,3.2448771943458996,2,5.0
1174,A,1.1434896372273953,2,4.6621243962954395
1175,A,1.3959368703456307,1,5.0
1176,A,4.318504283346873,1,5.0
1177,A,1.1852392084019254,2,4.398923073197975
1178,A,0.6802457607083406,2,5.0
1179,A,5.0,0,5.0
1180,A,5.0,0,5.0
1181,A,3.153668547426098,0,3.153668547426098
1182,A,1.3082458271134068,2,4.016266772969194
1183,A,5.0,0,5.0
1184,A,3.2679392729157044,2,5.0
1185,A,1.6680669201487957,2,5.0
1186,A,2.25300693732648,1,3.7845338218676146
1187,A,1.4399863640114692,2,5.0
1188,A,5.0,0,5.0
1189,A,0.9500260044606876,2,5.0
1190,A,4.5966096887869625,1,5.0
1191,A,5.0,0,5.0
1192,A,5.0,0,5.0
1193,A,2.178208264725578,1,5.0
1194,A,0.901880490025938,2,5.0
1195,A,5.0,0,5.0
1196,A,5.0,0,5.0
1197,A,4.077459182946264,1,4.385171063721168
1198,A,0.8547220711196697,1,5.0
1199,A,3.2459729595315716,0,3.2459729595315716
1200,A,4.722846611274104,1,4.743489357454123
1201,A,0.5519648869665825,1,4.1302560513136
1202,A,5.0,0,5.0
1203,A,0.14342421108707293,1,3.196152693748835
1204,A,0.20152293566955012,2,4.059574366992818
1205,A,2.821302695439743,1,5.0
1206,A,5.0,0,5.0
1207,A,0.9222231683069494,1,4.01357110632072
1208,A,5.0,0,5.0
1209,A,0.04886568379163104,2,5.0
1210,A,5.0,0,5.0
1211,A,5.0,0,5.0
1212,A,2.266321535525289,2,5.0
1213,A,5.0,0,5.0
1214,A,1.1004680551109867,2,3.8097207997598272
1215,A,3.2258087446220816,2,3.6687620952198534
1216,A,4.6096754732043435,2,5.0
1217,A,3.0793285390985785,1,5.0
1218,A,0.8545250660013433,1,5.0
1219,A,0.11665712897192204,1,5.0
1220,A,5.0,0,5.0
1221,A,0.160705671085723,2,5.0
1222,A,2.964438640746131,1,4.42057798040998
1223,A,0.5183874778117062,2,5.0
1224,A,3.618028486453613,0,3.618028486453613
1225,A,2.8450553074845586,2,5.0
1226,A,3.6935094304588474,0,3.6935094304588474
1227,A,5.0,0,5.0
1228,A,0.6448644522672051,2,4.288397509681488
1229,A,1.03228665884506,1,3.4682655998969585
1230,A,3.287599373889431,1,5.0
1231,A,5.0,0,5.0
1232,A,1.5020198647598166,2,3.000094164010405
1233,A,5.0,0,5.0
1234,A,1.761277989070443,1,5.0
1235,A,3.8004178644336313,0,3.8004178644336313
1236,A,1.1217166851436224,1,5.0
1237,A,5.0,0,5.0
1238,A,2.4016213602017706,1,4.23089700875617
1239,A,4.063988885485403,0,4.063988885485403
1240,A,0.5708032972200293,1,5.0
1241,A,0.8938642698595367,2,5.0
1242,A,5.0,0,5.0
1243,A,3.577559145974408,2,4.244643736129381
1244,A,2.936106661507836,1,5.0
1245,A,5.0,0,5.0
1246,A,0.749246685010606,1,5.0
1247,A,5.0,0,5.0
1248,A,1.9427493701592762,1,5.0
1249,A,5.0,0,5.0
1250,A,4.367979090165585,0,4.367979090165585
1251,A,5.0,0,5.0
1252,A,5.0,0,5.0
1253,A,2.475662155143796,2,5.0
1254,A,1.2376626039803076,1,5.0
1255,A,0.7300053815223456,2,5.0
1256,A,3.5257868365253393,0,3.5257868365253393
1257,A,2.5022429875244923,2,3.679306993787816
1258,A,3.046386173016698,1,4.427763772476966
1259,A,3.1753665436925083,1,5.0
1260,A,3.337479304862698,0,3.337479304862698
1261,A,3.1536427063155448,1,5.0
1262,A,1.2527239257395513,2,4.374749962956825
1263,A,1.459824180439635,2,5.0
1264,A,3.6365102432469536,0,3.6365102432469536
1265,A,3.5378515262433536,1,4.969873143271382
1266,A,0.2752028006465186,2,5.0
1267,A,0.584426925986196,1,3.5528957689573897
1268,A,4.217779489489217,0,4.217779489489217
1269,A,4.863998497286794,0,4.863998497286794
1270,A,5.0,0,5.0
1271,A,2.9929899756657203,2,5.0
1272,A,5.0,0,5.0
1273,A,2.466765451792625,2,3.3095276436315517
1274,A,2.2918766705203697,2,5.0
1275,A,2.1838809832380925,2,5.0
1276,A,0.49607320723993575,2,5.0
1277,A,4.048689464494656,0,4.048689464494656
1278,A,5.0,0,5.0
1279,A,2.9566320867570317,1,4.912509829651696
1280,A,5.0,0,5.0
1281,A,0.2535572966782786,1,4.937636866369939
1282,A,5.0,0,5.0
1283,A,0.37402001064637413,2,3.4223150011071497
1284,A,0.3549711305297827,2,5.0
1285,A,3.0049473451902275,0,3.0049473451902275
1286,A,5.0,0,5.0
1287,A,0.3389205866260928,2,5.0
1288,A,3.038730438117076,1,5.0
1289,A,3.1587016020754444,0,3.1587016020754444
1290,A,1.5351235624144202,2,4.683502401769079
1291,A,3.827522544447226,0,3.827522544447226
1292,A,1.937034484404773,2,3.302675225723481
1293,A,0.6914864592175279,2,3.167160908508277
1294,A,2.6482211475157333,2,5.0
1295,A,0.8013784426740868,1,5.0
1296,A,1.7410922535436597,2,3.864359199235264
1297,A,5.0,0,5.0
1298,A,4.843726414296199,1,5.0
1299,A,5.0,0,5.0
1300,A,5.0,0,5.0
1301,A,5.0,0,5.0
1302,A,3.2523168335805215,0,3.2523168335805215
1303,A,3.2820715624411188,0,3.2820715624411188
1304,A,1.5529958789916685,1,5.0
1305,A,5.0,0,5.0
1306,A,2.3634605326502585,1,4.347062214135665
1307,A,4.248133503573041,2,4.348972088858731
1308,A,0.2128162875792543,1,4.763541085433885
1309,A,2.0505885947610207,2,4.191780484621837
1310,A,2.281931250796857,1,5.0
1311,A,0.7196684346957674,2,3.8732088364231454
1312,A,2.2455917549334115,1,3.292647048908878
1313,A,2.8447621636192992,1,5.0
1314,A,1.5137920572141685,2,5.0
1315,A,1.7744408415068265,2,4.078170482260067
1316,A,2.237374055795412,1,5.0
1317,A,2.2523655009662433,1,3.2760112745884107
1318,A,4.136311472147245,0,4.136311472147245
1319,A,0.11954623554107653,2,4.124207357194861
1320,A,5.0,0,5.0
1321,A,3.070955571013303,1,5.0
1322,A,1.6117513692992103,1,4.9405368547179
1323,A,5.0,0,5.0
1324,A,3.662024538578328,0,3.662024538578328
1325,A,1.9853448340540572,2,4.765318616920764
1326,A,0.5343210346174105,2,5.0
1327,A,5.0,0,5.0
1328,A,2.255631718135632,2,5.0
1329,A,4.093169489020049,0,4.093169489020049
1330,A,3.414950435684402,2,3.801471953870594
1331,A,4.501539271850616,0,4.501539271850616
1332,A,0.9882153523278807,2,5.0
1333,A,0.6697881718495803,1,5.0
1334,A,2.5108842287832216,1,5.0
1335,A,5.0,0,5.0
1336,A,0.9249236108320985,2,3.4143931483737417
1337,A,5.0,0,5.0
1338,A,5.0,0,5.0
1339,A,5.0,0,5.0
1340,A,5.0,0,5.0
1341,A,0.37687991599270454,2,4.183062769516363
1342,A,3.347711816659771,2,3.702767391997425
1343,A,4.638631603047454,2,5.0
1344,A,5.0,0,5.0
1345,A,1.8891422202127612,2,5.0
1346,A,3.6345221226787507,0,3.6345221226787507
1347,A,3.4877008238569696,2,4.674276303327495
1348,A,5.0,0,5.0
1349,A,5.0,0,5.0
1350,A,2.7429572238815574,2,5.0
1351,A,1.903471809122281,1,5.0
1352,A,3.9363283663907804,1,5.0
1353,A,0.12169571000376239,1,5.0
1354,A,4.186576516573775,1,5.0
1355,A,5.0,0,5.0
1356,A,4.886608769198995,0,4.886608769198995
1357,A,2.1360119328034677,1,5.0
1358,A,5.0,0,5.0
1359,A,0.7290138923586954,2,5.0
1360,A,3.0269310287833777,2,5.0
1361,A,4.273356852984938,0,4.273356852984938
1362,A,2.916732556365769,1,3.180075327514908
1363,A,0.09686125276696356,1,5.0
1364,A,5.0,0,5.0
1365,A,1.0625917922286248,2,4.47246870531543
1366,A,5.0,0,5.0
1367,A,2.8138968013780303,1,4.7828441938741815
1368,A,5.0,0,5.0
1369,A,3.4076343944841865,0,3.4076343944841865
1370,A,3.168046396125419,1,4.358705247484133
1371,A,1.1028819644447587,1,5.0
1372,A,4.904857824964638,1,5.0
1373,A,5.0,0,5.0
1374,A,3.4318400969543044,0,3.4318400969543044
1375,A,5.0,0,5.0
1376,A,1.2752610425849353,1,5.0
1377,A,4.509387256037057,0,4.509387256037057
1378,A,0.008190202322572353,1,5.0
1379,A,0.8845426856321075,1,5.0
1380,A,3.1934980548991954,1,5.0
1381,B,0.7988779231020013,2,4.816750924846669
1382,B,0.5445456998122867,2,5.0
1383,B,3.394621565140678,0,3.394621565140678
1384,B,1.3005596393350214,2,4.331220780825179
1385,B,5.0,0,5.0
1386,B,4.351404270183913,0,4.351404270183913
1387,B,0.13146999966079148,2,4.691909742931784
1388,B,3.0016412120300826,2,5.0
1389,B,1.7939043803750017,2,5.0
1390,B,2.6299646081471497,2,5.0
1391,B,0.6242899712190061,2,5.0
1392,B,0.5429870589279165,2,5.0
1393,B,0.23424201331892877,2,4.56162723703593
1394,B,2.786677668181282,2,5.0
1395,B,5.0,0,5.0
1396,B,3.8184223959002344,1,5.0
1397,B,0.26354391230128693,2,5.0
1398,B,0.8171702808647583,2,5.0
1399,B,3.942066982692691,1,5.0
1400,B,1.1603578762312672,2,5.0
1401,B,0.01848199006929481,1,5.0
1402,B,5.0,0,5.0
1403,B,4.090041241028873,0,4.090041241028873
1404,B,0.9195501182271525,2,3.6962992001364876
1405,B,2.0555976339140796,1,5.0
1406,B,0.9624752956852821,1,5.0
1407,B,1.3265945232958631,2,5.0
1408,B,3.773425383872765,1,5.0
1409,B,1.0307299881929697,2,4.0099305596648795
1410,B,1.0729163150649155,1,4.265227260562295
1411,B,0.26588555861605334,1,3.3697245865294945
1412,B,2.5511992407647313,2,3.481783049408623
1413,B,5.0,0,5.0
1414,B,3.2235027424233516,2,4.636627660874105
1415,B,2.9053162863511313,2,5.0
1416,B,4.294653719001559,2,5.0
1417,B,0.04936330353117867,2,4.699229233917795
1418,B,5.0,0,5.0
1419,B,4.251917479171205,1,5.0
1420,B,5.0,0,5.0
1421,B,0.25714234520355544,1,5.0
1422,B,0.6193971997131977,1,3.6623690036444856
1423,B,5.0,0,5.0
1424,B,2.9898623244038265,2,5.0
1425,B,0.43460131441485494,2,5.0
1426,B,0.2106664784007563,2,5.0
1427,B,0.48755600876102767,2,5.0
1428,B,0.8002550853486827,1,5.0
1429,B,2.7778341750091244,2,3.8441155436886354
1430,B,0.2650205547140056,2,5.0
1431,B,2.6192845737312203,1,3.901452633351142
1432,B,0.5921154578190063,2,3.0696586215692103
1433,B,1.9292799699929317,1,5.0
1434,B,3.3557982454200546,2,5.0
1435,B,0.8482615068506736,2,4.048715365649375
1436,B,2.3103473078886987,1,5.0
1437,B,0.845388795628612,1,3.3775460972527216
1438,B,3.4880523311674865,1,5.0
1439,B,0.04814849765474728,1,5.0
1440,B,0.17929752969525453,2,5.0
1441,B,1.3266466758116746,2,5.0
1442,B,0.6614136487865301,1,5.0
1443,B,1.1961296927831726,1,5.0
1444,B,2.481093517797305,2,5.0
1445,B,5.0,0,5.0
1446,B,0.6518173667834044,1,5.0
1447,B,4.093372582183281,1,5.0
1448,B,0.13194362415636482,1,4.852181601102409
1449,B,1.3861206563537332,2,5.0
1450,B,2.1588369270957073,1,5.0
1451,B,2.6036099383355173,2,5.0
1452,B,2.9469373383162485,2,4.590120391781946
1453,B,4.328882605058901,0,4.328882605058901
1454,B,2.4657264808971,2,3.3541457772038696
1455,B,5.0,0,5.0
1456,B,5.0,0,5.0
1457,B,1.5607752131487311,2,4.379969667586964
1458,B,3.82279038139639,2,4.475715580242458
1459,B,3.7515854999487503,2,5.0
1460,B,0.8114325865574157,1,5.0
1461,B,3.2340255680794465,2,5.0
1462,B,1.0120371649081086,2,5.0
1463,B,3.286929135624943,0,3.286929135624943
1464,B,5.0,0,5.0
1465,B,1.1755040978326128,2,5.0
1466,B,4.592379247151473,0,4.592379247151473
1467,B,2.6392820448177505,1,5.0
1468,B,4.420136019479264,0,4.420136019479264
1469,B,3.3621508914840907,1,5.0
1470,B,4.4575857198151745,0,4.4575857198151745
1471,B,4.05953465784486,2,5.0
1472,B,0.06671411126412652,1,3.800249010079055
1473,B,0.17003077223356075,1,3.012322652848788
1474,B,3.8889696230561954,1,4.103371599583463
1475,B,5.0,0,5.0
1476,B,4.711566027969808,2,5.0
1477,B,2.00225195445154,2,5.0
1478,B,3.824670953018598,2,4.39819642857965
1479,B,1.816293430268046,1,3.8372923942860195
1480,B,2.536877310331944,2,5.0
1481,B,3.4549803454728845,0,3.4549803454728845
1482,B,3.378689727974458,2,3.9933857071085517
1483,B,5.0,0,5.0
1484,B,0.4951719448072767,2,5.0
1485,B,1.520681153817169,2,3.430822155043054
1486,B,0.6483013701216782,2,3.1352339010701216
1487,B,4.785807617712757,0,4.785807617712757
1488,B,2.3691994958960994,2,4.292943288747525
1489,B,5.0,0,5.0
1490,B,0.37137424591702506,2,5.0
1491,B,2.5484867621459744,2,5.0
1492,B,0.6328401305454988,2,5.0
1493,B,3.97875551541153,2,5.0
1494,B,4.033446408591399,2,5.0
1495,B,2.4225584752518543,2,5.0
1496,B,2.397966079313222,2,4.758840712505411
1497,B,0.7909876461392068,2,4.975583579659411
1498,B,1.3316161969006206,2,5.0
1499,B,2.406658566618218,2,5.0
1500,B,0.25111661675586017,2,5.0
1501,B,5.0,0,5.0
1502,B,4.953909302996765,0,4.953909302996765
1503,B,2.788164480873614,2,5.0
1504,B,3.1845151319833365,2,5.0
1505,B,3.0476003248538412,1,5.0
1506,B,2.7798513976386223,1,4.545562960081162
1507,B,1.6530615230910644,2,5.0
1508,B,0.03444639652599933,2,3.208284582929061
1509,B,0.13681067258264007,2,5.0
1510,B,0.5655029100726133,2,5.0
1511,B,1.7943844517964094,1,4.427662249981493
1512,B,0.3619072158988126,1,3.5434530076437145
1513,B,0.2879455822322292,2,3.356116022540365
1514,B,0.3339857798932637,1,3.152790470849574
1515,B,2.2809183232652623,2,5.0
1516,B,1.1497726232839443,2,5.0
1517,B,0.25140587225079775,2,3.029105182715244
1518,B,2.3643297407419057,2,3.256604453076519
1519,B,0.45242150022043215,2,5.0
1520,B,0.4280315333925242,2,3.3564914980806715
1521,B,2.785769614784352,1,3.9890894766541085
1522,B,2.7846793876404248,2,3.475252198277528
1523,B,5.0,0,5.0
1524,B,1.683310886173241,2,5.0
1525,B,0.4748940332838716,1,4.298839604536816
1526,B,0.17553630451735325,1,5.0
1527,B,0.6414488725396752,2,3.3226337919512385
1528,B,1.999683793018768,2,5.0
1529,B,1.774522058658169,2,5.0
1530,B,1.116232037311446,2,3.651298205626156
1531,B,0.2540986799983484,2,5.0
1532,B,1.8167805984731809,2,5.0
1533,B,3.342088898216256,1,5.0
1534,B,2.7974839210797056,2,5.0
1535,B,0.06365681081738947,2,4.887479066928526
1536,B,4.303566154217243,0,4.303566154217243
1537,B,5.0,0,5.0
1538,B,5.0,0,5.0
1539,B,5.0,0,5.0
1540,B,2.4090267875450957,2,4.87801490643967
1541,B,4.919437575173815,1,5.0
1542,B,0.1876956161253007,1,5.0
1543,B,0.369684167932663,1,5.0
1544,B,0.9287083011111495,2,4.523515714371774
1545,B,0.5211183071179162,2,3.5911170576581264
1546,B,0.22937794642553044,1,4.874009899348728
1547,B,1.048349387285343,1,5.0
1548,B,2.804289937780116,1,5.0
1549,B,5.0,0,5.0
1550,B,0.5946020130640763,2,4.833266023158392
1551,B,0.33099130232187146,2,5.0
1552,B,0.3982587115338945,2,4.383585929189497
1553,B,2.7815899729549627,2,4.27939004490261
1554,B,2.5189905413377973,2,5.0
1555,B,0.7391617398373875,2,5.0
1556,B,4.252420066545403,0,4.252420066545403
1557,B,0.923939991165384,2,5.0
1558,B,5.0,0,5.0
1559,B,0.5269819070287983,1,5.0
1560,B,4.194909798488721,2,5.0
1561,B,1.465032962700046,1,4.5520758254755975
1562,B,1.7622602021510887,2,4.703609702524942
1563,B,3.8228396892888568,0,3.8228396892888568
1564,B,4.151957185976835,0,4.151957185976835
1565,B,2.1142245367552053,2,5.0
1566,B,2.2282722373632007,2,5.0
1567,B,5.0,0,5.0
1568,B,3.097214311657787,2,5.0
1569,B,0.2218611772990346,2,3.5981486086474335
1570,B,0.7088599201706559,1,3.9720469199548836
1571,B,2.6482465128958066,2,5.0
1572,B,3.6628581178014743,1,5.0
1573,B,3.775026068734386,1,4.472174351074685
1574,B,1.0737450437943594,1,3.170027600742071
1575,B,3.9347551046253337,0,3.9347551046253337
1576,B,3.682336807476957,0,3.682336807476957
1577,B,5.0,0,5.0
1578,B,0.7137727634542879,1,3.5265024146709245
1579,B,3.602836813537065,1,5.0
1580,B,5.0,0,5.0
1581,B,4.910101550014836,0,4.910101550014836
1582,B,2.3278083530422773,2,5.0
1583,B,2.5720838981456717,1,3.3018584053098667
1584,B,0.5286087891250592,1,3.851646319885395
1585,B,0.9552775893431498,2,5.0
1586,B,0.3061131726448764,2,4.4607849619801385
1587,B,3.041222895357443,2,4.4523253562632235
1588,B,1.699666548194111,1,4.206864943727769
1589,B,0.6461131028688611,1,4.90062929062945
1590,B,1.958296521889968,1,5.0
1591,B,0.7387668935279492,2,3.319547037171948
1592,B,3.9849271558046118,1,5.0
1593,B,1.3234747542859604,2,5.0
1594,B,3.2600178483631863,2,5.0
1595,B,4.794609131658358,0,4.794609131658358
1596,B,2.3241204530393746,2,5.0
1597,B,3.710715525885241,0,3.710715525885241
1598,B,1.7309133770250602,2,4.68193065248144
1599,B,2.8628744784976017,2,5.0
1600,B,4.92878850327327,2,5.0
1601,B,5.0,0,5.0
1602,B,0.47269930297968027,2,5.0
1603,B,4.721508404240696,1,5.0
1604,B,2.413498791319876,2,4.434872753707015
1605,B,1.0704979944370985,2,4.298941394736408
1606,B,0.16966569178003707,2,3.4999024683017117
1607,B,5.0,0,5.0
1608,B,5.0,0,5.0
1609,B,2.0083176569489676,2,5.0
1610,B,1.7112359397988184,1,5.0
1611,B,5.0,0,5.0
1612,B,0.563226558280464,2,5.0
1613,B,2.772047849426744,2,3.9886231221558175
1614,B,4.090146560144707,1,5.0
1615,B,1.9519963918112224,1,4.407609838967351
1616,B,3.4442569095908673,0,3.4442569095908673
1617,B,0.6855201787057797,2,4.663470932345236
1618,B,4.4682853624619305,0,4.4682853624619305
1619,B,1.300122968011859,1,5.0
1620,B,1.4038125913249386,2,3.207738782050929
1621,B,3.362758916153465,0,3.362758916153465
1622,B,3.202419128704943,1,4.092669290791126
1623,B,0.7450951054559454,2,5.0
1624,B,2.2480027213294833,2,4.231229594886908
1625,B,1.0033303851953348,1,5.0
1626,B,0.3917682622969526,1,5.0
1627,B,5.0,0,5.0
1628,B,0.6070305953203315,2,4.542780819793682
1629,B,0.25476213893953126,2,4.1452717060911315
1630,B,3.143070628944103,2,4.483805400264764
1631,B,5.0,0,5.0
1632,B,2.2256426076445086,1,5.0
1633,B,0.48714512487266665,2,5.0
1634,B,3.079846772786112,0,3.079846772786112
1635,B,2.1822090951050104,2,5.0
1636,B,3.718667242765096,2,4.5871221642373445
1637,B,5.0,0,5.0
1638,B,2.6992660822791734,1,3.8973942355862974
1639,B,1.6984598199446197,2,5.0
1640,B,1.1188073657596296,2,5.0
1641,B,0.14706844467603203,2,5.0
1642,B,2.8502487914285846,2,5.0
1643,B,1.1338161378104614,2,4.1261490930125895
1644,B,0.6537569122005791,2,5.0
1645,B,0.03178783386042581,2,3.859915952165639
1646,B,0.9689130180609272,2,4.324806903573053
1647,B,4.632903731469283,0,4.632903731469283
1648,B,1.4730171315904073,1,4.930946575901424
1649,B,5.0,0,5.0
1650,B,5.0,0,5.0
1651,B,4.775071568686305,1,5.0
1652,B,0.6298626058785273,2,3.516485755859394
1653,B,5.0,0,5.0
1654,B,3.0469944431396496,2,3.1044103264689724
1655,B,0.15237090254772487,2,3.9286597461234942
1656,B,0.05148790852494586,1,5.0
1657,B,0.18022717321889542,2,3.5075308265241416
1658,B,2.9690372496150914,1,5.0
1659,B,2.2233716048303926,2,4.577891556034849
1660,B,3.5503188944555437,2,5.0
1661,B,0.386155914484582,2,4.69734914097203
1662,B,0.7362506585170152,2,4.440177433658801
1663,B,5.0,0,5.0
1664,B,0.36511576701062304,1,5.0
1665,B,0.30086523657826403,1,5.0
1666,B,2.3145014101012427,2,3.3072840882537777
1667,B,5.0,0,5.0
1668,B,1.5169813273617665,2,5.0
1669,B,0.2285459964766241,2,5.0
1670,B,3.342029342184092,2,5.0
1671,B,1.488819027423883,1,5.0
1672,B,4.437270860930589,0,4.437270860930589
1673,B,1.3165189670778668,2,4.714149761713843
1674,B,5.0,0,5.0
1675,B,5.0,0,5.0
1676,B,2.0107211766155157,1,5.0
1677,B,4.165655721937375,0,4.165655721937375
1678,B,3.6299563848698804,0,3.6299563848698804
1679,B,5.0,0,5.0
1680,B,5.0,0,5.0
1681,B,1.1697197269492705,2,5.0
1682,B,1.853848818362546,2,5.0
1683,B,5.0,0,5.0
1684,B,4.2299374330752,0,4.2299374330752
1685,B,1.1778654495663334,1,5.0
1686,B,4.372016126137452,1,4.8793780815638925
1687,B,1.8149502866454894,2,4.589052593019993
1688,B,2.6361818000986896,2,3.9228284060263237
1689,B,3.4488453718438112,2,5.0
1690,B,2.472506092575692,1,5.0
1691,B,3.8914379040488094,1,4.131767973478203
1692,B,2.467821570967647,2,5.0
1693,B,3.580543586501546,2,5.0
1694,B,0.5654196626851204,2,3.3941985924867715
1695,B,2.9093766125036593,1,4.272464944868977
1696,B,1.5328267402981588,2,5.0
1697,B,4.742213761469829,0,4.742213761469829
1698,B,5.0,0,5.0
1699,B,5.0,0,5.0
1700,B,2.0994703973103586,1,4.626359603765219
1701,B,3.0801103075902954,2,4.974170192321262
1702,B,0.9190088512145926,2,4.212129037502393
1703,B,3.8530316367616813,0,3.8530316367616813
1704,B,1.489846812276943,1,5.0
1705,B,3.4966232052743083,2,4.650325489799318
1706,B,1.8052446150386596,2,4.2530434690876255
1707,B,0.2897841896123068,1,5.0
1708,B,4.4001478954791065,0,4.4001478954791065
1709,B,2.264901558030916,2,4.823661937682337
1710,B,1.2504528215675605,1,5.0
1711,B,1.04407421803303,1,4.86770669953043
1712,B,0.9557273646458987,2,5.0
1713,B,0.1677703250051439,2,4.705588415600065
1714,B,3.5954202217165268,2,4.124443372401169
1715,B,3.1689947197617685,0,3.1689947197617685
1716,B,1.133430588224862,2,5.0
1717,B,1.9647863326269535,1,4.5772618288188855
1718,B,0.1315176484453922,2,5.0
1719,B,3.9864875094755012,2,4.905897382352997
1720,B,0.30364474397793195,2,5.0
1721,B,3.4962441695383686,0,3.4962441695383686
1722,B,1.7019673475171901,2,5.0
1723,B,3.6278576437593015,2,5.0
1724,B,2.441790273243326,2,4.324100695559039
1725,B,0.9487978234958284,2,4.3365647786287225
1726,B,4.482266678772104,0,4.482266678772104
1727,B,0.22385411563494195,2,3.4812630674187868
1728,B,1.8249694348469336,1,5.0
1729,B,0.3772480376918769,1,3.800074445831949
1730,B,4.889890296565924,0,4.889890296565924
1731,B,4.52481415600757,2,5.0
1732,B,3.215338642079622,2,5.0
1733,B,1.1550412528168335,2,3.6344109073494515
1734,B,0.462182568369098,2,5.0
1735,B,0.7626865737384123,2,5.0
1736,B,0.24880735468342033,2,5.0
1737,B,3.855278606787217,0,3.855278606787217
1738,B,4.127432067683858,0,4.127432067683858
1739,B,0.18523182643251632,2,3.030774945725436
1740,B,1.4704482553952458,2,4.082321408060221
1741,B,3.8732616811268765,1,4.06997200626932
1742,B,2.7855312671557346,2,3.141852804985612
1743,B,2.86297792234841,1,5.0
1744,B,0.8783520448588262,2,5.0
1745,B,5.0,0,5.0
1746,B,2.3655178505635215,1,3.3307390218078607
1747,B,0.6487525543113466,2,3.4672236296764476
1748,B,5.0,0,5.0
1749,B,3.3555419932149433,2,4.994728264892849
1750,B,0.8209498873716742,1,5.0
1751,B,5.0,0,5.0
1752,B,5.0,0,5.0
1753,B,0.6326989522106912,2,3.760564597927843
1754,B,3.484873444999754,2,4.0648923877169985
1755,B,1.4440459142462192,2,5.0
1756,B,1.8332389620024814,2,3.7615411831987187
1757,B,5.0,0,5.0
1758,B,0.32213329428199994,1,3.511836718056446
1759,B,4.407849635534924,2,5.0
1760,B,1.6666958264422427,1,5.0
1761,B,5.0,0,5.0
1762,B,4.134410966490575,2,5.0
1763,B,1.5059766802982288,2,3.833718839547633
1764,B,4.253110431176708,1,5.0
1765,B,1.5449723769930457,2,4.631548137599239
1766,B,5.0,0,5.0
1767,B,3.081605754322263,0,3.081605754322263
1768,B,4.364331496293267,0,4.364331496293267
1769,B,0.23058827360029693,2,5.0
1770,B,5.0,0,5.0
1771,B,1.5210434314871193,2,5.0
1772,B,0.8391529310230821,2,5.0
1773,B,3.426149982392751,1,3.586398129708784
1774,B,2.860153687479377,2,4.056216892363308
1775,B,3.280560714985871,2,5.0
1776,B,4.677599045087883,0,4.677599045087883
1777,B,1.8339122547974358,2,5.0
1778,B,1.9103539491545556,1,4.204141464296638
1779,B,0.1985043976602455,2,3.2806541390956925
1780,B,0.15596790788543297,1,5.0
1781,B,1.1041183600661146,1,4.878480578855863
1782,B,1.1450725147383747,1,5.0
1783,B,2.5202230178748337,1,5.0
1784,B,0.09795040585548118,2,5.0
1785,B,5.0,0,5.0
1786,B,5.0,0,5.0
1787,B,0.06491649775952413,2,5.0
1788,B,3.532696212597839,2,5.0
1789,B,1.1299071291764486,2,3.5555023005264497
1790,B,3.6303149855569807,0,3.6303149855569807
1791,B,4.16576031532149,0,4.16576031532149
1792,B,3.0027114373615333,0,3.0027114373615333
1793,B,2.5551074995226357,2,5.0
1794,B,1.2445378553540596,2,4.807954724999974
1795,B,0.6831349657613921,2,4.30017322921562
1796,B,1.3436811630364685,1,3.450172751125644
1797,B,0.8494540088955366,2,5.0
1798,B,1.0306508925234383,2,4.081394247093692
1799,B,5.0,0,5.0
1800,B,2.4120763008107153,2,5.0
1801,B,0.11921527193987301,2,5.0
1802,B,0.5436386378675152,2,3.5753518700942575
1803,B,2.4092032361847293,2,5.0
1804,B,3.008948097187595,2,5.0
1805,B,2.1159880252307333,1,3.7146645415628354
1806,B,3.4064993244328257,0,3.4064993244328257
1807,B,4.275441587971124,1,4.440898836845724
1808,B,0.9882384464087421,2,3.4032884301646793
1809,B,2.1108258651795935,2,4.017709795596707
1810,B,1.60736975294969,2,3.4192302167758877
1811,B,2.4954901281949593,2,5.0
1812,B,4.3861561589681815,2,5.0
1813,B,0.7583699608021508,2,4.045447654871028
1814,B,4.861237989734417,2,5.0
1815,B,1.515682036764625,2,3.3637343035508445
1816,B,3.7373755140287397,2,5.0
1817,B,0.48442293975670847,2,4.49645673594739
1818,B,5.0,0,5.0
1819,B,0.5632653542864172,2,4.23435854702962
1820,B,4.284806451337628,0,4.284806451337628
1821,B,0.6074979935963665,2,5.0
1822,B,3.348932364316155,0,3.348932364316155
1823,B,0.033258395619948346,1,5.0
1824,B,0.053924061487770444,2,5.0
1825,B,1.777031101054749,2,4.294079346917595
1826,B,3.509137449579626,0,3.509137449579626
1827,B,2.2519825297943066,2,5.0
1828,B,0.0537377914046437,2,5.0
1829,B,2.7194610987540146,2,3.1118228128354
1830,B,0.3537994793543012,1,3.163731086673061
1831,B,3.80472686193902,0,3.80472686193902
1832,B,0.6258548645252849,2,5.0
1833,B,4.180376329045392,2,5.0
1834,B,0.5273605986707234,2,5.0
1835,B,1.9037230090608046,1,5.0
1836,B,5.0,0,5.0
1837,B,1.392141049607956,2,5.0
1838,B,1.9611774691510966,2,5.0
1839,B,5.0,0,5.0
1840,B,3.840022570065089,1,5.0
1841,B,1.232456520052361,2,5.0
1842,B,5.0,0,5.0
1843,B,3.2002442498228407,1,4.393600782355966
1844,B,3.2761744192025315,0,3.2761744192025315
1845,B,5.0,0,5.0
1846,B,1.5742597187270302,2,3.9726850212335862
1847,B,3.7301274503707704,1,4.955557468588211
1848,B,0.40509841911976907,2,5.0
1849,B,4.155303453037515,0,4.155303453037515
1850,B,5.0,0,5.0
1851,B,0.9801894436251712,1,4.91475399615414
1852,B,1.537050287109892,1,4.527035735938417
1853,B,1.3684349772709636,2,5.0
1854,B,1.3212848998316469,2,4.972489873201109
1855,B,2.8343937625045728,2,5.0
1856,B,1.5255270461827497,1,5.0
1857,B,2.5330564562713103,2,5.0
1858,B,2.949518150292164,2,4.5127990246826695
1859,B,0.002070474304845201,1,4.728396683334394
1860,B,0.7076571408152927,2,3.6580351430234135
1861,B,0.5365686750631611,2,5.0
1862,B,1.4740056952753002,1,5.0
1863,B,2.4871657925090593,2,5.0
1864,B,4.574182016402271,0,4.574182016402271
1865,B,3.1943862460802803,2,5.0
1866,B,1.4034952642644924,2,5.0
1867,B,0.48461736244368914,2,5.0
1868,B,2.920626914988265,1,4.12595613472743
1869,B,2.7878162799412247,2,5.0
1870,B,0.7250657304095225,2,4.345575592115576
1871,B,1.6782261998678016,1,4.2117703324809295
1872,B,0.8609428370291784,2,3.7170278208445064
1873,B,1.6861172765984056,2,5.0
1874,B,5.0,0,5.0
1875,B,2.27293392220838,2,5.0
1876,B,2.2937663377875643,2,5.0
1877,B,4.184044753012064,0,4.184044753012064
1878,B,0.2129981749198463,2,5.0
1879,B,0.021324481507078996,2,5.0
1880,B,5.0,0,5.0
1881,B,1.330102276719706,2,5.0
1882,B,0.8286360010255314,2,5.0
1883,B,3.8820337241195957,2,5.0
1884,B,1.2551950612824783,2,4.902034454187267
1885,B,5.0,0,5.0
1886,B,1.3059364307213814,1,3.9912337040850945
1887,B,4.7495598542473045,0,4.7495598542473045
1888,B,0.3173918018334818,2,5.0
1889,B,1.9520684066966583,1,3.7188133445745115
1890,B,3.6539982939099334,2,5.0
1891,B,1.509916091431236,1,5.0
1892,B,2.4923771750699135,1,5.0
1893,B,0.09390218760023947,2,5.0
1894,B,5.0,0,5.0
1895,B,4.788333630515201,2,5.0
1896,B,4.132763915985919,1,5.0
1897,B,5.0,0,5.0
1898,B,0.7640850355438096,1,3.8106442368646336
1899,B,3.6957388021385245,1,5.0
1900,B,1.1181790795786566,2,5.0
1901,B,5.0,0,5.0
1902,B,0.02906155657536758,1,3.2199920039906136
1903,B,2.577493465971746,2,5.0
1904,B,0.9347556527676129,2,3.9981944900258233
1905,B,2.9544463353796626,2,5.0
1906,B,0.6972295331742699,2,5.0
1907,B,0.44099703635747994,2,5.0
1908,B,5.0,0,5.0
1909,B,5.0,0,5.0
1910,B,2.137442253511393,2,3.252148097571638
1911,B,0.8328312541011353,2,4.458135739940408
1912,B,5.0,0,5.0
1913,B,0.46016326549649356,2,5.0
1914,B,2.012723372666151,2,5.0
1915,B,5.0,0,5.0
1916,B,2.093001368873696,2,4.601154936759276
1917,B,3.437598220295322,2,5.0
1918,B,5.0,0,5.0
1919,B,4.471051880106176,1,5.0
1920,B,1.9430653850330712,1,5.0
1921,B,0.5362057331808563,2,5.0
1922,B,3.0017176919386177,2,4.08481893190311
1923,B,3.0119384336611095,2,5.0
1924,B,1.1432448671241155,1,4.560792025410427
1925,B,3.3951238554806276,0,3.3951238554806276
1926,B,0.8719977923570659,1,4.154385645489391
1927,B,1.2216475048183064,2,5.0
1928,B,4.153721949012759,0,4.153721949012759
1929,B,0.5058997346433053,2,4.178603754279227
1930,B,1.6684212885742817,1,5.0
1931,B,0.7835457403221607,2,5.0
1932,B,0.739245702295873,1,5.0
1933,B,3.46107126332025,1,4.32957603400973
1934,B,4.744816797991083,0,4.744816797991083
1935,B,0.9028457619559572,2,3.9779702473481726
1936,B,4.331147696037926,0,4.331147696037926
1937,B,1.0919724570661318,2,4.697593186640319
1938,B,0.6759737468207605,1,5.0
1939,B,5.0,0,5.0
1940,B,2.4072557738409053,2,5.0
1941,B,0.16573909558975047,2,5.0
1942,B,0.30116978053197435,2,3.1636418059235134
1943,B,1.1536876131201723,2,4.292191400674649
1944,B,0.2117780939068255,2,4.999935799353943
1945,B,0.4113747116090957,2,5.0
1946,B,1.9289925045751817,1,5.0
1947,B,3.038689009120189,2,4.629665856598182
1948,B,4.642190022494045,0,4.642190022494045
1949,B,1.582823105257587,2,3.047785752893449
1950,B,3.096249036549106,0,3.096249036549106
1951,B,0.15794573240061854,2,5.0
1952,B,2.8180255506615337,2,5.0
1953,B,3.720075652574575,1,5.0
1954,B,4.445200738700733,1,5.0
1955,B,0.553978298599874,1,3.5033662892622264
1956,B,5.0,0,5.0
1957,B,5.0,0,5.0
1958,B,5.0,0,5.0
1959,B,0.15739706122141306,2,5.0
1960,B,2.5696607381011995,1,3.2287696925520546
1961,B,3.401283459442976,0,3.401283459442976
1962,B,1.3123250499416779,2,4.564838368778249
1963,B,3.192474128777813,2,5.0
1964,B,1.5407179242736664,2,5.0
1965,B,5.0,0,5.0
1966,B,1.8473884343416656,2,3.764467552437835
1967,B,3.700000723167401,2,4.581218754913402
1968,B,2.768184798283127,2,4.923430854529143
1969,B,2.9959261503455945,2,3.6069001025097727
1970,B,1.9934108760107465,1,5.0
1971,B,0.5350448655446509,2,5.0
1972,B,0.31710772956807215,2,5.0
1973,B,1.5708257292700067,1,4.9343815388506505
1974,B,4.403856267256108,0,4.403856267256108
1975,B,1.1663362035135385,2,5.0
1976,B,2.9228625944141355,2,5.0
1977,B,1.3059881854856652,2,3.7906125557012675
1978,B,0.6689552273547905,2,3.1258578452385017
1979,B,3.275177192348317,1,5.0
1980,B,5.0,0,5.0
1981,B,1.278119447740871,2,3.1546003605032915
1982,B,0.34464027801919656,1,5.0
1983,B,4.108768965336024,0,4.108768965336024
1984,B,5.0,0,5.0
1985,B,3.655516253676601,1,3.9605446283372636
1986,B,0.22586169054568528,2,4.343197018132296
1987,B,0.8368525686781529,2,5.0
1988,B,5.0,0,5.0
1989,B,1.6787220780637022,2,5.0
1990,B,0.88152539246678,2,4.4593809468511605
1991,B,3.4377005915647962,0,3.4377005915647962
1992,B,2.2329737398566327,2,5.0
1993,B,4.000820617735766,2,5.0
1994,B,1.7293926427944692,2,3.309868199039402
1995,B,3.6522370216220654,0,3.6522370216220654
1996,B,4.085912373543168,0,4.085912373543168
1997,B,1.2161497575093816,2,5.0
1998,B,3.909098464472957,0,3.909098464472957
1999,B,2.5197158777879625,1,4.075885198370877
2000,B,3.109717229402444,0,3.109717229402444
2001,B,2.578820160549073,2,5.0
2002,B,1.3421498593783419,2,4.700153404560856
2003,B,1.2243510796241035,2,5.0
2004,B,3.513856590550606,1,5.0
2005,B,1.6715998601078663,2,5.0
2006,B,2.4382795206814287,1,4.564390201411956
2007,B,3.6003052362017804,1,4.63470943793688
2008,B,1.2662266056649216,2,5.0
2009,B,3.7388810798539085,0,3.7388810798539085
2010,B,0.4644848637134808,2,5.0
2011,B,2.6862160322925983,2,3.5321655929956197
2012,B,0.9360404020052311,1,5.0
2013,B,0.7525136854002372,1,4.582754998363644
2014,B,0.511647716298449,1,5.0
2015,B,5.0,0,5.0
2016,B,0.9742466027002934,1,5.0
2017,B,0.8749002479387934,2,5.0
2018,B,1.612655191654173,2,3.097704396774127
2019,B,5.0,0,5.0
2020,B,0.13632529166980173,2,5.0
2021,B,1.9864171761426146,2,4.374060427748804
2022,B,3.0520088965638483,0,3.0520088965638483
2023,B,1.7808139176554472,1,5.0
2024,B,2.904928621455384,2,3.5634715198346916
2025,B,0.8067398712082913,2,5.0
2026,B,2.3480533438221873,1,4.812376615980018
2027,B,0.5419087524640749,2,5.0
2028,B,2.4924059013109097,2,4.533626326079736
2029,B,1.0503928290941398,1,5.0
2030,B,0.3535543306612161,1,5.0
2031,B,4.5761603478754855,0,4.5761603478754855
2032,B,3.1234628138692937,1,5.0
2033,B,4.942171432054128,0,4.942171432054128
2034,B,4.606795742968615,0,4.606795742968615
2035,B,5.0,0,5.0
2036,B,3.4143230484221894,2,5.0
2037,B,0.29585955532772146,2,5.0
2038,B,2.1738976064134703,1,3.798727719298149
2039,B,4.718393453369476,2,5.0
2040,B,3.842337176161348,1,3.9172231437067153
2041,B,1.0011817289873595,2,3.607326983027189
2042,B,4.199517047644715,0,4.199517047644715
2043,B,1.972340510376875,2,5.0
2044,B,0.2137718074616502,2,5.0
2045,B,0.5325193438335958,2,5.0
2046,B,1.4420435129510347,2,5.0
2047,B,0.23785795620272315,1,5.0
2048,B,2.9665733698642582,2,5.0
2049,B,1.5607961592959472,2,3.0363989624268894
2050,B,5.0,0,5.0
2051,B,4.3989058573172,0,4.3989058573172
2052,B,0.30067255212041655,2,4.64569331915035
2053,B,5.0,0,5.0
2054,B,5.0,0,5.0
2055,B,0.7407388577967102,2,4.4621064809620545
2056,B,1.1034191430120008,2,5.0
2057,B,0.12291699105478797,1,5.0
2058,B,2.4743701234518305,2,5.0
2059,B,5.0,0,5.0
2060,B,0.24254768390536305,2,5.0
2061,B,5.0,0,5.0
2062,B,0.3041166134461059,2,4.299153503676134
2063,B,3.9257481790568898,0,3.9257481790568898
2064,B,0.7671667602575317,2,5.0
2065,B,1.3043387744466164,1,5.0
2066,B,3.245661131358901,1,5.0
2067,B,1.2796636369669492,2,5.0
2068,B,5.0,0,5.0
2069,B,2.1233153494541637,2,5.0
2070,B,1.2002509336329392,2,5.0
2071,B,0.6060846248814632,1,4.150659247903054
2072,B,4.606660414998668,0,4.606660414998668
2073,B,3.3970659398348824,2,5.0
2074,B,3.7068146988076647,2,4.906506030214274
2075,B,5.0,0,5.0
2076,B,4.225406929760855,0,4.225406929760855
2077,B,5.0,0,5.0
2078,B,0.33094673809588104,2,5.0
2079,B,2.0884311685874004,2,5.0
2080,B,1.559735026110041,2,5.0
2081,B,2.959274999226822,2,4.85799576031641
2082,B,0.04519978665489207,2,5.0
2083,B,0.9523594149954219,2,5.0
2084,B,0.3889207546349533,1,4.094787618202196
2085,B,0.65415911259855,1,5.0
2086,B,4.117813076447777,2,4.436217487333088
2087,B,0.7355812048721083,2,5.0
2088,B,1.911793281049793,2,4.145170337276439
2089,B,3.317448805623668,1,5.0
2090,B,1.631727182177716,2,4.588124726925129
2091,B,1.9846704589168525,2,5.0
2092,B,1.494425598198203,2,5.0
2093,B,4.091829245812399,0,4.091829245812399
2094,B,0.518631930632379,2,3.36656150144212
2095,B,2.304050410358011,2,4.992407096834077
2096,B,1.785842495693155,2,4.5585601712843955
2097,B,2.6831321705882694,2,3.353068893349776
2098,B,2.330955271646882,2,5.0
2099,B,5.0,0,5.0
2100,B,0.8130467392303659,2,5.0
2101,B,3.6982738990919706,2,5.0
2102,B,0.1867344017596591,2,5.0
2103,B,5.0,0,5.0
2104,B,3.7901480175456514,2,5.0
2105,B,0.878755504125368,2,5.0
2106,B,0.48081533923734154,1,5.0
2107,B,3.336034612077765,0,3.336034612077765
2108,B,3.0125441301028535,0,3.0125441301028535
2109,B,5.0,0,5.0
2110,B,3.1356965951041973,2,4.368021949594489
2111,B,1.6796598389477213,1,4.52172157013798
2112,B,0.10146877762231402,2,5.0
2113,B,3.446847806823919,0,3.446847806823919
2114,B,2.9601704232392585,2,3.9623275919886094
2115,B,1.1652909590326508,2,5.0
2116,B,2.3163872963319347,2,4.655176879754007
2117,B,0.32738675181257404,2,5.0
2118,B,0.23157944185466794,2,5.0
2119,B,5.0,0,5.0
2120,B,0.1659939351717939,2,5.0
2121,B,0.4938890746226343,2,5.0
2122,B,2.7382495319749682,1,5.0
2123,B,1.8316344469392967,1,5.0
2124,B,0.5946484602731146,2,5.0
2125,B,0.6275300582706496,2,4.600587289769112
2126,B,0.42760366179965426,2,3.9803381927779427
2127,B,3.499890709790479,2,5.0
2128,B,2.442950321692046,1,4.463655104724378
2129,B,0.3314486937540321,1,5.0
2130,B,2.30456087509683,2,5.0
2131,B,5.0,0,5.0
2132,B,4.3792694501243785,0,4.3792694501243785
2133,B,4.059550313525008,2,5.0
2134,B,3.748529296684536,2,5.0
2135,B,3.1418147296306094,2,5.0
2136,B,2.872544061344804,2,4.814607111855415
2137,B,3.0339357143546515,1,5.0
2138,B,1.185000856506541,1,4.683088391435643
2139,B,0.17217688396219832,1,4.321465405803437
2140,B,5.0,0,5.0
2141,B,3.570245489903314,0,3.570245489903314
2142,B,4.305537557641584,0,4.305537557641584
2143,B,1.6433434563639528,2,3.9127876505855346
2144,B,0.704530026174174,2,5.0
2145,B,5.0,0,5.0
2146,B,0.2928264006826283,2,5.0
2147,B,1.0321993325994325,2,5.0
2148,B,3.865750958053832,0,3.865750958053832
2149,B,0.404421029720147,2,5.0
2150,B,1.4295887863831744,2,3.0525078250024222
2151,B,0.33769971470684834,2,5.0
2152,B,1.3435488637854118,1,4.3942829555737815
2153,B,3.3451049417538092,2,5.0
2154,B,3.4862028016631785,0,3.4862028016631785
2155,B,3.3968628431407932,0,3.3968628431407932
2156,B,0.8561920164098086,2,5.0
2157,B,1.6245638044411117,2,4.662401131393619
2158,B,3.30655767836622,2,5.0
2159,B,5.0,0,5.0
2160,B,1.0442729120553755,2,5.0
2161,B,2.9038417336154634,2,3.472315179766136
2162,B,2.3230067942636703,2,4.938267705313847
2163,B,0.43738869897891886,1,5.0
2164,B,0.09791186254409069,1,3.444681181262545
2165,B,2.108847413803447,1,3.5919785740724235
2166,B,5.0,0,5.0
2167,B,4.027757763730226,0,4.027757763730226
2168,B,4.515868706817039,0,4.515868706817039
2169,B,1.0225240982184014,2,5.0
2170,B,5.0,0,5.0
2171,B,5.0,0,5.0
2172,B,5.0,0,5.0
2173,B,1.0723870530459465,2,5.0
2174,B,2.898270411984884,1,5.0
2175,B,4.357485357943465,0,4.357485357943465
2176,B,1.189774085572596,2,5.0
2177,B,1.188627045236451,1,3.4291573148367958
2178,B,0.6123835706955117,2,4.037373267154251
2179,B,1.5497616628797077,2,4.409155888687872
2180,B,2.0752345771041965,2,5.0
2181,B,3.427357474579485,1,5.0
2182,B,0.36837778915630803,1,5.0
2183,B,5.0,0,5.0
2184,B,1.4594244736557362,1,4.821432314555411
2185,B,0.06693745131582292,2,4.931926093671072
2186,B,3.6049584359990283,0,3.6049584359990283
2187,B,1.9607417424546512,1,5.0
2188,B,2.94542967650857,2,3.9706472075229646
2189,B,5.0,0,5.0
2190,B,4.22085028126326,0,4.22085028126326
2191,B,5.0,0,5.0
2192,B,3.120139820298194,0,3.120139820298194
2193,B,0.9327122975793569,2,4.724358435778591
2194,B,1.434197447570999,1,5.0
2195,B,0.9036212766292844,2,5.0
2196,B,1.1845237173421055,2,3.1995727352011354
2197,B,1.8982435818003944,2,5.0
2198,B,5.0,0,5.0
2199,B,5.0,0,5.0
2200,B,3.6774178338853005,1,5.0
2201,B,4.982002930150271,0,4.982002930150271
2202,B,1.6241541354582123,2,3.0620768969183096
2203,B,3.7375086447262014,0,3.7375086447262014
2204,B,4.427796860724053,2,5.0
2205,B,3.690075844182403,2,5.0
2206,B,2.8359740606371697,2,5.0
2207,B,4.791474319953834,1,5.0
2208,B,1.9306551659465514,2,4.524399900528795
2209,B,2.8992067102982677,1,3.163477724895189
2210,B,3.869543441637073,2,5.0
2211,B,0.9895267360344846,2,3.7538945765286886
2212,B,0.3913889697595533,2,3.3703534402849336
2213,B,0.20455055115396364,2,5.0
2214,B,0.33613276438206374,2,3.6124085326957083
2215,B,3.7313409992812914,1,5.0
2216,B,4.245441581780335,0,4.245441581780335
2217,B,0.061185168668189696,1,5.0
2218,B,3.7092534246456488,0,3.7092534246456488
2219,B,1.3724710375248803,2,4.011200046672849
2220,B,3.7403296648843454,2,4.142282673361562
2221,B,5.0,0,5.0
2222,B,3.11601704413075,2,5.0
2223,B,2.930402590486593,2,3.3844332738924345
2224,B,3.7114100862012793,2,5.0
2225,B,5.0,0,5.0
2226,B,0.6434464710584585,1,5.0
2227,B,3.5209229296565407,0,3.5209229296565407
2228,B,2.7157948242832273,1,5.0
2229,B,2.5643794790184553,1,4.392087775274362
2230,B,0.6357036518017002,2,4.85832207020767
2231,B,0.5965804738190683,2,4.771328475643292
2232,B,5.0,0,5.0
2233,B,2.577180137719318,2,5.0
2234,B,1.2195304533892122,1,5.0
2235,B,1.8244249503124341,1,3.6712200543184217
2236,B,4.568241931823485,0,4.568241931823485
2237,B,2.606027981282226,1,5.0
2238,B,0.6308766922959845,1,5.0
2239,B,3.8472074149099864,2,4.414310501340828
2240,B,0.0023860365619604224,2,3.7467139205269113
2241,B,1.063871742570411,2,5.0
2242,B,5.0,0,5.0
2243,B,3.954954199051546,1,4.025794335880914
2244,B,4.48207778941565,2,5.0
2245,B,5.0,0,5.0
2246,B,1.3124365876422885,2,5.0
2247,B,0.7878555862493795,1,5.0
2248,B,5.0,0,5.0
2249,B,1.3849632620145065,2,5.0
2250,B,3.017320335072641,0,3.017320335072641
2251,B,1.9840789316880525,2,5.0
2252,B,2.5648237560604557,2,5.0
2253,B,3.3900257924552073,2,5.0
2254,B,2.7122417902814266,1,4.327613734930283
2255,B,3.845945362816529,1,5.0
2256,B,0.7350871769992017,2,5.0
2257,B,1.7615094380008165,1,5.0
2258,B,5.0,0,5.0
2259,B,3.555948757382519,2,5.0
2260,B,2.2580190375509828,1,5.0
2261,B,2.36318183984519,2,5.0
2262,B,0.9492508166017205,2,4.279282617178035
2263,B,1.4856861404896116,1,5.0
2264,B,5.0,0,5.0
2265,B,0.24347410384418633,2,3.695441794373685
2266,B,3.281533327966528,2,4.098839769910082
2267,B,5.0,0,5.0
2268,B,5.0,0,5.0
2269,B,3.270954762120428,2,4.757135641143158
2270,B,3.594697972248692,0,3.594697972248692
2271,B,5.0,0,5.0
2272,B,3.877794380283029,0,3.877794380283029
2273,B,3.6584772743957936,0,3.6584772743957936
2274,B,3.8438658761156637,0,3.8438658761156637
2275,B,1.3985156448489666,2,5.0
2276,B,0.8003705883369101,2,3.645501538530633
2277,B,5.0,0,5.0
2278,B,3.8482367613811563,2,5.0
2279,B,5.0,0,5.0
2280,B,1.7287984900427396,2,5.0
2281,B,1.717627053143832,2,4.029788359786735
2282,B,2.651977822914768,2,5.0
2283,B,2.186352758171321,2,3.4111985405410836
2284,B,0.22316679932226827,2,5.0
2285,B,3.3476723568224083,2,5.0
2286,B,3.7040760510212416,1,5.0
2287,B,2.7208971689917676,2,5.0
2288,B,0.43947749004872116,2,5.0
2289,B,3.2926757836017657,2,5.0
2290,B,3.3167462667740732,2,5.0
2291,B,3.7067174661595343,2,5.0
2292,B,0.06190671424237113,2,5.0
2293,B,5.0,0,5.0
2294,B,3.4708387389959916,1,5.0
2295,B,2.727593880416685,1,5.0
2296,B,5.0,0,5.0
2297,B,4.0452000487260715,2,5.0
2298,B,5.0,0,5.0
2299,B,3.642120006841197,2,5.0
2300,B,2.7928771557202308,1,5.0
2301,B,0.613869421093861,2,3.6652201187181497
2302,B,4.217161875178197,1,5.0
2303,B,0.4023423977502727,2,5.0
2304,B,3.320343745470138,2,5.0
2305,B,4.238677756090354,0,4.238677756090354
2306,B,2.4095669176480277,2,4.959982108932714
2307,B,0.14739961445954577,1,4.929379239504918
2308,B,0.016060343536620843,1,5.0
2309,B,5.0,0,5.0
2310,B,2.380380332329402,1,4.075214627086255
2311,B,1.3068074704993848,2,4.507272175286135
2312,B,2.5483031400029654,2,5.0
2313,B,4.503707928846135,0,4.503707928846135
2314,B,1.1903248858552482,2,5.0
2315,B,2.294657127905106,2,5.0
2316,B,2.0559066463041105,2,5.0
2317,B,3.065068920330943,0,3.065068920330943
2318,B,5.0,0,5.0
2319,B,3.1222217761205666,0,3.1222217761205666
2320,B,5.0,0,5.0
2321,B,4.401226778652697,0,4.401226778652697
2322,B,0.2947010334559096,2,5.0
2323,B,0.17894028935912867,2,5.0
2324,B,0.9862245882495746,2,5.0
2325,B,2.9325734627260287,1,3.1225500356576403
2326,B,3.897677989444709,0,3.897677989444709
2327,B,4.751905307212527,0,4.751905307212527
2328,B,3.8543005874372738,0,3.8543005874372738
2329,B,0.2503523949293951,1,4.988708437512162
2330,B,0.7619982950111869,1,5.0
2331,B,2.5221294217002406,2,5.0
2332,B,0.24273028252386353,1,5.0
2333,B,4.41918634527614,0,4.41918634527614
2334,B,4.079769927682236,1,4.446981407409152
2335,B,5.0,0,5.0
2336,B,0.004011024445583983,2,4.152361388039417
2337,B,0.5521204103523137,2,5.0
2338,B,1.408732641163064,1,5.0
2339,B,0.2034898578390983,2,5.0
2340,B,1.1398949865051682,1,4.445594715587944
2341,B,2.0746964956959717,2,3.788717460765816
2342,B,0.6347509919485175,2,5.0
2343,B,0.12710386222902087,2,5.0
2344,B,2.578299365064525,2,4.780293766721988
2345,B,0.3942440488345743,1,5.0
2346,B,5.0,0,5.0
2347,B,4.139952994978662,2,5.0
2348,B,1.8377873554309052,1,4.938975396319416
2349,B,0.1108389353030517,1,5.0
2350,B,2.689102599142115,2,4.429814484360498
2351,B,0.07572436993978642,2,5.0
2352,B,4.1327900087670955,1,5.0
2353,B,0.7138697846510024,2,5.0
2354,B,2.0854802889773865,2,5.0
2355,B,0.6524247084679393,2,5.0
2356,B,0.1651506109359307,1,4.2675967680413995
2357,B,3.0973264724724388,0,3.0973264724724388
2358,B,2.725279409198986,1,4.061500855483489
2359,B,0.8944376591942087,2,4.37051172299741
2360,B,4.684187847014998,0,4.684187847014998
2361,B,3.276542508817535,1,5.0
2362,B,0.013088310121894845,2,3.6911947430365166
2363,B,2.8660402200642574,2,5.0
2364,B,0.018812307619155543,2,5.0
2365,B,3.125892551553208,0,3.125892551553208
2366,B,3.6348696329425123,0,3.6348696329425123
2367,B,4.389566444615841,2,5.0
2368,B,1.4190710112005882,2,5.0
2369,B,0.05972239615380507,2,5.0
2370,B,2.5120334450613964,2,3.117702701545493
2371,B,0.10111998132899455,1,4.809260066087886
2372,B,4.2656772095536555,1,5.0
2373,B,3.275618458764951,2,5.0
2374,B,5.0,0,5.0
2375,B,5.0,0,5.0
2376,B,0.15823560462973368,2,4.306258482267035
2377,B,0.1615837135312015,2,4.000131840784002
2378,B,1.859639073688217,1,5.0
2379,B,0.6873626999619968,2,4.3260645180551345
2380,B,4.803903581639765,0,4.803903581639765
2381,B,1.720525773416113,2,4.100666253545995
2382,B,5.0,0,5.0
2383,B,5.0,0,5.0
2384,B,3.2465645592675973,0,3.2465645592675973
2385,B,1.9533038621789178,1,5.0
2386,B,5.0,0,5.0
2387,B,0.7505700785205528,2,5.0
2388,B,2.4382432652685564,2,4.16894685146093
2389,B,0.7314299141150938,2,3.5029016020230626
2390,B,0.8585367128552892,1,5.0
2391,B,0.41795090420062453,2,5.0
2392,B,5.0,0,5.0
2393,B,5.0,0,5.0
2394,B,0.11822031380921534,1,5.0
2395,B,0.6287034224159296,2,4.626622218565792
2396,B,1.5476616738997693,2,5.0
2397,B,3.206367781141697,2,5.0
2398,B,0.21387409418012646,2,5.0
2399,B,0.28995690872776686,2,5.0
2400,B,0.0772768565408017,2,3.5738386076804867
2401,B,5.0,0,5.0
2402,B,1.309937575984231,2,5.0
2403,B,0.522761072180416,1,5.0
2404,B,1.0239759661734387,2,5.0
2405,B,0.14264482071297518,2,3.6678829925639014
2406,B,3.631521463526898,0,3.631521463526898
2407,B,5.0,0,5.0
2408,B,0.30097854021181075,2,5.0
2409,B,2.945398218307303,2,3.996487205009527
2410,B,1.2961347251809539,2,4.510259374714086
2411,B,1.4229613229918487,2,5.0
2412,B,3.6697993548218877,2,5.0
2413,B,4.365845400226959,1,4.57020188633293
2414,B,5.0,0,5.0
2415,B,0.03554728590908478,2,3.4279877863657315
2416,B,2.5352324555377743,2,5.0
2417,B,2.1501335920988414,1,4.60696000418603
2418,B,3.9993709612102917,1,4.571311289339352
2419,B,2.2497391084297385,2,5.0
2420,B,3.914691566541963,0,3.914691566541963
2421,B,3.5114214745896106,0,3.5114214745896106
2422,B,5.0,0,5.0
2423,B,4.68025489839826,0,4.68025489839826
2424,B,5.0,0,5.0
2425,B,3.9148807409351045,2,5.0
2426,B,5.0,0,5.0
2427,B,1.7888467372891395,2,4.776820441990694
2428,B,3.915596042129126,2,4.006573295163623
2429,B,3.171594109464324,0,3.171594109464324
2430,B,2.496350829672921,1,5.0
2431,B,2.426124773802292,2,4.565622432304917
2432,B,2.9264059966802374,1,3.2131517063304234
2433,B,0.45704890887486854,1,3.619167333915944
2434,B,1.3617274112109041,2,3.8263762797289647
2435,B,5.0,0,5.0
2436,B,4.7950142719098885,1,5.0
2437,B,2.858454589478444,2,5.0
2438,B,5.0,0,5.0
2439,B,1.7526479889098445,1,5.0
2440,B,1.261040383697685,2,3.1555731638960953
2441,B,5.0,0,5.0
2442,B,2.2514628431208434,2,3.0171355217757654
2443,B,0.2350757097323805,2,5.0
2444,B,5.0,0,5.0
2445,B,5.0,0,5.0
2446,B,0.8331046631649064,2,5.0
2447,B,3.1269027130574383,2,3.388620084205644
2448,B,1.5376465478765171,2,3.9462425043013005
2449,B,1.2416384646286376,2,3.396607227200359
2450,B,1.0086583195207706,1,5.0
2451,B,1.3083891151060125,2,5.0
2452,B,3.003291785564709,1,5.0
2453,B,0.9779530363652672,2,4.661830359144879
2454,B,1.7929091943875066,2,5.0
2455,B,4.535089958216537,1,5.0
2456,B,2.1486574299575336,2,4.659524354067611
2457,B,2.721144639639098,1,5.0
2458,B,1.7409902564071336,2,5.0
2459,B,4.014392519293038,2,5.0
2460,B,0.8437763539344958,2,5.0
2461,B,0.013722883108934818,2,4.354814465355343
2462,B,0.4258902703518047,1,5.0
2463,B,5.0,0,5.0
2464,B,1.3177340579592816,1,5.0
2465,B,3.2681657005644182,2,4.100799933422931
2466,B,1.3078159036705663,1,5.0
2467,B,2.954440108333034,1,4.578427446697676
2468,B,0.4291783994993908,2,5.0
2469,B,0.9942239890233433,2,3.748297590452043
2470,B,5.0,0,5.0
2471,B,5.0,0,5.0
2472,B,4.035832462945399,2,5.0
2473,B,3.6843809677445027,2,5.0
2474,B,5.0,0,5.0
2475,B,5.0,0,5.0
2476,B,2.1350573446282897,2,5.0
2477,B,0.3770946952129789,1,5.0
2478,B,4.8673626665653416,0,4.8673626665653416
2479,B,0.40212033377249023,2,5.0
2480,B,0.39577736340029623,2,3.4217839427008068
2481,B,3.458420227784579,0,3.458420227784579
2482,B,0.9232732823704249,1,5.0
2483,B,1.0277516523858181,1,5.0
2484,B,0.884147900835332,1,4.862591583460227
2485,B,1.0126150401989051,2,3.4155533716340543
2486,B,4.069440651866174,0,4.069440651866174
2487,B,3.824496401573136,2,4.862900030382159
2488,B,2.9426438141774787,1,5.0
2489,B,5.0,0,5.0
2490,B,0.5537193295856203,2,5.0
2491,B,1.8477149645848998,1,3.4630215463983505
2492,B,3.6246998916605278,0,3.6246998916605278
2493,B,0.31117129144253514,2,5.0
2494,B,3.144547170206207,1,5.0
2495,B,5.0,0,5.0
2496,B,2.631558884156075,2,5.0
2497,B,1.175033181461569,2,5.0
2498,B,0.7151668340452412,1,5.0
2499,B,1.7367060906395557,2,4.953191509205743
2500,B,3.9548955615138546,0,3.9548955615138546
2501,B,4.836340232691493,2,5.0
2502,B,1.3286245176379667,2,5.0
2503,B,4.559256842772543,0,4.559256842772543
2504,B,4.478317462094737,0,4.478317462094737
2505,B,2.7224303675727333,2,3.668067217579853
2506,B,0.860275094756862,2,5.0
2507,B,5.0,0,5.0
2508,B,0.6140827027061289,2,4.925950585717672
2509,B,4.816019862553979,0,4.816019862553979
2510,B,1.3520384982191564,2,3.5112975180811348
2511,B,0.5432494774379548,2,4.4528370068810315
2512,B,0.5219439372873603,1,3.1716678228274438
2513,B,2.9466247092291327,2,4.5326660522313755
2514,B,2.4769351182244526,2,3.445291639544245
2515,B,0.5737685954873138,1,3.1941368794196725
2516,B,2.852271886774605,1,5.0
2517,B,5.0,0,5.0
2518,B,0.8817109932917443,2,4.071688633761618
2519,B,4.005450399114573,2,5.0
2520,B,1.012015735931899,2,3.4998142207449776
2521,B,2.0413662401028327,1,5.0
2522,B,5.0,0,5.0
2523,B,1.1591097700883612,1,4.126814379996687
2524,B,2.155792064198275,1,3.1784914250399505
2525,B,2.3202849494242996,2,4.19528318824278
2526,B,0.4936655236997542,2,4.070616470151155
2527,B,4.228342110433047,2,5.0
2528,B,1.3750412246630674,1,5.0
2529,B,1.444387585287995,1,5.0
2530,B,5.0,0,5.0
2531,B,4.577789460351802,0,4.577789460351802
2532,B,3.9909228286072325,1,5.0
2533,B,5.0,0,5.0
2534,B,4.9324588038125246,2,5.0
2535,B,3.4557435761723347,0,3.4557435761723347
2536,B,2.16377523714263,2,5.0
2537,B,4.1695650730824605,2,5.0
2538,B,5.0,0,5.0
2539,B,5.0,0,5.0
2540,B,1.858290017168975,2,3.0655729843039214
2541,B,1.0801002416963892,2,5.0
2542,B,0.23168517048042908,2,3.135132622372676
2543,B,3.6819752737534674,0,3.6819752737534674
2544,B,1.2764338342748474,2,5.0
2545,B,4.709584177400469,1,5.0
2546,B,3.6654376339027506,1,5.0
2547,B,0.22452817899629193,2,5.0
2548,B,0.7306538980013634,1,5.0
2549,B,1.2388857043366592,2,4.610664360303991
2550,B,2.2147230482807236,2,5.0
2551,B,2.820695803679082,1,5.0
2552,B,2.0704332022423686,2,5.0
2553,B,4.496837421607449,0,4.496837421607449
2554,B,4.239458563783755,1,5.0
2555,B,0.35190125115603577,2,5.0
2556,B,5.0,0,5.0
2557,B,2.0600745683679405,2,5.0
2558,B,4.309662348545598,2,5.0
2559,B,1.8782073949803069,2,5.0
2560,B,4.706677060784978,2,5.0
2561,B,0.7121870058170415,2,5.0
2562,B,5.0,0,5.0
2563,B,0.5395650327931977,1,5.0
2564,B,5.0,0,5.0
2565,B,5.0,0,5.0
2566,B,1.9692843654778707,2,5.0
2567,B,1.812618606214337,2,5.0
2568,B,0.8790986850070084,2,5.0
2569,B,4.007883066401394,0,4.007883066401394
2570,B,0.13888824155785012,1,3.1002935791144113
2571,B,5.0,0,5.0
2572,B,2.7900387202489956,2,5.0
2573,B,1.4109550314691228,2,3.076942711080697
2574,B,0.3203550737579539,2,3.3249186779407847
2575,B,0.7329491171030628,2,5.0
2576,B,3.7711967207508845,0,3.7711967207508845
2577,B,0.43048624842173544,2,5.0
2578,B,1.2440591773615335,2,5.0
2579,B,0.6187606417399816,2,5.0
2580,B,2.0910773190983765,1,5.0
2581,B,0.1966600854790745,2,5.0
2582,B,2.7174019123839983,1,3.4590397906237884
2583,B,3.9770423903220093,0,3.9770423903220093
2584,B,3.001501739826809,2,3.550391860501164
2585,B,0.2377448766531562,1,5.0
2586,B,2.0968373126346833,1,5.0
2587,B,1.2417037048269222,2,5.0
2588,B,5.0,0,5.0
2589,B,1.8426384959329107,2,5.0
2590,B,3.6841130586477635,0,3.6841130586477635
2591,B,4.799072132261018,1,5.0
2592,B,0.6079379035728363,2,4.972449353911932
2593,B,2.4873273228325794,2,3.885184389291736
2594,B,4.486753795894513,0,4.486753795894513
2595,B,0.9416232463616474,2,5.0
2596,B,1.2151787030798769,2,3.3298310456099562
2597,B,3.5201913250783696,1,5.0
2598,B,2.0357973098278173,2,5.0
2599,B,0.46467986981954085,2,5.0
2600,B,2.692672940793841,1,3.367052752394845
2601,B,0.8346296131172588,1,5.0
2602,B,5.0,0,5.0
2603,B,2.8279340356392373,1,5.0
2604,B,1.0092128565058864,2,5.0
2605,B,2.2650523425907014,2,5.0
2606,B,2.2166817492067366,1,5.0
2607,B,4.594887912531043,0,4.594887912531043
2608,B,2.7793016279949705,1,3.8322000700427994
2609,B,5.0,0,5.0
2610,B,1.3672372425333368,1,4.44717411135294
2611,B,0.6223450743336894,1,3.099808721224457
2612,B,3.850082824528446,0,3.850082824528446
2613,B,1.184055690051797,2,4.03221353295943
2614,B,0.039519785187325455,2,5.0
2615,B,3.501888733568075,0,3.501888733568075
2616,B,0.4329636311907336,2,5.0
2617,B,1.3176479702938326,2,5.0
2618,B,4.031558137934633,0,4.031558137934633
2619,B,5.0,0,5.0
2620,B,0.676090493444691,2,3.2846577685629157
2621,B,2.324818068171766,1,5.0
2622,B,4.576876278475966,2,5.0
2623,B,5.0,0,5.0
2624,B,0.4601778863318119,2,5.0
2625,B,5.0,0,5.0
2626,B,5.0,0,5.0
2627,B,1.7834284298327507,1,5.0
2628,B,5.0,0,5.0
2629,B,5.0,0,5.0
2630,B,5.0,0,5.0
2631,B,4.464342584455114,1,4.636291325893771
2632,B,2.407021683250068,1,5.0
2633,B,2.5865727212880874,1,5.0
2634,B,1.6222366695357326,1,5.0
2635,B,3.5726776926506703,2,5.0
2636,B,4.127832075437609,1,4.768623647562243
2637,B,3.399094114011123,1,5.0
2638,B,1.3780220152346723,2,5.0
2639,B,2.9025720996442628,2,4.485264232450821
2640,B,5.0,0,5.0
2641,B,4.363429329058606,1,5.0
2642,B,1.8668466689544587,2,5.0
2643,B,0.666691822676705,1,3.0366364856054506
2644,B,3.909413440117387,0,3.909413440117387
2645,B,0.5608424112608328,2,3.9909802946863637
2646,B,0.5292179316449906,2,3.8866847223677174
2647,B,3.0951609557640336,0,3.0951609557640336
2648,B,1.0702657078069653,1,3.515853898387783
2649,B,1.064669749057293,2,3.380300983514825
2650,B,0.8366397274553007,2,5.0
2651,B,3.7576824612967497,0,3.7576824612967497
2652,B,1.1533709735310618,2,5.0
2653,B,0.08806843588190785,2,5.0
2654,B,3.13896394711859,0,3.13896394711859
2655,B,0.8742250225915137,1,4.987420815925566
2656,B,0.9842685130094637,2,4.125108679768481
2657,B,0.8335379335128059,2,3.6151856196701133
2658,B,3.39298427038075,2,5.0
2659,B,0.5697711214150161,2,4.956768706714097
2660,B,3.4596778029741686,2,3.9896016835747172
2661,B,2.9555935960214614,2,3.944875923931125
2662,B,3.3160908912842224,0,3.3160908912842224
2663,B,4.220652335300574,0,4.220652335300574
2664,B,3.9196030753026996,2,5.0
2665,B,3.3936883328832708,2,5.0
2666,B,2.0313714495559747,1,5.0
2667,B,3.516581861624102,0,3.516581861624102
2668,B,3.9508428838894205,2,4.678019996912859
2669,B,1.1447799990808782,2,5.0
2670,B,0.9889060069819372,2,5.0
2671,B,1.0307605661982162,2,5.0
2672,B,1.6858884917293382,2,5.0
2673,B,5.0,0,5.0
2674,B,1.8670472148599815,1,5.0
2675,B,3.7676618140297524,2,5.0
2676,B,4.233628781795877,0,4.233628781795877
2677,B,0.5618238010936745,2,4.129506814869171
2678,B,4.452004504269942,2,5.0
2679,B,2.315900394450207,1,5.0
2680,B,5.0,0,5.0
2681,B,4.856642064667118,2,4.936402844502581
2682,B,5.0,0,5.0
2683,B,5.0,0,5.0
2684,B,3.4799815097997886,0,3.4799815097997886
2685,B,2.4210472197671313,2,3.9146320046877854
2686,B,1.8948395993532243,2,5.0
2687,B,2.7333745983710465,1,3.102690174157965
2688,B,5.0,0,5.0
2689,B,0.0695858673089213,2,4.951423920230848
2690,B,3.574091532621817,0,3.574091532621817
2691,B,1.964784480513687,2,3.2496045797089264
2692,B,3.199235708191199,2,5.0
2693,B,5.0,0,5.0
2694,B,1.1776097461288968,1,5.0
2695,B,3.518461949819,0,3.518461949819
2696,B,0.1667508940683289,1,5.0
2697,B,0.445734242275902,2,5.0
2698,B,3.308671777821969,0,3.308671777821969
2699,B,5.0,0,5.0
2700,B,3.3488536319719264,0,3.3488536319719264
2701,B,2.240286787838564,2,5.0
2702,B,4.871786764807748,0,4.871786764807748
2703,B,4.943947964444694,0,4.943947964444694
2704,B,0.06041682109520372,2,3.965422768637334
2705,B,0.21575789606792317,2,5.0
2706,B,4.758613449669623,0,4.758613449669623
2707,B,0.7113643914063872,2,3.132838802106191
2708,B,3.939913669492542,2,5.0
2709,B,0.07329123822451897,2,4.041866516675294
2710,B,3.133908800100797,0,3.133908800100797
2711,B,0.26410285864760086,2,4.780585086068537
2712,B,0.17296289766152767,1,4.857084405989948
2713,B,3.1472289753838645,0,3.1472289753838645
2714,B,1.95268859300985,2,3.6445251059572152
2715,B,4.536101582792912,0,4.536101582792912
2716,B,5.0,0,5.0
2717,B,0.1575351969633838,1,5.0
2718,B,2.642022165995334,2,5.0
2719,B,1.8921980567652164,2,3.6525126723196024
2720,B,3.7966759637813015,1,4.024025511100248
2721,B,0.4944272511123262,2,5.0
2722,B,1.3362741399063058,2,5.0
2723,B,5.0,0,5.0
2724,B,3.154878661612284,2,5.0
2725,B,5.0,0,5.0
2726,B,2.7176995041034284,2,5.0
2727,B,3.098578188801348,0,3.098578188801348
2728,B,1.617295640916059,2,5.0
2729,B,0.7362722882110301,2,3.037007811277658
2730,B,0.6959224863264697,2,3.62791063213625
2731,B,1.376955035499323,2,5.0
2732,B,3.6104653453497337,1,5.0
2733,B,4.619344995937388,0,4.619344995937388
2734,B,1.6913275672135564,2,5.0
2735,B,0.929795835288429,2,3.002899803323237
2736,B,0.6679284283065469,1,4.254142537799031
2737,B,4.861452371290566,0,4.861452371290566
2738,B,5.0,0,5.0
2739,B,1.898044749218732,1,5.0
2740,B,0.9914232618914444,2,5.0
2741,B,5.0,0,5.0
2742,B,1.931504023061216,2,5.0
2743,B,4.760388196762642,2,5.0
2744,B,4.272649730164826,1,5.0
2745,B,0.2850308440630561,1,3.5008498946813345
2746,B,5.0,0,5.0
2747,B,1.647666510320116,2,5.0
2748,B,2.186820686787409,2,5.0
2749,B,3.359334216605619,2,5.0
2750,B,1.179697126432298,1,4.470119554426493
2751,B,5.0,0,5.0
2752,B,1.146044099217968,1,4.207972973603129
2753,B,5.0,0,5.0
2754,B,0.1711086861223805,2,5.0
2755,B,1.5452404949450722,1,3.11274827121043
2756,B,4.325517856595053,1,4.596410889484068
2757,B,0.10435098008400528,1,5.0
2758,B,4.028490994150377,2,5.0
2759,B,0.5868235915796348,2,5.0
2760,B,0.8740541817832328,2,5.0
2761,B,1.236707216359713,2,3.806013970309653
2762,B,0.6962464215777159,1,5.0
2763,B,3.48354462971706,0,3.48354462971706
2764,B,1.149198286687236,2,5.0
2765,B,3.4402872824275037,2,5.0
2766,B,0.354187191580343,2,5.0
2767,B,2.1228106203157444,2,3.4845621675825096
2768,B,0.8370041788172611,2,5.0
2769,B,0.7505077129316065,2,5.0
2770,B,4.257634713688386,1,4.327515514031751
2771,B,4.7023644554834725,1,5.0
2772,B,1.5175784962705363,2,5.0
2773,B,0.5505842159938388,2,3.200172938422356
2774,B,5.0,0,5.0
2775,B,4.9946495199818655,1,5.0
2776,B,2.14624259266144,2,3.0645765476618134
2777,B,5.0,0,5.0
2778,B,4.414996767756639,0,4.414996767756639
2779,B,0.332668507145364,2,5.0
2780,B,2.622847877037446,2,5.0
2781,B,4.760536002451072,0,4.760536002451072
2782,B,5.0,0,5.0
2783,B,4.35316197644952,0,4.35316197644952
2784,B,4.350577313754458,1,5.0
2785,B,4.41443714088855,2,4.660291527458675
2786,B,1.3560253499926465,1,5.0
2787,B,2.9645786348143717,2,5.0
2788,B,0.151151655129466,2,4.6121084401324355
2789,B,0.7302980150752548,2,5.0
2790,B,0.31806219918723033,2,5.0
2791,B,3.018265619145492,2,5.0
2792,B,0.45243130597705433,2,4.358873821987721
2793,B,1.8472996854254229,1,4.967360437375074
2794,B,0.35001089401695096,1,5.0
2795,B,0.880840597619102,1,4.1000732192001355
2796,B,1.399827229923449,2,3.133405929910067
2797,B,0.5410381597963331,2,4.962399196496227
2798,B,4.412898240678588,2,4.4201584979200685
2799,B,2.868404882573134,1,5.0
2800,B,2.208789354740804,1,5.0
2801,B,1.2192240679928092,2,5.0
2802,B,2.0109877286275504,2,3.9408291131260467
2803,B,3.267981011220426,0,3.267981011220426
2804,B,3.6673562703943645,0,3.6673562703943645
2805,B,5.0,0,5.0
2806,B,3.2643900803201786,0,3.2643900803201786
2807,B,0.4542804942760809,1,5.0
2808,B,1.893332896428486,2,4.53443242167218
2809,B,1.6753030591478377,2,3.9739212129718116
2810,B,5.0,0,5.0
2811,B,0.7891113945445626,1,5.0
2812,B,0.8787257664974146,1,5.0
2813,B,3.130595840015629,1,5.0
2814,B,5.0,0,5.0
2815,B,5.0,0,5.0
2816,B,3.750885932337961,2,5.0
2817,B,0.0662539163548794,2,4.633591049307464
2818,B,1.3165021019890317,2,5.0
2819,B,4.144245755322734,0,4.144245755322734
2820,B,3.433008792003362,2,4.50698178920012
2821,B,1.1652171640986562,2,4.24265331589096
2822,B,2.53259898470155,2,5.0
2823,B,0.9370603051341876,2,5.0
2824,B,0.9010148051758692,2,3.8306580074365506
2825,B,5.0,0,5.0
2826,B,2.6228595680967537,2,5.0
2827,B,2.699916839036289,2,3.639063220817752
2828,B,0.33208355374513415,2,5.0
2829,B,0.7826822725567638,2,5.0
2830,B,0.573134656600204,1,4.0172439254031325
2831,B,3.86648666118992,2,4.218284327166227
2832,B,1.0685822212686882,1,5.0
2833,B,2.261342856815078,2,3.200915905665779
2834,B,0.7840426923218246,2,3.8859104967937785
2835,B,0.5487415831764831,1,5.0
2836,B,0.8051789321592183,2,3.40155885889941
2837,B,2.884050048401676,1,4.40941264563448
2838,B,3.091407701191545,0,3.091407701191545
2839,B,0.47175564634703615,1,5.0
2840,B,0.38801759321127194,2,4.363357861086527
2841,B,2.231895991166338,2,5.0
2842,B,4.614625231610898,2,5.0
2843,B,1.8499059895106071,2,3.4394710242059743
2844,B,2.2147689752171598,2,5.0
2845,B,2.112342463192944,2,5.0
2846,B,5.0,0,5.0
2847,B,0.8165466030568681,2,5.0
2848,B,5.0,0,5.0
2849,B,0.11224553173784982,2,4.959115393086845
2850,B,5.0,0,5.0
2851,B,2.21114465428152,2,5.0
2852,B,0.2050155553575372,1,5.0
2853,B,0.09584664871004306,2,5.0
2854,B,1.2273484654106288,1,4.845396709278947
2855,B,0.7998414103292195,2,3.8923852401263126
2856,B,3.2958093456524473,0,3.2958093456524473
2857,B,4.6902672192309005,0,4.6902672192309005
2858,B,2.1216877565700716,2,5.0
2859,B,3.2485674786597154,0,3.2485674786597154
2860,B,5.0,0,5.0
2861,B,2.954843344453633,1,4.003891815367542
2862,B,0.06038415702930268,1,5.0
2863,B,2.280020140160632,1,3.2796088470073754
2864,B,5.0,0,5.0
2865,B,1.3331309906401452,1,5.0
2866,B,3.2963192611044607,2,5.0
2867,B,0.9324354792984728,2,3.105597334928966
2868,B,2.0421172156283443,1,5.0
2869,B,2.7479585757254816,2,3.7637890728490717
2870,B,3.339706501133661,0,3.339706501133661
2871,B,3.5005486102315433,0,3.5005486102315433
2872,B,0.27446781514646496,1,3.38070848873247
2873,B,5.0,0,5.0
2874,B,5.0,0,5.0
2875,B,1.6253312478094404,1,4.5061563554418385
2876,B,2.4902577747698675,2,4.130419066932033
2877,B,0.3020375104440072,2,3.543841239811644
2878,B,5.0,0,5.0
2879,B,2.1825733504256615,2,5.0
2880,B,1.3800242500428805,1,5.0
2881,B,0.5193938095731795,1,4.478533259827778
2882,B,3.2151252674427386,2,5.0
2883,B,0.9149984482654944,2,4.84573672963625
2884,B,0.4559844298602264,1,5.0
2885,B,5.0,0,5.0
2886,B,4.759173309489972,2,5.0
2887,B,2.2908953632116322,2,5.0
2888,B,1.1768300720815226,2,3.204442466436166
2889,B,1.5112600498885036,1,3.0935872983748838
2890,B,1.4268046729152262,2,5.0
2891,B,0.24539238371847566,2,5.0
2892,B,1.6834321334822424,2,4.266951291723544
2893,B,0.100387346854474,2,3.9253420354487125
2894,B,1.7062446983290154,1,5.0
2895,B,4.85946966638323,0,4.85946966638323
2896,B,0.43299394379821343,1,5.0
2897,B,1.4939352804087094,2,5.0
2898,B,5.0,0,5.0
2899,B,0.39789391872868585,2,4.385324313784335
2900,B,0.08988898552084644,2,5.0
2901,B,1.2157081859313692,1,5.0
2902,B,5.0,0,5.0
2903,B,3.5461837391543183,2,5.0
2904,B,4.125428503085007,0,4.125428503085007
2905,B,1.7894989242627555,2,5.0
2906,B,3.613270315698788,0,3.613270315698788
2907,B,4.032361113852135,2,5.0
2908,B,2.52108665765633,2,4.357530280504805
2909,B,5.0,0,5.0
2910,B,1.5080490841844527,2,5.0
2911,B,0.7331793493532089,2,3.4926104159055047
2912,B,5.0,0,5.0
2913,B,5.0,0,5.0
2914,B,0.6070614243976078,2,4.203624119729984
2915,B,0.5225879026727578,1,3.8652259717854043
2916,B,3.318396669909889,0,3.318396669909889
2917,B,1.6415702223977564,2,3.463341449006446
2918,B,3.9032653265594552,0,3.9032653265594552
2919,B,1.165503509754082,2,5.0
2920,B,0.730533769506277,2,5.0
2921,B,0.2792321234595099,2,5.0
2922,B,1.0235986971503739,2,5.0
2923,B,0.9872204022839225,2,5.0
2924,B,0.6069542112173992,1,5.0
2925,B,5.0,0,5.0
2926,B,4.0840912868494375,0,4.0840912868494375
2927,B,0.24232824881355478,1,5.0
2928,B,0.29690741002608273,2,5.0
2929,B,0.9375997895215948,2,4.172151260179113
2930,B,0.570232020699462,2,5.0
2931,B,2.649978136414645,2,3.0745767463616276
2932,B,0.4715191838529468,2,5.0
2933,B,5.0,0,5.0
2934,B,1.1172092384467696,1,3.782944862929844
2935,B,5.0,0,5.0
2936,B,1.2890145366067611,2,3.776710174690985
2937,B,3.165120690211851,0,3.165120690211851
2938,B,4.539187287830961,0,4.539187287830961
2939,B,2.6445128757553444,1,5.0
2940,B,2.965011288937215,2,4.1478122943963385
2941,B,4.043938194228389,0,4.043938194228389
2942,B,0.07435933211354563,2,5.0
2943,B,3.5603189269290203,0,3.5603189269290203
2944,B,0.45882900434701895,2,4.215316819657842
2945,B,0.3212983198378766,2,5.0
2946,B,0.6353430805658107,2,4.07579590932067
2947,B,3.884753248498822,0,3.884753248498822
2948,B,4.160866977045016,2,5.0
2949,B,1.9252310912284019,2,3.0215699177281476
2950,B,3.7067738754319497,1,5.0
2951,B,5.0,0,5.0
2952,B,5.0,0,5.0
2953,B,4.054354244719892,2,5.0
2954,B,3.7437328130027057,2,5.0
2955,B,5.0,0,5.0
2956,B,3.037927439754737,2,4.607325578921858
2957,B,1.9027545406331714,1,5.0
2958,B,1.1662906064787064,2,4.5829056057249655
2959,B,5.0,0,5.0
2960,B,5.0,0,5.0
2961,B,3.182285936215059,2,4.107673842662714
2962,B,2.3330117797765664,2,5.0
2963,B,3.121152686080812,2,5.0
2964,B,1.0833384108676993,2,5.0
2965,B,3.3627834502683216,0,3.3627834502683216
2966,B,3.6487867299673535,1,5.0
2967,B,3.2799434609907774,1,5.0
2968,B,3.033687188770013,0,3.033687188770013
2969,B,1.691894299554745,2,5.0
2970,B,0.9320455687656712,2,3.3114145943340763
2971,B,3.6862040904170272,2,5.0
2972,B,5.0,0,5.0
2973,B,1.5656199670230198,1,3.430585262762126
2974,B,1.6162763514534983,1,5.0
2975,B,0.09376507466466133,2,3.1144070552022827
2976,B,0.33126545204509183,2,4.247755662288585
2977,B,0.541743595886435,1,5.0
2978,B,5.0,0,5.0
2979,B,2.7390810560245287,1,5.0
2980,B,5.0,0,5.0
2981,B,0.43898369442617813,1,3.516641591247837
2982,B,5.0,0,5.0
2983,B,5.0,0,5.0
2984,B,0.1359884218969184,2,5.0
2985,B,4.287052905340011,1,5.0
2986,B,0.05667757418858412,1,4.996626581070309
2987,B,0.6981372098738392,2,3.0390941134900054
2988,B,5.0,0,5.0
2989,B,0.4353487969477765,1,5.0
2990,B,2.431098721136044,2,5.0
2991,B,5.0,0,5.0
2992,B,2.9810080622715573,1,5.0
2993,B,2.5809657726192095,2,5.0
2994,B,1.3234610359483656,2,5.0
2995,B,1.2315967232257568,2,3.368215232013741
2996,B,3.5767955970833745,2,5.0
2997,B,2.2611998349325035,1,5.0
2998,B,0.8539455866236795,2,5.0
2999,B,0.24693115404737986,1,5.0
3000,B,2.4023223105964466,2,5.0
3001,B,3.231668624475315,0,3.231668624475315
3002,B,0.17473829674289798,2,4.520274643286797
3003,B,1.6503676406953518,2,4.576179652739781
3004,B,3.021459507117292,0,3.021459507117292
3005,B,3.2930177332570274,2,5.0
3006,B,0.2188676228277679,2,5.0
3007,B,0.6995879298603354,2,3.695695644442622
3008,B,0.8750157024562046,2,5.0
3009,B,4.49953153857629,1,5.0
3010,B,0.29722056512188366,1,5.0
3011,B,3.496550792622103,0,3.496550792622103
3012,B,0.02023381110897586,2,5.0
3013,B,3.0761783777990677,2,5.0
3014,B,5.0,0,5.0
3015,B,0.07536453396024696,2,5.0
3016,B,0.9672799181921393,1,5.0
3017,B,1.4087776982035556,2,5.0
3018,B,3.68000080491939,2,4.804753995754051
3019,B,5.0,0,5.0
3020,B,0.5321084480847211,1,3.7012066824399277
3021,B,5.0,0,5.0
3022,B,0.112147146769103,2,4.918497072858077
3023,B,2.770196976093774,1,5.0
3024,B,0.3677041747526169,2,5.0
3025,B,0.09564695887351467,2,5.0
3026,B,3.221322550050902,0,3.221322550050902
3027,B,1.432329167832465,1,5.0
3028,B,0.41792734486193245,2,5.0
3029,B,2.524619705085022,2,4.740007502260681
3030,B,2.217043836058928,2,5.0
3031,B,3.7399624409893066,2,5.0
3032,B,1.7906554959814311,1,5.0
3033,B,3.3681137986847616,0,3.3681137986847616
3034,B,2.8549148855646314,2,4.64862420626971
3035,B,1.3356274955096383,1,5.0
3036,B,0.6864158327640956,2,4.69102427725278
3037,B,4.725605494022502,0,4.725605494022502
3038,B,0.40144176727107095,2,4.7905796649468755
3039,B,0.5037822048333334,2,5.0
3040,B,4.057447072708323,0,4.057447072708323
3041,B,4.435227088940103,1,5.0
3042,B,2.4551155336604245,1,3.450438333473981
3043,B,0.7323234205669085,2,3.841960761977382
3044,B,0.171463794827833,2,3.8840183858717108
3045,B,3.354045126434746,0,3.354045126434746
3046,B,1.3391795094896464,2,3.0733635737197686
3047,B,0.29120420926612967,1,3.8499356629024284
3048,B,0.16318547436889666,2,3.0869886682685097
3049,B,0.6218023384947781,2,3.008785227031542
3050,B,0.5856533858234828,2,5.0
3051,B,0.7997703141596796,2,3.7155437431756004
3052,B,3.9618594361457684,0,3.9618594361457684
3053,B,3.3835478698606263,2,3.963023497721187
3054,B,4.3523371509830415,2,5.0
3055,B,5.0,0,5.0
3056,B,1.3709546234375125,2,5.0
3057,B,3.2312804095156986,1,5.0
3058,B,1.595680042444973,1,5.0
3059,B,4.6547756016821396,0,4.6547756016821396
3060,B,5.0,0,5.0
3061,B,0.5371853522541932,2,5.0
3062,B,2.8319967350188024,1,5.0
3063,B,3.074108750890396,2,5.0
3064,B,2.8652472683648833,2,5.0
3065,B,1.6444150595265845,2,5.0
3066,B,3.061510944773629,0,3.061510944773629
3067,B,0.780799085025201,1,4.0527094854402
3068,B,0.13090200446737205,1,3.528172418667792
3069,B,5.0,0,5.0
3070,B,0.1267776267643733,2,5.0
3071,B,0.25969429291780316,1,5.0
3072,B,0.5774904915510473,2,4.992875821870553
3073,B,3.2298581763162586,0,3.2298581763162586
3074,B,0.2565593628813328,2,4.247289908674688
3075,B,0.8814381723848945,2,3.5921448787599037
3076,B,2.9838518004228627,1,5.0
3077,B,2.824415605774186,2,5.0
3078,B,3.808569497597762,2,4.844284804793785
3079,B,0.609862788992142,2,5.0
3080,B,2.6953635017407684,2,3.3732595598111095
3081,B,0.15561084396465294,1,5.0
3082,B,0.8968963863233983,2,5.0
3083,B,2.4580399057161055,1,5.0
3084,B,0.014668816000028846,1,5.0
3085,B,3.587244830911554,2,4.5218332127696685
3086,B,1.9443027190421402,1,5.0
3087,B,5.0,0,5.0
3088,B,0.13304146763977884,2,5.0
3089,B,1.3015062630479737,2,4.680127973349744
3090,B,2.31873816267439,1,5.0
3091,B,3.7593738542526545,0,3.7593738542526545
3092,B,3.139861671570812,2,5.0
3093,B,4.11775978755704,0,4.11775978755704
3094,B,1.7880304404643421,1,5.0
3095,B,2.395678973818282,2,3.802471863693632
3096,B,0.6887902765692848,1,5.0
3097,B,1.0580710209406294,2,5.0
3098,B,0.8716947024420696,1,4.276544767339104
3099,B,5.0,0,5.0
3100,B,5.0,0,5.0
3101,B,4.410789077968994,0,4.410789077968994
3102,B,5.0,0,5.0
3103,B,0.832855024707613,1,5.0
3104,B,0.29383531416065956,1,4.047540507915316
3105,B,2.775702508043054,2,4.958248442819885
3106,B,1.1218005322335625,1,3.855620184756465
3107,B,0.4895289749215396,2,5.0
3108,B,5.0,0,5.0
3109,B,4.757346012927263,0,4.757346012927263
3110,B,5.0,0,5.0
3111,B,1.1370448880507855,2,4.562120706109308
3112,B,3.1660698786909345,0,3.1660698786909345
3113,B,1.50848844087604,1,5.0
3114,B,5.0,0,5.0
3115,B,2.0633390437677073,2,5.0
3116,B,1.3457562259827913,2,3.8843396311978093
3117,B,1.6179321075517077,2,5.0
3118,B,3.5656940443297542,0,3.5656940443297542
3119,B,0.2281317151988604,1,5.0
3120,B,5.0,0,5.0
3121,B,0.0689318349940818,2,5.0
3122,B,4.770807015600318,1,5.0
3123,B,2.672653338969737,2,4.788919209363641
3124,B,0.6324367242496745,1,3.414074425749618
3125,B,3.2007951592080492,0,3.2007951592080492
3126,B,5.0,0,5.0
3127,B,2.189771008483463,1,3.579325360204732
3128,B,1.0504720345952734,2,3.767489810809774
3129,B,3.340807378759334,2,5.0
3130,B,2.7019492853869505,2,5.0
3131,B,1.3157726836656138,1,4.792907085894946
3132,B,3.1422592091073254,1,4.784772696537406
3133,B,1.5337982520305236,2,3.961633476301655
3134,B,3.1109716246386294,2,4.005132646266587
3135,B,2.2606896016182847,2,3.6255265705559743
3136,B,0.9417553832598917,2,4.949752885497753
3137,B,0.8744981418998514,2,5.0
3138,B,0.7843080209045143,2,4.5135181017966435
3139,B,0.9091618886040544,2,5.0
3140,B,5.0,0,5.0
3141,B,3.8683846975156913,1,5.0
3142,B,3.0655517609760463,1,4.520650966039904
3143,B,3.9502460571770603,0,3.9502460571770603
3144,B,3.96280782873508,1,4.288199885893193
3145,B,0.759555201161043,2,3.9740780550561094
3146,B,5.0,0,5.0
3147,B,1.2913767956955111,1,5.0
3148,B,5.0,0,5.0
3149,B,1.6571947336947814,2,4.188204666812275
3150,B,4.60059114703572,0,4.60059114703572
3151,B,1.7956853191962252,2,4.168933192537645
3152,B,5.0,0,5.0
3153,B,0.34316589204807435,2,5.0
3154,B,0.21509848568887646,2,3.1039862381641514
3155,B,2.5570330876873664,2,3.1968769716324204
3156,B,0.7944384504880178,2,5.0
3157,B,0.6538041098515368,1,5.0
3158,B,1.9106774649382756,1,5.0
3159,B,5.0,0,5.0
3160,B,0.5470756920582273,1,5.0
3161,B,1.2734684348978211,2,3.6951086617262767
3162,B,3.3012418526632836,2,4.475527998922972
3163,B,2.3131495493353302,2,4.836124881107281
3164,B,3.2220947101487134,0,3.2220947101487134
3165,B,3.332320505159551,0,3.332320505159551
3166,B,4.259503420856379,2,5.0
3167,B,2.5423973708607805,2,5.0
3168,B,3.461870930957576,2,5.0
3169,B,0.009171162771964881,2,3.254078473027588
3170,B,4.265018186661511,0,4.265018186661511
3171,B,0.04543135660563863,2,5.0
3172,B,4.817531283875244,0,4.817531283875244
3173,B,1.7599632502484162,1,4.606012807291468
3174,B,0.007504099989938486,1,4.871005242590876
3175,B,0.11227721766621747,2,5.0
3176,B,5.0,0,5.0
3177,B,0.6893411653891044,2,5.0
3178,B,0.1580561620676257,1,3.9368330618439007
3179,B,0.16766673593471593,2,5.0
3180,B,4.125484958957781,0,4.125484958957781
3181,B,4.575274702156653,0,4.575274702156653
3182,B,2.2081509537148674,2,5.0
3183,B,2.3034004050997634,2,5.0
3184,B,1.4597221665041675,2,4.95030623171694
3185,B,0.8371341526010523,2,5.0
3186,B,1.768905649422849,1,5.0
3187,B,0.23923177137385457,2,3.262194592305433
3188,B,0.748611274136229,2,5.0
3189,B,2.471136467127743,2,5.0
3190,B,0.74984625334358,2,4.045280983617522
3191,B,5.0,0,5.0
3192,B,0.23657576903065952,2,5.0
3193,B,5.0,0,5.0
3194,B,0.9885273058695255,2,5.0
3195,B,0.24275307750962488,2,4.039810086670927
3196,B,4.106343988884391,1,5.0
3197,B,3.2785419095266293,1,3.618729256474087
3198,B,0.60562765980937,2,5.0
3199,B,4.947390457165188,2,5.0
3200,B,4.729971318990176,0,4.729971318990176
3201,B,2.505488307951349,2,5.0
3202,B,5.0,0,5.0
3203,B,0.2564599106258842,2,5.0
3204,B,2.1156870736969005,2,4.792522856478324
3205,B,4.8788273284884,2,5.0
3206,B,1.5180533933169165,2,5.0
3207,B,0.8018868755281318,1,5.0
3208,B,0.4868365592345658,2,5.0
3209,B,0.6095053561101951,1,4.1693526693318255
3210,B,3.0318928165742283,2,5.0
3211,B,1.3225828862061113,2,5.0
3212,B,3.841821698019261,1,4.205212919173799
3213,B,3.897402780575987,2,5.0
3214,B,1.354625186484446,1,5.0
3215,B,1.6369380936292033,2,3.2253681516113164
3216,B,0.25454755095029835,2,5.0
3217,B,1.8135042774933297,2,4.130069902026741
3218,B,0.4265689653255183,2,3.880157733726998
3219,B,2.240231792966845,2,4.788595970503939
3220,B,3.850939169424113,2,4.503051381805287
3221,B,3.3905724937032895,2,5.0
3222,B,3.5572072505639705,2,5.0
3223,B,1.1564998295337596,2,5.0
3224,B,5.0,0,5.0
3225,B,0.635566452015967,1,5.0
3226,B,0.7100770126937679,2,4.803033018551435
3227,B,3.9795906830891417,0,3.9795906830891417
3228,B,3.171948893486558,2,4.819783864661397
3229,B,0.8676796457955936,2,5.0
3230,B,3.8020703544227574,0,3.8020703544227574
3231,B,0.026093951055021703,2,4.265930042028576
3232,B,2.604085849604583,1,4.677324155328899
3233,B,5.0,0,5.0
3234,B,4.820631295288062,0,4.820631295288062
3235,B,4.841239699749688,0,4.841239699749688
3236,B,1.1991005857511958,2,5.0
3237,B,3.9647837556922796,0,3.9647837556922796
3238,B,1.0877467468887232,2,5.0
3239,B,5.0,0,5.0
3240,B,0.6486495905939633,2,3.5324064233754973
3241,B,0.2671872647433687,2,5.0
3242,B,3.159860950592728,1,3.4469271646174793
3243,B,5.0,0,5.0
3244,B,0.8601706298572311,2,5.0
3245,B,3.1269474257605507,2,5.0
3246,B,1.6901445464653564,2,5.0
3247,B,5.0,0,5.0
3248,B,5.0,0,5.0
3249,B,2.2616881122780432,2,5.0
3250,B,0.1294273847684231,2,5.0
3251,B,0.42572632414834033,1,5.0
3252,B,0.4896155343801065,2,5.0
3253,B,5.0,0,5.0
3254,B,0.006897082901580798,2,5.0
3255,B,4.01832715712299,2,5.0
3256,B,1.3556447813507344,1,5.0
3257,B,0.6694024034107249,1,5.0
3258,B,1.3259410817252313,2,5.0
3259,B,4.1180547615020995,2,5.0
3260,B,5.0,0,5.0
3261,B,0.5098746563782557,1,5.0
3262,B,1.821711983155493,2,3.032496863907567
3263,B,1.7381973939658164,2,5.0
3264,B,2.374226050801957,2,4.988809483655141
3265,B,2.13710082960288,2,3.43804314145851
3266,B,0.6082411799729606,1,5.0
3267,B,3.975121048141891,2,5.0
3268,B,0.07541859568700299,2,5.0
3269,B,1.2130331406751782,2,3.4576648615574577
3270,B,5.0,0,5.0
3271,B,0.19211923005291634,2,5.0
3272,B,3.104752644391018,2,5.0
3273,B,4.368287572541316,2,5.0
3274,B,0.9698091077830255,2,5.0
3275,B,1.0576480199460097,1,5.0
3276,B,0.7296381610907504,2,5.0
3277,B,3.4732821301170933,1,5.0
3278,B,3.5577658332456434,1,5.0
3279,B,2.013115422189581,2,5.0
3280,B,0.8643523364180854,2,5.0
3281,B,2.4887844320383694,1,4.350943069888395
3282,B,0.958357399249537,1,5.0
3283,B,1.6800489316124105,1,5.0
3284,B,0.426169924801168,2,5.0
3285,B,2.614144140135096,2,5.0
3286,B,0.7301341901652922,1,4.459941289779966
3287,B,1.4604025427387435,2,5.0
3288,B,0.8040601703167924,1,4.945235838194691
3289,B,3.1970089663788794,0,3.1970089663788794
3290,B,0.9439724737151255,2,5.0
3291,B,1.589414233469528,2,4.107460618118524
3292,B,5.0,0,5.0
3293,B,1.8908239380572098,2,4.290958177580451
3294,B,3.1094266138495232,2,5.0
3295,B,3.7073220969674274,2,4.380491962562205
3296,B,2.8267703537856614,2,5.0
3297,B,0.2618650915046022,2,5.0
3298,B,0.5904377386476332,2,4.4353829351945855
3299,B,1.3681849525613512,2,5.0
3300,B,5.0,0,5.0
3301,B,2.6221580819458405,2,5.0
3302,B,2.0513110504735113,1,5.0
3303,B,1.8885995622644374,1,5.0
3304,B,3.506284408171136,2,5.0
3305,B,1.3438868200330165,2,5.0
3306,B,0.520766653218321,2,5.0
3307,B,4.995912031606989,0,4.995912031606989
3308,B,0.08902774476603774,2,5.0
3309,B,0.32123600204626185,2,3.980961383609928
3310,B,4.1777443385124595,2,5.0
3311,B,1.2213897420486508,2,5.0
3312,B,0.6843437677551995,2,3.1312796584275544
3313,B,4.160761936483589,0,4.160761936483589
3314,B,0.3037838248292489,2,4.808484696309698
3315,B,3.874349702645753,0,3.874349702645753
3316,B,0.8510679419493554,2,5.0
3317,B,0.4500640609866802,1,5.0
3318,B,0.04636636847966732,2,5.0
3319,B,5.0,0,5.0
3320,B,0.10550501258936762,2,3.912770650430557
3321,B,5.0,0,5.0
3322,B,3.2775382983756787,2,5.0
3323,B,1.3823180045415737,1,5.0
3324,B,0.16533637001890245,2,3.204356724284243
3325,B,5.0,0,5.0
3326,B,1.6285696028431873,2,3.511003106247074
3327,B,3.410723616949642,2,4.717443850464571
3328,B,3.346302366949547,2,5.0
3329,B,2.469328791595954,2,3.936414498681199
3330,B,1.3582850731741456,1,5.0
3331,B,1.6715227656470026,1,4.773064791188313
3332,B,0.8538306010366412,2,4.121588911763548
3333,B,2.376570401464037,1,5.0
3334,B,2.4208932698460135,1,5.0
3335,B,1.60829616998163,2,5.0
3336,B,1.56715955477405,1,5.0
3337,B,3.8933983178526717,0,3.8933983178526717
3338,B,5.0,0,5.0
3339,B,1.687713318532663,1,4.355938165379954
3340,B,1.8919644362744892,1,5.0
3341,B,4.941170332470107,1,5.0
3342,B,3.503300599045115,2,5.0
3343,B,0.42592260608626353,2,4.64664956417584
3344,B,1.9410772028343635,2,5.0
3345,B,4.565256523443296,0,4.565256523443296
3346,B,0.3319265526102699,1,5.0
3347,B,4.327384835916627,0,4.327384835916627
3348,B,0.004674307297186548,2,3.722121370820421
3349,B,2.8142724355100786,2,4.848985960051039
3350,B,0.38402316872010256,2,4.328507710169832
3351,B,4.830424967752344,1,5.0
3352,B,2.3408642863348543,2,5.0
3353,B,0.4610850269535326,2,5.0
3354,B,4.3988609764561755,0,4.3988609764561755
3355,B,2.7893323771524288,2,3.3520150288033284
3356,B,3.951812542694102,1,3.962854886633692
3357,B,0.8905982125113905,2,5.0
3358,B,5.0,0,5.0
3359,B,3.9271661381710414,2,4.563479059262518
3360,B,4.437801241222586,1,4.88973606186528
3361,B,3.135735166981834,2,5.0
3362,B,1.0267430433494416,2,5.0
3363,B,2.0252195885539788,1,5.0
3364,B,0.7387770802622297,2,5.0
3365,B,2.377839164705107,2,3.8803880636147325
3366,B,3.928802007904775,2,5.0
3367,B,0.43515527325765196,1,5.0
3368,B,1.9572803739148106,2,5.0
3369,B,2.3967175810869144,1,5.0
3370,B,0.14180260341285383,2,5.0
3371,B,0.8524940469061901,2,5.0
3372,B,5.0,0,5.0
3373,B,1.5788987943736492,1,5.0
3374,B,0.995563066034414,2,3.2504816282393967
3375,B,3.50362938726989,0,3.50362938726989
3376,B,5.0,0,5.0
3377,B,3.0936599436830314,0,3.0936599436830314
3378,B,0.2330588464472649,2,5.0
3379,B,3.471074772911322,2,5.0
3380,B,5.0,0,5.0
3381,B,4.065386621573769,0,4.065386621573769
3382,B,1.0539960143957494,1,5.0
3383,B,5.0,0,5.0
3384,B,3.373462324520368,1,5.0
3385,B,3.082147503841737,2,3.7983745910234346
3386,B,0.7374684454030916,2,5.0
3387,B,3.9949306868946715,2,4.9387148448454985
3388,B,0.10142419682143627,2,5.0
3389,B,3.5102814100009594,1,5.0
3390,B,0.10908941676201865,2,3.797194188154877
3391,B,5.0,0,5.0
3392,B,5.0,0,5.0
3393,B,0.21705371200026075,2,5.0
3394,B,0.1906598346472209,2,5.0
3395,B,5.0,0,5.0
3396,B,0.21054977581515447,2,4.770102515782719
3397,B,2.1495971249169403,1,5.0
3398,B,1.583452601057177,2,3.39334585853988
3399,B,3.24226588080135,1,5.0
3400,B,0.3958289463865128,2,5.0
3401,B,0.9443901775950783,2,5.0
3402,B,2.1458590695225674,2,5.0
3403,B,4.746854541293353,2,4.886219181229654
3404,B,0.2505848116882018,1,3.0098872879223917
3405,B,2.3352191299443477,2,5.0
3406,B,0.38459370199490783,1,5.0
3407,B,0.7478317273162864,2,3.7229956104400213
3408,B,5.0,0,5.0
3409,B,3.7038319620846467,0,3.7038319620846467
3410,B,1.863801147335711,2,5.0
3411,B,0.045201770477449964,2,5.0
3412,B,3.48598737513784,1,5.0
3413,B,1.960447352720873,2,5.0
3414,B,2.506370240865557,1,4.726879169108102
3415,B,1.4506825663626959,2,4.642314194179524
3416,B,1.9017143460365895,2,5.0
3417,B,0.06996130143642576,2,3.9873285626924764
3418,B,3.086146643401846,2,5.0
3419,B,2.9901358781859706,2,3.0325557736506092
3420,B,2.9951718575769792,2,4.890498510542984
3421,B,4.268297284530741,0,4.268297284530741
3422,B,1.631960117608004,1,4.545684561629187
3423,B,0.04008714862817375,2,4.641865410513516
3424,B,5.0,0,5.0
3425,B,2.02654159389653,2,5.0
3426,B,5.0,0,5.0
3427,B,5.0,0,5.0
3428,B,1.6202514120489617,2,5.0
3429,B,3.024603142259417,2,5.0
3430,B,0.9119011340115658,1,5.0
3431,B,0.9894671298077007,2,3.32592046153048
3432,B,2.097276036631893,1,4.568867945879674
3433,B,5.0,0,5.0
3434,B,0.3526501993585216,2,5.0
3435,B,3.66484987185699,1,5.0
3436,B,2.4979691113795996,1,4.374960251775596
3437,B,5.0,0,5.0
3438,B,4.461975090615727,2,5.0
3439,B,5.0,0,5.0
3440,B,0.11536777480504154,1,5.0
3441,B,0.894251678680391,2,4.312880390534784
3442,B,0.04061905106332932,1,5.0
3443,B,0.11488413008098078,2,5.0
3444,B,2.693419335755858,2,3.460346471736197
3445,B,3.625874670519553,1,5.0
3446,B,0.3832725219960511,1,5.0
3447,B,0.2574321909555903,2,5.0
3448,B,0.6277801939955827,1,5.0
3449,B,4.183249897994449,0,4.183249897994449
3450,B,1.3181296379732035,2,4.755501296629866
3451,B,2.7452573472095496,2,3.895935971036792
3452,B,3.925508499583926,2,5.0
3453,B,4.490051011207237,1,5.0
3454,B,0.37828519178743186,1,5.0
3455,B,1.177481630604344,2,3.1318328491471
3456,B,4.341228863740198,2,5.0
3457,B,2.9817723526536177,1,5.0
3458,B,2.3644432700487314,2,5.0
3459,B,3.8213428162002128,0,3.8213428162002128
3460,B,3.510149195573055,0,3.510149195573055
3461,B,4.515330506858982,0,4.515330506858982
3462,B,2.171686208175191,2,5.0
3463,B,1.6185457433260306,2,5.0
3464,B,0.21659745714610465,2,3.0040426250702534
3465,B,2.159376291123533,2,4.295233682363601
3466,B,5.0,0,5.0
3467,B,3.474593467418857,0,3.474593467418857
3468,B,1.4803254722466894,2,5.0
3469,B,0.5262477721967458,2,5.0
3470,B,5.0,0,5.0
3471,B,1.961630069904319,2,4.054341961444081
3472,B,4.069548203401588,2,4.604693666342749
3473,B,0.24359519643688074,1,5.0
3474,B,5.0,0,5.0
3475,B,3.432034984635473,2,5.0
3476,B,3.287285930393049,2,5.0
3477,B,4.208631017524753,2,4.258868238062883
3478,B,2.2536942693392383,1,5.0
3479,B,4.628896005395216,0,4.628896005395216
3480,B,0.046265724341661166,1,5.0
3481,B,3.7992977814407003,2,5.0
3482,B,5.0,0,5.0
3483,B,3.620069138172381,2,5.0
3484,B,2.0758253573745855,2,5.0
3485,B,0.41341472154988174,2,5.0
3486,B,1.961614404139118,2,5.0
3487,B,4.882629783305411,0,4.882629783305411
3488,B,0.8156289583071807,2,5.0
3489,B,4.25723632091734,1,5.0
3490,B,0.737448189271729,1,5.0
3491,B,4.016208120011067,0,4.016208120011067
3492,B,4.872738226318514,2,5.0
3493,B,2.0923509763826704,2,5.0
3494,B,1.9538474845710794,1,5.0
3495,B,3.2792954650864807,2,4.441998147297323
3496,B,0.7648916633833057,2,3.1478978327793135
3497,B,4.205837907691428,0,4.205837907691428
3498,B,0.4300427378214049,1,4.144666320239695
3499,B,1.7859663024531844,1,3.8665998618864674
3500,B,2.226196968248505,2,3.6411179878864512
