id,drugA,age,female,hf,ckd,prior_hosp,n_drug,tertiary,hosp_1y,hosp_day,injury_ed,frail
1,0,72.36603391411892,1,0,0,0,7,0,0,365,0,0
2,0,53.744700812889306,0,0,0,0,4,0,0,365,0,0
3,0,68.32875232573004,1,0,0,1,5,1,1,349,0,0
4,1,56.98667762939719,1,0,0,0,5,0,0,365,1,1
5,0,60.13620111264169,1,0,0,1,7,0,0,365,0,0
6,1,68.77983300463318,0,0,0,0,4,0,0,365,0,0
7,0,74.05413779939872,0,1,0,1,7,0,0,365,0,0
8,0,79.8654675170384,0,0,1,0,6,0,0,365,1,0
9,1,57.97791189732958,1,0,0,0,12,1,0,365,0,0
10,1,74.0948276517595,1,0,0,1,3,0,0,365,0,0
11,0,65.83065661038835,0,0,0,0,3,0,0,365,0,1
12,0,54.72529689563379,1,0,1,0,7,1,0,365,0,0
13,0,69.44077623021909,0,0,0,0,8,0,0,365,0,0
14,1,60.53974649770547,0,0,1,0,10,0,0,365,0,0
15,0,69.78316444182659,0,0,1,0,6,1,0,365,0,0
16,1,61.7900396379156,1,0,0,0,5,0,0,365,0,0
17,0,73.42954237711702,1,0,0,1,3,0,0,365,0,0
18,0,58.01830617872607,0,1,0,0,10,0,0,365,0,0
19,0,65.53960418663422,1,0,0,0,4,0,0,365,0,0
20,1,61.410147171973094,1,0,1,0,6,0,0,365,0,0
21,0,68.39867362318743,1,0,0,0,5,0,0,365,0,0
22,1,56.95945185582623,0,0,0,0,8,0,0,365,0,0
23,1,63.82155141118973,1,0,0,0,7,0,0,365,0,0
24,1,71.91818205353293,1,0,0,0,3,1,0,365,0,0
25,0,81.08362218635456,1,0,0,0,8,0,0,365,0,0
26,0,71.94059017119987,0,0,0,0,2,0,0,365,0,0
27,1,80.65039583947322,0,0,0,0,8,0,0,365,0,0
28,0,67.42086809683536,1,0,0,0,5,0,0,365,0,0
29,0,70.12331390562711,1,0,0,0,5,0,0,365,0,0
30,0,85.12283596949112,0,1,0,0,9,0,1,209,0,1
31,1,79.06730472677658,1,0,0,0,11,0,0,365,0,0
32,0,57.402616229487805,1,0,0,1,3,0,0,365,0,0
33,0,75.2511548848493,0,0,0,1,1,0,0,365,0,0
34,0,76.74563611816882,1,0,0,0,5,0,0,365,0,0
35,0,53.440765428436094,1,0,0,0,5,0,0,365,0,0
36,1,69.10217981865534,0,0,1,0,7,0,0,365,0,1
37,0,78.43393305099664,1,0,1,0,5,0,0,365,0,0
38,0,68.51913751567326,0,0,0,0,6,0,0,365,0,0
39,1,63.82340776823848,1,0,0,0,8,0,0,365,0,0
40,1,50.245400219297366,0,0,0,0,5,1,0,365,0,0
41,1,72.82180935382226,0,0,0,0,3,0,0,365,1,1
42,0,46.94025390533177,0,0,0,0,2,1,0,365,0,0
43,1,78.30637310246826,1,1,1,1,6,1,1,345,0,1
44,0,71.48981272566914,0,0,1,0,4,0,1,102,0,1
45,0,40.0,0,0,0,0,6,0,0,365,0,0
46,1,56.824741149997365,0,0,0,0,7,1,0,365,0,0
47,1,77.2495324966165,1,0,0,0,12,0,0,365,0,0
48,0,71.08929719289127,0,0,0,0,9,0,0,365,0,0
49,0,51.03018105570688,1,0,0,1,8,0,0,365,0,0
50,1,60.21621650118734,1,0,0,0,7,1,0,365,0,0
51,0,72.537776797123,1,0,0,0,8,0,1,209,0,1
52,1,46.95072778864295,1,0,0,0,6,0,0,365,0,0
53,0,51.50655130816441,0,0,0,0,1,0,0,365,0,0
54,1,69.5984121453455,0,0,0,0,5,0,0,365,0,0
55,0,62.72715543215279,0,0,0,0,3,0,0,365,0,1
56,0,53.225440501729345,1,0,0,0,3,0,0,365,0,0
57,0,66.84396745703903,1,0,0,0,4,0,0,365,0,0
58,1,67.12669590074925,0,0,0,1,9,1,0,365,0,0
59,0,71.46107388384672,0,0,0,0,10,1,1,353,0,1
60,1,76.74293825629414,1,1,1,0,8,0,1,162,0,0
61,1,48.25583774292082,1,0,0,1,5,0,0,365,0,0
62,1,52.05607981055065,1,0,0,0,3,0,0,365,0,0
63,0,73.13444323980198,0,1,0,0,5,1,0,365,0,0
64,0,64.2346148317191,1,0,0,0,1,0,0,365,0,0
65,0,67.32248157849985,1,0,0,0,3,0,0,365,0,0
66,1,69.55831401223728,0,0,0,0,8,0,0,365,0,1
67,0,68.2219005449937,1,0,0,0,5,0,0,365,1,0
68,0,63.847590281718205,0,0,0,0,8,0,1,235,0,0
69,1,64.40804999315398,1,0,0,0,12,0,1,6,0,0
70,0,77.95216577115539,1,0,0,0,12,0,0,365,0,1
71,0,72.70192380071754,0,0,0,0,4,0,0,365,0,0
72,1,81.42623237528774,1,0,0,0,7,0,0,365,0,0
73,1,66.93127053598403,0,0,1,0,4,1,0,365,0,0
74,0,67.10800899815737,0,0,1,0,6,0,0,365,0,0
75,0,75.6746316851924,1,0,0,0,5,0,0,365,0,0
76,1,78.37813048939051,1,0,1,0,9,1,0,365,1,0
77,1,61.550631746375764,0,0,0,1,8,0,0,365,0,0
78,1,78.8381897364685,0,0,1,1,11,1,1,236,0,0
79,0,63.677728886887934,1,0,0,0,2,0,0,365,0,1
80,0,43.53761142609096,1,0,0,0,5,1,0,365,0,0
81,0,40.0,0,0,0,0,6,1,0,365,0,0
82,0,70.07285444539008,0,0,0,0,2,1,0,365,0,0
83,0,63.40264311519192,0,0,0,0,6,0,0,365,0,0
84,0,49.720380920655884,0,0,0,0,6,0,0,365,0,0
85,1,69.2042328261695,1,0,1,1,12,0,1,339,0,0
86,0,59.65704877480732,0,0,1,0,7,0,0,365,0,0
87,1,62.80801037820148,1,0,0,0,8,0,0,365,0,0
88,0,49.33528532385414,0,0,0,0,4,0,0,365,0,0
89,0,52.605058978356,0,0,0,0,0,0,0,365,0,0
90,0,55.75880177409606,0,0,0,0,2,0,1,246,0,0
91,1,54.64117849209427,0,1,1,1,4,1,0,365,0,0
92,0,59.279348254820626,0,0,0,1,4,0,1,245,0,0
93,0,45.28211558520452,0,0,0,0,5,0,0,365,0,0
94,1,73.86358737119295,0,0,0,0,3,0,1,326,0,0
95,1,79.42882250631148,0,0,0,0,6,0,0,365,0,0
96,1,72.86976131414508,0,0,0,1,7,0,0,365,0,0
97,1,74.37184847297371,1,0,1,1,5,0,0,365,0,0
98,0,55.28226495090808,0,0,0,0,8,1,0,365,0,0
99,0,42.95899515397424,1,0,0,0,3,1,0,365,0,0
100,0,69.52905183771404,1,0,0,0,2,1,0,365,0,0
101,0,82.60045908038099,0,0,0,0,6,0,0,365,0,0
102,1,69.55477432136587,0,0,1,0,7,0,0,365,0,1
103,1,94.70378901653612,0,1,0,0,8,0,1,334,1,0
104,1,76.63079928604037,1,0,0,0,7,0,0,365,0,0
105,1,71.28076449132249,1,0,0,0,6,0,0,365,0,1
106,0,64.03762244408115,1,0,0,0,4,0,0,365,0,0
107,1,57.88294344038343,1,1,0,0,6,0,1,149,1,1
108,1,48.93826148241162,0,0,0,1,2,0,0,365,0,0
109,0,73.31097082057718,0,0,0,1,10,1,1,355,0,0
110,1,58.73271465525849,0,0,0,0,2,0,0,365,0,0
111,0,72.6447823562324,1,0,0,0,3,0,0,365,0,0
112,1,72.8881568011436,0,0,0,1,4,1,0,365,0,1
113,1,72.46862156594814,0,0,0,0,11,0,0,365,0,0
114,0,61.61973145182414,0,0,1,0,7,1,0,365,1,0
115,1,79.06701546761012,1,0,0,0,5,0,0,365,0,1
116,0,75.51961074620371,0,0,0,0,7,0,0,365,0,0
117,1,66.20875541821653,0,0,0,0,3,0,0,365,0,0
118,0,71.53247748135415,0,0,0,0,7,0,0,365,0,0
119,0,61.98846972042409,1,0,0,0,4,0,1,299,0,0
120,0,70.50563558442187,1,0,0,0,7,0,0,365,0,0
121,1,73.48312502810671,1,0,1,0,2,0,0,365,1,0
122,0,70.64315242422057,1,0,0,0,11,0,0,365,0,0
123,0,66.78644182110375,1,0,0,0,5,0,0,365,0,0
124,0,63.53743634761708,0,0,0,1,4,1,0,365,0,0
125,1,90.51230971359305,0,1,0,1,11,0,1,269,0,0
126,0,66.85990235206584,0,0,0,0,7,0,0,365,0,0
127,1,78.46173248747856,1,0,0,0,5,0,0,365,1,1
128,0,61.432564046535695,1,0,0,1,3,0,0,365,0,0
129,0,66.73700314862592,0,0,1,0,6,0,0,365,0,0
130,0,64.04496366701692,0,0,0,0,4,0,0,365,0,0
131,1,40.0,1,0,0,0,5,0,0,365,0,0
132,0,72.8917361466753,0,1,0,0,9,0,0,365,0,0
133,0,81.70829445150133,1,0,0,1,9,0,1,174,0,1
134,0,52.469227110137425,1,0,0,0,5,0,0,365,0,0
135,0,63.39026177965778,1,0,0,0,4,0,0,365,0,0
136,1,75.73795301220609,1,1,0,0,5,0,0,365,0,0
137,1,70.45823583581583,1,0,0,1,8,0,0,365,0,0
138,0,72.23561033630446,0,0,0,1,5,0,1,211,1,1
139,0,63.89968905114101,1,0,0,0,8,0,0,365,0,0
140,1,71.0033074135158,0,1,1,1,8,1,1,323,0,0
141,0,57.10643139594243,0,0,0,0,3,1,0,365,0,0
142,0,70.1160280524122,1,0,0,0,9,0,0,365,0,0
143,0,64.8646774573676,1,0,0,0,7,0,0,365,0,0
144,0,41.13539313888963,0,0,0,0,8,1,0,365,0,0
145,0,68.53229838986117,1,0,0,0,5,0,0,365,0,1
146,0,61.45227494604286,0,0,0,0,9,0,0,365,0,0
147,0,56.75049604291324,0,0,0,0,3,1,0,365,0,0
148,1,56.67303035911095,0,0,0,0,6,0,0,365,0,0
149,1,54.56238195668321,1,1,0,1,6,0,0,365,0,0
150,0,62.668182743107955,0,0,0,0,6,0,0,365,0,0
151,0,59.06756062781692,1,0,0,0,8,0,0,365,0,0
152,0,69.0478328338777,0,0,0,0,3,0,0,365,0,0
153,1,79.56856432703196,1,0,0,0,5,1,0,365,0,0
154,1,60.08820899292384,0,0,0,0,4,0,0,365,0,1
155,0,71.9424900659815,0,0,0,0,6,0,1,185,0,0
156,0,55.37728232103039,1,0,0,1,6,1,0,365,0,0
157,0,69.90413422186647,1,0,0,0,8,0,1,51,0,0
158,0,70.46601916290876,1,0,0,0,8,0,0,365,0,0
159,0,64.05621143923275,1,0,1,1,10,0,0,365,0,0
160,0,52.834994438344204,1,1,1,1,8,1,0,365,0,0
161,1,74.991511518258,0,0,0,0,9,0,0,365,0,0
162,1,75.57570212371704,1,0,0,0,5,1,0,365,0,1
163,0,80.39099885858576,1,0,0,0,6,0,0,365,1,1
164,0,76.40914036123777,0,0,0,0,5,0,0,365,0,0
165,0,50.149649560673474,1,0,0,1,5,0,1,280,0,1
166,1,60.84286335931079,1,0,0,1,10,0,0,365,0,0
167,1,57.05412171914315,1,0,0,0,8,0,0,365,0,0
168,0,64.30465430190732,1,0,1,0,8,0,0,365,0,0
169,1,70.34210042740544,1,0,0,0,10,0,0,365,0,0
170,0,64.57912368086566,0,1,0,0,9,0,0,365,0,0
171,0,66.76684312820517,0,0,0,0,6,0,0,365,0,0
172,1,67.45452782117904,1,0,0,0,5,0,0,365,0,0
173,1,61.9535243810021,1,0,1,1,5,0,0,365,0,0
174,0,56.882893031368795,1,0,0,1,7,0,0,365,1,0
175,1,73.78325692082296,0,0,0,0,7,1,0,365,0,1
176,0,63.438195699692756,1,0,0,0,4,1,0,365,0,0
177,0,58.89392686253936,0,0,1,0,7,0,0,365,0,0
178,0,59.823055949581715,0,0,1,0,9,0,0,365,1,1
179,1,72.66219109577963,1,0,0,0,2,1,0,365,0,1
180,0,46.60136421971279,1,0,0,0,6,0,1,164,0,0
181,0,66.09775002723246,0,0,0,0,7,0,0,365,0,1
182,1,60.747388303748586,1,0,0,0,6,0,0,365,1,0
183,0,40.0,0,0,0,0,2,1,0,365,0,0
184,0,64.16134388917104,0,0,0,0,4,1,0,365,0,0
185,0,64.02267835524579,0,0,0,0,8,0,0,365,0,0
186,0,55.873152094615236,1,0,1,0,3,0,0,365,0,0
187,0,62.926002301627044,0,0,0,0,6,0,0,365,0,0
188,0,57.91875067022531,0,0,0,0,12,0,0,365,0,0
189,0,65.38866720527042,0,0,0,0,6,0,0,365,0,0
190,1,72.27630572622829,0,0,0,0,6,1,1,64,0,1
191,0,55.43463458266646,1,0,0,0,7,0,0,365,0,0
192,0,60.20191833410966,0,0,0,1,4,0,0,365,0,0
193,1,75.35621544871933,1,1,1,0,8,1,0,365,0,0
194,1,55.10471221077977,1,0,0,0,3,0,0,365,0,0
195,0,51.490133567819825,0,0,0,0,8,0,0,365,0,0
196,1,56.51889788703364,1,0,0,0,6,0,0,365,0,0
197,0,69.9907047526287,1,0,0,0,6,0,0,365,0,0
198,0,62.505344671584,0,0,0,0,4,0,0,365,0,0
199,1,51.931258201769076,1,1,0,1,3,0,0,365,0,1
200,0,76.09239953713347,0,0,0,0,7,0,0,365,0,0
201,0,67.27421942592883,0,0,0,0,10,0,0,365,0,0
202,1,60.50546127864098,0,0,0,0,1,0,0,365,0,1
203,1,65.1174505246105,0,1,1,0,8,0,0,365,0,0
204,0,74.84057857968804,1,0,0,0,4,0,0,365,0,0
205,0,71.47648196579351,0,0,0,0,7,1,0,365,1,1
206,0,50.35197441894654,0,0,0,0,7,1,0,365,0,0
207,1,66.99434465275601,1,0,0,0,8,0,0,365,0,0
208,0,58.15288596730447,1,0,1,0,10,1,1,14,0,0
209,0,64.39860174287674,1,1,0,1,7,0,0,365,0,0
210,0,60.188826946486515,1,0,0,0,5,0,0,365,0,0
211,0,72.81210322146471,1,0,1,0,5,0,0,365,0,0
212,0,65.42658535051152,1,0,0,0,7,0,0,365,0,0
213,0,67.25063678436675,0,0,0,1,7,1,0,365,0,1
214,0,60.16725884091474,1,0,0,1,3,1,0,365,0,0
215,1,78.61908376009373,0,0,0,0,10,1,1,116,0,1
216,1,73.2961951851731,1,1,0,0,5,0,0,365,0,0
217,1,55.73668769235413,0,0,1,0,10,1,0,365,0,0
218,0,57.62013303820832,1,0,0,0,8,0,0,365,0,0
219,1,74.9386587347973,0,0,0,0,5,1,0,365,0,1
220,1,72.83145695532153,1,0,0,0,9,1,0,365,0,0
221,0,63.87306505951733,1,0,0,0,6,1,0,365,0,0
222,0,57.235053188269056,0,0,0,1,3,0,0,365,0,0
223,0,68.73862459283758,1,0,1,1,6,0,0,365,0,0
224,0,70.82898015487882,0,0,0,0,4,0,0,365,0,0
225,1,57.226227125355095,1,0,0,0,5,1,0,365,1,0
226,1,60.030392405675855,0,0,1,0,5,1,0,365,0,0
227,1,65.96495179492479,0,0,0,0,10,0,0,365,0,1
228,0,64.87632527705779,1,0,0,0,2,0,0,365,0,0
229,1,53.79089914839432,1,0,0,0,8,0,0,365,0,0
230,1,61.863502101203856,1,1,0,1,5,0,0,365,0,0
231,0,60.02597350055077,1,0,0,1,8,0,0,365,1,0
232,1,50.729275824737144,0,1,0,1,5,1,0,365,0,1
233,0,74.15923489922092,1,0,0,0,2,0,0,365,0,1
234,0,77.4163044225018,0,0,0,0,6,1,0,365,0,0
235,1,61.98505823636228,0,0,1,0,5,0,0,365,0,0
236,0,49.706247483238236,0,0,1,0,6,0,1,80,1,0
237,0,58.5266732504465,1,0,0,0,3,1,0,365,0,0
238,0,50.15466476798184,1,1,0,1,4,0,0,365,0,0
239,0,54.69020001299117,0,0,0,0,6,0,0,365,0,0
240,1,76.66301993973504,1,1,0,0,11,0,0,365,0,0
241,0,72.52186758715665,1,1,0,0,5,0,1,285,0,0
242,0,71.65307911442966,1,0,0,0,3,0,0,365,1,0
243,0,75.07384226353267,1,0,0,0,10,0,0,365,0,1
244,1,62.65621565886909,1,0,1,0,8,0,0,365,0,0
245,1,72.61690337237684,1,1,0,1,13,1,0,365,0,0
246,0,54.93034439922458,0,1,0,1,5,0,0,365,0,0
247,0,62.279595314946626,1,1,0,0,6,1,0,365,0,0
248,0,65.43733872220402,1,0,0,0,5,0,0,365,0,0
249,0,67.18588124594527,0,0,0,0,4,0,0,365,0,0
250,0,70.42526073468524,1,0,1,0,4,0,0,365,0,1
251,1,76.4300773669756,0,1,0,1,13,0,1,358,0,0
252,0,60.795294348443264,1,0,0,1,5,0,1,170,0,0
253,0,76.51630289562867,0,0,0,0,5,0,0,365,0,0
254,1,55.524755032312115,0,0,1,0,8,0,0,365,0,0
255,0,80.97416508346454,1,0,0,0,9,0,0,365,0,0
256,0,51.899866280781495,1,0,0,0,4,0,0,365,0,0
257,1,78.70443763999913,0,0,0,0,9,1,0,365,0,0
258,1,64.28269107132253,0,0,1,1,8,1,0,365,0,0
259,0,70.32085690071632,1,0,0,0,8,1,0,365,0,0
260,1,71.86306754092443,0,0,0,0,4,0,0,365,0,0
261,0,59.646759703138585,0,0,0,0,5,1,0,365,0,0
262,0,56.639430535616846,1,0,0,0,5,0,0,365,0,0
263,0,68.28285092683595,0,0,1,0,8,0,0,365,0,0
264,1,47.33551952817365,0,0,0,0,4,0,0,365,0,0
265,0,58.82993150806391,1,0,0,1,2,0,0,365,0,0
266,0,66.6375717481608,0,0,0,0,7,1,0,365,0,0
267,1,64.31622615552752,1,0,0,0,6,0,0,365,0,0
268,0,60.46719215251596,0,0,0,0,4,0,0,365,0,0
269,1,49.2817736775989,0,0,0,0,6,0,0,365,0,0
270,0,80.20674198618732,0,0,0,1,6,0,0,365,0,0
271,1,78.65715868694112,1,0,0,0,5,1,1,336,0,0
272,1,43.051849174414855,0,0,0,0,6,0,0,365,0,0
273,0,56.781853600532685,0,0,0,0,8,0,0,365,0,0
274,0,61.179063545166805,0,0,0,0,1,0,0,365,0,0
275,1,58.6814309833501,1,1,0,0,7,1,0,365,0,0
276,1,72.25025922524472,1,0,0,1,6,0,0,365,0,0
277,0,72.10427960644384,1,0,0,0,5,0,0,365,0,0
278,0,68.66849179357595,1,1,0,0,8,0,0,365,0,0
279,1,48.35396468193845,0,0,0,0,7,0,0,365,0,0
280,1,67.55253587474594,1,0,0,0,2,0,0,365,0,0
281,1,63.27571811272857,1,0,0,0,3,0,0,365,0,1
282,0,60.2441049024477,0,0,0,0,7,0,0,365,0,0
283,0,69.41897964225953,1,0,0,0,9,0,0,365,0,0
284,0,78.81891705336767,0,0,0,0,8,0,0,365,0,0
285,0,64.45340810151102,1,0,0,0,5,0,0,365,0,0
286,0,63.99763490770526,1,0,0,0,5,1,0,365,0,0
287,0,73.0300528448733,1,0,0,0,6,0,0,365,0,0
288,0,58.41954212764938,1,0,0,0,3,0,0,365,0,0
289,0,71.10335578841124,0,0,0,0,7,0,0,365,0,0
290,1,65.53396171548894,1,0,0,0,7,0,0,365,0,0
291,1,56.93589771079162,0,0,0,0,7,0,0,365,0,0
292,0,70.55889028111703,1,0,1,0,11,0,0,365,0,0
293,0,65.13009480313009,0,0,0,0,5,0,0,365,0,0
294,1,73.82532152823379,0,0,1,0,10,0,0,365,0,0
295,0,69.48808730267972,1,0,0,0,5,0,0,365,0,0
296,0,70.55850339580849,0,0,1,1,8,0,0,365,0,0
297,0,62.509622168997666,1,0,1,0,5,1,0,365,0,0
298,0,52.29708071447127,0,0,0,0,4,0,1,273,0,1
299,1,64.96702563919943,1,0,0,0,8,1,0,365,0,0
300,0,68.84711347607328,0,0,0,0,8,0,0,365,0,1
301,0,42.157136878080756,0,0,0,0,5,0,0,365,0,0
302,0,82.31186883978894,1,1,1,0,15,0,1,287,0,1
303,0,79.13626353155702,1,0,0,0,12,0,0,365,0,0
304,1,46.09514501453812,0,0,0,0,5,0,0,365,0,0
305,1,67.16049177597033,1,0,0,0,5,0,0,365,0,0
306,1,76.2673508895308,0,0,0,0,8,0,0,365,0,0
307,0,75.2466745749466,1,0,0,0,6,0,0,365,0,0
308,1,70.69857035628974,0,0,0,0,4,0,0,365,0,0
309,0,82.66180481389621,0,0,0,0,2,0,0,365,0,0
310,1,64.80610519359804,1,0,0,0,5,1,0,365,0,0
311,0,42.04587916100716,0,0,0,0,4,0,0,365,0,0
312,0,63.05044599270269,1,0,0,0,3,1,0,365,0,0
313,1,74.03466407659154,1,0,0,0,5,0,0,365,0,0
314,0,71.07664834989596,0,0,1,1,7,0,0,365,0,0
315,0,68.10976805649945,0,0,0,0,8,0,0,365,0,0
316,0,70.37452044101461,1,0,0,1,13,0,0,365,0,0
317,0,46.57432080611649,1,0,0,1,4,0,0,365,0,0
318,1,75.29034219601195,0,0,0,0,4,1,0,365,0,1
319,0,70.02610350873424,0,0,1,0,8,0,0,365,0,0
320,0,70.86028625885392,1,0,0,0,4,0,0,365,0,0
321,0,51.73691788802216,1,0,0,0,3,0,1,363,0,0
322,1,66.58117648258205,1,0,1,0,11,0,0,365,0,0
323,0,64.84463311468252,0,0,0,0,5,1,0,365,0,0
324,1,45.18432068347225,0,0,1,0,3,0,0,365,0,0
325,0,82.82908765381767,0,0,0,0,5,0,0,365,0,0
326,1,72.65246194370047,0,0,0,0,7,0,0,365,0,0
327,1,56.3865933803302,1,0,0,0,2,0,1,251,0,1
328,0,61.10762878675621,1,0,0,0,7,0,0,365,0,0
329,0,82.08701794128504,0,0,0,0,8,0,0,365,0,0
330,0,71.69322044476334,1,1,0,1,8,0,0,365,0,0
331,0,52.47749496639924,1,0,0,1,5,0,0,365,0,0
332,1,67.97307303209783,1,0,0,0,5,0,0,365,0,1
333,0,61.397398747967245,1,0,0,0,8,0,0,365,0,0
334,0,75.11611064013847,0,0,0,0,3,0,0,365,0,0
335,0,50.65475216288514,1,0,0,0,5,0,0,365,0,0
336,1,69.77132601449307,1,0,0,0,7,0,0,365,0,0
337,0,71.02068997533127,0,0,0,0,6,0,0,365,0,0
338,1,72.678420389123,1,0,0,1,7,0,0,365,0,0
339,0,60.71821279173818,1,0,0,0,9,0,0,365,0,0
340,1,72.12768190366036,0,0,0,0,7,1,0,365,0,1
341,0,69.94091053027036,0,0,0,0,6,0,0,365,0,0
342,1,58.02077849433344,0,0,0,0,4,0,0,365,0,0
343,0,53.21381084683175,1,0,0,0,5,1,0,365,0,0
344,1,61.281672987540226,1,0,0,0,7,0,0,365,0,0
345,1,69.41531355703496,0,0,0,0,6,0,0,365,0,0
346,1,72.72510285093301,1,1,0,1,11,0,0,365,0,0
347,0,58.373221663775894,0,0,0,1,8,0,0,365,0,0
348,1,66.70985337578972,1,0,0,1,4,0,0,365,0,1
349,0,71.85489290309626,0,0,0,0,6,0,0,365,0,1
350,0,57.57301710627963,0,0,0,0,7,0,0,365,0,0
351,1,68.4737145395952,0,0,0,0,8,0,0,365,0,0
352,0,55.06759440652895,0,0,0,0,4,0,1,158,0,0
353,0,61.142287949007034,0,0,0,0,5,0,0,365,0,0
354,0,61.566963004151425,1,0,0,0,5,1,0,365,0,0
355,0,66.20724439226588,1,0,0,0,2,0,0,365,0,0
356,1,49.44713162198762,0,1,0,0,4,0,0,365,0,0
357,0,52.30669745152811,1,0,0,0,3,0,0,365,0,0
358,1,80.41380945847826,0,0,0,0,2,0,0,365,0,1
359,1,72.77702330051905,0,0,0,0,4,0,0,365,0,0
360,0,54.913066126697125,1,0,0,0,3,0,0,365,0,0
361,0,66.2058361695388,0,0,0,0,5,0,0,365,0,0
362,0,52.700474205563616,0,0,0,1,5,0,0,365,0,0
363,1,51.065397380091476,0,0,0,0,8,0,0,365,0,0
364,0,66.21768926866596,0,0,0,0,7,0,0,365,0,0
365,1,51.74786599369058,0,0,0,0,6,0,0,365,0,0
366,0,61.15079392029715,1,0,0,0,8,1,0,365,1,0
367,1,74.87901648674206,0,1,0,0,5,0,0,365,0,0
368,0,54.63797073449237,0,0,0,0,2,1,0,365,0,1
369,1,66.78871818614677,0,0,0,0,4,0,0,365,0,0
370,1,80.41674456039902,1,0,0,0,13,1,1,102,0,1
371,0,66.66259750574507,0,0,0,0,8,0,0,365,0,0
372,0,66.03400914827301,1,0,1,0,4,1,0,365,0,0
373,0,76.4759524113708,1,0,0,0,6,1,0,365,0,0
374,0,60.52432168653829,1,0,0,0,1,0,0,365,0,0
375,1,92.49120151971233,0,0,0,0,7,0,1,204,1,1
376,1,81.51787744845579,0,0,0,1,2,0,0,365,0,0
377,1,58.435211976170535,1,0,0,0,5,0,0,365,1,0
378,0,59.65387335310169,0,0,0,0,4,0,0,365,0,0
379,0,67.59195670812689,0,0,0,0,6,0,0,365,0,0
380,0,75.73310219384875,1,0,1,0,8,0,0,365,0,0
381,0,61.55086913877703,0,0,0,0,5,0,0,365,0,0
382,1,75.84079551683756,1,0,0,1,6,0,0,365,1,0
383,0,71.6906436365133,0,0,0,0,9,0,0,365,0,0
384,1,71.17735417075934,1,0,1,0,7,1,0,365,0,1
385,1,65.97722957937542,0,0,1,0,5,0,1,50,0,0
386,1,64.5795868365231,0,1,0,1,3,0,0,365,0,0
387,0,59.68678700049006,0,1,0,1,7,0,0,365,0,0
388,0,50.38800960085772,0,0,0,1,2,1,0,365,0,0
389,1,74.33984384431275,1,0,0,0,4,0,0,365,0,0
390,1,58.183330490952535,1,0,0,0,3,0,0,365,0,0
391,0,62.46545354916853,0,0,0,0,7,1,0,365,0,0
392,1,65.84289962525001,0,0,0,0,7,1,0,365,0,0
393,0,55.3449371605502,0,0,0,0,4,0,0,365,0,0
394,0,47.0507027987894,0,0,0,0,4,0,0,365,0,0
395,1,57.80754491615866,1,0,0,0,6,0,0,365,0,1
396,0,58.25745477923721,0,0,0,0,6,0,0,365,0,0
397,0,74.64359413854382,0,0,0,0,7,0,0,365,0,0
398,0,62.15267311343099,0,0,0,0,4,1,0,365,0,0
399,1,62.71711003234496,1,0,1,0,2,0,1,87,0,0
400,1,86.57267620137075,1,0,1,0,8,0,0,365,0,0
401,1,61.14843880709491,1,0,0,1,6,0,0,365,0,1
402,0,63.25644092483732,0,0,0,0,4,0,0,365,0,0
403,1,64.80983550666846,1,1,0,0,6,0,1,218,0,1
404,1,59.66435208770571,1,0,0,0,3,0,0,365,0,0
405,0,80.699726043532,1,0,0,0,13,0,1,13,0,0
406,0,56.45481991703884,0,0,0,0,2,1,0,365,0,0
407,1,50.53132225079688,1,0,0,0,6,0,0,365,0,0
408,1,59.18588882325415,1,0,0,0,4,0,0,365,0,0
409,0,70.83042942387263,0,0,0,0,5,0,0,365,0,0
410,0,57.41420640804803,0,0,0,0,7,0,0,365,0,0
411,0,70.51413211201138,0,0,0,0,10,0,0,365,0,1
412,0,69.19521677023447,1,0,0,0,4,0,0,365,0,1
413,0,83.75189732649285,0,1,0,1,6,1,1,146,0,1
414,0,56.6324838797256,1,0,0,0,3,0,0,365,0,0
415,1,62.63326762941468,1,0,1,1,5,1,0,365,0,0
416,1,72.0319745722581,1,0,0,1,3,0,0,365,0,1
417,1,67.80823892236005,1,0,1,1,8,1,0,365,0,0
418,0,49.444735960109355,0,0,0,0,0,1,1,132,0,0
419,0,54.65512382422724,0,0,0,1,6,0,1,36,0,0
420,1,76.58959597336074,0,0,1,1,6,0,0,365,0,0
421,0,62.3701160445936,0,0,0,1,7,0,0,365,0,0
422,0,69.79943344004114,1,0,0,0,4,0,0,365,0,0
423,0,64.18871591013195,1,0,0,1,5,0,0,365,0,0
424,0,74.93398035759537,0,0,0,0,4,0,0,365,0,0
425,0,60.131292025064404,0,0,0,0,4,0,0,365,0,0
426,1,72.72100401782915,0,1,0,1,4,0,0,365,0,0
427,1,78.92845692481862,0,0,1,1,5,1,0,365,0,0
428,0,63.78886166196421,0,0,1,0,3,0,1,264,0,1
429,1,69.7858649064248,0,0,0,0,10,0,0,365,0,0
430,1,79.79583822110126,1,1,0,0,8,0,0,365,0,0
431,0,57.61281711797746,1,0,1,0,6,1,0,365,0,0
432,0,56.533985009479544,1,0,0,0,4,0,0,365,0,0
433,1,67.67681036815716,1,1,0,0,2,0,0,365,0,0
434,0,50.88883416652733,0,0,0,0,3,0,0,365,0,0
435,1,70.03324551089769,0,0,1,0,9,1,0,365,0,0
436,1,67.5543765638798,0,0,0,1,8,0,0,365,0,0
437,0,63.19231386214867,1,0,0,0,2,0,0,365,0,0
438,0,72.18269410775741,0,0,0,0,4,0,0,365,0,0
439,0,71.60042180580362,1,0,0,0,8,0,0,365,0,0
440,0,76.86792763101897,1,0,1,0,6,0,0,365,0,0
441,1,57.99621315116455,0,0,0,0,6,1,0,365,0,0
442,1,81.5360069810387,1,1,0,1,6,0,1,163,0,1
443,0,61.82238152171573,0,0,0,0,6,0,0,365,0,0
444,0,58.08695695222187,0,0,0,0,8,1,0,365,0,0
445,0,62.2120873398883,1,0,0,1,8,0,0,365,0,0
446,0,66.73256556466764,1,0,0,0,7,0,0,365,0,0
447,1,60.1227777133862,0,0,0,0,9,0,0,365,0,1
448,0,80.36722581474808,1,0,1,0,5,0,0,365,0,0
449,0,63.61769478901308,0,0,0,0,9,0,0,365,0,0
450,0,63.97602625436527,0,0,0,0,8,0,0,365,0,0
451,1,80.8156770129675,1,0,1,0,6,1,1,243,0,0
452,0,77.62661074312672,0,0,0,0,0,0,0,365,0,0
453,1,73.49562425999441,1,0,0,0,1,0,0,365,1,1
454,0,68.02665341139391,1,0,0,0,8,0,0,365,0,0
455,0,69.9296859399193,0,0,1,0,2,1,0,365,0,0
456,1,70.67618734160841,0,0,0,0,9,0,0,365,1,1
457,1,79.0202475862851,0,0,1,0,4,0,0,365,0,0
458,0,72.44463440312494,0,0,0,0,5,1,1,15,0,0
459,0,54.9584202096442,1,0,0,0,2,0,0,365,0,0
460,0,57.14152536967647,1,0,0,0,2,1,0,365,0,0
461,0,62.18358137444421,0,0,0,1,8,0,0,365,0,0
462,1,66.82012508169348,0,0,0,1,3,1,0,365,0,0
463,0,65.28195123577551,0,0,0,0,6,1,0,365,0,0
464,1,60.2493290672876,1,0,0,0,6,0,1,54,1,1
465,0,58.4614926557471,1,0,0,0,6,1,0,365,0,0
466,0,64.9260359070355,0,0,0,0,5,1,0,365,0,0
467,0,60.15662695272677,0,0,0,0,9,0,0,365,0,0
468,1,80.09908835115397,1,0,0,0,7,0,0,365,1,0
469,0,57.783666945537504,0,0,0,0,6,0,0,365,0,0
470,1,74.34912364642193,0,0,0,0,7,1,0,365,0,0
471,1,85.10153062267275,1,1,0,1,6,0,0,365,0,1
472,0,73.26532711695063,1,0,0,0,11,0,0,365,0,0
473,1,71.77929205595348,0,1,0,0,7,1,1,3,0,0
474,1,54.93616157158349,0,0,0,0,5,0,0,365,0,1
475,0,60.7782004797305,1,0,0,0,6,1,0,365,0,0
476,0,56.81320169097905,1,0,0,0,3,1,0,365,0,0
477,0,40.42241988220392,0,0,0,0,8,1,0,365,0,0
478,0,68.96283109071274,0,0,0,0,5,0,0,365,0,0
479,1,67.97872488058911,1,0,1,0,11,0,0,365,1,0
480,1,79.04692492664063,0,0,1,0,9,0,0,365,0,0
481,0,49.147267284530145,0,0,0,0,4,0,0,365,1,0
482,0,59.51521002763487,0,0,0,0,6,0,0,365,0,0
483,1,75.79239959490593,1,0,1,0,2,0,0,365,0,1
484,1,74.87434011466652,1,0,0,0,5,1,0,365,0,1
485,1,64.61994322939984,1,0,0,0,9,0,0,365,0,0
486,0,52.39411105832187,1,0,0,0,5,0,0,365,0,0
487,0,46.67564008866303,0,0,0,0,7,0,0,365,0,0
488,1,54.692014067748765,1,0,0,1,5,1,1,188,0,0
489,1,65.09382404901656,0,0,0,0,9,1,0,365,0,1
490,1,69.18447317699031,0,0,0,0,7,0,0,365,0,1
491,0,63.82170772214475,1,0,1,0,6,0,0,365,0,0
492,0,69.8262050195048,1,0,0,0,8,0,0,365,0,0
493,0,67.31141151002872,0,0,0,0,7,0,0,365,0,0
494,1,74.95317794513659,1,0,0,0,10,1,0,365,0,0
495,1,77.57622213645595,0,0,0,0,5,0,0,365,0,0
496,0,55.21782882843523,0,0,0,0,4,0,0,365,0,0
497,0,52.861277102069465,1,1,0,0,4,0,0,365,1,0
498,1,70.50724799724676,0,0,0,0,2,0,0,365,0,0
499,0,81.2721123757341,1,0,0,0,6,0,1,4,1,0
500,0,69.5313364432746,0,0,0,0,4,0,0,365,0,0
501,1,82.39421360595225,0,0,0,1,7,0,0,365,0,0
502,0,77.42021465365139,1,0,0,0,9,0,0,365,0,0
503,0,77.68228729347493,1,0,0,0,6,0,0,365,0,0
504,0,54.47586886029979,0,1,0,1,6,0,1,223,0,0
505,0,66.12307634210478,0,0,0,0,9,1,0,365,0,0
506,1,57.21961291051519,1,0,1,1,5,0,0,365,0,1
507,0,71.8374694918268,0,0,1,0,4,0,0,365,0,0
508,0,62.30954010247377,0,0,0,0,6,0,0,365,0,0
509,1,70.5048084157817,1,0,0,0,9,0,0,365,0,1
510,1,68.17220781442259,0,0,0,0,6,0,0,365,0,1
511,0,76.56755535638052,0,0,0,0,6,0,0,365,0,0
512,0,56.60099789348149,1,0,0,0,6,0,1,65,0,0
513,0,76.94823401027604,1,0,0,0,4,0,0,365,0,0
514,1,58.05015650374725,0,1,0,1,9,0,1,343,0,0
515,0,56.233848194279936,0,0,0,0,5,0,0,365,0,0
516,0,61.312823281264095,0,0,0,1,11,0,0,365,0,0
517,1,62.09902490259643,0,0,0,0,3,0,0,365,0,0
518,1,83.28195262207518,0,1,0,1,5,0,0,365,0,0
519,1,71.85478001657964,1,0,1,1,4,0,1,314,0,1
520,0,66.64003005171064,0,1,0,0,11,0,0,365,0,0
521,0,50.11778203022264,0,0,0,0,6,0,0,365,0,0
522,1,74.10963078091602,0,0,0,0,7,0,0,365,0,0
523,0,64.12740223687166,0,0,0,0,3,1,0,365,0,0
524,0,64.71756877760687,0,0,0,0,7,0,1,115,0,0
525,0,66.1622305980989,0,0,0,0,7,1,0,365,0,0
526,0,62.00079689863503,0,0,0,0,1,0,0,365,0,0
527,0,67.38332581946587,1,0,0,1,6,0,0,365,0,0
528,0,81.34543704360387,1,0,0,0,2,0,0,365,0,0
529,1,50.918368529295414,1,0,0,0,9,0,0,365,0,0
530,0,53.43697816920742,0,0,0,1,4,1,0,365,0,0
531,0,40.0,1,0,0,0,2,0,0,365,0,0
532,0,74.82068861879236,1,0,0,0,5,0,0,365,0,0
533,0,60.94369112379095,1,0,0,0,5,0,0,365,0,0
534,1,73.8166228243707,0,0,0,0,6,0,0,365,0,1
535,0,71.34423432152946,1,0,0,1,3,0,0,365,0,0
536,0,64.58427454785888,0,0,1,0,4,0,0,365,0,0
537,1,71.24787710196776,0,0,0,0,7,0,0,365,0,1
538,1,71.30770558015392,0,0,1,0,8,0,0,365,1,0
539,0,65.00433194486743,0,1,0,1,7,0,0,365,0,0
540,1,62.148230843652534,1,0,0,0,3,0,0,365,0,0
541,1,78.15027949802825,1,0,0,0,4,0,0,365,0,0
542,0,67.99830134290887,1,0,0,0,8,0,0,365,0,0
543,0,52.41481443605505,1,0,0,0,4,0,0,365,0,0
544,0,58.117468843831674,1,0,0,0,1,1,0,365,0,0
545,0,68.27105596150402,0,0,0,0,5,0,0,365,0,0
546,0,68.35601052883456,1,0,0,1,7,0,0,365,0,0
547,0,74.55462950225285,1,0,0,0,5,0,0,365,0,0
548,0,79.1279983789308,0,0,0,0,8,0,0,365,0,0
549,0,73.75219897239894,1,0,1,0,6,0,0,365,0,0
550,0,60.47896929872305,1,0,0,0,11,1,1,4,0,1
551,1,65.05818896248347,0,0,0,1,6,1,0,365,0,0
552,0,66.17142396003679,0,1,1,0,7,0,0,365,0,0
553,1,55.08098669717947,1,0,0,0,3,0,0,365,0,0
554,0,77.40026906512355,0,0,0,0,6,1,0,365,0,0
555,0,70.8314967339428,0,0,1,0,9,0,0,365,0,0
556,1,72.74973155629706,0,1,0,0,8,0,0,365,0,0
557,1,52.24446059965431,1,0,0,0,7,0,0,365,0,0
558,1,57.866398359977424,1,0,1,0,5,0,0,365,0,0
559,0,77.9749342536265,1,0,0,0,4,0,0,365,0,0
560,0,64.34553704890168,1,0,0,0,3,0,0,365,0,1
561,1,73.31211304113312,0,0,0,0,7,0,0,365,0,1
562,0,50.36647470117772,1,0,0,0,4,1,0,365,0,0
563,0,62.67227577749638,0,0,0,0,2,0,0,365,0,0
564,1,91.85261791755342,1,1,0,0,9,0,1,14,1,1
565,1,71.11554714929915,1,0,0,0,4,1,0,365,0,0
566,1,66.95254580152495,0,0,0,1,7,0,0,365,0,0
567,0,55.187771270677246,0,1,0,0,6,0,0,365,0,0
568,1,87.65525654653996,0,0,1,0,5,0,0,365,0,0
569,0,63.50874577584365,1,0,0,0,7,0,0,365,0,0
570,1,72.09649976790058,0,1,0,1,7,0,1,356,0,1
571,1,87.10705625259727,1,0,1,1,8,1,0,365,0,0
572,1,74.89170001876953,1,0,0,1,5,1,0,365,0,0
573,0,78.54555953103333,1,1,1,0,11,1,1,243,0,1
574,0,62.40420385817761,0,1,0,0,3,0,0,365,0,0
575,0,69.26281945964513,0,0,0,1,10,0,0,365,0,0
576,1,59.75109695748029,0,0,0,0,7,0,0,365,0,0
577,1,40.0,0,0,0,0,4,0,1,346,0,0
578,0,73.41555910964965,0,0,0,0,10,0,0,365,0,0
579,0,54.26384755929452,1,0,0,0,2,0,1,165,0,0
580,1,58.80571988668486,1,0,0,0,4,0,0,365,0,0
581,0,72.91607415530596,1,0,0,0,4,0,0,365,0,0
582,0,77.34004209044869,1,0,1,0,3,0,0,365,0,0
583,0,64.86946741382462,1,0,0,0,6,0,0,365,0,0
584,0,66.39754952564245,1,0,1,0,4,1,0,365,1,1
585,0,64.43268264357499,1,0,0,0,4,0,0,365,0,0
586,0,64.48965198102438,1,0,0,0,9,0,0,365,0,0
587,0,58.19133562845102,1,0,1,0,7,0,0,365,0,0
588,0,48.565584812750444,0,0,0,0,9,0,0,365,0,0
589,1,63.444500107827444,0,0,0,0,3,0,0,365,0,0
590,1,66.81260038027911,0,1,0,0,3,1,0,365,0,0
591,0,57.301268481955915,1,1,0,0,8,1,0,365,0,0
592,0,85.73494403830779,1,0,0,1,9,1,1,47,0,1
593,1,44.05359387322471,1,0,0,0,6,0,0,365,0,1
594,1,93.78749882169606,1,0,0,0,6,0,0,365,0,1
595,0,57.448292883847785,1,0,0,1,4,0,0,365,0,1
596,0,67.91186714714951,0,0,0,0,7,0,0,365,0,0
597,0,50.21183921013067,1,0,0,0,7,0,0,365,0,0
598,1,43.10300542980204,1,0,1,0,5,0,0,365,0,0
599,0,64.51740416841646,0,0,0,0,6,0,0,365,1,0
600,1,60.773887339987766,0,1,0,0,4,1,0,365,0,0
601,1,53.73312036014867,1,0,0,0,7,0,0,365,0,0
602,1,63.97474198502451,0,0,0,0,5,0,0,365,0,0
603,0,50.445841493821355,0,0,0,1,4,0,0,365,1,0
604,0,66.1288076675901,0,0,0,0,3,0,0,365,0,0
605,0,60.86182457811964,0,0,0,0,4,0,1,336,0,0
606,0,67.13383336868327,0,0,0,0,5,0,0,365,0,0
607,1,64.00764579976891,1,0,0,0,4,0,0,365,0,0
608,1,74.39929010274845,0,0,1,0,5,1,1,18,0,1
609,0,66.31342016698733,0,0,0,0,9,0,0,365,0,0
610,0,49.53488336308082,1,0,0,0,5,0,1,187,0,0
611,1,90.72897994263711,0,0,0,0,8,0,0,365,0,1
612,0,67.43641314010637,0,0,1,0,9,0,1,302,0,0
613,0,59.648980537015426,0,0,1,1,4,0,0,365,0,0
614,1,79.01915326128835,0,0,0,1,4,0,0,365,0,1
615,0,66.87543615462819,0,1,0,0,5,0,1,1,0,0
616,0,53.63803487338687,0,0,0,0,7,0,0,365,0,0
617,0,52.330838829401756,0,0,0,1,4,0,0,365,0,0
618,1,69.45455301167269,1,0,0,0,8,0,0,365,0,0
619,0,85.13438442823018,1,1,0,0,8,0,0,365,0,0
620,0,65.9909155253492,1,0,0,0,11,0,0,365,0,0
621,1,57.92460902661104,0,0,0,0,7,0,0,365,0,0
622,0,64.73712167049581,0,0,0,0,4,1,0,365,1,1
623,1,60.562096809696314,1,0,0,0,10,1,0,365,0,0
624,0,64.21836895099725,0,0,0,0,3,0,0,365,1,0
625,0,60.942387795206926,1,0,0,0,1,0,0,365,0,0
626,1,74.08998169492067,0,0,0,0,4,1,0,365,0,1
627,0,52.06987439048203,1,0,0,0,2,0,0,365,0,0
628,0,53.36232491960831,1,0,0,1,3,0,0,365,0,0
629,0,75.81209445383156,1,0,0,0,9,1,1,9,0,0
630,1,70.09061807554805,1,1,1,1,6,1,1,158,1,1
631,0,66.98795809110997,1,0,0,0,8,0,0,365,0,0
632,1,77.22727220370248,0,0,1,0,7,0,0,365,0,0
633,0,68.19404637556964,0,0,0,0,4,0,0,365,0,0
634,0,58.485383740316976,1,0,0,0,1,0,0,365,0,0
635,0,64.8169968576998,1,0,0,0,6,0,0,365,0,0
636,0,61.97768153476866,1,0,0,0,7,1,0,365,0,0
637,0,50.881011186563356,0,0,0,0,3,1,0,365,0,0
638,0,65.78436602320204,0,0,0,0,10,0,0,365,0,0
639,0,79.52242314786848,1,0,0,0,5,0,0,365,0,1
640,0,40.0,0,0,0,1,5,0,0,365,1,0
641,0,76.10183257432084,1,0,0,0,4,0,0,365,0,0
642,0,70.93086815716701,0,1,0,1,6,0,1,186,1,0
643,1,66.93037042264316,0,0,0,0,7,1,1,108,0,1
644,0,66.83343579555321,0,0,0,0,3,0,0,365,0,0
645,0,63.15085797738889,1,0,1,0,6,0,0,365,1,0
646,1,70.99514368900506,1,1,0,1,4,1,1,51,0,1
647,0,62.59377179576363,1,0,1,1,5,0,0,365,0,0
648,0,77.88176578231857,0,0,0,1,8,0,0,365,0,0
649,0,57.26154178792194,1,0,0,0,4,0,0,365,0,0
650,1,73.97977212118543,0,0,0,1,5,1,0,365,0,0
651,0,69.85755494168754,0,1,0,0,6,1,0,365,0,0
652,0,66.20141035276941,0,0,0,0,2,0,0,365,0,0
653,0,60.175502800571124,1,0,0,0,7,1,0,365,0,0
654,0,79.24341128096988,0,1,0,0,8,1,1,316,0,1
655,0,56.27820018273801,0,0,0,0,4,0,0,365,0,0
656,1,50.214277559395754,0,0,0,0,7,1,0,365,0,0
657,0,54.19244038456768,0,0,0,1,3,0,0,365,0,0
658,1,71.92736660416546,0,1,0,0,4,0,0,365,0,0
659,1,73.22064703504665,1,1,0,1,5,1,0,365,0,1
660,1,54.474040883067204,1,0,0,0,6,0,0,365,0,0
661,1,74.74248907131039,1,0,0,0,4,0,0,365,0,1
662,0,70.78705958749947,0,0,0,0,3,0,0,365,0,0
663,1,74.2951437268135,0,0,0,0,6,0,0,365,0,0
664,0,67.73950121956581,0,0,0,0,9,0,0,365,0,0
665,1,65.93479207189407,1,1,0,0,9,0,0,365,0,0
666,0,68.69025059049726,0,0,1,0,4,0,0,365,0,0
667,0,55.746660817031746,1,0,0,0,4,0,0,365,0,0
668,1,61.41146789939908,1,1,0,1,6,0,0,365,0,0
669,1,72.53020319702973,1,0,0,0,6,0,0,365,0,0
670,1,74.64904338379066,0,0,0,0,10,0,0,365,0,0
671,1,63.377235602983,1,0,0,0,2,0,0,365,0,0
672,1,65.54973219999975,1,0,0,0,3,0,0,365,0,0
673,0,64.53500537475904,1,0,0,1,7,0,0,365,0,0
674,0,88.96404852814817,0,1,0,0,14,0,0,365,0,0
675,0,68.1850523499635,0,0,0,0,5,0,0,365,0,0
676,1,67.8844081468068,0,0,1,0,9,0,1,330,0,0
677,1,59.46242762318868,0,0,0,0,5,1,0,365,0,0
678,1,58.991865118221085,0,0,1,0,4,0,0,365,0,0
679,0,54.855370114566654,0,0,0,0,4,0,0,365,0,0
680,0,40.0,0,0,0,0,1,0,0,365,0,0
681,1,78.50465379004295,1,0,0,0,5,0,0,365,0,1
682,0,64.65398621481536,0,0,0,0,4,1,0,365,0,0
683,0,71.04053876591911,0,0,0,0,7,0,1,31,0,0
684,1,64.73134256738354,0,0,0,1,4,0,0,365,0,0
685,1,65.87161162476971,1,1,0,0,8,0,0,365,0,0
686,0,68.4553293404651,0,0,0,0,8,0,0,365,0,0
687,0,73.44395356190624,1,0,0,0,11,0,1,305,1,0
688,1,77.52749114406092,1,0,0,0,8,0,0,365,0,1
689,1,63.461839233312695,1,0,0,0,7,0,0,365,0,0
690,0,67.18117593244688,0,0,0,0,5,0,0,365,0,0
691,1,64.18489702292625,0,0,0,0,7,0,0,365,0,0
692,1,63.29813128552491,0,0,0,0,6,1,1,1,0,1
693,0,75.8586246468451,1,0,0,0,7,0,0,365,0,0
694,0,51.829988800837945,0,0,0,0,4,0,0,365,0,0
695,1,67.1191561590257,0,0,0,1,7,0,0,365,0,0
696,1,86.01080011207313,1,0,0,0,7,0,1,276,0,1
697,0,74.14916610509661,1,0,0,0,3,0,0,365,0,0
698,1,58.16736961336831,0,0,0,0,4,1,0,365,0,0
699,1,65.13137558213293,1,0,1,0,10,1,0,365,0,0
700,1,66.9926169630648,0,0,0,0,9,0,0,365,0,1
701,1,57.22828345006621,1,0,0,0,7,0,0,365,0,0
702,1,55.161724391237556,1,0,0,1,7,0,0,365,1,0
703,0,57.73545835918353,1,0,1,0,10,0,0,365,0,0
704,0,56.60972455541064,0,0,0,0,1,0,0,365,0,0
705,0,63.105393967600456,1,0,0,0,6,0,0,365,1,0
706,0,72.64247466337603,0,0,0,0,3,0,0,365,0,0
707,1,59.77546614432552,1,0,0,0,9,1,1,300,0,0
708,0,66.440538286952,0,0,0,0,6,0,0,365,0,0
709,1,44.103440647425174,0,0,0,1,4,0,0,365,0,0
710,0,70.65885324134003,0,0,0,1,4,0,0,365,0,1
711,0,53.21595426388678,1,0,0,0,6,1,0,365,0,0
712,0,66.88505149987937,0,0,0,0,9,0,0,365,0,0
713,0,59.09629244620414,0,0,0,1,2,0,0,365,0,0
714,1,66.60474737061205,0,0,0,0,4,0,0,365,0,0
715,1,73.33250395440025,1,0,0,1,4,0,0,365,0,0
716,0,62.023812916184255,0,0,0,1,6,1,0,365,0,0
717,0,67.79831678018004,0,0,0,0,6,0,1,1,0,0
718,0,80.45392227145635,0,0,0,0,7,0,0,365,1,0
719,0,61.22660329092651,1,0,0,0,3,0,0,365,0,0
720,0,54.08222484218956,0,0,1,0,4,0,0,365,0,0
721,1,65.64929847685133,1,0,0,0,6,1,0,365,0,0
722,0,58.79247681274765,0,0,0,0,0,0,0,365,0,0
723,1,69.96162099307067,1,0,0,0,7,0,0,365,0,0
724,1,61.540767715771054,0,0,1,0,4,0,0,365,0,0
725,1,76.44352081481419,0,0,0,0,8,1,0,365,1,1
726,0,77.18457769373427,1,0,0,0,1,0,0,365,0,1
727,1,65.74849272683586,0,0,0,0,5,1,0,365,0,1
728,1,83.3795560991236,0,0,1,0,9,1,1,59,1,1
729,1,86.05772364470597,0,0,0,0,7,0,0,365,0,0
730,1,75.3922626823829,0,0,0,1,4,0,0,365,0,0
731,0,47.05012275693813,1,0,0,0,5,0,0,365,0,0
732,1,60.40980473766432,1,0,0,1,9,0,0,365,0,0
733,0,71.92010568931431,0,1,0,0,5,0,0,365,0,1
734,0,58.4685300647077,1,0,1,0,6,0,0,365,0,0
735,0,52.49086135803962,1,0,0,0,7,0,0,365,0,0
736,1,64.64358690194861,0,1,0,0,6,0,0,365,0,1
737,0,58.786526042976504,0,0,0,0,3,0,0,365,0,0
738,0,70.9761965271353,0,0,0,0,4,1,0,365,0,0
739,1,67.11754562267622,0,0,0,1,5,0,0,365,0,0
740,0,75.60193497069105,0,0,0,0,5,0,0,365,0,0
741,0,62.99021815843156,0,0,0,0,7,0,0,365,0,0
742,0,67.80749382546264,0,0,0,0,6,0,0,365,0,0
743,0,61.44069837007377,0,0,0,0,2,0,0,365,0,0
744,0,52.97838352251243,0,0,0,0,5,0,0,365,0,0
745,1,70.46804458671295,1,1,0,0,8,1,1,5,1,0
746,1,68.96623197404799,0,0,0,1,3,0,1,195,0,0
747,0,72.45923869906183,1,0,0,0,7,0,0,365,0,0
748,0,65.9532491807622,0,0,0,0,6,0,0,365,0,0
749,1,73.92582457394413,1,0,0,1,4,0,1,53,0,0
750,1,66.48925449942466,0,0,0,0,8,1,0,365,0,1
751,1,74.28838258334841,1,0,1,1,11,0,0,365,0,0
752,1,69.02869568454818,1,0,1,0,6,1,0,365,0,1
753,1,68.01394326592698,0,0,0,0,7,0,0,365,0,1
754,0,41.048362322618985,0,0,0,0,3,1,0,365,0,0
755,0,58.63402404697198,1,0,0,0,7,0,0,365,0,0
756,0,50.25615981903805,1,0,0,0,5,0,0,365,0,0
757,0,61.08654117312538,0,0,0,0,5,1,0,365,0,0
758,0,67.21674291074196,1,0,1,0,8,0,0,365,0,0
759,0,58.42654285927639,1,0,1,0,7,1,0,365,0,0
760,1,65.616310543459,0,0,0,1,7,0,0,365,0,0
761,1,51.11172285944077,1,0,0,0,6,0,0,365,0,0
762,0,85.51278422612384,1,0,1,0,5,0,0,365,0,0
763,1,66.69963206036047,1,0,0,1,9,0,0,365,0,1
764,1,80.29902016525256,1,0,0,0,7,0,0,365,0,1
765,1,77.48448189371696,1,0,0,0,10,1,0,365,0,0
766,0,52.127306696400936,0,0,0,0,7,0,0,365,0,0
767,0,55.8930989013166,1,0,0,0,2,0,0,365,0,0
768,0,62.056933895435165,0,0,0,0,6,0,0,365,0,0
769,1,74.5827926273723,1,0,0,0,11,0,0,365,0,0
770,1,56.433745591027716,1,0,0,0,4,0,0,365,0,0
771,1,88.52001315629093,0,0,0,1,10,1,1,314,0,0
772,1,70.58158665631373,0,1,0,0,9,0,0,365,0,0
773,0,63.40801259863977,1,0,0,0,10,1,1,294,0,0
774,1,70.30668851846109,1,0,0,0,5,1,0,365,1,1
775,0,82.58819740442738,1,0,0,0,6,0,0,365,0,0
776,1,73.7364397058347,0,1,0,1,13,0,0,365,1,1
777,0,67.66564673293483,0,0,0,1,8,0,0,365,0,0
778,0,56.393565518258846,1,0,1,0,2,0,0,365,0,0
779,0,79.76267733831666,0,0,0,0,6,0,0,365,0,0
780,1,60.771629832374515,0,0,0,0,3,1,0,365,0,0
781,1,68.73482902147175,1,0,0,0,2,0,1,119,0,0
782,0,46.579388283079545,0,0,0,1,5,1,0,365,0,0
783,0,56.36673299643067,1,0,0,0,5,0,0,365,0,0
784,0,53.95026341612676,1,0,0,0,4,0,1,350,0,0
785,0,62.90501343414074,0,0,0,0,3,0,0,365,0,0
786,0,66.83266722215463,0,0,0,1,4,0,0,365,0,0
787,1,81.05882923405325,0,0,0,0,5,0,0,365,0,0
788,0,77.3685767303245,1,0,0,0,8,0,0,365,0,0
789,0,73.24716496502799,1,0,0,0,4,0,1,25,0,0
790,1,40.337654615228466,0,0,0,0,3,0,0,365,0,0
791,0,74.67652570979831,0,0,0,1,3,0,0,365,0,0
792,0,66.20094845607568,1,0,0,0,6,0,0,365,0,0
793,0,69.96204681489804,1,0,0,1,7,0,0,365,0,0
794,1,81.69384282199094,1,0,0,0,10,1,0,365,0,0
795,1,77.87015897297213,1,1,0,0,8,0,0,365,0,0
796,0,57.79066650953303,0,0,0,0,9,0,0,365,0,0
797,0,85.29120969938346,1,0,0,0,11,0,0,365,0,0
798,0,40.904449022680254,0,0,0,0,6,0,0,365,0,0
799,1,60.8141880620015,0,0,1,0,4,0,0,365,0,0
800,0,53.87696268945465,1,0,0,0,5,0,0,365,0,0
801,1,66.84505190978713,0,0,0,1,6,0,0,365,0,0
802,1,76.74170119760197,1,0,1,0,11,1,0,365,0,0
803,0,59.74277032363084,0,0,0,0,7,0,0,365,0,0
804,1,72.66389194738555,1,0,0,0,1,0,0,365,0,1
805,0,65.47787458995478,1,0,0,0,10,1,1,134,1,1
806,0,47.59617936926888,1,0,0,0,5,0,0,365,0,0
807,1,63.929748430184745,0,0,0,0,6,0,0,365,0,0
808,0,68.5314802347538,0,0,0,0,5,0,0,365,0,1
809,1,82.58627499413245,0,0,0,0,4,1,0,365,0,0
810,0,60.1463758846466,1,0,0,0,5,0,0,365,0,1
811,0,57.614116873028024,1,0,0,0,5,0,1,356,0,0
812,1,61.589499739832384,0,0,0,0,4,0,0,365,0,0
813,0,73.28356858924344,1,0,0,0,10,0,1,203,1,1
814,0,60.35359369093111,0,0,0,1,6,0,0,365,0,0
815,1,75.04924829665298,1,0,0,0,7,0,0,365,0,0
816,0,72.99279095998973,0,0,0,0,4,0,0,365,0,0
817,0,53.927371001849544,1,0,0,0,2,0,0,365,0,0
818,0,73.63253324124342,0,0,0,0,5,0,0,365,0,1
819,0,59.86728400038527,1,0,0,0,4,0,0,365,0,0
820,1,71.94391686996508,0,0,0,0,14,1,0,365,0,1
821,0,57.64793713752904,1,0,0,0,10,0,0,365,0,0
822,0,71.46052745307516,1,0,0,0,8,0,0,365,0,0
823,0,71.7906703701956,1,0,0,0,6,0,0,365,1,0
824,0,50.720279382328826,0,0,0,0,8,0,0,365,0,0
825,1,51.92927183939613,1,0,0,0,4,1,0,365,0,0
826,0,64.84758860696724,1,0,0,0,4,0,0,365,0,0
827,0,67.46203031633833,0,0,0,0,3,1,0,365,0,0
828,0,63.8220904690181,0,0,0,1,3,1,1,362,1,0
829,0,59.94528874339977,1,0,0,0,5,1,0,365,0,0
830,0,69.34746379683473,0,0,0,0,15,0,0,365,0,0
831,1,75.03261522099746,0,0,1,0,7,1,0,365,0,0
832,1,91.58992223113887,0,0,1,0,10,0,0,365,0,1
833,1,71.533260386378,0,0,0,0,6,1,1,304,0,1
834,0,53.51168464571917,1,0,0,0,6,0,0,365,0,0
835,0,55.4224681716823,0,0,0,0,6,0,0,365,0,0
836,0,55.92118501442653,0,0,0,0,4,0,0,365,0,0
837,0,73.65844752305026,1,0,0,1,5,0,0,365,0,1
838,0,56.35310078340964,0,0,0,1,3,0,0,365,0,0
839,0,74.71526542501155,0,0,0,0,5,0,0,365,0,1
840,1,57.01620396993578,1,0,0,0,7,0,0,365,0,0
841,1,74.68503315192049,1,0,0,0,2,0,0,365,0,1
842,0,60.428947576100526,0,0,0,0,7,1,0,365,0,0
843,0,61.25093991082245,1,0,0,0,4,0,0,365,0,0
844,0,63.32099992493663,0,0,0,0,5,0,0,365,0,0
845,1,89.91851981312404,1,0,0,0,9,0,0,365,0,1
846,0,63.444542473879835,0,0,0,0,5,0,0,365,0,0
847,0,67.61292731959443,0,0,0,0,4,0,0,365,0,0
848,0,59.85352088516295,1,0,1,0,4,1,0,365,0,0
849,1,79.04227014426088,0,0,0,1,4,0,0,365,0,0
850,0,57.83254429089104,1,0,0,0,5,1,0,365,0,0
851,0,68.0933646347147,0,0,0,0,7,0,1,330,0,0
852,0,54.99945345546922,1,0,0,0,5,0,1,208,0,0
853,1,59.99072748593889,1,0,0,1,3,0,0,365,0,0
854,0,73.78765107355042,0,0,0,0,8,0,0,365,0,0
855,1,88.99655447574735,1,1,0,1,8,1,1,285,0,1
856,0,57.39501577665237,1,0,0,0,3,0,1,138,0,0
857,1,74.243684516244,1,0,0,1,7,1,0,365,0,0
858,1,67.53052398363198,1,0,0,0,4,0,0,365,0,1
859,1,70.34374429337073,0,1,0,1,6,0,0,365,0,0
860,1,93.62383881625239,1,0,0,0,10,0,0,365,1,1
861,0,78.1192590740765,1,0,0,1,4,0,0,365,0,1
862,0,58.45838144442288,1,0,0,0,5,0,0,365,1,1
863,1,44.818774701717714,1,0,0,1,5,1,0,365,0,0
864,1,66.18780640751223,0,0,0,0,9,0,0,365,0,0
865,0,62.69772314222164,1,0,0,0,7,0,1,289,0,1
866,0,84.29876414261211,0,0,0,1,5,0,1,318,0,0
867,0,67.76211907983098,1,0,0,0,4,0,0,365,0,0
868,0,59.06054519119639,0,0,0,0,3,1,0,365,0,0
869,1,57.69439222084317,0,1,0,0,5,0,0,365,0,0
870,0,42.90358445071691,0,0,0,0,5,0,0,365,0,0
871,1,81.59521694893824,0,0,0,0,1,1,0,365,0,1
872,0,70.25461072840658,1,0,0,1,6,1,0,365,0,0
873,0,66.2437862416641,1,1,0,0,5,1,0,365,0,0
874,0,77.84356119718534,1,0,0,0,7,1,0,365,0,0
875,1,61.40322982472928,0,0,0,0,3,1,0,365,0,0
876,0,45.70459803811689,0,0,0,1,5,1,0,365,0,0
877,0,70.38095584644117,0,0,0,0,9,0,0,365,0,0
878,0,63.760533802524364,1,0,0,0,5,0,0,365,0,0
879,1,67.82844602923394,1,0,1,0,5,0,0,365,0,0
880,0,58.30571660903055,0,0,0,0,2,0,0,365,0,0
881,1,71.4770366268548,0,0,1,0,8,0,0,365,0,1
882,0,71.3747457440054,0,0,0,0,6,1,0,365,0,0
883,0,62.21244027374054,1,0,0,0,6,0,0,365,0,0
884,1,51.319367907524125,0,0,0,1,5,0,0,365,0,0
885,0,90.23145821200089,1,1,1,1,14,0,0,365,0,0
886,0,59.40309940539992,0,0,0,1,4,0,0,365,0,0
887,1,78.1856085472748,0,0,0,1,8,0,0,365,0,0
888,0,81.03898017301937,1,0,0,0,10,0,1,359,0,0
889,1,59.09183262824985,1,0,0,0,4,1,0,365,0,0
890,0,62.16266398677162,1,0,0,0,4,0,0,365,0,0
891,0,51.83253726307861,0,0,0,1,5,0,0,365,0,0
892,1,72.80294123510689,0,1,0,0,11,0,0,365,0,0
893,0,58.36938049503718,1,0,1,0,2,0,0,365,0,0
894,0,55.56182175173399,1,0,0,0,2,1,0,365,0,0
895,0,72.97380992398409,0,0,0,0,4,0,0,365,0,1
896,1,46.36022528752288,1,0,0,0,1,0,1,206,0,0
897,0,66.70857047943113,1,0,0,1,8,0,0,365,0,0
898,1,56.78840300203083,1,0,0,0,5,1,0,365,0,0
899,0,63.32923847661405,0,0,0,1,8,1,0,365,0,0
900,1,63.08123700929393,0,0,0,0,5,0,0,365,0,0
901,0,72.27531226070724,0,0,0,0,7,0,0,365,0,0
902,0,73.45899449919723,1,0,0,0,7,0,0,365,0,0
903,0,54.37325741296468,0,0,0,0,4,0,0,365,0,0
904,1,66.126069953812,1,0,0,0,9,0,0,365,0,0
905,0,65.44178591865592,1,0,0,0,7,0,0,365,0,0
906,1,75.58335057913987,0,0,0,0,5,0,0,365,0,0
907,0,63.062320691708365,1,0,0,0,3,0,0,365,0,0
908,0,50.23168091240253,1,0,0,0,3,0,0,365,0,0
909,1,63.74879133694875,1,1,1,0,8,1,0,365,0,0
910,0,66.3118008070328,1,0,0,0,4,1,0,365,0,0
911,0,49.29430910339839,0,0,1,0,8,0,0,365,0,0
912,0,59.54797111540685,1,0,0,0,8,0,0,365,1,0
913,1,68.49117274956086,0,0,0,0,3,0,0,365,0,0
914,1,57.59303311719229,1,0,1,0,7,0,0,365,0,0
915,0,50.49229228188812,1,0,0,0,6,1,0,365,0,0
916,0,58.28966913737852,0,0,0,1,8,0,1,16,0,1
917,0,65.7271401431385,0,0,0,0,7,0,0,365,0,0
918,0,57.31786406772554,1,0,0,1,3,0,0,365,0,0
919,0,74.42808037053479,0,0,0,0,10,0,0,365,0,0
920,0,76.91981373872095,0,1,0,1,6,0,1,323,0,0
921,1,53.85447897795856,0,0,0,0,4,1,0,365,0,0
922,1,71.00168899975516,0,0,0,0,5,1,0,365,1,1
923,0,56.95325436680677,0,0,0,0,5,0,0,365,1,1
924,0,47.800925603653106,1,0,0,0,4,1,0,365,0,0
925,0,56.90172327138332,1,0,0,0,4,1,0,365,0,0
926,0,52.83639022831794,0,0,0,0,1,0,0,365,0,0
927,1,67.17061519098371,0,0,0,0,8,1,0,365,0,0
928,0,62.33154469667427,0,0,0,0,6,0,0,365,0,0
929,1,56.973046221904966,1,0,0,0,4,0,0,365,0,0
930,0,65.76127404458204,0,0,0,1,9,1,0,365,0,0
931,1,67.13965793169083,1,0,0,1,3,0,0,365,0,0
932,1,90.83515880541783,0,0,1,0,11,0,0,365,0,0
933,1,72.88789126848656,0,0,0,0,2,1,0,365,0,0
934,0,67.3249503264425,0,0,0,0,4,0,0,365,0,0
935,0,71.26659590242724,1,0,0,1,5,0,0,365,0,0
936,0,68.79695745907175,1,0,0,0,4,0,0,365,0,0
937,1,69.12637698468703,1,0,0,0,9,1,0,365,0,0
938,1,74.20945458151795,1,1,0,0,8,1,1,131,0,1
939,1,66.15375494141706,0,0,0,0,5,0,0,365,0,0
940,1,73.50153015451285,1,1,0,0,15,0,0,365,0,1
941,0,62.35527113640854,0,0,0,0,7,0,0,365,0,0
942,0,74.51288419835551,1,0,0,0,2,0,0,365,0,0
943,1,76.1557464502191,0,0,0,0,3,1,0,365,0,1
944,1,47.44085037871596,1,0,1,0,6,0,0,365,0,0
945,0,74.3174657857408,0,0,0,0,9,1,0,365,0,1
946,0,72.68811086243852,1,0,0,0,3,0,0,365,0,0
947,1,89.12578784744636,0,0,0,0,9,0,1,25,0,0
948,1,74.1115418696601,1,0,0,0,12,1,0,365,1,1
949,0,66.98563275428091,0,1,1,0,9,0,0,365,0,0
950,1,66.4321853705642,1,1,0,0,7,0,0,365,0,1
951,0,74.09964796657972,1,0,0,1,3,0,0,365,0,0
952,1,87.49703643668684,1,1,1,0,12,0,1,23,1,1
953,1,70.46530096344631,0,0,0,1,7,0,0,365,0,0
954,1,89.93886376892218,0,0,1,0,10,0,1,297,1,1
955,1,64.12290999923059,0,0,1,0,7,1,0,365,0,0
956,1,47.842071625490334,1,1,0,1,5,0,0,365,0,0
957,1,77.21971423082054,0,0,0,0,5,1,0,365,0,0
958,1,69.00266089128345,1,1,0,0,4,0,0,365,0,0
959,1,69.7405954855027,0,0,0,0,4,0,0,365,1,1
960,0,58.231202692771944,0,0,0,0,1,0,0,365,0,0
961,1,69.21886674397962,1,0,0,0,4,0,0,365,0,0
962,0,58.97914048685715,0,0,0,0,4,0,0,365,0,0
963,0,67.03978371586626,1,0,0,0,4,1,0,365,0,0
964,0,56.40781604670667,1,0,0,0,4,0,0,365,0,0
965,1,77.24519298554704,0,0,0,0,5,0,0,365,0,0
966,1,88.9513675526053,0,1,1,0,12,0,1,6,0,1
967,0,44.95170227307202,0,0,0,0,3,0,0,365,0,0
968,1,57.55225561742413,0,0,0,0,5,0,0,365,0,0
969,0,82.47507495763483,1,0,0,0,11,0,0,365,0,0
970,0,59.34954070239941,1,0,1,0,10,0,1,208,0,0
971,1,46.955727764874375,1,0,0,0,3,1,0,365,0,0
972,0,84.72985528535861,0,0,0,0,4,0,0,365,0,0
973,1,71.75103951911973,0,0,0,0,8,0,0,365,0,0
974,1,66.62257741215481,1,0,1,0,8,0,0,365,0,1
975,0,74.05001903896974,1,0,0,0,6,0,0,365,0,0
976,0,71.02705011577844,1,0,0,0,4,0,0,365,1,1
977,0,56.46725242785068,0,0,0,0,3,0,0,365,0,0
978,0,57.72929953533395,0,0,0,0,5,0,0,365,0,0
979,1,69.15452639846758,0,0,0,1,8,1,0,365,0,0
980,0,76.21542867175376,0,0,0,0,3,0,0,365,0,0
981,0,64.06395505205765,0,0,0,0,3,0,0,365,0,0
982,0,55.23249660921357,0,0,0,1,6,0,0,365,0,0
983,0,55.538199380525036,1,0,0,0,3,0,0,365,0,0
984,0,76.71700919469733,0,0,1,0,2,0,0,365,0,0
985,0,60.826622470552884,0,0,0,0,6,1,0,365,0,0
986,1,68.0307287154314,0,0,0,1,5,0,0,365,0,0
987,0,61.60429949283644,1,0,0,0,3,0,0,365,0,0
988,0,61.73554978177341,0,0,0,0,6,0,0,365,1,0
989,0,68.72105429643734,1,0,0,0,4,0,0,365,0,0
990,0,65.52044504983677,0,0,0,0,6,0,0,365,0,0
991,0,53.587386096554475,0,0,0,0,4,0,0,365,0,0
992,0,50.809686467021265,1,0,0,0,5,0,0,365,0,0
993,1,84.50754021866219,0,1,0,0,9,0,0,365,0,1
994,0,71.79482085901017,0,1,0,0,13,0,0,365,1,1
995,0,64.00020972320938,0,0,0,1,8,0,0,365,0,1
996,0,59.33425234303769,0,0,1,0,5,0,0,365,1,0
997,1,73.95659109228289,0,0,1,0,3,0,0,365,0,0
998,1,61.83049944376946,1,0,0,1,2,0,0,365,0,0
999,0,56.13576018921036,0,0,0,1,2,1,1,299,0,0
1000,1,87.87352437715312,0,1,0,0,20,0,0,365,0,1
1001,0,59.55804784536241,0,0,0,0,5,0,0,365,0,0
1002,0,75.63298043836352,0,0,0,0,3,0,0,365,0,0
1003,1,61.05733269856082,1,0,0,0,3,1,0,365,0,0
1004,0,58.95348638647502,1,0,1,0,5,0,1,219,0,0
1005,0,55.01567352555767,1,0,0,0,6,0,0,365,0,0
1006,1,89.33677522672193,1,0,1,0,9,0,0,365,0,0
1007,0,55.00460362571448,0,0,0,0,7,1,0,365,0,0
1008,0,55.927239509044625,1,0,0,0,4,1,0,365,0,0
1009,1,59.44691318501638,1,0,0,0,6,0,0,365,0,0
1010,0,79.12330649263711,1,0,0,0,6,0,0,365,0,0
1011,0,68.318975512599,1,0,0,0,5,1,0,365,0,0
1012,1,55.2264266491561,0,0,0,0,4,0,0,365,0,0
1013,1,77.39455808156345,1,0,0,0,12,1,0,365,0,0
1014,1,57.83277680729647,0,0,0,0,4,0,0,365,0,0
1015,0,65.19119133857976,0,0,0,0,6,0,1,45,0,1
1016,0,72.55516271960508,0,0,1,0,6,0,0,365,0,0
1017,1,71.58645825855419,1,0,0,0,7,0,1,60,0,0
1018,1,60.76637777002759,0,0,0,0,8,0,0,365,0,1
1019,1,52.07428761600031,0,0,0,1,5,0,0,365,0,0
1020,0,53.91894872765528,1,0,0,0,6,1,0,365,0,0
1021,0,59.24358746688813,1,0,0,0,7,0,0,365,0,0
1022,1,65.71686373918457,0,0,0,0,3,0,0,365,1,0
1023,0,52.56920249410312,0,0,0,0,3,0,0,365,0,0
1024,1,73.3367545141532,0,0,0,0,7,0,0,365,1,0
1025,1,50.53228203714644,0,0,0,0,7,0,0,365,0,0
1026,0,76.60033520564228,1,0,0,0,8,0,1,65,0,0
1027,0,53.34182321416134,1,0,0,0,7,0,0,365,0,0
1028,0,79.72262986489172,1,0,0,0,9,0,0,365,0,1
1029,1,55.64100554811811,1,0,0,0,6,0,0,365,1,0
1030,1,69.60794216279086,1,0,1,0,8,0,0,365,1,1
1031,0,64.31280917164497,1,0,0,0,3,0,0,365,0,0
1032,0,69.72256823384635,0,1,1,1,13,1,0,365,0,0
1033,0,40.0,0,0,0,1,3,0,0,365,0,0
1034,0,78.55215736751404,1,0,0,0,10,0,0,365,0,0
1035,0,78.88507649681695,1,0,0,0,5,0,0,365,0,0
1036,0,59.165443785172776,1,0,0,0,3,1,0,365,0,0
1037,1,56.86149908538213,0,0,0,1,5,0,0,365,0,0
1038,1,63.134329893616055,1,0,1,1,6,1,0,365,0,1
1039,0,59.883978792644754,1,0,0,0,0,0,0,365,0,0
1040,1,73.80937410424661,0,0,1,1,5,0,1,268,0,0
1041,0,65.89438948484776,0,0,0,0,6,0,0,365,0,0
1042,1,95.0,0,0,0,0,8,1,0,365,0,1
1043,0,69.26239925441976,0,0,0,0,4,0,0,365,0,0
1044,1,66.85613367072074,0,0,0,0,6,0,0,365,0,0
1045,0,55.04428233618958,0,0,0,0,7,0,0,365,0,0
1046,0,70.73231336529254,0,0,0,0,5,0,0,365,0,0
1047,1,57.22995064298139,1,0,0,0,0,0,0,365,1,0
1048,0,63.3363686815796,0,0,0,1,7,0,0,365,0,0
1049,0,64.65246757047562,0,0,0,0,4,1,1,219,0,0
1050,0,69.83293057667771,0,0,0,0,6,0,0,365,0,0
1051,1,88.84636245493157,0,0,0,0,5,0,0,365,0,1
1052,0,63.11421780517005,0,0,0,0,2,0,0,365,0,0
1053,0,66.3411689087366,1,0,0,0,3,0,0,365,0,0
1054,0,68.28184161419013,1,0,0,1,2,0,0,365,1,0
1055,1,62.49514864219116,1,1,0,1,4,0,0,365,0,0
1056,1,68.49030480261568,1,0,0,0,6,1,0,365,0,0
1057,0,66.43620951787693,1,0,0,0,8,0,0,365,0,0
1058,1,66.00246805823308,0,0,0,1,11,0,0,365,0,1
1059,0,68.38043868867398,1,1,0,0,8,1,0,365,0,0
1060,1,71.9077085526757,0,0,1,1,9,0,0,365,0,0
1061,1,62.91698570492815,0,0,0,0,2,1,0,365,0,0
1062,0,55.2985296945144,0,0,1,1,6,1,0,365,0,0
1063,0,54.10720666353842,0,0,0,0,4,1,0,365,0,0
1064,1,68.61577123345495,0,0,0,0,6,1,0,365,0,0
1065,0,59.43129398862963,0,0,0,1,4,0,0,365,0,0
1066,0,61.26667035243284,0,0,0,1,2,0,0,365,0,0
1067,1,72.72885931925481,0,0,0,0,9,1,0,365,0,0
1068,1,66.08655489506064,0,0,0,0,8,1,0,365,0,0
1069,0,75.26450723536529,0,0,0,0,8,0,0,365,1,0
1070,1,71.14927532828254,0,0,1,0,8,0,0,365,0,0
1071,1,71.20963343170817,0,0,0,0,2,1,0,365,0,0
1072,1,44.375280527799255,0,0,0,1,5,1,0,365,0,0
1073,1,57.500041418779205,1,0,0,0,6,0,0,365,0,0
1074,1,66.74104560417948,1,0,0,0,4,0,0,365,0,0
1075,1,81.97790990652862,1,0,0,0,7,0,0,365,0,0
1076,1,68.5612093460468,1,0,1,0,3,1,0,365,0,0
1077,0,50.57401922169484,0,1,0,0,2,0,0,365,0,0
1078,1,59.19774895429343,1,0,0,0,5,0,0,365,0,0
1079,1,71.65885352770681,1,1,0,0,4,0,0,365,0,0
1080,1,86.36432887334986,0,0,1,0,10,1,0,365,0,1
1081,0,61.049356486898816,0,0,0,0,4,0,0,365,0,0
1082,1,85.33941860936976,0,0,0,0,8,1,1,279,1,1
1083,0,50.79481347170053,0,1,0,1,5,0,1,131,0,0
1084,0,73.0784187619027,1,0,0,0,6,0,1,216,0,0
1085,1,68.26440520357015,0,0,0,0,5,0,0,365,0,1
1086,0,64.28447273256762,0,0,0,0,6,0,0,365,0,0
1087,1,75.3509759533766,0,1,0,0,6,1,0,365,0,0
1088,1,89.73164616930654,1,1,0,0,11,0,1,64,0,1
1089,0,62.83398512752461,1,0,0,1,4,1,0,365,0,0
1090,1,84.1811481773554,0,1,0,0,4,0,0,365,0,1
1091,1,70.28387330911094,1,1,0,0,13,0,0,365,0,0
1092,1,63.29748492226609,0,0,1,0,7,1,0,365,0,0
1093,0,82.82575946497609,1,0,0,0,6,0,0,365,0,0
1094,0,75.25438146554144,1,0,0,0,3,0,0,365,1,1
1095,0,59.93687071100435,1,0,0,1,8,0,0,365,0,0
1096,0,64.47453631096167,1,0,0,0,6,0,0,365,0,0
1097,1,82.28443798232604,1,0,0,0,8,0,0,365,0,0
1098,0,57.95561755284195,1,0,0,1,5,0,0,365,0,0
1099,0,65.11232624298633,0,0,0,0,13,0,0,365,0,0
1100,0,63.221131858616204,0,0,0,0,4,1,0,365,0,0
1101,0,70.08370886429658,0,0,1,0,3,0,0,365,0,0
1102,0,79.19136819160681,1,0,0,1,6,0,0,365,0,0
1103,0,59.6679120223834,0,0,1,0,3,0,0,365,0,0
1104,0,72.01724138262162,0,0,0,0,5,0,0,365,0,0
1105,0,61.80894699442907,1,0,0,0,6,0,0,365,0,0
1106,0,48.423433348749015,0,0,0,1,5,1,0,365,0,0
1107,1,80.58294678872215,0,0,0,0,6,0,0,365,0,1
1108,0,52.75345686261481,0,0,0,0,2,0,0,365,0,0
1109,0,54.80973989415327,0,0,0,0,6,0,0,365,0,1
1110,0,69.55836686900537,1,0,0,0,4,0,0,365,0,0
1111,0,75.37552539687778,0,0,0,0,5,0,0,365,1,1
1112,0,63.70622622611797,1,0,0,0,4,0,0,365,0,0
1113,1,65.77402907893739,0,0,0,1,7,0,0,365,0,0
1114,0,55.604408839386764,1,0,0,0,8,0,0,365,0,0
1115,1,80.26301702870772,0,0,0,0,2,1,0,365,0,1
1116,0,62.07492815343585,1,0,0,0,1,0,0,365,1,0
1117,0,84.06068648492715,1,0,0,1,7,0,0,365,0,0
1118,0,51.076822651677546,0,0,0,0,5,0,0,365,0,0
1119,0,65.60348989382334,0,0,0,0,3,0,0,365,0,0
1120,0,69.31597246188274,1,0,0,0,5,0,0,365,0,0
1121,0,77.05098226607737,1,0,0,0,6,0,0,365,0,0
1122,1,44.6811532426141,1,0,0,0,5,0,0,365,0,0
1123,1,49.87801174117864,0,1,0,0,3,0,0,365,0,0
1124,0,69.85750223284727,0,0,0,0,5,0,0,365,0,0
1125,1,69.72911415084111,0,0,1,0,7,0,0,365,0,0
1126,0,59.52925583445813,0,0,0,0,5,0,0,365,0,1
1127,1,82.1692880900734,0,0,1,0,10,1,0,365,0,0
1128,0,58.161058181341325,0,0,0,0,6,1,0,365,0,0
1129,0,48.42069395214463,1,0,0,1,10,0,0,365,0,0
1130,1,57.83096413551273,1,0,0,0,4,0,0,365,0,0
1131,0,62.2277434416689,1,0,0,0,5,0,0,365,0,0
1132,0,63.04754234677366,1,0,0,0,5,0,1,76,0,0
1133,1,56.26759941485538,1,0,0,0,6,0,0,365,0,0
1134,1,69.22290123535734,1,0,0,0,2,1,0,365,0,0
1135,1,62.053584712877075,0,0,0,0,5,0,0,365,0,0
1136,0,75.59007854456823,1,0,0,0,6,0,0,365,0,1
1137,0,70.17986899519104,0,0,0,0,4,0,0,365,0,0
1138,0,67.2105525998491,0,0,0,1,5,0,1,3,1,0
1139,0,63.76859132672662,0,0,1,0,7,0,0,365,0,1
1140,1,60.56062349378891,0,0,0,1,4,0,0,365,0,0
1141,1,72.89251192216082,0,1,0,1,7,0,0,365,0,0
1142,1,65.09486027369528,0,1,0,0,6,0,0,365,0,1
1143,1,71.98770679845175,0,0,0,0,2,0,0,365,0,0
1144,0,71.95630655609406,0,1,1,1,15,0,0,365,0,0
1145,0,62.44389847110465,0,0,0,0,2,1,0,365,0,0
1146,0,59.129896013935664,0,0,0,0,2,0,0,365,0,0
1147,0,47.609287592989006,0,0,0,0,7,0,0,365,0,0
1148,1,51.9694883518099,1,0,0,0,2,0,0,365,0,0
1149,0,61.19911635967132,1,0,0,0,9,1,0,365,0,0
1150,1,71.86873597625168,0,0,0,0,6,1,0,365,0,0
1151,0,70.96123328634695,1,0,0,0,8,1,0,365,0,0
1152,0,70.22948618151987,0,0,0,1,10,0,0,365,0,0
1153,1,70.58157654282272,1,0,0,0,4,0,0,365,0,0
1154,0,76.65472992465064,0,0,0,0,7,0,1,71,0,1
1155,1,86.64148983731266,0,0,0,0,4,1,0,365,0,1
1156,0,71.1499384571894,0,0,0,0,9,0,0,365,0,0
1157,1,66.05784431799887,1,0,0,1,3,1,0,365,0,0
1158,0,49.44634529173426,0,0,0,1,5,0,0,365,0,0
1159,1,74.4318053489701,1,1,1,0,6,0,0,365,0,0
1160,0,69.31446152668104,1,0,0,0,6,0,0,365,0,1
1161,1,73.12702218535391,1,0,0,1,3,0,0,365,0,1
1162,0,57.7091033081955,0,0,0,0,6,0,0,365,0,0
1163,0,62.872064442149515,0,0,1,0,8,0,0,365,0,0
1164,0,75.31771862668855,0,0,0,1,5,1,0,365,0,0
1165,1,81.5043230798894,0,0,0,0,6,1,0,365,0,0
1166,0,58.041880273624294,1,0,0,0,3,0,0,365,0,1
1167,1,64.58310918266005,1,0,0,0,2,1,0,365,0,0
1168,1,59.384813897621754,1,0,0,0,4,0,0,365,0,0
1169,0,56.59451699431809,0,0,0,0,11,0,0,365,0,0
1170,0,57.660343627203886,1,0,0,0,8,0,0,365,0,0
1171,0,63.74970683571416,1,0,0,0,3,0,0,365,0,0
1172,0,50.22195200211711,0,0,1,0,6,1,1,265,0,0
1173,0,59.7696698822147,0,0,0,0,1,0,0,365,0,0
1174,1,62.00079064693464,0,0,1,0,7,1,0,365,0,1
1175,0,82.0496931824688,1,0,0,0,1,0,0,365,0,1
1176,0,81.23200652661392,0,0,0,0,3,0,0,365,1,0
1177,0,40.0,0,0,0,0,7,0,0,365,0,0
1178,0,55.25314377364803,0,0,0,0,6,1,1,313,0,1
1179,1,78.81631898048083,0,0,0,0,5,0,0,365,0,0
1180,1,76.48343190599441,0,0,0,0,10,1,0,365,0,0
1181,0,62.218534327474025,1,0,0,0,6,0,0,365,0,0
1182,0,72.91929660961202,0,0,0,0,6,0,0,365,0,0
1183,0,68.81277687823824,0,0,0,0,4,0,0,365,0,1
1184,1,55.014822282835794,0,0,0,0,8,1,0,365,0,1
1185,1,73.28711535901732,0,1,0,0,4,0,0,365,0,0
1186,0,48.69401295026516,1,0,0,0,3,0,0,365,0,0
1187,1,80.17094043695616,0,0,0,1,5,0,0,365,0,0
1188,1,71.25489107678747,0,0,0,0,10,1,0,365,0,0
1189,0,60.08922313854432,1,0,0,0,3,0,0,365,0,0
1190,0,90.35171455156959,1,0,0,0,6,1,0,365,0,0
1191,0,72.12647602425784,0,0,1,0,6,1,0,365,1,0
1192,1,62.600100980583406,1,1,0,1,5,0,0,365,0,0
1193,0,65.33447281017027,1,0,0,0,3,0,0,365,0,0
1194,0,61.13851526164373,1,0,0,0,6,0,0,365,0,0
1195,1,81.45814834732748,1,0,0,0,9,0,0,365,1,1
1196,0,66.11801743418926,0,1,0,0,8,0,0,365,0,0
1197,0,77.45598213985707,1,0,0,0,7,0,0,365,0,0
1198,0,68.78248478659222,1,0,0,0,5,1,0,365,0,0
1199,1,58.06693959021224,0,0,0,0,1,0,0,365,0,0
1200,1,71.13316325629197,0,0,0,0,4,0,0,365,1,1
1201,0,52.1623264273754,0,0,0,0,6,1,0,365,0,0
1202,0,67.35125318348246,0,0,0,0,5,1,0,365,0,0
1203,0,48.40343215899275,0,0,0,0,4,0,0,365,0,0
1204,0,51.11044818618659,0,0,0,0,2,0,0,365,0,0
1205,0,57.446591617638575,0,0,1,0,8,0,0,365,0,0
1206,0,65.55519353154376,1,0,0,1,2,0,0,365,0,0
1207,0,63.89286622973199,0,0,1,0,8,1,0,365,0,0
1208,0,63.26983271269047,1,0,0,0,8,0,0,365,0,0
1209,1,63.98173274184152,1,0,0,0,4,0,0,365,0,0
1210,1,69.62249772663618,0,0,1,1,8,0,1,76,0,0
1211,0,58.800569275719255,1,0,0,0,5,1,0,365,0,0
1212,0,68.91805184407643,0,1,0,0,4,0,0,365,0,0
1213,0,70.61648693492117,1,0,0,0,7,0,0,365,0,0
1214,1,58.3016299162061,0,0,0,0,3,0,0,365,0,0
1215,1,64.50784179522672,0,0,1,1,9,1,0,365,0,0
1216,0,68.03926853958637,1,0,0,0,5,0,0,365,1,1
1217,1,79.05933650169165,0,0,1,0,5,0,0,365,0,0
1218,1,59.61096029177911,1,0,0,0,7,0,0,365,0,0
1219,0,80.55862334088019,1,0,0,0,8,0,0,365,0,0
1220,1,72.24002065702666,0,0,0,1,9,1,0,365,0,0
1221,0,73.82638572761392,0,0,0,1,7,1,0,365,0,0
1222,1,75.56503056311513,0,0,0,0,6,0,0,365,0,1
1223,0,75.80030868033467,0,0,0,0,5,0,1,23,0,0
1224,1,75.49823288209473,0,0,0,0,7,0,0,365,0,0
1225,0,51.519099616297105,0,0,0,0,6,0,1,306,0,0
1226,1,87.53911321292146,1,0,0,0,10,1,0,365,0,0
1227,0,71.93389679246418,0,0,0,1,5,0,0,365,0,0
1228,0,58.567865780127775,0,1,0,0,7,0,0,365,0,0
1229,0,74.54942133276629,1,1,0,0,1,0,0,365,0,0
1230,0,65.04596283291214,0,0,1,0,4,0,0,365,0,0
1231,0,64.0813348223429,1,0,0,0,6,0,0,365,0,0
1232,0,74.05945702053711,0,0,1,0,7,0,0,365,0,0
1233,0,74.39440899886768,1,0,0,0,8,0,0,365,0,0
1234,0,56.62692400939884,1,0,0,0,5,0,0,365,0,0
1235,1,85.19511848275816,1,0,0,0,7,1,1,179,0,1
1236,0,68.67859294771952,0,0,0,1,8,0,0,365,0,1
1237,1,75.68111606954996,0,0,0,0,6,0,0,365,0,1
1238,1,63.750711093250075,1,0,0,0,9,1,1,19,0,0
1239,1,68.47772422967259,0,0,0,0,5,1,0,365,0,0
1240,1,56.66593418215105,0,0,0,0,4,0,0,365,0,0
1241,1,64.6468754835239,1,0,0,0,5,1,0,365,0,0
1242,1,57.095247965848195,0,1,1,0,3,1,0,365,0,0
1243,0,61.91347829501238,1,0,0,1,8,0,0,365,0,0
1244,0,65.46323309656908,1,0,0,0,6,0,0,365,0,0
1245,1,71.35104974938588,1,0,0,0,7,0,1,20,0,1
1246,0,64.70393168692716,0,0,0,0,6,0,0,365,0,0
1247,1,61.84073159922916,1,0,0,0,7,0,0,365,0,0
1248,0,70.34313082519222,0,0,0,0,4,1,0,365,0,0
1249,1,60.38642043040803,1,1,0,1,9,0,0,365,0,0
1250,0,82.95955969781284,0,1,0,0,6,0,0,365,0,1
1251,1,68.2706611494938,1,0,0,0,4,1,0,365,0,0
1252,1,68.51402958321201,1,0,0,1,9,0,0,365,0,0
1253,0,61.49288201531084,0,0,0,0,3,1,0,365,0,0
1254,0,65.85578479541469,1,0,0,0,6,0,0,365,0,0
1255,0,76.9595856517131,0,0,0,0,5,0,0,365,0,0
1256,0,71.98478449463094,1,0,0,0,6,0,0,365,0,0
1257,0,51.74782089670799,1,0,0,1,6,0,0,365,0,0
1258,0,63.61874109501841,0,0,0,0,5,0,0,365,0,0
1259,0,47.8644536033794,1,0,0,0,3,0,0,365,0,0
1260,0,68.3132251726842,0,0,0,0,3,0,0,365,0,1
1261,0,60.82500265805764,0,0,0,0,5,0,0,365,0,0
1262,1,79.95606748906935,0,0,1,0,9,0,0,365,0,0
1263,0,63.77979839674192,0,0,0,1,4,0,0,365,1,0
1264,0,72.28322624110733,1,0,0,0,6,0,0,365,0,0
1265,1,61.49476260521313,0,0,0,1,8,1,0,365,1,0
1266,0,73.548525742558,0,0,0,0,12,0,1,320,0,0
1267,1,62.02734678991419,0,0,0,0,2,0,0,365,0,0
1268,0,67.87687584079815,0,0,0,0,6,0,0,365,0,0
1269,1,68.1246324683095,0,0,0,0,8,1,0,365,0,0
1270,1,70.07273768235504,1,1,0,0,8,0,0,365,0,1
1271,0,66.98355230445407,0,0,0,0,8,1,0,365,0,0
1272,1,76.29763313742001,1,0,1,1,6,0,0,365,0,0
1273,0,73.42266271345682,1,1,1,0,8,1,0,365,0,0
1274,1,73.70855508123398,1,0,0,0,4,0,0,365,0,1
1275,0,61.51462332849629,0,0,0,0,5,0,0,365,0,1
1276,1,52.966871332793204,0,0,0,0,1,1,0,365,0,0
1277,1,82.46926746971994,1,0,1,0,9,0,0,365,0,0
1278,1,78.19341630950058,1,0,1,0,6,1,0,365,0,0
1279,1,65.77231056717811,0,0,0,0,6,0,0,365,0,0
1280,0,74.29781776537955,1,0,0,1,3,0,0,365,0,1
1281,1,40.0,0,0,0,1,6,0,0,365,0,0
1282,0,63.55282370182699,0,0,0,0,6,0,0,365,0,1
1283,0,50.15322762458794,0,0,0,0,3,0,0,365,0,1
1284,1,72.57265377002285,0,0,0,0,4,0,0,365,1,1
1285,0,73.1373084671235,1,0,0,1,4,1,0,365,0,0
1286,0,69.26297687226536,1,0,0,0,3,0,1,112,0,0
1287,0,75.64176654014162,0,0,0,0,3,1,0,365,0,0
1288,1,63.29318060354759,0,0,0,0,5,0,0,365,0,0
1289,0,48.22546992108007,1,0,0,0,9,0,0,365,0,0
1290,0,69.14966696277563,0,0,0,1,4,0,0,365,0,0
1291,1,68.87619861020904,1,0,1,0,9,0,1,105,0,1
1292,0,67.44338596592493,0,0,0,0,5,0,0,365,0,0
1293,0,55.52801941378948,1,0,1,1,7,0,0,365,0,0
1294,0,66.85954663911177,0,0,0,0,6,0,0,365,0,0
1295,1,68.08152989794934,0,0,0,0,7,1,0,365,1,0
1296,0,63.095471534764314,1,0,0,0,3,0,0,365,0,0
1297,0,57.3835414006257,1,0,1,0,8,0,0,365,0,0
1298,0,74.40065366828766,0,1,0,0,5,0,1,25,0,0
1299,0,64.09326116358179,0,0,0,0,7,0,0,365,0,0
1300,1,67.51893609037852,0,0,0,0,5,1,0,365,0,0
1301,0,72.13915946857088,0,0,0,1,6,1,0,365,0,0
1302,1,76.81817381187538,0,0,1,0,6,0,0,365,0,0
1303,0,54.95080121006745,1,0,0,0,4,0,0,365,0,1
1304,0,73.75184153959546,0,1,0,0,8,0,0,365,0,0
1305,1,72.32435899714754,0,1,0,0,5,0,0,365,0,0
1306,0,73.11650104729111,1,0,0,0,6,1,0,365,0,0
1307,0,86.77142234787534,0,0,0,0,8,0,0,365,0,0
1308,1,72.92193188599302,0,1,0,0,4,1,0,365,0,1
1309,0,61.308583876310834,1,0,0,0,3,0,0,365,0,0
1310,1,89.72306084399318,1,1,0,0,9,1,0,365,0,0
1311,0,52.71332297521703,1,0,0,1,3,0,0,365,0,0
1312,0,78.45386065985723,1,1,1,0,8,0,0,365,0,0
1313,1,75.04527467607902,1,1,0,1,5,1,0,365,0,0
1314,0,69.56902352434419,1,0,0,0,5,1,0,365,0,0
1315,1,67.90224498710283,1,0,1,0,4,1,0,365,0,0
1316,0,64.90645963209711,1,0,0,0,5,0,0,365,0,0
1317,1,74.55162473274225,0,0,0,0,5,1,0,365,0,0
1318,0,73.38646926442274,0,0,0,0,6,0,0,365,0,0
1319,0,66.67314478791876,1,0,0,0,6,1,1,179,0,0
1320,0,70.6704522764466,1,1,0,0,6,1,0,365,0,0
1321,1,63.19318460592281,0,0,0,0,2,0,0,365,0,0
1322,0,48.603353257813225,1,0,0,0,3,1,0,365,0,0
1323,0,82.9138251370139,1,0,0,0,7,0,0,365,0,0
1324,1,72.4748801830787,0,0,0,0,6,0,0,365,0,0
1325,0,75.53035346558336,1,1,0,0,6,0,0,365,0,0
1326,0,66.20807087665254,1,0,0,0,2,0,0,365,0,0
1327,1,75.30052237964958,1,0,0,1,6,0,1,285,1,1
1328,1,73.32692150220045,1,0,0,0,6,0,0,365,0,0
1329,0,79.15026012570998,0,0,1,0,12,0,1,192,0,0
1330,0,62.90140159967178,0,0,0,0,6,0,0,365,0,0
1331,0,64.20128212328818,1,0,0,0,5,0,0,365,0,0
1332,0,65.24271720602451,0,0,0,0,3,0,0,365,0,0
1333,0,66.72132245198277,0,0,0,0,5,1,0,365,0,0
1334,0,43.45232182862234,1,0,0,1,5,0,0,365,0,0
1335,1,75.68414486810228,0,0,0,0,8,0,0,365,1,0
1336,1,67.69083263814528,0,0,0,0,8,1,0,365,0,0
1337,1,58.95679614053708,0,0,0,0,6,1,0,365,0,0
1338,1,79.31113827686866,0,0,0,0,5,1,0,365,0,0
1339,1,66.02483494694953,0,1,0,0,3,1,0,365,0,0
1340,0,70.22226398979227,0,0,1,1,6,0,1,318,0,0
1341,0,69.58457015812627,0,0,0,0,2,1,0,365,0,0
1342,1,69.7561229772655,0,0,1,0,4,0,0,365,0,0
1343,0,61.679490636866454,0,0,0,0,6,1,0,365,0,0
1344,1,56.97950035159154,0,0,1,0,9,0,0,365,0,0
1345,0,65.64783017256211,1,0,0,0,6,0,0,365,0,0
1346,1,86.5538704148685,1,0,0,0,5,0,0,365,0,0
1347,0,66.73716204734967,1,0,0,0,4,0,1,328,0,0
1348,1,69.54214992186806,0,0,0,0,11,1,1,31,0,0
1349,1,68.55722505149379,0,1,0,0,4,1,0,365,0,1
1350,1,64.29706085488101,0,0,0,1,7,1,1,4,0,1
1351,1,84.12788489183173,0,1,1,1,4,0,1,99,1,1
1352,1,57.589896697038,0,0,0,0,2,1,0,365,0,0
1353,1,46.716301066381334,0,0,0,0,3,1,0,365,0,0
1354,1,64.76183296494503,0,0,1,1,10,0,0,365,0,0
1355,0,59.526281258534446,1,0,0,0,10,0,0,365,0,0
1356,1,50.2779298594547,0,0,0,0,4,0,0,365,0,0
1357,0,86.88507423903346,0,0,0,0,5,0,0,365,0,1
1358,0,73.91431461334906,1,0,0,0,3,1,0,365,0,0
1359,1,47.11333452987115,1,0,0,0,1,0,0,365,0,0
1360,1,66.134865553286,1,1,0,0,10,1,1,14,0,0
1361,1,67.04811804387896,0,0,0,1,10,1,0,365,0,0
1362,0,47.22818769872012,1,0,0,0,5,0,0,365,0,0
1363,0,72.07966027490386,0,0,1,1,4,0,1,240,0,0
1364,0,76.5446723722548,0,0,1,0,7,0,1,129,0,1
1365,1,79.65914118611244,0,0,1,1,8,0,0,365,0,0
1366,1,57.85736430296436,0,0,0,0,7,0,0,365,0,0
1367,1,74.34646734573145,0,0,0,0,5,1,0,365,0,1
1368,0,54.89102396107951,0,0,0,0,1,0,0,365,0,0
1369,0,47.9849341315026,0,0,0,1,7,0,0,365,0,0
1370,0,64.95531184502595,0,0,1,0,1,1,0,365,0,0
1371,1,64.03122614196838,0,0,0,0,9,1,0,365,0,0
1372,0,69.57225963719041,1,0,1,0,10,0,0,365,0,0
1373,1,70.19791215610539,1,0,1,0,10,0,0,365,0,0
1374,0,68.5942366280636,0,0,0,0,5,0,0,365,0,0
1375,0,68.07451723996132,1,0,0,1,8,0,0,365,0,0
1376,0,83.65558208506215,1,0,1,0,7,1,0,365,0,0
1377,1,87.00362228887249,0,0,0,0,11,1,0,365,0,1
1378,0,69.90993990200946,1,0,0,0,6,0,0,365,0,0
1379,1,65.33970158407628,0,1,0,1,8,0,1,145,0,1
1380,1,78.81468779618788,1,0,0,0,4,0,0,365,0,0
1381,0,56.66469845976749,0,0,0,0,5,0,0,365,0,0
1382,0,55.65678321125199,0,0,0,1,5,0,0,365,0,0
1383,0,71.31717150888231,0,0,0,0,8,0,0,365,0,0
1384,0,59.52243483015158,0,0,0,0,5,0,0,365,0,0
1385,1,63.36398705036777,0,1,0,1,8,0,0,365,0,0
1386,0,75.41290806005355,1,0,0,1,4,0,1,2,0,0
1387,1,71.03374261760281,1,0,0,0,6,0,0,365,0,0
1388,1,84.3468877481696,1,0,0,0,7,0,0,365,0,0
1389,1,56.7239430433191,1,0,0,0,6,0,0,365,0,0
1390,1,74.77335352454106,0,0,0,1,10,0,0,365,0,0
1391,0,74.04054786946004,0,0,0,0,6,0,0,365,0,0
1392,0,53.63083852936673,1,0,0,0,0,0,0,365,0,1
1393,1,67.78893526564619,0,0,0,0,7,0,0,365,0,0
1394,0,54.37629162404246,0,1,0,0,5,0,0,365,0,0
1395,1,61.5348312431723,0,0,0,0,4,0,0,365,0,1
1396,0,53.941114595362095,0,0,0,1,6,1,0,365,0,0
1397,1,73.84855446227951,1,0,0,1,9,0,0,365,0,1
1398,0,85.46757787133966,1,0,1,0,4,0,0,365,0,0
1399,1,65.34597215449598,0,1,0,0,4,0,0,365,0,0
1400,1,76.26945500121951,1,0,1,1,11,0,0,365,0,0
1401,0,61.494706015074,0,0,0,0,6,0,0,365,0,0
1402,0,63.97937190595285,1,0,1,0,3,0,0,365,0,1
1403,0,67.83954905786733,1,0,0,0,1,0,1,119,0,0
1404,0,49.61344061937947,1,0,0,0,4,0,1,177,0,0
1405,1,75.46121820401912,1,0,1,1,3,1,0,365,0,0
1406,0,62.22258482061004,1,0,0,0,9,1,0,365,0,0
1407,0,59.65994196942517,0,0,1,0,6,0,0,365,0,0
1408,0,62.7097194824294,1,0,0,0,4,0,0,365,0,0
1409,0,84.08460755889865,1,0,0,1,5,0,0,365,0,0
1410,1,63.80490171022043,0,0,0,0,11,1,0,365,0,0
1411,0,67.22182867898118,1,0,0,0,12,1,0,365,0,1
1412,0,65.29272825212776,0,0,1,1,4,0,0,365,0,0
1413,1,78.7102226961589,1,0,0,0,5,1,0,365,0,0
1414,0,58.6073218079414,1,0,0,0,3,0,0,365,0,0
1415,0,73.99840558749935,1,0,0,0,6,0,0,365,0,0
1416,1,79.52652212573764,1,0,0,0,4,0,0,365,0,0
1417,1,75.94983050189445,0,0,1,0,10,1,1,131,0,1
1418,1,67.7767004253677,0,1,1,1,7,0,0,365,0,1
1419,0,65.31446891923905,1,0,0,0,6,0,0,365,0,0
1420,1,59.3804397359532,0,0,0,0,4,0,0,365,0,0
1421,1,58.541873662478984,1,0,0,0,6,0,1,365,0,0
1422,0,59.242497834850994,1,0,0,0,9,0,0,365,0,0
1423,0,67.19615169774102,0,0,0,0,7,0,0,365,0,0
1424,0,71.3028707822018,1,0,0,0,7,0,0,365,0,0
1425,0,58.8343889794234,1,0,0,1,2,0,0,365,0,0
1426,1,45.10564662506434,0,1,0,1,3,0,0,365,0,0
1427,0,65.0474109280043,1,0,0,0,4,1,0,365,0,0
1428,0,72.2588266490684,0,0,0,0,3,0,0,365,0,0
1429,1,71.95963320950379,0,0,0,0,9,1,0,365,0,0
1430,0,85.29192348017581,1,0,0,0,8,0,0,365,0,0
1431,1,48.2508923278297,0,0,0,0,4,0,0,365,0,0
1432,1,47.4265832824798,1,0,0,0,4,0,0,365,0,0
1433,0,76.0796245126419,0,0,0,0,2,0,0,365,0,1
1434,0,48.428005300564024,0,0,0,0,5,0,0,365,0,0
1435,1,55.505557949773156,1,0,0,0,6,0,0,365,0,0
1436,0,58.595157121830184,0,0,0,0,5,0,0,365,0,0
1437,0,65.11069186003301,1,0,0,0,3,0,0,365,0,0
1438,0,72.09798267065736,1,0,0,0,4,0,0,365,0,1
1439,0,56.60239779401471,1,0,1,0,8,0,0,365,0,0
1440,1,51.33927369215917,1,0,0,0,8,0,0,365,0,0
1441,0,61.400824500366056,0,0,0,0,5,0,0,365,0,0
1442,0,50.41711763884736,1,0,0,1,3,0,0,365,0,0
1443,0,72.02298412455639,1,0,0,1,6,1,0,365,0,0
1444,0,54.35668435935385,0,0,0,1,6,0,0,365,0,0
1445,0,62.21829276136566,0,1,0,0,7,0,0,365,0,0
1446,0,54.14821342867514,0,0,0,0,2,0,0,365,0,0
1447,1,72.82601498430282,0,0,0,0,2,0,0,365,0,1
1448,0,53.89200147565519,0,0,0,0,4,0,0,365,0,0
1449,0,51.830298116646446,0,0,0,0,5,0,0,365,0,0
1450,0,89.75105225789942,1,0,0,0,11,1,0,365,0,0
1451,1,68.80012544975607,0,0,1,0,5,0,0,365,0,0
1452,1,88.8750962552177,0,0,1,0,8,1,0,365,0,0
1453,1,64.21639640703883,0,0,0,0,6,0,0,365,1,0
1454,1,82.76759948912063,1,0,0,1,9,0,1,284,0,0
1455,0,75.48214387121641,1,0,0,0,8,0,0,365,0,0
1456,0,58.957429743394414,0,0,0,0,4,0,0,365,0,0
1457,0,59.03296459242398,1,1,0,0,4,0,0,365,0,0
1458,0,58.95429304515813,1,0,0,0,4,0,0,365,0,0
1459,0,48.74438781256044,1,0,0,0,5,0,0,365,0,0
1460,0,71.21854600604792,0,0,1,0,4,0,0,365,0,1
1461,0,49.04527784325883,0,0,0,0,6,0,0,365,0,0
1462,1,80.83826221399006,1,0,0,0,12,1,0,365,0,1
1463,0,61.84706052319363,1,0,0,0,5,0,0,365,0,0
1464,0,54.46029582071322,0,0,0,0,4,0,0,365,0,0
1465,0,50.20976412556652,1,0,0,0,11,0,0,365,0,0
1466,1,59.73014497678122,0,0,0,0,5,1,0,365,0,0
1467,0,80.8839141119889,1,1,0,1,6,0,0,365,0,0
1468,0,56.78254870798821,1,0,0,0,6,1,1,22,0,0
1469,0,68.39063776525234,0,0,0,0,7,1,0,365,0,1
1470,0,74.34949472783892,1,0,1,0,7,1,0,365,1,0
1471,0,57.64470257643025,1,0,0,0,3,1,0,365,0,0
1472,0,75.2838854411333,1,0,0,0,4,0,0,365,0,0
1473,0,73.56559917749088,1,0,1,0,8,0,0,365,0,0
1474,0,65.28282918050162,1,0,0,0,3,0,0,365,0,0
1475,1,48.748516129950616,1,0,0,1,7,0,0,365,0,0
1476,0,59.10965075496233,0,0,0,1,2,1,0,365,0,0
1477,1,68.25966089345644,0,0,0,0,6,0,0,365,0,0
1478,0,63.87939570724708,1,0,0,1,4,0,0,365,0,0
1479,0,62.63956861779965,0,0,0,0,6,0,0,365,0,0
1480,0,76.79220863999838,1,0,0,0,2,1,0,365,0,0
1481,0,55.65904949915875,0,0,0,0,1,0,0,365,0,0
1482,1,59.08918088856087,0,0,0,0,4,0,0,365,0,0
1483,0,54.2881962288798,1,0,0,0,5,0,0,365,0,0
1484,1,64.32257709851511,0,0,1,0,4,0,0,365,1,0
1485,1,52.58323959253862,0,0,0,0,5,0,1,183,0,0
1486,1,68.76332093166585,1,0,0,0,7,1,1,130,0,1
1487,0,91.51986168831166,0,0,0,0,13,0,0,365,0,1
1488,0,64.01041148294206,1,0,0,0,4,0,1,220,0,0
1489,0,44.659152874256264,1,0,0,0,5,1,0,365,0,0
1490,0,67.82389415301036,1,0,0,0,2,0,0,365,0,0
1491,1,58.48488688724071,0,0,0,0,6,0,0,365,0,0
1492,1,67.08538359451408,0,1,0,0,14,0,0,365,0,1
1493,0,70.13039242034594,0,0,0,0,4,0,0,365,0,0
1494,1,51.20308321011376,0,0,0,0,4,0,0,365,0,0
1495,1,68.55778889785094,1,0,0,0,8,1,0,365,0,1
1496,1,91.58662282653891,1,0,0,0,14,1,1,10,0,0
1497,0,61.128529640403805,1,0,0,0,7,0,0,365,0,0
1498,1,67.2315375370445,0,0,0,0,3,0,0,365,0,1
1499,0,72.51124502420906,1,0,0,1,11,0,0,365,0,0
1500,0,62.47144148754189,0,0,0,0,4,0,0,365,0,0
1501,0,73.99980327794808,0,0,0,0,5,0,0,365,0,0
1502,1,53.098032014078115,0,0,0,0,6,0,0,365,0,0
1503,0,59.76868825286258,1,0,0,0,6,0,0,365,0,0
1504,0,68.57211159005125,1,0,0,0,9,0,0,365,0,0
1505,0,67.63119692363098,0,0,0,1,3,0,0,365,0,0
1506,1,62.61739899511662,1,0,0,0,9,0,0,365,0,1
1507,1,90.38014305431437,1,0,0,0,6,1,1,6,0,1
1508,1,75.6611790750243,1,1,0,1,9,0,1,262,0,1
1509,1,60.970151453674575,0,0,0,0,6,0,0,365,0,0
1510,0,40.0,0,0,0,0,2,0,0,365,0,0
1511,0,86.04764811326476,1,0,0,0,10,0,0,365,0,0
1512,1,89.66164585461193,1,0,1,1,7,0,1,12,0,1
1513,0,59.267013593209974,0,0,0,0,3,1,0,365,0,0
1514,1,78.74032578177427,0,0,0,0,4,0,0,365,0,0
1515,1,85.33662279143503,1,0,0,0,8,0,0,365,1,1
1516,0,64.56922765289065,1,0,0,1,6,0,0,365,0,0
1517,1,58.26423831528906,0,1,0,1,8,0,0,365,0,0
1518,1,70.2439805887607,1,0,0,1,5,1,1,43,0,0
1519,1,79.88734902203734,1,0,1,0,12,0,0,365,0,1
1520,1,45.902358742393254,1,0,0,0,5,0,0,365,0,1
1521,1,79.13146368532614,1,1,0,1,6,0,0,365,0,0
1522,1,62.12991346040597,0,1,0,0,7,1,0,365,0,0
1523,1,80.19864889342821,0,0,0,0,9,0,0,365,0,0
1524,0,70.1496617102419,1,0,0,0,7,1,0,365,0,0
1525,0,53.76283305779524,1,0,0,1,3,0,0,365,0,0
1526,1,88.53001108030429,0,0,0,1,8,0,0,365,1,1
1527,0,51.615010557580135,0,0,0,0,3,0,0,365,0,0
1528,0,79.70451107071345,1,0,0,0,11,0,0,365,0,0
1529,0,62.16603050130195,0,0,0,1,7,0,1,184,1,0
1530,1,83.59865839147494,1,0,0,0,10,0,0,365,0,0
1531,0,40.0,0,0,0,0,4,0,0,365,0,0
1532,0,66.09994493342644,0,0,0,0,8,0,0,365,0,0
1533,1,58.84396949656158,1,0,0,1,4,0,0,365,0,0
1534,0,53.54983245428345,1,0,0,0,9,0,0,365,0,0
1535,0,73.77964144208963,0,1,1,1,9,0,0,365,0,0
1536,1,56.6430197811407,0,0,0,0,5,0,0,365,0,1
1537,1,66.89559125072498,1,0,0,0,8,0,1,284,1,1
1538,0,64.36491058818896,0,0,0,0,9,1,0,365,0,0
1539,0,83.70599101908611,0,0,0,0,5,0,0,365,0,0
1540,1,60.83805577385286,0,0,0,0,3,0,0,365,0,0
1541,1,66.47322634348255,0,0,0,0,5,0,0,365,0,0
1542,0,55.33605540593553,1,0,0,0,7,0,0,365,0,1
1543,1,69.08923159567482,0,1,0,1,6,0,0,365,0,0
1544,0,73.96147711413286,1,0,1,0,8,1,1,348,0,1
1545,1,95.0,1,1,0,0,14,1,1,32,1,1
1546,0,95.0,0,0,0,1,10,0,0,365,0,0
1547,1,75.6915177716213,1,0,1,0,9,0,0,365,0,0
1548,0,46.906138045955124,1,0,0,0,4,1,0,365,0,1
1549,0,64.71995823506592,0,0,0,0,3,0,0,365,0,0
1550,1,71.38514447114719,0,0,0,1,11,1,0,365,0,0
1551,0,74.50265723455509,0,0,0,0,5,0,0,365,0,0
1552,0,70.63036753312169,0,0,0,0,6,1,0,365,0,0
1553,0,49.346050955126756,1,0,0,0,3,0,0,365,0,0
1554,1,69.96431482759759,1,0,0,0,5,1,0,365,0,1
1555,0,66.97983095029372,0,0,0,0,7,0,0,365,0,0
1556,0,72.418712936796,0,0,0,0,9,0,0,365,0,0
1557,0,67.2526979728385,0,1,0,0,6,0,0,365,0,0
1558,0,73.74001016143991,1,0,0,0,4,0,0,365,0,0
1559,0,44.88435320575958,1,0,0,0,4,0,0,365,0,0
1560,1,55.659675727398294,1,0,0,0,9,0,0,365,0,1
1561,1,64.20205114540298,1,0,0,0,2,1,0,365,0,1
1562,0,66.66044362815227,1,0,0,0,7,0,1,31,0,1
1563,1,86.15723927818648,1,1,0,1,12,0,1,46,0,1
1564,1,84.0628200508766,1,0,1,0,7,0,1,239,0,1
1565,1,47.84270401785993,0,0,0,1,3,1,0,365,0,0
1566,1,68.21408867364869,1,0,1,0,3,0,0,365,0,0
1567,0,75.70253293396975,1,0,1,1,8,1,1,204,0,0
1568,0,52.97687164054693,0,1,0,1,7,0,0,365,0,0
1569,0,61.554064041671694,0,0,0,0,2,0,0,365,0,0
1570,0,52.91858237035883,1,0,0,0,7,0,0,365,0,0
1571,0,60.024324681379206,0,1,0,0,8,1,0,365,0,0
1572,1,75.27985195283215,1,1,0,1,8,0,0,365,0,0
1573,0,65.6557882639602,1,0,0,0,6,0,0,365,0,0
1574,0,47.37546627142581,1,0,0,0,7,0,0,365,0,0
1575,0,56.59967207146068,0,0,0,0,2,0,0,365,0,1
1576,1,56.72191000609103,1,1,0,1,4,0,0,365,0,0
1577,1,69.81550642539861,1,0,0,0,9,0,0,365,0,0
1578,0,65.82854146156309,1,0,1,0,9,0,0,365,0,0
1579,0,70.07408278488468,0,0,1,0,6,0,0,365,0,0
1580,0,72.98192493848654,0,0,0,0,5,1,0,365,1,0
1581,0,60.97260220898694,0,0,1,0,6,1,0,365,0,0
1582,1,76.75153498916362,1,0,0,0,5,1,0,365,0,0
1583,1,60.39047899173411,0,0,0,0,6,0,0,365,0,0
1584,1,72.8809719326784,1,0,0,0,3,0,0,365,0,1
1585,0,66.02498883625513,1,0,1,0,7,1,0,365,0,0
1586,0,53.119180234850916,0,1,0,0,4,0,0,365,0,0
1587,1,71.79278492692883,0,0,1,0,14,0,0,365,0,0
1588,0,67.47730310601875,0,0,0,0,7,1,0,365,0,0
1589,0,58.470885852807456,0,0,0,1,5,0,0,365,0,0
1590,0,64.202858036922,0,0,0,0,7,0,0,365,0,0
1591,1,75.44278663381397,0,0,0,0,7,1,0,365,0,0
1592,1,69.51540115113556,0,0,0,0,4,0,0,365,0,1
1593,1,70.06092363630442,1,0,0,1,8,1,0,365,0,0
1594,0,51.35027130894447,0,0,0,0,6,0,0,365,0,0
1595,1,66.79787884024809,1,0,0,1,5,1,0,365,0,0
1596,1,85.79669409082794,1,1,0,0,9,0,0,365,0,1
1597,1,75.91178126808458,0,0,0,0,9,1,0,365,0,0
1598,0,62.284840907702595,0,0,0,1,9,1,1,265,0,0
1599,0,58.450626419727946,0,0,0,0,1,0,0,365,0,0
1600,1,59.403598888294596,1,0,0,0,8,0,0,365,0,1
1601,0,64.49447508263016,0,0,0,0,11,0,0,365,0,0
1602,0,63.24694219115064,1,0,1,0,7,1,0,365,0,0
1603,0,78.49939747319759,1,0,0,0,5,0,0,365,0,0
1604,1,83.28702978486324,0,0,0,0,8,0,0,365,0,0
1605,0,59.362874858173484,1,0,0,0,4,1,0,365,0,0
1606,1,79.41214605297526,0,0,0,1,6,0,0,365,0,0
1607,0,72.78437444619162,0,0,0,1,7,0,1,125,0,0
1608,0,68.60783431744643,0,0,0,0,4,0,0,365,0,0
1609,0,77.74746944343742,0,0,1,0,8,0,0,365,0,0
1610,0,66.59210402936866,0,0,0,0,10,0,0,365,0,0
1611,0,50.72157758824466,1,0,0,0,3,0,0,365,0,0
1612,1,57.3107865322759,1,0,0,0,5,0,0,365,0,0
1613,0,78.49060063770797,1,0,1,0,5,1,0,365,0,1
1614,0,59.352502617136295,0,0,1,1,8,0,0,365,0,0
1615,0,70.64652805461823,1,0,1,0,7,0,0,365,0,0
1616,1,66.62339203611043,0,0,0,1,5,1,0,365,0,0
1617,0,62.75889596947631,0,0,0,0,4,0,0,365,0,0
1618,0,81.39431360223819,0,0,0,0,7,0,0,365,0,1
1619,0,75.24598387927101,1,0,0,0,4,0,0,365,0,0
1620,1,65.42294530050593,1,0,0,0,6,0,1,321,0,0
1621,0,62.231525159652385,1,0,0,0,5,0,0,365,0,0
1622,0,79.99625548842093,1,0,0,1,6,0,0,365,0,0
1623,1,70.54115775083497,1,1,1,0,11,0,0,365,0,0
1624,1,56.11175456451573,1,0,1,0,11,0,0,365,0,0
1625,0,79.69724228018923,1,1,0,1,7,0,0,365,0,0
1626,0,72.1120162091009,0,1,0,1,9,0,1,54,0,1
1627,0,54.55520886904928,0,0,0,0,2,0,0,365,0,0
1628,1,60.87087401979105,0,0,0,0,6,0,0,365,0,0
1629,0,87.18975478315227,1,0,1,0,11,0,0,365,0,0
1630,0,75.6734711449123,1,0,0,1,6,1,0,365,0,0
1631,0,51.31709626257893,0,0,0,1,3,0,1,111,0,0
1632,1,65.30074608815931,1,0,0,1,5,0,1,149,0,0
1633,0,57.21600221968794,1,0,0,0,7,0,0,365,0,0
1634,0,57.96185387808036,0,0,0,0,7,0,0,365,0,0
1635,1,57.16598415418011,0,0,0,0,10,1,0,365,0,0
1636,0,44.32511849450467,0,0,0,0,6,0,0,365,0,0
1637,0,67.14736665137336,1,0,0,1,5,0,0,365,0,0
1638,0,68.573282315592,0,0,0,0,5,1,1,14,0,1
1639,0,68.57775257483306,1,0,0,0,3,0,0,365,0,0
1640,0,82.1960899839943,1,0,0,1,2,1,0,365,0,0
1641,1,40.05798570051723,1,0,0,0,4,0,0,365,0,0
1642,1,80.36813485458832,0,0,0,0,9,0,0,365,0,1
1643,0,57.604135608187775,0,0,0,0,5,1,0,365,0,0
1644,0,63.9868152505876,0,0,0,0,5,0,0,365,0,0
1645,0,68.94243991096157,1,0,0,0,1,0,0,365,1,0
1646,1,58.48841189495763,0,0,0,0,1,0,0,365,0,0
1647,1,56.09216407284399,0,0,0,0,4,0,0,365,0,0
1648,0,69.67829139786892,0,0,0,0,5,1,0,365,0,1
1649,0,81.67652294290171,1,0,0,0,4,1,0,365,0,0
1650,0,63.93653673557804,1,0,0,0,2,0,0,365,0,0
1651,1,66.25990091079376,0,0,0,0,11,0,0,365,0,1
1652,0,58.50329143602406,0,0,0,0,6,0,0,365,0,0
1653,0,56.456119142582104,1,0,0,0,6,0,0,365,0,0
1654,0,76.70109685677059,0,0,0,0,6,0,1,128,0,0
1655,1,61.15225648218744,0,1,1,0,5,1,0,365,0,0
1656,0,61.37432004573196,0,0,0,1,5,1,0,365,0,0
1657,0,69.19647430432465,1,0,1,0,3,0,0,365,0,0
1658,0,51.83490989619667,1,0,0,0,7,0,0,365,0,0
1659,1,57.83722974746633,0,0,0,0,4,0,0,365,0,0
1660,1,86.51289672645964,1,0,0,0,4,0,0,365,1,1
1661,0,59.88214240491712,0,0,1,0,5,0,0,365,0,0
1662,1,67.80631190186833,0,0,0,0,3,0,0,365,0,0
1663,0,70.7344768633831,0,0,0,0,4,0,0,365,0,0
1664,0,67.65331990522107,1,0,0,0,1,0,0,365,0,0
1665,1,67.61390737440381,0,0,0,0,4,0,0,365,0,0
1666,1,73.85012180956178,0,1,0,1,11,1,1,252,0,0
1667,1,82.42071689481256,1,0,0,0,7,0,0,365,0,1
1668,0,52.932416124737856,1,0,0,0,3,0,0,365,0,0
1669,1,57.690136291705606,0,0,0,0,4,0,0,365,0,0
1670,0,74.47845866555646,1,0,0,0,3,0,0,365,1,0
1671,1,82.21356480002133,0,0,0,0,7,0,1,303,0,0
1672,0,84.2464944328766,0,1,0,1,5,1,1,82,1,1
1673,0,64.47709298011854,0,0,0,0,6,1,0,365,0,0
1674,0,71.02615875076664,1,0,0,1,9,0,0,365,0,0
1675,0,60.64924975829392,1,0,0,0,6,1,0,365,0,0
1676,1,58.739336760978205,1,0,0,1,4,0,0,365,0,0
1677,0,67.7881658534797,1,0,0,0,5,0,0,365,1,1
1678,0,63.48544123783064,0,0,0,0,7,0,0,365,0,0
1679,1,59.82180471704364,1,0,0,0,5,1,0,365,0,1
1680,0,59.41738062934018,0,0,0,0,7,0,0,365,0,0
1681,0,66.30964451101013,1,0,0,0,2,1,0,365,0,0
1682,1,89.4815253961855,1,0,0,0,6,0,0,365,1,0
1683,0,74.04676400240066,1,0,1,0,4,1,0,365,0,0
1684,1,75.41582677584188,1,0,1,0,12,0,0,365,0,0
1685,1,77.67535132001731,0,1,0,0,5,0,0,365,0,0
1686,1,47.871747799122204,0,0,0,1,4,0,1,300,0,0
1687,0,70.9286066995093,1,0,0,0,7,0,0,365,0,0
1688,1,64.9827437121686,0,0,0,0,3,0,0,365,0,0
1689,0,66.26977058150418,0,0,0,0,3,1,0,365,0,0
1690,0,76.37286969431625,0,0,0,1,8,1,0,365,0,0
1691,1,58.29979044752221,1,0,0,1,4,0,0,365,0,0
1692,0,91.57043013152833,1,0,0,0,8,0,0,365,0,0
1693,0,68.57775096475484,0,0,0,0,2,0,0,365,0,0
1694,0,68.09316231931383,1,0,0,0,6,0,0,365,0,0
1695,0,50.984566746538235,1,0,0,0,1,1,0,365,0,0
1696,1,70.70369231090166,0,0,0,0,4,0,0,365,0,1
1697,1,66.72216348622423,0,0,0,0,8,0,0,365,0,0
1698,1,63.25967728533024,0,0,0,0,5,0,0,365,0,0
1699,1,68.32700474176727,0,0,0,0,6,1,0,365,0,0
1700,1,67.81040153046645,0,0,0,0,3,0,0,365,0,0
1701,1,66.1448265407558,1,1,1,1,9,0,1,258,0,1
1702,0,56.88203788068092,0,0,0,0,7,0,0,365,0,0
1703,0,68.51942371140811,0,0,0,0,5,0,0,365,0,1
1704,0,67.31910908306932,1,0,0,0,9,0,0,365,0,0
1705,0,64.9507219311215,1,0,0,0,6,0,0,365,0,0
1706,0,67.21372482274195,0,0,0,0,8,0,0,365,0,0
1707,1,62.10073450993444,1,0,0,1,1,0,0,365,0,0
1708,0,48.99783122238631,0,0,0,0,2,0,0,365,0,0
1709,1,69.19705414011717,0,1,0,1,4,0,0,365,0,1
1710,0,74.6084582594222,1,0,0,0,9,1,0,365,0,0
1711,1,71.41426078995939,0,0,0,1,3,1,0,365,0,1
1712,0,59.30051454994324,1,1,0,1,10,1,1,175,0,0
1713,1,76.90095738568486,0,0,0,0,5,0,1,293,0,1
1714,1,85.85940759256873,0,1,0,0,8,1,1,279,0,1
1715,0,65.40541781642865,1,1,0,0,7,0,0,365,0,0
1716,0,72.71703358772646,0,0,0,0,7,0,0,365,0,0
1717,1,70.00618805837847,0,0,0,0,6,0,0,365,0,0
1718,0,50.78258466841882,0,0,0,0,3,1,0,365,0,0
1719,0,65.77018946755963,0,0,0,0,9,0,0,365,0,0
1720,1,91.53899058629119,1,1,0,1,10,0,1,348,1,1
1721,1,67.38725807921574,0,1,0,0,8,0,0,365,0,1
1722,0,56.81375316081587,1,0,0,0,4,0,0,365,0,0
1723,0,62.33515202316156,1,0,0,1,5,1,0,365,0,0
1724,1,72.12313260832235,0,0,0,0,5,1,0,365,0,0
1725,0,65.64880497733091,0,0,0,0,1,0,0,365,0,0
1726,1,43.34067703600506,0,0,0,0,3,0,0,365,0,0
1727,0,59.69417578949176,0,0,0,0,7,0,0,365,0,0
1728,0,74.91810260335427,0,0,1,0,4,0,0,365,0,0
1729,0,62.787153011280445,1,0,1,0,8,0,0,365,1,0
1730,1,61.96474684270153,1,0,0,1,7,0,0,365,0,0
1731,1,62.16177842309973,0,0,1,1,10,1,0,365,0,0
1732,0,66.98566240716806,0,0,1,0,3,0,0,365,0,0
1733,0,65.62039868422224,1,0,0,0,3,0,0,365,1,0
1734,1,72.47477909345488,1,0,0,0,2,0,1,21,0,0
1735,1,68.96788141645449,0,0,0,1,9,1,1,253,0,0
1736,0,69.95505306346807,1,0,0,1,4,0,0,365,0,0
1737,0,62.37460628100713,0,0,1,1,6,0,0,365,0,0
1738,0,72.1681424935279,0,0,0,0,5,0,0,365,0,1
1739,0,82.23201856536534,0,0,1,1,3,0,1,172,1,0
1740,0,81.99580007735722,0,0,0,0,10,0,1,178,0,0
1741,1,82.45828316683017,1,0,0,0,9,0,0,365,0,1
1742,0,77.01313716221344,0,0,0,0,8,1,0,365,0,0
1743,0,50.9717045028488,1,0,0,0,4,0,0,365,0,0
1744,0,64.58898656533613,0,0,0,1,4,0,0,365,0,0
1745,0,74.05857432709637,0,0,0,0,4,0,0,365,0,0
1746,1,65.89235915879803,0,0,1,0,3,1,0,365,0,0
1747,0,77.60250082230155,1,0,0,0,5,0,0,365,0,0
1748,0,69.9419256716932,0,0,0,0,10,0,0,365,1,0
1749,0,60.3118336975439,1,0,0,0,2,0,0,365,0,0
1750,1,63.40326188047979,1,0,0,0,4,1,0,365,0,0
1751,0,63.84048469821319,1,0,0,0,7,0,0,365,0,0
1752,1,91.99297323088966,1,1,1,1,10,0,1,77,0,1
1753,0,79.42343336546031,0,0,0,0,3,0,0,365,0,0
1754,0,79.82518721443269,0,0,0,0,8,1,0,365,0,0
1755,0,64.4688376421129,0,0,0,0,2,0,0,365,0,0
1756,1,80.87343338801428,1,0,0,0,6,0,0,365,1,1
1757,0,60.86803894117299,0,0,0,0,9,1,1,2,0,0
1758,1,61.32976072486812,0,0,0,0,9,1,0,365,1,0
1759,1,63.699661166123846,1,1,0,1,6,0,1,74,1,0
1760,1,72.26924047892344,1,0,0,0,7,0,0,365,1,1
1761,0,52.7332543254997,1,0,0,0,3,0,0,365,0,0
1762,0,45.95737744770898,1,0,0,0,8,0,0,365,0,1
1763,1,76.25646946737503,0,0,1,0,8,0,0,365,0,0
1764,1,65.31280052366925,0,0,1,0,7,0,1,105,0,0
1765,0,60.426894227286596,1,0,0,1,5,0,0,365,0,0
1766,1,72.20030202315459,0,0,0,1,6,0,0,365,0,0
1767,0,50.475646701945635,1,0,0,0,3,0,0,365,0,0
1768,1,69.02384157325004,1,0,1,0,4,1,0,365,0,0
1769,1,62.38208611828987,0,0,0,0,5,0,0,365,0,0
1770,1,62.83241936105383,1,0,0,0,2,0,0,365,0,1
1771,0,77.54878054123253,1,0,0,0,7,0,0,365,0,0
1772,1,65.3969736165478,0,0,0,0,5,1,0,365,0,0
1773,1,77.30289292936834,0,0,0,0,8,0,0,365,0,0
1774,0,59.52299465778728,1,0,0,0,3,0,0,365,0,0
1775,0,60.64105408088957,1,0,0,0,6,1,0,365,0,0
1776,1,83.49333864738134,0,0,0,0,8,1,0,365,0,1
1777,1,61.615832709335734,0,0,0,0,11,0,1,324,0,0
1778,0,79.4142461529861,1,0,0,0,8,1,0,365,0,0
1779,0,48.7790414155807,0,0,0,0,4,0,0,365,0,0
1780,0,57.369764477012964,1,0,0,0,2,0,0,365,0,0
1781,0,74.34606635528206,0,0,0,0,13,0,0,365,0,1
1782,0,69.3100418950039,1,0,0,0,4,0,0,365,0,0
1783,0,64.48468000146771,0,0,0,0,7,1,0,365,1,1
1784,1,49.48808574328814,0,0,1,0,8,0,0,365,0,0
1785,0,73.46197020957959,0,0,1,0,5,0,0,365,1,0
1786,0,73.90534821666243,1,0,1,0,8,0,0,365,0,0
1787,1,65.64969533936136,1,0,0,0,7,0,0,365,0,0
1788,0,56.604811259129775,0,0,0,0,8,0,0,365,0,0
1789,0,66.5440309376398,0,0,1,0,8,0,1,180,0,1
1790,0,63.204063633028554,0,0,0,0,4,0,0,365,0,0
1791,1,63.83285039428736,1,0,0,1,11,0,0,365,0,0
1792,1,74.83178544844425,0,0,0,1,6,0,0,365,0,0
1793,0,40.0,0,0,0,0,2,0,0,365,0,0
1794,1,44.68611163983456,1,0,0,0,2,0,0,365,0,0
1795,1,59.99680029591259,0,0,0,0,5,1,1,194,0,0
1796,0,64.80970948415913,0,0,0,0,5,0,1,223,0,0
1797,0,56.50557211784134,0,0,0,0,5,0,0,365,0,0
1798,1,61.8039098964691,1,0,1,1,7,1,0,365,0,0
1799,0,61.82735309690621,1,0,0,0,3,1,0,365,1,0
1800,0,75.23504406206695,1,0,0,0,3,0,1,311,0,0
1801,1,79.3410887991064,0,0,0,0,9,0,0,365,0,1
1802,0,56.184370075098286,0,0,0,0,5,1,0,365,0,0
1803,1,82.2322635165649,1,0,1,1,6,0,0,365,0,0
1804,1,45.61029062463339,1,1,0,1,3,1,0,365,1,0
1805,1,67.3962691945622,1,0,0,0,4,0,0,365,0,1
1806,1,45.882557579860105,1,0,1,0,7,1,0,365,0,0
1807,0,81.9542228632791,0,0,0,0,8,0,1,303,0,0
1808,0,80.38733348268235,1,0,0,0,3,1,0,365,0,0
1809,0,67.56573451992595,0,0,0,0,4,0,0,365,0,0
1810,0,63.13254153678352,0,0,0,1,4,0,0,365,0,0
1811,0,71.58672414045427,1,1,0,0,5,0,0,365,0,0
1812,0,60.00212410155005,0,0,0,0,6,0,0,365,0,1
1813,1,50.88604607443901,1,0,0,0,7,0,0,365,1,1
1814,1,72.9153866138257,1,0,0,0,5,0,0,365,1,0
1815,0,67.22751497246865,0,0,0,0,4,0,0,365,0,0
1816,0,79.78371087115832,1,0,1,0,11,0,0,365,0,0
1817,0,68.51233904965414,0,0,0,0,6,0,0,365,0,0
1818,1,81.52128578781672,0,0,0,1,6,1,0,365,0,0
1819,1,55.324496969004144,1,0,0,0,2,0,0,365,0,0
1820,1,42.796597361198536,1,0,0,0,2,0,0,365,0,0
1821,0,54.23154331904787,1,0,0,0,5,1,0,365,0,0
1822,0,52.40870368165842,0,0,0,0,7,0,0,365,0,0
1823,0,52.94943144873028,0,0,0,0,5,0,0,365,0,0
1824,1,80.13247125586778,0,0,0,0,5,0,0,365,0,0
1825,1,43.960990314059046,1,0,0,1,5,0,0,365,0,0
1826,0,63.359939685824784,1,0,0,1,8,1,0,365,0,0
1827,0,56.63559357537633,0,0,0,0,11,0,0,365,0,0
1828,0,66.59305174483512,0,0,0,0,6,0,0,365,0,0
1829,0,56.42410878862195,1,0,0,0,4,0,0,365,0,0
1830,0,64.54064409405493,1,0,0,0,5,1,0,365,0,0
1831,0,71.48274269110878,0,0,0,0,4,0,0,365,1,1
1832,1,71.7830069233635,1,0,0,0,4,1,0,365,0,0
1833,1,61.23898519292798,0,0,1,0,6,1,0,365,0,0
1834,0,54.68658429175879,1,0,0,0,4,0,0,365,0,0
1835,1,56.75513491144082,0,0,1,0,5,0,0,365,0,0
1836,1,54.115916752121045,0,0,0,0,7,1,0,365,0,0
1837,0,60.34855265815279,1,1,0,0,1,0,1,58,0,0
1838,1,46.079457707625814,0,0,0,1,3,0,0,365,0,0
1839,0,40.0,0,0,1,0,1,1,0,365,0,0
1840,1,76.96240728556458,0,0,0,1,4,0,0,365,0,0
1841,1,76.89921538050434,0,0,1,1,4,1,1,144,0,1
1842,1,74.22523182683291,0,0,0,0,8,0,0,365,0,0
1843,0,76.71874468742668,0,0,0,0,4,0,0,365,0,0
1844,0,80.48438970826535,1,0,1,0,10,0,0,365,0,0
1845,1,75.85190823419569,0,1,0,1,4,1,0,365,0,0
1846,1,73.53287246799644,0,0,0,0,4,1,0,365,0,0
1847,0,55.794818117002606,1,0,0,1,2,1,0,365,0,0
1848,0,81.60523219106125,1,0,0,0,5,0,0,365,0,0
1849,1,69.27476750630414,1,0,0,0,5,1,0,365,0,1
1850,1,61.386303306367,1,1,0,1,10,0,0,365,0,0
1851,1,71.83129057918346,0,1,0,1,11,0,0,365,0,0
1852,1,50.26535149591538,0,0,1,1,13,0,0,365,0,0
1853,0,67.17305266179014,0,0,0,1,7,0,0,365,0,0
1854,0,63.22356097468295,1,0,0,0,2,0,0,365,0,0
1855,1,44.54381689559653,1,0,0,0,5,0,0,365,0,1
1856,1,64.01703909026429,1,0,0,0,3,0,0,365,0,0
1857,0,41.65574849691877,0,0,0,0,6,0,0,365,0,0
1858,1,57.21814038619959,0,0,0,0,3,0,0,365,0,0
1859,0,63.806160707210985,0,0,0,0,8,0,1,77,0,0
1860,0,85.97670141798149,0,0,0,0,8,1,1,307,0,1
1861,0,69.59275778656811,1,0,0,0,5,0,0,365,0,1
1862,0,77.81715017952223,0,0,0,0,11,0,0,365,0,1
1863,1,40.0,1,0,0,0,4,1,0,365,0,0
1864,0,85.14708268533653,1,0,0,0,7,0,0,365,0,1
1865,0,52.42508553726031,1,0,0,1,6,0,0,365,0,0
1866,1,77.0857215436908,1,0,0,0,8,1,0,365,0,0
1867,0,72.00857635269284,0,0,0,0,9,0,0,365,0,0
1868,1,67.82163021984162,0,0,0,0,10,0,0,365,0,0
1869,0,62.1414473139923,1,0,0,0,3,0,0,365,0,0
1870,0,63.361132875565815,0,0,0,0,4,0,0,365,0,0
1871,1,60.43187779843184,1,0,0,0,5,0,0,365,0,0
1872,0,69.42767872668946,0,0,0,0,6,0,0,365,0,1
1873,1,60.46087772484378,1,0,0,0,3,0,0,365,0,0
1874,1,85.40289260778582,1,0,1,0,11,0,0,365,0,0
1875,0,54.596909271512544,0,0,0,0,5,0,0,365,0,0
1876,1,78.72601795099968,0,0,1,1,15,0,1,274,0,1
1877,0,77.02431892735163,1,0,0,0,4,1,0,365,0,0
1878,1,78.37263831882429,0,0,0,0,8,0,0,365,0,1
1879,1,69.76590865991285,0,0,0,0,5,0,0,365,0,0
1880,0,65.82235143526991,0,0,1,0,5,0,0,365,0,0
1881,0,79.91090710141201,0,0,0,0,2,0,0,365,0,0
1882,0,80.29959426384673,1,0,0,0,6,1,0,365,0,0
1883,0,53.61898191031627,0,0,0,0,3,0,0,365,0,0
1884,0,74.03405654662745,0,0,0,0,5,0,0,365,0,0
1885,1,59.413662966298624,1,0,0,0,6,0,0,365,0,0
1886,0,75.48377933256215,1,0,0,0,7,0,0,365,0,0
1887,0,81.89950362958719,0,0,0,0,7,0,0,365,0,0
1888,1,58.323008519935385,1,0,0,0,2,0,1,360,0,0
1889,0,79.2304220615205,0,0,0,0,11,0,1,147,0,0
1890,1,87.69923241557129,1,0,1,1,6,0,0,365,0,0
1891,0,59.70475889208541,1,1,0,0,10,0,0,365,0,0
1892,0,62.04422846933857,0,0,0,1,5,0,0,365,0,0
1893,1,61.536231769577,1,0,0,0,3,1,1,354,0,1
1894,1,62.422835406753514,1,1,0,0,3,0,0,365,0,0
1895,0,72.92186668978852,0,0,0,0,6,1,0,365,0,0
1896,0,59.43077406574289,0,1,0,0,9,0,0,365,0,0
1897,0,64.2013314284435,0,0,0,0,1,0,0,365,1,1
1898,0,70.32648013334384,1,0,0,0,5,1,0,365,0,0
1899,0,45.96801550948787,0,1,0,1,3,0,0,365,0,0
1900,1,76.96935623281004,0,0,1,1,9,0,1,57,0,1
1901,1,92.78706967874517,0,0,1,1,10,0,1,112,0,1
1902,0,84.17355016398069,0,0,0,0,3,0,0,365,0,0
1903,0,63.99180665986837,0,0,0,0,7,0,0,365,0,0
1904,0,80.52493683306234,1,0,0,0,4,0,0,365,0,0
1905,0,57.07310538312244,0,0,0,0,7,0,0,365,0,0
1906,0,54.90239169160998,0,0,1,0,5,0,0,365,0,0
1907,0,60.966839706852724,1,0,0,0,5,0,0,365,0,0
1908,0,63.24985273900728,0,0,0,0,7,0,0,365,0,0
1909,0,66.4549011837067,1,0,0,0,7,0,0,365,0,0
1910,1,81.29457712774757,1,0,0,0,6,0,0,365,0,1
1911,1,79.43597494009177,1,0,0,0,7,0,0,365,0,0
1912,1,73.23974603477433,1,0,1,0,3,0,0,365,0,0
1913,0,66.39719829488308,0,0,0,0,5,0,1,291,0,0
1914,1,69.28148420085756,1,0,0,1,6,0,0,365,0,0
1915,0,62.933843654338624,0,0,0,0,5,0,0,365,0,0
1916,0,67.78949779904647,0,1,0,1,4,0,0,365,0,0
1917,1,80.51925977067066,0,0,0,1,9,1,0,365,0,0
1918,0,63.22472051978602,0,0,0,0,5,0,0,365,0,0
1919,0,55.975705248538766,1,0,0,0,6,1,0,365,0,0
1920,1,57.241732726279935,1,0,0,0,8,0,0,365,0,0
1921,0,65.18653502705283,0,0,1,0,3,1,1,131,0,1
1922,1,75.85034490283711,1,0,0,1,8,0,0,365,0,0
1923,1,53.38254736410819,1,0,0,0,6,0,0,365,0,0
1924,1,75.79547280527393,0,1,0,0,8,1,0,365,0,0
1925,0,52.442810484222235,1,0,0,1,4,1,0,365,0,0
1926,0,55.44282093456444,1,0,0,0,5,0,0,365,0,0
1927,0,71.57059571198167,0,1,0,1,9,0,0,365,0,0
1928,0,89.16209459787618,1,0,0,0,8,0,0,365,0,0
1929,1,48.81478235196239,1,0,0,0,2,1,0,365,0,0
1930,0,50.111171204334184,0,0,0,0,3,0,0,365,0,0
1931,0,59.00411938771365,0,0,0,0,7,0,1,130,0,0
1932,1,71.45197353896549,0,0,0,0,3,1,0,365,0,0
1933,1,76.67347179219989,1,0,1,0,10,0,0,365,0,0
1934,0,77.2138862377603,1,0,0,0,9,1,0,365,0,0
1935,1,69.69372402983943,0,0,0,1,4,0,1,60,0,0
1936,1,60.04932915455756,1,0,0,0,4,0,0,365,0,0
1937,0,59.401963878599105,1,0,0,0,2,0,0,365,0,0
1938,0,75.75255068923958,1,0,0,0,6,0,0,365,0,0
1939,0,61.77444326476087,0,0,0,0,2,0,0,365,0,0
1940,0,56.16301915103993,0,0,0,1,6,0,0,365,0,0
1941,0,62.38190534317729,1,0,0,1,4,0,1,7,0,1
1942,0,68.06119174047903,1,0,1,1,10,0,1,236,0,0
1943,1,68.23918591827889,1,1,0,0,9,0,0,365,0,0
1944,1,83.38010921158511,1,0,0,0,14,1,0,365,0,1
1945,0,60.4725350295799,0,0,0,0,8,0,0,365,0,0
1946,0,61.45319249634265,0,0,0,0,4,0,0,365,0,0
1947,1,69.46131470371074,1,0,0,1,5,1,1,190,0,1
1948,1,56.82953245447173,1,0,0,0,8,0,0,365,0,0
1949,0,55.008153497905695,1,0,0,0,5,0,0,365,0,0
1950,0,67.11398423628735,0,0,0,0,7,1,0,365,0,0
1951,0,56.48228172103845,0,0,0,0,4,0,0,365,0,0
1952,0,78.5115703821219,1,0,0,0,8,0,0,365,0,0
1953,1,74.80181210224478,0,0,1,0,9,1,1,14,0,0
1954,1,80.24259798151775,1,1,0,1,4,1,1,11,0,0
1955,1,78.98039571203923,1,0,1,0,5,0,0,365,0,1
1956,1,85.99258461103703,0,0,1,0,5,0,0,365,0,1
1957,1,59.58283682261525,1,0,0,0,6,0,0,365,0,0
1958,0,66.32863572922311,0,0,0,1,7,0,0,365,0,0
1959,0,65.87844316862385,0,0,0,1,6,1,0,365,1,1
1960,0,69.05815937890434,0,0,0,0,4,0,0,365,0,0
1961,0,68.95917545798865,0,0,0,1,7,0,0,365,0,0
1962,1,80.80555866427716,1,0,1,1,5,0,1,257,0,1
1963,1,56.67775653883071,0,0,0,0,7,1,0,365,0,0
1964,0,54.20446290076705,1,0,0,0,4,0,0,365,0,0
1965,1,68.70103444222391,0,0,0,0,5,1,1,24,0,1
1966,0,73.23716667299918,0,0,0,0,5,0,0,365,0,1
1967,0,80.27672588842964,0,0,0,0,4,0,0,365,0,0
1968,0,64.01765655022507,1,0,0,0,2,1,0,365,0,0
1969,0,70.05972695500341,1,0,0,0,6,0,0,365,0,0
1970,1,93.52861744556819,0,0,1,0,7,1,0,365,0,1
1971,0,72.13208530365127,1,0,0,1,9,0,0,365,0,0
1972,1,47.23532365132269,1,1,0,1,4,0,0,365,0,0
1973,0,64.15499073045333,1,0,0,1,6,0,0,365,0,0
1974,1,78.05457131085132,1,0,0,0,6,0,0,365,0,0
1975,0,66.78494157795876,1,1,0,0,10,0,0,365,0,0
1976,1,72.85518984679267,1,0,0,0,4,0,0,365,0,0
1977,0,71.34955525426224,0,0,0,0,7,0,0,365,0,0
1978,0,55.4999189733173,1,0,0,0,4,0,0,365,0,0
1979,0,62.73551382791758,0,0,0,0,8,0,0,365,0,0
1980,0,74.21027474562771,1,0,0,0,4,0,0,365,0,0
1981,0,62.27862990303459,1,0,0,0,0,0,0,365,0,0
1982,0,56.06535134427381,1,0,0,0,5,0,0,365,0,1
1983,0,66.7222822794905,0,0,0,0,11,0,0,365,0,0
1984,1,62.69488146874313,1,0,1,1,3,0,0,365,0,1
1985,0,78.16791464968423,0,0,0,0,4,0,0,365,1,1
1986,0,68.53671643946163,0,0,0,0,8,0,0,365,0,0
1987,1,67.91564798601385,0,0,0,0,10,1,0,365,0,0
1988,1,73.43267427714122,1,0,1,0,7,1,0,365,0,0
1989,1,71.18987933568773,1,0,1,1,11,0,0,365,0,0
1990,1,66.14889867453222,1,1,0,0,10,1,0,365,0,1
1991,1,74.92744308997922,1,0,0,0,7,0,1,107,1,1
1992,1,82.19088191956644,0,0,0,0,10,0,0,365,0,0
1993,1,73.7993837894219,0,0,0,0,6,0,1,299,0,1
1994,0,58.7206944823348,1,0,0,0,4,0,0,365,0,0
1995,1,66.86641238731428,1,0,0,0,3,1,0,365,0,1
1996,1,57.9888060956289,0,0,1,0,3,0,0,365,0,0
1997,0,63.54614836388561,0,0,0,0,8,0,0,365,0,0
1998,0,70.40172808156491,0,0,0,0,3,1,0,365,0,1
1999,0,74.02315857530607,1,0,0,0,8,0,0,365,0,0
2000,0,54.66112467128443,0,0,0,0,4,0,0,365,0,0
2001,0,53.03698901969392,0,0,0,0,4,0,0,365,0,0
2002,0,54.70761036589438,1,0,0,0,3,0,0,365,0,0
2003,1,57.95696452176728,1,0,0,0,4,0,0,365,0,1
2004,0,57.55521344479184,1,0,0,0,5,1,0,365,0,0
2005,0,66.99692045423174,0,0,0,1,1,1,0,365,0,0
2006,0,66.56218027331862,0,0,0,0,8,0,0,365,0,0
2007,0,83.90128653542989,0,0,0,0,9,1,0,365,0,0
2008,0,73.12964323649024,0,0,0,0,5,0,0,365,0,0
2009,1,48.86517017860673,0,0,0,0,2,0,0,365,0,0
2010,1,74.95258566186247,0,0,0,0,8,1,0,365,0,0
2011,1,48.449659667754204,1,0,0,0,5,1,0,365,0,0
2012,0,53.22226980178758,1,0,0,1,4,0,0,365,0,0
2013,0,64.65605698892166,0,0,0,0,2,0,0,365,0,0
2014,0,74.01144300104721,1,0,0,0,3,0,0,365,0,1
2015,0,58.445482070407344,1,0,0,0,3,0,0,365,0,0
2016,1,80.1689321059168,1,0,0,1,7,0,1,342,0,0
2017,0,55.542666728366,0,0,0,0,7,0,0,365,0,0
2018,0,63.52939353691145,0,0,1,0,5,0,1,194,0,0
2019,0,64.89762006071075,1,0,0,0,10,0,0,365,0,0
2020,0,75.7034034373321,0,0,0,0,5,0,0,365,0,0
2021,1,42.67128482850585,1,0,0,1,6,1,0,365,0,0
2022,1,74.35613607671334,1,0,1,0,6,1,0,365,0,0
2023,1,81.62506704198205,0,0,0,0,7,1,1,135,0,1
2024,0,49.40057803932672,1,0,0,1,8,0,0,365,0,0
2025,1,64.44031089670288,0,0,0,0,8,0,0,365,0,0
2026,0,67.99804557056638,0,0,0,0,4,0,0,365,0,0
2027,0,69.00577601849045,0,0,0,0,2,0,0,365,0,0
2028,1,52.138231615132185,1,0,0,0,5,0,0,365,0,0
2029,1,60.16445722883627,0,0,0,0,4,1,0,365,0,0
2030,0,71.37378649065488,0,0,1,0,8,0,0,365,0,0
2031,0,62.659469089161995,1,0,0,0,5,0,0,365,0,0
2032,0,63.21666769952393,1,0,0,0,7,0,0,365,0,0
2033,1,74.14919887622,0,0,0,0,6,0,0,365,0,0
2034,0,55.472643375329994,1,1,0,0,8,0,1,190,0,0
2035,1,57.32536930939071,0,0,0,0,2,0,0,365,0,0
2036,0,59.05487140048251,1,0,0,0,4,0,0,365,0,0
2037,1,94.19517807325589,1,0,1,0,8,1,0,365,0,1
2038,0,58.06115988833866,0,0,0,0,3,0,0,365,0,0
2039,0,63.79604020564841,0,0,0,0,9,0,0,365,0,0
2040,0,72.75960058311856,1,0,0,0,3,0,0,365,0,0
2041,1,81.95847651347513,0,0,1,1,3,0,0,365,1,0
2042,0,60.99131894878818,0,1,0,0,13,0,0,365,0,0
2043,1,57.97884979718237,1,0,0,0,2,0,0,365,0,0
2044,0,67.21148565047451,0,0,0,1,7,0,0,365,0,0
2045,1,77.78244099563456,1,1,0,0,7,0,1,322,0,0
2046,0,58.193654785781774,1,0,0,0,6,0,0,365,0,0
2047,1,53.6678662046496,0,0,0,0,3,0,0,365,0,1
2048,0,57.81508252869043,0,0,0,0,2,0,0,365,0,0
2049,0,63.58764332056788,0,0,0,0,7,0,0,365,0,0
2050,0,62.23882156985853,1,0,0,0,3,0,0,365,0,0
2051,1,66.73960752995085,1,0,0,0,5,0,0,365,0,1
2052,1,68.48227570513458,1,0,0,0,3,1,0,365,0,0
2053,1,69.97300937463011,0,0,0,0,7,0,0,365,0,0
2054,1,73.16123517182444,1,0,1,0,7,0,0,365,0,1
2055,1,82.1975996545922,0,0,0,1,8,0,0,365,0,0
2056,0,82.29779516653267,0,0,0,0,6,0,0,365,0,0
2057,1,61.247712195740576,1,0,1,1,5,0,0,365,0,0
2058,0,77.07762632845842,1,0,0,0,12,1,0,365,0,0
2059,0,84.3233839497252,0,0,0,0,5,0,0,365,0,0
2060,0,72.84187349267184,1,0,0,0,3,0,0,365,0,0
2061,1,74.1367707244124,0,1,0,0,6,1,0,365,0,1
2062,0,74.0476926955429,0,0,0,0,7,1,0,365,0,0
2063,1,77.22471169719464,0,0,0,0,6,0,0,365,0,0
2064,1,67.98841200870149,1,0,0,0,6,0,0,365,0,0
2065,1,76.20387122295774,1,0,1,0,3,0,0,365,0,0
2066,1,78.20595721701736,1,0,0,0,6,1,0,365,0,1
2067,0,62.30790211956295,1,0,0,0,7,0,0,365,0,0
2068,0,61.297987060715045,1,0,0,1,6,1,0,365,0,0
2069,0,68.20572023855307,0,0,0,0,3,0,0,365,0,0
2070,0,60.342128145612506,0,0,0,0,2,0,0,365,0,1
2071,0,69.65455109497935,1,1,0,1,8,0,0,365,0,0
2072,1,56.95589600761876,1,0,0,0,3,0,1,25,0,1
2073,0,58.03635473929228,0,1,0,0,6,0,0,365,1,0
2074,1,66.05232166592148,1,0,0,0,9,0,0,365,0,0
2075,0,58.94419454561246,0,0,0,0,4,1,0,365,0,0
2076,0,61.94590834517686,0,0,0,0,2,0,1,51,0,0
2077,0,67.10615751111254,0,0,0,0,7,0,0,365,0,1
2078,0,68.5436450251691,0,0,0,0,7,1,0,365,0,0
2079,0,51.92621102744214,1,0,0,0,2,0,0,365,1,0
2080,1,68.71022041579631,1,0,1,0,5,1,0,365,0,0
2081,0,58.98050850746354,1,1,0,0,4,0,0,365,0,0
2082,1,66.94551416469291,1,1,1,0,12,0,0,365,0,0
2083,0,79.25085392502942,1,0,0,0,8,0,0,365,0,1
2084,0,66.84576207095917,0,0,1,0,9,0,0,365,0,0
2085,0,67.35080066974984,1,0,0,0,5,1,0,365,0,1
2086,0,57.529850444904554,0,0,0,0,8,1,0,365,0,0
2087,0,75.80247025677534,0,0,1,0,5,0,0,365,0,1
2088,1,58.0550620813413,0,0,1,0,4,0,0,365,0,0
2089,0,62.16750255100527,0,0,0,0,1,0,0,365,0,0
2090,1,63.95142862954585,1,0,0,1,5,1,1,282,0,0
2091,0,64.0688308758661,0,0,0,0,8,0,0,365,0,0
2092,0,71.0188799423128,1,0,0,0,4,0,0,365,0,1
2093,0,70.08622550385932,0,0,0,0,3,1,0,365,0,0
2094,0,57.880670983343855,0,0,0,0,6,1,0,365,0,0
2095,0,66.41700271019862,0,0,0,0,3,0,0,365,0,0
2096,0,78.54463251419149,1,0,0,0,8,0,0,365,0,0
2097,1,79.76140690009007,0,0,1,1,4,1,0,365,0,0
2098,1,67.58853617142637,1,0,1,0,3,1,1,262,0,1
2099,0,43.804055824650376,1,0,0,0,2,0,0,365,0,0
2100,0,61.837487289034925,1,0,0,1,4,1,1,186,0,0
2101,0,75.66763655880926,0,0,0,0,4,0,0,365,0,0
2102,1,56.76418861869735,1,1,0,1,6,0,0,365,0,0
2103,0,73.49497407016607,1,0,0,1,6,0,0,365,0,0
2104,0,52.30010292697617,1,0,0,1,0,0,0,365,0,0
2105,0,59.24877944493238,0,0,0,1,4,0,0,365,0,0
2106,0,55.22955194261537,1,0,0,0,6,0,0,365,0,0
2107,1,64.1723511938176,0,0,1,0,5,0,0,365,0,0
2108,0,68.74920536671965,0,0,0,0,1,1,0,365,0,0
2109,0,55.699312378546615,1,0,0,0,3,0,0,365,0,0
2110,1,68.46393662997018,0,1,1,0,10,1,0,365,0,0
2111,1,81.18190171812125,0,0,1,1,7,0,0,365,0,0
2112,0,58.27443138354527,1,0,0,0,8,0,0,365,0,0
2113,1,54.98341139550461,0,0,0,0,8,0,1,284,0,1
2114,0,69.90303083277425,0,0,0,0,6,0,0,365,0,1
2115,1,82.15827722542404,0,0,0,0,5,0,0,365,1,1
2116,1,71.623824467952,1,0,0,0,5,0,0,365,0,1
2117,0,53.53352780992574,0,0,0,0,4,0,0,365,0,0
2118,0,47.51222619708277,0,0,0,0,3,0,0,365,0,0
2119,1,74.25684063268235,1,0,0,1,10,0,0,365,0,0
2120,0,57.514707676897615,1,0,0,1,3,0,0,365,0,0
2121,1,75.31597070662474,0,0,0,1,4,0,0,365,0,1
2122,0,65.48084661868441,0,0,0,0,10,0,0,365,0,0
2123,0,64.41297410191986,0,0,0,1,5,1,0,365,0,0
2124,1,40.0,0,1,0,1,2,0,0,365,0,0
2125,0,63.89093382162434,1,1,0,0,4,0,0,365,0,0
2126,0,68.59705990326184,1,0,0,1,3,0,0,365,1,0
2127,0,45.447332025754136,0,0,0,0,6,0,0,365,0,0
2128,0,63.96701314632408,1,0,0,0,5,0,0,365,0,0
2129,1,49.14333709893458,1,0,0,0,10,1,0,365,0,0
2130,1,51.84771619425929,0,1,0,0,7,0,0,365,0,0
2131,1,51.46998156301908,1,0,0,0,5,0,0,365,0,0
2132,1,75.91916281757165,0,0,0,0,10,1,0,365,0,0
2133,1,69.32609000298476,0,0,0,0,5,0,0,365,0,0
2134,0,59.757593565190334,1,0,0,0,3,0,1,33,0,0
2135,0,55.348638588130456,0,0,0,0,2,0,0,365,0,0
2136,1,54.58865012593545,0,0,1,0,6,0,0,365,0,0
2137,0,52.46280090786384,0,0,0,0,6,1,0,365,0,0
2138,0,73.89210074763196,1,0,0,0,2,0,0,365,0,0
2139,1,56.65360565380918,0,0,0,1,2,0,0,365,0,0
2140,0,65.7284584448223,0,0,0,0,5,0,0,365,0,1
2141,1,73.20604716193942,1,0,0,0,8,0,0,365,0,0
2142,1,70.91557362709148,0,0,0,0,6,1,0,365,0,1
2143,1,62.09754375616027,1,0,0,0,7,0,0,365,0,0
2144,0,47.32112562442951,0,0,0,0,6,0,0,365,0,0
2145,1,61.17612069380433,0,0,1,0,7,0,0,365,0,0
2146,1,60.85298936505402,0,0,0,1,8,1,0,365,0,0
2147,1,55.4845475356252,0,0,1,0,3,1,0,365,0,1
2148,1,64.68506437217367,1,0,1,0,7,1,0,365,0,0
2149,0,72.30872105396334,0,0,1,0,8,0,0,365,0,0
2150,1,61.39956469107739,0,1,0,0,8,0,0,365,0,0
2151,0,67.66341752578835,1,0,0,0,6,0,0,365,0,1
2152,0,77.4789577898216,0,0,0,0,6,0,1,208,0,1
2153,0,78.39551249598269,0,0,0,0,5,0,0,365,0,1
2154,0,73.70071022577997,1,0,0,0,5,1,0,365,0,0
2155,1,76.06132514126708,0,0,0,1,5,1,1,307,0,1
2156,0,80.547913485041,0,0,0,0,4,0,0,365,0,0
2157,0,61.53396091208021,1,0,0,0,3,0,0,365,0,0
2158,0,56.68694263289703,0,0,0,0,5,0,0,365,0,0
2159,0,49.21151754042211,0,0,0,0,6,0,0,365,0,0
2160,1,65.13893696693813,1,0,0,0,7,1,0,365,0,1
2161,0,65.33280211066221,1,0,0,0,5,1,1,143,0,1
2162,1,73.9844070280297,0,1,0,1,6,0,0,365,0,0
2163,1,57.09184752634495,0,0,0,0,1,1,0,365,0,0
2164,0,53.62821421994295,1,0,0,0,5,1,0,365,0,0
2165,1,58.710602050968944,0,0,0,0,6,1,0,365,0,0
2166,0,76.63642218170646,1,0,0,0,5,0,0,365,0,0
2167,0,65.29187797685346,1,0,0,0,6,0,0,365,0,0
2168,1,58.70633166189842,0,0,0,1,4,0,0,365,0,0
2169,0,64.80415109149781,1,0,0,1,4,0,0,365,0,0
2170,0,66.56512650999045,0,1,0,0,7,0,0,365,0,0
2171,0,75.88062616723934,0,0,0,0,3,0,0,365,1,0
2172,0,59.06408301754509,0,0,0,0,2,0,0,365,0,0
2173,1,56.53555076865696,1,0,1,1,9,0,0,365,0,0
2174,0,62.40213382582898,1,0,0,0,3,0,0,365,0,0
2175,0,63.09186627247873,0,0,0,0,4,0,0,365,0,0
2176,1,57.54662052920858,0,0,0,0,5,0,0,365,0,0
2177,1,82.03422727708477,1,1,1,0,12,0,1,264,0,0
2178,0,69.17933704188624,1,0,1,0,8,0,0,365,0,0
2179,0,64.61972781130294,1,0,0,0,5,0,0,365,0,0
2180,0,55.48506258333374,1,0,0,0,5,0,0,365,0,0
2181,0,61.37830907494928,0,0,0,0,5,0,0,365,0,0
2182,0,79.51584942607904,0,0,0,0,8,1,0,365,1,1
2183,1,51.32886740362206,1,1,1,1,6,0,0,365,0,0
2184,0,62.13026270083772,1,0,0,0,7,0,0,365,0,0
2185,0,62.6800233082202,0,0,0,1,6,0,0,365,0,0
2186,0,63.6330178653478,0,0,0,0,2,0,0,365,0,0
2187,1,66.16104968245423,0,0,0,0,7,1,0,365,0,0
2188,0,68.5020080942578,1,0,0,0,8,0,0,365,0,0
2189,1,71.14431152094973,0,0,1,0,11,1,0,365,0,0
2190,0,58.223574684258345,1,0,0,0,5,0,0,365,0,0
2191,0,68.8209646367612,0,0,0,0,8,0,1,87,0,0
2192,0,57.56293881032807,1,0,0,1,5,0,0,365,0,1
2193,0,54.55721945063356,0,0,0,0,9,1,0,365,0,0
2194,1,73.2559983606953,1,0,0,1,5,0,0,365,0,1
2195,0,61.52536967599588,1,0,0,0,5,0,0,365,0,0
2196,0,69.43868046193222,1,0,0,0,6,0,1,74,1,1
2197,0,72.47190905579974,0,0,0,0,11,0,0,365,0,0
2198,1,68.46156545391361,0,0,0,0,5,0,0,365,0,0
2199,0,58.1004314841232,0,0,0,0,8,0,0,365,0,0
2200,0,64.53102735964919,1,0,0,0,7,0,0,365,0,0
2201,0,65.62184805998953,0,0,0,0,3,0,0,365,0,0
2202,0,65.17032708728998,1,0,0,0,4,0,0,365,0,0
2203,0,51.49845028216649,0,0,0,0,6,0,0,365,0,0
2204,0,57.49212277702674,0,0,0,0,5,0,0,365,0,0
2205,0,78.04717230369863,0,0,0,0,4,0,0,365,0,0
2206,0,71.04180409611587,0,0,0,0,6,0,0,365,0,0
2207,0,66.6949711188767,1,0,0,0,3,1,0,365,0,0
2208,1,86.63770262009521,1,0,0,0,7,1,1,29,0,0
2209,0,73.28865082147917,1,1,0,0,7,0,0,365,0,0
2210,0,69.08179877427938,1,0,0,0,6,0,0,365,0,0
2211,1,70.514621093091,1,0,0,0,4,0,0,365,0,0
2212,0,68.37492875949192,1,0,0,0,5,0,0,365,0,1
2213,0,67.82412506346603,1,0,0,0,3,0,0,365,0,0
2214,0,68.89406619732888,0,0,0,0,9,0,0,365,1,0
2215,0,68.17252592579207,0,0,0,0,5,0,0,365,0,0
2216,0,76.26643975034001,1,0,0,0,3,0,0,365,0,0
2217,0,73.49737058929921,0,0,0,0,7,0,0,365,0,1
2218,0,62.968769607491524,0,0,0,0,4,1,0,365,0,0
2219,0,49.77598494715151,1,0,0,0,4,0,0,365,0,0
2220,0,64.34424102488279,1,0,0,0,4,0,0,365,0,0
2221,1,69.04250266843665,0,0,0,1,10,1,0,365,0,0
2222,0,54.30792329836731,0,0,0,0,8,0,0,365,1,1
2223,0,62.99749460820095,1,0,0,1,9,0,1,59,0,0
2224,0,59.92881288663773,1,0,1,0,5,0,0,365,0,0
2225,0,51.94319216449689,0,0,0,0,1,0,0,365,0,1
2226,0,69.76675739225053,0,0,1,0,4,0,0,365,0,0
2227,0,64.82691109028565,0,0,0,0,3,0,0,365,0,0
2228,0,65.13831244510558,1,0,0,0,4,0,0,365,0,0
2229,1,76.83470388383203,1,0,0,0,8,0,0,365,0,0
2230,1,85.31778628564314,1,0,0,0,9,0,0,365,0,0
2231,1,66.96582165795675,1,0,0,0,1,1,0,365,0,0
2232,0,59.79818270352526,0,0,0,0,4,0,0,365,0,0
2233,0,77.02360236116036,0,0,0,0,11,0,0,365,0,0
2234,0,65.49505731404984,1,0,0,0,8,1,0,365,1,1
2235,1,50.08945171219364,0,1,0,0,11,0,0,365,0,0
2236,0,66.43009721610193,0,0,1,0,10,0,0,365,1,0
2237,1,76.70727376307838,1,0,0,1,3,0,0,365,0,1
2238,1,73.3546967389019,0,0,0,0,5,0,0,365,0,0
2239,1,80.33024558119962,0,0,0,0,7,1,1,5,1,1
2240,1,60.88283396641651,0,1,1,0,5,0,0,365,0,1
2241,1,61.21914905465719,1,0,0,0,11,1,0,365,0,1
2242,0,68.8978906120879,1,0,0,1,9,1,0,365,0,0
2243,0,58.03355608701994,1,0,0,1,4,1,0,365,0,0
2244,0,72.6441668277604,1,0,1,0,5,0,1,338,0,1
2245,0,57.32634307180584,1,0,1,0,11,0,0,365,0,0
2246,1,67.66035446697633,1,0,0,0,3,1,0,365,0,0
2247,1,52.2351134723588,1,0,0,0,5,0,0,365,0,0
2248,1,65.55235045978107,0,0,0,0,8,1,0,365,0,1
2249,0,73.18328730180801,0,0,0,1,5,0,0,365,0,0
2250,1,58.97565944315131,0,0,0,1,6,0,0,365,0,0
2251,1,68.92942396311899,0,0,0,0,3,0,0,365,0,0
2252,0,55.958153471147966,1,1,0,1,4,1,0,365,0,0
2253,1,65.87260180523259,0,1,0,0,5,0,0,365,0,0
2254,1,65.00331064181371,0,0,0,1,7,0,0,365,0,0
2255,0,57.1662741154331,1,0,0,0,2,0,0,365,0,0
2256,0,73.37549697285769,0,0,0,0,2,1,0,365,0,0
2257,1,67.39853559962972,0,0,0,0,6,0,0,365,1,0
2258,1,56.64698498254045,1,0,0,0,3,0,0,365,0,0
2259,0,59.523508831248364,1,0,1,0,9,0,0,365,0,0
2260,0,58.97406456917862,1,0,0,0,6,0,0,365,0,0
2261,0,65.05831964919659,0,0,0,0,5,0,0,365,0,0
2262,0,67.29836924296018,1,0,0,0,5,1,0,365,0,0
2263,0,71.08706051833332,1,0,1,1,7,0,0,365,0,0
2264,0,62.04673529310281,0,0,0,1,8,0,1,322,0,0
2265,0,51.022801491227426,1,0,0,0,6,1,1,61,0,0
2266,1,58.52618968838892,0,0,0,1,4,0,0,365,0,0
2267,0,57.39034647066818,0,0,0,0,5,0,0,365,0,0
2268,0,50.30786988475375,0,0,0,0,9,0,0,365,0,0
2269,1,66.21193544386512,1,0,0,1,6,0,1,8,0,0
2270,0,66.4772814508556,1,0,0,0,6,0,0,365,0,0
2271,1,68.3421852561718,1,0,0,0,5,0,0,365,0,0
2272,1,79.89203865098604,1,0,0,0,8,1,0,365,0,0
2273,1,47.622371250083205,1,0,0,1,4,0,0,365,0,0
2274,1,55.438387513725516,1,0,0,0,7,0,0,365,0,0
2275,1,77.99906913671053,0,1,1,0,8,1,1,249,0,0
2276,1,56.15551576257881,1,0,0,0,8,0,0,365,0,0
2277,1,69.9463621441952,0,0,1,0,7,0,0,365,0,0
2278,0,79.93537598206875,1,0,0,1,4,1,1,41,0,0
2279,0,69.12936555586487,0,0,0,0,8,1,0,365,0,0
2280,0,63.593191235752485,0,0,0,0,7,0,0,365,0,0
2281,0,64.54401379559404,1,0,0,0,6,0,0,365,0,0
2282,1,65.45365651964882,0,0,1,0,6,1,0,365,0,1
2283,0,64.27324960604139,0,0,0,0,7,0,0,365,1,0
2284,0,57.79406389363137,1,0,0,0,8,0,1,308,0,1
2285,0,66.10376094467091,0,0,1,0,6,0,0,365,0,0
2286,0,55.198180526932724,1,0,0,1,7,1,0,365,0,0
2287,0,57.59194367315783,1,0,0,0,8,0,0,365,0,0
2288,1,75.08411474681827,1,0,1,0,5,0,0,365,0,0
2289,0,61.65200128952085,0,0,0,0,3,0,0,365,0,0
2290,1,66.02551524021334,0,1,0,0,5,0,0,365,0,0
2291,0,70.43967385662006,1,1,0,0,8,0,0,365,0,0
2292,0,67.12067221969122,0,0,0,0,6,0,0,365,0,0
2293,1,78.51268500784627,0,0,1,0,8,1,0,365,0,1
2294,1,68.1652347776003,1,0,0,0,4,0,0,365,0,0
2295,1,57.66196588922012,1,0,0,0,5,0,0,365,0,0
2296,0,59.32921701062349,1,0,0,0,5,1,0,365,0,0
2297,1,75.0848395551821,0,1,1,0,7,0,0,365,0,0
2298,1,74.00811452889002,0,0,0,1,6,0,1,67,0,0
2299,0,61.49649910955513,1,0,0,0,8,0,0,365,0,0
2300,0,64.1498468728898,0,0,0,0,10,0,0,365,1,0
2301,0,78.37479378346579,0,0,0,0,4,0,0,365,0,1
2302,1,54.47352204912771,1,0,0,1,5,1,0,365,0,0
2303,0,61.00280044730891,0,0,0,0,8,0,0,365,0,0
2304,0,67.9862763551117,0,0,0,0,7,0,0,365,0,0
2305,1,63.87877846057538,1,0,0,0,5,0,0,365,0,0
2306,0,60.28357281509119,0,0,0,1,4,0,0,365,0,0
2307,1,67.12211289220397,0,0,0,0,3,1,0,365,0,0
2308,0,64.10650267896537,1,0,0,0,4,0,0,365,0,0
2309,1,70.94351132999557,0,0,0,0,12,0,0,365,0,0
2310,1,80.62110162357044,0,0,0,1,7,1,0,365,0,0
2311,0,58.118731160008075,0,0,0,0,5,1,0,365,0,0
2312,0,53.818279882107966,0,0,0,0,3,1,1,125,0,0
2313,1,63.05374493336474,0,0,0,0,5,1,0,365,0,0
2314,0,55.84484701069359,1,0,1,0,4,0,0,365,0,0
2315,0,82.55088519346495,1,1,0,0,7,0,0,365,0,1
2316,1,84.35798521311045,0,0,0,0,12,0,1,73,0,0
2317,0,76.12004877048983,1,0,1,0,14,0,0,365,0,0
2318,0,73.12369964434761,1,0,0,0,5,0,0,365,0,0
2319,1,78.33581672867425,0,1,0,0,9,0,0,365,0,0
2320,0,52.15916949924767,1,0,0,0,4,1,1,100,0,0
2321,1,65.87569267685542,0,0,0,0,7,0,0,365,0,1
2322,0,53.3624301094029,1,0,0,0,5,0,0,365,0,0
2323,0,61.85137439160971,1,0,0,0,7,1,0,365,0,0
2324,1,66.05015905792271,0,1,0,0,8,0,0,365,0,0
2325,1,70.59466847390223,1,0,1,1,8,1,0,365,0,0
2326,0,70.60223473790607,0,1,0,0,6,0,0,365,0,0
2327,1,78.49248021457885,0,0,0,0,7,1,1,14,0,0
2328,0,54.45561351447531,1,1,0,0,4,0,0,365,0,0
2329,0,71.8302011818869,1,0,0,0,3,0,0,365,0,0
2330,0,65.33978515834804,0,0,0,0,3,0,0,365,0,0
2331,0,74.58998520519569,1,0,0,0,4,0,0,365,0,0
2332,0,63.68027402252431,1,0,1,0,6,0,0,365,0,0
2333,1,62.10265353891919,0,0,0,0,3,0,0,365,0,0
2334,1,75.81096607870323,1,0,0,0,5,0,0,365,0,0
2335,0,78.36457887362997,1,0,0,0,6,1,0,365,0,0
2336,0,61.76534120697112,0,0,0,1,6,0,1,224,0,0
2337,0,68.07399218750308,0,1,0,0,5,0,0,365,0,0
2338,0,77.65885181400198,0,1,1,1,16,0,0,365,1,0
2339,0,65.0904010179693,1,0,0,0,12,0,0,365,0,0
2340,1,61.12737866401975,0,0,0,0,6,1,0,365,0,0
2341,0,52.6995854621552,0,0,0,0,4,0,0,365,0,0
2342,0,78.41396946378387,0,0,1,0,7,0,0,365,0,0
2343,1,78.84098392101014,0,0,0,0,6,1,0,365,0,1
2344,0,72.40667668190498,0,0,0,0,7,0,0,365,0,0
2345,0,53.09759159327987,1,0,0,0,2,0,0,365,1,0
2346,0,65.9287881989887,1,0,0,0,11,0,1,323,0,0
2347,1,64.01770086384532,1,0,0,0,4,0,0,365,0,0
2348,0,51.69318700503217,0,0,0,0,3,0,0,365,0,0
2349,0,60.572573337105375,1,0,0,0,2,0,0,365,0,0
2350,1,60.268548759243316,1,0,0,0,6,1,0,365,0,0
2351,1,85.51122425625161,0,0,1,0,6,0,0,365,0,1
2352,0,60.265433726659076,0,0,0,0,7,0,0,365,0,0
2353,0,47.42643844500323,1,0,0,1,4,0,0,365,0,0
2354,1,78.4248377482865,0,0,0,0,6,0,0,365,0,0
2355,0,59.27165579260677,0,0,0,0,4,0,0,365,0,0
2356,1,95.0,0,0,0,0,10,0,0,365,1,1
2357,1,66.52151504799127,1,0,0,0,10,1,0,365,1,0
2358,0,59.86367943712889,1,0,0,0,6,0,0,365,0,0
2359,0,64.87031190115962,0,0,0,0,8,0,0,365,0,0
2360,1,74.308500015454,1,0,0,1,8,1,0,365,0,0
2361,1,56.15450897499199,1,0,0,0,6,0,0,365,0,0
2362,0,68.0050122491005,1,0,0,0,6,1,0,365,0,1
2363,1,71.56203970648905,0,0,0,0,4,0,1,325,0,0
2364,0,61.59413999293629,0,0,0,0,6,1,0,365,0,0
2365,1,58.46311320793311,0,0,0,0,6,1,0,365,0,0
2366,0,49.94783977580842,0,0,1,1,3,1,0,365,0,0
2367,1,45.369624909353426,0,0,0,0,4,1,0,365,0,0
2368,1,57.93452598933996,1,0,0,0,4,1,0,365,0,0
2369,1,74.27802799868019,1,1,1,1,7,0,0,365,0,1
2370,0,70.01449137577453,0,0,0,0,6,0,0,365,1,0
2371,1,56.37426771089373,0,0,0,1,3,0,1,149,0,0
2372,1,70.39701585724146,0,0,0,0,5,0,0,365,0,0
2373,0,62.32312896235295,0,0,0,0,4,0,0,365,0,0
2374,0,58.97127699963265,0,0,0,0,5,0,0,365,0,0
2375,0,60.39031921287884,1,0,0,0,5,0,1,270,0,0
2376,0,68.65685063794328,1,0,0,1,7,0,0,365,1,0
2377,0,53.47445321365113,0,0,0,0,4,0,0,365,0,0
2378,0,53.63968303063747,1,0,0,0,5,0,0,365,0,0
2379,1,80.80126601116885,0,0,0,1,9,1,0,365,0,0
2380,0,52.796067613527946,1,0,0,0,6,1,0,365,0,0
2381,0,64.13222873134774,0,0,0,0,6,0,0,365,0,0
2382,1,55.523758151037725,0,0,0,0,9,0,0,365,0,0
2383,1,47.28901929226848,1,0,0,0,4,0,0,365,0,0
2384,0,71.98645557241794,1,1,0,0,6,1,0,365,0,0
2385,0,73.49582058988578,1,0,0,0,4,1,1,260,0,0
2386,0,84.23810016597086,1,0,0,0,5,0,0,365,0,0
2387,1,61.44034042466407,0,1,0,0,9,0,0,365,0,1
2388,1,49.51981826027743,0,0,0,1,9,0,0,365,0,0
2389,0,61.50330046793511,0,0,1,0,3,1,0,365,0,0
2390,0,61.19867105954654,0,0,0,0,4,0,0,365,0,0
2391,0,55.21240926616769,1,0,1,0,6,1,0,365,0,0
2392,1,87.88513222798542,0,0,1,0,9,0,1,87,1,1
2393,1,81.6368126440119,0,0,0,0,5,0,0,365,0,0
2394,0,60.24984917390317,1,0,0,1,7,0,0,365,0,0
2395,1,69.88191579249833,1,0,0,0,4,0,0,365,0,0
2396,1,73.21610535152952,0,0,0,0,8,0,0,365,0,1
2397,1,79.39386229804377,1,1,0,0,9,0,0,365,0,1
2398,0,68.12402966013983,0,0,0,0,8,0,0,365,0,0
2399,1,56.74603898855345,0,0,0,0,12,0,0,365,0,0
2400,0,64.68614002850377,1,0,0,0,3,1,0,365,0,1
2401,1,67.84102275423496,0,0,0,0,5,0,0,365,0,0
2402,1,53.578975889579105,0,0,0,1,4,0,0,365,0,1
2403,0,58.93861852899413,1,0,0,0,3,1,0,365,0,0
2404,0,80.36892047816241,1,0,0,0,4,0,0,365,0,0
2405,1,72.93656941288205,1,0,0,0,3,0,0,365,0,1
2406,1,71.10727578695462,0,0,0,0,8,0,0,365,0,1
2407,1,68.06946418371545,0,0,0,0,0,1,0,365,0,0
2408,1,63.514223394437245,1,0,0,0,7,0,0,365,0,0
2409,1,85.56354291463492,1,0,0,0,7,0,0,365,0,0
2410,0,72.1709318208306,1,0,0,0,8,1,0,365,0,0
2411,1,61.91773638874291,0,0,0,0,4,0,0,365,0,0
2412,0,59.65229083769149,1,0,0,0,5,0,0,365,0,0
2413,1,84.35912535961899,0,0,0,0,4,0,0,365,0,1
2414,1,81.11627856022511,0,0,0,1,8,1,0,365,0,1
2415,0,49.56849249967901,0,0,0,1,5,0,0,365,0,0
2416,1,81.05170372407237,1,0,0,0,7,0,0,365,0,0
2417,1,80.73066491743876,1,1,1,0,10,0,0,365,0,0
2418,0,65.29179803486163,1,0,0,0,5,0,0,365,0,0
2419,1,71.34911100275019,0,0,0,0,10,0,0,365,0,1
2420,0,73.80573106868839,0,0,0,0,8,1,0,365,0,0
2421,0,61.884212685855715,1,0,0,0,5,0,0,365,0,1
2422,1,66.57051541968359,1,0,0,0,6,0,0,365,0,0
2423,1,46.32152190178927,0,0,0,0,5,1,0,365,0,0
2424,0,60.43316289733469,1,0,0,1,3,0,0,365,0,0
2425,1,52.22362815915423,1,0,0,0,2,0,0,365,0,0
2426,0,82.63009124066943,1,0,0,0,5,0,0,365,0,0
2427,1,70.20269032179736,1,0,0,0,4,1,0,365,1,0
2428,0,49.74071699962208,0,0,0,0,3,1,0,365,0,0
2429,0,50.43608924144713,0,0,0,0,5,0,0,365,0,0
2430,0,70.17290791417824,0,0,1,0,8,0,0,365,0,0
2431,0,68.1958453616874,1,0,0,0,5,1,0,365,0,0
2432,1,72.5234385992988,0,1,0,0,3,0,0,365,0,0
2433,0,57.4624793957243,1,0,0,0,4,0,0,365,0,1
2434,1,69.32079778691939,1,1,0,0,11,0,0,365,0,0
2435,1,65.18686754419429,0,0,0,0,5,0,0,365,0,0
2436,1,66.08545301930128,0,0,0,0,6,0,0,365,0,0
2437,1,61.00538864002251,0,0,0,0,3,1,0,365,0,0
2438,0,56.22182104551217,0,0,0,0,5,1,1,253,0,0
2439,0,58.80427902849769,0,0,1,0,7,0,0,365,0,0
2440,0,77.733997031101,0,0,1,0,6,0,0,365,0,1
2441,1,66.72361233485104,1,0,0,0,4,0,0,365,0,0
2442,1,56.93081007297841,1,0,0,0,8,0,0,365,0,0
2443,0,54.73044973523459,1,0,0,0,8,0,0,365,0,0
2444,0,70.5012371206354,1,0,1,0,2,0,1,116,0,0
2445,0,78.72796612944843,0,0,0,0,3,0,0,365,0,0
2446,0,45.48888222481507,1,0,0,0,6,0,0,365,0,0
2447,0,72.89808019807629,0,1,0,1,11,0,0,365,0,0
2448,0,75.7236501593956,1,0,0,0,5,0,0,365,0,1
2449,1,66.64778164652421,0,0,0,1,5,1,0,365,0,0
2450,0,62.32730412151111,1,0,0,0,6,1,0,365,0,0
2451,0,69.32077327845693,1,0,0,1,3,0,0,365,1,0
2452,1,55.75503616123398,0,0,0,0,4,0,0,365,0,0
2453,1,74.19307012996386,1,1,1,1,6,0,0,365,0,0
2454,0,63.90175408280073,1,0,0,1,5,0,0,365,0,1
2455,1,59.85472984690536,1,0,0,0,7,0,0,365,0,0
2456,1,74.42355745390854,1,0,0,0,9,1,0,365,0,0
2457,0,58.75284422348379,0,0,0,0,5,0,0,365,0,0
2458,0,75.96092595644984,1,0,0,0,4,0,0,365,0,0
2459,0,57.7198559588782,0,0,0,1,4,0,0,365,0,0
2460,0,64.47751884700796,1,0,1,1,4,0,1,365,0,1
2461,1,72.18364121528106,0,0,0,1,6,0,0,365,0,0
2462,0,62.56840866604182,1,0,0,0,11,0,0,365,0,0
2463,1,66.43503045246851,1,0,0,1,7,1,0,365,0,0
2464,1,61.01075626199099,1,0,0,0,6,0,0,365,0,1
2465,0,66.61865731613379,1,1,0,0,7,0,0,365,0,0
2466,0,51.92090644763716,1,0,0,0,7,0,0,365,0,1
2467,1,78.29987412721064,1,0,0,0,6,0,0,365,0,0
2468,1,80.74598451751561,1,0,0,0,3,0,0,365,0,0
2469,1,51.070204522991816,1,0,0,0,6,0,0,365,0,0
2470,0,55.11800342857455,0,0,0,0,1,1,0,365,0,0
2471,1,75.93448720877002,0,0,0,1,7,1,0,365,0,0
2472,0,70.46652784469327,0,0,0,0,6,0,0,365,0,0
2473,0,67.22787991011973,1,0,0,0,9,1,1,148,0,0
2474,0,67.46612634049784,1,0,0,0,2,0,0,365,0,1
2475,0,68.52600706529648,1,0,0,0,3,0,0,365,0,0
2476,0,70.06046632395623,0,1,0,0,5,0,1,4,0,0
2477,1,74.79206125950438,1,0,0,0,6,0,0,365,0,1
2478,0,59.14032331759767,0,0,1,0,10,0,0,365,0,0
2479,0,60.32232118697331,1,0,0,0,5,0,0,365,0,0
2480,0,69.4060976305215,1,0,1,0,5,0,0,365,1,0
2481,1,70.82200173166763,1,1,0,0,9,0,0,365,0,0
2482,0,50.0720599606875,0,0,0,0,5,0,0,365,0,0
2483,0,72.78959444775307,1,0,1,0,6,1,1,39,0,0
2484,0,64.01856438231555,1,0,0,0,2,1,0,365,0,0
2485,0,76.01294582110367,0,0,0,0,9,1,1,303,1,1
2486,0,60.628727667052665,1,0,0,0,7,0,1,261,0,1
2487,1,51.84932083129498,0,0,0,1,3,0,1,350,0,1
2488,0,71.4979746813176,1,0,0,0,12,0,0,365,0,0
2489,0,63.73650541870904,1,0,0,0,5,0,0,365,1,0
2490,0,70.44096656490132,1,0,0,0,7,0,0,365,0,0
2491,0,50.73006748619184,1,0,0,0,7,0,0,365,0,0
2492,0,67.04737009718643,1,0,0,0,5,1,0,365,0,0
2493,1,64.93747923525402,1,0,1,0,6,0,0,365,0,0
2494,0,64.13313288271823,1,0,0,0,6,0,0,365,0,0
2495,1,79.49259052229056,0,0,1,0,10,1,1,310,0,1
2496,0,68.59818982641598,0,0,0,0,5,1,0,365,0,0
2497,1,48.26633911282448,0,0,0,0,4,0,0,365,0,0
2498,0,54.450241987874264,1,0,0,0,3,1,0,365,0,1
2499,0,73.36464754800605,1,0,0,0,5,1,0,365,0,0
2500,0,72.19372092819343,0,0,0,0,5,0,0,365,0,0
2501,1,75.44399832054036,0,0,0,0,5,0,0,365,0,0
2502,1,54.092247769836284,0,0,0,0,7,0,0,365,0,0
2503,1,65.44176074029491,0,0,1,1,5,1,0,365,0,1
2504,1,50.59075470588048,0,0,0,0,7,1,0,365,1,1
2505,0,79.68649756224323,0,0,0,0,9,0,0,365,0,0
2506,1,70.67483276356506,0,0,0,1,4,0,1,269,0,1
2507,1,64.95404569393828,1,0,1,0,6,0,0,365,0,1
2508,0,70.26748451286399,1,1,0,0,12,0,0,365,0,0
2509,0,46.76754435441093,1,0,0,0,3,1,0,365,0,0
2510,0,64.83665385028854,0,0,0,0,6,0,0,365,0,0
2511,1,72.42380151856852,0,0,0,0,6,0,0,365,0,0
2512,1,75.04627859157037,0,0,1,0,11,1,0,365,0,0
2513,0,60.78458801517556,0,0,0,0,3,0,0,365,0,0
2514,1,69.44044618368461,1,0,0,0,1,0,0,365,0,1
2515,0,78.15062668113627,0,0,0,0,5,0,0,365,0,0
2516,0,48.733277133531715,1,0,0,1,5,0,1,11,0,0
2517,0,60.68685391317282,0,0,0,0,4,0,0,365,0,0
2518,0,75.98804853908439,1,0,0,0,7,0,0,365,0,0
2519,0,65.97816839207371,1,0,0,0,8,0,0,365,0,1
2520,0,58.17861993095091,0,0,0,0,6,0,0,365,0,0
2521,0,43.15978723450445,1,0,0,0,5,0,0,365,0,0
2522,0,82.0511717919128,0,0,0,0,14,1,0,365,0,0
2523,1,79.04839524596709,1,0,0,1,8,0,0,365,0,1
2524,0,62.117792698316926,1,0,0,0,5,1,0,365,0,0
2525,0,44.83831790916727,0,0,0,0,4,1,0,365,0,0
2526,0,56.23839865919646,0,0,0,0,5,0,0,365,0,0
2527,0,57.13079951613152,1,0,0,0,2,0,0,365,0,0
2528,1,59.137986758031026,0,0,1,0,3,0,0,365,0,0
2529,0,50.53462038634801,0,0,0,1,5,0,0,365,0,0
2530,0,66.10404267421097,0,0,0,0,6,1,1,33,0,1
2531,0,78.41047788818562,0,0,0,0,6,1,0,365,0,0
2532,0,64.89937868632263,1,0,0,0,8,1,0,365,0,0
2533,1,69.93682867208668,1,1,0,0,7,0,1,192,0,1
2534,0,73.03431236671798,0,0,0,0,6,0,0,365,1,0
2535,1,65.29036975096416,0,0,0,1,4,0,0,365,0,0
2536,0,73.28527516451808,1,0,0,0,9,0,0,365,1,0
2537,1,57.7451508461943,0,0,1,1,9,0,0,365,1,0
2538,1,74.41607130889071,1,0,0,0,11,0,0,365,0,1
2539,0,77.34328083840575,1,0,0,0,2,1,0,365,0,1
2540,0,86.9695076916423,1,0,0,0,7,1,0,365,0,0
2541,1,67.76348581312837,0,0,0,0,5,1,1,102,0,0
2542,0,59.94418581989977,0,1,1,0,12,0,0,365,0,0
2543,0,74.52596928555647,0,0,1,0,3,0,1,10,0,1
2544,0,54.913169733413504,0,0,0,0,1,0,1,275,0,0
2545,1,69.74319929922692,1,0,1,0,3,0,0,365,0,1
2546,1,56.92517476012823,1,0,0,0,12,0,0,365,0,0
2547,1,85.32948716415402,0,0,1,0,6,1,0,365,0,0
2548,1,69.22241259024666,0,0,0,0,4,0,0,365,0,0
2549,0,64.33838733088271,1,0,0,0,8,0,0,365,0,0
2550,0,65.20765453231274,0,0,0,0,3,0,0,365,0,0
2551,1,56.833131715105715,1,0,0,0,6,1,0,365,0,0
2552,1,49.915779022080706,1,0,0,0,6,0,0,365,0,1
2553,0,64.1501053141334,1,0,0,0,4,1,0,365,0,0
2554,0,64.041372867359,1,0,0,0,6,0,0,365,0,0
2555,0,58.40059873091706,1,0,0,1,6,0,0,365,0,0
2556,0,74.26413461185572,0,0,0,0,5,0,0,365,0,0
2557,0,44.33408054156283,0,1,0,0,4,0,0,365,0,0
2558,0,56.63840099578495,1,0,0,0,4,0,0,365,1,0
2559,0,57.096357970986716,1,0,1,0,6,1,0,365,0,0
2560,0,57.373398773092546,1,0,0,0,7,0,0,365,0,0
2561,1,64.08927796142073,0,0,0,1,7,0,0,365,0,0
2562,0,60.03246143683671,0,0,1,0,4,0,0,365,0,0
2563,1,53.33484524058049,0,0,0,0,4,0,0,365,0,0
2564,0,71.16158947777369,1,0,1,0,6,0,0,365,0,0
2565,0,78.03484658267799,1,0,0,0,5,0,0,365,0,1
2566,0,68.44765872000833,0,0,0,0,9,0,0,365,0,0
2567,0,77.46330400251078,0,0,1,0,13,0,1,235,0,0
2568,0,55.6628644433248,1,0,0,0,4,0,0,365,0,0
2569,0,80.57273559886829,1,0,0,0,3,0,0,365,0,0
2570,1,82.13108561796476,1,0,0,0,12,1,1,231,0,0
2571,0,69.00125750971623,1,0,1,0,3,0,0,365,0,0
2572,0,61.57629815693572,0,0,0,0,1,0,0,365,0,0
2573,0,61.73014048194532,1,0,0,0,9,0,1,78,0,1
2574,1,82.45215533632864,1,0,0,0,4,0,0,365,0,0
2575,0,51.524420865236614,1,0,0,0,1,0,0,365,0,0
2576,1,77.2526160009956,0,1,1,1,7,0,1,167,1,1
2577,1,69.68354631118159,0,0,0,0,5,1,0,365,0,0
2578,0,50.42295439539262,0,0,0,1,6,0,0,365,0,0
2579,0,69.53760660943824,1,0,0,0,5,0,0,365,0,0
2580,0,72.62021842392394,1,0,0,0,7,0,0,365,1,0
2581,1,61.55451097516323,0,0,0,0,6,0,0,365,0,0
2582,0,45.97980579745112,1,0,0,0,2,0,0,365,0,0
2583,0,79.54544009541623,0,0,1,1,8,0,0,365,0,0
2584,1,67.68785469870294,0,0,0,0,6,1,0,365,0,1
2585,1,80.11086547970731,0,0,0,0,1,1,0,365,0,0
2586,0,67.9554592671093,1,0,0,0,7,0,0,365,0,1
2587,0,70.84795642779959,0,0,0,0,10,0,0,365,0,0
2588,0,65.1849143755784,1,0,0,0,5,0,0,365,0,0
2589,0,73.14928599109696,1,0,0,0,4,0,0,365,0,0
2590,1,79.03199383712337,1,0,0,0,8,0,0,365,0,0
2591,0,62.140740715953704,0,0,0,0,6,0,0,365,0,0
2592,0,63.78837801022008,1,0,0,0,4,1,0,365,0,0
2593,1,67.43682778268789,0,0,0,0,6,0,0,365,0,1
2594,0,48.464849006243234,0,0,1,0,7,1,0,365,0,0
2595,0,66.92188678985268,1,0,0,0,4,1,0,365,0,0
2596,0,69.11815935466096,1,0,0,0,11,0,0,365,0,1
2597,0,61.85098834333952,1,0,0,0,8,0,1,257,0,0
2598,0,58.33211916105547,0,0,0,0,7,1,0,365,0,0
2599,0,69.13044931764745,0,0,0,0,6,0,0,365,0,0
2600,0,64.89982515632704,0,0,0,0,5,0,0,365,0,0
2601,0,61.884095373056574,1,0,0,1,5,0,0,365,0,0
2602,0,59.410735318046946,0,0,0,0,4,0,0,365,0,0
2603,0,73.76142184433021,0,0,0,0,3,0,1,38,0,0
2604,1,68.63995505219225,0,0,1,0,8,0,0,365,0,0
2605,0,78.11102249272159,1,0,1,0,7,0,0,365,0,0
2606,1,64.24411719158996,1,0,0,0,8,0,0,365,0,0
2607,1,61.850203596670845,0,0,0,0,6,0,0,365,0,1
2608,1,55.28852665732218,0,0,1,0,6,0,0,365,0,0
2609,0,61.29274135882271,1,0,0,0,5,0,0,365,0,0
2610,0,66.21223791956926,0,0,0,1,3,1,1,253,0,0
2611,1,57.987379333900776,1,0,0,1,8,0,0,365,0,0
2612,0,59.930485142738604,0,0,0,1,6,0,0,365,0,0
2613,0,50.78048870303182,0,0,0,0,5,0,0,365,0,0
2614,1,59.633698181626904,0,0,0,0,6,1,0,365,0,0
2615,1,72.33424278788972,0,0,0,0,2,1,0,365,0,0
2616,0,57.08091014643715,1,0,0,0,7,0,0,365,0,0
2617,0,59.875054419975385,1,0,0,0,4,0,0,365,0,0
2618,0,65.90468444931719,1,0,0,1,5,0,0,365,0,1
2619,0,62.614094941272036,1,0,0,0,6,0,0,365,0,0
2620,0,59.62846740628865,0,0,0,0,3,1,0,365,0,0
2621,0,72.31723046818685,1,0,0,0,4,0,1,59,0,0
2622,1,78.44603786925137,0,1,0,0,6,0,0,365,0,0
2623,1,77.73554464714258,0,0,1,0,13,0,1,277,0,0
2624,0,56.3672281454972,0,0,0,0,3,0,0,365,0,0
2625,1,76.89075586444287,0,1,0,0,5,1,0,365,0,0
2626,0,50.47329076948347,0,0,0,0,4,1,0,365,0,0
2627,0,59.27294593805292,0,0,0,0,3,0,0,365,0,0
2628,0,63.54847781554258,0,0,0,1,6,0,0,365,0,0
2629,1,68.31312770842655,1,0,0,0,2,1,0,365,0,0
2630,1,74.94633372349583,1,1,0,0,11,1,0,365,1,1
2631,1,65.11909337500362,0,0,0,1,1,0,0,365,1,0
2632,1,59.50119571523733,0,0,0,1,4,1,0,365,1,0
2633,0,59.33465687749534,1,0,0,1,9,0,0,365,0,0
2634,0,78.98829889953858,1,0,0,0,5,1,0,365,0,0
2635,1,76.27828984974225,1,1,0,0,11,0,1,22,0,0
2636,0,59.173121947367704,1,0,0,0,3,0,0,365,0,0
2637,1,78.49277760297412,1,0,0,0,11,1,0,365,0,1
2638,0,59.28659621524975,1,0,0,1,3,0,0,365,0,0
2639,0,68.35969468931455,1,0,0,0,9,0,0,365,0,0
2640,0,68.09645546747458,1,0,0,0,8,0,0,365,0,0
2641,1,65.13306269317503,0,0,0,1,7,1,0,365,0,0
2642,0,60.160376245991415,1,0,0,1,3,0,0,365,0,0
2643,1,52.74234664162738,1,0,0,0,6,1,1,93,0,0
2644,1,74.9375546185619,0,0,0,1,5,1,0,365,0,0
2645,1,59.5373936320303,0,0,1,0,7,0,0,365,0,0
2646,1,58.23724739953647,0,0,0,0,6,0,0,365,0,0
2647,0,78.67417875455197,1,0,0,0,6,1,0,365,0,0
2648,1,63.44492374331575,1,0,0,0,6,0,0,365,0,0
2649,0,62.552393878212136,0,0,0,1,3,0,0,365,0,0
2650,1,63.84706660988372,1,0,0,0,1,0,0,365,0,1
2651,1,70.91915381371852,0,1,0,0,7,0,0,365,0,1
2652,1,48.97067395930623,0,0,0,0,3,1,0,365,0,0
2653,1,61.89871846948227,0,0,1,0,7,0,0,365,0,0
2654,0,68.48321427047806,1,0,0,0,8,0,0,365,0,0
2655,1,67.8754321265322,1,0,0,0,6,1,0,365,0,0
2656,0,63.52677263799523,0,1,0,0,5,0,0,365,0,0
2657,0,68.59643107847495,1,0,0,0,4,0,0,365,0,0
2658,1,74.5253034323269,0,0,0,0,7,0,0,365,0,0
2659,1,67.9303896245429,1,0,0,1,6,0,0,365,0,0
2660,1,91.26479239056803,1,0,1,0,4,0,0,365,1,1
2661,0,71.14167037956112,1,1,0,0,3,0,0,365,0,0
2662,0,53.77565020409515,1,0,0,0,11,0,0,365,0,0
2663,1,60.799510162407884,1,0,1,1,5,0,0,365,0,0
2664,0,71.08707341210112,0,0,0,0,8,1,0,365,0,0
2665,0,50.987854980000236,1,0,0,0,5,0,0,365,0,0
2666,0,61.1379178154946,1,0,0,0,6,0,0,365,0,0
2667,1,74.87749599192593,0,1,1,0,11,0,0,365,1,0
2668,0,65.16854821985766,1,0,0,0,10,0,0,365,0,0
2669,1,68.31537527900421,1,0,1,0,10,0,0,365,0,0
2670,0,53.7620450265294,1,0,0,0,6,1,0,365,0,0
2671,1,72.14602181061244,0,0,0,0,6,1,0,365,0,1
2672,0,57.7185932082076,1,0,0,1,6,0,0,365,0,0
2673,1,51.842256678996876,0,0,0,1,4,0,1,360,0,0
2674,0,64.46246733623711,1,0,0,0,0,0,0,365,0,0
2675,0,61.71154004193599,1,0,0,0,13,0,0,365,0,0
2676,0,56.76740405164956,1,0,0,0,11,0,0,365,0,0
2677,0,65.37329340199518,1,0,0,0,6,0,0,365,0,0
2678,0,67.12005795692984,1,0,0,0,8,0,1,214,0,0
2679,1,76.41097244815764,1,0,0,0,7,0,0,365,0,0
2680,1,59.26194441894026,0,0,0,0,4,1,0,365,0,1
2681,1,61.632544244525654,0,0,0,1,5,1,0,365,0,0
2682,1,62.913623812214475,1,0,1,0,7,0,0,365,0,1
2683,0,61.3684068941056,0,0,0,0,6,0,0,365,0,0
2684,1,63.54913127760139,1,0,0,0,4,0,0,365,0,0
2685,1,67.67886180981554,0,0,0,0,4,1,0,365,0,0
2686,0,58.472497983126196,0,0,0,0,3,1,0,365,0,0
2687,1,57.879680466436355,1,0,0,0,4,0,0,365,0,0
2688,1,89.02683687400189,1,0,1,0,11,0,0,365,0,0
2689,1,91.57978416762938,1,1,0,0,6,1,0,365,1,1
2690,1,62.89243713139845,0,0,0,0,3,0,0,365,0,1
2691,0,54.44757608988158,1,0,0,0,3,0,0,365,1,1
2692,0,66.31839151795411,1,0,0,0,7,0,0,365,0,0
2693,1,68.17730946948566,1,0,0,0,8,0,0,365,0,1
2694,1,70.53929975594198,0,0,1,1,8,0,0,365,0,1
2695,0,73.68139954278527,1,0,0,0,9,0,0,365,0,0
2696,0,63.47136642407361,1,0,0,0,8,0,0,365,0,0
2697,0,68.77574783063986,0,0,0,1,7,0,0,365,0,0
2698,0,60.9256197695792,0,0,0,0,8,0,0,365,0,0
2699,1,63.02216498946114,0,1,0,1,5,0,0,365,0,0
2700,0,72.84296088881979,1,0,0,0,3,0,0,365,0,1
2701,0,82.28755963107207,1,1,0,0,15,0,0,365,0,0
2702,0,63.38716529244233,1,1,0,0,5,0,0,365,0,0
2703,0,49.87853408020304,1,0,0,1,8,1,0,365,0,0
2704,0,56.08679413930348,1,0,0,0,5,0,0,365,0,0
2705,0,81.0319753727835,0,0,0,0,8,1,1,42,0,0
2706,0,54.29495566688373,0,0,0,0,5,0,1,195,0,1
2707,1,73.37851358443586,1,1,1,0,4,0,0,365,0,0
2708,0,78.21844732670169,1,1,0,1,7,0,0,365,0,0
2709,1,69.2559209642322,1,0,0,1,4,0,0,365,0,0
2710,0,65.0588382645183,1,0,0,0,5,0,0,365,0,0
2711,0,71.6634731662167,0,1,0,1,9,0,0,365,0,0
2712,1,65.34852818090246,1,0,0,0,6,0,0,365,0,0
2713,1,71.76296498136475,0,0,1,1,6,1,0,365,0,0
2714,0,53.509488737398925,0,0,0,0,3,0,0,365,0,0
2715,1,77.73559561350268,1,0,0,0,8,0,0,365,0,1
2716,1,84.63059277981401,0,0,0,0,5,1,0,365,0,1
2717,0,71.13027457089625,0,0,0,0,5,0,1,271,0,0
2718,1,62.561046942974244,0,1,0,0,7,0,0,365,0,0
2719,0,48.322179337968755,0,0,0,1,6,0,0,365,0,0
2720,1,82.08600248395666,1,0,1,0,11,0,0,365,0,1
2721,0,55.022797255130214,1,0,0,0,8,0,0,365,0,0
2722,0,52.6621354171991,0,0,0,0,9,0,0,365,0,0
2723,0,47.67244017103823,0,0,0,0,4,1,0,365,0,0
2724,0,50.10066708915734,0,0,0,0,7,1,0,365,0,0
2725,0,65.4031981491332,0,0,0,0,2,0,0,365,0,0
2726,0,69.46395460624974,1,0,0,0,4,1,0,365,0,0
2727,0,67.7546739629715,0,0,0,0,3,0,0,365,1,0
2728,1,74.66163565011195,0,0,0,0,5,1,0,365,0,0
2729,1,51.8929886963406,1,0,0,0,1,0,0,365,0,0
2730,1,54.569911720849106,0,0,0,0,2,0,0,365,0,0
2731,0,71.52132337860039,0,0,0,0,7,0,0,365,0,0
2732,0,68.64966585959624,0,0,0,0,7,0,0,365,0,0
2733,0,59.28457675944643,1,0,0,0,5,1,0,365,0,0
2734,1,77.35887645685061,0,0,1,1,6,0,0,365,0,0
2735,0,48.55074926965885,0,0,0,0,5,0,0,365,0,0
2736,1,90.00604324862401,0,0,0,0,7,0,0,365,0,1
2737,1,63.38322958972159,1,0,1,0,5,1,1,108,0,1
2738,0,54.51699522903285,0,0,0,0,3,0,0,365,0,0
2739,0,63.07611696862365,1,0,1,0,4,0,0,365,0,0
2740,0,65.39209700309182,0,0,0,0,6,0,0,365,0,0
2741,0,57.67454128576231,0,0,0,0,6,0,0,365,0,0
2742,1,68.94961218619511,1,0,0,0,3,0,0,365,0,0
2743,1,62.51837767288905,0,0,1,0,4,0,1,171,0,0
2744,0,68.91906816356456,1,0,0,1,8,0,0,365,0,0
2745,0,65.30228275767385,0,0,0,0,7,0,0,365,0,0
2746,0,77.84432254030034,1,0,0,0,4,1,0,365,0,1
2747,0,64.20333961249175,1,0,0,0,3,0,1,3,0,1
2748,0,63.529839928663186,1,0,0,0,3,1,0,365,0,1
2749,0,55.51207274904856,0,0,0,0,2,0,0,365,0,0
2750,0,58.81597224221813,1,0,0,0,8,0,0,365,0,0
2751,1,70.70574811499853,0,0,1,0,9,0,0,365,0,0
2752,0,64.92530309035598,0,0,0,0,5,0,0,365,0,0
2753,1,65.42233107886872,0,0,0,0,2,0,1,254,0,0
2754,0,60.33176256487918,0,0,1,0,7,0,0,365,0,0
2755,0,41.626696373677106,1,0,0,0,6,0,0,365,0,0
2756,0,76.242182696846,1,0,0,0,5,0,0,365,0,0
2757,1,75.67950827973068,1,0,0,0,12,1,0,365,1,1
2758,1,50.726723632219375,0,0,0,0,2,0,0,365,0,0
2759,0,51.68802885481355,1,1,0,0,7,1,0,365,0,0
2760,1,67.8908599185672,0,0,0,0,7,0,0,365,0,0
2761,0,72.93169743830636,0,0,0,0,6,0,0,365,0,0
2762,0,60.284333632539,1,0,0,1,2,0,0,365,0,0
2763,1,94.3503964632528,0,0,0,1,6,0,0,365,0,1
2764,1,63.59602156281316,0,0,0,0,7,1,0,365,0,0
2765,0,63.21203798530361,0,0,0,0,5,0,0,365,0,1
2766,1,76.38884032143739,0,1,0,1,10,1,1,45,0,1
2767,1,65.8553278762717,1,0,0,0,3,0,0,365,0,0
2768,0,71.14150259108897,0,0,0,0,3,1,0,365,0,0
2769,0,61.361515497562536,1,0,0,0,7,0,0,365,0,0
2770,1,68.45980188306031,1,0,0,0,6,0,1,29,0,1
2771,1,70.45885295416105,0,0,1,0,8,1,0,365,0,0
2772,1,47.2729081900396,1,1,0,0,7,0,0,365,0,0
2773,0,69.3947268082718,1,0,0,0,4,0,0,365,0,0
2774,0,67.98903281110732,0,0,0,1,4,0,0,365,0,0
2775,1,62.09086762662826,0,0,0,0,2,0,0,365,0,0
2776,0,77.6288311493775,0,0,0,0,8,0,0,365,0,0
2777,0,68.15290946433862,0,0,0,0,5,1,0,365,0,0
2778,0,68.30848396322259,1,0,0,0,6,0,0,365,0,0
2779,1,63.94978816677074,1,0,1,0,10,0,0,365,0,0
2780,0,68.85660180097824,0,0,1,0,3,1,0,365,0,0
2781,0,58.64773674369099,1,0,0,0,7,0,0,365,0,0
2782,1,67.7056106952112,1,0,0,0,9,0,1,332,1,1
2783,0,58.84235793823272,0,0,0,0,3,0,0,365,0,0
2784,0,74.57224176212686,0,0,0,0,3,0,0,365,0,0
2785,0,64.09655522562518,1,0,0,0,6,1,0,365,0,0
2786,0,58.06925787919937,1,0,1,1,4,0,0,365,0,0
2787,1,46.064922606829114,1,0,0,0,1,1,0,365,0,0
2788,1,77.62092250648607,0,1,1,0,10,0,0,365,0,1
2789,0,53.68103874016168,1,0,0,1,2,0,0,365,0,0
2790,0,58.79240528488822,1,0,0,0,5,0,0,365,0,0
2791,1,76.37695498551741,1,0,0,0,7,0,0,365,0,0
2792,1,68.41989005241021,1,0,0,0,8,0,1,91,1,1
2793,0,53.71776127724023,1,0,0,0,2,0,0,365,0,0
2794,1,78.3597985328151,0,0,1,0,9,0,1,60,0,0
2795,0,69.63891199674693,1,0,0,0,11,0,0,365,0,0
2796,1,68.9559830773483,1,0,0,0,3,1,0,365,0,0
2797,1,81.76427397160225,0,1,1,1,10,0,0,365,0,0
2798,0,54.575914042410204,0,0,0,0,4,1,0,365,0,0
2799,0,49.9751829557772,1,0,0,0,5,0,0,365,0,0
2800,0,47.88839409191205,0,0,0,0,5,1,0,365,0,0
2801,1,58.33671356566639,1,0,0,1,7,1,0,365,0,0
2802,1,59.486838100145874,0,0,0,0,6,0,0,365,0,0
2803,0,59.48966032368241,0,1,0,0,4,0,0,365,0,0
2804,1,71.77561405549422,0,1,1,0,8,0,0,365,0,1
2805,0,53.630024056017554,1,0,0,1,7,0,0,365,0,0
2806,1,70.36545254451005,0,0,1,1,6,1,1,2,0,0
2807,0,74.22222470574852,0,0,0,0,4,1,0,365,0,0
2808,1,65.54147373818763,1,0,0,0,7,0,0,365,0,0
2809,0,60.61044333260051,1,0,0,0,5,0,0,365,0,0
2810,0,70.37840438221869,1,0,0,1,9,0,0,365,0,0
2811,0,74.31837718606737,1,0,0,0,5,0,0,365,0,1
2812,1,60.23107879091462,1,0,0,1,4,0,0,365,0,1
2813,0,62.37213695241635,1,0,0,0,7,0,0,365,0,0
2814,0,66.60458197564226,0,0,0,0,8,0,0,365,0,0
2815,0,69.07673642939464,1,1,0,0,3,0,0,365,0,0
2816,0,52.59151514264319,1,0,0,0,6,1,0,365,0,0
2817,0,82.6754528828572,0,0,0,0,6,1,1,141,0,1
2818,0,55.03545538947523,0,1,0,1,10,0,0,365,1,0
2819,0,65.44027427429813,1,0,0,0,4,0,0,365,0,0
2820,0,50.3574120728589,0,0,0,1,3,0,0,365,0,0
2821,0,58.312910372095374,0,0,0,0,4,0,0,365,0,0
2822,0,63.116545511961576,1,0,0,0,7,1,0,365,0,0
2823,1,65.34537749664958,1,0,0,0,7,0,0,365,0,0
2824,1,77.66884720367841,0,0,0,0,12,0,0,365,0,1
2825,0,77.01011562738907,0,0,0,0,5,0,0,365,0,1
2826,0,68.12645105841416,1,0,0,0,4,0,0,365,1,0
2827,0,76.56902884757727,1,0,0,0,5,1,0,365,0,1
2828,0,50.828190547541524,1,0,0,0,9,1,0,365,0,0
2829,0,78.39946761982506,0,0,0,0,9,0,0,365,0,1
2830,0,71.73629419032937,0,0,1,0,8,0,0,365,0,0
2831,1,74.8507882627369,0,1,0,0,10,0,0,365,0,1
2832,1,61.55065373268734,1,0,1,0,3,0,0,365,0,1
2833,0,73.4683418976702,1,1,0,0,8,0,0,365,0,0
2834,0,48.81753785270722,0,0,0,0,3,1,0,365,0,0
2835,1,58.49014254479614,0,0,0,0,3,0,1,55,0,0
2836,0,66.97295136908572,0,0,1,0,4,0,0,365,0,0
2837,0,75.91211064116598,1,0,0,0,6,0,0,365,0,1
2838,0,57.013346435879185,1,0,0,0,5,0,0,365,0,0
2839,1,67.4855946421233,0,0,0,0,6,0,0,365,0,0
2840,0,67.17177760044791,0,0,0,0,7,0,0,365,0,1
2841,1,77.50659938020266,0,0,0,0,8,0,0,365,0,0
2842,1,68.45966522776348,1,0,0,0,3,0,0,365,0,0
2843,0,65.20843464563556,1,0,0,0,6,0,0,365,0,0
2844,1,70.45922522932405,1,0,0,0,7,0,0,365,0,0
2845,1,58.01040846581555,0,0,0,1,4,0,0,365,0,0
2846,0,71.12862683216966,0,0,0,0,6,0,0,365,0,0
2847,0,61.90764919568996,1,1,0,0,6,0,0,365,0,0
2848,0,83.71169790738509,1,0,0,1,8,0,0,365,0,0
2849,0,77.69767383478822,1,1,0,0,7,1,0,365,0,0
2850,1,51.67015698345577,1,0,0,1,3,0,1,220,0,0
2851,0,51.09631538734091,1,0,0,0,4,0,0,365,0,0
2852,1,63.47998061937703,1,0,0,0,11,0,0,365,0,0
2853,0,87.01851829470846,0,0,0,0,9,0,0,365,0,0
2854,0,72.27167213441521,0,0,1,0,4,0,0,365,0,0
2855,0,57.94847251817369,0,0,0,0,3,0,0,365,0,0
2856,0,85.99780216044998,0,0,0,0,7,0,0,365,0,0
2857,1,65.26619628660818,0,1,0,1,7,0,1,253,0,1
2858,1,81.77849998331817,0,0,0,0,5,0,0,365,0,0
2859,0,50.47885640713794,1,0,0,0,4,0,0,365,0,0
2860,0,67.41891172039112,1,0,0,0,4,0,0,365,0,0
2861,0,73.20676948621245,1,0,0,0,9,1,0,365,0,0
2862,1,76.65088629024211,1,1,1,0,12,1,0,365,0,0
2863,0,71.0781252197031,0,0,0,0,2,0,0,365,0,1
2864,0,53.90621489218379,0,0,0,1,1,0,0,365,0,0
2865,1,60.42566142362573,0,0,0,0,5,1,0,365,0,0
2866,1,69.81860352447991,1,0,0,0,7,0,0,365,0,0
2867,0,73.6096039791965,0,0,0,1,3,0,0,365,0,0
2868,0,69.56428902657767,0,0,0,1,12,0,1,72,0,1
2869,0,56.69475089199731,1,0,0,0,7,0,0,365,0,0
2870,1,65.7710127466745,0,0,1,0,3,0,0,365,0,1
2871,1,60.922102951302044,0,0,0,0,5,1,0,365,0,0
2872,1,49.828464880355,1,0,0,0,2,1,0,365,0,0
2873,0,87.341712985284,1,0,1,0,7,0,0,365,1,1
2874,1,56.59147446873658,0,0,0,1,1,1,1,155,0,1
2875,0,66.78717044365919,1,1,1,0,2,0,0,365,0,0
2876,0,64.21213213366912,1,0,0,1,6,0,0,365,0,0
2877,1,64.198880525799,1,0,0,0,9,0,0,365,0,0
2878,1,63.35043861657759,1,1,0,1,14,0,0,365,1,0
2879,1,64.45608180286106,1,0,0,1,5,0,0,365,0,0
2880,0,72.29952569985174,1,0,0,0,7,0,0,365,0,0
2881,1,69.37108442596153,0,0,0,0,4,0,0,365,0,1
2882,1,51.49240730294308,1,0,0,1,6,0,0,365,0,0
2883,1,60.16061669333057,1,0,0,1,4,1,0,365,0,0
2884,1,40.498917891869354,1,0,0,0,11,1,0,365,0,0
2885,1,55.52008488940554,1,0,0,1,11,0,0,365,0,0
2886,1,50.77045940109782,1,0,0,0,5,0,0,365,0,0
2887,1,65.15770866252888,0,0,0,0,11,1,0,365,0,0
2888,0,57.83754996753821,1,0,0,0,7,0,0,365,0,0
2889,0,61.457942667766254,1,0,1,0,5,0,0,365,0,0
2890,0,57.310087357029694,1,1,0,0,6,0,0,365,0,0
2891,1,75.79286971896549,0,0,0,1,8,1,1,171,0,0
2892,0,48.73891310049217,1,0,0,0,5,0,0,365,0,0
2893,0,80.36973605693728,0,0,0,0,7,0,0,365,0,0
2894,0,49.047931922929834,0,0,0,0,3,1,0,365,0,0
2895,0,57.2486646418912,1,0,1,0,6,0,0,365,0,0
2896,0,58.19303312427978,0,0,0,0,5,0,0,365,0,0
2897,1,85.43378136732277,0,1,0,1,6,0,1,242,0,1
2898,1,77.40317001005184,1,0,0,0,7,0,0,365,0,0
2899,0,57.633507887945825,0,0,0,0,6,0,0,365,0,0
2900,0,71.1424851097865,1,0,0,0,6,0,0,365,0,0
2901,0,62.99459736226357,0,0,0,0,2,0,0,365,0,0
2902,1,71.27042549598131,1,0,1,1,12,0,0,365,0,0
2903,1,44.46656665825347,0,1,0,0,6,0,0,365,0,1
2904,1,67.18490332125212,0,0,0,0,4,0,0,365,0,0
2905,0,53.13508763235042,1,0,0,1,4,0,0,365,0,0
2906,1,62.43002592350986,1,0,0,0,4,0,0,365,0,0
2907,1,55.97268659884524,1,0,0,1,5,0,0,365,0,0
2908,1,65.1989200116468,0,0,0,1,5,0,0,365,0,1
2909,0,79.21397178406383,1,0,0,0,1,0,1,244,0,0
2910,1,69.05457167614682,0,0,0,0,4,0,0,365,0,0
2911,0,50.6842053427959,0,0,0,0,8,0,0,365,0,0
2912,0,56.25155841973198,0,0,0,1,1,1,0,365,0,0
2913,1,60.28196541602375,0,1,0,0,7,0,0,365,0,0
2914,0,73.97123120861387,0,0,1,0,9,1,0,365,0,0
2915,0,71.02051638029796,1,0,0,0,4,1,0,365,0,0
2916,1,61.850687981913474,0,0,0,0,4,0,0,365,0,0
2917,0,49.17747370108195,1,0,1,0,2,0,0,365,0,0
2918,0,82.02876033931045,0,0,0,0,8,0,0,365,0,0
2919,1,69.581161288631,0,0,0,0,9,0,0,365,0,0
2920,1,57.31249514831917,1,0,1,0,9,0,0,365,0,0
2921,0,62.41726793310862,0,0,0,0,6,0,0,365,0,1
2922,1,61.52114910464169,1,0,0,0,4,0,0,365,0,0
2923,0,56.79243871237258,1,0,1,0,11,0,1,353,0,0
2924,1,54.45503926462859,0,0,0,0,5,0,0,365,0,0
2925,0,71.33422648515827,0,0,1,1,4,0,0,365,0,0
2926,0,41.5972843571291,1,0,0,0,2,1,0,365,0,0
2927,0,78.3390745498564,0,0,0,0,5,1,0,365,0,0
2928,0,66.03962947437094,0,0,0,0,10,0,0,365,0,0
2929,0,65.92269128486085,0,0,0,0,6,0,0,365,0,0
2930,0,70.17474167479773,0,0,0,0,7,0,0,365,0,1
2931,1,82.95416660542723,1,0,0,0,10,0,0,365,0,0
2932,1,57.95617711056259,0,0,1,0,6,0,0,365,0,0
2933,1,62.67842450569924,0,0,0,0,5,0,0,365,0,0
2934,0,86.04522222566152,0,0,0,1,7,0,0,365,0,0
2935,0,73.94207009531762,0,0,0,0,5,0,0,365,0,0
2936,0,75.54417968355293,1,0,0,0,8,0,0,365,0,1
2937,0,54.06339011904511,0,0,0,0,4,1,1,95,0,0
2938,0,71.18296838669468,0,0,0,0,4,0,0,365,0,0
2939,0,69.40617108890324,0,0,0,0,5,0,0,365,0,0
2940,0,57.94497458257926,1,0,0,1,5,0,0,365,0,0
2941,1,67.10216857577616,1,0,0,0,12,0,0,365,0,1
2942,1,70.83340634635573,0,0,0,0,7,0,0,365,0,0
2943,0,64.20739516894483,1,0,0,0,4,0,0,365,0,0
2944,0,51.02081255252378,1,0,0,1,3,0,0,365,0,0
2945,1,75.24930291953581,1,0,0,0,8,1,0,365,0,1
2946,1,60.79813706989485,1,0,0,0,2,1,0,365,0,0
2947,1,62.039953129255125,0,0,0,0,8,0,0,365,0,0
2948,0,63.22489945965545,0,1,0,0,8,0,0,365,0,0
2949,0,50.95219752253284,1,0,0,0,3,1,0,365,0,0
2950,0,71.42063352532254,1,0,0,0,6,0,0,365,0,1
2951,0,59.68546343953436,0,0,0,0,7,0,0,365,0,0
2952,1,77.43884133057648,1,0,0,0,10,1,0,365,0,0
2953,0,58.30454808976053,0,0,0,0,4,0,0,365,0,0
2954,1,68.66032680975461,1,0,0,1,6,0,1,22,0,1
2955,0,58.46281250020418,1,0,0,1,6,0,0,365,0,0
2956,1,72.49083191245742,0,0,0,0,7,0,0,365,0,1
2957,0,63.98874581689492,1,0,0,0,10,0,0,365,0,0
2958,0,72.90043382472226,0,1,1,0,9,1,1,122,0,0
2959,1,68.73057801704297,1,0,0,1,7,0,1,300,0,0
2960,1,65.2842691012087,1,0,0,0,3,1,0,365,0,0
2961,0,69.5902520484322,0,0,0,0,11,1,1,161,0,0
2962,0,71.84997049365327,1,0,0,0,5,1,0,365,0,0
2963,0,72.33467841719282,0,0,1,0,8,0,0,365,0,0
2964,1,51.1361896251449,1,0,0,0,5,1,0,365,0,0
2965,0,51.18220747482796,1,0,0,0,7,0,0,365,0,0
2966,0,52.20477829977769,1,0,0,0,5,0,0,365,0,0
2967,0,89.71365173157663,1,0,0,0,7,1,1,93,0,1
2968,0,63.129889094881364,1,0,0,0,5,1,0,365,0,0
2969,1,78.05918618832422,0,0,0,1,5,0,0,365,0,0
2970,0,70.01030008284009,1,0,0,0,9,0,0,365,0,0
2971,0,50.38589152507635,1,0,0,0,3,0,0,365,0,0
2972,1,78.42262438258746,1,1,1,0,7,0,0,365,0,0
2973,0,56.974229898048954,1,1,0,0,9,0,0,365,0,0
2974,1,74.426262112801,1,0,0,0,6,0,0,365,0,0
2975,0,47.65850971148607,0,0,0,0,5,0,0,365,0,0
2976,1,72.0468401180256,1,0,0,0,3,1,0,365,0,0
2977,0,61.400187098209344,1,0,0,0,9,0,1,250,0,0
2978,1,61.38841793088218,1,0,0,1,4,1,0,365,0,0
2979,0,53.737028836596906,1,0,0,0,7,0,0,365,0,0
2980,1,63.22871646247024,0,0,1,0,8,0,0,365,0,0
2981,0,68.14413261714192,1,0,0,1,7,0,0,365,0,0
2982,0,64.59307585652931,0,0,0,0,3,0,0,365,0,0
2983,0,60.958156829583544,0,0,0,0,7,0,0,365,0,0
2984,1,48.95252982114967,0,0,0,0,7,0,0,365,0,0
2985,1,68.97259303597349,0,0,0,0,4,0,0,365,0,0
2986,1,46.05255253035382,0,0,0,0,6,1,1,35,0,1
2987,0,62.167397252179235,1,0,0,0,3,0,0,365,0,0
2988,0,69.9922784432144,1,0,0,0,10,0,1,28,0,0
2989,1,62.47958164415606,1,0,0,0,6,0,0,365,0,0
2990,1,87.5169099633496,0,0,0,0,6,0,0,365,1,1
2991,0,65.32374607101217,0,0,0,0,6,0,0,365,0,0
2992,1,80.71721353416761,0,1,0,0,10,1,0,365,0,0
2993,0,76.54977842197846,1,0,0,0,4,0,1,115,0,0
2994,0,69.31624430211637,1,0,0,0,8,0,0,365,0,1
2995,1,80.46292386120273,0,0,0,0,10,0,0,365,0,1
2996,1,66.78131264033489,0,0,0,0,4,0,1,280,0,0
2997,0,57.2908603527013,1,0,0,0,7,0,1,16,0,0
2998,1,62.02158439613271,1,0,0,0,7,0,0,365,1,1
2999,0,57.25896668223356,1,0,1,0,5,0,0,365,0,0
3000,0,71.84812403917722,0,1,0,0,5,0,0,365,0,0
3001,0,57.60061564743755,1,0,0,0,5,0,0,365,0,0
3002,0,63.64671387448252,1,0,0,0,6,0,0,365,0,0
3003,0,77.02747581995895,1,0,0,0,5,0,0,365,0,0
3004,0,80.74856070467351,1,1,0,1,9,1,0,365,0,0
3005,0,75.91596593431072,1,0,0,0,6,0,0,365,0,0
3006,0,73.50004882337873,0,1,0,0,12,0,0,365,0,0
3007,1,58.01215277579359,1,0,1,0,7,0,0,365,0,0
3008,1,49.706787031523234,1,0,1,0,4,1,0,365,1,0
3009,1,64.36943709540519,0,0,0,0,3,1,0,365,0,0
3010,0,82.32802253214072,1,0,0,0,11,0,1,59,0,1
3011,1,59.869453049735114,0,0,0,1,7,0,0,365,0,0
3012,1,82.99145772829205,1,0,0,0,9,0,0,365,0,0
3013,0,72.43990358428442,0,0,1,0,3,1,1,32,0,1
3014,0,68.10951311731868,0,0,1,1,5,0,0,365,0,0
3015,1,62.67769407103522,0,0,0,0,3,0,0,365,1,1
3016,1,76.22674434385684,1,0,0,0,8,0,0,365,0,0
3017,0,76.12668034153023,1,0,0,0,4,1,0,365,0,0
3018,0,51.90025745180914,0,0,0,1,4,1,0,365,0,0
3019,1,72.7022466664759,1,0,0,0,6,1,0,365,0,0
3020,0,74.76328026311606,0,0,0,0,3,1,1,296,0,0
3021,0,54.153375150363416,1,0,0,0,4,0,0,365,0,0
3022,0,67.50922674385775,1,0,0,0,4,0,0,365,0,0
3023,0,70.08094191459273,0,0,0,1,4,1,0,365,0,0
3024,0,60.02746905710838,1,0,1,0,7,1,0,365,0,0
3025,1,73.87658437897548,0,1,0,0,14,0,1,166,0,1
3026,0,69.78189236015156,1,0,0,0,5,0,0,365,0,0
3027,1,49.49799474058767,1,0,0,0,6,1,0,365,0,0
3028,0,48.93843967841225,1,0,0,0,4,1,0,365,0,0
3029,1,60.40147508960027,0,0,0,0,4,1,0,365,1,0
3030,0,67.4881496094129,0,0,0,1,4,0,1,212,0,0
3031,0,66.58602279477535,1,0,0,0,10,0,0,365,0,0
3032,0,59.086420427801755,0,0,0,0,5,0,0,365,0,0
3033,0,79.40056197502982,0,0,0,0,4,0,0,365,0,0
3034,1,45.85908942906036,1,0,0,0,4,0,0,365,0,0
3035,1,78.29051664031317,0,0,0,0,5,0,0,365,0,0
3036,0,68.72032718516131,1,0,0,0,5,1,0,365,0,1
3037,0,53.47096788734525,1,0,0,0,1,0,0,365,0,0
3038,1,69.03501640726296,1,0,0,0,8,0,0,365,0,0
3039,0,66.13068437544835,0,0,0,0,11,1,0,365,0,0
3040,1,80.05386686308317,1,0,1,0,9,0,0,365,0,0
3041,1,55.38931401473757,0,0,0,1,6,0,1,159,0,1
3042,0,68.33048568373749,0,0,0,0,8,0,0,365,0,0
3043,0,40.0,0,0,0,0,1,0,0,365,1,0
3044,0,72.48152953823453,1,0,0,0,7,0,0,365,0,0
3045,0,66.34148369711524,1,0,0,0,6,1,0,365,0,0
3046,1,63.001179457602404,1,0,0,0,12,0,0,365,0,0
3047,1,63.98033809035942,0,0,0,0,6,1,0,365,0,1
3048,0,75.40759444300357,0,0,0,0,4,1,0,365,1,1
3049,0,61.74326886346607,1,0,0,0,9,0,0,365,0,1
3050,1,62.82895035537889,0,0,0,0,5,0,0,365,0,0
3051,0,71.84192317200315,0,0,0,0,3,0,0,365,0,1
3052,1,58.14260224643259,0,0,0,0,7,0,0,365,0,1
3053,1,67.72942776432969,0,0,0,0,6,0,1,56,0,1
3054,0,64.12289409480917,1,0,0,0,5,1,0,365,0,0
3055,0,57.097897092978684,1,0,0,0,3,0,0,365,0,0
3056,0,54.88610479645696,0,0,0,1,7,0,0,365,0,0
3057,1,75.36043988641815,1,0,1,0,6,0,0,365,0,1
3058,0,53.76132796842441,1,0,0,0,3,1,0,365,0,0
3059,1,79.05899583806068,1,0,0,0,8,0,0,365,0,0
3060,1,57.67127758924787,1,0,0,1,4,0,0,365,0,0
3061,0,77.80334410319885,1,0,0,0,7,0,0,365,0,0
3062,1,65.06858267217787,1,0,0,0,6,1,0,365,1,0
3063,1,68.21804217749545,1,0,0,0,4,0,0,365,0,0
3064,0,57.553520669325856,1,0,0,0,10,0,0,365,1,0
3065,1,57.68603402003383,0,0,0,0,8,1,0,365,1,1
3066,0,59.15778195969801,1,0,0,0,3,1,1,124,0,0
3067,1,67.93862459423073,0,0,0,0,9,0,0,365,0,0
3068,1,75.53939682805158,1,0,0,0,7,1,0,365,0,0
3069,0,61.10986920100466,1,0,0,1,3,0,0,365,0,0
3070,0,71.64498788654112,0,0,0,0,3,0,0,365,0,0
3071,1,69.85746112318529,0,0,0,0,7,1,0,365,0,1
3072,1,75.55759374011188,0,0,0,0,7,0,0,365,0,0
3073,0,65.21023107293713,0,0,0,0,5,1,0,365,0,0
3074,0,66.41218700439701,0,0,0,0,8,0,1,337,0,0
3075,0,77.88416180900374,1,0,0,1,5,0,0,365,0,0
3076,1,85.64887228387813,1,0,0,0,5,1,0,365,0,1
3077,0,54.90809043725237,1,0,0,1,5,0,0,365,0,0
3078,0,73.81575795283482,0,0,1,0,5,0,0,365,0,0
3079,1,72.51366112810013,1,0,0,0,8,0,0,365,0,0
3080,0,50.960893248450176,0,0,0,0,3,0,0,365,0,0
3081,0,53.91720370990112,0,0,0,0,5,0,0,365,1,1
3082,0,83.5003028771967,0,0,0,0,11,0,0,365,0,0
3083,0,62.91424342713199,1,0,1,0,6,0,1,165,1,0
3084,0,74.45605986252473,0,0,0,0,8,1,0,365,1,0
3085,1,67.52111172599255,0,0,0,0,7,1,0,365,0,0
3086,0,48.55251570678232,1,0,0,0,9,0,0,365,0,0
3087,1,77.50279610853806,0,0,1,0,6,0,1,48,0,1
3088,1,55.145860838403564,1,0,0,0,4,0,0,365,0,0
3089,0,68.40552650192961,1,0,0,0,6,1,0,365,0,0
3090,0,54.108238194440716,0,0,0,0,9,0,0,365,0,0
3091,0,53.73656840056212,1,0,0,1,5,0,0,365,0,1
3092,1,75.75608714247356,0,1,0,0,11,0,1,186,0,0
3093,0,60.89770680018615,1,0,0,0,7,0,0,365,0,0
3094,0,56.21199312840814,1,0,0,0,6,0,0,365,0,0
3095,1,74.83799965740265,1,0,0,0,6,0,0,365,1,1
3096,1,41.14274091245149,0,0,0,0,4,0,0,365,0,0
3097,0,64.8570858713112,1,0,0,1,3,0,0,365,0,0
3098,1,78.08727641679204,0,0,0,0,2,1,0,365,0,0
3099,0,58.10468788185556,1,0,0,0,8,0,0,365,0,0
3100,0,75.69227624853409,1,0,1,0,2,0,0,365,0,0
3101,1,52.48804771557752,0,1,0,1,6,1,0,365,0,1
3102,0,56.69392891458061,1,0,0,1,7,0,0,365,0,0
3103,1,66.99304862798371,0,0,1,1,0,0,0,365,1,0
3104,0,71.71362578398535,0,0,1,0,11,0,0,365,0,0
3105,0,62.975724108699765,0,0,0,0,6,0,0,365,0,0
3106,0,60.111337671228654,1,0,0,0,6,0,0,365,0,0
3107,0,68.4639373826057,0,0,0,0,7,0,0,365,0,0
3108,0,56.54984097417992,1,0,0,0,8,0,0,365,0,0
3109,0,57.662969540774085,1,0,0,0,5,1,0,365,0,0
3110,0,57.069235278565735,1,0,0,0,3,0,0,365,0,0
3111,1,67.66517018311937,1,0,0,0,10,1,0,365,0,0
3112,1,79.55299767116261,0,0,0,0,7,0,0,365,0,1
3113,0,72.48554341083849,0,0,0,0,5,0,0,365,0,0
3114,0,51.878877203142196,0,0,0,1,4,0,0,365,0,0
3115,1,89.77693231861963,1,0,0,0,5,0,0,365,1,0
3116,0,65.589657344947,1,0,0,0,4,0,0,365,0,0
3117,1,66.67815733183778,1,0,0,1,9,1,1,197,1,1
3118,0,50.818466334153555,0,0,1,0,4,0,0,365,0,0
3119,0,53.41921634692426,0,0,0,0,6,0,0,365,0,0
3120,0,53.87510226485033,0,0,0,0,8,0,0,365,0,0
3121,0,66.88127728769786,1,0,0,0,3,1,0,365,0,0
3122,0,65.55082009394499,1,0,1,0,4,1,0,365,0,0
3123,0,77.224075327555,1,0,0,0,4,0,0,365,1,0
3124,1,69.66738901112203,0,0,0,1,2,0,1,211,0,0
3125,1,67.42102270502271,0,0,1,0,10,0,0,365,0,0
3126,1,60.8265754855059,0,0,0,0,4,0,0,365,0,0
3127,1,78.46055421358031,0,0,1,0,6,0,0,365,0,0
3128,0,57.439208146718,0,0,0,0,4,0,0,365,0,0
3129,1,52.744876723143776,0,0,0,0,4,0,0,365,0,0
3130,0,72.62709497159872,0,0,0,0,7,0,1,34,0,0
3131,0,60.94506334841421,1,0,0,0,4,0,0,365,0,1
3132,1,64.08210979879925,0,0,0,0,3,0,0,365,0,0
3133,0,57.21830248459695,1,0,0,1,9,1,0,365,0,0
3134,0,55.72379088353887,0,0,0,1,5,0,0,365,0,0
3135,1,60.744928931884914,0,0,0,1,10,1,0,365,0,0
3136,1,72.94208779234603,1,0,0,0,12,0,0,365,0,0
3137,1,49.54846311733925,0,0,1,1,4,0,0,365,0,0
3138,0,54.28451950191781,1,0,0,0,6,1,0,365,0,0
3139,0,70.50800659003308,1,0,0,0,6,0,0,365,0,1
3140,0,62.25444870193992,1,0,0,1,5,0,0,365,0,0
3141,0,64.43478907580905,1,0,0,0,5,0,0,365,0,0
3142,0,63.582869293148015,0,0,0,0,4,0,0,365,0,0
3143,1,66.54224327111284,0,0,0,0,6,0,0,365,0,0
3144,1,63.08218235323746,0,0,0,0,3,0,0,365,0,0
3145,1,70.4659290104494,0,0,0,0,6,0,1,65,0,1
3146,0,58.432111564118955,1,0,0,1,4,0,1,3,0,0
3147,1,60.24840768684811,0,0,0,0,10,0,0,365,0,0
3148,0,73.24052579503793,0,1,0,1,5,0,0,365,0,0
3149,0,82.80556112688058,0,0,0,0,7,0,0,365,0,0
3150,1,90.33892993294462,0,0,1,1,8,0,1,128,0,1
3151,1,71.87108815685112,0,0,0,0,4,0,0,365,0,0
3152,0,66.48364633323585,0,0,0,0,4,0,0,365,1,0
3153,1,61.812861139271796,0,0,0,0,3,0,0,365,0,0
3154,1,71.34763892928193,1,0,0,0,8,1,0,365,0,0
3155,0,81.73098009817738,1,0,1,0,12,0,0,365,0,0
3156,1,61.5106906122884,0,0,1,1,6,0,0,365,1,0
3157,0,67.7686453386422,1,0,0,0,9,0,0,365,0,0
3158,1,71.91685486415841,1,0,0,0,6,1,0,365,0,0
3159,0,64.8822231052027,0,0,0,0,9,0,0,365,0,0
3160,0,55.338237004872845,0,0,0,1,5,0,0,365,0,0
3161,0,60.57062016894264,0,0,0,0,5,0,0,365,0,0
3162,1,80.06868726835215,0,0,0,0,5,0,0,365,0,0
3163,1,51.12874970744928,0,0,0,0,4,1,0,365,0,0
3164,1,63.842239339634396,0,0,0,0,3,1,0,365,0,0
3165,1,75.79935320420589,0,0,0,0,10,0,0,365,1,1
3166,0,82.28218390299898,1,0,0,0,12,1,1,334,0,0
3167,1,71.08506707980729,1,0,0,0,10,0,0,365,1,1
3168,0,80.36389725476104,0,0,0,0,9,0,0,365,0,1
3169,0,74.47889251987644,1,0,0,0,8,1,0,365,0,0
3170,1,67.64985276245322,0,1,1,0,12,0,0,365,0,0
3171,0,63.57307465096067,1,0,0,0,5,0,0,365,0,1
3172,1,70.88317250785816,0,0,0,0,12,1,0,365,0,0
3173,1,80.13860556641389,0,0,0,0,5,0,0,365,0,0
3174,0,56.780310026984,0,0,0,0,4,1,0,365,0,0
3175,0,77.05548666141227,1,0,0,0,8,0,1,35,0,0
3176,0,47.18958464880238,1,0,0,0,2,1,0,365,0,0
3177,1,78.4548160823802,1,0,0,1,5,0,0,365,0,0
3178,1,55.95186047878292,0,0,1,0,7,0,0,365,0,0
3179,1,70.13796892691676,0,0,0,1,10,0,0,365,0,0
3180,0,72.28126595019245,0,1,0,0,8,0,0,365,0,0
3181,0,57.9230194385184,0,0,0,0,4,0,0,365,0,0
3182,1,66.69321445131543,1,0,0,0,5,1,1,60,0,0
3183,0,52.40782104487756,1,0,0,0,5,1,0,365,0,0
3184,1,69.53121424076907,1,0,0,0,7,0,0,365,0,0
3185,0,51.55142537741017,1,0,0,0,1,0,0,365,0,0
3186,1,68.42899005140643,1,1,0,0,3,0,0,365,0,0
3187,1,69.61771193064534,0,1,0,0,8,1,1,65,1,1
3188,1,65.90200063981231,0,0,1,0,9,0,0,365,0,0
3189,1,73.87516987942738,1,0,0,0,7,0,0,365,0,0
3190,0,62.02955594340437,1,0,0,0,3,0,0,365,0,0
3191,1,70.79889346556492,0,0,0,0,7,0,0,365,0,0
3192,0,71.55119900558975,1,0,0,0,7,0,0,365,0,0
3193,0,72.48343651277212,0,1,0,1,1,0,0,365,0,0
3194,0,52.552602169415465,1,0,0,0,7,0,0,365,0,0
3195,0,57.37777190517293,1,0,0,0,5,0,0,365,0,0
3196,1,69.76034994571988,1,0,1,1,5,0,0,365,0,0
3197,1,76.19492304202161,0,0,0,0,2,0,0,365,0,1
3198,1,54.05929922389779,0,0,0,1,7,1,0,365,0,0
3199,0,59.726597276747455,0,0,0,0,11,0,0,365,0,0
3200,0,56.44360842631041,1,0,0,0,1,1,0,365,0,0
3201,0,54.12784172931663,0,0,0,0,5,0,0,365,0,0
3202,0,53.61797508802807,1,1,0,0,3,0,0,365,0,0
3203,0,69.32233173934789,0,0,0,0,4,0,0,365,0,0
3204,0,67.58498306871826,0,0,0,1,7,0,0,365,0,0
3205,0,55.08406636237878,0,0,0,0,8,0,0,365,0,0
3206,0,47.09478243260208,1,0,0,0,3,0,0,365,0,0
3207,1,66.11604113091609,0,0,0,0,8,1,0,365,0,1
3208,0,87.05286490092476,0,0,0,0,8,0,1,230,0,1
3209,0,40.0,0,0,0,1,1,0,0,365,0,0
3210,0,85.17985647763219,1,0,1,0,12,0,0,365,1,1
3211,0,77.89329409192202,0,0,0,0,4,0,0,365,0,1
3212,1,79.60198228553446,1,0,0,0,5,0,0,365,1,1
3213,0,74.53302319792493,0,0,0,0,6,0,0,365,0,0
3214,1,74.44485301859865,1,0,0,1,4,1,1,363,1,1
3215,0,65.36343206159223,1,0,1,0,5,1,0,365,0,0
3216,1,76.79260431871879,0,0,1,1,10,0,0,365,1,0
3217,1,83.87129510886801,0,0,0,0,3,0,0,365,0,1
3218,1,73.5480133304832,0,0,0,0,6,0,0,365,0,0
3219,0,72.62214135490628,1,0,0,0,8,0,0,365,1,1
3220,1,61.506308007756154,1,0,0,0,9,0,0,365,0,0
3221,1,66.90554481457843,0,0,0,1,5,0,0,365,0,0
3222,1,74.32849519924308,1,0,1,0,14,0,0,365,1,0
3223,0,78.82573528454738,1,0,0,0,5,0,0,365,0,1
3224,0,49.89250231180379,0,0,0,0,5,1,0,365,0,0
3225,1,48.32082816199065,0,0,1,0,6,0,0,365,0,0
3226,0,66.40088518333786,0,0,0,0,9,1,0,365,0,0
3227,1,63.75369229544849,1,1,1,1,15,0,1,337,0,0
3228,1,65.42172512452389,0,0,0,0,3,0,0,365,0,0
3229,1,74.96045900773674,1,0,0,0,3,0,0,365,0,0
3230,0,63.67133986608121,0,0,0,0,7,1,0,365,0,0
3231,1,50.429752783353194,1,0,0,1,4,1,0,365,0,0
3232,0,71.43526179844905,1,0,0,0,1,1,0,365,0,0
3233,0,51.55058882555527,1,0,0,0,8,0,0,365,0,0
3234,0,72.04776994498151,0,0,0,0,5,0,0,365,0,0
3235,1,68.23229901007197,0,0,0,0,4,0,0,365,0,0
3236,1,67.45799985605765,0,0,0,0,5,1,0,365,0,1
3237,1,74.01842938515922,1,0,1,0,4,0,0,365,0,0
3238,0,67.94299075725043,0,0,0,0,6,0,0,365,0,0
3239,0,67.94697690126814,0,0,0,1,5,0,0,365,0,0
3240,0,80.17562119855026,1,0,0,0,7,0,0,365,0,1
3241,1,73.52633524361134,0,0,0,0,6,0,0,365,0,1
3242,1,53.548364713397106,0,0,0,1,9,0,0,365,0,0
3243,0,67.43449050006706,1,0,0,1,6,1,0,365,0,0
3244,0,67.79606237627404,0,0,0,0,8,1,0,365,0,0
3245,0,68.23819435498498,1,0,0,0,6,0,0,365,1,0
3246,0,58.0540516948062,0,0,0,0,4,1,0,365,0,0
3247,1,56.31017453430659,0,0,0,1,7,0,0,365,0,0
3248,0,72.87165928987073,0,0,0,0,4,1,0,365,0,0
3249,0,74.07435614074251,0,1,1,0,12,0,0,365,0,0
3250,0,61.96636187327804,0,0,0,0,5,0,0,365,0,0
3251,1,71.17221516738714,0,1,0,1,7,0,0,365,0,1
3252,1,68.92775496326375,0,0,0,0,5,1,0,365,0,1
3253,0,61.97024446901215,0,0,1,0,3,1,0,365,0,0
3254,1,69.23363351428443,0,1,0,1,7,0,1,62,0,0
3255,1,64.1835087247934,1,0,1,1,12,0,0,365,0,0
3256,0,83.01923021707066,1,0,1,1,5,1,0,365,0,0
3257,1,63.857821207844744,0,0,0,0,5,0,0,365,0,0
3258,0,40.26554584782112,1,0,0,0,2,0,0,365,0,0
3259,1,69.92083283576,0,0,0,0,7,0,0,365,1,0
3260,1,51.230208687972905,1,0,0,0,3,1,0,365,0,0
3261,0,70.53865373492361,1,0,1,0,12,1,1,102,0,0
3262,0,56.36603064689835,1,0,0,0,3,1,0,365,0,1
3263,1,68.90273037619426,1,0,1,1,7,0,0,365,0,0
3264,1,61.828257683714305,0,0,0,0,6,1,0,365,0,1
3265,0,62.205877397359174,1,0,0,0,4,0,0,365,0,0
3266,0,58.8340308490137,1,0,0,0,5,0,0,365,0,0
3267,1,63.29563080485947,1,1,0,0,7,1,0,365,1,1
3268,0,58.467401736167744,0,0,0,0,3,0,0,365,0,1
3269,0,67.09214157356081,0,0,0,0,2,0,0,365,0,0
3270,1,87.73494409087695,0,0,0,0,9,0,1,147,1,1
3271,0,64.67951291093458,1,0,0,0,4,1,0,365,0,0
3272,0,79.57728789688261,0,0,0,0,3,0,0,365,1,0
3273,1,59.159854021165856,1,1,0,1,11,0,1,253,0,1
3274,0,64.36635970778818,1,0,1,0,10,0,0,365,0,1
3275,0,70.09084601330633,1,0,0,0,9,0,0,365,0,0
3276,0,75.04309346569171,1,1,0,0,8,0,0,365,0,1
3277,1,76.67158264999028,0,0,1,0,12,0,0,365,1,1
3278,1,59.28084554395213,1,0,0,0,5,0,0,365,0,0
3279,0,66.10566737167046,0,0,0,0,4,0,0,365,0,0
3280,0,51.07445410576781,1,0,0,0,2,0,0,365,0,0
3281,0,70.56637067246218,0,0,1,1,9,0,0,365,0,0
3282,1,72.85130316966848,0,0,0,0,6,1,1,302,0,1
3283,1,73.29886065699986,0,1,0,0,7,1,0,365,0,0
3284,1,55.993413879435536,1,0,0,0,7,0,0,365,0,0
3285,1,61.913884005624645,0,1,0,1,7,0,0,365,0,1
3286,1,65.46049456478212,1,0,0,0,5,0,0,365,0,0
3287,1,77.75435816257166,0,0,1,1,6,0,0,365,0,0
3288,0,67.4303681849709,0,0,0,0,2,0,0,365,0,0
3289,0,60.18190861724321,1,1,0,0,5,0,0,365,0,0
3290,0,50.67341943460031,0,0,0,0,3,0,0,365,0,0
3291,1,73.51998903283229,1,0,0,0,9,0,0,365,0,0
3292,0,74.76267328034761,1,0,0,1,4,0,0,365,0,0
3293,0,63.6524366057515,0,0,0,0,1,0,0,365,0,0
3294,0,62.44914111534949,1,0,0,0,8,1,0,365,0,0
3295,0,82.8841916174609,1,0,0,0,6,0,0,365,0,0
3296,1,58.08620663234824,0,1,0,0,10,0,1,40,0,0
3297,0,80.12852053032812,0,0,1,0,9,0,1,122,1,1
3298,1,59.11562134098136,0,1,0,0,8,1,0,365,0,0
3299,0,59.63387800352514,1,0,0,0,7,0,0,365,0,0
3300,1,67.03257670748417,0,0,0,0,9,0,0,365,0,0
3301,0,44.02330707307452,0,0,0,0,2,0,0,365,0,0
3302,0,55.075095581982254,1,0,0,0,6,0,0,365,0,0
3303,0,56.82855889721857,0,0,0,1,3,1,0,365,0,0
3304,1,63.68288641679386,1,0,1,0,12,0,1,281,0,0
3305,1,77.20272053979613,1,0,0,1,8,0,1,360,0,1
3306,0,64.51772802057552,1,0,0,1,5,0,0,365,0,0
3307,0,68.97115339490816,1,0,0,0,3,0,0,365,0,0
3308,1,58.580942843496814,0,0,0,0,4,1,1,256,0,0
3309,1,75.64765315995552,0,0,0,0,5,1,0,365,1,1
3310,1,71.11693846722416,1,0,0,0,5,0,0,365,0,0
3311,0,80.8707609677035,0,0,0,0,5,0,0,365,0,0
3312,1,71.48301112535574,1,0,0,0,8,0,0,365,0,0
3313,0,60.76252488887871,0,0,1,0,8,0,0,365,0,0
3314,0,47.72516508419712,1,0,0,0,3,0,0,365,0,0
3315,0,65.72269473848972,0,0,0,0,8,0,0,365,1,0
3316,0,59.57676314543175,1,0,0,0,3,0,0,365,0,0
3317,0,82.38556205736592,0,0,0,0,4,1,1,24,0,0
3318,0,69.37845480476038,0,0,1,0,11,0,1,272,0,0
3319,0,59.04829879777981,1,0,0,1,7,0,0,365,0,0
3320,1,72.08615231828743,0,0,0,0,7,1,0,365,0,0
3321,0,60.659114608892736,1,0,0,0,5,0,0,365,0,0
3322,1,69.11122059699684,1,0,0,1,7,1,0,365,0,1
3323,0,59.06204777439469,0,0,0,0,7,0,0,365,0,0
3324,0,64.26678084902606,0,0,0,0,6,1,0,365,0,0
3325,0,81.39905784478921,0,0,0,0,2,0,0,365,0,0
3326,0,40.0,1,0,0,0,5,0,0,365,0,0
3327,0,79.26125837740392,1,0,0,0,1,0,0,365,0,1
3328,1,52.59475149524023,0,0,0,0,4,0,0,365,0,0
3329,0,64.37290624857287,1,0,0,0,3,1,0,365,0,0
3330,1,59.79313551986505,0,0,0,0,4,0,0,365,0,0
3331,0,59.25559004891293,0,0,0,0,6,0,0,365,0,0
3332,0,57.52664547480419,1,0,0,0,2,1,0,365,0,0
3333,1,66.34205717395196,0,0,0,0,8,0,0,365,0,0
3334,0,65.83377984681898,1,0,0,0,6,0,0,365,0,0
3335,0,79.59574255385486,1,0,0,0,6,0,0,365,0,0
3336,0,58.5481872396203,1,0,0,0,2,0,0,365,0,0
3337,0,66.5040229656468,1,0,0,1,7,0,0,365,0,0
3338,1,62.64038738431935,0,1,1,0,7,1,1,350,0,1
3339,1,52.391787819367,0,0,1,0,7,1,0,365,0,0
3340,1,53.67347938991798,1,0,0,0,6,0,0,365,0,0
3341,0,72.34518573034356,1,0,0,0,6,0,0,365,0,0
3342,0,40.0,1,0,0,0,2,1,0,365,0,0
3343,0,65.37583236486344,0,0,0,0,3,1,0,365,0,0
3344,1,56.56757465397008,1,0,0,1,5,0,0,365,0,1
3345,0,57.79081076810024,1,0,0,0,5,0,1,91,0,0
3346,0,58.52922665678187,0,0,0,0,4,0,0,365,0,0
3347,0,59.65103602014555,0,0,0,0,4,0,0,365,0,0
3348,1,54.586249281271705,0,0,1,0,7,0,0,365,0,0
3349,0,49.31982707969799,0,0,0,0,6,0,0,365,0,0
3350,1,58.64971247196599,1,1,0,1,4,0,0,365,0,0
3351,0,70.20020994081747,1,0,0,0,5,1,0,365,0,0
3352,0,67.84840345822907,0,0,1,0,6,0,0,365,0,1
3353,1,75.27060061395693,0,0,1,0,6,0,0,365,0,0
3354,0,55.7144054033134,0,0,0,0,3,0,0,365,0,0
3355,0,73.20118364162343,1,0,0,0,10,0,0,365,0,0
3356,1,75.11054967906772,1,0,0,1,6,1,0,365,0,0
3357,1,60.14559035546425,0,0,0,0,8,1,0,365,0,0
3358,1,83.38326481021053,0,0,0,1,4,0,0,365,0,0
3359,0,79.53580782018543,1,0,0,0,7,0,0,365,0,0
3360,1,67.5192801499348,0,0,0,0,9,0,0,365,0,1
3361,0,72.56998023630769,0,0,0,1,7,0,0,365,0,0
3362,0,64.84764318834702,0,0,0,0,6,0,0,365,0,0
3363,1,58.245829023163026,0,0,1,0,5,0,0,365,0,0
3364,0,59.814925120121245,0,0,0,0,6,0,0,365,0,0
3365,1,64.02901199589583,0,0,0,0,5,0,0,365,0,0
3366,1,75.54704539896417,0,1,0,0,11,0,1,293,0,1
3367,1,90.08862347623999,0,0,0,0,5,1,0,365,0,1
3368,0,57.92291365247549,1,0,0,0,7,0,0,365,0,0
3369,1,66.38978855745151,1,1,0,0,12,0,0,365,0,0
3370,0,60.07209994218011,1,0,0,0,6,0,0,365,0,0
3371,0,55.54886050563988,0,0,0,0,9,1,1,52,0,0
3372,1,70.53771034188928,1,0,0,1,5,0,1,120,0,1
3373,0,81.33509523375224,1,0,0,0,8,0,0,365,0,0
3374,1,69.65041467120807,0,0,0,1,5,0,0,365,0,0
3375,1,54.52174007713077,0,0,0,0,5,0,0,365,0,0
3376,1,92.93780213160636,0,0,0,0,8,0,0,365,0,1
3377,0,79.9207004184335,0,0,0,0,5,0,0,365,0,0
3378,0,62.116421108983005,1,0,0,0,2,0,0,365,0,0
3379,1,76.45683709509117,1,0,0,0,6,0,0,365,0,0
3380,0,74.21105384183839,0,0,0,0,6,1,0,365,0,0
3381,1,69.2104522432261,0,0,0,1,7,1,0,365,0,0
3382,0,49.778874119936276,0,0,0,0,4,1,0,365,0,0
3383,0,67.60934641357295,0,0,0,0,3,0,0,365,0,0
3384,0,58.03095484665529,1,0,0,0,4,0,0,365,0,0
3385,1,56.42812428892054,0,0,0,0,4,0,0,365,0,0
3386,1,74.00100726266419,0,0,0,0,7,0,0,365,0,0
3387,1,59.705121246896994,0,0,0,1,2,0,0,365,0,0
3388,1,76.13354465153543,0,0,0,0,9,0,0,365,0,1
3389,0,63.96084169614784,0,0,0,0,8,1,0,365,0,0
3390,0,71.33184924965904,1,0,0,0,10,0,0,365,0,0
3391,0,55.97959801149425,1,1,0,0,5,0,0,365,0,0
3392,0,57.999490979658106,1,0,0,0,2,0,0,365,0,0
3393,0,49.24550527526047,1,0,0,0,2,1,0,365,0,1
3394,1,63.1265229272433,1,0,0,0,4,0,0,365,0,0
3395,1,67.52775392450218,0,0,0,0,2,0,0,365,0,0
3396,0,78.41232942306881,1,0,0,0,4,0,1,74,0,0
3397,1,75.53490054732505,1,0,0,1,9,1,0,365,0,0
3398,1,66.69147462412359,0,0,0,0,6,1,0,365,0,0
3399,1,75.40854294142858,1,0,0,1,7,0,0,365,0,0
3400,1,80.75985871027875,1,1,0,1,6,0,1,154,0,1
3401,0,75.51038643850171,0,0,0,0,5,0,0,365,1,0
3402,0,42.874160866969206,1,0,0,0,6,0,0,365,0,0
3403,0,54.99123574404349,1,0,0,0,2,1,0,365,0,0
3404,1,57.16876924598009,1,0,0,0,2,1,0,365,0,0
3405,1,60.94197936146445,1,0,0,0,6,1,0,365,0,1
3406,0,40.0,0,0,0,0,3,0,0,365,0,0
3407,0,69.43841390958188,0,0,1,0,9,1,0,365,0,0
3408,1,61.61348497498062,1,0,0,1,6,1,0,365,0,0
3409,1,65.96128321450557,1,0,0,0,8,0,0,365,0,1
3410,1,51.396192880841426,1,0,0,0,2,0,0,365,0,0
3411,1,71.80054667875028,1,0,0,1,5,0,0,365,0,0
3412,0,63.68437281020918,0,0,0,0,4,0,0,365,0,0
3413,0,80.25482264236418,1,0,0,1,9,1,1,45,0,0
3414,0,68.188807805218,0,0,0,1,6,0,0,365,0,0
3415,1,62.16495823576996,0,0,0,0,6,0,0,365,0,0
3416,1,85.50356424260804,1,0,0,0,7,1,0,365,0,0
3417,0,65.67678065604873,0,0,1,0,7,0,1,86,1,0
3418,0,47.18538158246636,1,0,0,1,4,1,0,365,0,0
3419,0,63.2491721215777,0,0,0,0,5,1,0,365,0,1
3420,0,62.00517762847511,0,0,0,0,5,0,0,365,0,0
3421,1,77.98233890471602,1,0,0,1,6,0,0,365,1,1
3422,1,68.73147923992681,0,1,0,0,5,1,1,91,0,1
3423,1,77.45960352627293,1,1,0,0,8,0,1,26,0,1
3424,0,83.83072486551983,1,0,0,0,6,0,0,365,0,0
3425,0,60.84525906507024,0,0,0,0,4,0,0,365,0,0
3426,1,71.85669625718164,1,0,0,0,9,1,0,365,0,0
3427,0,57.72300701098885,1,0,1,1,6,0,0,365,0,0
3428,1,67.67613732179512,1,0,0,0,5,0,0,365,0,1
3429,0,69.49150187392148,0,0,0,0,9,0,0,365,0,0
3430,1,65.27531025821752,0,0,1,1,8,0,0,365,0,0
3431,0,73.06956108505008,0,0,0,0,5,1,0,365,0,0
3432,0,54.52635109210813,1,0,0,0,5,1,0,365,0,0
3433,1,59.334919222597385,1,0,0,0,3,0,0,365,0,0
3434,1,67.72795062825554,1,0,0,1,5,0,0,365,0,0
3435,0,57.25660514174397,1,1,0,0,6,0,0,365,0,0
3436,1,70.10938835588716,0,0,0,0,5,0,0,365,0,0
3437,0,71.38964986066824,0,0,0,0,7,0,0,365,0,0
3438,1,59.62531588876469,0,0,0,0,7,1,0,365,0,0
3439,0,76.46924332410859,1,0,0,0,2,0,0,365,0,1
3440,1,71.33177790148159,0,0,0,1,11,0,1,286,0,1
3441,0,52.10677821169844,1,0,0,0,8,0,0,365,0,0
3442,1,83.84630673801925,0,0,1,0,4,0,0,365,0,0
3443,0,66.2418191135238,1,0,0,0,5,0,1,187,0,1
3444,0,50.523594098178215,1,0,1,0,7,0,0,365,0,0
3445,1,82.76199887296782,1,0,0,0,4,1,0,365,0,1
3446,0,51.95444593529814,1,0,0,0,11,0,0,365,0,0
3447,0,60.70887058832643,0,0,1,1,3,0,0,365,0,0
3448,1,76.76708272216683,1,0,1,0,11,0,0,365,0,0
3449,1,61.145992673924766,0,0,0,0,7,1,0,365,0,0
3450,0,78.97025880658936,1,0,0,0,8,0,0,365,0,0
3451,0,57.074280507048755,1,0,0,1,5,0,1,52,0,0
3452,0,62.67630193347777,1,0,0,0,6,0,0,365,0,0
3453,1,73.2845841408295,0,0,0,1,8,0,0,365,0,1
3454,0,70.14270513195049,0,0,0,0,5,0,0,365,0,0
3455,0,70.25779839694647,1,0,0,0,2,0,0,365,0,0
3456,0,62.93231811778583,0,0,1,0,5,0,0,365,0,0
3457,1,57.93283289922521,1,0,0,0,11,0,0,365,0,0
3458,1,47.004695870700786,0,0,0,0,1,1,0,365,0,0
3459,0,48.45336590254368,0,0,0,0,5,0,0,365,0,0
3460,0,66.64452563810227,1,1,0,1,7,1,0,365,0,0
3461,0,64.00369675699295,0,1,1,1,8,0,0,365,0,0
3462,0,77.09095294001918,0,0,0,0,3,1,0,365,0,1
3463,1,63.68643695316063,1,0,0,0,8,1,0,365,0,0
3464,0,69.04977208709573,0,0,0,0,3,0,0,365,0,0
3465,1,84.82094550138957,1,0,0,0,4,1,1,247,0,0
3466,1,69.71731442616463,1,1,0,0,9,0,0,365,1,1
3467,0,72.06938895259972,0,0,0,0,6,0,0,365,0,0
3468,1,77.46552842015133,1,1,0,0,4,1,0,365,0,1
3469,0,67.31241218500159,0,0,1,0,9,0,0,365,0,0
3470,0,70.85388020162935,0,0,0,0,4,0,0,365,1,0
3471,1,65.2114861046399,1,0,0,0,5,1,0,365,0,1
3472,0,61.29850545752983,1,0,0,1,6,0,0,365,0,0
3473,0,74.31414133228756,1,0,0,0,4,0,0,365,1,0
3474,0,59.1033730587844,0,0,0,0,1,1,0,365,0,0
3475,0,61.60652372876709,0,0,0,0,6,0,1,179,0,0
3476,0,60.854147927689716,0,0,0,0,3,0,0,365,0,0
3477,1,69.21805450787384,0,0,0,0,4,0,0,365,0,0
3478,1,66.02985503248499,0,0,0,0,7,1,0,365,0,0
3479,0,40.0,0,0,0,0,3,1,0,365,0,0
3480,1,80.39809773425726,1,0,0,0,6,0,0,365,0,0
3481,0,55.31725538519223,1,0,0,1,5,1,0,365,0,0
3482,1,57.37601744890261,1,0,0,0,3,0,0,365,0,0
3483,0,59.834613669935635,1,0,0,0,3,1,0,365,0,0
3484,1,82.22011094558803,1,0,0,0,10,1,1,234,0,1
3485,1,83.67615617353215,0,0,0,0,7,1,0,365,0,0
3486,0,65.26799433314062,0,0,0,1,6,0,0,365,0,0
3487,0,60.42030465430543,0,1,0,0,6,0,0,365,0,0
3488,1,53.55158776599383,1,0,0,0,4,0,0,365,0,0
3489,0,68.47812922805275,1,0,1,0,10,0,1,297,0,1
3490,0,84.78096948781246,1,0,0,0,4,1,0,365,0,0
3491,0,78.23378102574405,1,0,0,1,7,0,0,365,0,0
3492,1,86.79737980268838,1,1,1,0,4,1,0,365,0,0
3493,0,73.65875749639639,1,0,0,0,10,0,0,365,0,0
3494,0,56.46591017840528,0,0,1,0,9,0,0,365,0,0
3495,1,63.049639394784386,1,0,0,0,4,0,0,365,0,0
3496,0,69.11733978974604,0,1,0,0,7,0,0,365,0,0
3497,0,69.17021404817238,0,0,0,0,7,1,0,365,0,0
3498,0,57.048037611481256,1,0,0,1,2,1,0,365,0,0
3499,1,40.0,1,0,0,0,3,1,0,365,0,0
3500,1,69.44715546705032,0,0,0,0,11,1,0,365,0,0
3501,0,55.05186306225473,0,0,0,0,2,1,0,365,0,0
3502,1,59.55749965138149,1,0,0,0,4,0,0,365,0,0
3503,0,67.75466703131578,0,0,1,1,9,0,0,365,0,0
3504,1,72.21865399887609,1,0,0,0,13,1,0,365,1,0
3505,1,62.27764858122087,1,0,0,1,6,0,0,365,0,0
3506,1,63.82195689972996,1,0,0,0,4,0,0,365,0,0
3507,0,67.72753589428434,1,0,0,0,7,0,0,365,0,0
3508,1,79.47827820476019,1,0,0,0,0,0,0,365,0,0
3509,0,62.98088357695829,0,0,0,0,3,0,0,365,0,0
3510,1,59.8250598197098,1,0,0,0,8,0,0,365,0,0
3511,0,66.75279975250675,1,0,0,0,9,1,0,365,0,0
3512,1,87.59554553074429,1,0,0,0,4,1,1,287,0,0
3513,0,73.95497440921909,1,0,0,0,9,0,0,365,1,1
3514,0,60.383324293786366,1,0,0,0,6,0,0,365,0,0
3515,0,68.6496346168307,1,0,0,0,10,0,1,35,0,0
3516,1,71.85725847362133,0,0,0,0,5,1,0,365,1,1
3517,1,51.66289243736452,0,0,0,0,3,1,0,365,0,0
3518,1,62.99997241738204,0,0,0,1,6,0,0,365,1,0
3519,1,74.26513954326143,0,0,0,0,4,0,0,365,0,0
3520,0,62.38766230104408,0,0,0,0,8,0,1,239,0,1
3521,1,69.62446301806615,1,0,0,0,6,0,0,365,0,0
3522,1,72.84176077826528,0,0,0,0,10,0,0,365,0,1
3523,0,83.12610885964807,1,0,0,0,7,0,0,365,0,0
3524,0,53.91947465458193,1,0,0,0,3,0,0,365,0,0
3525,0,64.77377208539434,1,0,0,1,6,1,0,365,0,0
3526,1,55.288382009737,1,0,0,0,4,0,0,365,0,0
3527,0,49.556528997587364,0,0,0,1,6,0,0,365,0,0
3528,0,58.441256366748696,0,0,0,0,8,1,0,365,0,0
3529,1,60.385766395167806,1,0,0,0,5,0,0,365,0,0
3530,0,69.03958371767314,1,0,0,0,5,0,0,365,0,0
3531,1,82.64367736085495,0,1,0,0,5,1,0,365,0,0
3532,0,55.59320020528753,1,1,0,0,5,0,0,365,0,0
3533,1,64.32697097417133,0,0,0,0,5,0,0,365,0,0
3534,0,69.992384017012,0,0,1,1,10,1,0,365,0,0
3535,0,52.060737938961445,1,0,0,0,5,0,0,365,0,0
3536,0,59.51435576933242,0,0,0,0,12,0,0,365,0,0
3537,0,70.85245122574491,0,0,0,0,5,0,0,365,0,0
3538,0,56.376056619072585,0,0,0,0,6,0,0,365,0,0
3539,1,73.14184663834722,1,0,0,1,7,0,0,365,0,0
3540,0,54.163434053387334,0,0,0,0,5,0,0,365,0,0
3541,0,53.70857654128379,1,0,0,0,5,0,0,365,0,0
3542,0,54.55671026991106,0,0,0,0,6,1,0,365,0,0
3543,1,71.69975482219166,1,0,1,0,9,1,0,365,0,0
3544,0,60.27859641114328,0,0,1,0,7,0,0,365,0,0
3545,0,62.497776834697625,1,0,0,1,2,0,0,365,0,0
3546,1,70.68648303567716,0,0,0,1,7,0,0,365,0,0
3547,0,77.60187214720867,1,0,0,0,5,0,0,365,0,0
3548,0,55.20200366261943,1,0,0,0,3,0,0,365,0,1
3549,1,58.384030382517565,0,1,1,0,8,0,0,365,0,0
3550,1,46.277700773273196,0,0,0,0,6,1,0,365,0,0
3551,1,64.42633975253203,0,0,0,0,7,0,0,365,0,0
3552,1,64.35271607608816,0,0,0,0,4,1,0,365,1,0
3553,0,50.601342172045484,0,1,0,0,6,0,0,365,0,0
3554,0,64.64651035013182,0,0,0,0,4,0,0,365,0,0
3555,0,50.133884985631646,0,0,0,0,10,0,0,365,0,0
3556,0,59.477641292698685,1,0,0,0,4,0,0,365,0,1
3557,0,44.97792207417021,0,0,0,0,4,0,0,365,0,0
3558,0,61.18744457468004,0,0,1,0,5,1,0,365,0,0
3559,0,74.95601009038229,1,0,0,1,6,0,1,102,0,0
3560,0,57.20420295854039,0,1,0,1,6,0,0,365,0,0
3561,0,74.70812715687768,0,0,0,1,4,0,1,119,1,0
3562,1,66.89565406230177,1,0,0,0,7,0,1,37,0,0
3563,0,63.43022443409641,0,0,1,0,8,0,0,365,0,0
3564,0,60.40529782545791,1,0,0,0,9,0,1,281,0,0
3565,1,52.40676490255498,0,0,0,0,4,0,0,365,0,0
3566,0,63.054874887722136,1,0,0,0,3,0,0,365,0,0
3567,0,66.04153955972795,1,0,0,0,9,0,1,303,0,0
3568,0,62.79956684619418,0,1,0,1,6,0,0,365,0,0
3569,0,61.50147102035858,1,1,0,0,6,0,1,362,0,1
3570,1,63.19098372975877,0,0,0,0,6,0,0,365,0,0
3571,0,76.68796631543675,0,0,1,0,3,0,0,365,0,0
3572,0,56.32488166476874,1,0,0,0,3,0,0,365,0,0
3573,0,72.42617405376566,1,1,0,0,5,0,0,365,0,1
3574,1,63.01669087053615,1,0,0,0,2,1,0,365,0,0
3575,1,71.02535263949581,0,1,0,1,8,0,0,365,0,1
3576,1,56.65587837247307,0,0,1,1,11,1,0,365,0,0
3577,0,65.48321143734374,0,0,0,0,6,0,0,365,0,0
3578,0,68.75456857764298,1,0,0,0,5,0,0,365,1,1
3579,0,69.83279366141754,0,0,0,1,3,0,0,365,0,0
3580,0,57.12373994262226,0,0,0,0,1,0,0,365,0,0
3581,0,71.16207589397013,0,0,0,0,6,0,0,365,0,0
3582,0,69.42157571942118,1,0,0,0,5,1,0,365,0,0
3583,0,61.923737454919255,0,0,0,0,3,0,0,365,0,0
3584,1,85.53567596814334,1,1,1,0,7,0,0,365,0,1
3585,1,59.045998148908176,1,0,0,0,5,0,0,365,1,0
3586,0,52.89704369534999,1,0,0,1,7,1,0,365,0,0
3587,0,75.37902698252164,0,0,0,0,8,0,0,365,0,0
3588,0,60.982407192114465,0,0,0,0,6,0,0,365,0,1
3589,1,81.26108548202963,1,0,1,0,3,0,0,365,0,1
3590,1,66.47705235477584,1,0,0,0,9,0,0,365,0,1
3591,0,69.78484912344082,0,0,0,0,5,0,0,365,0,0
3592,0,61.370950014182405,0,0,1,1,15,0,0,365,0,0
3593,1,59.14081292647922,0,0,1,1,7,0,1,32,0,0
3594,0,65.64040518001084,0,0,0,0,5,1,0,365,0,0
3595,1,63.59522220981704,1,1,0,0,8,0,0,365,0,0
3596,1,62.23419275872926,0,0,0,0,4,1,1,231,0,1
3597,1,62.3146005579477,1,0,0,0,9,0,0,365,0,0
3598,0,61.13432395023323,1,0,0,0,7,0,1,47,0,0
3599,1,49.88599208151763,1,0,0,0,6,0,0,365,0,0
3600,0,47.40251381991261,1,0,0,0,5,0,0,365,0,0
3601,0,71.85161277917304,0,0,1,0,4,0,1,3,0,1
3602,0,71.04851308603878,0,0,0,0,8,1,0,365,0,0
3603,0,57.110015561467854,1,0,1,0,6,0,0,365,0,1
3604,1,79.91083137239434,0,0,0,0,4,0,0,365,0,0
3605,0,68.90433735164825,1,0,1,1,6,0,0,365,0,0
3606,0,69.16395721837637,1,0,0,0,7,0,1,27,1,0
3607,0,67.53037329560904,0,0,0,0,6,1,0,365,0,0
3608,0,69.11179443884147,0,0,0,0,5,0,0,365,0,0
3609,1,80.54895257459684,0,0,0,1,8,0,0,365,1,1
3610,0,69.04765484318746,1,0,0,0,5,0,0,365,0,0
3611,0,49.73574147287819,0,0,0,0,3,1,0,365,0,0
3612,0,55.19935873464108,0,0,1,0,5,0,0,365,0,0
3613,0,74.21269808950737,0,0,0,0,6,1,0,365,0,0
3614,0,53.729502497127136,1,0,0,0,7,0,1,339,0,0
3615,0,64.09381606519628,1,0,0,0,6,0,0,365,0,0
3616,0,63.34764543493052,1,0,0,0,2,0,0,365,0,0
3617,0,78.8319027479674,0,0,0,0,8,0,0,365,0,0
3618,0,80.60268307349,0,0,1,0,9,0,0,365,0,0
3619,0,55.104102697822334,0,0,0,0,4,1,0,365,0,0
3620,0,82.1961664026566,1,0,0,1,1,0,1,79,0,1
3621,0,68.2171271231346,1,0,0,0,5,1,1,116,0,0
3622,0,63.51032401024758,1,0,0,0,7,0,0,365,0,0
3623,0,72.95569171201922,1,0,0,0,2,0,0,365,0,0
3624,1,54.887529473648165,0,1,0,1,8,1,0,365,0,0
3625,0,66.12263451269021,1,0,0,1,5,0,0,365,0,0
3626,0,59.819330451087666,0,0,0,1,6,0,0,365,0,0
3627,0,58.71361042229013,1,0,0,0,4,0,0,365,0,0
3628,1,60.80458614068692,0,0,0,0,5,0,0,365,0,1
3629,0,50.1717263703435,0,0,0,0,3,1,1,22,0,0
3630,1,58.40262175728234,1,0,0,1,6,0,0,365,0,0
3631,1,59.98710663208589,1,0,0,0,3,0,0,365,0,1
3632,1,60.508144638381914,1,0,0,0,5,0,0,365,0,1
3633,0,81.49912396173306,0,0,0,0,4,0,0,365,0,0
3634,1,61.465508608668934,0,0,0,0,5,0,0,365,0,0
3635,1,54.43182834054854,1,0,0,1,5,0,0,365,0,0
3636,0,65.33084380527414,1,0,1,0,7,0,0,365,0,0
3637,0,59.060864903683196,0,0,0,0,2,0,0,365,0,0
3638,1,70.3452836602762,0,0,0,1,6,0,0,365,0,1
3639,1,77.76498081017354,0,1,0,1,4,0,0,365,0,1
3640,0,46.53212647453907,1,0,0,0,3,1,0,365,0,0
3641,1,67.10603900077433,0,0,0,0,6,0,0,365,0,0
3642,1,65.38352586515356,1,0,0,0,8,0,1,15,0,1
3643,0,67.03524024312529,1,0,0,0,9,1,0,365,0,0
3644,0,73.12520310911135,0,0,0,0,2,0,0,365,0,0
3645,1,48.15686211904691,0,0,0,0,2,0,0,365,0,0
3646,1,63.02410705682998,0,0,0,0,11,0,0,365,0,0
3647,0,75.56931611129252,1,0,0,0,6,0,0,365,0,0
3648,1,73.08195920880253,1,0,0,0,8,0,0,365,0,1
3649,0,77.62964251700123,0,0,0,1,11,0,0,365,0,1
3650,0,54.458287184909416,0,0,0,0,2,0,0,365,0,0
3651,0,63.68118270974915,0,0,0,1,5,0,1,130,0,1
3652,0,80.87486414552149,1,0,0,0,7,0,0,365,0,0
3653,1,52.22335627511757,1,0,0,0,4,0,0,365,0,0
3654,1,83.67948541676513,0,0,0,0,13,0,1,298,1,1
3655,1,66.50380174406799,0,1,0,0,9,0,0,365,0,0
3656,0,49.17484158735954,1,0,0,1,6,0,1,153,1,1
3657,0,62.078866480904715,1,0,0,0,5,0,0,365,0,0
3658,0,69.62695810562064,0,0,0,0,11,0,1,121,0,0
3659,1,46.334354815073056,1,0,1,1,10,1,0,365,0,0
3660,0,68.30907969984013,1,0,1,0,5,0,0,365,0,0
3661,1,48.65080521629732,0,0,0,0,5,0,0,365,0,0
3662,0,71.5777322667281,0,0,0,0,3,1,0,365,0,0
3663,1,81.14086205381295,1,0,0,0,7,0,0,365,1,1
3664,1,64.6496288047446,0,0,0,1,4,1,0,365,0,0
3665,0,59.13648303570536,1,0,0,0,1,0,0,365,0,0
3666,0,62.18301880851484,0,0,0,0,7,1,1,251,0,0
3667,1,61.53769142217141,1,0,0,0,4,1,0,365,0,0
3668,0,72.27064161629067,1,0,0,0,6,0,0,365,0,0
3669,1,64.96599661631137,0,1,0,0,4,1,0,365,0,0
3670,0,68.10959265485819,1,0,0,0,8,0,0,365,0,0
3671,1,67.75135053761367,1,0,0,0,4,0,1,338,0,1
3672,0,63.86462740470125,0,0,0,1,8,0,0,365,0,0
3673,1,64.99288368753902,0,0,1,0,2,0,0,365,0,0
3674,0,45.10498855713477,1,0,0,1,4,0,0,365,0,0
3675,0,69.54639657944375,0,0,0,0,11,0,0,365,0,1
3676,1,74.69806359857654,0,0,0,0,11,0,0,365,0,1
3677,0,62.60596014141191,1,0,0,0,3,0,0,365,0,0
3678,1,84.38423823415809,0,0,0,0,5,0,0,365,0,0
3679,0,70.62232413375256,0,0,0,0,10,0,0,365,0,0
3680,0,72.29283375461881,0,0,0,0,3,0,0,365,0,0
3681,1,73.2164055409118,1,0,0,0,4,0,0,365,0,0
3682,0,65.06245510462277,1,0,0,1,4,0,0,365,0,0
3683,1,71.3117010583007,1,0,1,1,10,1,0,365,0,1
3684,0,66.46051474971767,1,0,0,0,6,0,0,365,0,0
3685,0,70.85092061170705,0,0,0,0,7,0,0,365,0,0
3686,0,41.57425527371852,0,0,0,0,7,0,0,365,0,0
3687,0,40.0,0,0,0,0,1,0,0,365,0,0
3688,0,67.74549856749617,0,0,0,0,0,0,0,365,0,1
3689,1,75.44955695577313,1,0,0,1,8,0,0,365,0,1
3690,1,66.3132547074851,0,0,0,1,6,0,0,365,0,0
3691,0,80.60883965113013,0,0,0,0,3,1,0,365,0,1
3692,0,68.59043254862817,1,0,0,0,8,0,0,365,0,0
3693,0,72.12261172902511,1,0,0,0,5,0,1,89,0,0
3694,0,65.97352152379935,0,0,0,0,6,0,0,365,0,0
3695,0,50.721399538298684,0,0,0,0,4,0,0,365,1,0
3696,1,70.1871157838997,0,1,0,0,7,1,0,365,1,0
3697,1,68.3649492754683,1,0,1,0,6,0,0,365,0,1
3698,1,63.58047396200098,1,0,0,0,6,0,0,365,0,0
3699,0,62.6920133477235,0,0,0,0,1,0,0,365,0,0
3700,1,75.33289828239691,0,0,0,0,2,1,0,365,0,1
3701,1,74.33575843543323,1,0,1,0,9,1,0,365,1,0
3702,1,60.95876392977826,1,0,0,0,4,0,0,365,0,0
3703,0,54.173610637843225,0,0,0,0,3,0,0,365,0,0
3704,0,63.13536568084501,1,0,0,0,3,1,0,365,0,0
3705,0,70.3312040541314,1,1,0,0,8,0,0,365,0,0
3706,1,78.13335977226122,1,1,1,0,9,0,0,365,0,1
3707,1,49.90127735691268,0,0,0,0,6,0,0,365,0,0
3708,1,79.28362548318029,1,0,0,1,7,0,0,365,1,0
3709,1,67.85153152315912,0,0,0,1,3,0,0,365,0,0
3710,1,74.70185092061331,1,0,0,0,9,1,1,81,0,0
3711,0,53.525480165978166,1,0,0,0,7,0,0,365,0,0
3712,0,62.45944046566467,0,0,0,1,6,0,0,365,0,1
3713,1,69.60596408986474,0,0,0,1,2,1,0,365,0,0
3714,0,72.92162798968347,0,0,0,0,4,0,0,365,0,0
3715,0,60.091156215335914,1,0,0,0,2,1,1,258,0,1
3716,1,57.22908491508167,0,0,0,0,5,0,0,365,0,0
3717,0,65.41642090500044,1,0,1,1,3,0,1,305,0,0
3718,1,79.61619790082176,1,0,0,1,7,0,1,2,0,0
3719,0,48.693870550661394,1,0,0,1,4,0,0,365,0,0
3720,0,63.96781641411514,1,0,0,0,2,0,0,365,0,0
3721,1,66.95497989335047,1,0,1,0,6,0,0,365,0,0
3722,0,74.32366376216503,1,0,0,0,6,0,0,365,0,0
3723,1,57.55011487709005,1,0,0,0,3,0,0,365,0,0
3724,0,61.7762124348449,0,0,0,1,7,1,0,365,0,0
3725,0,54.300097910642094,1,0,0,0,10,0,0,365,0,0
3726,1,68.96070378285,0,0,0,0,13,0,0,365,0,0
3727,0,74.80863639986956,1,0,0,0,7,0,0,365,0,0
3728,1,52.97826684516518,0,0,1,0,2,0,0,365,0,1
3729,0,63.13047145671883,0,0,0,0,6,0,0,365,0,0
3730,0,54.92988096887339,0,0,0,0,6,0,0,365,0,0
3731,1,61.88329225055845,0,0,0,0,7,1,0,365,0,1
3732,0,69.27815635583181,0,0,1,0,4,0,0,365,0,0
3733,0,82.56540500647947,1,0,0,0,4,0,0,365,0,0
3734,0,64.14855947147302,1,0,0,0,5,1,0,365,0,0
3735,0,72.61219111024957,0,0,0,0,7,0,0,365,0,0
3736,0,58.21453495667182,0,0,0,0,3,0,0,365,0,1
3737,1,62.132229505470804,1,0,0,0,4,1,0,365,0,0
3738,0,74.75923957515595,0,0,0,1,5,0,0,365,0,0
3739,0,70.26011872145585,1,0,0,0,5,0,0,365,0,0
3740,1,67.7179462274356,1,1,0,0,14,1,0,365,0,0
3741,1,78.34011117311246,1,0,1,1,3,0,0,365,0,0
3742,0,64.59202461784396,1,0,0,0,4,0,0,365,0,0
3743,0,59.125279226867164,1,0,1,0,3,0,0,365,0,0
3744,1,54.16900632828767,1,0,0,1,4,0,0,365,0,0
3745,1,58.823171106049315,1,0,0,0,6,0,0,365,0,1
3746,1,53.73879787686463,0,0,0,1,7,1,0,365,0,0
3747,0,53.45184213824041,1,0,0,0,7,0,0,365,0,0
3748,0,51.650855586191796,1,0,1,1,6,0,0,365,0,0
3749,0,54.69078659284026,1,0,0,1,5,0,0,365,0,0
3750,1,40.0,0,0,0,0,5,1,0,365,0,0
3751,0,73.50808405057207,0,0,0,0,4,0,0,365,0,0
3752,0,66.24976274731692,0,0,0,0,4,0,0,365,0,0
3753,0,49.37778166673985,1,0,1,0,7,1,0,365,0,0
3754,0,65.57479332687598,0,0,0,0,5,0,0,365,0,0
3755,0,61.52436975370226,0,0,0,0,7,1,0,365,0,0
3756,0,67.27656993268702,1,0,0,0,11,0,0,365,0,0
3757,0,57.707034758557455,1,0,0,0,4,0,0,365,0,0
3758,1,68.80042667074382,0,0,0,1,7,1,0,365,0,1
3759,0,71.97962168463512,1,0,1,0,9,0,0,365,0,1
3760,0,83.78213874257261,0,0,0,0,4,0,0,365,0,1
3761,1,83.51908578468685,1,1,0,1,9,1,1,23,0,1
3762,1,66.9448719164865,1,0,1,0,2,0,0,365,0,1
3763,0,66.2960753317966,0,0,0,1,3,0,0,365,0,0
3764,0,69.23812952097768,1,0,0,1,8,0,1,252,0,0
3765,1,83.976604342506,1,0,0,0,7,0,0,365,0,0
3766,1,76.09361307902905,0,0,1,0,10,0,0,365,1,0
3767,0,54.935784680269016,0,0,0,0,6,0,0,365,0,0
3768,0,63.44318541176721,0,0,0,0,8,0,1,252,0,0
3769,1,76.91524255697155,0,0,0,1,8,0,0,365,0,0
3770,0,57.484575865109946,1,0,0,0,7,0,0,365,0,0
3771,0,51.24471199768261,0,0,0,0,7,0,0,365,0,0
3772,0,60.58023227378182,0,0,0,0,3,0,0,365,0,0
3773,1,68.92071801830899,0,0,0,0,6,0,0,365,0,0
3774,1,58.69144149371196,0,0,0,0,6,1,0,365,0,0
3775,0,65.07631328674493,0,0,0,0,7,0,0,365,0,0
3776,0,70.20351623625112,0,0,0,0,11,0,0,365,0,0
3777,0,67.3379382973702,1,0,0,1,3,0,0,365,0,1
3778,1,60.58812363111245,0,1,0,0,3,0,0,365,0,0
3779,1,82.08465430802539,0,1,0,1,7,1,1,178,0,1
3780,1,79.17458926145672,1,0,1,0,11,0,0,365,0,1
3781,1,78.9886529677311,0,0,0,0,7,0,0,365,0,1
3782,0,65.94631436819328,0,0,0,0,9,0,0,365,0,0
3783,0,86.70656550714384,0,0,0,0,10,0,1,256,0,0
3784,1,67.52684962257771,0,1,0,1,8,0,1,1,1,1
3785,1,58.197335866040746,0,0,0,1,3,0,0,365,1,0
3786,1,67.97636749020897,1,0,0,0,5,1,0,365,0,0
3787,0,51.80661308575526,1,0,0,0,5,0,0,365,0,0
3788,0,68.71165953857174,0,0,0,0,4,0,0,365,0,0
3789,0,61.822594415462504,1,1,0,0,10,0,0,365,0,1
3790,1,59.45411742244005,0,0,0,0,5,0,0,365,0,0
3791,1,62.31753613462225,1,0,0,0,4,0,0,365,0,0
3792,0,71.29890279876135,0,0,1,0,4,0,0,365,0,0
3793,0,70.99312912455183,1,0,0,0,12,0,0,365,0,0
3794,1,63.34879413767414,1,0,0,0,5,0,0,365,0,1
3795,1,77.36405755281314,0,1,0,0,4,0,0,365,0,1
3796,0,74.97076192086347,0,0,1,0,6,1,0,365,0,1
3797,0,72.26575038614331,0,0,0,0,6,0,0,365,0,0
3798,0,66.19337010818055,1,0,0,0,12,0,1,292,0,0
3799,0,85.22164771090817,0,0,0,0,6,0,0,365,0,0
3800,1,62.105466874525774,0,0,0,1,4,0,0,365,0,0
3801,1,69.11471959437664,1,0,0,1,5,0,0,365,0,0
3802,0,52.41477956907212,1,0,0,0,3,0,0,365,0,0
3803,0,62.95753060147229,1,0,0,0,3,0,0,365,0,1
3804,1,77.08719677251025,1,0,0,1,7,1,0,365,0,1
3805,0,61.3558099100312,1,0,0,0,4,0,0,365,0,0
3806,0,62.62730825304679,0,0,0,0,0,0,0,365,0,0
3807,0,78.95386418611956,0,0,0,0,7,1,1,1,0,1
3808,0,61.841250223481914,0,0,0,0,6,0,0,365,0,0
3809,1,76.37766568083367,1,0,1,0,9,1,0,365,0,0
3810,0,67.69167935764612,0,0,1,0,3,0,0,365,0,0
3811,0,51.368157811007926,1,0,1,0,6,1,0,365,0,0
3812,1,76.56166737332134,1,0,1,0,2,0,0,365,0,0
3813,0,50.76154477742111,0,0,0,1,6,0,0,365,0,0
3814,0,55.884067045067155,0,0,1,0,7,0,0,365,0,0
3815,0,76.50042409109494,1,0,1,0,5,0,0,365,0,1
3816,1,56.569315415600755,0,0,0,0,6,1,0,365,0,0
3817,1,60.037687582350024,0,0,0,1,5,1,0,365,0,0
3818,0,89.22971096803077,0,0,1,0,12,0,0,365,0,0
3819,1,49.39099543662351,1,0,0,0,4,1,0,365,0,0
3820,1,60.72269911211255,0,0,0,0,10,1,0,365,0,0
3821,0,58.33760720255276,0,0,0,0,2,0,0,365,0,0
3822,1,69.83824700932045,1,0,0,0,7,0,0,365,0,0
3823,1,77.0491613850924,1,1,0,0,7,1,0,365,0,0
3824,0,59.60533018131141,1,0,0,0,6,0,0,365,0,0
3825,0,83.0546435532905,1,0,0,0,5,0,0,365,0,0
3826,1,67.63920549072067,0,1,0,1,4,0,0,365,0,0
3827,1,47.61997869872475,0,0,0,0,3,0,0,365,0,1
3828,0,54.200137967419685,0,0,0,0,6,0,0,365,0,0
3829,1,76.58878448495031,1,0,0,0,5,1,0,365,0,0
3830,0,71.30315092324832,1,0,0,0,7,0,0,365,0,0
3831,0,75.59583604470288,1,0,0,0,7,0,0,365,0,0
3832,1,71.59141939628982,0,0,0,0,10,0,0,365,1,0
3833,0,62.93701172605987,0,0,0,0,6,0,1,301,0,0
3834,1,82.94207478479237,1,1,1,0,15,0,1,88,0,1
3835,0,49.79506363424031,0,0,0,0,3,1,0,365,0,0
3836,1,53.90747977298416,0,0,0,1,9,0,0,365,0,0
3837,0,63.54648706722218,0,0,0,0,3,0,0,365,0,0
3838,0,70.76906540102584,1,0,0,0,5,0,0,365,0,0
3839,0,54.80082565797629,0,0,0,0,3,1,0,365,0,0
3840,1,55.78461939625526,0,0,0,0,3,1,0,365,0,0
3841,0,54.99976484806971,0,0,0,0,1,1,0,365,0,0
3842,0,72.8049822866093,1,0,0,1,1,0,0,365,0,1
3843,0,55.39216549289452,1,0,0,0,6,0,0,365,0,0
3844,0,66.5018509226756,0,0,0,0,6,0,0,365,0,0
3845,0,71.25475532420566,1,0,1,0,10,1,0,365,0,0
3846,1,66.57695399052996,1,0,0,0,5,1,1,22,0,1
3847,0,78.156187467589,0,0,1,0,18,0,1,308,0,0
3848,0,75.01935313589676,1,0,0,0,5,0,0,365,1,0
3849,1,66.49887753673734,1,0,0,0,4,1,0,365,0,1
3850,1,78.22413574226866,1,0,0,0,7,0,1,337,0,1
3851,0,64.09371851223709,0,0,0,1,6,0,0,365,0,0
3852,0,68.29571945019129,1,0,0,0,2,0,0,365,0,0
3853,0,79.06243289058625,1,0,0,0,3,0,1,47,0,0
3854,0,63.3138356793216,1,0,0,0,5,0,0,365,0,0
3855,0,68.85731767636523,0,0,1,0,9,0,1,188,0,0
3856,0,82.09730555234194,1,0,0,0,5,1,0,365,0,0
3857,0,64.01185731188123,0,0,0,0,2,0,0,365,0,0
3858,1,65.53175781371883,1,0,0,0,4,0,0,365,0,0
3859,0,47.011459821125754,0,1,0,1,4,0,0,365,0,0
3860,0,41.70430121046435,1,0,0,0,6,1,0,365,0,0
3861,1,75.58247261198402,1,0,1,0,6,1,0,365,0,0
3862,0,66.89545723224455,1,0,0,0,2,0,0,365,0,0
3863,1,61.44393427440078,1,0,1,0,9,0,0,365,0,0
3864,1,58.66159820735776,0,0,0,0,5,0,0,365,0,0
3865,0,72.26517991359046,1,0,0,0,7,0,0,365,0,0
3866,0,51.394060449476086,0,0,0,1,2,1,1,13,0,0
3867,1,64.62869536815697,0,0,0,0,9,1,0,365,0,0
3868,0,73.7051235708523,0,0,0,0,6,0,0,365,0,0
3869,0,72.55911069108402,0,0,1,0,8,0,0,365,0,0
3870,1,64.41283036457558,0,0,0,0,6,0,0,365,0,0
3871,0,68.16818311196434,1,1,0,0,7,0,0,365,0,0
3872,0,73.57019724101191,1,0,0,0,3,0,0,365,0,1
3873,1,86.70294141324602,1,0,0,0,4,0,0,365,0,1
3874,0,57.27918940328861,0,0,0,0,7,0,0,365,0,0
3875,1,76.70401520848469,0,0,0,0,8,0,0,365,1,0
3876,1,78.81007846882878,1,0,0,0,9,0,0,365,0,0
3877,1,63.08538060710329,0,0,0,0,5,1,0,365,0,0
3878,0,51.085542903383214,0,0,0,0,7,0,0,365,0,0
3879,1,65.88598661978206,1,0,0,1,7,0,0,365,0,0
3880,1,79.8430431970764,0,0,1,1,2,0,1,345,0,1
3881,1,57.364367725329444,0,0,0,1,6,1,0,365,0,0
3882,0,63.810121160856816,0,0,0,0,6,0,0,365,1,0
3883,0,61.38046812240821,1,0,0,0,4,0,0,365,0,0
3884,0,76.43512418599035,0,0,1,0,8,0,1,351,0,0
3885,1,69.24020603151409,0,0,0,0,8,0,0,365,0,0
3886,1,65.75228276869254,0,0,0,1,5,1,0,365,0,1
3887,1,76.6908241273517,0,0,0,0,7,0,0,365,0,0
3888,0,58.08855307673907,1,0,0,1,7,0,0,365,0,0
3889,0,76.12518973836944,0,0,0,0,10,0,0,365,0,0
3890,1,63.83817666244391,0,0,1,1,8,0,0,365,0,0
3891,1,62.25062416238579,0,0,0,0,6,1,0,365,0,0
3892,0,68.02706951964947,0,0,0,0,6,0,0,365,0,0
3893,0,62.729666480966095,0,0,0,0,5,0,0,365,0,0
3894,0,56.68475790800705,0,0,0,0,2,0,0,365,0,0
3895,1,56.04230259773324,1,0,0,0,5,1,0,365,0,0
3896,1,65.58138355624905,0,1,0,0,4,0,0,365,0,0
3897,1,68.18394375258826,1,1,1,1,12,0,0,365,0,1
3898,1,63.61350771083542,0,0,0,0,4,0,0,365,1,1
3899,0,82.2238345026892,1,0,0,0,5,0,0,365,1,1
3900,0,71.143829886186,0,0,0,0,9,0,1,242,1,0
3901,0,68.37390349514115,0,0,1,1,5,0,0,365,0,0
3902,0,61.563942244624464,0,0,0,0,6,0,0,365,0,0
3903,0,62.975413260177554,1,0,0,0,6,0,0,365,0,0
3904,1,71.43159594742038,0,0,0,1,4,0,0,365,0,0
3905,1,73.38149194053332,1,0,0,0,6,0,0,365,0,0
3906,1,55.4656805512888,1,0,0,0,6,0,1,60,0,0
3907,0,64.33841887525456,0,0,0,0,7,0,0,365,0,0
3908,1,66.48422995726716,1,1,1,0,7,0,0,365,0,0
3909,1,62.25655870962312,0,0,0,1,9,0,1,121,0,0
3910,1,54.10801285648243,1,0,0,1,7,0,0,365,0,0
3911,0,78.2051115067426,1,0,0,0,6,0,0,365,0,0
3912,1,56.57561907446412,1,0,0,1,4,0,0,365,0,0
3913,0,61.51351290709114,0,0,0,0,8,0,0,365,0,0
3914,1,63.63872862194657,0,0,0,0,4,0,0,365,0,1
3915,0,61.504120502976015,1,0,0,0,5,0,0,365,0,0
3916,1,59.786860764795655,0,0,0,0,3,0,0,365,0,1
3917,0,69.52150915251885,0,0,0,0,8,0,0,365,0,0
3918,1,66.79678483182023,1,0,1,0,19,1,0,365,1,0
3919,0,66.28002850391994,0,0,0,0,6,0,0,365,0,0
3920,0,53.79499650971981,0,0,0,0,8,0,0,365,0,0
3921,0,73.22710063773759,1,0,0,0,12,0,0,365,0,0
3922,0,67.86601771278042,0,0,0,0,3,0,0,365,0,0
3923,1,77.38658707727153,1,0,0,0,9,0,0,365,0,1
3924,0,55.56838023367464,1,0,0,0,3,0,1,4,0,0
3925,1,62.639048861605374,0,0,0,0,6,0,1,104,0,0
3926,0,62.959785750495065,1,0,0,0,2,0,0,365,0,1
3927,0,76.15457660403378,1,0,0,0,6,0,0,365,0,0
3928,1,76.92834551620149,1,0,0,0,8,0,0,365,0,0
3929,0,44.477052411177965,1,0,0,0,3,0,0,365,0,0
3930,0,60.0989569134487,1,0,1,0,5,0,0,365,0,0
3931,0,41.05789084790177,0,0,0,1,5,0,0,365,0,0
3932,0,73.05802369062435,0,0,0,1,3,0,0,365,0,0
3933,1,74.05202815164473,1,0,0,0,8,0,0,365,1,0
3934,0,63.40474580636838,1,0,0,0,7,0,0,365,0,0
3935,1,84.72491668533593,1,0,1,0,7,1,0,365,1,1
3936,0,58.5224411836487,0,0,0,0,3,1,0,365,0,0
3937,0,63.860465659434304,0,0,0,0,5,1,0,365,0,0
3938,1,65.43901347832981,1,1,0,1,14,0,0,365,0,0
3939,1,71.25537959854562,0,0,0,0,8,0,0,365,0,1
3940,1,76.6303014600235,0,0,0,1,2,0,0,365,0,0
3941,0,56.99524617230489,0,0,0,1,4,0,0,365,0,0
3942,0,61.78783781467373,0,0,0,0,6,0,0,365,0,0
3943,0,73.03191815880484,1,0,0,0,8,1,0,365,0,0
3944,0,61.287145348603715,1,0,0,0,6,1,0,365,0,0
3945,0,75.3292945345064,1,1,0,0,3,0,0,365,0,0
3946,1,75.99953536601166,0,0,0,0,12,0,1,259,0,0
3947,1,56.50413359830289,0,0,0,0,4,0,0,365,0,0
3948,1,71.35468315185706,1,0,0,0,3,0,0,365,0,0
3949,1,73.54866878641377,1,0,0,1,9,1,0,365,0,0
3950,1,82.18571348758499,1,0,0,0,4,0,0,365,0,0
3951,0,69.34593397465616,0,0,0,1,4,0,0,365,0,0
3952,0,72.6617971576405,1,0,1,0,3,0,0,365,0,0
3953,1,50.985145788747886,0,0,1,0,7,1,0,365,0,0
3954,1,75.37125162230622,1,0,0,1,6,0,0,365,0,1
3955,0,64.36116696636238,1,0,0,0,4,0,0,365,0,1
3956,0,77.75575917860549,1,0,0,1,10,0,0,365,0,0
3957,1,76.4672208783139,0,0,1,0,5,1,1,37,0,0
3958,1,66.79597345389195,1,0,0,0,12,0,0,365,0,0
3959,0,79.94187605228218,0,0,1,0,3,0,0,365,0,1
3960,0,70.22271843911004,0,0,0,0,5,1,1,129,0,0
3961,0,63.26701843156138,1,0,0,0,5,0,0,365,0,0
3962,1,67.69836783166456,1,0,0,0,1,1,0,365,0,0
3963,1,82.2539634926404,0,1,0,0,11,0,0,365,0,0
3964,1,59.439767914223225,0,0,0,0,6,0,1,338,0,1
3965,1,65.54209714049615,1,0,0,0,10,1,0,365,0,0
3966,1,54.34144156576782,0,0,0,0,3,1,0,365,0,0
3967,0,73.26300698776201,0,1,0,0,8,1,1,155,0,0
3968,0,66.30469157903067,0,0,0,0,3,0,0,365,0,1
3969,0,55.67075278873455,1,0,0,0,3,1,0,365,0,0
3970,1,76.45751529516065,1,0,0,1,6,1,0,365,0,0
3971,1,75.93135201685688,1,0,0,0,6,0,0,365,0,1
3972,1,61.660847248617294,1,1,0,0,8,0,0,365,0,0
3973,0,61.86121918055081,1,0,0,0,4,0,0,365,0,0
3974,0,50.009903351777965,1,0,0,0,4,0,1,237,1,0
3975,0,56.035397841314435,0,0,0,0,6,0,0,365,0,0
3976,1,79.74617080759984,0,0,0,0,6,1,1,15,1,1
3977,0,66.94483658440559,1,0,1,1,8,0,1,10,0,0
3978,0,71.98702654304941,0,0,0,0,8,0,0,365,0,0
3979,1,72.18613505386416,1,0,0,0,6,0,0,365,0,1
3980,0,55.18379932430075,1,0,0,0,7,0,0,365,0,0
3981,0,57.21130945431438,1,0,0,0,8,1,0,365,0,0
3982,0,67.90753182367233,0,0,0,0,6,0,1,13,0,0
3983,0,74.417833662921,0,0,1,0,7,1,1,230,0,1
3984,0,64.99330010054767,0,0,0,0,7,0,0,365,0,0
3985,1,80.35305680315378,0,0,0,0,6,0,0,365,0,1
3986,0,71.45459128689063,1,1,0,0,6,0,0,365,0,0
3987,1,78.90209571213342,1,1,0,1,9,0,0,365,0,0
3988,1,67.27196543463032,1,0,0,0,6,0,0,365,0,1
3989,1,68.19900679762462,1,0,0,0,5,0,0,365,1,1
3990,0,69.3083210846829,1,0,1,1,7,0,0,365,0,1
3991,0,62.37594847556694,0,0,1,1,8,1,0,365,0,0
3992,0,80.67461623022798,1,0,0,0,8,1,0,365,0,0
3993,0,55.60323773046931,0,0,1,1,6,0,0,365,0,0
3994,0,61.433088273908965,1,0,0,0,5,0,0,365,0,0
3995,0,65.56937823334601,1,0,0,0,3,0,0,365,0,0
3996,0,62.72955300097642,0,0,0,0,10,0,0,365,0,0
3997,1,66.5158983945182,1,0,0,1,5,0,0,365,0,1
3998,0,59.77185318665133,0,0,0,0,7,0,0,365,0,0
3999,0,58.924188670291,0,0,0,1,2,1,0,365,0,0
4000,0,62.00341970595764,0,1,0,0,8,0,0,365,0,0
4001,0,56.339133009607885,0,0,0,0,7,0,0,365,0,0
4002,0,78.4894758324278,1,0,0,0,9,0,1,341,0,0
4003,0,65.44161644413157,1,0,0,0,3,0,0,365,0,0
4004,0,77.18081714886118,1,0,0,1,5,1,0,365,0,0
4005,0,53.38384783904924,0,0,0,0,2,0,0,365,0,1
4006,0,68.53675915189028,1,0,0,0,6,0,0,365,0,0
4007,0,84.61057972739971,0,0,0,0,5,0,0,365,0,0
4008,1,88.84479791438913,1,0,1,0,10,0,1,180,0,1
4009,1,55.19359939872821,1,1,0,1,10,0,0,365,0,0
4010,0,55.327375417703315,1,0,0,0,6,1,0,365,0,0
4011,1,75.84565090506608,0,0,0,1,0,0,0,365,0,0
4012,1,59.5775474054981,1,0,1,0,9,0,0,365,0,0
4013,0,63.458999308091904,1,0,0,0,3,0,0,365,0,0
4014,0,70.17855487715191,1,0,0,0,2,0,1,262,0,1
4015,1,78.72466927062594,1,0,0,0,8,1,0,365,1,1
4016,0,64.20182696284613,0,0,0,0,5,0,0,365,0,0
4017,0,67.15369410983865,1,0,0,0,6,0,0,365,0,0
4018,0,74.93956662710532,1,0,1,0,6,0,1,310,0,0
4019,0,85.80232104746068,1,0,0,0,7,0,0,365,1,1
4020,0,52.16026633062708,1,0,0,0,3,0,0,365,1,1
4021,1,65.74860712518937,0,1,0,1,3,0,1,76,0,1
4022,0,59.9470439135995,1,0,0,0,3,1,1,30,0,0
4023,0,61.949732443414604,0,0,0,1,7,0,0,365,0,0
4024,1,64.24319044231642,1,0,0,0,6,0,0,365,0,0
4025,0,79.18739220914311,1,0,0,1,3,1,1,50,0,0
4026,1,60.010727046209034,1,1,0,1,12,1,1,169,0,0
4027,0,76.84845154443686,1,0,0,0,4,0,0,365,0,0
4028,0,60.158984653363206,0,0,1,1,6,0,0,365,0,0
4029,0,59.62006246127331,1,0,0,0,4,0,0,365,0,0
4030,0,57.550316454721404,0,0,0,0,6,0,0,365,0,0
4031,0,71.75661796565977,1,0,0,0,10,0,0,365,0,0
4032,0,70.72547658211164,0,0,0,0,6,0,0,365,0,0
4033,0,80.99448331895226,0,0,0,0,16,0,1,166,0,0
4034,0,70.54758549311458,1,0,0,0,7,0,0,365,0,0
4035,0,53.3988988783692,0,0,0,0,7,0,0,365,0,0
4036,1,59.98915211564564,0,0,1,0,5,0,1,187,0,0
4037,0,84.96683283266265,0,0,0,0,9,0,0,365,0,0
4038,0,71.61503117420028,1,0,1,0,7,0,0,365,0,0
4039,1,66.93640056876654,1,0,0,0,7,1,0,365,0,1
4040,0,83.61562786026522,0,0,0,0,8,0,0,365,0,0
4041,0,52.433746380587024,0,0,0,0,3,0,0,365,0,0
4042,0,60.718647528426985,1,0,0,0,6,0,0,365,0,0
4043,1,63.297412994759014,0,0,0,0,4,0,0,365,0,0
4044,1,80.18614141209345,1,0,0,0,10,1,0,365,0,0
4045,0,56.8078268332996,1,0,0,0,4,1,0,365,0,0
4046,1,61.813636051088075,0,0,0,0,4,0,0,365,0,0
4047,0,67.54813130582701,0,0,1,1,7,0,1,1,0,0
4048,0,61.38693102513041,0,0,1,0,4,0,1,104,0,0
4049,1,74.07594931423768,0,0,0,0,6,1,0,365,0,0
4050,1,63.661109419531364,1,1,0,1,4,0,0,365,0,0
4051,0,75.9399011337507,0,0,0,0,7,0,0,365,0,1
4052,0,80.10370885917808,0,1,0,0,4,0,0,365,0,0
4053,1,61.633095772148586,0,0,0,0,4,0,0,365,0,1
4054,1,71.25104190321576,0,0,0,0,7,0,0,365,0,0
4055,0,58.156250525410236,0,0,0,0,5,0,0,365,0,0
4056,0,71.46004309649263,0,0,0,0,5,1,0,365,0,0
4057,0,76.71845741385343,0,0,0,0,2,0,0,365,1,0
4058,0,77.0207154893619,0,0,0,0,8,0,0,365,0,0
4059,0,69.30251515604122,0,0,0,1,6,0,0,365,0,0
4060,0,50.792844965458414,1,0,0,0,5,0,0,365,0,0
4061,1,52.70691475949074,1,0,0,0,6,0,0,365,0,0
4062,0,73.61886147634753,0,0,0,0,5,0,0,365,0,0
4063,0,53.75416526410652,0,0,0,1,1,0,0,365,0,0
4064,0,45.06555085485594,0,0,0,0,6,0,1,2,0,0
4065,1,80.35708065416468,1,1,0,0,12,1,0,365,0,1
4066,1,68.09969980805538,0,0,1,1,10,1,1,138,0,1
4067,0,73.1989827845517,0,0,0,0,9,0,1,294,1,0
4068,1,78.04029625443441,1,0,1,0,7,0,1,330,0,1
4069,0,62.16154580896492,1,0,0,0,5,0,0,365,0,0
4070,1,59.06438782352429,1,0,0,1,2,0,0,365,0,0
4071,1,67.45575740990643,1,0,0,0,3,0,0,365,0,0
4072,0,42.428242602603014,1,0,0,0,4,0,0,365,0,0
4073,1,89.07617242175834,0,0,1,0,9,1,1,251,1,0
4074,0,82.3745306127943,0,0,0,0,8,0,0,365,0,0
4075,0,63.10253230966254,0,0,0,1,7,0,0,365,0,0
4076,0,67.97462844893593,1,0,0,0,4,0,0,365,0,1
4077,0,42.20624672687532,0,0,0,0,3,0,0,365,0,0
4078,0,76.63691045931596,1,0,0,0,6,0,0,365,0,0
4079,0,90.27344341996454,0,0,0,0,11,0,0,365,0,0
4080,0,53.35536856074961,1,0,0,1,7,0,0,365,0,0
4081,1,54.980183490746434,0,0,0,0,2,0,0,365,0,0
4082,1,77.84058288614212,1,0,0,0,8,0,0,365,0,0
4083,1,70.96556694498803,1,0,0,1,9,0,0,365,0,0
4084,0,79.56533301520159,1,1,0,0,6,1,0,365,0,0
4085,1,61.36222205072333,1,0,1,0,8,1,0,365,0,1
4086,0,70.33273059144184,1,0,0,0,5,1,0,365,0,0
4087,0,53.64070984126923,0,0,0,0,5,0,0,365,0,0
4088,0,63.194271780543225,1,0,0,0,5,0,0,365,0,0
4089,1,64.99988218268744,0,0,0,0,6,0,0,365,0,0
4090,1,71.03249966365667,1,1,0,0,5,1,0,365,0,0
4091,1,63.85982229543393,0,0,0,0,7,0,0,365,0,0
4092,1,82.40530466826301,0,0,0,0,12,1,0,365,0,1
4093,0,58.35009592099222,0,0,0,0,11,0,0,365,0,0
4094,0,68.70072098024876,0,0,0,1,8,0,0,365,0,0
4095,0,62.604376039319455,0,0,0,0,8,0,0,365,0,0
4096,1,67.34291034478595,0,0,0,0,4,0,0,365,0,0
4097,1,64.35043182867602,0,0,1,1,7,0,0,365,0,0
4098,1,68.01004997278643,0,0,0,1,7,0,0,365,0,0
4099,0,65.90212450985189,0,0,0,0,4,0,0,365,0,0
4100,0,61.71671716135045,1,0,0,0,5,0,0,365,0,0
4101,1,61.83709787071419,0,1,0,0,3,0,0,365,0,0
4102,0,46.84251665178583,0,1,0,1,2,0,0,365,0,0
4103,1,75.99002054442742,0,0,0,0,7,0,0,365,0,0
4104,0,55.02342259856732,1,0,1,0,3,0,0,365,0,0
4105,0,64.6151038130322,1,0,0,1,5,0,0,365,0,0
4106,0,52.88882910440013,1,0,0,0,7,0,1,276,0,1
4107,1,81.8443182594209,0,0,0,1,4,0,0,365,0,0
4108,0,59.50073762924674,0,0,0,0,8,0,0,365,0,0
4109,0,59.25213636203139,1,0,0,0,5,1,0,365,0,0
4110,0,57.78775178777828,1,0,0,0,1,0,0,365,0,0
4111,1,57.13119206430131,0,0,0,0,6,1,0,365,0,0
4112,0,70.81802876805388,0,1,0,0,3,0,0,365,0,0
4113,1,62.214834835410926,0,0,0,0,11,1,0,365,1,0
4114,0,63.95846500507161,0,0,0,0,3,0,0,365,0,0
4115,0,44.57496441615764,1,0,0,0,3,0,0,365,0,0
4116,1,68.13643805749753,1,0,0,0,6,0,0,365,0,0
4117,1,59.81767756351356,0,0,0,1,6,0,0,365,0,0
4118,1,74.30660885677531,0,0,0,1,2,0,1,62,1,1
4119,1,59.30210469825952,1,0,0,0,4,1,0,365,0,0
4120,1,75.93948188483336,1,0,0,0,12,0,1,4,0,1
4121,0,71.19549427196338,0,0,0,0,8,0,0,365,0,1
4122,0,46.563519916435155,1,0,0,0,8,0,0,365,0,0
4123,0,57.1888528275699,0,0,0,1,6,1,0,365,0,0
4124,1,66.2191884753615,1,0,0,0,7,0,1,291,0,0
4125,1,79.35805913914884,0,0,0,1,7,0,0,365,0,0
4126,0,73.17968949022979,0,0,0,1,9,0,0,365,0,0
4127,0,65.65996896127346,0,0,0,0,4,0,0,365,0,0
4128,1,64.32426534924804,1,0,0,0,2,0,1,198,0,0
4129,0,75.54844093890851,0,0,0,0,6,0,1,197,0,0
4130,0,74.3181620432606,1,0,0,0,4,1,0,365,0,1
4131,0,60.65549296911239,1,0,0,0,3,0,0,365,0,0
4132,0,64.8107719687257,1,0,0,1,6,0,0,365,0,0
4133,0,40.0,0,0,0,0,5,0,0,365,0,0
4134,1,75.64487499411707,1,0,0,0,4,0,0,365,0,0
4135,1,85.850905951144,1,1,0,1,10,1,0,365,0,0
4136,0,52.78364150703014,0,0,1,0,5,0,0,365,0,0
4137,0,49.89369339869084,1,0,0,0,3,0,0,365,0,0
4138,1,80.55425350102517,1,0,0,0,7,0,0,365,0,0
4139,1,67.69011285062123,1,0,1,0,5,1,1,84,0,0
4140,1,71.78404157393817,0,1,0,1,3,0,1,18,0,1
4141,1,55.776174252235975,0,0,0,0,5,0,0,365,0,0
4142,1,59.383701494786266,0,0,0,0,4,0,0,365,0,0
4143,1,78.03681961184552,0,0,1,1,3,0,0,365,0,0
4144,0,52.46208965794403,1,0,0,0,7,0,0,365,1,0
4145,0,69.86546844628194,0,0,0,0,3,0,0,365,0,0
4146,0,73.49186356279405,0,0,1,0,5,0,0,365,0,1
4147,0,81.14365309011556,0,0,1,0,8,0,0,365,1,1
4148,0,60.75707538559955,1,0,0,0,2,0,0,365,0,0
4149,0,50.92744335615258,0,0,0,0,4,0,0,365,0,0
4150,0,66.1719671780586,0,0,0,0,4,0,0,365,0,0
4151,0,64.66150526507185,1,0,0,0,5,0,0,365,0,0
4152,0,62.215020351513566,0,0,0,0,5,0,0,365,0,0
4153,1,71.24463753564092,1,0,0,1,6,0,1,126,0,0
4154,0,69.0553670861604,0,1,0,1,11,0,0,365,0,0
4155,0,77.39415403214788,0,0,0,0,7,0,1,157,0,1
4156,0,68.20757058658602,1,0,0,0,10,1,0,365,0,0
4157,1,59.62934965037408,0,0,0,0,6,0,0,365,0,0
4158,1,79.79270639361545,1,0,1,0,5,0,0,365,0,0
4159,0,53.321068871734475,0,0,0,0,3,0,0,365,0,0
4160,1,89.09416251140374,1,1,1,1,10,0,1,73,1,1
4161,0,69.26433037058479,1,0,0,1,3,0,0,365,0,0
4162,0,57.12443170297221,1,0,1,0,9,0,0,365,0,0
4163,1,64.34967474001921,1,0,1,0,11,0,1,233,0,1
4164,1,68.83550237208568,1,0,0,0,7,1,0,365,0,0
4165,1,65.94374235822225,0,0,0,1,4,0,0,365,0,1
4166,0,78.07815615493777,1,1,0,0,7,0,0,365,0,0
4167,0,46.33525186404665,0,0,0,0,4,0,0,365,0,0
4168,0,60.52793564185153,1,0,0,0,9,0,1,123,0,0
4169,1,63.639848363578714,1,0,0,0,3,1,0,365,1,1
4170,0,55.923730568454346,0,0,0,0,4,0,0,365,0,0
4171,0,59.39484363798034,0,0,0,0,2,0,0,365,0,0
4172,0,71.49332498316079,0,0,0,0,7,0,0,365,0,0
4173,0,47.6860991915629,0,0,0,0,6,0,0,365,0,0
4174,0,52.600299285899304,1,0,0,0,2,0,0,365,0,0
4175,0,46.315543398208,0,0,0,0,5,1,0,365,0,0
4176,0,84.38547402384842,1,0,0,0,7,0,0,365,0,0
4177,0,62.58208262974783,0,0,1,1,9,0,0,365,0,0
4178,0,60.340255536104316,1,0,0,0,7,0,0,365,0,0
4179,0,58.40712509783039,0,0,0,1,2,1,0,365,0,0
4180,1,69.80917014370031,0,0,0,0,2,0,0,365,0,1
4181,1,83.19472446977147,0,0,0,0,7,0,0,365,0,1
4182,0,57.76175981589749,0,0,0,0,4,1,0,365,0,0
4183,0,54.310314694101386,0,0,1,1,8,0,0,365,0,0
4184,0,61.174869478689075,1,0,0,1,9,0,0,365,0,0
4185,0,58.38661914305407,1,0,0,1,4,0,0,365,0,0
4186,1,62.58868615496017,1,0,1,1,9,0,1,77,0,0
4187,1,67.57169006535881,0,0,0,0,6,1,0,365,0,0
4188,0,58.6042194948832,0,0,1,0,4,0,0,365,0,0
4189,1,52.535404356092414,1,0,0,1,3,0,0,365,0,0
4190,1,64.0430404115954,1,0,0,0,5,0,0,365,0,1
4191,0,40.0,1,0,0,0,6,0,0,365,0,0
4192,1,85.59146902343949,1,0,0,0,7,1,0,365,0,0
4193,1,85.71261783695171,0,0,0,0,6,1,0,365,0,0
4194,1,50.55377589012106,1,0,0,1,5,1,0,365,0,0
4195,1,69.12783163935114,0,0,1,0,11,0,0,365,0,1
4196,0,78.48154918790163,0,0,0,0,7,0,0,365,0,0
4197,1,48.76092697286877,1,0,0,0,2,1,0,365,0,0
4198,0,53.34863830010567,0,0,0,0,6,1,0,365,0,0
4199,0,59.23739647258466,1,0,0,0,8,0,0,365,0,0
4200,1,62.395666748970214,1,0,1,0,7,0,0,365,0,0
4201,0,56.205645708861255,0,1,0,1,8,0,0,365,0,0
4202,0,59.859869480090836,0,0,0,1,2,1,0,365,0,0
4203,0,53.77044636885835,1,0,0,0,12,0,0,365,0,0
4204,0,64.8458995792966,1,0,1,1,6,0,1,15,0,0
4205,1,65.57595414084237,0,0,0,1,4,0,0,365,0,0
4206,1,71.08938547489295,0,0,0,0,6,1,0,365,0,0
4207,0,55.709601172308844,0,0,0,0,6,0,0,365,0,0
4208,1,59.58158172148382,0,1,0,0,7,1,0,365,0,0
4209,1,67.26141422061066,0,1,0,0,9,0,0,365,0,0
4210,1,79.73469418745822,0,1,0,1,6,0,0,365,0,1
4211,0,63.10030911566773,1,0,0,0,3,0,0,365,0,1
4212,1,50.351061368151136,1,0,0,0,5,0,0,365,0,0
4213,1,52.8589878730819,1,0,0,1,6,0,1,113,0,0
4214,1,69.04836707095211,1,0,0,1,5,0,0,365,0,0
4215,0,71.56783044092701,1,0,0,0,3,0,0,365,0,0
4216,1,78.98058775613829,1,1,1,0,5,0,0,365,0,0
4217,1,55.879261261645226,0,0,0,0,7,0,0,365,0,0
4218,1,61.95375662468764,1,0,0,0,8,0,0,365,0,0
4219,0,57.26402996448627,1,0,0,1,6,0,0,365,0,0
4220,1,83.5013659956783,0,0,0,0,8,0,0,365,1,1
4221,0,71.30327004479271,0,0,0,0,7,0,0,365,0,0
4222,0,64.81992860798498,0,0,0,0,6,0,0,365,0,0
4223,0,50.2538090132549,1,0,0,0,2,0,0,365,0,0
4224,1,78.82995825410036,0,1,0,0,8,0,1,71,0,1
4225,1,83.48077399253509,1,0,0,0,8,0,0,365,1,1
4226,0,75.39459251827837,1,0,0,0,7,0,0,365,0,0
4227,1,59.27300555638793,0,0,0,1,4,0,0,365,0,0
4228,0,67.41388093942395,1,0,0,0,6,1,0,365,0,0
4229,0,70.22802241161914,1,0,1,0,9,0,0,365,0,0
4230,0,63.79251346431179,0,0,0,0,3,0,0,365,0,0
4231,0,70.02269696855745,0,0,0,0,11,0,0,365,0,0
4232,0,66.32081066543422,1,0,0,0,9,0,0,365,0,0
4233,1,72.35055083848393,0,0,0,0,6,0,0,365,0,0
4234,1,61.07775564217926,0,0,0,0,4,0,0,365,0,0
4235,0,68.17068863845562,0,0,0,0,5,0,0,365,0,0
4236,0,72.22542133352636,0,0,0,0,7,1,1,255,0,0
4237,1,65.10738990975416,1,0,0,0,7,1,1,221,0,0
4238,0,70.85577393057055,0,0,0,0,3,1,1,251,0,0
4239,1,83.93243024970229,1,0,0,0,6,0,0,365,0,0
4240,0,48.54642236032133,1,0,0,1,4,0,0,365,0,0
4241,1,79.14656947980174,0,0,1,1,10,0,0,365,0,0
4242,0,58.09678561851294,0,0,0,0,7,0,1,27,0,0
4243,1,71.00738095482762,1,0,0,0,2,0,0,365,0,0
4244,0,47.57698436512092,1,0,0,0,5,0,0,365,0,0
4245,1,52.598863858945286,1,0,0,0,3,0,0,365,0,0
4246,0,55.50912575952252,0,0,0,0,4,0,0,365,0,0
4247,0,63.04328540548935,1,0,0,0,4,0,0,365,0,0
4248,1,71.80987261563537,1,1,0,1,11,0,0,365,0,1
4249,0,80.60428529427372,1,0,0,0,6,1,0,365,0,0
4250,0,59.908280550611565,1,0,0,0,6,0,0,365,0,0
4251,0,67.62504826872515,1,0,0,0,7,0,0,365,0,0
4252,1,80.32859665095157,0,0,1,1,8,0,0,365,0,0
4253,1,59.1786095367692,1,0,0,0,8,1,0,365,0,0
4254,0,56.04224948351257,0,0,0,0,5,1,0,365,0,0
4255,0,72.23036246108674,1,0,0,1,3,0,1,60,0,1
4256,1,63.669622772167976,0,0,0,0,4,0,0,365,0,1
4257,1,54.46002504297397,1,0,0,0,2,0,0,365,0,1
4258,0,54.24752246888512,1,0,0,0,10,0,0,365,0,0
4259,0,65.65499318574578,0,0,0,0,8,0,0,365,0,0
4260,0,59.25845296561184,1,0,0,0,5,0,0,365,0,0
4261,0,72.14561412894044,0,0,0,0,4,0,0,365,0,0
4262,1,74.39581825764925,1,1,0,0,4,1,0,365,1,0
4263,1,60.63721947496117,0,0,0,0,7,0,1,141,0,0
4264,1,63.38821588083371,1,0,1,1,5,1,1,128,0,0
4265,1,64.39525226122733,1,0,1,1,6,0,0,365,0,0
4266,0,58.01266765175974,1,0,0,0,5,0,0,365,0,0
4267,1,66.80649387785795,1,0,0,0,10,0,0,365,0,0
4268,0,57.295422977665915,0,0,0,0,4,1,0,365,0,0
4269,1,60.08458392071529,0,0,0,0,9,1,1,316,0,0
4270,0,72.14498858950448,0,1,0,0,4,0,0,365,0,0
4271,0,60.16279484863032,1,0,0,0,6,0,0,365,0,0
4272,0,69.53365015522105,1,0,0,1,8,0,1,3,0,1
4273,1,63.85171197292157,0,0,0,0,10,1,0,365,1,1
4274,1,78.38188921004355,0,0,0,1,8,0,0,365,0,1
4275,1,67.91304434704251,1,0,0,0,9,0,0,365,0,1
4276,0,56.72749358528746,1,0,0,0,4,0,0,365,0,1
4277,0,57.46032112869294,0,0,0,0,4,1,0,365,0,0
4278,0,75.6880790193769,0,1,0,0,12,1,0,365,0,1
4279,1,68.0956673555402,0,0,0,0,11,0,1,50,1,0
4280,1,77.97347802613416,0,0,1,1,11,0,0,365,0,0
4281,0,78.61070551167069,1,0,1,0,5,1,0,365,0,0
4282,0,76.78045660691683,0,0,0,0,6,1,0,365,0,0
4283,0,58.61359155111025,1,0,0,1,6,0,0,365,0,0
4284,1,72.93869516310384,0,0,0,0,7,0,0,365,0,0
4285,0,66.93012360212867,1,0,0,0,8,0,0,365,0,0
4286,0,70.44867990194359,1,0,1,0,5,0,0,365,0,1
4287,1,66.76219059981652,1,1,0,1,10,0,1,186,1,1
4288,1,82.01327827386409,1,0,0,0,6,0,0,365,0,0
4289,1,74.58091355829423,1,0,1,0,5,0,0,365,0,0
4290,1,74.31636403947601,0,1,0,0,5,0,0,365,0,0
4291,0,66.12842791752412,0,0,0,0,3,0,1,256,0,1
4292,0,67.0800336781782,0,0,0,0,3,0,0,365,0,0
4293,0,71.7904400706798,0,0,0,0,5,0,0,365,0,0
4294,1,80.06041326632693,0,0,0,0,12,0,0,365,0,1
4295,0,56.427165238651206,0,0,0,0,3,0,0,365,0,0
4296,0,52.44684611571054,1,0,0,0,3,1,0,365,1,1
4297,0,67.03175227516118,1,0,1,0,10,0,0,365,0,0
4298,1,88.22756040299632,1,0,0,0,8,1,0,365,0,1
4299,1,64.70561899769423,1,0,0,0,10,1,0,365,0,1
4300,0,74.68063730824625,1,0,0,0,3,1,0,365,0,0
4301,0,61.21492440243837,0,0,0,1,9,0,1,113,0,0
4302,0,57.44495116742221,1,0,0,0,4,0,0,365,0,0
4303,1,76.01600857599999,0,0,0,0,5,0,0,365,0,0
4304,0,62.45332502702982,0,0,0,1,1,0,0,365,0,0
4305,1,81.22200045845995,0,1,0,0,7,0,0,365,0,0
4306,1,79.26390922610055,0,1,0,0,5,0,0,365,0,0
4307,0,57.645362838633346,1,0,0,0,3,0,1,18,0,0
4308,1,66.45715604284133,0,0,0,0,5,0,0,365,0,0
4309,0,71.33397895258769,1,0,1,0,7,0,0,365,0,0
4310,0,57.88242550747345,0,0,0,1,6,0,0,365,0,0
4311,0,77.53994780057235,1,0,0,0,4,0,1,53,0,0
4312,0,75.28662828375698,0,0,0,0,7,0,0,365,0,0
4313,1,62.98379447892707,1,0,0,0,7,1,0,365,0,0
4314,1,64.76200251059214,0,0,0,0,7,1,1,93,0,1
4315,1,61.973525389450074,0,1,0,1,5,0,0,365,0,1
4316,0,74.2151229249566,0,0,0,0,6,0,0,365,0,0
4317,0,46.49186300887952,0,1,0,1,3,0,0,365,0,0
4318,1,61.201122393161846,1,0,1,1,8,0,0,365,0,0
4319,1,72.18928589542725,0,0,0,0,5,1,0,365,0,0
4320,1,71.26113251170982,1,0,0,0,7,0,0,365,0,0
4321,0,62.47375545954842,1,0,1,0,6,0,0,365,0,0
4322,0,53.05390079494221,1,0,0,1,0,0,0,365,0,0
4323,0,66.41557802780754,1,0,0,0,6,0,0,365,0,0
4324,1,56.03527614923748,1,0,0,0,8,0,0,365,0,0
4325,0,53.40694166754264,0,0,0,0,7,0,0,365,0,0
4326,1,82.35118105100844,1,0,0,0,5,0,0,365,0,0
4327,0,72.37182290247189,0,0,0,0,3,0,0,365,0,1
4328,1,65.42103718996644,0,0,0,0,8,1,0,365,0,1
4329,0,80.69315567253537,1,0,0,0,7,0,1,361,0,0
4330,0,58.61231949854434,0,0,1,0,6,1,0,365,0,0
4331,0,65.98219774744116,1,0,0,0,4,0,0,365,0,1
4332,0,77.29283093628706,1,0,0,0,11,0,0,365,0,1
4333,1,59.31245549050545,1,0,0,0,5,1,0,365,0,0
4334,0,77.39101559140525,1,0,0,0,3,0,0,365,0,1
4335,1,63.41989859213311,1,0,0,0,3,0,0,365,0,0
4336,1,71.76914236563154,1,0,1,0,8,0,0,365,0,0
4337,1,60.38198251672686,1,0,1,0,7,0,0,365,0,1
4338,1,56.491052397037976,0,0,0,0,6,0,0,365,0,0
4339,0,51.80095425262043,0,0,0,0,1,1,0,365,0,0
4340,1,59.944277402044335,1,0,0,0,7,0,0,365,0,0
4341,1,71.81274437083715,0,0,0,0,11,0,0,365,1,1
4342,1,75.11617292123628,0,1,0,0,11,1,0,365,0,0
4343,0,74.47072378103452,0,0,0,1,8,1,0,365,0,0
4344,0,70.7437289989937,0,0,0,0,9,0,0,365,0,0
4345,1,83.0466905030423,1,0,1,0,12,0,0,365,0,0
4346,1,55.89773423678241,0,1,0,0,3,0,0,365,0,0
4347,0,60.10279015886698,0,1,0,1,7,1,0,365,0,0
4348,0,56.57039214253921,0,0,0,1,5,0,0,365,0,0
4349,1,60.17692096666195,0,0,0,0,5,1,0,365,0,0
4350,1,57.50531214012517,0,0,0,1,6,0,0,365,0,0
4351,0,51.62634399550987,1,0,0,0,3,0,0,365,0,1
4352,0,61.20490267077696,1,0,0,0,5,0,1,180,0,0
4353,1,77.88113622043505,1,0,0,1,11,0,0,365,0,0
4354,0,75.57235582701303,0,0,0,0,9,0,0,365,0,0
4355,0,65.28501668570685,0,0,0,0,4,0,0,365,0,0
4356,0,71.7897915297232,0,0,0,0,6,0,0,365,0,0
4357,0,70.46231953974532,1,0,0,0,8,1,0,365,0,0
4358,1,59.707176481332155,0,0,0,0,3,0,0,365,0,0
4359,0,67.11024968985728,0,0,0,0,6,0,1,289,0,0
4360,1,68.19430573272166,0,0,0,1,4,1,0,365,0,0
4361,0,74.93357778479826,0,0,1,1,9,0,0,365,0,0
4362,1,63.65355914824798,1,0,0,0,4,0,0,365,0,0
4363,0,46.56233395104154,0,0,0,0,1,0,0,365,0,0
4364,1,59.85968376335363,1,1,0,0,3,1,0,365,0,0
4365,1,69.16487668236759,1,0,0,1,8,1,0,365,0,0
4366,0,62.5376135195348,0,1,0,0,2,1,0,365,0,0
4367,0,53.413945302948264,0,1,0,1,8,0,0,365,0,0
4368,0,70.36802079338648,1,0,0,0,4,0,0,365,1,0
4369,0,52.45557735540047,1,0,0,0,5,0,0,365,0,0
4370,1,82.8664415446976,1,0,1,0,13,0,0,365,0,0
4371,0,47.127162385745926,1,0,0,1,6,0,0,365,0,0
4372,0,53.122164098066584,1,0,1,0,7,0,0,365,0,0
4373,0,64.36085287463195,0,0,0,0,4,0,0,365,0,0
4374,0,68.54400973396247,0,0,0,0,3,0,0,365,0,0
4375,1,64.29243928724108,0,0,0,1,6,0,0,365,0,0
4376,0,47.74071661172846,0,0,0,0,5,0,0,365,0,0
4377,0,59.28283053609911,0,0,0,1,4,0,0,365,0,0
4378,0,61.29142270157451,1,0,0,0,3,0,0,365,0,0
4379,1,76.54428278399806,0,1,0,0,5,1,0,365,0,0
4380,0,40.0,1,0,0,0,4,0,0,365,0,0
4381,1,57.441543097108806,1,0,0,0,1,0,0,365,0,0
4382,0,57.080154369806316,1,0,0,0,7,0,1,116,0,0
4383,1,66.52026404287794,1,0,0,0,7,1,0,365,0,0
4384,0,73.46074974723828,0,0,1,0,3,0,0,365,0,0
4385,1,73.20404585706027,0,0,1,0,10,0,1,341,0,0
4386,0,53.6915097767415,1,0,0,1,3,0,0,365,0,0
4387,0,65.15608260928094,0,0,0,1,5,0,0,365,0,0
4388,1,70.22384797444498,0,0,0,0,7,0,0,365,0,0
4389,1,50.25300175675679,0,0,0,0,2,1,0,365,0,0
4390,1,72.48739200783115,0,0,0,0,9,1,0,365,0,0
4391,0,67.64505384780718,1,0,0,0,4,0,0,365,0,0
4392,1,55.67367813778587,0,0,0,0,8,0,0,365,0,0
4393,0,63.22897719269237,0,0,0,0,6,1,0,365,0,0
4394,0,71.68691573949002,1,0,0,0,4,1,0,365,0,0
4395,0,55.075624702818914,0,0,0,1,4,0,0,365,0,0
4396,0,51.08980212783837,1,0,0,0,6,0,0,365,0,0
4397,1,66.37792987646571,1,0,0,0,10,0,0,365,0,1
4398,0,69.93838702249863,1,0,0,0,7,0,0,365,0,0
4399,1,72.75019399945033,1,0,0,0,7,0,1,137,0,0
4400,0,61.75427578022497,0,0,0,0,3,0,0,365,0,0
4401,0,51.31787680319873,0,0,0,0,9,0,0,365,0,0
4402,0,63.6500361360372,0,0,0,0,4,0,0,365,0,0
4403,0,71.60010024291594,1,0,0,1,7,0,0,365,1,0
4404,0,71.42929222163463,1,0,0,0,5,0,0,365,0,0
4405,0,76.16502614615868,1,0,0,0,6,0,0,365,0,0
4406,0,70.96973999273442,1,0,0,0,7,0,1,292,0,0
4407,1,74.59960200217844,1,0,1,0,6,0,0,365,0,0
4408,0,66.28999491452605,0,0,0,0,3,0,1,46,0,0
4409,0,68.05018996754168,0,0,0,0,7,0,0,365,0,0
4410,1,61.86448839857135,1,0,1,0,5,1,0,365,0,0
4411,1,57.69858744604847,1,0,0,1,4,0,0,365,0,0
4412,0,64.79272449157025,1,0,0,0,4,1,0,365,0,1
4413,1,68.20134279106534,1,0,0,0,4,1,0,365,0,0
4414,0,61.34286641193217,0,1,0,0,4,0,0,365,0,0
4415,0,53.44277725100004,1,0,1,0,5,0,0,365,0,0
4416,0,72.01368222795138,0,0,0,1,5,0,0,365,1,0
4417,1,65.3518425947727,0,0,0,0,3,0,0,365,0,0
4418,0,70.14509724050535,1,0,0,1,7,0,0,365,0,0
4419,1,75.21067738111317,1,0,1,0,8,1,0,365,0,1
4420,0,69.03147037380496,0,0,0,0,6,1,1,113,0,1
4421,0,78.5549431428083,1,0,0,0,3,0,0,365,0,0
4422,1,60.899731676201185,0,1,0,0,7,1,0,365,0,0
4423,1,59.62042992515026,0,0,0,0,5,0,0,365,0,1
4424,0,56.23174100550368,0,0,0,0,6,1,0,365,0,0
4425,0,60.59611287899387,0,0,0,0,3,0,0,365,0,0
4426,1,66.26596916384284,0,0,0,0,4,1,0,365,0,1
4427,0,68.83060773024282,1,0,0,0,3,0,0,365,0,0
4428,0,57.97678141143735,1,0,0,0,5,0,0,365,0,1
4429,0,63.51247882210116,0,0,0,0,7,1,0,365,0,0
4430,0,67.057045211291,0,0,1,0,6,0,0,365,0,0
4431,0,63.746145675965685,1,0,0,0,3,1,0,365,0,0
4432,0,54.590067864480346,0,0,0,1,6,0,0,365,0,0
4433,1,89.12947370526905,0,0,0,0,11,1,0,365,0,1
4434,1,66.17992062120288,0,0,0,0,4,0,0,365,0,0
4435,0,75.03846128903638,1,0,0,0,5,0,0,365,0,0
4436,0,69.18823473890053,1,0,1,0,6,1,0,365,0,0
4437,1,83.41756680602667,0,1,0,1,10,0,1,130,0,1
4438,1,79.57275356925366,0,1,1,0,11,0,0,365,0,0
4439,0,56.11333954796736,0,0,0,0,8,0,0,365,0,1
4440,1,65.88074024164065,1,0,0,0,6,0,1,280,0,1
4441,0,74.77126638420573,1,0,0,0,3,0,0,365,0,0
4442,1,72.07494049643161,0,1,0,1,6,0,1,332,0,0
4443,1,79.32224401746761,1,0,0,0,3,0,0,365,0,0
4444,0,56.053512168266494,1,0,0,0,5,0,0,365,0,0
4445,0,63.01110288853672,0,0,0,0,6,0,0,365,1,0
4446,1,62.645647082914145,0,0,0,0,5,0,0,365,0,0
4447,0,77.02138701364947,1,0,0,0,6,0,0,365,0,0
4448,0,68.94434524726691,0,0,0,0,5,0,0,365,0,0
4449,1,47.130517867129115,0,0,0,0,7,1,0,365,0,0
4450,1,84.82871850584604,1,0,0,0,6,1,0,365,0,0
4451,0,54.34781854915545,1,0,0,0,6,1,0,365,0,0
4452,1,69.9972210880604,1,0,1,0,6,0,0,365,0,0
4453,0,60.01766470843303,0,0,1,0,7,1,1,169,0,0
4454,0,66.12736016374845,0,0,0,0,5,0,0,365,0,0
4455,0,51.60549677324313,0,0,0,1,2,0,0,365,0,0
4456,0,53.091693025561256,1,0,0,1,8,0,0,365,0,0
4457,1,78.37884031686232,0,0,0,0,6,0,0,365,0,1
4458,0,71.89501124402781,0,0,1,0,2,0,0,365,0,0
4459,1,62.04003012392488,0,0,0,0,6,0,0,365,0,0
4460,0,45.482718241547644,0,0,0,0,3,0,0,365,0,0
4461,1,56.98403831834572,0,0,0,1,3,1,0,365,0,0
4462,1,66.50062438723621,0,0,0,0,6,0,0,365,0,0
4463,0,71.38928892406034,1,0,0,0,10,1,0,365,0,0
4464,1,63.374827780636565,1,0,0,0,5,1,0,365,0,0
4465,0,60.7550750307659,0,0,0,0,9,0,0,365,0,0
4466,0,57.72089670750644,0,0,0,0,6,0,0,365,0,1
4467,0,63.768451537802605,1,0,0,0,3,0,0,365,0,0
4468,0,74.90392602270629,1,1,0,0,7,1,0,365,1,0
4469,1,77.05371160221914,0,1,1,0,12,1,1,9,0,1
4470,0,57.82790900899962,1,0,0,0,7,0,0,365,0,1
4471,1,65.03361818278148,0,0,0,1,4,0,0,365,0,0
4472,0,59.21427801978321,0,0,0,1,5,0,0,365,0,0
4473,0,63.431210688989296,1,0,0,0,5,0,0,365,0,0
4474,1,69.57350886805548,1,0,0,0,9,0,0,365,0,0
4475,0,61.20718248474983,0,0,0,0,5,0,0,365,0,0
4476,1,70.91215012637107,0,0,1,0,9,0,0,365,0,1
4477,0,55.55130954580588,1,0,0,0,3,0,0,365,0,0
4478,0,62.090848691074186,0,0,0,0,5,0,0,365,0,0
4479,1,69.74193018042799,0,0,0,1,10,0,0,365,0,0
4480,0,40.0,1,0,0,0,1,0,0,365,0,1
4481,0,59.97948065633419,0,0,0,0,9,0,0,365,0,0
4482,1,59.54336496869071,1,1,0,0,8,0,0,365,0,0
4483,0,59.72238125763877,1,0,0,0,3,0,0,365,1,0
4484,0,64.30781494613372,0,0,0,0,8,0,1,281,0,0
4485,0,68.16303736810552,1,0,0,0,3,0,0,365,0,0
4486,0,47.05416498975326,0,0,0,0,5,1,0,365,0,0
4487,0,70.35359380750114,0,0,0,1,8,0,0,365,0,0
4488,1,64.17017495852875,1,0,0,0,9,0,0,365,0,0
4489,1,55.28234868828917,0,0,0,0,3,0,0,365,0,1
4490,0,57.09133797378892,1,0,0,0,4,1,0,365,0,0
4491,0,72.11749173862239,0,0,0,1,5,0,0,365,0,0
4492,1,64.53193421483888,0,0,1,0,3,0,0,365,0,1
4493,0,71.17680114926256,0,0,0,0,5,0,0,365,0,1
4494,0,62.89485685675935,1,1,0,1,4,0,0,365,0,0
4495,0,81.87826636411563,0,0,0,0,0,1,0,365,0,0
4496,0,69.55071588128044,1,0,0,0,2,0,0,365,0,1
4497,0,48.23888916362462,0,0,0,0,5,1,0,365,0,0
4498,0,54.771092587401206,1,0,0,0,8,0,0,365,0,0
4499,0,76.44214622984137,1,0,0,0,5,0,0,365,0,0
4500,0,68.76314523821377,0,0,1,0,6,0,0,365,0,0
4501,1,57.99891655333265,0,0,0,1,9,0,0,365,1,0
4502,1,75.24357559010568,1,0,0,0,7,0,1,46,1,0
4503,0,64.54962381882821,0,0,0,1,6,0,0,365,1,0
4504,1,60.32355941656584,1,0,0,0,4,1,1,85,0,0
4505,0,80.13282957197609,1,0,1,0,10,0,0,365,0,1
4506,0,90.13004197483014,0,0,0,1,4,0,1,63,1,0
4507,0,57.8228186546938,1,0,0,0,4,0,0,365,0,0
4508,1,77.83947785241223,0,0,0,1,3,0,0,365,0,0
4509,1,69.78025060121054,0,0,0,0,5,1,0,365,0,0
4510,0,67.94922921863598,0,0,0,0,3,0,0,365,0,0
4511,0,72.10824282879841,1,0,0,0,7,1,0,365,0,0
4512,0,66.8148694801565,0,0,0,0,5,1,0,365,0,0
4513,0,66.55630958164551,1,0,0,0,6,1,0,365,0,0
4514,0,65.64714124388261,0,0,0,0,5,0,0,365,0,0
4515,1,66.16676292263125,0,0,0,0,5,0,1,227,0,0
4516,1,55.73221090663348,1,0,0,0,7,0,0,365,0,0
4517,1,68.19752338360442,1,0,0,0,5,0,0,365,0,0
4518,1,81.24492572193998,0,0,0,0,4,0,0,365,0,1
4519,1,46.43981749055893,1,0,0,0,5,0,0,365,0,0
4520,0,64.1984724433315,0,0,0,0,6,0,0,365,0,0
4521,0,65.85350908718058,0,0,0,0,6,1,1,75,0,1
4522,0,66.4377252906217,1,0,0,0,7,1,0,365,0,0
4523,0,59.35850291123339,0,0,1,0,6,0,0,365,0,0
4524,0,81.22418923040316,0,0,0,0,3,0,0,365,1,0
4525,0,54.4425288347079,1,0,0,0,3,0,0,365,0,0
4526,1,59.80048472712649,0,0,0,0,3,0,0,365,0,0
4527,1,59.54670106861463,0,0,0,0,7,1,0,365,0,0
4528,1,52.064398411065255,0,0,1,0,8,0,0,365,0,1
4529,1,74.98798500112093,1,0,0,1,7,0,1,20,1,1
4530,1,59.39402837651789,0,0,0,0,7,0,0,365,0,0
4531,0,72.17803670437058,0,0,0,0,2,0,0,365,0,0
4532,1,70.00168778747913,0,0,0,1,4,0,0,365,0,0
4533,0,73.30506125339255,1,0,0,1,7,0,0,365,0,0
4534,0,90.04049907400291,0,0,0,0,6,0,1,262,0,1
4535,1,74.65721586297329,0,0,0,0,7,0,0,365,1,0
4536,0,57.34246303052438,0,0,0,0,4,0,0,365,0,0
4537,0,48.09253738611224,0,0,0,0,4,0,0,365,0,0
4538,0,56.63759594794223,0,0,0,1,5,0,0,365,0,0
4539,1,58.12554282374732,1,0,1,0,9,0,0,365,0,0
4540,1,81.74162831294448,0,0,0,0,7,1,0,365,0,0
4541,1,40.0,0,0,0,0,9,0,0,365,0,0
4542,1,77.40855756648737,0,0,1,0,8,0,0,365,0,0
4543,1,66.45470209663907,0,0,0,0,6,0,0,365,0,0
4544,0,63.928495062167,1,0,0,0,7,0,0,365,0,0
4545,0,52.09992114875374,0,0,0,0,7,1,0,365,0,0
4546,0,70.06394118700594,0,0,0,0,2,0,0,365,0,0
4547,0,63.53294818287383,1,0,1,1,6,1,0,365,0,0
4548,0,53.557783959695556,1,0,0,1,3,0,0,365,0,0
4549,0,68.08323965308824,0,0,0,0,1,0,0,365,0,0
4550,0,62.763579874595266,1,0,0,0,6,0,0,365,0,0
4551,0,64.73049038176212,0,0,0,0,3,0,0,365,0,1
4552,0,63.86341443581374,0,0,0,1,4,1,0,365,0,0
4553,1,66.28029524304277,1,0,1,0,9,0,0,365,0,0
4554,1,61.094644502804464,1,0,1,1,6,1,1,293,1,0
4555,0,67.0562507054964,0,0,0,1,3,0,0,365,0,0
4556,0,71.16378360296291,1,0,0,0,11,0,0,365,0,0
4557,0,40.62891845628747,1,0,0,0,7,0,0,365,0,0
4558,0,61.22992814392658,1,0,0,0,3,0,0,365,0,0
4559,0,54.264890010451886,0,0,0,1,9,0,0,365,0,0
4560,0,62.316394312074365,1,0,0,0,7,0,0,365,0,0
4561,0,59.844879901140104,1,0,0,0,5,0,0,365,0,0
4562,0,58.25255937682205,0,0,1,0,6,0,0,365,0,0
4563,1,50.724819084732715,1,0,0,1,3,0,0,365,0,0
4564,0,77.30599857769771,0,0,1,0,3,0,0,365,0,0
4565,1,61.33436219745634,1,1,0,1,10,1,0,365,0,0
4566,0,60.043102636200885,0,0,0,0,4,0,1,84,0,1
4567,0,56.596300464079434,1,0,0,1,8,0,0,365,0,0
4568,1,71.26605295412493,0,0,0,0,5,1,0,365,0,0
4569,1,71.82290972259642,0,1,1,0,7,0,0,365,0,0
4570,0,66.10179270368266,0,0,0,0,4,0,0,365,0,0
4571,0,72.7598001396944,1,0,0,0,3,0,0,365,0,0
4572,1,61.97533757544778,0,0,0,0,8,0,0,365,0,0
4573,0,62.56244368014303,0,0,0,0,9,0,0,365,0,0
4574,0,62.0239165421604,0,0,0,0,2,1,0,365,0,0
4575,0,74.90907285802446,0,0,0,0,10,0,0,365,0,0
4576,0,60.79788787894686,1,0,0,0,7,1,0,365,0,0
4577,0,59.87215083871784,0,0,0,0,2,0,0,365,0,0
4578,0,65.69442604071753,0,0,0,0,3,1,0,365,0,1
4579,0,61.95469841521559,1,0,0,0,7,0,0,365,1,0
4580,1,73.88508615077933,0,0,0,0,7,0,0,365,0,0
4581,0,66.34942837579327,1,0,0,0,7,0,0,365,0,1
4582,1,82.4202602504437,1,1,0,1,12,0,0,365,0,0
4583,0,43.008536934727516,1,0,0,1,6,1,0,365,0,0
4584,0,62.98140687209965,0,0,0,0,2,0,0,365,0,0
4585,1,77.04841942130383,0,0,1,0,7,0,0,365,0,1
4586,1,57.5381881845251,1,0,0,0,2,0,0,365,1,0
4587,0,64.65294766754263,0,0,0,0,10,1,0,365,0,0
4588,1,66.62215827041763,1,0,0,0,5,1,0,365,0,0
4589,1,78.44759131171782,0,0,0,0,5,0,1,202,0,0
4590,0,62.75041515161712,0,0,0,0,7,0,0,365,0,0
4591,0,61.36219032034839,1,0,0,0,2,0,0,365,0,0
4592,0,63.52242176568555,0,0,0,0,4,1,0,365,0,0
4593,1,56.53776516089752,0,1,0,0,5,0,0,365,0,0
4594,0,59.66424346515189,1,0,0,0,3,0,0,365,0,0
4595,1,54.26167515222669,1,0,0,0,3,1,0,365,0,0
4596,1,64.98973663926401,0,0,1,0,8,1,0,365,0,1
4597,0,69.96249426503152,0,0,0,0,7,0,0,365,0,0
4598,0,89.05248996637332,1,0,0,1,6,0,0,365,0,1
4599,1,73.51424532330378,0,0,0,0,9,1,1,69,0,1
4600,0,60.650212755243956,0,0,0,0,4,0,0,365,0,1
4601,1,56.786927712047806,1,0,0,0,3,0,0,365,0,0
4602,0,64.33380465738679,1,0,1,0,7,0,0,365,0,0
4603,0,72.52648230723948,0,0,0,0,8,0,0,365,0,0
4604,1,70.62917541941853,0,0,1,1,6,0,1,10,0,0
4605,0,63.64184081106019,1,0,0,1,5,0,0,365,0,0
4606,1,64.59207069362688,0,0,0,1,10,0,0,365,0,0
4607,0,66.43695927684698,1,0,0,1,5,0,0,365,0,0
4608,0,64.3058444818882,0,1,0,0,8,1,1,175,0,0
4609,0,64.02554770957063,1,0,0,0,2,0,0,365,0,0
4610,1,76.73114301790773,0,0,0,0,3,1,0,365,0,0
4611,1,80.52258305109468,0,0,0,0,4,1,0,365,0,0
4612,0,59.16126229413304,0,0,0,1,4,0,0,365,0,0
4613,0,73.28361699006138,0,0,0,0,3,0,0,365,0,0
4614,1,59.40011299762499,0,1,0,0,7,0,0,365,0,0
4615,0,60.45978718413029,0,0,0,0,6,0,0,365,0,0
4616,1,69.56504569259972,1,0,1,1,3,0,0,365,0,0
4617,0,65.86641738818663,0,0,0,0,5,1,0,365,0,0
4618,0,55.0312986595357,1,0,0,0,1,0,0,365,0,0
4619,1,76.57493262167215,0,0,1,0,8,0,0,365,0,0
4620,1,59.302625715981556,0,0,0,0,6,0,0,365,0,0
4621,0,59.107993957662515,1,0,0,0,1,0,0,365,0,0
4622,1,60.607398864976155,0,0,0,0,3,1,1,249,0,0
4623,0,60.68575754899491,0,0,0,0,5,0,0,365,0,0
4624,1,86.80680636334301,1,1,0,0,8,0,0,365,0,0
4625,1,66.15701345947107,1,0,0,0,5,0,0,365,0,1
4626,1,69.70144172368728,0,1,0,0,12,0,0,365,1,0
4627,0,62.81890218425541,0,0,0,0,4,0,1,29,0,0
4628,1,73.08962775740859,1,0,0,0,6,0,0,365,0,0
4629,0,70.43458907464452,0,0,0,0,2,0,0,365,0,0
4630,1,59.5233117465687,0,0,0,0,5,1,0,365,0,1
4631,0,66.50092725707701,0,0,0,0,5,0,0,365,0,0
4632,1,66.25036168124927,1,1,0,0,9,0,0,365,0,0
4633,1,44.55333495520664,1,0,0,0,2,0,0,365,0,0
4634,0,69.49476978068758,0,0,0,0,4,0,0,365,0,0
4635,0,48.470394632635696,0,0,0,0,7,0,0,365,0,0
4636,1,61.87958884507299,0,0,0,0,4,0,0,365,0,0
4637,0,66.16770257049187,0,0,0,0,5,1,1,104,0,0
4638,1,70.1968437859092,0,0,0,0,8,1,0,365,0,0
4639,0,71.37731043605991,0,0,0,0,7,0,0,365,0,0
4640,0,57.409072919223554,1,0,0,0,4,0,0,365,0,0
4641,0,70.62396799369938,1,0,0,0,3,0,0,365,0,0
4642,1,74.93039893437691,1,0,0,0,7,1,0,365,0,1
4643,0,46.94143354408254,1,0,0,0,2,0,0,365,0,0
4644,1,54.54137258986608,0,0,0,1,8,0,0,365,0,0
4645,1,70.5093788186798,1,0,0,0,5,0,0,365,0,0
4646,0,62.196514567842904,0,0,0,0,8,0,0,365,0,0
4647,1,91.80462590647015,0,1,1,1,9,0,0,365,0,0
4648,0,71.89877421454517,1,0,0,1,7,1,1,123,0,0
4649,1,56.58256353366008,0,0,1,1,10,0,0,365,0,0
4650,0,60.05761801977853,0,0,0,0,7,0,0,365,0,0
4651,1,47.87378590896442,1,1,0,0,11,0,0,365,1,0
4652,1,62.57126122597052,1,0,0,0,2,0,0,365,0,0
4653,0,69.87569314607893,1,0,1,1,6,0,0,365,0,0
4654,1,68.43132925514777,1,0,0,0,4,1,0,365,0,1
4655,0,63.93979975365771,1,0,0,0,5,0,0,365,1,0
4656,0,66.36159039047484,0,0,0,0,5,1,0,365,0,1
4657,0,71.85638342654856,0,0,0,1,3,1,0,365,0,0
4658,0,68.43551448768262,1,0,0,0,15,0,0,365,0,0
4659,1,71.0721678731667,1,0,0,0,4,1,0,365,0,0
4660,0,71.34023397799658,0,0,1,0,7,1,0,365,0,0
4661,1,63.82732045705435,0,0,0,1,4,0,0,365,0,0
4662,0,58.22842614280506,1,0,0,0,6,0,0,365,0,0
4663,0,66.11924981033657,1,0,0,0,4,0,0,365,0,1
4664,1,74.52490188143346,0,0,0,0,7,0,0,365,0,1
4665,0,72.40951871757562,1,0,0,1,6,1,0,365,0,0
4666,0,55.522659113131624,1,0,0,0,4,1,0,365,0,0
4667,1,65.20668684343065,1,0,0,0,5,0,0,365,0,0
4668,0,67.51177294134952,0,0,0,1,3,0,1,104,0,1
4669,0,62.16954230067622,1,0,1,0,5,0,0,365,0,0
4670,0,66.83466128823137,1,0,0,1,3,0,0,365,1,0
4671,0,82.72370912807142,1,0,0,0,5,0,1,121,0,0
4672,0,66.92159458506539,0,0,0,0,4,0,0,365,1,1
4673,1,79.81822004002093,0,0,1,1,4,0,0,365,0,0
4674,1,61.83806644165038,0,0,0,0,7,0,0,365,0,0
4675,1,71.8508200787414,1,0,1,0,11,0,0,365,0,0
4676,1,72.26224304542775,0,0,0,0,9,0,0,365,0,0
4677,1,74.26255890636753,0,0,0,1,9,1,0,365,0,0
4678,0,63.917294911989835,0,0,1,0,9,0,0,365,0,0
4679,0,62.16108095784387,1,0,0,1,6,0,0,365,0,0
4680,0,57.650721153309334,0,0,0,0,3,0,0,365,0,0
4681,1,60.48097736912695,1,0,0,0,4,0,0,365,0,0
4682,0,52.1064144551316,1,0,0,0,4,0,0,365,0,0
4683,1,62.05709198818864,0,1,0,0,4,0,0,365,0,1
4684,1,77.17883108736748,1,1,0,0,5,0,0,365,0,0
4685,1,72.68056826794847,1,1,0,0,7,0,0,365,0,1
4686,0,87.6900150718523,0,1,0,0,9,0,0,365,0,0
4687,1,66.67356334236693,1,0,1,1,6,0,0,365,1,0
4688,1,56.572420775938284,0,0,0,0,7,1,0,365,1,1
4689,0,69.96123719285907,0,0,0,0,5,0,0,365,0,0
4690,0,68.14625398616634,1,1,0,0,5,0,0,365,0,0
4691,0,85.0275469758179,0,0,0,1,9,0,0,365,0,0
4692,1,85.1192174447647,1,1,0,0,10,1,0,365,1,1
4693,0,49.52132054731342,1,0,0,0,4,0,0,365,0,0
4694,0,62.991572856597365,0,0,0,0,13,0,0,365,0,0
4695,1,74.23898086717557,0,0,0,0,14,0,0,365,0,0
4696,1,65.93970873920478,1,0,0,0,5,1,0,365,0,0
4697,1,65.55449198786413,0,0,0,1,5,1,0,365,0,1
4698,0,55.1267423696636,0,0,0,1,4,0,0,365,0,0
4699,0,70.18801162263074,0,0,0,0,5,0,1,240,0,0
4700,1,65.5920372406251,0,0,1,0,9,0,0,365,0,1
4701,1,62.01733987842826,0,0,0,0,6,0,1,299,0,0
4702,0,63.56003771912695,1,0,0,0,11,0,1,167,0,0
4703,0,58.043451056228676,1,0,0,0,8,0,0,365,0,0
4704,0,54.38402565478386,1,0,0,0,1,0,0,365,0,0
4705,1,66.42661479194926,1,0,0,0,5,1,1,121,0,0
4706,0,75.8321178373568,0,1,0,0,7,0,0,365,0,0
4707,1,84.442455346426,0,0,1,0,8,1,0,365,0,0
4708,1,60.919963262407016,1,0,0,0,3,0,0,365,0,0
4709,0,55.219003985122626,0,0,1,0,5,0,0,365,0,0
4710,1,67.29215381141762,0,0,0,0,6,1,0,365,0,0
4711,0,88.45270893784948,1,0,1,0,4,0,1,35,0,0
4712,0,68.36224455483054,0,0,0,1,5,1,0,365,0,0
4713,1,95.0,1,0,0,0,6,0,0,365,0,0
4714,1,67.48911872492309,1,0,0,0,6,0,0,365,0,0
4715,1,65.72566061719662,1,0,0,0,8,0,0,365,0,0
4716,0,59.95363800430562,0,0,0,1,5,0,0,365,0,0
4717,1,69.92492080526566,0,0,0,1,7,0,0,365,0,1
4718,1,55.2261399233218,1,0,0,0,4,1,0,365,0,0
4719,0,53.3912753686202,0,0,0,1,2,0,0,365,0,0
4720,1,73.10089020229842,0,0,0,0,5,0,0,365,0,0
4721,0,64.58826333424285,0,0,0,1,4,1,0,365,0,0
4722,0,62.51957874626424,1,0,0,0,4,0,0,365,1,1
4723,0,66.6146182645739,0,0,1,0,5,0,1,362,0,0
4724,1,45.20268184908094,0,0,0,0,8,1,0,365,0,0
4725,0,53.01815773871222,1,0,0,0,4,0,0,365,0,0
4726,0,53.32566807898317,0,0,0,0,3,0,0,365,0,0
4727,0,68.11698343159871,1,0,1,0,10,0,1,179,0,0
4728,0,70.44168407314638,0,0,0,0,5,0,0,365,0,0
4729,1,40.0,0,0,0,1,4,0,0,365,0,0
4730,1,68.78961760039512,0,0,0,0,1,0,0,365,0,0
4731,0,43.66513629983012,0,0,0,1,2,0,0,365,0,0
4732,1,75.83287522490826,0,1,0,0,12,0,0,365,0,1
4733,1,73.07211388083648,1,0,0,0,5,0,1,44,0,1
4734,0,71.71299530071325,1,0,0,0,6,1,1,278,0,0
4735,0,54.70863266954768,0,0,0,0,7,0,0,365,0,0
4736,0,59.89899785442983,1,0,0,0,4,1,0,365,0,0
4737,0,50.437691532065905,1,0,0,0,3,1,0,365,0,0
4738,1,68.05112102798273,0,0,0,1,5,0,0,365,0,0
4739,0,63.30658341485337,1,0,0,0,3,0,0,365,0,0
4740,1,95.0,0,0,0,1,6,0,1,14,0,1
4741,0,77.05628625342925,0,0,1,1,4,0,0,365,0,0
4742,1,53.83444486688404,1,0,0,0,1,1,0,365,0,0
4743,0,67.77326708376201,0,0,0,0,6,0,0,365,1,1
4744,1,70.40505355764518,0,0,1,0,11,0,0,365,0,0
4745,0,68.32574184137005,1,0,0,1,3,0,0,365,0,0
4746,1,77.14350479820133,1,0,1,1,12,0,0,365,0,0
4747,0,70.2788091270725,0,0,0,0,5,0,0,365,0,0
4748,1,76.24057247402831,0,0,0,1,5,0,0,365,1,1
4749,0,63.535345494943364,0,0,0,0,7,0,0,365,0,0
4750,0,58.244293841411704,0,0,0,0,3,0,0,365,0,0
4751,0,58.576691402162226,0,0,0,0,3,1,0,365,0,0
4752,1,77.62600445675511,0,0,0,0,3,1,0,365,0,1
4753,0,55.03211191480523,0,0,0,1,1,1,0,365,0,0
4754,1,54.54580991274547,0,0,0,0,9,0,0,365,0,0
4755,0,60.94279080936013,0,0,0,0,6,0,0,365,0,0
4756,0,59.07194777592425,0,1,0,0,5,0,0,365,0,1
4757,0,64.35118606278402,0,0,0,0,6,0,0,365,0,0
4758,1,71.1150266456957,1,0,0,0,13,1,0,365,0,1
4759,0,57.9337974100214,0,0,0,0,4,1,0,365,0,1
4760,0,66.4789191099517,1,0,0,0,3,1,0,365,0,0
4761,0,52.316736139111,0,1,0,0,3,1,0,365,0,0
4762,0,55.33117469280239,1,0,0,1,5,0,0,365,0,0
4763,0,61.371791840143494,0,0,0,0,7,0,0,365,0,0
4764,0,63.5800911723214,0,0,0,0,5,1,0,365,0,0
4765,1,60.220682256225196,0,0,0,1,6,0,0,365,0,0
4766,0,65.49910485680938,0,0,0,0,3,0,0,365,0,0
4767,0,63.675441836865566,0,0,0,0,3,0,0,365,0,0
4768,0,62.34273353362469,1,0,0,0,2,0,0,365,0,0
4769,0,62.78244637928064,0,0,0,0,4,1,0,365,0,0
4770,1,95.0,1,0,0,0,4,1,0,365,0,0
4771,1,72.73721650785839,1,1,0,1,2,0,1,230,0,1
4772,1,73.49814759391813,1,0,1,0,8,0,1,2,0,1
4773,0,44.65251361087908,1,0,0,0,3,0,0,365,0,0
4774,0,68.91442650547941,0,0,1,1,8,0,0,365,1,0
4775,0,71.42876549239485,0,0,1,0,3,0,0,365,0,0
4776,1,67.946891724318,0,0,1,1,8,1,0,365,0,1
4777,1,71.79599538522126,1,0,0,0,7,0,0,365,0,0
4778,0,67.50138334048995,1,0,0,0,3,0,1,86,0,1
4779,0,82.47418928325521,0,1,0,0,11,1,0,365,0,0
4780,1,64.00719873743274,1,0,0,0,12,0,0,365,0,0
4781,0,61.54468836350724,1,0,0,0,5,1,0,365,0,0
4782,0,60.985876004498884,0,1,0,1,5,0,0,365,1,1
4783,1,70.22505550855035,0,0,0,0,1,1,0,365,1,1
4784,0,55.330054509070315,0,0,0,0,4,0,0,365,1,0
4785,0,76.04040174266649,1,0,0,0,6,0,0,365,0,0
4786,1,75.23860687837079,1,1,0,1,10,0,1,243,0,0
4787,0,65.23383316112984,0,0,0,0,6,1,0,365,0,0
4788,1,77.23061517931744,0,0,0,0,6,1,1,353,0,0
4789,0,50.71045208671619,1,0,0,0,6,0,0,365,0,0
4790,1,80.06197212134077,1,0,0,0,8,0,0,365,0,1
4791,1,79.06317896439522,1,0,1,1,10,0,0,365,0,0
4792,1,72.87908898865628,0,0,0,1,6,1,0,365,0,0
4793,0,46.83313672605525,1,0,0,0,2,0,1,184,0,0
4794,0,61.49795163394648,1,0,0,0,9,0,0,365,0,0
4795,0,58.22483448636651,1,0,1,0,10,0,0,365,0,0
4796,1,71.19969603173938,0,0,0,0,3,1,0,365,0,0
4797,0,64.16624273960893,0,0,0,0,6,0,0,365,0,0
4798,1,60.89751802541152,1,0,0,0,11,1,0,365,1,0
4799,0,65.48121081566164,0,0,0,0,7,0,0,365,0,1
4800,0,59.645631252202286,0,0,0,0,1,0,0,365,0,0
4801,0,66.24600742504056,0,1,0,0,5,0,0,365,0,0
4802,0,70.74143072262524,0,0,0,0,3,0,0,365,0,0
4803,0,48.54149370351182,0,0,0,0,6,1,0,365,0,0
4804,1,68.48499649658338,1,0,0,0,6,0,0,365,0,0
4805,0,76.76506999882892,0,0,0,0,9,0,0,365,0,0
4806,1,67.75742085720024,0,0,0,1,3,0,0,365,0,1
4807,1,56.416235788032886,0,0,0,0,3,1,0,365,0,0
4808,1,69.30279860008643,0,0,1,0,4,0,0,365,0,0
4809,1,60.20305657388254,0,0,0,0,7,0,0,365,0,1
4810,0,70.89701355025555,0,0,1,0,9,0,0,365,0,0
4811,1,64.93772814137577,1,0,0,1,2,0,0,365,0,0
4812,0,57.07025770447021,1,0,0,0,6,0,0,365,0,0
4813,0,84.63263594117836,1,0,0,0,5,0,0,365,0,0
4814,0,64.60800530860415,0,0,1,0,9,1,0,365,0,0
4815,1,65.41259625548034,0,0,0,1,7,0,0,365,0,0
4816,1,62.3324853000989,0,0,0,0,8,1,0,365,0,0
4817,0,72.70820223986416,0,0,0,0,7,0,1,190,0,0
4818,0,62.33163988770252,0,0,0,0,5,1,0,365,0,0
4819,0,55.8166225164518,1,0,0,0,1,1,0,365,0,0
4820,0,49.692137297523374,0,0,0,0,6,0,0,365,0,0
4821,0,62.91020509095104,1,0,0,0,4,0,0,365,0,0
4822,0,62.7823582064758,1,0,0,0,4,1,0,365,0,0
4823,0,69.33130593651919,0,0,1,0,6,0,0,365,0,0
4824,1,63.60543579450032,0,0,1,0,6,0,0,365,0,0
4825,0,63.842423308964804,1,0,0,0,2,1,0,365,0,1
4826,1,67.66139207103744,0,1,1,1,8,0,1,90,0,0
4827,1,65.90139646558231,0,0,0,0,4,1,0,365,0,0
4828,0,73.4509871752272,0,0,1,0,4,0,1,311,0,0
4829,1,78.85365229953007,0,0,0,0,10,1,0,365,0,1
4830,0,74.10996878218542,0,0,0,0,3,0,0,365,1,0
4831,0,52.53069351717063,1,0,0,0,3,0,0,365,1,0
4832,0,81.31237034282024,0,0,0,0,6,1,0,365,0,0
4833,1,69.06357428678432,0,0,0,1,9,0,0,365,0,0
4834,1,71.03441014505862,1,1,0,0,9,1,0,365,0,0
4835,0,53.81567979391857,1,0,0,0,6,0,0,365,0,0
4836,1,77.50640372151369,0,0,1,0,6,0,1,226,0,1
4837,1,66.49154007334299,0,0,1,0,10,0,0,365,0,1
4838,1,60.63270488235206,1,0,0,0,3,0,0,365,0,0
4839,1,67.55108742434463,0,0,0,0,7,0,0,365,1,0
4840,0,50.83619907890802,1,1,0,0,4,0,0,365,0,0
4841,1,58.459312226388185,0,0,0,0,8,0,0,365,0,0
4842,0,62.958669219227346,0,0,0,0,5,0,0,365,0,0
4843,0,65.43201011763963,1,0,1,0,8,1,0,365,0,0
4844,0,70.61726201850405,1,0,0,0,7,0,0,365,0,0
4845,1,92.42083066223911,1,0,0,1,2,1,1,122,1,1
4846,0,61.2101534181111,1,0,0,0,4,0,0,365,0,0
4847,1,71.92457470888984,0,1,0,0,7,0,0,365,0,0
4848,0,58.006758092250706,0,0,0,0,9,1,0,365,0,0
4849,0,77.358127315074,0,1,0,0,7,0,1,72,0,1
4850,0,73.63356431190283,0,0,0,0,11,0,0,365,0,0
4851,0,69.06156907532448,0,0,0,1,0,0,0,365,0,1
4852,1,76.47368897880858,1,1,1,1,13,0,1,219,0,0
4853,0,66.33427561460606,1,1,0,0,6,1,1,54,0,1
4854,0,84.97717467729859,1,0,0,0,6,0,0,365,0,0
4855,0,69.15434741519515,0,0,0,0,8,1,0,365,0,0
4856,1,77.1963593273025,1,1,1,0,16,0,0,365,0,0
4857,0,50.268536518255246,0,0,0,1,0,0,0,365,1,0
4858,0,57.183127077319604,0,0,0,0,10,0,0,365,0,0
4859,1,64.81152051533911,0,0,0,0,9,0,0,365,1,0
4860,0,47.46545882922019,0,1,0,1,6,0,1,9,0,0
4861,1,71.26809669726048,1,0,0,1,4,0,0,365,0,0
4862,1,73.76174048254114,0,0,0,0,4,0,0,365,0,0
4863,0,61.099152832744,0,0,0,0,4,0,0,365,0,0
4864,0,52.13785289191309,0,0,0,0,3,1,0,365,0,0
4865,0,50.69486999153419,1,1,0,0,2,0,0,365,1,1
4866,0,72.81107008952543,0,0,0,1,4,1,0,365,0,0
4867,1,73.42188458501587,0,1,0,0,7,1,1,326,0,0
4868,0,57.87127477251891,1,0,1,0,4,0,0,365,0,0
4869,0,69.67513527318488,0,0,0,0,2,1,0,365,0,0
4870,1,73.5571505340587,1,0,1,0,10,0,0,365,0,0
4871,0,70.69167175136124,0,0,0,0,2,0,0,365,0,0
4872,1,79.67566938148872,0,0,0,0,7,1,0,365,0,0
4873,0,79.19984802982499,0,1,0,0,2,0,0,365,0,1
4874,0,72.94391692087397,0,1,0,0,8,0,0,365,0,0
4875,1,58.772543576957325,0,1,0,0,7,1,0,365,0,1
4876,1,69.68182661475142,0,0,0,0,5,1,0,365,0,1
4877,1,56.57014106718434,1,0,0,0,5,0,0,365,0,0
4878,1,71.39891727918847,1,0,0,0,6,0,0,365,0,0
4879,0,74.31874564582286,1,0,1,1,7,1,0,365,1,0
4880,0,70.21098837038473,1,0,1,0,8,0,1,170,0,0
4881,0,64.22796176994169,0,0,0,0,4,0,0,365,0,0
4882,1,71.81362348682318,1,0,0,0,2,0,0,365,0,0
4883,1,66.9778256878506,0,0,0,0,6,1,0,365,0,0
4884,1,93.71749138402319,1,0,0,0,6,1,0,365,1,1
4885,1,62.98798821898639,1,0,0,0,7,1,0,365,0,1
4886,1,51.253501109241725,1,0,0,1,1,0,0,365,0,1
4887,0,66.64236780217016,0,0,0,0,6,0,0,365,0,0
4888,0,66.66985840643308,0,0,0,0,6,0,0,365,1,0
4889,0,52.5747338370807,1,0,0,0,5,0,0,365,0,1
4890,0,53.84603997091111,0,0,0,0,3,0,0,365,0,0
4891,1,63.00195266233828,0,0,0,0,11,1,0,365,0,0
4892,0,53.05898190996482,0,0,0,0,2,1,0,365,0,0
4893,0,69.79041307494208,0,0,0,1,6,0,0,365,0,0
4894,1,64.21649843692569,0,0,0,0,11,0,1,45,0,1
4895,1,83.23412580028938,0,1,0,1,6,1,0,365,1,1
4896,1,77.18392951317222,1,0,0,0,10,0,0,365,0,1
4897,1,72.30227717300748,0,0,0,1,8,0,0,365,0,0
4898,0,75.93332366091408,0,1,0,0,6,1,0,365,1,1
4899,0,50.14945518864391,0,0,0,0,6,0,0,365,1,0
4900,0,57.78378927457402,1,0,0,0,4,1,0,365,0,0
4901,1,62.958101999902965,1,1,0,0,5,1,0,365,0,0
4902,0,55.91631607468834,0,0,0,1,6,1,0,365,0,0
4903,1,67.27637628353925,0,0,0,0,6,0,0,365,0,0
4904,0,69.24853799683154,0,0,0,0,5,0,0,365,0,0
4905,1,65.71642218189942,1,0,0,0,2,1,0,365,1,1
4906,1,69.22075719137895,1,0,1,0,9,0,0,365,1,1
4907,0,66.8312553238251,0,1,0,0,4,0,0,365,0,0
4908,0,68.93595477861584,0,0,0,0,3,0,0,365,0,0
4909,1,82.12688074205428,1,0,0,0,7,0,0,365,0,0
4910,0,53.36648576894426,0,0,0,0,8,0,0,365,0,0
4911,1,60.81912843382344,1,0,0,0,2,0,0,365,0,1
4912,1,75.61956956953227,1,0,0,0,3,1,0,365,0,0
4913,1,86.00135397359352,1,0,1,0,7,1,0,365,0,0
4914,0,79.99670652072655,1,0,1,1,6,1,1,16,1,1
4915,0,73.27881644538091,1,0,1,0,6,0,1,122,0,0
4916,1,53.64761159489789,0,0,0,1,5,1,0,365,0,0
4917,1,76.5400038766821,1,0,0,0,3,0,0,365,0,1
4918,1,74.52981858719264,1,1,0,0,9,0,0,365,0,0
4919,1,65.9702779202394,0,0,0,1,2,0,0,365,0,0
4920,0,59.31833595723143,1,0,0,1,11,0,0,365,0,0
4921,0,79.80687307250584,0,0,1,1,8,0,0,365,0,0
4922,0,63.57270638038097,1,0,0,0,5,0,0,365,0,1
4923,1,74.76892784378158,0,0,0,0,7,1,0,365,0,0
4924,0,50.91868035803139,0,0,0,0,3,1,0,365,0,0
4925,0,76.82373371833712,0,1,0,0,6,0,0,365,0,1
4926,0,81.75911170027568,1,0,0,0,5,0,0,365,0,0
4927,0,46.959373366477365,1,0,0,0,9,0,0,365,0,0
4928,0,54.62032523021065,0,0,0,0,3,0,0,365,0,0
4929,0,56.65308735475378,1,1,0,0,6,0,0,365,0,0
4930,0,57.54704652972849,1,0,0,0,6,1,0,365,1,1
4931,1,74.96594949805535,0,0,0,1,6,0,0,365,0,0
4932,1,62.4564365850628,0,0,0,0,8,0,0,365,0,1
4933,1,76.20272810695495,0,0,1,0,7,0,0,365,0,1
4934,0,42.462646842317454,0,0,0,0,1,0,0,365,0,0
4935,0,58.323808765605506,0,0,1,0,7,0,0,365,0,0
4936,0,58.50443598413328,1,0,0,0,5,0,0,365,1,0
4937,1,63.50383071645364,0,0,0,0,12,0,0,365,0,0
4938,1,59.790686304682815,0,0,1,0,7,0,0,365,0,0
4939,0,62.48171969612811,0,0,1,1,4,0,0,365,1,0
4940,1,66.3800685801291,1,0,0,0,3,0,0,365,0,0
4941,1,40.0,0,0,0,0,6,1,1,323,0,0
4942,1,93.93972316793942,0,1,1,0,11,1,1,14,0,0
4943,1,52.7742969672124,1,0,0,0,6,0,0,365,0,0
4944,0,72.64304821196282,1,1,0,0,5,0,0,365,0,0
4945,0,57.54045908976085,0,0,0,1,3,0,0,365,0,0
4946,0,66.09480402620002,1,0,0,0,5,1,0,365,0,0
4947,1,77.49558466821499,0,0,1,0,6,1,0,365,0,0
4948,1,58.616097369770465,0,0,1,0,7,0,0,365,0,0
4949,0,73.80470357489718,1,0,0,0,5,0,0,365,0,0
4950,1,58.73922256795051,0,0,0,0,6,0,0,365,0,0
4951,1,67.52167716799144,1,0,0,0,8,0,0,365,0,0
4952,1,58.70399352102949,0,0,0,0,5,0,0,365,0,0
4953,1,66.8498881535596,0,0,0,0,5,0,0,365,0,0
4954,0,51.71880750454129,0,0,0,0,4,0,0,365,0,0
4955,0,62.741418205613115,0,1,0,0,7,0,0,365,0,0
4956,0,58.08705842887092,0,0,0,0,3,1,0,365,0,0
4957,1,67.98390266045797,1,0,0,0,7,0,0,365,0,0
4958,0,65.99577317598913,0,0,1,0,5,0,0,365,0,0
4959,0,67.33080807485648,1,0,0,0,6,1,1,256,0,0
4960,0,78.07602647245203,1,0,0,0,8,0,0,365,0,0
4961,1,75.45894989692525,1,0,0,1,5,0,0,365,1,1
4962,0,57.73738757268191,1,0,0,0,4,0,1,328,0,0
4963,1,64.88260950784012,1,0,0,1,6,0,0,365,0,0
4964,1,75.56772726588721,0,0,1,0,12,1,0,365,0,0
4965,0,62.224436017303546,0,0,0,0,4,0,0,365,0,0
4966,1,64.7193655438707,0,1,0,0,14,0,0,365,0,0
4967,0,61.430080756454835,1,0,0,0,6,0,0,365,0,0
4968,0,71.32611100119098,0,0,1,0,3,0,0,365,1,0
4969,1,63.32572399240503,1,0,0,0,8,0,0,365,0,0
4970,1,53.87666907157411,1,0,0,0,10,0,0,365,0,0
4971,0,61.35663128360113,1,0,0,0,5,0,0,365,0,0
4972,0,55.77062516601917,1,0,0,0,10,1,0,365,0,0
4973,0,58.33192776729747,1,0,0,0,9,0,0,365,0,0
4974,0,47.70860539592863,1,0,0,1,7,0,1,64,0,0
4975,1,55.133712740297355,1,0,0,0,8,0,0,365,1,0
4976,0,59.20000374767342,1,0,0,1,11,0,1,92,0,0
4977,1,73.23487792170995,0,0,0,0,6,1,0,365,0,0
4978,0,80.37300397479703,1,0,0,0,1,1,0,365,1,1
4979,1,72.71965025692677,1,0,1,0,6,0,0,365,0,0
4980,0,64.72370681877864,1,0,0,0,2,0,0,365,0,0
4981,1,83.34839344794588,1,0,0,1,7,0,0,365,0,1
4982,1,73.62814010620598,0,1,0,0,6,1,0,365,0,1
4983,1,74.97220090125366,0,0,0,0,3,0,0,365,0,0
4984,0,74.0445491841319,1,1,0,0,4,0,0,365,0,0
4985,0,57.56260839294454,0,0,0,0,4,1,0,365,0,0
4986,0,69.15274583833097,0,0,0,0,9,1,0,365,0,0
4987,1,65.10640567084864,1,0,0,1,10,1,0,365,0,0
4988,1,78.36795880453315,1,0,0,0,6,0,0,365,0,0
4989,0,60.586879212199435,1,0,0,0,8,1,0,365,0,0
4990,1,73.58746453759711,0,0,0,0,5,0,0,365,0,0
4991,0,48.44024316513827,0,0,0,0,4,1,0,365,0,0
4992,0,66.41496276769335,0,0,0,0,4,0,0,365,0,0
4993,0,70.18662846139095,1,0,0,0,5,0,0,365,0,0
4994,0,75.49304807950756,0,0,0,0,6,1,0,365,0,0
4995,1,67.46208062374929,0,1,1,1,11,0,1,81,0,0
4996,1,45.77807151533023,1,0,0,1,2,1,0,365,0,0
4997,1,67.4681968033094,0,0,0,0,6,0,0,365,0,0
4998,0,67.72204736107776,1,0,0,0,4,0,0,365,0,0
4999,0,67.65314603060693,0,0,0,1,5,0,0,365,0,0
5000,1,74.14861388074429,0,0,0,0,5,0,0,365,0,1
5001,0,74.54040167644504,1,1,0,0,9,0,0,365,0,0
5002,0,61.25299742620309,1,0,0,0,3,1,0,365,0,0
5003,1,64.61428567335972,0,0,0,0,3,0,0,365,0,0
5004,0,65.07197388413364,1,0,0,1,4,1,0,365,0,0
5005,1,54.652993433318706,0,0,0,1,4,1,0,365,0,0
5006,1,73.23743503769775,1,0,0,0,5,0,0,365,0,1
5007,1,73.76699225451677,0,0,1,0,11,1,1,140,0,0
5008,0,58.51697601939097,1,0,0,0,5,0,1,146,0,0
5009,0,75.20952233597843,0,0,0,0,15,1,0,365,0,0
5010,1,68.08876887640233,1,0,1,0,6,1,0,365,1,1
5011,1,68.4601624790765,0,0,0,0,5,1,0,365,1,0
5012,1,81.84926910205115,1,0,0,0,6,0,0,365,0,0
5013,0,68.25038184449453,1,0,0,0,4,0,0,365,0,1
5014,0,58.05905592041709,1,0,0,0,3,1,0,365,0,0
5015,0,76.10748098087154,1,0,0,1,8,0,1,252,0,0
5016,0,58.01472039146553,0,0,0,0,9,0,0,365,0,0
5017,0,69.58513371652599,1,0,1,0,8,1,0,365,0,0
5018,0,70.61308009582866,1,0,0,0,6,0,0,365,0,0
5019,0,68.10013798948098,0,0,0,0,8,1,0,365,0,0
5020,1,73.13930661937789,1,0,0,0,5,0,0,365,0,0
5021,0,75.0834438788909,1,0,0,0,7,0,0,365,0,0
5022,0,75.91801709542888,0,0,0,0,7,0,0,365,0,0
5023,1,76.36558137270637,1,0,0,1,7,0,0,365,0,1
5024,0,58.640135185033856,1,0,0,1,2,0,0,365,0,0
5025,1,62.25499145028395,1,0,0,0,6,1,0,365,0,0
5026,1,64.4451268026948,1,0,0,0,3,0,0,365,0,0
5027,0,73.97834933720723,1,0,1,0,6,0,0,365,0,0
5028,0,51.53057474007437,0,0,0,0,4,0,0,365,1,1
5029,1,61.84758047667742,1,1,0,0,7,1,0,365,0,0
5030,1,81.04743878232792,1,0,0,0,8,0,0,365,0,0
5031,1,58.41566291438278,0,0,0,0,7,1,0,365,0,0
5032,1,82.71553966910523,0,0,1,0,7,1,1,38,0,0
5033,1,55.244448001525896,0,0,0,0,5,0,1,15,0,0
5034,1,51.098575896320256,0,0,0,0,3,0,0,365,0,0
5035,1,64.80062596821782,1,0,0,0,4,0,0,365,0,0
5036,1,69.33697799275791,1,0,1,1,7,0,0,365,1,0
5037,1,78.91077945446366,0,0,0,0,7,0,0,365,0,1
5038,0,79.95179935865072,1,0,0,0,8,0,0,365,0,0
5039,0,70.40777491117036,0,0,0,1,8,0,1,157,0,0
5040,0,40.261542394270464,1,0,0,0,1,0,0,365,0,0
5041,0,58.76319329929797,0,0,0,0,6,1,1,67,0,0
5042,1,55.56621903668352,1,0,1,1,8,0,0,365,0,0
5043,1,64.65609543687395,0,0,0,1,9,0,0,365,0,0
5044,1,64.24260753080577,1,0,0,0,2,0,0,365,0,0
5045,0,70.70587372093675,1,0,0,0,6,0,0,365,0,0
5046,0,77.71304388727722,0,0,0,0,9,0,0,365,0,0
5047,0,66.69255958213347,0,0,0,1,7,0,0,365,0,0
5048,0,47.71431968502934,1,1,0,0,7,1,0,365,0,0
5049,1,58.657108041540425,1,0,0,0,7,0,0,365,0,0
5050,1,60.75913188615361,1,0,0,0,6,1,0,365,0,0
5051,0,41.364155640231104,0,0,0,0,4,0,0,365,0,0
5052,0,77.02947561396695,1,0,0,0,5,0,0,365,0,0
5053,0,65.32477467998059,0,0,0,0,4,1,0,365,0,0
5054,1,61.87350112311871,0,0,1,0,3,0,0,365,0,1
5055,1,62.96835688060613,0,0,0,0,6,0,0,365,0,1
5056,0,68.91882428079757,0,0,0,0,8,0,0,365,0,0
5057,0,62.67072266227592,1,0,0,0,7,0,0,365,0,0
5058,0,64.31219657137821,0,0,0,0,4,0,0,365,1,0
5059,1,60.63348374033239,1,0,0,0,5,0,0,365,0,0
5060,0,68.9245537996778,0,0,0,0,3,0,0,365,0,0
5061,1,79.14466540005762,1,0,0,0,3,0,0,365,0,0
5062,0,54.00147465891752,1,0,0,0,9,0,0,365,0,0
5063,0,53.514431381503485,1,0,0,1,7,0,0,365,0,0
5064,0,73.02200610462636,1,0,0,0,4,0,0,365,0,0
5065,0,61.83673024369893,1,0,0,0,5,1,0,365,0,0
5066,1,65.21402157926927,0,0,1,0,11,1,1,176,0,1
5067,0,72.23448720603797,0,0,0,0,7,0,0,365,0,0
5068,0,57.29449689058916,0,0,0,0,5,0,0,365,0,0
5069,1,60.83783185086905,0,0,0,0,3,0,0,365,0,0
5070,0,57.5940180112205,1,0,0,1,6,0,0,365,0,0
5071,0,61.804411240414844,0,0,0,1,2,0,0,365,0,0
5072,0,58.92214831649683,0,0,0,0,2,1,0,365,0,0
5073,0,57.34285794515179,0,0,0,0,3,0,0,365,0,0
5074,0,65.72951092702736,1,1,1,1,5,0,0,365,0,0
5075,0,58.89235187570077,1,0,0,0,7,0,0,365,0,0
5076,0,65.26214811658815,1,0,0,0,13,0,0,365,0,0
5077,0,70.84897338473553,1,0,0,0,5,0,1,361,0,0
5078,1,67.54157182471214,0,0,0,1,7,0,0,365,0,0
5079,0,42.42263849176136,1,0,0,0,5,0,0,365,0,0
5080,1,66.70759459223409,0,0,0,0,11,0,1,233,0,0
5081,0,69.17991089979547,1,0,0,0,0,0,0,365,0,1
5082,0,62.26618352773025,1,0,0,0,5,0,0,365,0,0
5083,0,61.598128247662856,1,0,0,1,4,0,1,105,0,0
5084,0,59.8260794853246,1,0,0,1,4,0,0,365,0,0
5085,1,50.585113628478425,1,1,0,1,7,0,0,365,0,0
5086,1,70.20067336057204,1,0,0,0,6,0,0,365,0,0
5087,1,88.19812893697201,0,0,0,1,10,0,0,365,0,0
5088,1,71.92579648549672,1,0,0,0,3,0,0,365,0,0
5089,0,59.54961593511494,1,0,0,0,3,0,0,365,0,0
5090,0,60.445054635451605,0,0,0,0,6,0,0,365,0,0
5091,0,46.5608220352479,0,0,0,0,1,1,0,365,0,0
5092,0,55.95169453220507,1,0,0,1,4,0,0,365,0,0
5093,1,47.46173381066133,0,0,0,0,7,1,0,365,0,0
5094,1,84.83763566493445,0,0,0,0,7,0,0,365,0,1
5095,1,63.160707331766986,0,0,0,0,9,1,0,365,0,0
5096,1,65.5900708189322,1,0,0,0,8,0,0,365,0,0
5097,0,61.76317491566754,0,0,0,0,12,0,1,57,1,0
5098,0,71.87138984297532,1,0,0,0,5,0,0,365,0,0
5099,0,66.24107588966582,0,0,0,0,3,0,0,365,0,0
5100,1,61.78526797778644,1,0,0,0,3,0,0,365,0,0
5101,0,74.32958304367844,1,0,0,0,3,1,0,365,0,0
5102,0,71.18819491442311,0,0,0,0,10,0,0,365,0,0
5103,0,82.09125522282984,0,0,0,1,6,0,0,365,0,0
5104,0,54.89528522908363,0,1,0,0,5,1,0,365,0,0
5105,0,59.307495957176066,1,1,0,1,6,0,1,74,1,1
5106,1,79.8144475811508,0,0,1,0,6,0,1,294,0,0
5107,1,49.88765878281751,1,0,0,0,10,1,0,365,0,0
5108,1,56.31508777438098,1,0,0,0,7,1,0,365,0,0
5109,1,66.69390603394514,1,1,0,0,9,0,0,365,0,1
5110,1,90.5788468039045,0,1,0,0,11,1,1,6,0,1
5111,0,63.20684571289587,0,0,0,1,2,0,1,22,0,1
5112,0,54.22328472506655,1,0,0,0,6,0,0,365,0,0
5113,1,68.4114823162936,1,0,0,0,4,0,0,365,0,0
5114,0,40.44006087209044,1,0,0,1,2,0,0,365,0,0
5115,1,80.93097650267107,1,0,0,1,9,1,0,365,0,0
5116,0,68.38111145099423,1,0,0,0,6,0,0,365,0,0
5117,0,73.42241319006654,0,0,1,0,11,0,0,365,0,0
5118,0,70.46041153552139,1,0,1,0,7,0,0,365,0,0
5119,0,57.90791208373529,0,0,0,0,6,1,0,365,0,0
5120,0,67.65912731179655,0,0,0,0,8,0,0,365,0,0
5121,0,49.465344813248336,1,0,0,0,5,1,0,365,0,0
5122,1,64.97117752910265,1,0,0,0,3,0,1,300,0,0
5123,1,69.23431606931986,1,0,1,0,8,1,0,365,0,0
5124,0,62.56490033267759,1,0,0,0,7,0,0,365,0,0
5125,0,69.56924064431831,1,0,1,0,11,0,0,365,0,0
5126,1,63.90752598510632,1,0,1,0,6,0,1,261,0,0
5127,1,54.87913110378765,1,0,0,1,4,0,0,365,0,0
5128,1,95.0,0,1,1,1,18,0,1,84,1,1
5129,1,85.49813460337249,0,0,0,0,7,0,0,365,0,1
5130,0,66.02218834152977,0,0,0,0,3,1,1,23,0,0
5131,0,81.61174077218864,0,0,0,0,5,1,0,365,0,0
5132,1,73.9084884992105,1,0,0,0,10,0,0,365,0,0
5133,0,58.912365321457116,0,0,0,0,5,0,0,365,0,0
5134,0,63.166237919247315,0,0,0,0,4,1,0,365,0,0
5135,1,70.92056197844386,0,0,0,0,6,0,0,365,0,0
5136,0,62.92320664519155,1,0,0,0,6,1,0,365,0,0
5137,0,47.49595307116523,1,0,0,0,4,0,0,365,0,0
5138,1,51.61720073840283,0,0,0,1,5,0,0,365,0,0
5139,0,69.88817521284781,0,0,0,0,6,1,0,365,0,0
5140,1,72.31967940790972,1,0,0,0,8,0,1,184,0,0
5141,1,52.479786618561704,1,0,1,0,4,1,1,205,0,0
5142,0,70.57863042159663,1,0,0,0,9,0,0,365,0,0
5143,0,61.31740608359501,1,0,0,0,4,1,0,365,0,0
5144,0,73.12849597283369,1,0,1,0,9,0,0,365,0,0
5145,1,60.48251533823033,0,0,0,0,3,0,0,365,0,0
5146,1,79.04015851251276,1,0,0,0,5,0,0,365,1,1
5147,0,64.7692825614663,0,0,0,1,4,0,0,365,0,0
5148,1,54.581476639566894,0,0,0,0,2,0,0,365,0,0
5149,0,62.155189636248565,1,0,0,0,3,0,0,365,0,0
5150,1,61.92060735233717,0,0,0,0,5,1,0,365,0,0
5151,0,64.87853005839297,0,0,0,0,3,0,0,365,0,0
5152,0,68.30305656828605,0,0,0,0,7,1,0,365,0,0
5153,0,47.57601288480805,1,0,0,1,6,0,0,365,0,0
5154,1,62.36191764123183,1,0,0,0,6,0,0,365,0,0
5155,1,70.37445182197128,1,0,0,1,6,0,0,365,0,0
5156,1,84.20092295011254,0,0,1,0,10,0,0,365,0,1
5157,0,40.44984754353173,0,0,0,0,7,1,0,365,0,0
5158,0,51.174075407893255,0,0,0,1,1,0,0,365,0,0
5159,1,67.5744851020795,1,1,0,0,9,0,0,365,0,0
5160,1,69.76406250674317,1,0,0,0,11,1,0,365,0,0
5161,0,79.12976182938593,1,0,0,0,10,0,0,365,0,1
5162,0,61.51485586211815,0,0,0,0,6,1,0,365,0,0
5163,0,76.68659800488433,1,0,0,0,7,1,1,63,0,0
5164,0,58.557695938381414,1,0,0,1,6,1,0,365,0,0
5165,1,70.04211931644069,1,0,0,0,10,0,0,365,0,0
5166,1,64.40691907176009,0,0,1,1,6,0,0,365,0,0
5167,1,62.088814238113265,0,1,0,1,7,0,1,264,0,0
5168,1,88.58415203894077,0,0,0,0,7,0,0,365,1,0
5169,1,54.879251466317555,0,0,0,1,5,1,0,365,0,1
5170,0,73.78854429484953,0,0,0,1,2,0,0,365,0,0
5171,0,40.11510265746027,0,0,0,0,2,0,0,365,0,0
5172,0,71.17589327467974,1,0,0,0,5,1,1,358,0,0
5173,0,83.20050403135707,1,0,0,0,4,0,1,204,0,0
5174,0,66.69662774382851,0,0,0,0,6,0,0,365,0,0
5175,0,60.561145401963586,1,0,0,0,4,0,0,365,0,0
5176,1,68.94594876631307,0,1,0,1,5,1,0,365,1,0
5177,0,73.16935278421559,0,0,0,0,10,0,0,365,0,0
5178,1,82.8470216200181,1,0,0,0,7,0,0,365,0,0
5179,1,85.17872138623744,1,0,1,0,9,0,0,365,0,0
5180,0,63.54384997862788,1,0,0,0,5,1,0,365,0,0
5181,1,51.33324333850452,1,0,0,0,4,0,0,365,0,0
5182,0,63.74384558214622,1,0,0,0,4,0,0,365,0,0
5183,0,58.50144288765141,1,0,0,1,3,0,0,365,0,0
5184,0,60.09018369979534,0,0,0,1,2,0,0,365,0,0
5185,1,82.64118661584997,0,0,0,0,6,0,1,78,0,0
5186,0,44.923043023028924,1,0,0,0,7,0,0,365,0,0
5187,0,85.28011885424493,0,1,1,1,9,0,1,329,0,0
5188,0,60.570908737363595,1,0,0,0,7,0,0,365,0,0
5189,1,62.893303189720356,0,0,0,0,2,0,0,365,0,0
5190,0,84.31113244395715,0,0,0,0,3,0,0,365,1,1
5191,1,74.2007013172579,0,1,0,1,9,0,0,365,1,0
5192,1,45.63248666241182,0,0,0,0,3,1,0,365,0,0
5193,1,65.20224051473042,1,0,0,0,8,1,1,81,0,0
5194,0,71.65005547971053,0,0,0,0,9,0,0,365,0,0
5195,0,63.72342285929657,0,1,0,1,8,0,1,160,0,1
5196,0,69.70325791249817,1,0,0,0,6,1,0,365,0,0
5197,0,71.38132571633126,1,0,0,0,6,0,0,365,0,1
5198,0,66.80172870217659,1,0,0,0,4,1,0,365,0,1
5199,1,81.00287861470342,0,0,0,0,7,1,0,365,0,0
5200,0,64.41104341536875,0,0,0,0,6,0,0,365,0,0
5201,0,71.20958660536641,0,0,0,1,1,0,0,365,0,0
5202,1,72.76264700966674,0,0,0,0,4,1,0,365,0,0
5203,0,73.96597527829456,0,0,0,1,4,0,0,365,0,1
5204,0,72.06791574164828,0,0,0,0,6,0,0,365,0,1
5205,0,57.67688508516254,1,0,0,0,5,0,0,365,0,0
5206,1,61.38051044448648,1,1,1,0,12,0,0,365,0,0
5207,0,55.770839722538724,1,0,0,1,5,1,0,365,0,0
5208,0,72.47803441061657,0,0,0,1,12,1,0,365,0,0
5209,1,86.42050812360509,1,1,1,1,11,0,1,37,0,0
5210,1,60.81998687252486,0,0,0,1,7,0,0,365,0,0
5211,1,62.685676416860304,0,0,0,0,5,0,0,365,0,0
5212,0,59.470420755575894,1,0,0,0,4,1,0,365,0,0
5213,0,57.402141946049824,0,0,0,0,9,1,0,365,0,0
5214,0,49.30444503532276,0,0,0,0,2,0,0,365,0,0
5215,1,65.60865768913823,0,0,0,0,9,0,0,365,0,0
5216,0,58.47262735942256,1,0,0,1,2,1,0,365,0,0
5217,0,45.05763448020885,1,1,0,0,1,1,0,365,0,0
5218,1,80.447710919858,0,0,0,0,5,0,0,365,0,0
5219,0,61.62861396998526,1,1,0,0,5,0,0,365,0,0
5220,0,61.573200740817164,1,0,0,1,3,0,0,365,0,0
5221,1,53.99855239662899,0,0,0,0,6,0,0,365,0,1
5222,0,66.90498130301648,0,0,0,0,5,0,0,365,0,0
5223,0,68.18324334563762,0,0,0,0,3,0,0,365,0,0
5224,1,73.10222095618164,0,0,1,0,7,0,0,365,0,1
5225,0,74.94143473254978,1,0,0,0,1,0,0,365,0,0
5226,0,77.67745011347557,1,0,1,0,8,0,0,365,0,0
5227,0,61.46158444713049,0,0,0,0,3,1,0,365,1,0
5228,0,69.18551840384157,0,0,0,1,1,0,0,365,0,0
5229,1,74.12580631380767,1,0,0,0,8,1,0,365,0,0
5230,0,71.83794857101392,1,0,0,0,4,0,0,365,0,0
5231,1,63.754523752725554,1,0,0,0,7,1,0,365,0,0
5232,0,69.00386616493753,1,0,0,0,6,0,0,365,0,1
5233,0,67.5089517699836,1,0,0,0,6,0,1,86,0,0
5234,0,68.2674078582871,0,0,0,0,7,0,1,56,0,0
5235,0,66.32269578352819,0,1,0,0,9,0,0,365,0,0
5236,0,53.11531283911158,1,0,0,0,4,0,0,365,0,0
5237,0,90.81947730727452,0,0,0,0,8,0,0,365,0,1
5238,1,63.13905966623678,0,0,1,1,5,0,0,365,0,0
5239,0,63.698031017288464,1,0,0,0,8,1,0,365,0,0
5240,0,61.56244403893228,1,0,0,1,2,1,0,365,0,0
5241,0,63.37015521211699,1,0,0,0,5,1,0,365,0,0
5242,0,67.83339482599996,0,0,0,0,7,1,0,365,0,0
5243,0,72.35542811810589,0,0,0,0,3,1,1,258,0,0
5244,0,67.57146137349677,1,0,0,1,5,0,0,365,0,0
5245,0,61.1498820623025,0,1,0,1,2,0,0,365,0,0
5246,0,73.77699825360773,0,0,0,0,9,0,0,365,0,0
5247,0,49.61769171722839,1,0,0,0,8,0,1,25,0,0
5248,1,52.71511173335313,1,0,0,0,1,0,0,365,0,0
5249,0,65.97772645936713,0,0,0,0,4,0,0,365,0,0
5250,0,66.00060392314228,1,0,1,1,8,0,0,365,0,0
5251,1,46.63381074343815,0,0,1,0,4,0,0,365,0,0
5252,1,62.487578070637184,1,0,0,0,5,1,0,365,0,0
5253,0,69.01203712544604,0,0,0,1,11,0,0,365,0,0
5254,1,61.57428432525604,0,1,0,0,15,1,0,365,0,0
5255,1,79.73101132044373,0,0,0,0,8,0,0,365,0,0
5256,0,76.44590337514272,1,1,0,0,6,0,0,365,0,0
5257,1,69.07721726610464,0,1,0,1,5,0,0,365,0,1
5258,1,50.505511592953624,0,0,0,0,5,1,0,365,0,0
5259,1,63.57538810558755,0,0,0,0,9,0,0,365,0,0
5260,1,69.24911896394244,0,0,0,0,5,1,0,365,0,0
5261,0,55.53752050768218,0,0,0,0,6,0,0,365,0,0
5262,0,79.28448668535711,0,1,0,0,7,0,0,365,0,0
5263,1,95.0,1,1,0,1,6,1,1,149,0,1
5264,1,62.624119046008225,1,1,0,1,5,0,0,365,1,1
5265,1,82.73380907169235,0,1,0,0,12,0,1,177,0,1
5266,0,64.39119589726897,1,0,1,0,7,1,0,365,0,0
5267,0,76.68953125137062,1,0,0,1,4,0,0,365,0,0
5268,0,57.63029838605531,0,0,0,0,4,1,0,365,0,0
5269,0,60.66867878312935,1,1,0,1,6,0,0,365,0,0
5270,1,68.63462836989589,0,0,0,0,8,1,0,365,0,0
5271,0,57.837983942815455,0,0,0,0,4,0,0,365,0,0
5272,1,63.85978634873073,0,0,0,1,9,0,0,365,0,1
5273,0,61.36757008619268,1,0,1,0,7,0,0,365,0,0
5274,0,40.0,0,0,0,0,5,0,0,365,0,0
5275,0,65.88465247554093,1,0,1,0,6,0,0,365,0,0
5276,1,61.37935425662811,0,0,0,0,3,1,0,365,0,0
5277,0,53.40411866730372,1,0,0,0,6,1,0,365,0,0
5278,1,79.2521098473365,1,0,1,0,14,0,1,13,0,1
5279,0,58.93896367965167,1,0,0,0,5,0,0,365,0,0
5280,0,59.39021738969075,1,0,0,0,3,0,0,365,0,0
5281,0,64.54068091328676,1,0,0,0,6,0,0,365,0,0
5282,0,91.33142562623341,1,0,0,0,9,0,0,365,1,0
5283,0,80.96851406636735,1,0,0,0,10,0,0,365,0,1
5284,0,74.00933170698316,1,0,0,0,6,0,0,365,1,1
5285,0,64.91829094533634,0,0,0,0,6,0,0,365,0,0
5286,0,63.306570628887414,0,0,0,0,6,0,0,365,0,0
5287,1,71.15683344389684,0,0,0,1,5,1,0,365,0,0
5288,0,67.81330608447503,0,0,0,0,4,0,0,365,0,1
5289,1,88.41779094384263,0,0,1,0,14,0,0,365,0,0
5290,0,49.193854960603794,0,0,0,0,6,0,0,365,0,0
5291,1,66.08451274484388,0,0,0,0,4,0,0,365,0,0
5292,0,63.70406253297046,1,0,0,0,2,0,0,365,0,0
5293,1,72.00758470571549,0,0,0,0,4,0,0,365,0,0
5294,0,68.71721830690417,0,0,0,0,9,0,0,365,0,0
5295,0,43.58462867837406,0,0,0,0,3,0,0,365,0,0
5296,0,60.67909070201926,0,0,0,0,9,0,0,365,0,0
5297,0,79.76631745131016,1,0,0,0,4,0,0,365,0,1
5298,0,61.982374501818676,0,0,0,0,8,1,0,365,0,0
5299,0,68.49409593042134,1,1,0,0,5,1,1,61,0,0
5300,1,84.0297235446179,0,0,0,0,6,0,0,365,0,1
5301,0,55.821291677737605,0,0,0,0,7,0,0,365,0,0
5302,0,69.19067933949948,0,0,0,1,6,1,0,365,0,0
5303,0,63.09682290183594,1,0,0,0,7,0,0,365,0,0
5304,0,79.46578210402184,1,0,0,0,11,0,0,365,0,0
5305,1,70.82448693858277,0,0,1,0,16,0,0,365,0,0
5306,1,60.926324856287124,0,1,1,1,9,1,1,49,0,0
5307,0,67.47454702751659,1,0,0,0,7,0,0,365,1,0
5308,1,62.165900589698374,1,0,0,0,10,0,0,365,1,0
5309,1,67.51978744613854,1,0,0,0,6,1,1,105,0,0
5310,0,57.55163108670383,1,0,0,0,3,0,0,365,0,0
5311,0,75.67278072297012,1,0,0,0,7,0,0,365,1,1
5312,0,81.205309018162,0,0,0,0,3,0,0,365,0,1
5313,0,62.985540148466555,1,0,0,1,7,0,0,365,1,0
5314,0,55.904168079954815,0,0,0,0,3,1,0,365,0,0
5315,1,48.91046558464192,1,0,0,0,5,0,0,365,0,0
5316,0,60.85887992193054,0,0,0,0,3,0,0,365,0,0
5317,0,84.51976124904006,1,0,0,0,9,1,0,365,0,0
5318,0,75.59537880649856,1,0,0,0,4,0,0,365,0,0
5319,0,65.28834994827861,0,0,1,0,13,0,0,365,0,0
5320,0,67.59909951794624,1,0,0,0,6,0,1,320,0,0
5321,0,40.62937196649681,1,0,0,0,9,0,0,365,0,0
5322,0,70.3202404480861,0,0,0,0,3,1,0,365,0,0
5323,1,62.38866567166473,0,0,0,0,5,0,0,365,0,0
5324,1,82.07913206531052,1,1,1,0,11,0,0,365,0,0
5325,1,73.02353505757094,1,0,1,1,8,1,1,43,0,0
5326,0,68.70763680749242,0,0,0,0,4,1,0,365,0,1
5327,1,76.45507708742184,0,0,0,0,8,1,0,365,0,0
5328,1,95.0,0,1,1,0,9,0,1,357,1,1
5329,1,79.09688213758659,1,0,0,0,5,0,0,365,1,0
5330,1,68.17410005022039,1,0,0,0,8,0,0,365,1,0
5331,1,61.58348136704706,0,1,0,0,8,0,0,365,0,0
5332,0,81.99418109711861,1,0,1,0,11,0,0,365,0,0
5333,1,71.12379842267701,0,0,1,0,5,0,0,365,0,0
5334,1,53.274184584988554,1,1,0,1,5,0,0,365,0,0
5335,0,64.85989987995863,1,0,0,0,6,0,0,365,0,0
5336,1,74.96127746042903,0,0,0,0,7,0,0,365,0,0
5337,0,59.76328281998975,1,0,0,0,10,0,0,365,0,1
5338,1,72.99565964461922,1,0,0,0,4,1,0,365,0,0
5339,0,64.6682391182665,0,0,0,0,5,0,0,365,0,0
5340,0,75.93626284430317,0,0,0,0,4,1,0,365,0,0
5341,0,60.9334163620805,0,0,0,0,6,0,0,365,0,0
5342,0,56.68401572296397,1,0,0,0,4,0,0,365,0,0
5343,0,82.51427984039125,0,0,0,0,8,0,0,365,1,1
5344,0,58.04092885232781,1,0,0,1,2,0,0,365,0,0
5345,0,66.99105866058323,1,0,0,0,11,0,0,365,0,0
5346,0,77.44726518146845,0,0,0,0,9,0,0,365,0,0
5347,1,57.87259942691185,0,0,0,0,7,0,0,365,0,1
5348,0,60.45359254707398,1,0,0,0,4,0,0,365,0,0
5349,0,59.06167611437944,1,0,0,0,3,0,0,365,0,0
5350,0,70.08299659217793,1,0,0,0,7,0,0,365,0,0
5351,0,71.20665182009941,0,0,0,0,7,0,0,365,1,0
5352,0,79.12252764532944,1,0,0,0,5,0,0,365,0,1
5353,0,71.4956215828965,1,0,0,0,7,0,1,11,0,0
5354,0,74.94499852366145,0,0,0,0,7,0,1,137,0,0
5355,0,52.66517153521703,1,0,0,1,2,0,0,365,0,0
5356,0,82.47973276203453,1,0,0,0,4,1,1,56,0,0
5357,1,54.23283099394366,1,1,0,1,6,1,0,365,0,0
5358,1,55.674633095125216,1,0,0,0,4,0,0,365,0,1
5359,0,63.21192340177896,0,0,0,0,3,0,0,365,0,0
5360,0,55.03324370421767,0,0,0,0,3,1,0,365,0,0
5361,0,65.79651366099449,1,0,0,0,9,0,0,365,0,0
5362,1,71.56034148417798,0,1,1,0,9,1,0,365,0,0
5363,1,56.74864109877332,1,0,1,0,7,1,1,158,0,0
5364,1,94.43311736957062,0,0,0,0,6,1,0,365,1,1
5365,1,71.41200372738496,0,0,0,0,5,0,0,365,0,1
5366,1,62.96207731312613,0,0,0,0,5,0,0,365,0,1
5367,0,55.609161135331945,1,0,0,0,9,0,0,365,0,0
5368,0,64.07938841187769,0,0,0,0,8,1,0,365,0,0
5369,0,51.55115832232326,0,0,0,1,6,0,0,365,0,1
5370,1,72.09007659717665,1,0,0,0,6,0,0,365,0,0
5371,0,60.92004683066013,0,0,0,0,2,0,0,365,0,0
5372,0,49.85214436320431,0,0,0,1,8,0,0,365,0,0
5373,0,76.90891459470073,1,0,0,0,9,0,0,365,0,0
5374,1,74.55642568097305,1,0,0,1,0,0,1,271,0,1
5375,1,76.8857734564961,0,0,0,0,6,0,0,365,0,1
5376,0,70.13180886995863,0,1,0,0,3,1,0,365,0,0
5377,1,62.07055718011,1,0,0,0,5,0,0,365,0,0
5378,0,53.68950935257481,1,0,0,0,7,1,0,365,0,0
5379,0,57.56832687188526,1,0,0,0,5,0,0,365,0,0
5380,0,49.973249171740264,1,0,0,1,6,0,0,365,0,0
5381,1,64.66718529147545,0,0,0,0,6,0,0,365,0,1
5382,0,68.91716144235035,1,0,0,0,4,0,0,365,0,0
5383,1,83.45913616786576,0,0,0,0,4,1,0,365,0,1
5384,1,63.40014552381963,0,0,0,0,3,1,0,365,0,0
5385,0,59.31138141166672,0,0,0,0,5,0,0,365,0,0
5386,1,65.32118009989551,0,0,0,0,2,1,0,365,0,1
5387,1,81.58519115883898,0,0,0,0,6,1,0,365,0,1
5388,0,73.92246069132734,1,0,0,0,6,0,0,365,0,0
5389,0,65.12215442382757,1,0,0,0,2,0,0,365,0,0
5390,0,73.40933849905538,1,0,0,0,3,0,0,365,0,0
5391,1,63.95649634262363,1,0,1,1,8,0,0,365,0,0
5392,1,91.90629285720992,0,0,1,0,9,0,0,365,0,0
5393,0,52.27823532627373,0,0,0,1,6,0,0,365,0,0
5394,0,55.05068710222913,1,0,0,0,5,0,0,365,0,0
5395,0,66.24372641996833,0,1,0,0,7,0,0,365,0,0
5396,0,66.78471886532286,1,0,0,0,8,0,0,365,0,0
5397,0,71.12403916196146,1,0,0,0,5,0,0,365,0,0
5398,0,65.0966038877806,0,0,1,1,6,1,0,365,0,0
5399,1,75.6100395926241,0,1,0,0,7,0,0,365,0,1
5400,0,66.47726699628727,0,0,0,0,7,0,0,365,0,0
5401,0,71.33782672411567,0,0,0,1,8,1,0,365,0,0
5402,0,47.32024697677131,1,0,0,0,3,0,0,365,0,0
5403,1,65.62112477711624,0,0,1,0,8,0,0,365,0,0
5404,1,76.13039873492475,1,0,0,0,6,0,0,365,0,1
5405,0,43.90147804584463,1,0,0,0,3,0,0,365,0,0
5406,0,71.94252608096008,0,0,0,0,5,0,0,365,0,0
5407,1,60.02168520520263,0,0,0,0,8,1,0,365,0,1
5408,1,65.94867441387699,1,0,0,0,3,0,0,365,0,0
5409,0,55.89722265917268,0,0,0,0,4,0,0,365,0,0
5410,1,61.51943766118939,0,0,0,1,4,1,0,365,0,0
5411,0,60.79228705476488,0,0,0,0,3,1,0,365,0,0
5412,1,54.09419664317628,0,0,0,1,9,0,0,365,1,0
5413,1,71.61923229225738,1,0,0,0,6,0,0,365,0,0
5414,0,77.45183746817253,1,1,0,0,3,1,0,365,0,0
5415,1,75.64711649347016,0,0,0,1,7,0,1,299,0,0
5416,1,75.33866965103829,1,0,1,0,6,0,0,365,0,0
5417,1,68.07331370934267,1,0,0,0,11,1,0,365,0,0
5418,0,51.21625700445168,1,0,1,0,4,0,0,365,0,0
5419,1,69.72677349605351,1,0,1,0,7,0,0,365,0,0
5420,0,63.17828549525948,0,0,0,0,10,0,0,365,0,0
5421,1,69.11885247336616,0,0,0,0,6,1,0,365,0,1
5422,0,68.58814558447092,0,0,0,1,5,0,0,365,0,0
5423,0,68.6116891824947,1,0,0,0,9,0,0,365,0,0
5424,1,56.7623741030397,1,0,0,0,4,0,0,365,0,0
5425,1,79.31021333126553,0,0,0,1,13,1,0,365,1,0
5426,0,60.31987152542793,1,0,1,0,8,0,0,365,0,1
5427,0,55.45375124541009,0,0,0,0,3,0,1,360,0,0
5428,0,76.91446469791943,1,0,0,0,1,1,0,365,0,0
5429,0,55.45692824675679,1,0,0,0,5,0,0,365,0,0
5430,0,57.68285460119425,0,0,0,0,8,0,0,365,0,0
5431,0,68.69051009396284,1,0,1,0,6,1,0,365,1,0
5432,0,47.66040580257207,1,0,0,0,7,1,0,365,0,0
5433,0,55.61192973713932,0,0,0,0,5,0,0,365,0,0
5434,0,55.347563869786875,0,0,0,0,9,0,0,365,0,0
5435,0,66.5820632730793,1,0,0,0,8,0,0,365,0,0
5436,1,53.706861398107506,0,0,1,0,8,0,0,365,0,0
5437,0,61.488447276970724,1,0,0,0,8,0,0,365,0,0
5438,1,67.24200690797788,0,1,0,0,6,1,0,365,0,0
5439,1,77.12136721197463,0,1,0,0,8,0,1,213,0,1
5440,0,75.47652706550662,1,0,0,0,5,0,0,365,0,0
5441,0,52.36948558607642,1,0,0,0,1,0,0,365,0,0
5442,1,77.56174015607371,0,0,1,0,8,0,0,365,0,0
5443,0,81.59385924689295,1,0,0,0,9,0,0,365,0,0
5444,0,76.12489477682223,1,0,0,0,9,0,0,365,0,0
5445,1,53.40196357909856,0,0,0,0,3,1,0,365,0,0
5446,0,66.77021675790387,1,0,0,0,8,1,0,365,0,0
5447,1,57.70407932995361,1,0,0,0,5,0,0,365,0,0
5448,1,64.52640375371942,1,0,0,1,3,1,0,365,0,1
5449,0,58.70537339982592,0,0,0,0,5,0,0,365,0,0
5450,0,63.246542951257545,1,0,0,0,9,0,0,365,1,0
5451,1,67.23176670261202,1,0,0,0,7,1,0,365,0,0
5452,0,69.00255050369093,0,0,1,0,3,1,1,25,0,1
5453,1,60.97767062199478,0,0,0,0,3,0,0,365,0,1
5454,1,76.96901443264674,0,1,0,1,6,0,0,365,0,1
5455,0,61.1373256965711,1,0,1,0,7,0,0,365,0,0
5456,0,72.88680724130589,0,0,0,0,6,0,0,365,0,0
5457,1,75.21651704643446,1,0,1,0,6,1,0,365,0,0
5458,0,42.27719108653142,0,0,0,0,5,0,0,365,0,0
5459,0,54.12141575246113,1,0,0,0,8,0,0,365,0,0
5460,0,62.5177719404339,0,0,0,0,4,0,0,365,0,0
5461,1,60.362900845238414,0,1,0,0,7,0,0,365,0,1
5462,0,69.469352933769,0,0,0,0,9,0,0,365,0,0
5463,0,59.512674270190374,0,0,0,0,8,1,0,365,0,0
5464,0,49.80189303951745,1,0,0,0,4,0,0,365,0,0
5465,0,45.895558210930275,1,0,1,0,5,0,0,365,0,0
5466,0,56.233675618495404,0,0,0,1,5,1,0,365,0,0
5467,0,70.14267172866676,0,0,0,0,6,0,0,365,0,0
5468,0,58.201764849980115,1,0,0,0,7,0,0,365,0,0
5469,1,62.13846239870514,0,0,1,0,8,0,0,365,0,0
5470,1,71.61204448768336,1,0,0,0,5,0,0,365,0,1
5471,0,61.28741742542296,1,0,0,0,4,0,0,365,0,0
5472,0,76.59857730861769,1,0,0,0,3,0,0,365,0,0
5473,0,69.82627566621483,0,0,0,0,5,0,0,365,0,0
5474,0,67.091675998597,0,0,0,0,0,0,0,365,0,0
5475,0,67.94635899737311,1,0,0,0,10,0,0,365,0,0
5476,0,71.22015448144211,1,0,0,0,4,0,0,365,0,0
5477,0,74.14375066143626,1,0,1,0,5,1,0,365,0,1
5478,1,65.8256787049268,0,0,0,1,6,0,0,365,0,0
5479,0,70.38958674379256,0,0,0,0,5,0,0,365,0,0
5480,1,59.65175284460232,0,0,0,0,4,1,0,365,0,0
5481,1,68.07581542737776,0,0,0,0,3,0,0,365,0,0
5482,0,63.884754187778505,0,0,0,1,4,0,0,365,0,0
5483,0,61.43290769474194,1,0,0,1,5,0,0,365,0,0
5484,1,72.2877650834056,0,1,1,1,10,0,1,166,0,0
5485,0,52.33517628480444,0,0,0,0,8,0,0,365,0,1
5486,1,80.33847772690856,0,0,0,0,4,0,0,365,0,0
5487,0,55.799614094709185,0,0,0,0,3,0,1,90,0,0
5488,1,76.62626950758792,0,0,0,0,9,1,0,365,1,1
5489,1,59.068438090408414,1,1,0,0,6,0,0,365,0,0
5490,0,68.81310319313214,0,0,0,0,6,0,0,365,0,0
5491,1,64.02027347022872,1,0,0,1,3,1,1,190,0,0
5492,1,66.7553317596791,1,0,0,0,14,0,0,365,0,0
5493,0,56.032396447998146,0,0,1,0,10,0,0,365,0,0
5494,0,63.5691482323186,0,0,0,0,12,1,1,33,0,1
5495,0,72.51160906060933,0,0,0,0,4,1,0,365,0,0
5496,1,59.09812771820757,1,1,0,1,9,0,0,365,0,0
5497,0,79.96136283036451,0,0,0,0,9,0,0,365,0,0
5498,1,70.85964209039233,0,1,0,1,4,0,1,20,1,1
5499,0,54.2771111283282,0,0,0,1,2,0,0,365,0,0
5500,1,57.60400645881319,0,0,0,0,13,0,0,365,0,0
5501,0,50.41146759139808,0,0,0,0,5,0,0,365,0,0
5502,1,59.966792588756306,1,0,0,1,5,1,0,365,0,0
5503,1,51.17098986937883,0,0,0,1,3,0,0,365,0,0
5504,0,49.03748146552657,1,1,0,0,4,0,0,365,0,0
5505,0,77.62797470454758,0,0,0,0,5,0,0,365,0,1
5506,1,66.140748396384,0,0,0,0,7,0,0,365,0,0
5507,1,73.54486567539269,0,0,1,0,11,0,1,1,0,0
5508,0,59.658947478752665,0,0,0,1,8,0,0,365,0,1
5509,0,67.06837142828634,1,0,0,0,6,1,0,365,0,0
5510,0,82.89134676896089,1,0,0,0,6,1,0,365,0,0
5511,1,64.42484847702609,0,0,0,0,4,0,0,365,0,0
5512,0,75.21325005025454,0,0,0,0,3,0,0,365,0,0
5513,0,59.351919799843515,0,0,0,0,4,1,0,365,0,0
5514,1,55.35705823538092,1,0,0,0,7,0,0,365,0,0
5515,0,57.350881333683574,0,0,0,0,4,1,0,365,0,0
5516,1,57.641221562391785,0,0,0,0,3,1,0,365,0,0
5517,1,81.20194421454948,0,0,1,0,7,0,0,365,1,1
5518,1,68.75606001588456,0,0,0,0,7,0,0,365,0,0
5519,1,59.086179450176125,1,0,0,0,2,0,0,365,0,1
5520,0,49.05888455299469,0,0,0,0,5,0,0,365,0,0
5521,1,84.43902683012453,0,0,0,0,10,1,1,149,0,0
5522,1,61.5482690984705,0,0,0,0,3,1,0,365,0,0
5523,1,67.75385946602447,0,0,0,0,8,1,0,365,0,0
5524,0,57.47992461235935,0,0,0,0,5,1,1,355,0,0
5525,0,69.29395522115273,0,0,0,0,5,0,0,365,0,0
5526,1,56.43756159528579,0,0,1,0,8,1,0,365,0,0
5527,0,63.9933080209141,1,0,0,0,8,0,0,365,0,0
5528,0,78.49107556871576,1,0,0,0,2,0,0,365,0,0
5529,0,58.07821950932082,0,0,1,0,7,0,0,365,1,0
5530,1,60.594798570066956,0,0,0,0,8,1,0,365,0,1
5531,1,60.14589173939316,1,0,0,0,6,0,1,81,1,0
5532,1,65.88642376642251,0,0,0,0,12,1,0,365,0,0
5533,1,77.2972576170763,1,0,0,0,6,0,0,365,0,0
5534,0,67.0622099755311,1,0,0,1,5,0,0,365,0,0
5535,0,53.424831091170404,1,0,0,0,3,0,0,365,0,0
5536,0,60.085385905564195,0,0,0,0,8,0,0,365,0,1
5537,0,69.32017590117721,0,0,0,0,6,0,0,365,0,0
5538,0,66.22252036281525,0,0,0,1,7,0,1,39,0,1
5539,0,42.643336794418616,1,0,0,0,6,0,0,365,0,0
5540,1,79.68180823290542,1,0,1,0,4,1,0,365,0,0
5541,1,60.00957536376747,1,0,0,0,4,0,1,102,0,0
5542,1,48.10430729502892,0,0,0,1,7,0,0,365,0,0
5543,0,53.43852864742712,1,0,0,1,9,0,1,234,0,0
5544,0,58.60604924219544,0,0,0,0,7,0,0,365,0,0
5545,1,70.73648479391751,0,0,0,0,6,0,0,365,0,1
5546,0,50.1364820120541,0,0,0,0,2,0,0,365,0,0
5547,0,59.33049298221013,1,0,0,0,4,0,0,365,0,0
5548,0,64.41277671757958,0,0,0,0,10,0,0,365,0,0
5549,0,59.49477618186204,0,0,0,0,5,0,0,365,0,0
5550,0,50.08860585691005,0,0,0,0,0,0,0,365,0,0
5551,1,46.29780801901404,1,0,0,0,9,1,0,365,0,0
5552,0,76.95907790309079,0,0,0,0,4,0,0,365,0,0
5553,0,64.98542214573483,1,0,0,0,4,0,0,365,0,0
5554,1,68.8101589971089,1,0,0,1,3,0,0,365,0,0
5555,0,60.31323561795414,1,0,0,0,6,0,0,365,0,0
5556,1,58.50703688809863,0,0,1,0,8,1,1,58,0,0
5557,0,76.34619886143638,0,0,0,0,8,0,0,365,0,0
5558,0,63.30454554902389,0,0,1,0,4,0,0,365,0,0
5559,0,78.49993142298821,1,1,0,0,6,0,1,305,0,0
5560,0,81.912446222257,0,0,0,0,7,0,0,365,0,0
5561,0,48.5165944721064,1,0,1,0,6,0,0,365,0,0
5562,0,62.823851271557835,1,0,0,0,6,0,0,365,0,0
5563,0,58.914612578904794,0,0,0,0,6,0,0,365,0,0
5564,0,58.957201348179744,0,0,0,1,5,0,0,365,0,0
5565,0,71.02430895629489,0,1,0,0,7,0,0,365,0,0
5566,0,64.58347167408833,1,0,0,0,6,0,0,365,0,0
5567,1,88.58381211166501,1,0,1,0,6,0,0,365,1,0
5568,1,50.972916055821386,0,0,0,0,4,1,0,365,0,0
5569,1,66.34681946127454,0,0,0,0,11,1,0,365,0,0
5570,0,77.60258800593456,0,0,1,0,6,0,0,365,0,0
5571,0,74.86884558042365,0,0,1,0,6,0,0,365,0,0
5572,0,65.59833422485279,1,0,0,1,2,0,0,365,0,0
5573,0,45.51889160717768,1,0,0,0,5,1,0,365,0,0
5574,0,65.9366123037621,1,0,0,0,1,0,0,365,0,1
5575,1,60.700707571473835,0,0,1,0,9,0,0,365,0,0
5576,0,63.069114926843774,1,0,0,0,2,1,0,365,0,1
5577,1,59.12818864136474,0,0,1,1,5,1,0,365,0,0
5578,1,94.24528431018231,1,0,0,0,6,1,0,365,0,1
5579,0,65.3179147315665,1,0,0,0,4,0,0,365,0,0
5580,0,64.64615866026408,0,0,1,0,5,0,0,365,0,0
5581,1,68.93587930317554,0,0,1,0,4,1,1,27,0,0
5582,0,61.55070233039314,1,0,0,0,7,0,0,365,0,0
5583,0,71.62287421287132,1,0,0,1,9,0,1,18,0,0
5584,0,72.79306607383063,1,0,0,0,6,0,0,365,0,0
5585,0,64.06832763019347,1,0,0,1,2,0,0,365,0,0
5586,0,65.04757893454241,0,0,0,1,3,0,0,365,0,0
5587,1,71.38029081330735,1,0,0,1,10,0,0,365,0,0
5588,1,74.94801501247001,1,1,0,0,11,0,0,365,0,0
5589,0,67.5384257287728,0,0,0,0,9,0,0,365,0,0
5590,0,71.53978361311026,0,0,0,0,9,0,0,365,0,0
5591,0,56.50020797890283,0,0,0,0,7,0,0,365,0,0
5592,0,63.159183080040336,1,1,0,1,5,0,1,307,1,1
5593,0,54.673621469219114,1,0,0,0,4,0,0,365,0,0
5594,1,56.433072447532,1,0,0,1,9,0,0,365,0,0
5595,1,63.50739357431135,1,0,1,0,11,0,0,365,0,0
5596,1,63.72902037887913,0,0,1,0,6,0,0,365,0,1
5597,0,64.88152964811961,0,0,0,0,0,0,1,274,0,0
5598,1,85.6233413082652,0,1,0,0,11,0,0,365,0,1
5599,0,40.0,0,0,0,0,4,0,0,365,0,0
5600,1,61.599934171947375,1,0,0,0,6,1,0,365,0,0
5601,1,74.36099725208669,0,0,0,0,4,0,0,365,0,1
5602,0,40.97943823834244,1,0,0,0,0,0,0,365,0,0
5603,0,69.14649951760364,0,0,0,0,13,1,0,365,0,0
5604,0,62.5500157114784,1,0,0,0,3,1,0,365,0,0
5605,0,43.15789080333214,0,0,0,0,2,0,0,365,0,0
5606,0,70.01712377884968,1,0,0,0,5,0,0,365,0,0
5607,0,59.90993036178209,0,0,0,0,6,0,0,365,0,0
5608,0,69.70509795143431,0,0,0,0,7,0,0,365,0,0
5609,0,72.04038819784617,0,0,0,0,10,0,0,365,0,0
5610,1,53.37099958100177,1,0,0,0,6,0,0,365,0,1
5611,0,73.88690486572578,0,0,0,0,3,0,1,314,0,1
5612,0,60.5095184233996,1,0,0,0,5,0,0,365,0,0
5613,0,73.38279646055926,0,0,0,0,5,0,0,365,0,0
5614,0,51.79040411752342,1,0,0,0,1,0,0,365,1,0
5615,0,58.94649909783804,1,0,0,0,5,0,0,365,0,0
5616,0,62.581811725460966,0,0,0,0,5,0,0,365,0,0
5617,0,75.19246425725895,1,0,0,0,5,0,0,365,0,1
5618,1,73.55772894268577,0,0,0,0,7,0,0,365,0,0
5619,0,51.0187728510484,0,0,1,0,8,0,0,365,0,0
5620,0,72.37726001365968,1,0,0,0,4,0,0,365,0,0
5621,0,54.53806252456775,0,0,0,1,3,0,0,365,0,0
5622,0,59.58110802405839,1,0,1,0,9,1,0,365,0,0
5623,0,46.56667692448201,1,0,0,0,1,0,0,365,0,0
5624,1,71.8492361096994,0,0,0,0,7,0,0,365,0,0
5625,0,65.3523173640348,0,0,0,0,4,0,1,202,0,0
5626,0,71.03753396692758,0,0,0,0,7,0,0,365,0,0
5627,0,50.48837941766456,1,0,0,0,6,0,0,365,0,0
5628,1,64.85394595683067,0,0,1,0,8,0,0,365,0,0
5629,1,81.23316573601774,0,1,1,1,11,0,1,3,0,1
5630,0,69.31851771026854,0,0,0,0,8,0,0,365,0,0
5631,0,63.50899832404398,0,0,0,0,3,0,0,365,0,0
5632,1,69.66704571361878,1,0,0,0,5,1,0,365,0,0
5633,0,72.05644575946,1,0,0,0,3,0,0,365,0,0
5634,0,67.70581183092811,0,0,0,0,4,0,0,365,0,0
5635,0,59.82157436533449,1,0,0,0,8,0,0,365,0,0
5636,1,86.00972016413861,0,1,0,0,9,0,0,365,0,1
5637,0,70.56795334572068,0,0,0,0,7,0,0,365,0,0
5638,0,54.18588679870935,0,0,0,0,8,0,0,365,0,0
5639,1,55.5700728239506,0,0,1,1,6,0,0,365,0,0
5640,0,69.52872986370309,1,0,0,0,8,0,0,365,0,0
5641,1,69.27067421042334,0,0,1,0,4,0,0,365,0,0
5642,0,87.39910693885119,0,0,0,0,5,0,0,365,0,1
5643,1,74.17809248356748,1,1,0,0,5,0,0,365,0,0
5644,1,77.87926699927685,1,0,0,0,11,1,1,35,0,0
5645,0,73.3374663479201,0,0,0,0,7,0,0,365,0,0
5646,1,82.63715912097403,0,0,0,0,3,0,0,365,0,0
5647,0,59.33231856508743,1,0,1,0,5,1,0,365,0,0
5648,1,71.4291459477295,0,1,0,0,10,0,1,222,0,1
5649,1,62.846963803475454,1,1,1,0,8,0,0,365,0,0
5650,0,63.3314959666027,0,0,0,0,4,1,0,365,0,0
5651,0,81.99119756193579,1,1,0,0,5,1,1,321,0,1
5652,0,59.06777779910683,0,0,0,0,6,0,0,365,0,1
5653,1,54.10574462491915,0,0,0,0,5,0,0,365,0,0
5654,1,67.29254894219633,1,0,0,0,4,0,0,365,0,1
5655,0,65.18467760242316,1,0,0,0,3,0,0,365,0,0
5656,0,48.80809143618437,1,0,0,0,7,0,0,365,0,0
5657,0,46.25302244043476,1,0,0,1,2,0,0,365,0,0
5658,0,71.07731992347306,1,0,0,0,5,1,0,365,0,0
5659,1,71.92452852396377,0,0,0,0,6,0,0,365,0,0
5660,1,64.07127701324484,0,1,1,0,8,0,0,365,1,0
5661,1,69.62261974736975,0,0,1,0,4,0,0,365,0,1
5662,0,73.02699141216134,0,0,0,0,3,1,1,23,0,0
5663,1,64.61455292440625,1,0,0,1,5,1,0,365,0,0
5664,0,65.1746752005133,0,0,0,0,3,1,1,293,0,0
5665,1,65.54514214881291,1,0,0,1,7,1,0,365,0,0
5666,1,66.95181122857184,1,0,1,0,6,1,0,365,0,0
5667,1,54.31850062912689,1,0,0,0,3,0,0,365,0,0
5668,1,57.77622879154235,0,0,1,0,7,0,1,260,0,1
5669,0,66.42814909451778,1,0,1,0,5,1,0,365,0,0
5670,0,65.31262251356534,0,0,0,0,4,0,0,365,0,0
5671,1,53.926701430019186,0,0,0,0,5,1,1,9,0,1
5672,1,62.55782027665009,0,0,0,0,5,0,0,365,1,0
5673,0,63.6511820361012,1,0,0,0,5,0,0,365,0,0
5674,0,69.32074465165735,0,0,0,0,4,0,0,365,0,0
5675,1,60.49693511622315,1,1,0,1,5,1,0,365,0,1
5676,1,71.0857870443252,1,0,0,1,8,0,0,365,0,0
5677,1,82.81590276328697,1,0,0,0,13,1,0,365,1,0
5678,1,72.37083958035232,0,0,0,0,3,0,0,365,0,0
5679,1,74.92852541625919,0,0,0,0,7,1,1,271,0,1
5680,1,70.77166803176426,1,0,0,0,5,0,1,125,0,0
5681,1,77.82217065720309,0,0,0,0,5,0,0,365,0,0
5682,0,55.678044355441514,1,0,0,0,6,0,0,365,0,0
5683,1,80.83135327494699,1,0,1,0,11,0,0,365,0,0
5684,0,69.19739162508017,1,0,0,0,7,0,0,365,0,0
5685,0,76.27692185730801,0,0,0,0,2,0,0,365,0,0
5686,0,64.72408719042406,0,0,1,0,9,0,0,365,0,0
5687,1,66.70108665961918,1,0,0,0,4,0,0,365,0,0
5688,0,68.51179310584912,0,0,0,0,2,0,0,365,0,0
5689,1,66.3284883830159,0,0,0,0,4,1,0,365,0,0
5690,0,56.624480995490785,0,0,0,0,3,0,0,365,0,0
5691,1,65.27257701557647,1,1,0,0,2,0,0,365,0,0
5692,0,68.89085251569293,0,1,0,1,3,0,0,365,0,0
5693,1,70.06425025756673,0,0,1,1,7,0,0,365,0,0
5694,0,58.103543006275515,0,0,1,0,8,0,0,365,0,0
5695,0,66.35897531510312,0,0,1,0,7,0,0,365,0,0
5696,1,76.25192385410763,1,0,0,1,7,0,1,244,0,0
5697,0,56.76969841012666,1,0,0,0,4,0,0,365,0,0
5698,1,61.89429797354813,0,0,0,0,9,0,0,365,0,0
5699,0,63.08001568405649,0,0,1,0,7,0,0,365,0,0
5700,0,63.7855806714644,0,0,1,0,4,1,0,365,0,1
5701,1,47.13402037178295,1,0,0,0,0,0,0,365,0,0
5702,1,60.424817453166106,0,1,0,0,5,0,0,365,0,0
5703,1,79.25492799627949,0,0,0,1,13,0,0,365,0,0
5704,0,62.83863849289267,1,0,0,0,4,1,0,365,0,0
5705,0,57.1344228706263,0,0,0,0,4,0,0,365,0,0
5706,0,51.451812942994216,0,0,0,0,7,0,0,365,1,0
5707,0,65.61047523333403,1,0,0,0,6,0,0,365,0,0
5708,0,53.79913239620992,1,0,0,0,3,0,0,365,0,0
5709,1,63.13156163816306,1,0,0,0,8,0,0,365,0,0
5710,0,52.183924512321546,1,0,0,0,4,1,0,365,0,0
5711,0,62.81049629952234,1,0,0,0,3,0,0,365,0,0
5712,1,56.98127097528831,0,0,0,0,5,0,0,365,0,0
5713,1,67.0079045036847,1,0,0,0,9,0,0,365,0,0
5714,1,62.1651057666558,1,0,0,1,6,0,0,365,0,0
5715,1,81.26501250211544,0,0,0,0,13,1,0,365,0,0
5716,0,46.63314542075364,0,0,0,0,3,0,0,365,0,0
5717,0,60.295062417961624,0,0,0,0,1,1,1,105,0,0
5718,0,60.63408994947751,1,0,0,0,2,0,0,365,0,0
5719,1,67.14482255034781,1,0,1,0,5,0,0,365,0,0
5720,1,72.72475933932805,0,0,0,1,4,0,1,2,0,0
5721,0,45.22440539921945,1,0,0,0,4,1,0,365,0,1
5722,1,76.33085565786513,1,0,0,0,8,0,0,365,0,0
5723,1,72.94951105594187,0,0,0,0,7,0,1,45,0,1
5724,0,56.96056907393351,1,0,0,0,5,0,0,365,0,0
5725,0,66.6146451515976,0,0,0,0,8,1,0,365,0,0
5726,1,57.268269217573526,0,0,0,0,5,1,0,365,0,0
5727,1,59.30409107868513,0,0,0,1,12,0,0,365,0,0
5728,0,66.88309139650434,1,0,1,0,7,1,0,365,0,0
5729,0,66.58869726339897,0,0,1,0,11,0,0,365,0,0
5730,1,79.84289707212633,1,1,0,1,6,0,0,365,1,0
5731,1,85.04061783585537,1,0,1,0,9,0,0,365,0,0
5732,1,64.0321813192676,0,0,0,0,5,0,0,365,0,1
5733,1,79.34542868788463,0,0,0,0,6,1,0,365,0,0
5734,0,65.7059231482063,1,0,0,0,5,0,0,365,0,1
5735,1,70.42876797313262,1,0,0,1,2,0,0,365,0,0
5736,0,65.609058796893,0,0,0,0,3,0,0,365,0,0
5737,0,75.055321058955,1,0,0,0,3,0,0,365,0,0
5738,1,77.42872599619469,0,0,0,0,7,0,1,317,0,1
5739,0,59.76545824334953,0,0,0,0,6,0,0,365,0,1
5740,0,60.57327816211734,1,0,0,0,7,1,1,265,0,0
5741,0,65.33698461863506,0,0,0,0,2,0,0,365,0,0
5742,0,80.13967435369565,0,0,1,0,9,0,0,365,0,0
5743,1,69.78155414780568,1,0,1,0,8,1,0,365,0,0
5744,0,60.30356155853631,0,1,1,1,11,0,0,365,0,0
5745,1,64.84106248978291,0,0,0,0,7,0,0,365,0,0
5746,0,65.27262389028708,0,1,0,0,3,0,0,365,0,0
5747,0,59.16805043427557,0,0,0,0,6,0,0,365,0,0
5748,0,49.35666033964222,1,0,0,0,2,0,0,365,0,0
5749,0,74.22670770332475,0,0,0,0,1,1,0,365,0,0
5750,1,67.24092266953178,0,1,1,0,10,1,0,365,0,0
5751,0,57.220101681698885,1,0,1,0,2,0,0,365,0,0
5752,1,86.75793118546278,0,0,0,0,11,1,0,365,0,0
5753,0,69.70133541680444,1,0,0,0,6,0,0,365,0,0
5754,0,80.43438514557545,0,0,0,0,7,1,0,365,1,1
5755,0,63.80091210971018,1,0,0,0,8,1,0,365,0,1
5756,1,86.7926771458384,0,1,0,0,9,1,0,365,0,1
5757,0,60.661406081457415,0,0,0,0,4,0,0,365,0,0
5758,0,44.5030513337442,1,0,0,0,3,0,0,365,0,0
5759,1,63.43725507426001,0,0,0,0,11,0,0,365,0,1
5760,0,71.55042661041502,1,0,0,0,5,0,0,365,0,0
5761,0,53.817788580239935,0,0,0,0,5,1,0,365,0,0
5762,0,74.22001856669567,0,1,0,0,12,0,1,139,0,0
5763,0,66.47477193440814,0,0,1,0,7,0,0,365,1,0
5764,0,77.34079060955851,1,0,0,1,7,0,0,365,0,0
5765,0,57.88302716252511,1,0,0,0,4,0,0,365,0,0
5766,0,65.45669607190189,0,0,0,0,3,0,1,218,0,0
5767,0,67.02340550134778,0,0,0,0,5,0,0,365,0,0
5768,1,58.417116235979606,0,0,0,0,5,0,0,365,0,1
5769,0,85.61502464903627,0,0,0,0,9,0,0,365,1,0
5770,1,67.88603027714248,0,1,0,0,6,1,0,365,0,0
5771,1,64.25783126584892,0,0,0,0,5,0,0,365,0,1
5772,0,62.93864380908516,1,0,0,0,2,0,0,365,0,0
5773,1,68.2854480570624,1,0,0,0,7,0,0,365,0,0
5774,1,59.283921102555155,0,0,0,1,2,0,0,365,0,0
5775,1,63.432433857895205,0,0,0,0,8,0,0,365,0,1
5776,0,59.98793217282166,0,0,0,0,8,0,1,229,0,0
5777,1,67.16992630360191,1,0,0,0,8,1,0,365,0,0
5778,0,87.27282004318886,0,0,1,0,6,1,0,365,0,0
5779,0,73.388331370823,1,0,0,0,8,1,0,365,0,0
5780,0,68.46233879003717,0,1,0,0,7,0,0,365,0,0
5781,0,51.2504067986453,1,0,0,0,2,0,0,365,0,0
5782,0,65.43030978350042,0,0,0,0,4,0,0,365,0,0
5783,0,79.02071587159946,1,0,0,0,10,0,0,365,1,1
5784,0,66.98114993162888,0,0,0,0,8,0,0,365,0,0
5785,0,84.37142244326859,0,0,1,0,1,0,0,365,0,0
5786,0,71.31495639104352,0,0,0,0,8,0,0,365,0,0
5787,0,56.876780610452045,1,0,0,0,3,0,0,365,0,0
5788,1,65.40318438401216,1,0,0,0,6,0,0,365,0,0
5789,1,77.90180868130399,1,0,1,1,8,1,0,365,0,0
5790,1,60.314523459579206,1,0,0,1,3,0,0,365,0,0
5791,1,50.76533284569462,0,0,0,1,2,1,0,365,0,0
5792,0,61.54814041930894,0,0,0,0,4,0,0,365,0,0
5793,0,79.43710238780808,1,0,0,0,11,0,0,365,0,0
5794,1,49.310889475162355,0,0,1,1,5,1,0,365,0,0
5795,1,66.05451440058516,0,0,0,1,7,0,0,365,1,0
5796,0,78.18187724119728,0,0,0,1,4,1,0,365,0,0
5797,0,66.04124789241581,0,0,0,0,2,0,0,365,0,0
5798,0,56.69606739113652,1,0,0,0,4,0,0,365,0,0
5799,0,69.61002349221773,0,0,0,0,3,1,0,365,0,0
5800,1,87.82937205809924,0,0,0,0,13,0,1,89,0,1
5801,1,52.84462620024803,1,1,0,1,7,0,0,365,0,0
5802,0,69.7832150575921,1,0,0,0,5,0,0,365,0,1
5803,1,59.699732075998284,0,0,0,0,3,1,0,365,0,0
5804,0,61.540481854314834,0,0,0,0,4,1,0,365,0,0
5805,0,68.6926575253149,0,0,0,0,1,0,0,365,0,0
5806,1,83.00675672721744,0,0,0,1,5,0,0,365,1,1
5807,0,65.80719459307694,1,1,0,0,2,0,1,111,0,1
5808,1,72.87668620324631,0,0,1,0,7,0,0,365,0,0
5809,0,60.284998977259875,1,0,0,0,8,0,0,365,0,0
5810,0,72.08439244171323,1,0,0,0,10,0,1,15,0,0
5811,1,68.79524154199926,0,0,0,0,4,0,0,365,1,1
5812,0,60.95239869794551,0,0,0,1,3,0,0,365,0,0
5813,0,57.992237270270365,0,0,0,0,5,0,0,365,0,0
5814,1,68.68352604732897,1,0,0,0,7,0,1,96,0,1
5815,0,69.4408596993127,1,0,0,1,4,0,0,365,0,0
5816,1,81.4952055769569,1,0,0,0,2,1,0,365,0,0
5817,0,75.61651899618134,0,0,1,0,7,0,0,365,0,0
5818,1,69.71439475718054,1,0,0,0,7,0,0,365,0,0
5819,1,60.80978348221065,1,1,0,1,9,1,0,365,0,1
5820,0,56.91029757697746,1,0,0,1,6,0,0,365,0,0
5821,1,63.2874706404659,0,0,0,0,3,0,0,365,0,0
5822,0,63.83652930400124,0,0,0,1,4,0,0,365,0,0
5823,0,72.1479780504516,1,0,0,0,4,0,0,365,0,0
5824,0,58.618961541494805,1,0,0,0,3,0,0,365,0,0
5825,0,62.015336533422044,0,0,0,0,3,0,0,365,0,1
5826,1,50.96862880229438,1,0,0,1,7,0,0,365,0,0
5827,0,68.87963131469247,1,0,0,0,6,0,0,365,0,0
5828,1,75.91812669273821,1,0,0,0,5,1,0,365,1,0
5829,0,61.985792114791145,0,0,0,0,5,1,0,365,0,0
5830,0,71.26515642817455,1,0,0,0,5,0,0,365,1,1
5831,0,58.85373211610234,1,0,0,0,1,0,1,82,0,0
5832,0,78.74566825972732,0,0,0,0,8,0,0,365,0,0
5833,0,54.44214055857448,1,0,0,1,1,0,1,3,0,0
5834,1,82.83216943007636,0,0,0,0,6,0,0,365,0,1
5835,1,65.18477687210576,1,0,0,1,8,0,0,365,0,1
5836,0,75.11333312051227,0,0,0,0,10,0,0,365,1,0
5837,1,61.48530358691841,1,0,0,1,2,0,0,365,0,0
5838,0,48.70638779303778,0,0,0,1,3,0,0,365,0,0
5839,1,68.94611861280201,0,0,0,0,4,1,0,365,0,1
5840,1,61.955373057107224,0,0,0,0,5,0,1,194,0,0
5841,1,81.03181367878923,0,0,0,1,5,0,0,365,0,0
5842,0,90.46180436727164,0,1,0,0,9,0,0,365,0,1
5843,0,64.8295432075986,1,0,0,0,8,0,1,37,0,0
5844,1,56.174984178551725,0,1,0,0,3,0,1,310,0,1
5845,1,59.25436557179376,0,0,0,0,5,1,0,365,0,0
5846,0,51.00791208450553,0,0,0,0,6,0,0,365,0,0
5847,1,77.77570932041226,1,0,1,0,5,0,0,365,0,0
5848,0,48.116383534384696,1,0,0,1,7,0,0,365,0,0
5849,1,68.07886936860648,0,0,0,0,9,0,0,365,0,1
5850,0,59.828618948905905,1,0,0,1,5,0,0,365,0,0
5851,1,70.1219230617683,1,0,0,0,4,0,0,365,0,0
5852,1,67.70557462515413,0,0,0,0,3,1,0,365,0,1
5853,0,75.11124537406916,1,0,0,1,4,0,0,365,0,0
5854,0,77.09418495478907,1,0,0,0,6,0,0,365,0,1
5855,1,61.69047243896371,0,0,0,0,3,0,0,365,0,0
5856,1,59.50172193658726,0,0,0,0,8,0,0,365,0,0
5857,1,65.74935601774375,1,0,1,0,7,1,0,365,0,0
5858,1,83.34575319283233,0,0,1,0,8,0,1,33,1,0
5859,1,56.753273430976236,1,0,0,1,3,0,0,365,0,0
5860,0,61.16248166106332,0,0,0,0,6,0,0,365,0,0
5861,1,57.8690208694676,0,0,0,0,6,1,0,365,0,1
5862,1,59.789726820430715,0,0,1,0,5,1,0,365,0,0
5863,0,76.9517815431094,1,0,0,0,3,0,0,365,0,0
5864,0,63.2683724804688,1,0,1,0,9,0,0,365,0,0
5865,0,49.709081207981576,0,0,0,0,6,0,0,365,0,0
5866,0,57.086539308336214,0,0,0,0,3,0,0,365,0,0
5867,0,58.518488756146134,1,0,0,0,8,0,0,365,0,0
5868,0,65.12756556277643,0,0,0,1,9,1,1,7,0,0
5869,0,73.69682403058933,1,0,0,0,6,1,0,365,0,0
5870,1,73.2192434203159,0,0,0,1,4,1,0,365,0,0
5871,0,57.9511755640371,0,0,0,0,6,1,0,365,0,0
5872,1,63.605270620803985,0,0,1,0,3,0,0,365,0,0
5873,0,64.08481032414953,1,0,1,0,7,0,0,365,0,0
5874,0,58.08986230997953,0,1,0,0,6,0,0,365,0,0
5875,0,40.0,0,0,0,0,2,0,0,365,0,0
5876,0,82.14684829822116,1,0,0,0,5,0,0,365,0,0
5877,0,73.13832634033069,1,0,0,0,8,0,0,365,0,0
5878,0,70.94286162149422,1,0,1,1,6,0,0,365,0,0
5879,1,76.16724551410437,0,0,1,0,6,1,0,365,0,0
5880,0,63.04610345589506,1,0,1,0,8,1,0,365,0,0
5881,0,62.89619868856525,1,0,0,0,5,0,0,365,0,0
5882,1,79.67929797156788,0,0,1,0,4,0,0,365,0,0
5883,0,50.32346639982276,1,0,0,0,2,0,0,365,0,0
5884,0,65.0337518153266,0,0,0,0,2,1,0,365,0,0
5885,1,74.51038951545965,1,0,0,1,5,0,0,365,0,0
5886,0,64.52368960220473,1,0,0,0,9,1,0,365,0,0
5887,1,78.3086362544378,0,1,0,1,13,1,1,181,0,1
5888,0,88.50159385670659,1,0,0,0,9,0,0,365,1,1
5889,0,56.9770107743078,1,0,0,1,5,0,0,365,0,1
5890,1,55.92486471034367,1,0,1,0,8,1,0,365,0,0
5891,0,73.18601234759367,1,1,0,0,1,0,0,365,0,0
5892,1,72.2248336443235,0,0,0,0,5,1,0,365,0,0
5893,1,70.75359843898516,0,0,0,0,9,1,0,365,0,0
5894,0,63.559932636608345,1,1,0,0,6,1,0,365,0,0
5895,0,71.95004700901633,1,0,0,0,4,0,0,365,0,0
5896,1,76.8743715260276,0,0,0,0,5,0,0,365,1,0
5897,0,59.68680774309969,0,0,0,0,4,0,0,365,0,0
5898,0,65.91759965234975,0,0,0,0,9,0,1,302,0,0
5899,0,65.70729963293928,0,0,0,0,3,0,0,365,0,0
5900,1,68.17640835632902,0,0,0,0,11,0,0,365,0,1
5901,0,88.47188166987333,1,0,0,0,6,0,0,365,1,1
5902,0,69.78318344164215,0,0,0,0,7,0,0,365,0,0
5903,1,76.83375694067745,0,0,1,0,8,0,0,365,0,0
5904,1,74.5165676748858,1,0,0,0,7,1,0,365,0,0
5905,0,83.25441229422371,1,1,0,0,4,1,1,115,0,1
5906,1,74.08727283679801,0,0,1,0,4,0,0,365,0,1
5907,0,64.63091368818195,0,0,0,0,4,0,0,365,0,1
5908,1,71.27890196231942,0,0,0,0,11,1,0,365,0,0
5909,1,57.57352375708111,1,0,0,0,10,0,0,365,0,0
5910,0,63.998937969984475,0,0,0,0,1,0,0,365,0,0
5911,1,78.34823258269103,0,0,0,0,6,1,0,365,0,0
5912,0,61.58322727572914,1,0,0,0,8,0,0,365,0,0
5913,1,80.1770293943531,0,1,0,0,12,0,0,365,0,0
5914,0,58.907033070670835,1,0,0,0,5,1,0,365,0,0
5915,0,61.99093406551805,0,0,0,0,5,0,0,365,0,0
5916,1,56.36232690802486,0,0,0,0,4,0,0,365,0,0
5917,0,72.66530710156127,0,0,0,0,5,0,0,365,0,0
5918,1,65.67887243619288,0,0,0,0,8,1,1,356,0,0
5919,1,69.83332290080764,0,0,0,1,4,1,1,287,1,0
5920,0,72.86933940050673,1,0,0,0,8,1,0,365,0,0
5921,1,63.76147667500926,0,1,0,1,7,1,0,365,0,1
5922,0,77.18278157410043,0,0,0,0,5,0,0,365,0,0
5923,0,71.0690960968069,0,0,0,1,5,1,1,122,0,0
5924,1,81.19582239556352,0,0,0,0,10,0,0,365,0,0
5925,0,71.19647910140158,0,0,0,0,7,0,0,365,0,0
5926,1,64.8579400902463,1,0,0,0,1,0,0,365,0,0
5927,0,67.77664944419037,0,0,0,0,4,0,0,365,0,0
5928,1,70.34250753346075,1,0,0,1,8,0,0,365,0,0
5929,0,76.31281398807536,1,0,0,0,5,1,0,365,0,1
5930,0,54.72716621009199,0,0,1,0,5,0,0,365,0,0
5931,0,71.84477353207895,0,0,0,1,6,0,0,365,0,0
5932,1,75.05685484116752,1,0,0,1,6,1,1,302,0,1
5933,1,60.47279957235355,0,0,0,0,1,0,0,365,0,0
5934,1,75.36132501888629,1,0,0,0,5,0,0,365,0,0
5935,0,81.81261733134917,0,0,1,0,4,0,1,170,0,0
5936,0,54.65865978920063,1,0,0,0,1,1,0,365,0,0
5937,0,69.72294440872392,0,0,0,0,3,0,0,365,0,0
5938,1,57.906550575708366,0,0,0,0,1,0,0,365,0,1
5939,0,75.42692784972493,1,0,0,0,9,0,0,365,0,0
5940,1,67.34408365436377,1,0,0,1,2,0,0,365,0,0
5941,0,68.97317642756799,0,0,0,0,2,0,0,365,0,0
5942,0,71.44386222643655,0,0,0,1,6,1,1,78,0,0
5943,0,67.10656919934945,0,0,1,0,14,0,0,365,0,0
5944,1,58.32941998363592,1,0,0,0,6,0,0,365,0,0
5945,0,71.02784584018399,1,0,0,0,5,0,0,365,0,0
5946,1,72.72394708592216,1,0,0,0,5,1,0,365,1,1
5947,0,74.23459207638403,0,0,0,0,4,1,0,365,0,1
5948,1,87.89239589572529,0,0,1,0,5,1,0,365,0,1
5949,1,69.87683039016537,1,0,1,1,6,0,0,365,0,0
5950,0,64.60560197285416,0,0,0,1,6,1,0,365,0,0
5951,0,66.86035670492214,0,0,1,1,3,0,0,365,0,0
5952,0,81.26939083067853,0,0,0,0,11,0,0,365,0,0
5953,1,65.45850454350912,1,0,0,0,7,1,0,365,0,0
5954,0,67.31122870553182,1,0,0,0,4,1,0,365,0,0
5955,1,68.58673785492519,0,0,0,0,9,0,1,334,0,1
5956,1,54.87227736352789,0,0,1,0,6,0,0,365,0,0
5957,0,57.08043048256523,0,0,0,0,5,0,1,153,1,0
5958,0,66.90305381997405,0,0,0,0,2,0,0,365,0,0
5959,0,70.00242502876557,0,1,0,1,6,1,0,365,0,0
5960,0,63.34130373935998,0,0,0,0,7,0,0,365,0,0
5961,0,53.221237797775366,1,0,1,0,6,0,0,365,0,0
5962,0,83.6467194500093,0,0,0,0,5,0,0,365,0,0
5963,0,62.83557697994834,0,0,0,0,7,0,0,365,0,0
5964,0,62.61933005213797,1,0,0,0,3,0,0,365,0,0
5965,1,72.88340561870982,1,0,0,0,6,0,0,365,0,0
5966,1,63.17650857891755,0,0,0,0,4,0,0,365,0,0
5967,1,67.86409105925286,1,0,0,0,4,0,0,365,0,0
5968,1,75.35984395477433,0,0,1,0,5,0,0,365,0,0
5969,0,74.96125276751451,0,0,0,0,2,0,1,5,0,1
5970,1,69.97532584623045,1,1,0,0,3,1,1,165,1,1
5971,1,67.59300972339237,0,1,1,0,12,0,0,365,0,0
5972,1,68.2885754616685,1,1,0,1,9,1,0,365,0,0
5973,0,73.20783189230018,1,0,0,0,8,0,0,365,0,0
5974,0,68.53857181028707,0,0,0,0,12,0,0,365,0,0
5975,0,63.60576146411286,0,0,0,0,5,0,0,365,0,0
5976,0,71.58357284095858,0,0,1,0,9,0,1,276,0,0
5977,1,58.457890157713905,1,0,0,1,6,0,1,205,0,1
5978,0,65.6863936493386,0,0,0,0,4,0,0,365,0,0
5979,0,65.04768035036066,0,0,0,0,5,0,0,365,0,0
5980,1,59.97083690566254,1,0,0,0,1,0,0,365,1,0
5981,1,76.34451415478838,0,1,0,0,8,1,0,365,0,0
5982,1,72.62064981788532,1,0,0,0,6,0,0,365,0,0
5983,0,56.602957104591454,1,0,0,0,5,0,0,365,0,0
5984,0,54.870603671592974,1,0,0,0,6,0,0,365,0,0
5985,0,56.70402640100576,1,0,0,0,5,0,1,234,0,0
5986,0,51.84672704154169,0,0,0,0,6,1,0,365,0,0
5987,0,63.42797935888261,1,0,1,1,8,0,1,338,0,0
5988,1,74.24002629788149,0,0,0,0,8,0,0,365,0,1
5989,0,64.07733905517517,1,0,0,0,8,0,0,365,1,0
5990,1,62.83768747225085,1,0,1,0,4,0,0,365,0,1
5991,1,78.44131987268563,0,0,1,0,8,1,0,365,0,1
5992,0,59.179784349511635,1,0,0,0,7,0,0,365,0,1
5993,1,52.75767749294639,0,0,0,0,2,1,0,365,0,0
5994,1,62.19275228395833,0,0,0,0,11,0,0,365,0,0
5995,1,68.10153834837828,0,0,0,0,2,0,0,365,1,1
5996,1,57.467897199915065,0,1,0,0,3,0,0,365,0,0
5997,1,66.33034094980708,1,0,0,0,5,0,0,365,0,0
5998,0,77.27874733510451,1,0,0,1,7,0,1,114,1,1
5999,0,63.90296306010536,0,0,0,0,5,0,1,190,0,0
6000,1,66.23651732317362,0,0,0,0,4,1,0,365,0,0
6001,0,83.16824064677172,0,0,0,1,6,0,1,317,0,1
6002,1,47.37686282804039,1,0,1,0,9,0,0,365,0,0
6003,0,69.84821957089338,1,0,0,0,4,0,0,365,1,0
6004,0,55.63806614660601,0,0,0,0,4,1,0,365,0,0
6005,0,57.11690705711755,0,0,0,0,5,0,0,365,0,0
6006,1,88.18258414877533,1,1,1,1,10,1,1,365,1,1
6007,1,54.25963051414571,1,0,0,0,3,1,0,365,0,0
6008,1,53.195954529109486,0,0,0,0,5,1,1,255,0,1
6009,0,74.95638199997546,1,0,0,0,11,0,0,365,0,0
6010,0,74.01418488631087,0,0,0,0,12,0,0,365,1,0
6011,1,80.15933680821581,1,0,0,0,5,1,0,365,0,0
6012,0,72.02783520525557,1,0,1,1,9,1,0,365,0,0
6013,1,92.49625461533786,1,1,0,1,12,0,1,288,1,1
6014,0,67.5696065676895,0,0,1,0,5,0,0,365,0,0
6015,0,68.26198093793944,1,1,0,0,8,1,0,365,0,0
6016,1,63.71996709282221,1,0,0,0,6,1,0,365,0,1
6017,1,65.30786484870211,1,0,0,0,5,0,0,365,0,0
6018,0,71.04790942524008,0,0,0,0,5,0,0,365,0,0
6019,0,91.29338574858315,0,0,0,0,8,0,0,365,0,0
6020,1,78.17957459948343,0,0,1,0,6,0,0,365,0,0
6021,0,67.32542518127927,0,0,0,0,6,0,0,365,0,0
6022,0,41.52414122727366,0,0,0,0,5,0,0,365,0,0
6023,0,48.821383974958735,0,0,0,0,4,0,0,365,0,1
6024,0,61.008306172807366,0,0,0,0,9,0,0,365,0,0
6025,1,77.7005506069409,0,0,0,0,6,1,0,365,0,0
6026,1,79.89105153808433,0,0,0,0,10,1,0,365,0,0
6027,1,68.79483632634073,0,1,0,0,14,1,0,365,0,0
6028,0,56.349936297350986,1,0,0,1,4,0,0,365,0,0
6029,1,66.27789324646506,1,0,1,1,3,0,1,347,0,1
6030,1,57.787114448806676,1,0,0,0,7,0,1,25,0,0
6031,0,62.137896345965316,0,0,0,1,7,0,0,365,0,0
6032,0,54.41737507064385,1,0,0,0,5,1,0,365,0,0
6033,0,69.47651235942878,0,0,0,0,5,0,0,365,0,0
6034,0,67.18083498085556,1,0,0,0,3,0,0,365,0,0
6035,1,70.23003639268302,1,0,0,0,7,0,0,365,0,1
6036,1,65.39492305837013,1,0,0,1,5,0,0,365,0,0
6037,0,73.72758739433505,1,0,0,0,3,0,0,365,0,0
6038,0,61.7606011999637,1,0,0,0,10,0,0,365,0,0
6039,0,45.99599754256632,1,0,0,1,5,1,0,365,0,0
6040,0,73.00250076317663,1,0,0,0,10,1,1,108,0,0
6041,0,68.26452128093393,0,0,0,0,8,0,0,365,0,0
6042,1,69.29541187188187,0,0,0,0,8,1,0,365,0,0
6043,1,73.35028825852747,0,0,0,0,8,0,0,365,1,0
6044,0,59.34360185986537,1,0,0,0,8,0,0,365,0,0
6045,1,74.0265321661374,1,0,0,0,6,1,0,365,0,0
6046,1,69.34439487745814,0,0,0,0,6,1,0,365,0,0
6047,0,53.28630544621524,0,0,0,0,3,0,0,365,0,0
6048,0,76.5331440985783,1,0,0,0,5,0,0,365,0,0
6049,0,73.01057334268143,1,0,0,0,7,0,0,365,0,0
6050,1,74.25948435929696,1,0,1,0,7,0,0,365,0,0
6051,0,66.69929159775077,1,0,0,1,7,0,1,310,0,0
6052,0,88.95980375001477,0,0,0,0,7,1,0,365,0,0
6053,0,58.057411681939364,1,0,0,0,6,1,0,365,0,0
6054,0,53.40568721311675,0,0,0,1,8,1,0,365,0,0
6055,1,77.04367895075637,1,0,0,0,6,1,0,365,1,1
6056,1,60.59361989397378,1,0,0,0,5,0,0,365,0,0
6057,0,80.48616577378266,1,0,1,0,9,1,0,365,0,0
6058,0,65.98776833896608,0,0,0,1,9,0,0,365,0,0
6059,1,71.36287838549597,1,0,0,0,10,1,0,365,0,0
6060,0,71.64410906203166,1,0,0,0,9,1,0,365,0,0
6061,1,56.245635725899575,1,1,1,0,10,0,0,365,0,0
6062,0,65.40235890912028,1,0,0,0,7,0,1,111,0,1
6063,1,67.92500843719205,1,0,0,0,6,1,0,365,0,0
6064,1,76.18190900757355,1,0,0,0,7,1,0,365,0,0
6065,0,55.17583047868982,1,1,0,0,8,1,0,365,0,0
6066,0,72.54304324269549,1,1,0,0,5,0,0,365,0,0
6067,1,49.7900905006661,1,0,0,0,8,1,0,365,0,1
6068,1,74.83323238006442,0,1,1,1,10,0,0,365,0,0
6069,1,55.3400842483087,0,0,0,0,7,0,0,365,0,0
6070,1,75.1087027863948,0,0,1,1,9,0,0,365,0,0
6071,1,87.27598083619125,1,1,1,0,11,1,1,75,0,1
6072,0,40.03567246740463,0,0,0,0,2,0,0,365,0,0
6073,0,57.1644899152013,0,0,0,0,5,1,0,365,0,0
6074,0,72.92508180885082,0,0,0,0,4,0,0,365,0,0
6075,0,80.12568692724398,0,0,0,0,10,0,0,365,0,1
6076,1,80.60722588299456,0,0,0,0,3,1,0,365,0,1
6077,0,50.0747592693956,0,0,0,0,7,1,0,365,0,0
6078,0,63.95932941283297,0,0,0,0,8,0,0,365,0,0
6079,0,69.5690113880377,1,0,0,0,5,0,0,365,0,0
6080,0,50.60946671179786,1,0,0,0,13,1,0,365,0,0
6081,0,55.21418598183661,1,0,0,0,5,0,0,365,1,0
6082,0,71.06712696054396,0,0,1,0,8,0,0,365,0,0
6083,1,81.85732403977785,0,0,1,0,7,0,0,365,0,0
6084,1,78.51806842245662,0,0,0,1,8,0,0,365,0,0
6085,1,77.08463157281784,1,1,1,1,9,0,1,202,0,1
6086,0,80.92391981891842,0,0,1,0,8,0,0,365,0,1
6087,1,83.25464034687501,0,1,1,0,18,0,1,188,0,1
6088,0,56.90464548901896,1,0,0,0,7,0,0,365,0,1
6089,0,73.38739825907533,1,0,1,0,10,0,0,365,0,0
6090,1,78.04513217021491,0,0,0,0,11,1,0,365,0,0
6091,0,59.07292864894892,0,0,0,1,2,0,0,365,0,0
6092,0,62.74088025265291,0,0,0,0,7,1,1,33,0,0
6093,0,61.85978391073232,1,0,0,0,6,0,0,365,0,0
6094,1,51.970952846273065,0,0,0,0,4,0,0,365,0,0
6095,0,48.8489822447002,0,0,0,0,6,1,0,365,0,0
6096,0,71.24102410238422,1,0,0,0,7,0,0,365,0,0
6097,0,79.66963580453299,1,0,0,0,7,1,0,365,0,0
6098,1,61.39008717607068,1,0,0,1,6,0,0,365,0,0
6099,0,58.96745576600783,0,0,0,0,5,1,0,365,0,1
6100,1,77.00151849730759,1,0,1,0,8,1,0,365,0,0
6101,0,65.66968823972849,1,0,0,0,7,0,0,365,0,0
6102,0,42.52124433285478,1,0,0,0,5,1,0,365,0,0
6103,0,72.30575970013501,1,1,0,1,6,0,0,365,0,0
6104,0,77.30523691976353,0,0,0,0,7,0,0,365,0,0
6105,0,75.78718633439186,0,0,0,0,2,0,0,365,0,0
6106,0,63.01269625065239,0,1,0,1,10,0,0,365,0,0
6107,1,70.74703238537819,1,0,0,0,6,0,0,365,0,1
6108,1,75.28399173128851,1,1,0,0,11,1,1,31,0,1
6109,0,67.3123243530945,1,0,0,0,5,0,0,365,0,0
6110,1,67.46990255745798,1,0,0,0,8,0,0,365,0,1
6111,0,65.16914427220462,1,1,0,0,6,0,0,365,0,0
6112,0,87.01274156698062,0,1,0,0,6,1,0,365,0,0
6113,1,76.90832687978535,0,0,0,0,2,1,0,365,0,1
6114,0,60.53244924304864,0,0,0,0,2,0,0,365,0,0
6115,1,68.8381848494777,1,0,0,0,4,1,0,365,1,1
6116,1,58.94187473891029,0,0,0,1,3,0,0,365,0,0
6117,0,57.66347650846033,1,0,0,0,7,0,0,365,0,0
6118,0,75.45731076383896,0,0,0,0,9,1,0,365,0,1
6119,0,62.26886407364783,1,0,0,1,8,1,0,365,0,0
6120,0,47.25871382680843,1,0,0,0,7,0,0,365,0,0
6121,0,69.97095834468197,0,0,0,0,7,0,0,365,0,0
6122,0,62.39531725671255,1,0,0,0,10,1,0,365,0,0
6123,1,68.61086374980128,1,0,0,0,8,1,0,365,0,0
6124,0,66.92460820015955,0,0,0,0,5,1,0,365,0,0
6125,1,66.56141582574885,1,0,0,0,6,1,0,365,1,0
6126,0,67.03432463350777,1,0,1,1,6,0,0,365,0,1
6127,0,58.10010528234903,0,0,0,0,3,0,0,365,0,0
6128,0,61.689807467935324,0,0,0,0,4,0,0,365,0,0
6129,1,72.15160147272385,0,0,0,0,7,0,0,365,0,0
6130,0,61.00101555239958,0,0,0,1,5,0,0,365,0,0
6131,0,74.908083223895,1,0,0,0,7,0,0,365,0,0
6132,0,61.33366517709602,0,0,0,0,8,1,0,365,0,0
6133,0,61.12656575301975,1,0,0,0,2,0,0,365,0,0
6134,0,57.6625258594571,1,0,0,0,4,0,0,365,0,0
6135,1,52.36149171439507,1,0,0,0,1,0,0,365,0,0
6136,0,50.99839625622004,1,0,0,0,5,0,0,365,0,0
6137,0,69.90818259509503,0,0,0,0,5,0,0,365,0,0
6138,1,68.03191603407814,1,0,0,0,5,0,0,365,0,0
6139,0,50.11709548830548,1,0,0,0,3,0,0,365,0,0
6140,0,61.09130683607345,0,0,0,0,6,0,0,365,0,0
6141,1,71.57801213171922,0,0,0,0,9,0,0,365,0,1
6142,0,65.97760827904403,1,0,0,1,8,0,0,365,0,0
6143,1,58.110988324570656,0,0,0,0,7,0,0,365,0,0
6144,1,68.33891347916263,1,0,1,1,8,0,0,365,0,0
6145,1,63.767198678372054,1,0,0,0,5,1,0,365,0,0
6146,0,75.57883721821742,1,0,0,0,9,0,0,365,0,0
6147,0,72.73795813070322,0,0,0,0,8,0,0,365,0,0
6148,0,60.47755976623532,0,0,0,0,2,0,0,365,0,0
6149,1,70.17586639840023,0,0,0,1,4,1,0,365,0,0
6150,1,71.56949635372594,0,1,0,1,8,0,0,365,0,0
6151,0,59.63760128767323,0,0,0,0,4,0,0,365,0,0
6152,1,76.66742538308107,0,1,0,0,8,0,0,365,0,0
6153,1,59.0098005210384,0,1,0,1,3,1,0,365,0,0
6154,0,72.74503928731846,0,0,1,0,12,1,0,365,0,0
6155,0,58.778195281341496,1,0,0,0,3,1,1,46,0,0
6156,1,71.62074439999597,1,0,1,0,7,0,0,365,0,0
6157,1,66.75313283582176,0,0,0,0,5,0,0,365,0,0
6158,0,61.155225178302715,0,0,0,0,9,0,0,365,0,0
6159,0,68.49640948771625,0,0,0,0,9,0,0,365,0,0
6160,0,81.39591253952068,0,0,0,1,9,0,0,365,0,1
6161,1,77.00147635231494,0,0,1,0,10,1,0,365,0,0
6162,0,83.91308053107225,0,0,0,1,5,1,0,365,0,0
6163,1,68.22531641404463,1,0,0,0,5,0,0,365,0,0
6164,0,66.35510129309009,1,0,0,0,9,1,0,365,0,0
6165,0,48.57702558758285,0,0,0,1,3,0,0,365,0,0
6166,0,85.94918196994703,0,0,0,0,6,0,0,365,1,0
6167,0,65.71964158975162,0,0,0,0,4,0,0,365,0,0
6168,0,56.41840550221279,0,0,0,0,7,0,0,365,0,0
6169,1,83.71708614293904,0,0,0,0,6,0,1,20,0,1
6170,0,79.60323086003547,1,0,0,0,5,0,0,365,0,0
6171,1,68.85185748606105,1,0,0,0,5,0,0,365,0,0
6172,1,68.90378068039044,0,0,0,0,7,1,0,365,1,1
6173,1,60.37782756221335,1,0,0,0,8,1,0,365,0,0
6174,0,49.08925942265449,0,0,0,0,7,0,0,365,0,0
6175,0,61.13679660470249,1,0,0,0,4,0,0,365,0,0
6176,0,54.652348881243014,1,0,0,0,8,0,0,365,0,0
6177,0,67.876891579302,1,0,0,0,7,0,0,365,0,0
6178,0,64.44606730197052,0,0,1,0,10,0,0,365,0,0
6179,1,85.84284573951554,0,0,0,0,16,1,0,365,0,0
6180,1,57.017529459668765,1,0,0,1,4,1,0,365,0,0
6181,1,65.18488087922772,1,0,0,1,7,0,0,365,0,1
6182,1,53.17892379501684,1,0,1,0,7,0,0,365,0,0
6183,1,83.27792041980885,1,0,0,0,5,0,0,365,0,0
6184,0,52.54223500259603,1,0,0,0,6,0,0,365,0,0
6185,1,83.45213856463474,0,1,1,0,10,0,1,130,0,1
6186,1,82.76539413554315,1,0,1,0,6,0,0,365,0,0
6187,1,60.42195957230848,0,0,0,0,1,0,0,365,0,0
6188,0,68.70902722159101,1,0,0,0,11,0,0,365,0,0
6189,0,62.17377097357562,0,0,0,0,6,0,0,365,0,0
6190,0,59.794987728630716,1,0,0,1,2,0,0,365,0,0
6191,1,91.28522561743392,0,1,1,0,16,0,1,132,0,1
6192,0,52.4489420573062,1,0,0,0,2,1,0,365,0,0
6193,0,72.27007130149025,0,0,0,0,3,0,0,365,0,0
6194,0,66.50963524368562,1,0,0,1,7,0,0,365,0,0
6195,0,65.15023178201238,1,0,0,0,1,0,1,254,0,0
6196,1,72.7559938073527,0,0,1,0,5,1,0,365,0,0
6197,0,51.5349766598891,1,0,0,1,3,0,1,287,0,0
6198,0,80.43706004988266,0,0,0,0,10,0,0,365,0,0
6199,0,56.99176243145546,1,0,0,0,5,0,1,146,0,0
6200,0,63.05740129881914,1,0,0,0,6,0,0,365,0,0
6201,1,52.97966663897591,0,0,0,0,4,0,0,365,0,0
6202,0,45.39523047819523,1,0,0,0,5,0,0,365,0,0
6203,0,68.60579123357117,0,0,1,0,5,0,0,365,0,0
6204,0,55.50810518163242,0,0,0,0,3,0,0,365,0,0
6205,0,47.40451685872665,0,0,0,0,7,0,0,365,0,0
6206,0,54.68344803666459,0,0,0,0,3,0,0,365,0,0
6207,0,71.39864056070073,1,0,0,0,4,1,0,365,0,0
6208,0,55.225428790557885,1,0,1,1,4,1,0,365,0,0
6209,1,82.05402242981776,0,0,1,0,10,0,0,365,0,1
6210,1,64.15727338114073,1,0,0,1,2,1,0,365,0,0
6211,1,73.7214678767967,1,1,0,1,10,1,0,365,0,0
6212,0,79.66532885596476,0,0,0,0,12,0,0,365,0,0
6213,0,61.22019960899096,0,0,0,0,2,1,0,365,0,0
6214,1,62.169100434757276,0,0,0,0,5,0,0,365,0,0
6215,0,57.307832102702186,0,0,0,1,4,0,0,365,0,0
6216,0,59.24669658498514,1,0,0,0,7,0,0,365,0,0
6217,1,73.05018838963545,1,1,0,1,9,0,1,43,0,0
6218,0,65.16195103200297,0,0,0,0,5,0,0,365,0,0
6219,0,46.310009306206695,1,0,0,0,4,0,0,365,0,0
6220,1,84.50272819437467,1,0,1,0,9,0,0,365,0,0
6221,1,94.58017839280312,0,0,1,0,9,0,1,135,0,1
6222,0,56.911760789372096,1,0,1,0,2,0,0,365,0,0
6223,0,57.1557547226636,0,0,0,0,4,0,0,365,0,0
6224,1,70.1793115001985,0,0,0,0,12,0,1,253,0,0
6225,1,78.29333374159738,1,0,1,0,7,0,0,365,0,0
6226,0,40.0,0,0,0,0,2,0,0,365,0,0
6227,0,60.72132398909618,0,0,1,0,3,0,0,365,1,0
6228,0,69.69417321047712,1,1,0,0,4,0,0,365,1,0
6229,0,71.9558462846706,0,0,0,1,6,0,0,365,0,0
6230,0,54.308873079017715,1,0,1,0,6,0,0,365,0,0
6231,0,76.8564860453877,1,0,0,0,6,1,0,365,0,0
6232,1,55.1475685468683,0,1,0,1,6,0,0,365,0,0
6233,0,70.17893626487778,0,0,0,0,9,1,1,268,0,0
6234,0,62.829822031647126,1,0,0,0,9,0,0,365,0,0
6235,1,63.88828781819681,0,0,0,0,10,0,1,128,0,1
6236,0,78.26363877332007,0,0,0,0,7,1,0,365,0,0
6237,0,66.84948132943319,0,0,0,0,6,0,0,365,0,0
6238,0,80.5555948376721,1,0,1,1,8,0,1,43,0,0
6239,0,75.82209137624197,1,0,0,0,8,0,0,365,0,0
6240,1,65.80536402748486,1,1,0,1,6,0,1,26,1,0
6241,1,75.5941757299352,0,0,1,1,9,0,0,365,0,0
6242,1,57.135773281329946,0,0,0,0,5,0,0,365,1,0
6243,1,80.94667960430414,1,1,1,0,7,0,1,22,1,1
6244,0,63.325860349286565,0,0,0,0,7,1,0,365,0,0
6245,1,72.29757549401015,0,0,0,0,6,0,1,302,0,0
6246,0,71.38823613254343,0,0,0,0,4,0,0,365,0,0
6247,0,60.97759129300227,1,0,0,0,5,0,0,365,0,0
6248,1,60.47244255057987,0,0,0,0,2,0,0,365,0,0
6249,0,63.85786489740457,0,0,0,0,6,0,0,365,0,1
6250,1,60.627244810608794,1,0,0,0,4,0,0,365,0,0
6251,1,74.85780630669,0,0,0,1,5,0,0,365,0,0
6252,1,86.37179862241287,1,0,0,0,9,0,1,224,0,0
6253,1,57.64417446597666,1,1,0,1,5,0,0,365,0,0
6254,1,82.35984795115952,0,0,0,0,7,0,0,365,0,1
6255,0,51.70992805992039,1,0,0,0,5,0,0,365,1,1
6256,1,60.19188105761078,0,0,1,0,8,0,0,365,0,0
6257,0,66.03578373789122,0,0,0,0,7,0,0,365,0,0
6258,0,59.657977971339584,0,0,0,0,8,0,0,365,0,1
6259,1,59.113953222331176,0,0,1,0,5,1,0,365,0,0
6260,1,63.43350113344037,0,0,0,0,6,0,0,365,0,0
6261,1,61.22686160338397,0,0,0,0,5,0,0,365,0,0
6262,0,68.32316817823445,1,0,0,0,7,0,0,365,0,0
6263,0,45.5476892760764,1,0,1,0,3,1,0,365,0,0
6264,0,43.713717375081636,1,0,0,0,3,0,0,365,0,0
6265,1,58.340919784790856,0,0,0,0,7,1,0,365,0,1
6266,1,84.74193491826279,1,0,0,0,4,1,0,365,0,0
6267,0,70.74780249346196,1,0,0,1,9,0,0,365,0,0
6268,1,57.299372628667456,1,0,1,0,3,0,0,365,1,1
6269,1,71.93485976962666,0,0,0,0,8,0,1,135,0,0
6270,1,67.74513306683278,0,0,0,0,4,0,1,37,0,0
6271,0,65.75314070341209,0,0,0,0,6,0,0,365,0,0
6272,0,69.66660594607083,0,0,0,0,5,0,0,365,0,0
6273,0,53.859937362606374,0,0,0,0,2,0,0,365,0,0
6274,1,61.22313909000722,0,0,1,0,8,0,0,365,0,0
6275,1,68.19209992967363,1,0,0,0,5,1,0,365,0,0
6276,0,63.91406802463786,1,0,0,0,4,0,0,365,0,0
6277,1,83.40764045851205,1,0,0,0,10,0,1,258,1,0
6278,1,68.39579193702887,0,0,0,0,8,0,0,365,0,0
6279,0,71.94975095205551,1,0,0,0,2,0,1,3,0,0
6280,0,54.27669896288563,1,0,0,0,7,1,0,365,0,0
6281,0,60.178769970060905,0,0,0,0,3,1,0,365,0,0
6282,0,70.58039930015397,1,0,0,0,3,0,0,365,0,0
6283,0,65.19123284185952,1,0,0,0,6,1,0,365,0,0
6284,0,59.836452032133906,0,0,0,0,4,0,0,365,0,0
6285,1,73.76923248756405,1,0,0,0,7,1,0,365,0,1
6286,0,71.61059249784627,1,0,0,0,8,0,0,365,0,0
6287,1,77.83141910339012,1,0,0,1,5,0,0,365,0,1
6288,0,56.79190603382963,0,0,0,0,6,0,0,365,0,0
6289,0,70.40021570066335,0,0,0,0,4,0,0,365,0,0
6290,1,69.08297343981968,1,0,0,0,9,0,0,365,0,0
6291,0,69.96282284779079,1,0,1,1,9,0,0,365,0,0
6292,0,75.37054108267077,0,0,0,0,6,0,0,365,0,0
6293,0,52.531644353331274,1,0,0,0,6,0,0,365,0,0
6294,0,66.63317334554755,1,0,0,0,8,0,0,365,0,0
6295,1,73.5113518099883,0,1,0,0,6,0,0,365,0,0
6296,1,81.94970259811988,1,0,0,0,8,0,1,27,0,1
6297,1,55.326073398152914,1,0,0,0,7,1,0,365,0,0
6298,1,66.62672431167117,1,1,0,0,11,1,0,365,1,0
6299,0,67.765432909999,1,0,0,0,4,0,0,365,0,0
6300,1,83.41408214674237,0,0,1,0,8,0,0,365,0,0
6301,1,65.09145359582092,0,0,0,0,4,0,0,365,0,1
6302,0,70.4422336046974,1,0,0,1,5,0,0,365,0,0
6303,0,68.13992657242501,0,0,0,0,9,0,0,365,0,0
6304,0,62.36960933473039,0,0,0,0,3,0,0,365,0,0
6305,1,58.299683105641165,0,0,0,0,7,0,0,365,0,1
6306,0,67.28793993323418,0,0,0,0,7,0,0,365,0,1
6307,0,66.39168596319121,1,0,0,0,7,0,1,185,0,0
6308,0,66.48691077639843,0,0,0,0,4,0,0,365,0,0
6309,0,69.18306704435595,0,0,0,0,4,0,0,365,0,0
6310,0,70.3783909792472,1,0,0,0,6,0,1,35,0,0
6311,0,71.68453427147716,0,0,1,0,10,0,0,365,0,0
6312,1,67.70853689985412,1,0,1,0,12,0,1,276,0,1
6313,0,84.29569920000229,1,1,0,0,7,0,1,166,0,1
6314,0,68.50833334844354,1,0,0,0,5,0,0,365,0,0
6315,0,45.169699158302,1,0,0,0,3,0,0,365,0,0
6316,1,62.41977792068503,1,1,0,0,3,1,0,365,0,0
6317,0,50.525854377600055,1,0,0,0,6,0,0,365,0,0
6318,0,62.6384414421741,0,0,0,1,3,1,0,365,0,0
6319,1,72.23890114147126,0,1,0,0,10,0,0,365,0,0
6320,0,78.17686095455764,1,0,0,0,8,0,0,365,0,0
6321,0,55.63331411495279,1,0,0,0,10,0,0,365,0,0
6322,1,81.96708731458227,0,0,0,1,8,0,0,365,0,0
6323,0,78.1019197287345,1,0,0,0,8,0,0,365,0,0
6324,0,49.91039408421915,0,1,0,0,7,0,0,365,0,0
6325,1,66.28489600093394,0,0,0,0,3,0,0,365,0,0
6326,1,54.33026528474333,0,0,0,0,3,0,0,365,0,0
6327,1,64.2132688410382,0,0,1,0,4,0,0,365,0,1
6328,0,60.47360126357908,0,0,0,0,2,0,0,365,0,0
6329,0,60.35165527424887,1,0,0,0,6,0,0,365,1,1
6330,0,75.40570130772782,0,1,0,1,10,0,0,365,0,1
6331,1,64.32344330778649,0,0,0,0,6,0,0,365,0,0
6332,0,72.84611364009697,1,0,0,0,5,1,1,80,0,1
6333,0,54.255443517384776,0,0,0,0,7,1,0,365,0,0
6334,0,47.75120141223498,0,0,0,1,4,0,0,365,0,0
6335,0,63.563853437152254,0,1,0,0,7,0,1,327,0,0
6336,1,46.48472045706296,0,0,0,0,3,1,0,365,0,0
6337,0,58.23304717698066,1,0,0,0,6,0,0,365,0,1
6338,1,83.40016802623484,0,0,0,0,7,0,0,365,1,1
6339,0,72.87422746727309,1,0,0,0,6,0,0,365,0,0
6340,0,63.74184862343672,1,0,0,0,3,1,0,365,0,0
6341,0,60.24574337622917,1,0,1,0,8,0,0,365,0,0
6342,0,77.76439893124795,1,0,0,0,8,0,0,365,1,1
6343,0,81.25218344582427,0,0,0,0,9,0,1,200,0,0
6344,0,77.48617966989558,1,0,0,1,16,0,0,365,0,0
6345,0,68.34256358153425,1,1,0,1,7,0,0,365,1,1
6346,0,49.911815242645545,0,0,0,0,5,1,0,365,0,0
6347,0,75.42628441197319,1,0,0,1,5,0,0,365,0,0
6348,1,63.82081237826238,0,0,0,0,8,0,0,365,0,0
6349,1,58.79283404229439,0,0,0,0,5,0,0,365,0,0
6350,1,55.08789792758898,0,0,0,0,6,0,0,365,0,0
6351,0,76.62112017275048,1,0,0,0,2,0,0,365,0,0
6352,0,61.62776193437776,0,0,0,0,7,0,0,365,0,0
6353,0,64.27163387276248,1,0,0,0,4,0,0,365,1,0
6354,0,61.30520235899456,0,0,0,0,3,0,0,365,0,0
6355,0,54.05783009339021,1,0,0,0,1,1,0,365,0,0
6356,1,59.08787826020925,1,0,1,0,8,0,0,365,0,0
6357,1,69.9785202665462,1,0,0,0,5,0,0,365,1,1
6358,0,57.93997323402559,0,0,0,0,4,0,0,365,0,0
6359,0,72.76828911471479,1,0,0,0,6,0,0,365,0,0
6360,0,63.55423096163338,1,0,0,0,7,1,1,180,0,0
6361,1,76.57424486534991,1,1,0,0,5,0,0,365,0,1
6362,0,72.98302978624568,0,0,0,0,7,0,0,365,0,0
6363,0,60.91429831790573,0,0,0,0,5,0,0,365,0,0
6364,0,67.51789189748165,1,0,0,0,5,0,0,365,0,0
6365,0,56.50098220579575,1,0,0,0,6,0,0,365,0,0
6366,0,71.0387652253681,0,0,1,0,10,0,0,365,0,0
6367,0,60.72995986462256,1,1,0,0,6,0,0,365,0,0
6368,1,44.32257201442244,0,0,0,0,6,1,0,365,0,0
6369,0,51.26513593084451,1,0,0,1,2,1,0,365,0,0
6370,0,54.56351343117967,1,0,0,0,7,0,0,365,0,0
6371,1,55.42910945118438,1,0,0,0,6,1,0,365,0,0
6372,0,69.0244808664314,0,0,0,0,4,0,0,365,0,0
6373,0,69.61410466263446,0,0,0,0,6,0,0,365,0,0
6374,1,59.554286844356945,1,0,0,1,2,0,0,365,0,0
6375,1,71.4460958783521,1,0,0,0,4,1,1,207,0,1
6376,1,82.28807972426841,0,1,0,0,11,1,1,340,0,0
6377,1,53.03457182497676,0,0,0,1,7,1,1,92,0,1
6378,1,76.06401149939512,0,0,0,0,9,1,0,365,0,1
6379,1,67.8584714449601,1,0,0,0,4,0,0,365,0,0
6380,0,62.11290772855468,1,0,0,0,4,1,0,365,0,0
6381,0,50.48637076964606,1,0,0,0,1,0,0,365,0,0
6382,0,70.66569770713696,0,0,0,1,7,1,1,79,0,0
6383,0,70.83540919247919,0,0,0,0,3,0,0,365,0,0
6384,1,50.579626853394515,0,0,0,0,7,1,0,365,0,1
6385,0,75.21267914876691,1,0,1,0,4,0,0,365,0,1
6386,0,69.84521177645196,1,0,1,0,7,0,1,260,0,0
6387,1,63.02102988298545,1,0,1,0,8,1,0,365,0,0
6388,0,56.26587739892026,0,0,0,0,5,0,0,365,0,0
6389,0,62.484115552013684,0,0,0,0,8,0,0,365,1,0
6390,0,75.06321176910252,1,0,1,0,6,0,0,365,0,0
6391,1,69.65796902216988,0,0,0,0,5,1,1,115,0,0
6392,0,57.45436697993475,0,0,0,0,3,1,0,365,0,1
6393,0,73.14603172265535,0,0,1,1,5,0,0,365,0,0
6394,0,49.875123364281876,0,0,1,0,6,0,0,365,0,0
6395,1,61.65431696543901,1,0,0,0,5,0,0,365,0,0
6396,1,58.59545895244688,0,0,0,1,5,0,0,365,0,0
6397,0,76.58692033419777,1,0,1,0,0,0,0,365,0,1
6398,1,79.24884371642554,1,1,1,0,12,1,0,365,0,0
6399,0,75.10658624056893,0,0,0,0,8,1,0,365,0,0
6400,0,63.31786472250306,1,0,0,0,3,0,0,365,0,0
6401,0,73.06836046153848,1,0,0,0,7,0,1,2,0,0
6402,0,50.757105695510695,0,0,0,0,2,0,0,365,0,0
6403,1,62.75084663418198,0,0,1,0,4,0,0,365,0,0
6404,0,59.37275297921975,0,0,0,0,2,0,0,365,0,0
6405,1,65.68960443356778,1,0,0,1,4,0,0,365,0,1
6406,1,84.82932539681836,0,0,1,1,5,0,0,365,0,0
6407,1,72.86069665674783,1,0,0,0,7,0,1,318,0,0
6408,0,55.66023412394495,0,0,0,0,10,0,0,365,0,0
6409,1,75.13376623025466,1,0,0,1,6,1,0,365,0,0
6410,0,56.622634002013314,1,0,1,0,13,1,0,365,0,0
6411,0,58.326726423117364,1,0,1,0,4,0,0,365,0,0
6412,0,69.74334053210752,1,1,0,0,7,0,0,365,0,1
6413,0,73.3565662126834,1,0,0,0,3,0,0,365,0,0
6414,1,77.8813669692711,1,0,1,0,9,1,0,365,0,0
6415,0,48.599472228762146,1,0,0,0,3,0,0,365,0,0
6416,0,71.17046576084147,0,0,1,0,6,1,0,365,0,0
6417,1,69.16241027452728,1,0,0,1,9,1,0,365,0,0
6418,1,70.71495936224345,0,0,0,0,10,1,0,365,0,1
6419,1,57.996626242022366,1,0,0,0,3,1,0,365,0,1
6420,0,56.62959379074552,0,0,0,1,3,0,0,365,0,0
6421,1,79.84451216113064,0,0,0,0,4,0,0,365,1,0
6422,0,57.41978864664432,0,0,0,0,5,0,0,365,0,0
6423,1,62.72016866091535,1,0,0,1,3,0,0,365,1,0
6424,1,80.39024641396097,1,0,0,0,10,0,0,365,1,0
6425,0,62.34765434993049,0,0,0,1,2,0,0,365,0,1
6426,1,66.8101165057217,0,0,0,0,11,0,0,365,0,1
6427,0,60.83148516801213,0,0,0,1,4,1,0,365,0,0
6428,0,70.19438420287011,0,0,0,0,4,0,0,365,0,0
6429,0,61.931498308244194,0,0,0,0,7,0,0,365,0,0
6430,1,73.84413307839988,1,0,1,0,11,0,1,25,0,1
6431,0,63.673125871532704,1,1,0,0,8,0,0,365,0,0
6432,0,54.472937641605924,1,0,0,0,5,1,0,365,0,0
6433,0,70.80656062487097,0,0,0,0,6,1,0,365,0,0
6434,0,69.30102192709906,0,0,0,0,3,0,0,365,0,0
6435,1,58.244133438047534,0,0,0,0,7,1,0,365,0,0
6436,0,71.85628376595145,0,0,1,0,6,0,0,365,0,0
6437,1,64.05209102833501,0,0,0,0,7,0,0,365,0,0
6438,1,73.7058929442093,0,0,0,0,7,1,0,365,0,0
6439,0,71.87065206431222,1,0,0,0,5,0,1,330,0,1
6440,0,43.29634578669939,1,0,0,0,4,0,0,365,0,0
6441,0,47.13340382968893,1,0,0,0,8,0,0,365,0,0
6442,1,62.72815173691431,0,0,0,1,8,0,0,365,0,0
6443,1,56.32048383872869,0,0,0,0,6,0,0,365,0,0
6444,0,55.16269930769607,0,0,0,0,9,0,0,365,0,0
6445,0,64.50082796618115,0,0,0,1,3,1,0,365,0,0
6446,0,77.17167226542696,0,0,0,0,5,0,0,365,0,0
6447,1,78.03768941932202,0,0,1,1,10,1,0,365,0,0
6448,1,49.23018542379866,1,0,0,0,9,0,0,365,0,0
6449,0,67.9738354006333,1,0,0,0,10,0,0,365,0,0
6450,0,72.78588968788718,0,0,0,1,8,0,0,365,0,0
6451,0,55.83914481352693,1,0,0,0,10,0,0,365,0,0
6452,0,78.90459259188567,0,0,0,0,2,0,0,365,0,0
6453,1,79.74229593287069,0,0,0,0,5,0,1,258,0,1
6454,1,51.34748041220616,1,1,1,0,8,0,0,365,1,0
6455,1,65.75076370738365,0,0,0,0,3,0,0,365,0,1
6456,0,59.38609320219794,1,0,0,0,4,0,0,365,0,0
6457,1,67.72947958902162,0,0,0,0,5,0,0,365,0,0
6458,0,64.72432236930229,0,0,0,0,2,0,0,365,0,0
6459,1,73.59523738335872,0,0,1,1,10,0,0,365,0,0
6460,0,71.32457352382072,1,0,0,0,4,0,0,365,0,0
6461,1,73.19171542943401,0,0,0,0,9,1,0,365,0,0
6462,0,70.19423058129216,0,0,1,0,7,0,0,365,0,0
6463,0,73.57543650810483,0,0,1,0,3,0,0,365,0,0
6464,0,53.32271362070282,0,0,1,1,5,0,0,365,0,0
6465,0,64.56150472826805,0,0,1,0,6,0,0,365,0,0
6466,1,73.84620565700071,0,0,0,0,5,1,1,74,0,1
6467,0,49.97062502456208,0,0,0,0,3,1,0,365,0,0
6468,1,64.56159463194052,0,0,0,0,7,0,0,365,0,0
6469,0,64.15381335705958,1,0,0,1,8,0,0,365,0,0
6470,1,81.3681236511674,0,0,0,0,7,0,1,174,0,1
6471,0,70.77285747003928,1,0,0,0,9,0,0,365,1,0
6472,1,73.86542616457947,0,0,0,1,3,0,0,365,0,0
6473,0,58.954014386134645,0,0,0,0,6,0,0,365,0,0
6474,0,53.650802477762824,0,0,0,0,3,1,0,365,0,0
6475,1,46.042918002417906,1,0,0,0,5,0,0,365,1,0
6476,0,81.77429933709054,1,1,0,0,9,0,0,365,0,0
6477,0,58.02901729009273,0,0,0,0,2,0,0,365,1,0
6478,1,88.65832632187943,1,0,0,0,5,0,0,365,0,1
6479,0,59.52373168279527,1,0,0,0,6,0,0,365,0,0
6480,0,59.02055148785062,0,0,0,0,6,0,0,365,0,0
6481,0,79.09349958315482,0,0,0,0,7,0,0,365,0,0
6482,0,56.52273324835912,0,0,0,0,3,0,0,365,0,0
6483,0,68.68364039521371,1,0,1,0,7,0,0,365,0,0
6484,0,68.94467420795782,1,0,0,0,0,0,0,365,0,0
6485,0,63.29605428308421,1,0,0,0,4,0,1,79,1,0
6486,0,57.25226597056982,0,0,0,0,9,0,0,365,1,0
6487,1,71.92021650365919,1,0,0,0,8,0,0,365,0,1
6488,1,60.27228347623429,1,0,0,0,3,1,0,365,0,0
6489,1,79.10248559498183,1,0,1,0,8,1,1,112,1,1
6490,0,71.43863609354892,0,0,0,0,6,0,0,365,0,1
6491,0,50.84743873158705,0,0,0,0,5,1,0,365,0,0
6492,0,75.04931285249549,0,0,0,0,10,0,0,365,0,0
6493,0,57.91376025940882,0,0,0,0,5,0,0,365,0,0
6494,0,63.06518569447091,0,0,0,0,4,0,0,365,0,0
6495,1,75.66869582468088,1,0,0,0,7,1,1,128,1,1
6496,1,40.21785981472247,1,0,0,0,3,0,0,365,0,0
6497,1,64.97496145856557,1,0,0,0,5,1,0,365,0,0
6498,0,71.97056692338487,1,0,0,0,8,0,0,365,0,0
6499,0,73.01169846736634,0,0,0,0,7,0,1,214,1,1
6500,0,58.404034460691456,0,0,0,0,4,1,0,365,0,0
6501,1,61.531458557307865,1,1,0,0,7,0,0,365,0,0
6502,1,62.639547086669275,1,0,0,0,4,0,0,365,0,1
6503,0,49.89025791889087,0,0,0,0,5,1,0,365,0,1
6504,1,68.69357788664998,1,0,0,0,9,0,1,128,0,1
6505,0,50.986837027327745,0,0,0,0,4,0,0,365,1,0
6506,1,75.25578627699824,0,0,0,1,5,1,0,365,0,0
6507,0,65.44329485826292,0,0,0,0,5,0,0,365,0,0
6508,0,77.4609448954055,0,0,0,0,5,0,0,365,0,0
6509,1,83.25356980594376,1,0,0,0,6,1,0,365,0,1
6510,0,64.92132463891441,0,0,0,0,5,0,0,365,0,0
6511,1,79.24463925423198,0,0,0,0,10,0,1,113,0,1
6512,1,67.78423602210317,0,0,0,0,4,0,0,365,0,0
6513,0,75.21883456122833,1,0,0,0,3,0,0,365,1,0
6514,0,44.903456089792854,0,0,0,0,2,0,0,365,0,0
6515,0,73.22884044678615,1,0,0,0,5,0,0,365,0,0
6516,0,51.897027401896395,0,0,0,0,3,0,0,365,0,0
6517,1,68.508013455728,1,1,0,0,11,0,0,365,0,0
6518,0,59.38525201537097,0,0,0,0,4,1,1,335,0,0
6519,0,53.70684757293452,0,0,0,0,5,1,0,365,0,0
6520,0,61.89377777141453,0,0,0,0,4,1,0,365,0,0
6521,0,68.98050419911691,0,0,0,0,11,0,0,365,0,0
6522,1,59.3907011819401,1,0,1,0,7,0,0,365,0,0
6523,0,64.21728607968116,0,1,0,0,7,1,0,365,0,1
6524,0,75.04222672145684,0,0,1,0,3,0,0,365,0,0
6525,1,73.92045008561826,1,0,1,1,4,0,0,365,0,0
6526,0,66.22961510363302,0,0,0,1,5,0,0,365,0,0
6527,0,56.92904661471207,1,1,0,1,3,0,0,365,0,0
6528,1,69.84296752963422,1,0,0,0,6,1,0,365,0,0
6529,1,61.355557499587746,0,0,0,0,9,0,0,365,0,0
6530,0,41.076447707887986,0,0,0,0,6,1,0,365,0,0
6531,1,57.51434391921401,0,0,0,1,8,1,1,196,0,0
6532,1,66.60370977755035,0,0,0,1,7,0,0,365,0,0
6533,0,76.47746352047004,0,0,0,0,8,0,0,365,0,0
6534,0,53.79366370824168,1,0,0,0,5,0,0,365,0,0
6535,0,65.25095489370786,1,0,0,0,3,1,0,365,0,0
6536,1,79.73861741361394,0,0,0,1,9,0,0,365,0,0
6537,0,57.38452677342649,0,0,0,0,7,0,1,277,0,0
6538,1,66.61391395112129,1,0,0,0,3,0,0,365,0,0
6539,0,66.49533642676971,0,0,0,1,5,0,0,365,0,0
6540,0,60.33179824961168,1,0,0,0,6,0,0,365,0,0
6541,0,79.29022666682,1,0,1,0,8,0,0,365,0,0
6542,0,79.33982251151349,1,0,0,0,10,0,0,365,0,0
6543,0,75.39386181262249,0,0,1,1,5,1,0,365,1,0
6544,1,68.33468522033208,0,0,1,0,6,0,0,365,0,0
6545,1,85.46819946662329,0,0,0,0,11,0,0,365,0,1
6546,0,90.89388185203268,1,0,0,0,3,1,0,365,0,0
6547,0,70.88586121946952,0,0,0,0,4,1,0,365,1,0
6548,0,71.98131544077644,1,0,0,0,5,1,0,365,0,0
6549,1,70.46883483961929,0,0,1,0,10,0,0,365,1,0
6550,0,72.00901404198542,0,0,0,0,6,0,0,365,0,0
6551,1,78.83519214204796,0,0,1,0,5,0,0,365,1,0
6552,1,65.88809909157762,1,0,0,0,3,0,0,365,0,0
6553,1,62.93086452476827,0,0,0,0,7,1,0,365,1,1
6554,0,85.48165866026062,1,0,0,1,10,0,0,365,0,0
6555,0,66.09822296710871,0,0,0,1,6,0,0,365,0,0
6556,1,69.06980829683108,1,1,0,0,5,1,0,365,0,0
6557,1,86.22439126539965,0,0,0,1,7,1,0,365,0,0
6558,1,63.53164505737263,1,1,0,1,7,0,0,365,0,0
6559,1,65.21227958692947,1,0,0,0,5,0,0,365,0,0
6560,0,60.975897661353095,0,0,0,0,9,0,0,365,0,0
6561,1,64.2261541192094,0,0,0,0,5,0,0,365,0,0
6562,0,59.762137685685005,1,0,0,0,7,0,0,365,0,0
6563,0,49.041777486370556,1,0,0,0,10,0,0,365,0,0
6564,1,71.76172318399979,1,0,0,0,7,1,0,365,1,0
6565,0,59.200009066332036,0,0,0,0,7,1,0,365,0,0
6566,1,72.91745986607687,1,1,0,0,9,0,0,365,0,0
6567,1,72.80001961878511,1,1,0,0,4,0,0,365,0,1
6568,1,72.06007811830914,0,1,0,0,1,0,0,365,0,0
6569,0,83.03782489362926,1,0,1,0,5,0,0,365,0,0
6570,1,44.67037067619842,0,0,0,0,5,0,0,365,0,0
6571,1,76.90221170535702,1,0,1,1,8,1,1,59,0,1
6572,0,52.20569962121921,1,1,0,0,6,1,0,365,0,0
6573,0,40.0,0,0,0,1,2,0,1,217,0,0
6574,0,71.35279171758762,0,0,0,0,6,0,0,365,0,0
6575,0,69.78614956416781,0,0,0,0,10,0,0,365,0,0
6576,1,90.28498097650152,0,0,1,0,9,0,0,365,0,0
6577,0,74.67600925554667,1,0,0,0,6,0,1,55,0,0
6578,0,65.94939179362962,1,0,0,0,11,0,0,365,0,0
6579,1,68.37352571030989,0,0,1,1,8,0,0,365,0,1
6580,0,68.03940018603707,0,0,0,0,5,0,0,365,0,0
6581,0,87.08448442363274,0,0,0,0,7,0,0,365,0,0
6582,1,74.13432922245492,0,0,0,1,8,0,0,365,0,0
6583,0,64.89727297217489,1,0,0,0,5,1,0,365,1,0
6584,1,71.810242923568,0,0,0,0,5,0,0,365,0,0
6585,0,68.07831183569546,0,0,0,0,6,0,0,365,0,0
6586,0,58.98905206211453,0,0,0,0,3,0,0,365,0,0
6587,0,62.54004995032268,1,0,0,0,5,0,0,365,0,0
6588,1,67.43942518778348,0,1,0,0,3,1,0,365,0,1
6589,1,58.288148560990344,1,0,0,0,6,0,0,365,0,0
6590,1,61.39756534214429,1,0,0,0,5,0,0,365,0,0
6591,0,63.335805765602466,1,0,0,0,3,0,0,365,0,0
6592,0,61.7184806978156,0,0,0,1,4,0,0,365,0,0
6593,0,76.32182543905355,0,0,0,0,2,0,0,365,0,0
6594,0,66.49910749115746,1,0,0,0,6,0,0,365,0,1
6595,1,72.16299475718486,1,0,0,0,6,0,0,365,0,0
6596,0,67.63731279995964,0,0,0,0,2,1,0,365,0,0
6597,1,48.09577727826985,0,0,0,0,5,0,0,365,0,0
6598,1,57.88189860596458,1,0,0,0,3,0,0,365,0,0
6599,0,79.42636684741217,1,0,0,1,6,0,0,365,0,0
6600,0,57.67185510280736,0,0,0,0,8,0,0,365,0,0
6601,0,76.55448576128343,1,0,0,0,7,0,0,365,0,0
6602,1,85.08360956148817,0,0,1,0,11,0,1,1,1,1
6603,1,66.60659506786398,1,0,0,0,6,0,0,365,0,0
6604,1,61.05289568447199,0,0,1,0,9,1,0,365,0,0
6605,0,78.19527409288135,0,0,0,0,8,1,1,102,0,0
6606,0,73.93311063760869,1,1,0,0,7,0,0,365,0,0
6607,0,71.87138970742764,1,0,1,0,7,0,0,365,0,0
6608,0,56.57114718019717,1,0,0,0,4,0,0,365,0,0
6609,0,78.78785282564067,1,0,0,0,5,0,0,365,0,1
6610,0,66.77020501768315,0,1,0,1,7,1,1,241,0,0
6611,1,75.72840730108575,1,0,0,0,5,1,0,365,0,1
6612,0,52.72820447387846,0,0,0,0,3,0,0,365,0,0
6613,0,65.91994561919009,1,0,0,0,4,1,0,365,0,0
6614,0,56.379628973632016,0,0,1,0,8,0,1,319,0,0
6615,0,59.96383811884412,1,0,0,0,10,1,0,365,0,0
6616,1,71.13013923025754,1,1,0,0,9,0,0,365,0,0
6617,0,77.30825891968806,1,0,1,0,12,0,1,75,0,0
6618,0,65.11054288529076,0,0,0,0,7,0,0,365,0,0
6619,1,67.60482413349165,0,0,0,0,8,1,0,365,0,0
6620,1,66.69173512881477,1,0,1,0,6,1,0,365,0,0
6621,0,57.2326366370753,0,0,0,0,8,1,0,365,0,0
6622,1,63.92733340020262,0,0,0,1,7,1,0,365,0,1
6623,1,61.2457223085442,1,0,0,1,6,0,0,365,0,0
6624,0,61.029526834191515,0,0,1,0,5,0,0,365,0,0
6625,0,62.050773631193174,1,0,0,1,8,0,0,365,0,0
6626,0,73.4779317670847,0,0,0,0,9,0,0,365,0,0
6627,0,87.68425569724253,0,0,0,0,6,0,0,365,0,1
6628,1,79.99639370620257,0,0,0,0,5,0,0,365,0,1
6629,0,54.6121863648989,0,0,0,0,3,0,0,365,0,0
6630,0,58.68466618240307,0,0,0,0,3,0,0,365,0,1
6631,0,57.78138344720579,0,0,0,0,6,0,1,321,0,1
6632,1,75.75006754930456,1,0,0,0,9,0,0,365,0,0
6633,0,56.415854485121784,0,0,0,0,3,1,1,124,0,0
6634,0,57.47411301591205,1,1,0,0,5,0,0,365,0,0
6635,0,84.13587596995976,0,0,0,0,7,0,0,365,0,0
6636,1,56.13942822933444,0,0,0,0,6,0,0,365,0,0
6637,0,69.18238443796596,0,0,1,1,4,0,0,365,0,0
6638,0,63.037161759770655,1,1,0,1,3,0,0,365,0,0
6639,0,59.49143762869712,0,0,0,0,4,1,1,355,0,0
6640,0,68.87701415532035,0,0,0,0,5,0,0,365,0,0
6641,1,67.88517908210235,1,0,1,0,9,0,0,365,0,0
6642,0,61.35019684111195,0,0,0,0,4,0,0,365,0,1
6643,0,67.43066163984744,1,0,0,0,7,0,0,365,0,0
6644,0,63.32262366755543,1,0,0,0,2,0,0,365,0,0
6645,1,63.78947591245449,0,0,0,0,2,0,0,365,0,0
6646,1,72.70496737402485,1,0,0,0,5,0,0,365,0,0
6647,0,63.25608059065693,0,0,0,1,5,0,0,365,0,0
6648,0,62.40739410434277,0,0,0,0,5,0,0,365,0,0
6649,1,81.34994397944118,0,0,0,0,2,1,0,365,0,0
6650,1,71.40918204596272,1,0,1,0,6,0,0,365,1,0
6651,0,55.178870264208925,1,0,0,0,4,0,0,365,0,0
6652,0,62.91635581099662,0,0,0,1,7,1,0,365,0,0
6653,1,51.39752238474882,0,0,0,0,5,1,0,365,0,0
6654,0,66.4017842168464,1,0,0,0,9,0,1,179,0,0
6655,0,60.46700612441375,0,0,0,0,8,0,0,365,0,0
6656,0,51.525064770751236,0,0,0,0,2,0,0,365,0,0
6657,0,72.66411768239908,1,0,0,0,6,0,0,365,0,0
6658,1,79.91483225280261,0,0,1,0,10,0,0,365,0,0
6659,1,64.22981441997457,1,0,0,0,5,0,0,365,0,1
6660,1,74.11861469164654,0,0,1,0,7,0,0,365,0,0
6661,1,76.81825118353697,1,0,0,0,7,0,0,365,0,0
6662,1,85.07017587967185,0,0,0,0,6,0,1,90,0,1
6663,0,69.53890735867276,0,0,0,0,4,0,0,365,0,1
6664,0,58.00063705723793,1,0,0,0,5,1,0,365,0,0
6665,0,50.639153340167745,0,0,0,0,3,1,0,365,0,0
6666,0,51.008008162816694,1,1,0,1,4,0,1,273,1,0
6667,0,59.309212093948986,0,0,0,0,8,1,0,365,0,0
6668,1,78.84137235819189,1,1,0,1,12,1,0,365,0,0
6669,1,57.85935655835688,0,0,0,1,10,0,0,365,0,0
6670,1,59.29554642821873,0,0,0,0,5,0,0,365,0,0
6671,1,59.57707472155181,0,0,0,1,6,0,0,365,0,0
6672,1,62.74369408164466,1,0,0,0,4,1,1,164,0,0
6673,1,57.71567010316104,0,0,1,0,7,1,0,365,0,0
6674,0,83.21893458204299,0,0,0,0,6,0,0,365,0,1
6675,1,57.66355838825815,1,0,0,0,8,0,0,365,0,0
6676,0,64.85737454992207,0,0,0,0,4,0,0,365,0,0
6677,0,72.34965542214911,0,0,1,0,10,0,0,365,0,1
6678,0,52.81066084269352,1,0,0,0,7,0,0,365,0,0
6679,0,62.355530758011554,0,0,0,0,3,1,0,365,0,0
6680,0,62.24650751197982,1,0,0,0,9,1,0,365,1,0
6681,0,60.61034760955609,0,0,0,0,4,0,0,365,0,0
6682,0,52.685883081360814,1,0,0,1,7,0,0,365,0,0
6683,0,59.91909873024663,1,0,1,0,7,1,0,365,0,0
6684,1,65.92370851718897,1,0,0,0,3,0,0,365,0,0
6685,0,67.69631067248767,1,0,0,0,10,1,0,365,0,1
6686,1,59.38835663750512,1,0,0,0,3,0,0,365,0,1
6687,1,63.82569233505433,0,0,1,0,3,0,0,365,0,0
6688,0,64.60598069217171,1,0,0,0,6,0,0,365,0,0
6689,0,76.19257223318488,0,0,0,0,2,0,0,365,0,0
6690,0,82.89123316173351,1,0,0,1,9,0,0,365,0,0
6691,0,71.85510714330452,0,1,0,0,8,1,1,26,0,0
6692,0,52.04683006078571,0,0,0,0,8,0,0,365,0,0
6693,0,52.77967958496292,0,0,0,0,3,1,0,365,0,0
6694,1,74.8054174710139,0,0,0,0,3,1,1,279,0,1
6695,0,61.158724244508676,1,0,0,0,5,0,0,365,0,0
6696,0,68.79429388363975,0,0,0,0,8,0,0,365,0,0
6697,0,62.590561928676074,1,0,1,0,4,0,0,365,0,0
6698,0,57.86243642174591,1,0,0,1,6,0,0,365,0,0
6699,0,59.906299045596306,0,0,0,0,2,1,0,365,0,0
6700,0,55.95701089344243,0,0,0,0,4,0,0,365,0,0
6701,1,54.38605095017607,1,1,0,0,5,0,0,365,0,0
6702,0,58.32139624679816,0,0,0,0,6,0,0,365,0,0
6703,1,53.079534195101616,1,0,0,1,5,1,0,365,0,0
6704,1,69.57858238618876,0,0,0,1,7,0,0,365,0,1
6705,1,67.50550175474265,1,0,0,0,5,0,0,365,0,0
6706,1,62.197646833437766,0,0,0,0,7,1,0,365,0,0
6707,0,61.71243950804277,0,0,0,0,5,0,0,365,0,0
6708,1,65.05830166710344,0,0,0,0,9,0,0,365,1,0
6709,0,62.08596087540111,0,0,0,0,6,0,0,365,0,0
6710,1,69.86574159083459,0,0,0,0,8,0,0,365,0,0
6711,0,64.65349769547616,0,0,0,0,4,1,0,365,0,0
6712,1,63.43484335185273,1,0,1,1,8,0,0,365,0,0
6713,0,68.09357960564805,0,0,0,0,6,0,0,365,0,0
6714,1,78.90349935882077,0,0,0,0,6,0,0,365,0,1
6715,0,63.528603969923665,1,0,0,0,10,0,0,365,0,0
6716,1,62.59765189215258,0,0,1,0,8,0,0,365,0,0
6717,0,62.425949705768055,0,0,0,1,8,0,1,164,0,1
6718,1,89.86389312381868,1,1,0,0,13,0,1,328,0,1
6719,0,62.02617658784837,1,0,0,0,6,1,0,365,0,0
6720,0,58.159448407287286,0,0,1,1,5,0,0,365,0,0
6721,0,52.54623690938406,0,0,0,0,8,0,0,365,0,0
6722,1,64.21667931869752,0,0,0,0,3,0,0,365,0,0
6723,1,55.71927529277319,0,0,1,0,6,0,0,365,0,0
6724,1,52.18109639398232,0,0,0,0,7,0,0,365,1,0
6725,0,77.12957634088272,1,0,0,0,3,0,0,365,0,1
6726,0,57.264113615999655,0,0,0,0,7,0,0,365,0,0
6727,1,69.24627820415844,1,0,0,0,10,0,0,365,0,1
6728,0,67.1695662400849,0,0,0,0,7,1,0,365,0,1
6729,0,63.071854458333426,0,0,0,0,8,1,0,365,0,0
6730,0,62.26636770434889,1,0,0,1,6,0,1,156,0,0
6731,0,57.181649621543954,0,0,1,0,5,0,0,365,0,0
6732,0,63.701813392864196,1,0,0,0,5,0,1,139,1,0
6733,0,46.97223042763572,1,0,0,0,7,0,0,365,0,0
6734,0,47.040440379907245,1,0,0,1,2,0,0,365,0,0
6735,1,63.80737957213195,1,0,0,0,3,0,1,12,0,1
6736,0,48.28777820604377,0,0,0,0,8,0,0,365,0,0
6737,0,48.15495240500985,0,0,0,0,9,0,0,365,0,0
6738,1,92.30232577962356,1,1,1,0,13,0,1,48,0,1
6739,0,50.164068648849444,0,0,0,0,3,1,0,365,0,0
6740,0,64.53761827961421,0,1,1,0,5,1,0,365,0,0
6741,0,57.63607649202322,1,0,0,1,6,0,0,365,0,0
6742,0,86.77498118938959,0,0,0,0,13,0,0,365,0,0
6743,1,76.50015872482658,0,0,0,0,7,1,0,365,0,1
6744,1,78.49391172022067,1,0,0,0,4,0,0,365,0,0
6745,0,73.93160058312763,0,0,0,0,6,0,0,365,0,0
6746,0,59.662494440936534,1,0,0,0,4,0,0,365,0,0
6747,0,57.16616936854596,0,0,0,0,1,1,0,365,0,0
6748,0,60.52868042267173,1,1,0,0,5,0,0,365,0,0
6749,1,68.76984894295731,1,0,1,1,6,0,1,79,0,0
6750,0,75.68971120574291,1,0,0,0,4,0,0,365,0,0
6751,1,52.63611217499775,0,0,0,0,2,0,1,211,1,1
6752,1,57.715431815360006,0,0,1,0,8,0,0,365,0,0
6753,1,77.89123847597676,1,0,0,1,8,0,0,365,0,0
6754,1,64.31933988673987,1,0,0,1,6,1,0,365,0,1
6755,1,57.78982813669389,0,0,0,1,8,0,0,365,0,0
6756,0,54.34753412640325,1,0,0,1,3,0,1,177,0,0
6757,1,63.74346601348523,0,0,0,0,7,0,0,365,0,0
6758,1,63.961912164984476,1,0,0,0,7,1,0,365,0,0
6759,1,47.45140295195442,0,0,0,0,6,0,0,365,0,0
6760,1,53.42773638054744,1,0,0,1,10,0,0,365,0,0
6761,1,59.01153996585706,0,1,0,0,9,0,1,32,0,0
6762,0,52.26022831082319,1,0,1,0,8,0,0,365,0,0
6763,0,66.52238956759054,1,1,0,0,4,0,1,238,0,1
6764,1,66.18448478481284,0,0,1,0,7,0,0,365,0,0
6765,0,71.78500376165519,0,0,0,0,7,0,0,365,0,0
6766,1,76.69247584885917,0,1,0,0,12,0,0,365,0,0
6767,0,70.99378184275112,0,0,0,0,8,0,0,365,1,0
6768,0,63.818494091588626,0,0,0,0,4,0,0,365,0,0
6769,1,65.47530910912081,0,0,0,1,3,1,0,365,0,1
6770,0,57.70489331543456,0,0,0,0,3,1,0,365,0,0
6771,0,66.49291365976458,0,0,0,0,10,0,0,365,0,0
6772,1,61.971610352173684,0,1,0,0,4,0,0,365,0,0
6773,0,61.35341369249131,0,0,0,0,5,0,0,365,0,0
6774,0,71.29642575375058,1,1,0,0,5,0,1,114,0,0
6775,1,79.79252768498823,0,1,0,0,6,0,0,365,0,0
6776,1,74.9566067958275,0,0,1,0,6,0,1,102,0,0
6777,0,59.747640920445036,0,0,0,0,4,0,0,365,0,0
6778,1,73.6200244365464,1,0,0,0,4,0,0,365,0,0
6779,1,68.59788910070233,0,0,0,0,10,0,0,365,0,0
6780,1,70.502342002308,0,0,1,1,9,0,0,365,0,0
6781,0,74.04780985217792,0,0,1,0,8,0,0,365,0,0
6782,1,92.95584575194422,0,0,0,0,11,1,0,365,0,0
6783,1,54.54537371215157,0,0,0,0,3,1,0,365,0,0
6784,0,66.07336425580351,1,0,0,0,7,0,0,365,0,0
6785,1,62.567294506902726,1,0,0,0,2,1,0,365,0,0
6786,1,53.19004847308,0,0,0,0,5,1,0,365,1,1
6787,1,78.92458126214966,1,0,0,0,4,0,1,7,0,1
6788,1,76.7044822553535,1,0,0,0,4,0,0,365,0,0
6789,1,89.82553513466277,0,0,0,0,9,0,1,132,0,0
6790,1,89.93920720539357,1,0,0,0,8,1,0,365,0,1
6791,0,59.26417381845889,0,0,0,0,2,0,0,365,0,0
6792,0,58.59107587877135,0,0,0,0,0,0,0,365,0,0
6793,0,52.01784818296929,0,0,0,0,9,1,0,365,0,0
6794,0,62.3161378683488,1,0,0,0,2,0,1,214,0,0
6795,0,81.83845354728837,0,1,0,0,10,1,1,129,0,1
6796,0,86.40695511724894,0,0,0,0,9,0,0,365,0,1
6797,1,71.31852608420232,1,1,0,1,12,1,0,365,0,0
6798,1,67.05768131926341,0,0,1,0,7,0,0,365,0,0
6799,0,71.38463428811579,0,1,0,0,4,1,1,243,0,0
6800,1,66.1400347041327,0,0,0,0,2,1,0,365,0,1
6801,1,67.21660424217725,0,0,0,0,5,0,0,365,0,0
6802,0,67.04615239249055,1,0,0,1,4,0,0,365,0,1
6803,1,80.19876759959263,0,0,0,0,5,1,0,365,0,0
6804,0,73.8513003168402,1,0,0,1,9,0,0,365,0,0
6805,0,58.08943603425193,0,0,0,1,5,0,0,365,0,0
6806,0,57.41970668647335,1,0,0,0,4,1,0,365,0,0
6807,0,78.59577647798199,1,0,0,0,4,1,0,365,0,0
6808,0,58.044790869327706,1,0,1,0,7,0,0,365,0,0
6809,0,54.87236940875223,0,0,0,0,0,1,0,365,0,0
6810,1,82.30171963681893,0,0,0,0,3,0,0,365,0,1
6811,1,75.40336037393989,1,0,0,0,10,0,0,365,0,0
6812,0,64.48489649037498,0,0,0,0,3,1,0,365,0,0
6813,0,59.8530878467706,0,0,0,1,7,0,0,365,0,0
6814,0,61.50072460953456,1,0,0,0,5,1,0,365,0,0
6815,0,72.49518738673727,1,0,0,1,10,0,0,365,0,0
6816,0,86.08766678361671,1,0,0,0,3,1,0,365,0,0
6817,1,74.01329473526032,0,0,1,0,7,0,0,365,0,0
6818,0,67.30869275075331,0,0,1,0,1,1,0,365,0,0
6819,1,78.18169124681631,1,0,0,0,4,0,1,4,1,1
6820,0,59.48364149722675,1,0,0,0,2,0,0,365,0,0
6821,0,69.76437686768564,1,0,0,0,6,0,0,365,0,0
6822,1,77.35455691840869,1,0,0,0,7,0,0,365,0,0
6823,0,59.66096947228955,1,0,0,0,5,1,1,78,0,0
6824,0,74.541968323973,1,0,0,0,3,0,0,365,0,0
6825,0,58.76610557464184,0,0,0,0,3,1,0,365,0,1
6826,1,68.38177608845615,0,0,0,0,7,0,0,365,0,0
6827,0,71.36830357986497,0,0,1,0,6,0,0,365,0,0
6828,0,66.3839435876538,1,0,0,0,7,0,0,365,0,1
6829,1,74.61052356613945,0,0,0,1,4,1,0,365,0,0
6830,1,63.08641071278805,0,0,0,0,9,1,0,365,0,0
6831,0,75.09697374269837,1,0,1,0,9,1,0,365,0,0
6832,0,69.92342862039415,0,0,0,0,5,0,0,365,0,1
6833,1,72.7439326857671,0,0,0,0,5,0,0,365,1,1
6834,0,61.101394697803435,0,0,0,0,8,1,0,365,0,0
6835,1,67.57152186829339,1,0,1,0,7,0,0,365,0,0
6836,0,47.81679708767925,1,0,0,0,3,0,0,365,0,0
6837,1,87.34008329000982,1,1,0,0,11,0,1,258,0,1
6838,0,74.98747256714294,1,0,0,1,3,0,1,100,1,0
6839,0,64.74801226976015,0,0,0,0,6,0,0,365,0,0
6840,1,70.47509090064963,0,0,0,0,4,0,0,365,0,0
6841,1,66.96202677584827,0,0,0,1,7,0,0,365,0,0
6842,1,62.33656328709562,0,0,0,0,5,1,0,365,0,1
6843,1,55.14404899269317,1,0,0,0,4,1,0,365,1,1
6844,0,62.53370188851401,0,0,0,0,5,0,0,365,0,0
6845,1,70.12704925979212,1,0,0,1,6,0,0,365,0,1
6846,1,81.12255201180184,0,1,0,0,10,0,0,365,0,1
6847,1,53.49546782409521,1,0,0,0,7,0,0,365,0,0
6848,1,60.046094194186026,1,0,0,1,3,0,0,365,0,0
6849,0,69.53423699783845,0,0,0,0,8,0,1,72,0,0
6850,1,73.39591184478869,1,0,0,0,7,0,0,365,0,0
6851,1,64.11962311759058,1,0,0,0,8,1,0,365,0,1
6852,1,58.54547231841157,1,0,0,0,1,1,0,365,0,0
6853,1,83.53420361487707,0,0,0,1,6,0,0,365,0,0
6854,0,58.63651572262401,0,0,0,0,4,0,0,365,0,0
6855,0,75.44814945587962,0,0,0,0,4,1,0,365,0,0
6856,0,70.04909891856927,0,0,0,0,6,0,0,365,0,0
6857,0,71.32793172190043,0,0,0,0,4,0,0,365,0,0
6858,0,49.849015535579895,0,0,0,0,7,1,0,365,0,0
6859,0,73.3275454552105,0,0,0,0,5,0,0,365,0,0
6860,1,87.03739997933778,1,0,0,0,4,0,0,365,0,0
6861,1,70.9718524027821,1,0,0,1,3,0,0,365,0,1
6862,1,88.12592421330098,1,0,1,0,6,0,0,365,1,0
6863,1,58.63093086272258,1,1,0,1,6,0,0,365,0,0
6864,0,84.98727684873194,0,0,0,0,8,0,0,365,0,0
6865,0,50.71571829288099,1,0,0,0,5,0,1,265,0,0
6866,1,73.61784322291827,1,0,1,1,7,1,0,365,0,0
6867,0,73.64114305935365,0,0,1,0,8,0,0,365,0,0
6868,1,57.65795492389314,0,0,0,1,8,0,0,365,0,0
6869,1,73.32865838540302,1,0,0,0,7,0,0,365,0,0
6870,0,64.17516235536745,1,0,0,0,3,1,0,365,0,0
6871,1,78.57893872849496,1,0,0,1,6,0,1,48,0,1
6872,0,59.088762705163845,0,0,0,0,1,0,0,365,0,0
6873,0,66.2642509632203,0,0,0,0,7,1,0,365,0,0
6874,0,57.473253283196804,1,0,0,0,4,0,0,365,0,0
6875,0,71.7607900404761,1,0,0,0,6,0,0,365,1,0
6876,0,75.28099548052307,1,0,0,0,4,0,0,365,0,0
6877,0,67.7943553130481,1,0,0,0,1,0,0,365,0,0
6878,0,67.86382791639302,1,0,1,0,8,0,1,272,0,0
6879,1,59.47473147039931,1,0,0,1,8,0,1,25,0,0
6880,1,81.65687607579864,0,1,1,1,14,0,1,243,0,1
6881,0,57.502004645754454,0,0,0,0,6,0,0,365,1,0
6882,0,69.22569119578691,1,0,0,0,5,0,0,365,0,0
6883,0,64.90673406677058,0,0,0,1,4,0,0,365,0,0
6884,0,71.98323371723127,0,0,0,0,2,0,0,365,0,0
6885,1,67.56754386399115,0,0,1,0,9,0,0,365,0,0
6886,1,73.05974953517843,0,0,1,1,10,0,0,365,0,0
6887,0,61.75776557520953,0,0,0,0,4,0,0,365,0,0
6888,1,47.31330084672564,1,0,0,0,1,1,0,365,0,0
6889,0,83.44635949596817,1,0,0,0,7,0,0,365,0,0
6890,0,64.473089685942,1,0,0,0,3,0,0,365,0,0
6891,0,60.01685996378704,1,0,0,0,4,0,0,365,0,0
6892,0,73.55574530135902,0,0,0,1,5,0,0,365,0,1
6893,0,87.76625356402718,0,0,0,0,2,1,0,365,0,0
6894,0,62.53129157431825,1,0,1,0,3,0,0,365,0,0
6895,0,74.72088608210233,0,0,0,0,6,0,0,365,0,0
6896,0,61.21337638369859,0,0,0,0,9,0,0,365,0,0
6897,0,66.53351674661482,0,0,0,0,3,0,0,365,1,0
6898,0,55.16914565511667,0,0,0,0,4,1,0,365,0,0
6899,0,60.29775505474402,1,0,0,0,4,0,0,365,0,0
6900,0,55.84900466673193,0,0,0,0,3,0,0,365,0,1
6901,1,68.6640005725035,0,0,0,0,6,0,0,365,0,0
6902,1,75.07191373383151,1,0,0,0,8,1,0,365,0,0
6903,0,45.26848812848122,0,0,0,0,2,1,0,365,1,0
6904,0,59.77121221739084,1,0,0,0,4,0,0,365,0,0
6905,0,92.8593834286885,0,0,0,0,7,0,0,365,0,0
6906,1,63.07001283244989,0,0,0,0,6,1,0,365,0,0
6907,0,71.43148941836863,0,0,1,0,11,0,0,365,0,0
6908,1,70.7353235543439,0,0,0,1,6,0,0,365,0,0
6909,0,42.93893815063643,0,0,0,0,5,0,0,365,0,0
6910,1,65.23898764506146,0,0,0,0,3,0,0,365,0,1
6911,0,62.06245651501809,1,1,0,0,5,0,0,365,0,0
6912,0,47.89312938276082,1,0,0,0,5,0,0,365,1,0
6913,1,82.45499321533137,1,0,0,0,8,0,0,365,0,0
6914,1,74.9750324909953,0,0,1,0,5,1,0,365,0,0
6915,0,72.64603407339497,0,0,1,0,5,0,0,365,0,0
6916,1,73.8965172987418,0,0,1,0,8,0,0,365,0,0
6917,0,74.26867696695042,0,0,0,0,4,1,0,365,0,0
6918,1,60.61102489271407,1,0,0,0,7,1,1,10,0,1
6919,1,71.22942044444251,0,0,0,1,4,0,0,365,0,0
6920,0,65.08055301047882,0,0,0,0,7,0,0,365,0,0
6921,0,78.5266442338786,0,0,0,0,8,1,1,345,0,1
6922,0,70.92548485680095,0,0,0,0,8,0,0,365,0,0
6923,1,77.77464674689165,0,0,0,0,6,0,0,365,0,1
6924,0,56.04170491569699,1,0,0,0,4,0,0,365,0,0
6925,0,84.29920820772169,1,0,0,0,7,1,1,179,1,1
6926,0,54.191135710371064,1,0,0,0,3,0,0,365,0,0
6927,1,69.95329255283966,0,1,0,0,4,0,0,365,0,0
6928,0,59.54466890586395,0,0,0,0,5,0,1,237,0,0
6929,1,72.18231959168763,0,1,0,0,11,0,0,365,0,0
6930,0,63.25825800725848,1,0,0,1,8,0,0,365,0,0
6931,0,52.522229910982205,1,0,0,0,8,1,0,365,0,0
6932,0,70.22892230214582,0,0,0,0,6,1,0,365,1,0
6933,0,46.040898771998954,0,0,0,0,5,0,0,365,0,0
6934,0,58.39021734003784,1,0,0,0,7,0,0,365,0,0
6935,1,65.72474041324705,0,0,0,1,12,0,0,365,0,0
6936,0,82.76461541611471,1,0,0,0,2,0,0,365,0,0
6937,1,53.36739223517907,1,0,0,0,3,1,0,365,0,0
6938,0,60.80784716605179,1,0,0,0,3,0,0,365,0,0
6939,1,66.03893242345899,1,0,0,0,7,0,0,365,0,1
6940,1,61.19297872249676,1,1,1,0,12,0,0,365,0,0
6941,1,81.89882980827957,0,0,0,0,5,0,0,365,0,1
6942,0,63.70166207365397,0,0,0,1,4,0,0,365,0,0
6943,0,63.94721242060039,0,0,0,0,5,0,0,365,0,0
6944,0,74.77055215067017,0,0,1,0,9,0,0,365,0,0
6945,0,53.18792545459969,0,0,0,1,2,0,0,365,0,0
6946,1,67.15280630226236,0,0,1,1,9,0,0,365,0,0
6947,0,80.23060931811443,0,0,1,0,6,0,0,365,0,0
6948,1,72.94105099072709,0,0,0,0,8,1,1,321,0,1
6949,1,89.35108725199228,0,0,0,0,7,0,0,365,1,1
6950,1,70.25985991538369,0,0,0,0,5,0,1,313,0,1
6951,1,79.1909945865421,1,0,1,1,7,0,1,49,0,0
6952,0,58.46767438513459,1,0,0,0,6,1,0,365,0,0
6953,0,72.9085787000064,0,0,0,0,8,0,0,365,0,0
6954,0,63.82739248132624,0,0,0,1,7,0,0,365,0,0
6955,0,73.92814658229236,0,0,0,0,3,0,0,365,0,1
6956,1,57.08718211205639,0,0,0,0,7,0,0,365,0,0
6957,0,61.51161079665113,0,0,1,1,7,1,0,365,0,0
6958,0,62.56154779992637,0,0,0,0,6,1,0,365,0,0
6959,0,65.81286424511536,0,0,0,0,4,0,0,365,0,0
6960,0,80.90511691623544,0,0,0,0,8,0,0,365,0,0
6961,0,65.1752808218977,0,0,0,0,2,1,0,365,0,0
6962,0,61.663855934413526,1,0,0,0,3,0,0,365,0,0
6963,0,65.63944796773656,0,0,0,1,9,0,0,365,0,0
6964,0,53.39708505424771,0,0,0,0,3,0,0,365,0,0
6965,0,57.78915582996348,0,0,0,1,4,0,0,365,0,0
6966,0,72.30053171406804,0,0,0,1,6,0,1,155,0,0
6967,0,53.79456702803272,1,0,1,0,11,0,0,365,0,1
6968,1,73.34140650404306,0,0,0,1,5,0,0,365,0,1
6969,0,55.16743592227407,0,0,0,0,9,0,1,338,0,0
6970,1,81.16668166360247,0,1,0,0,9,0,1,199,1,1
6971,0,74.83354707385207,1,0,0,0,5,0,0,365,0,0
6972,0,68.2789146630009,1,0,0,1,8,0,0,365,0,0
6973,1,57.351376773164844,0,0,1,1,7,0,0,365,0,0
6974,1,60.8585926077148,0,0,1,0,5,1,0,365,0,0
6975,1,58.2870133039323,0,0,0,1,2,0,0,365,0,1
6976,1,58.46183439388605,1,0,0,0,6,1,0,365,0,0
6977,0,58.01372945935917,0,0,0,1,3,0,0,365,0,0
6978,0,57.71009016911651,1,0,0,0,5,1,0,365,0,0
6979,1,67.33151341426854,1,1,0,0,5,0,0,365,0,1
6980,1,74.30771443174044,1,0,0,1,12,1,0,365,0,1
6981,0,45.75641264366291,1,0,0,1,6,1,0,365,0,0
6982,0,62.61414878594796,0,0,0,0,3,0,0,365,0,0
6983,0,74.8203203985489,1,0,0,0,5,1,0,365,0,0
6984,0,63.02901156996188,1,0,0,0,3,0,0,365,0,0
6985,0,58.62681794688198,1,0,0,0,6,0,0,365,0,0
6986,1,61.94777814472434,0,0,1,0,6,0,0,365,0,0
6987,0,52.88463724842008,0,0,1,0,6,0,1,47,0,0
6988,1,68.5213809577084,1,0,0,0,6,0,1,3,0,0
6989,0,60.42541895363963,1,0,0,0,5,0,0,365,0,0
6990,1,67.66031286832202,0,1,0,0,8,1,0,365,0,0
6991,1,71.62757658208776,1,1,1,1,11,0,0,365,0,0
6992,0,60.465293574942,1,0,0,0,5,0,0,365,0,0
6993,0,61.916267061131606,0,0,0,0,5,0,0,365,0,0
6994,1,65.11627185010843,0,0,0,0,5,0,0,365,0,0
6995,0,66.88657642232148,0,0,1,0,6,0,0,365,0,0
6996,0,55.5281546308641,0,1,0,0,7,0,0,365,1,0
6997,1,64.3413287736257,0,0,0,0,8,1,0,365,0,0
6998,1,62.446834100986315,1,0,0,1,7,1,0,365,0,0
6999,0,71.81878664341518,1,0,0,0,5,0,0,365,1,1
7000,0,74.66310192705033,0,0,0,0,5,0,0,365,0,0
7001,0,67.4610822803736,1,0,0,0,5,0,0,365,0,0
7002,0,59.074111138015915,1,0,0,0,2,0,0,365,0,0
7003,0,66.37309250561763,0,0,0,0,9,0,1,190,1,0
7004,0,77.58907698503177,0,0,0,0,9,0,0,365,0,1
7005,1,58.07022681708457,0,1,0,0,9,0,0,365,0,1
7006,1,65.44405416825416,0,1,0,0,6,1,0,365,0,0
7007,0,72.73912195486001,0,0,0,0,9,0,0,365,0,0
7008,0,59.347102638306275,1,0,0,0,7,0,0,365,0,0
7009,1,59.09015237857445,0,0,1,0,8,0,0,365,0,0
7010,0,77.12270135339621,1,0,0,0,5,0,1,229,0,0
7011,1,62.43354831721525,0,0,0,1,3,0,0,365,1,0
7012,1,55.783048314061155,1,0,1,0,7,0,0,365,0,0
7013,1,74.73635672927551,0,0,1,0,5,0,0,365,0,0
7014,1,56.38057946456064,1,0,0,0,4,1,0,365,0,0
7015,0,55.56391006111757,1,0,0,1,5,0,0,365,0,0
7016,1,68.75553881304793,0,0,0,0,12,0,0,365,0,0
7017,1,59.325643411354385,1,0,0,0,5,0,0,365,0,1
7018,0,66.2115406359894,1,1,0,0,7,0,0,365,0,0
7019,0,60.43283903096565,1,0,0,0,4,0,0,365,0,0
7020,0,74.7273206355796,0,0,0,0,7,0,0,365,0,0
7021,0,60.986264561018295,0,0,0,0,5,0,0,365,0,0
7022,0,46.33710789994167,1,0,0,0,4,0,0,365,0,0
7023,0,57.94001060705776,1,0,0,0,4,0,0,365,0,0
7024,0,58.24477950997162,1,0,0,0,3,0,0,365,0,0
7025,0,49.03227263613839,0,0,0,0,3,0,0,365,0,0
7026,0,53.89883167706142,0,1,0,0,5,0,1,40,0,0
7027,0,64.44782390485867,0,0,0,0,3,0,0,365,0,1
7028,0,53.975603838258266,0,0,0,0,3,0,0,365,0,0
7029,0,40.0,0,0,0,0,6,0,0,365,0,0
7030,0,83.07737604469973,0,1,0,1,4,0,1,211,1,0
7031,1,90.49265743400213,0,0,0,0,12,0,0,365,0,1
7032,1,68.8462015646626,1,0,0,0,6,1,0,365,0,0
7033,1,57.25950910885166,0,0,0,0,7,1,0,365,0,0
7034,1,60.509589614689475,0,1,0,1,5,0,1,120,0,0
7035,1,51.365121145752255,0,0,0,0,6,0,0,365,0,0
7036,0,55.620744679136855,0,0,1,0,5,1,0,365,0,0
7037,0,73.10858296593177,0,0,0,0,3,1,0,365,0,0
7038,1,70.12152333175338,1,0,0,0,10,1,0,365,0,0
7039,1,57.12617820067587,1,0,0,0,7,0,1,19,0,0
7040,1,63.894898384634715,1,0,1,0,8,0,0,365,0,1
7041,0,71.63708365590972,0,0,1,0,7,0,0,365,0,0
7042,0,57.83432113662539,1,0,0,0,3,0,0,365,1,0
7043,1,69.42243145670558,0,1,0,0,13,0,0,365,0,0
7044,0,72.29787971552467,1,0,0,0,5,1,0,365,0,0
7045,1,76.48156760908861,1,1,0,0,3,1,0,365,0,0
7046,1,82.21258880656512,0,1,0,0,9,1,1,82,0,1
7047,0,52.00730976325525,0,1,0,0,5,0,0,365,0,0
7048,0,76.62376294767078,1,0,0,0,10,0,0,365,0,0
7049,0,68.0041937865259,1,0,1,0,8,0,0,365,0,0
7050,0,77.72423677896285,1,0,0,0,4,0,0,365,1,0
7051,1,59.43925351235282,0,0,0,1,7,0,0,365,0,0
7052,1,81.58955428831719,1,0,0,0,6,0,0,365,0,1
7053,1,61.45326394444174,0,0,0,0,5,0,0,365,0,0
7054,1,72.19499637198453,1,0,0,1,10,0,0,365,0,0
7055,0,43.41100808263613,0,0,0,0,5,0,0,365,0,0
7056,0,56.53095295884962,1,0,1,0,4,1,0,365,0,0
7057,1,63.837868307503996,0,0,0,0,3,1,0,365,0,0
7058,0,54.489592232383,1,0,1,1,11,0,1,1,0,0
7059,1,71.48143508216947,0,0,0,0,5,0,0,365,0,0
7060,1,66.689638894866,1,0,0,0,5,0,0,365,0,0
7061,1,82.70530275861083,1,1,0,0,13,1,0,365,0,0
7062,0,64.27228442928485,1,0,0,0,3,0,0,365,0,0
7063,0,70.15316534857176,0,0,1,0,10,0,0,365,1,0
7064,0,60.46200304033224,1,0,0,0,11,0,1,261,0,0
7065,0,64.48373374816916,1,0,0,0,6,0,0,365,0,0
7066,0,60.594487597983665,0,0,0,0,5,0,0,365,0,0
7067,1,75.9776935110991,1,0,0,1,7,1,0,365,0,1
7068,1,70.91459021926337,0,0,0,0,5,1,0,365,0,1
7069,1,75.8781486218048,1,0,1,0,9,1,0,365,0,0
7070,0,78.2290665129743,1,0,0,0,2,0,0,365,0,0
7071,0,65.37748016503564,1,0,0,0,9,1,0,365,0,0
7072,0,62.43095123302706,0,0,1,1,5,0,0,365,0,0
7073,1,58.51648356040168,0,0,0,1,7,1,0,365,1,0
7074,1,73.5063466152311,1,1,1,1,12,0,0,365,0,0
7075,0,62.46708047863393,1,0,0,0,3,0,0,365,0,0
7076,1,68.06006034292024,1,0,0,0,2,0,0,365,0,0
7077,0,84.52103351650413,1,0,0,0,9,0,0,365,0,1
7078,1,82.07826875593244,0,0,0,0,9,0,0,365,0,0
7079,0,46.01759601420468,1,0,0,0,7,0,0,365,0,0
7080,1,73.57401107410107,0,0,1,0,6,0,0,365,0,0
7081,0,68.89655126699294,1,0,0,0,6,0,0,365,0,0
7082,1,76.43154488042524,1,0,0,0,8,0,0,365,0,0
7083,0,55.25500035822892,0,0,0,0,3,0,0,365,0,0
7084,1,55.000828288794054,1,0,0,1,3,0,0,365,0,0
7085,1,66.21016606239255,1,0,0,0,5,0,0,365,0,0
7086,0,51.453381304470675,0,0,0,0,7,1,0,365,0,0
7087,0,52.29752623359399,0,0,0,0,5,0,0,365,0,0
7088,0,80.66498733261288,0,0,1,0,7,0,0,365,0,0
7089,1,84.08984790876184,0,1,0,1,7,0,0,365,0,1
7090,1,59.8183197116139,0,0,1,1,8,0,0,365,0,0
7091,1,65.27466612781645,1,0,0,0,7,0,0,365,0,0
7092,1,54.60010338758049,0,0,1,1,10,0,0,365,0,0
7093,0,57.946503527919106,1,0,0,0,5,0,0,365,0,0
7094,1,64.31716065741342,1,0,0,1,7,0,0,365,0,1
7095,0,73.63154011887235,0,0,0,0,6,1,0,365,0,0
7096,0,71.75235639121658,1,0,0,0,9,1,0,365,0,0
7097,1,63.90858471209822,0,0,0,0,5,0,0,365,0,0
7098,1,78.0852888975394,1,1,1,0,10,0,0,365,0,0
7099,1,75.76318603763478,0,0,1,0,11,0,0,365,0,1
7100,0,75.82427461234151,1,0,1,0,7,0,0,365,0,0
7101,1,65.887987186608,0,0,0,0,6,0,1,315,1,0
7102,1,72.6749244543438,0,0,0,0,6,1,0,365,0,1
7103,1,67.64995856793514,1,0,0,1,6,1,0,365,0,0
7104,1,69.51363353885033,1,0,0,0,2,0,0,365,0,0
7105,0,63.37244175553398,1,0,1,0,5,0,0,365,0,1
7106,1,58.43934295107542,1,0,0,0,5,0,0,365,0,1
7107,0,55.03537945767151,0,1,0,0,3,0,0,365,0,0
7108,0,52.16101683027414,1,0,0,0,3,0,0,365,0,0
7109,0,52.367562449485966,1,0,0,0,5,0,0,365,0,0
7110,0,65.75179342852668,0,0,0,0,1,0,0,365,0,0
7111,1,70.27758645064054,0,1,0,0,4,0,0,365,0,1
7112,0,64.39413856965103,0,0,0,0,3,1,0,365,0,0
7113,0,52.915300840399354,0,0,0,0,2,0,0,365,0,0
7114,1,52.38753807899968,1,0,0,1,5,1,0,365,0,0
7115,1,74.2530117625888,1,0,1,1,8,1,0,365,0,0
7116,0,78.36346088916711,1,0,0,0,2,0,0,365,0,0
7117,0,47.85146629017653,0,0,0,0,4,0,0,365,0,0
7118,0,70.38988443065541,0,0,0,1,8,0,0,365,0,0
7119,1,55.4123680837098,0,0,0,0,4,0,0,365,0,0
7120,0,45.62938262463065,1,0,0,0,3,0,0,365,0,0
7121,1,59.86827691047096,0,1,0,0,3,1,1,128,0,1
7122,0,43.487628181579794,1,0,1,0,2,1,0,365,0,0
7123,0,62.24329520981624,0,0,0,0,4,1,0,365,0,0
7124,0,52.8651212106791,1,0,0,0,7,0,0,365,0,0
7125,1,63.453679084393144,0,1,0,1,15,0,0,365,0,0
7126,1,72.35575770228918,0,1,0,1,7,0,0,365,1,1
7127,1,62.22791290914854,0,0,0,0,4,1,0,365,0,0
7128,1,82.91595377872797,1,0,0,0,4,0,0,365,0,1
7129,1,61.35555774229276,0,0,0,0,7,1,0,365,0,0
7130,0,67.62029866321689,1,0,0,0,6,0,0,365,0,0
7131,0,65.162195301643,1,0,0,0,5,0,0,365,0,0
7132,0,67.58208627853276,1,0,0,0,6,0,0,365,0,0
7133,0,66.63605615804472,1,1,0,0,10,0,0,365,0,0
7134,1,52.79168593019601,0,0,0,1,5,1,0,365,0,0
7135,1,65.0741153568149,0,0,0,1,4,1,0,365,0,0
7136,0,55.89488489678733,1,0,0,1,5,0,0,365,0,0
7137,0,55.73299249336681,1,0,0,0,8,0,0,365,0,0
7138,0,83.13971794994595,1,0,0,0,13,0,0,365,0,0
7139,0,72.27485242084391,0,0,0,0,8,0,0,365,1,0
7140,1,70.00804017508794,0,0,0,0,6,0,0,365,0,0
7141,0,66.41667122102838,1,0,0,0,5,0,0,365,1,0
7142,1,69.21406966517814,1,0,0,0,8,0,0,365,0,0
7143,1,77.14316407280603,0,0,1,0,8,0,0,365,0,0
7144,0,78.70372146012758,1,0,1,0,3,0,0,365,0,1
7145,0,73.56215470101861,0,0,0,0,7,0,0,365,0,1
7146,1,71.55430249655667,1,0,0,0,2,1,0,365,0,0
7147,0,71.90029439592941,0,0,0,0,7,0,0,365,0,0
7148,1,71.96344503487408,0,0,0,0,5,0,0,365,1,1
7149,0,71.48847087789302,1,0,0,0,5,0,0,365,0,0
7150,0,58.2727028535018,0,0,0,0,5,0,0,365,0,0
7151,0,67.27013999705781,1,0,0,0,3,0,0,365,0,0
7152,0,84.59828339804474,1,0,0,1,11,0,0,365,0,0
7153,0,55.09155737772643,0,0,0,0,6,0,0,365,1,1
7154,1,70.81593201724871,1,0,0,1,8,0,0,365,0,0
7155,0,66.84156829667047,0,0,1,0,6,1,0,365,0,0
7156,0,64.80610541659247,1,0,1,0,5,0,0,365,0,0
7157,0,72.36646068848647,0,0,0,1,8,1,0,365,0,0
7158,0,86.9196544281053,1,0,1,0,5,0,0,365,0,0
7159,0,60.294518188341264,0,0,1,0,5,0,0,365,0,0
7160,0,54.922923226591124,0,0,1,0,9,0,0,365,0,0
7161,1,82.4077531824232,0,0,0,0,7,1,0,365,0,1
7162,1,60.022888089516854,0,0,0,0,8,0,0,365,0,0
7163,0,76.58226587162294,0,0,0,1,7,0,0,365,0,0
7164,1,57.6521708636376,1,0,0,1,9,0,0,365,0,0
7165,1,46.31010830966332,0,0,1,0,7,0,0,365,0,0
7166,1,59.80959664788901,1,1,0,1,5,0,0,365,0,0
7167,1,68.18029609799676,0,0,0,0,8,0,0,365,0,1
7168,0,55.534548092457264,0,0,0,0,8,0,0,365,0,0
7169,1,69.34717816880237,1,0,0,0,6,0,0,365,0,0
7170,0,64.2582106311855,0,0,0,0,2,0,0,365,0,1
7171,0,77.52680978272853,1,0,0,1,4,0,0,365,0,0
7172,0,47.997790894018316,0,0,0,0,2,0,0,365,0,0
7173,0,59.788538117848475,0,0,0,0,5,1,0,365,0,0
7174,0,59.29285147258297,0,0,0,0,5,1,0,365,0,0
7175,0,64.91889344308063,0,0,1,0,2,0,0,365,0,0
7176,0,58.37657637928736,0,0,0,0,5,0,0,365,0,0
7177,0,75.63871247712997,0,0,0,0,4,0,0,365,0,0
7178,0,66.5533387145582,1,0,0,1,3,0,0,365,0,0
7179,1,54.536228819201696,0,0,0,1,4,0,0,365,0,0
7180,0,76.16863048196312,1,0,0,0,7,0,0,365,0,0
7181,1,71.64118777523917,1,0,0,0,6,0,0,365,0,0
7182,1,47.29110697745617,1,0,0,0,5,1,0,365,0,0
7183,0,80.95853367946881,0,0,1,0,6,1,0,365,0,0
7184,0,65.29973032979379,1,0,1,0,6,0,0,365,0,0
7185,1,82.19848393311258,0,1,0,1,10,0,1,58,0,0
7186,0,64.91333195725971,0,0,1,1,4,0,1,97,0,0
7187,0,58.567022333764406,1,0,0,0,6,0,0,365,0,0
7188,0,60.02916966879503,0,1,0,0,7,0,0,365,0,0
7189,1,47.22832663432343,0,0,0,0,5,0,0,365,0,0
7190,0,70.84894210788808,0,0,0,0,5,0,0,365,0,0
7191,0,69.88693311560611,1,0,0,0,10,0,0,365,0,0
7192,1,70.2213958172143,0,0,0,0,7,1,1,271,0,0
7193,0,50.67580664933221,1,0,0,0,8,0,0,365,0,0
7194,0,77.09204934046863,1,0,0,0,8,0,0,365,0,0
7195,0,78.30455193889671,0,0,0,0,10,0,0,365,0,0
7196,0,61.78943121953253,0,0,0,0,4,1,1,197,1,0
7197,0,46.975989579737615,1,0,0,0,1,0,0,365,0,0
7198,1,70.26389788505803,0,0,0,0,6,0,0,365,0,1
7199,0,41.09232632625559,0,0,0,0,3,0,0,365,0,0
7200,1,54.82681811068828,1,0,0,0,5,0,0,365,0,0
7201,1,64.58805508643451,0,0,0,0,7,1,0,365,0,0
7202,0,58.41550041873956,0,0,0,0,2,1,0,365,0,0
7203,0,73.19848758333839,1,0,0,0,5,0,0,365,0,0
7204,0,71.68553096453581,0,0,0,0,7,0,0,365,0,0
7205,1,64.32563340548167,1,0,0,0,3,1,0,365,1,1
7206,0,65.33630859659095,1,1,1,0,8,0,1,365,0,0
7207,0,56.419389224435236,0,0,0,0,6,1,1,205,0,0
7208,0,66.66362758444512,1,0,0,0,4,0,1,358,0,0
7209,1,60.10048993251766,0,0,0,1,4,0,1,171,0,1
7210,1,70.42721075761753,0,0,0,0,10,1,0,365,0,0
7211,1,66.09240223844554,1,0,0,0,7,0,0,365,1,1
7212,1,75.84925982110313,0,0,0,0,5,0,0,365,0,1
7213,1,68.6437233965993,0,0,1,0,5,1,0,365,0,0
7214,1,48.2998486284524,1,0,0,0,4,0,0,365,0,0
7215,0,60.85513630554325,0,0,0,0,6,0,0,365,0,0
7216,1,77.42667564767753,0,0,0,0,8,0,0,365,0,0
7217,0,63.19806132235708,1,0,0,0,6,0,0,365,0,0
7218,0,56.44303457205831,1,0,0,0,6,0,0,365,0,0
7219,1,64.38013253329866,1,0,1,1,8,1,0,365,0,0
7220,0,74.23093428625161,0,0,0,0,7,1,0,365,0,1
7221,0,59.257057290938235,1,0,0,0,7,0,0,365,0,0
7222,1,67.66715137284966,1,0,0,0,6,0,0,365,0,0
7223,1,80.18983820238171,1,0,1,0,6,1,0,365,0,0
7224,0,71.35901076772551,1,1,0,0,6,0,0,365,0,0
7225,1,62.37979238961806,1,0,0,0,7,1,0,365,0,0
7226,0,58.929810061793624,1,0,0,0,2,0,0,365,0,0
7227,1,69.4674488113662,1,0,0,0,5,1,0,365,0,0
7228,1,70.80802088015284,0,0,0,0,5,0,0,365,0,0
7229,1,78.54949608119048,0,0,0,1,3,0,0,365,0,0
7230,1,65.33814994475888,1,0,0,0,10,0,0,365,0,0
7231,0,52.8227692645452,0,0,0,0,3,0,0,365,0,0
7232,0,52.59614330463272,0,0,0,0,4,0,0,365,0,0
7233,0,59.424369737270155,0,0,0,0,4,0,0,365,0,0
7234,1,57.53536969007184,0,0,1,1,6,0,1,171,0,1
7235,0,80.82844878954931,1,0,1,0,10,0,1,82,0,1
7236,1,56.890356965972856,1,0,0,0,5,0,0,365,0,0
7237,1,49.78441800267495,0,0,0,1,8,0,0,365,0,0
7238,0,66.76808423413307,1,0,0,0,8,0,1,50,0,1
7239,0,62.423169183425536,1,1,0,0,9,0,0,365,0,1
7240,0,68.81651566899696,0,0,0,0,4,0,0,365,0,0
7241,0,71.1243244738806,0,0,0,0,5,1,0,365,1,0
7242,0,69.04516482430024,1,0,0,1,2,1,0,365,1,0
7243,0,59.75052398980708,0,0,0,0,5,0,0,365,0,0
7244,0,66.92827457674126,1,0,0,0,8,0,0,365,1,0
7245,1,73.96541363556658,1,0,0,0,6,0,0,365,0,0
7246,0,58.45779003921968,1,0,0,0,9,0,0,365,1,0
7247,0,50.89389569133489,0,0,0,0,5,1,0,365,0,0
7248,0,73.12044860562554,0,0,0,0,5,1,0,365,0,1
7249,0,66.13794751956836,0,0,0,0,4,0,0,365,0,0
7250,1,63.66488624689355,1,0,0,0,7,1,0,365,0,0
7251,0,57.77995922524569,1,0,0,0,7,0,0,365,0,0
7252,0,60.09809650548597,0,0,0,0,8,0,0,365,0,1
7253,0,72.77800364719593,1,0,0,0,4,0,0,365,0,0
7254,0,65.6588719957022,0,0,0,0,4,1,0,365,0,1
7255,0,54.3650954553945,1,0,0,0,7,1,0,365,0,0
7256,1,70.24194825903311,1,0,1,1,12,0,1,154,1,1
7257,0,72.7132634321056,1,0,0,0,8,0,1,124,0,0
7258,1,69.73539950990066,0,0,1,1,9,0,0,365,0,0
7259,0,50.799766337515564,0,0,0,0,6,0,0,365,0,0
7260,1,60.897937094413294,1,0,0,0,12,0,0,365,0,0
7261,0,56.403654404194036,0,0,0,0,5,0,0,365,0,0
7262,0,85.32577480945545,0,0,1,1,8,0,1,222,0,0
7263,1,75.16914128100697,0,0,1,0,4,1,0,365,0,0
7264,1,54.143632485019566,0,0,0,1,7,0,0,365,0,0
7265,1,73.54514679899894,0,0,0,0,9,0,0,365,0,0
7266,1,69.55290554382685,0,1,0,0,9,0,1,252,0,0
7267,0,74.07731319971016,1,0,0,1,5,0,0,365,0,0
7268,1,74.73107007177339,0,0,0,0,4,1,0,365,0,1
7269,0,62.153705213383645,0,0,0,0,3,0,0,365,0,0
7270,1,69.0396893221092,0,0,1,0,13,0,1,73,0,0
7271,1,75.62018722770273,0,0,0,0,4,0,0,365,1,0
7272,0,47.97978273662097,1,0,0,0,5,1,0,365,0,0
7273,0,61.28525396978365,1,0,0,0,4,1,0,365,0,0
7274,0,72.5392942435093,0,1,0,0,6,0,0,365,0,0
7275,1,72.29686693821438,0,0,1,0,9,0,1,123,1,1
7276,0,67.2218294038224,0,0,0,0,4,1,0,365,0,1
7277,0,47.21538274875609,1,0,0,0,4,1,0,365,0,0
7278,0,65.94075212349519,0,0,0,0,7,0,0,365,0,1
7279,1,56.05853995601568,0,0,0,0,3,0,0,365,0,0
7280,0,74.37720653911286,1,0,0,0,12,0,0,365,0,0
7281,0,68.51676910423943,1,0,0,0,11,1,0,365,0,0
7282,1,71.09272106377122,1,1,0,1,4,0,0,365,0,0
7283,0,67.73649759202614,0,0,0,0,7,0,0,365,0,0
7284,0,69.4467581062198,0,0,0,0,6,0,0,365,0,0
7285,0,68.49400871181926,0,1,0,1,6,0,1,92,0,0
7286,1,76.05711431224489,0,0,0,1,7,0,0,365,0,0
7287,0,63.624198595940264,0,0,0,0,4,0,0,365,0,0
7288,0,51.02366143811641,0,1,0,0,9,0,0,365,0,0
7289,1,65.16762026364343,0,0,0,0,6,1,0,365,1,0
7290,1,68.49033180720245,1,0,0,0,5,1,0,365,0,0
7291,1,56.17699033135262,0,0,0,1,6,0,0,365,0,0
7292,0,60.61337741482105,1,0,0,0,6,0,0,365,0,1
7293,1,89.96905246081516,0,0,0,0,7,0,1,358,1,1
7294,0,56.31401523292024,1,0,0,0,8,0,0,365,0,0
7295,0,58.00498601726879,1,0,0,0,1,0,0,365,1,1
7296,1,42.46730928361079,0,0,0,0,1,1,0,365,0,0
7297,0,59.22988400965286,0,0,0,0,7,1,0,365,1,0
7298,0,57.77897791900367,1,0,0,0,3,1,0,365,0,0
7299,1,63.43639475376585,0,0,0,0,5,0,0,365,0,0
7300,0,67.51335647518509,1,0,0,1,4,1,0,365,0,0
7301,1,74.6661426302626,1,1,0,0,6,1,0,365,0,1
7302,1,76.46744836212825,0,0,0,0,7,0,0,365,0,1
7303,1,74.57474441522724,0,0,0,0,8,0,0,365,0,0
7304,0,55.754114428689476,1,0,0,0,5,0,0,365,0,1
7305,0,67.90566798023727,0,0,0,0,5,0,0,365,0,0
7306,1,61.29570960752657,1,0,0,0,4,1,0,365,0,0
7307,0,76.39319017197698,1,1,0,0,4,0,0,365,0,0
7308,1,71.61622094282968,0,0,1,0,4,0,0,365,0,0
7309,1,72.70927930923749,1,0,0,0,6,0,0,365,0,1
7310,1,69.15299251307042,1,0,0,1,4,1,0,365,0,0
7311,0,68.4759562228956,0,0,0,0,5,0,0,365,0,0
7312,0,69.17389481546395,0,0,0,0,6,0,0,365,0,0
7313,1,41.94547748543863,0,0,0,0,5,0,0,365,0,0
7314,0,61.60527681746035,1,0,0,0,11,0,0,365,0,0
7315,1,69.36640825191435,1,0,0,0,8,0,0,365,0,0
7316,1,58.62897307894763,1,0,0,0,5,0,0,365,0,0
7317,0,70.93795342306933,0,0,0,0,7,0,0,365,1,0
7318,1,76.82871311371693,0,0,1,0,11,1,0,365,1,0
7319,0,70.56171306482793,0,0,0,0,5,0,0,365,0,1
7320,1,77.70809104887789,1,0,0,1,11,0,0,365,1,0
7321,0,52.63624937922229,1,0,0,0,5,0,0,365,0,0
7322,1,56.728119935178164,1,1,0,1,4,0,0,365,0,0
7323,0,57.8600828709565,0,0,0,0,12,0,0,365,0,0
7324,0,80.81577712398993,1,0,0,0,6,0,0,365,0,0
7325,0,71.85523810190273,0,0,0,0,6,1,0,365,0,0
7326,0,64.01981243700196,0,0,0,1,5,1,0,365,0,1
7327,0,68.92845158648618,1,0,0,0,6,0,0,365,0,0
7328,0,55.562751047879615,0,0,0,0,3,0,0,365,0,0
7329,1,70.82559109868343,0,0,0,0,6,0,0,365,0,0
7330,1,85.14857120049838,0,0,1,0,9,0,0,365,0,0
7331,0,74.35394906690635,0,0,0,0,7,0,0,365,0,0
7332,1,61.51114183096764,0,1,0,1,7,1,0,365,0,0
7333,0,62.30850011571945,0,0,1,0,10,0,0,365,0,0
7334,1,80.2581439676369,1,0,1,1,8,0,0,365,0,0
7335,0,68.00656896782347,1,0,1,0,6,0,0,365,0,0
7336,0,59.994924173623545,0,0,0,1,8,0,1,288,0,0
7337,0,70.75920122070752,0,0,0,0,6,0,0,365,0,0
7338,1,76.52246418588793,0,0,0,0,8,0,1,100,0,0
7339,1,73.43541692735967,0,0,0,0,8,0,0,365,0,0
7340,0,64.32098711141494,0,0,0,0,4,0,0,365,0,0
7341,0,68.13608685718354,0,0,1,0,5,0,0,365,0,0
7342,0,65.92142480249954,1,0,0,0,7,0,0,365,0,0
7343,1,80.23680905955297,1,0,0,0,10,0,0,365,0,1
7344,1,57.887896351932284,1,0,0,0,6,1,0,365,0,0
7345,0,66.74675377743455,1,0,0,0,7,0,0,365,0,0
7346,0,64.25301661778626,1,0,0,0,1,0,0,365,0,0
7347,0,54.9795903282695,1,0,0,0,2,0,0,365,0,0
7348,1,56.260667016718614,1,0,0,1,6,1,0,365,0,0
7349,0,77.69597355353766,0,0,0,0,5,1,0,365,0,0
7350,1,71.2552966352618,0,0,0,0,11,1,0,365,0,1
7351,1,83.02392981615797,1,0,1,1,15,0,1,311,0,0
7352,0,51.387618504758024,0,0,0,1,6,0,0,365,0,0
7353,1,76.52148773882111,1,0,0,0,10,0,0,365,0,0
7354,1,59.99737372083618,1,0,0,0,9,0,0,365,0,0
7355,0,64.37718678887778,1,0,0,0,7,0,0,365,0,0
7356,0,40.0,1,0,0,0,3,0,1,279,0,0
7357,0,73.02222581059956,1,0,0,0,4,0,1,250,0,0
7358,1,73.45889275763705,0,0,0,0,8,0,0,365,0,1
7359,1,78.21560178446029,0,0,0,0,5,1,0,365,0,1
7360,0,46.643997149446676,1,0,0,0,1,0,0,365,0,0
7361,0,73.57899221789292,1,0,0,0,6,0,0,365,0,1
7362,1,46.14221123065025,0,0,0,0,3,1,0,365,0,0
7363,1,65.43078584464858,0,0,0,0,7,1,0,365,0,0
7364,1,69.8300143496934,0,0,0,0,10,0,0,365,0,0
7365,1,58.229103331914644,0,0,0,0,6,0,0,365,0,0
7366,1,78.98245811266796,0,0,0,0,10,1,0,365,0,0
7367,1,61.808315158725556,0,0,0,0,6,0,0,365,0,1
7368,1,70.78769624417247,0,1,0,1,9,1,0,365,0,0
7369,1,70.48882262570766,0,0,1,0,10,0,0,365,0,1
7370,1,79.81767127726216,1,0,0,0,7,1,0,365,0,0
7371,1,73.98591889868833,0,0,1,0,8,0,0,365,0,0
7372,1,65.38392860002693,1,0,0,0,5,0,0,365,0,0
7373,0,61.59891366279355,0,0,0,0,5,0,0,365,0,0
7374,1,64.04849456252181,1,0,0,0,5,0,0,365,0,0
7375,0,64.85601945908223,0,0,0,0,4,0,0,365,0,0
7376,1,72.17678241060962,1,0,1,0,10,0,0,365,0,0
7377,0,73.75981648542806,1,1,0,0,4,0,0,365,0,0
7378,0,57.444284577006776,1,0,0,0,5,0,0,365,0,0
7379,0,58.606805964510656,1,0,0,0,6,1,0,365,0,0
7380,0,73.0919429614627,1,0,0,0,6,1,0,365,0,1
7381,0,65.01356524594087,0,0,0,0,4,0,0,365,0,0
7382,0,50.237382245280024,1,0,0,1,7,0,0,365,0,0
7383,1,77.50437660522039,0,0,0,1,9,1,0,365,0,0
7384,0,73.39727245828458,1,0,0,0,3,0,0,365,0,0
7385,1,74.99436340860653,0,0,1,0,4,0,0,365,1,0
7386,1,78.21523852553037,1,0,1,1,10,1,0,365,0,0
7387,0,63.632152214658205,1,0,0,0,8,0,0,365,0,0
7388,1,67.35413047395232,0,0,0,0,9,1,0,365,0,0
7389,1,72.05698538510738,1,0,0,0,9,0,0,365,0,0
7390,0,75.32117716425391,0,0,0,0,6,0,0,365,0,0
7391,0,58.3592862162142,1,0,0,0,2,0,0,365,0,1
7392,0,60.70782011152315,1,1,0,0,2,0,0,365,0,0
7393,1,54.877269731893506,1,0,0,0,5,0,1,58,0,0
7394,0,77.94477500282258,1,0,0,0,5,0,0,365,0,0
7395,0,57.66828935694248,0,0,0,0,5,1,0,365,0,0
7396,1,78.11062030766287,1,0,0,0,9,1,0,365,0,0
7397,1,89.41176797919826,1,1,1,0,14,0,1,3,0,0
7398,0,65.6917932372127,1,0,0,0,5,1,0,365,0,0
7399,1,72.53474902024614,1,0,0,0,4,0,0,365,0,0
7400,1,74.61902507137748,0,0,0,0,9,0,0,365,0,0
7401,0,71.73151705614409,1,0,0,0,7,0,0,365,0,0
7402,0,73.48489346047766,1,0,0,0,6,0,0,365,0,0
7403,0,62.76172309344154,0,0,0,0,7,0,0,365,0,0
7404,1,68.07980763046987,1,0,0,0,4,1,0,365,0,0
7405,0,60.65374574299132,0,0,0,1,6,0,0,365,0,0
7406,0,64.13004336720324,0,0,0,0,3,0,1,139,0,0
7407,0,62.086489224357244,1,0,0,0,6,0,1,9,0,0
7408,1,65.18716252445002,1,0,1,0,4,1,0,365,0,0
7409,0,49.62479283994889,0,0,0,0,1,0,0,365,0,0
7410,1,76.84280910878701,1,0,0,0,6,1,0,365,0,0
7411,0,60.20395453954227,0,0,0,0,7,0,0,365,0,0
7412,1,62.91991582577017,0,0,0,0,10,0,0,365,0,0
7413,1,69.59469314148552,0,1,0,0,8,0,0,365,0,0
7414,1,50.68627264157646,0,0,1,0,13,0,0,365,0,0
7415,1,63.14922540551008,0,0,0,0,10,1,0,365,0,0
7416,0,50.24779753283023,1,0,0,0,3,0,0,365,0,0
7417,0,63.234608097349344,1,0,1,0,10,0,0,365,0,0
7418,1,63.97049412766741,0,1,0,0,11,0,0,365,0,0
7419,0,51.447015651737175,1,0,0,0,4,0,0,365,0,0
7420,0,74.70843840874039,1,0,0,1,4,0,0,365,0,0
7421,0,61.94290717810036,1,0,0,0,8,0,0,365,0,0
7422,1,62.72656564176814,0,0,1,0,8,1,0,365,0,0
7423,0,66.98903190507771,0,0,0,0,10,0,0,365,0,0
7424,1,79.09528480430768,1,0,1,0,5,0,0,365,0,0
7425,1,86.28648350437683,1,1,0,0,9,1,0,365,0,1
7426,0,64.64514225412745,1,0,0,0,2,0,0,365,0,0
7427,1,92.01861104599998,0,1,1,0,12,0,1,186,1,0
7428,1,52.866926761781144,1,0,1,0,10,0,0,365,0,1
7429,1,68.72398336385706,1,1,0,1,3,1,0,365,0,1
7430,0,72.68101951979034,0,0,1,0,7,0,1,248,0,0
7431,0,48.29872377163294,1,1,0,0,10,1,0,365,0,0
7432,0,66.98710566239131,1,0,0,0,8,1,0,365,0,0
7433,0,72.81366710839828,1,0,0,0,6,1,0,365,0,0
7434,0,69.9553344942027,0,0,0,1,7,0,0,365,0,0
7435,0,52.752829976516246,1,0,0,0,9,1,1,341,0,1
7436,0,55.8819486076229,1,0,0,1,9,0,0,365,0,0
7437,1,66.78350286581114,1,0,0,0,4,0,0,365,0,0
7438,1,68.27068274959804,0,0,1,0,6,0,0,365,0,0
7439,1,60.075588953475375,0,0,0,1,3,0,0,365,0,0
7440,0,67.386483854564,0,0,0,0,6,1,0,365,0,0
7441,0,65.52021794398506,1,1,0,1,9,0,0,365,0,0
7442,1,61.654824298403675,0,0,0,0,9,1,0,365,0,0
7443,1,74.45095761095152,1,0,0,1,7,0,1,121,1,1
7444,0,74.5869908531093,1,1,0,0,3,0,0,365,0,0
7445,1,53.09158019488566,0,0,0,0,6,0,0,365,0,0
7446,0,75.62971537746282,1,0,0,0,5,0,0,365,0,1
7447,0,58.78653702526506,1,0,0,0,6,1,0,365,0,0
7448,0,50.58806077208526,1,1,0,0,6,0,0,365,0,0
7449,0,64.0286573468199,0,0,0,0,3,0,1,19,0,0
7450,0,67.44016105707449,0,1,1,0,10,0,0,365,0,0
7451,0,54.28533189864575,0,0,1,0,9,0,0,365,0,0
7452,1,68.16141303284866,0,0,0,0,4,1,0,365,0,0
7453,0,71.59367588990092,0,0,0,0,4,1,0,365,0,1
7454,0,62.1894387556074,1,0,0,0,3,0,0,365,0,0
7455,0,52.744126907614536,1,0,0,0,1,1,0,365,0,0
7456,1,60.87439322689276,1,0,0,0,5,0,0,365,0,0
7457,1,76.78385040602222,1,1,0,1,2,0,1,25,0,1
7458,0,73.15423878520656,0,0,0,1,10,0,1,67,0,0
7459,0,71.00558619227948,1,0,0,0,4,0,0,365,0,0
7460,0,74.48005768545171,1,0,0,0,3,0,0,365,0,1
7461,1,48.39342394274017,0,0,1,0,5,1,0,365,0,0
7462,0,61.17704705884004,1,0,0,0,6,0,1,325,0,0
7463,0,53.06723985206031,0,0,0,0,3,0,0,365,0,0
7464,1,47.282872477359476,0,0,0,1,4,0,0,365,0,0
7465,0,60.86079287066255,1,0,0,0,6,0,0,365,0,0
7466,0,78.57646522545033,0,0,0,0,6,0,0,365,0,0
7467,0,63.08472545467326,1,0,0,0,3,0,0,365,0,0
7468,0,84.4122095912883,0,0,0,0,9,1,0,365,0,0
7469,1,62.20756227885243,1,0,0,1,1,1,0,365,0,0
7470,0,70.39124630020399,0,0,0,0,6,0,0,365,0,0
7471,0,66.38390922737362,0,0,0,0,3,0,0,365,0,0
7472,0,70.51413100248135,0,0,0,0,4,0,0,365,0,0
7473,0,53.48840250345545,0,0,0,1,6,1,1,249,0,0
7474,0,66.33406565565802,1,0,1,0,7,0,0,365,0,0
7475,1,67.43292579786613,1,0,0,0,6,0,0,365,0,1
7476,0,56.28068872403413,1,0,0,0,6,0,0,365,0,0
7477,0,50.529685421792074,0,0,0,0,7,0,0,365,0,0
7478,1,79.15039989193876,0,0,0,0,4,0,0,365,0,1
7479,0,61.25983917146891,1,0,0,0,6,0,0,365,0,0
7480,0,71.5656459210255,1,0,0,0,5,1,0,365,1,0
7481,0,72.57599596918965,1,0,0,0,8,1,1,1,1,1
7482,1,84.16686067009829,1,0,1,0,10,0,0,365,0,0
7483,0,57.1415924692979,1,0,0,0,6,0,0,365,0,0
7484,0,62.29997808452007,0,0,0,0,3,0,0,365,0,0
7485,1,68.320466623196,0,0,1,0,4,0,0,365,0,0
7486,0,64.82931559827344,0,0,0,0,8,0,0,365,0,0
7487,1,73.96997232421951,1,0,0,0,4,1,0,365,0,1
7488,0,61.30953228313388,0,0,0,0,3,1,0,365,0,0
7489,1,49.47559197070926,1,0,0,0,7,0,0,365,0,0
7490,1,78.63632818876336,1,0,1,0,9,0,0,365,1,1
7491,1,68.6262661080524,0,0,0,0,6,1,0,365,0,1
7492,0,57.47925808502668,0,0,0,0,6,0,0,365,0,0
7493,0,73.71401395772577,0,0,0,0,6,0,0,365,0,0
7494,0,83.4651737379659,1,0,0,0,7,0,0,365,0,0
7495,0,61.62808968338217,1,0,0,1,8,0,0,365,0,0
7496,0,65.468465841793,0,0,0,0,6,0,0,365,0,1
7497,0,53.476645073792625,1,0,0,0,4,0,0,365,0,0
7498,1,66.70637670953411,1,0,0,1,4,0,0,365,0,0
7499,1,68.6619188275756,0,0,0,0,6,1,0,365,0,0
7500,1,73.9826814250559,1,1,0,0,16,0,0,365,0,0
7501,0,59.03827103032752,0,0,0,0,7,0,0,365,0,0
7502,0,76.76526718946657,0,0,0,0,6,0,0,365,0,0
7503,0,52.58634266378643,0,0,0,0,4,1,0,365,0,0
7504,1,81.41139104164542,1,0,0,0,4,1,0,365,0,0
7505,0,46.114153153964374,1,1,0,0,4,0,0,365,0,0
7506,0,52.116836835185005,1,0,0,0,7,0,0,365,0,0
7507,1,52.88121325984755,1,0,0,1,6,1,0,365,0,0
7508,1,70.72784588566071,0,0,0,0,7,0,0,365,0,1
7509,0,77.6854795085255,0,0,0,1,7,0,0,365,0,1
7510,0,44.52450040968368,0,0,0,1,2,0,0,365,0,0
7511,1,56.25346983507163,0,0,0,0,4,0,0,365,0,0
7512,0,72.20782233756957,1,0,0,0,6,0,0,365,0,0
7513,0,63.95610285655724,0,0,0,0,6,0,0,365,0,0
7514,0,55.143265515785345,0,0,1,0,10,0,0,365,0,0
7515,0,67.62964444233994,0,0,1,0,7,0,0,365,0,0
7516,1,62.3811953917371,0,0,0,0,6,0,0,365,0,0
7517,1,77.4236687614804,0,0,0,0,9,0,0,365,0,0
7518,0,78.48735088468928,0,0,1,0,8,1,1,33,0,0
7519,0,82.57933702589382,1,0,1,0,8,0,0,365,0,0
7520,0,54.16789670450156,0,0,0,0,5,0,0,365,0,0
7521,0,64.8122194472649,1,0,0,0,2,0,0,365,0,0
7522,0,57.78217624779299,0,0,0,1,5,0,1,33,0,1
7523,0,73.01042675144676,0,0,0,0,7,0,0,365,0,0
7524,0,70.67150621622466,0,0,0,0,7,0,0,365,0,0
7525,0,77.4564496262258,1,0,0,0,6,0,0,365,0,1
7526,1,77.42047613319723,0,0,0,0,8,0,0,365,0,0
7527,0,81.6667448814344,0,1,0,1,11,1,1,71,0,1
7528,1,40.49786433145814,1,0,0,0,6,0,0,365,0,0
7529,0,70.94106088476792,0,0,0,0,2,0,0,365,0,0
7530,1,54.950798235549634,0,0,0,1,2,0,0,365,0,0
7531,0,64.11404464583752,0,0,0,0,7,1,0,365,0,0
7532,0,44.07858130851434,1,0,1,0,7,1,0,365,0,0
7533,0,67.14501109549347,1,0,0,1,12,0,0,365,0,0
7534,1,66.00809303200157,1,0,0,0,5,0,0,365,0,0
7535,0,74.59289389784203,1,0,0,0,5,1,0,365,0,0
7536,1,82.15218774759622,1,0,0,0,7,1,0,365,1,0
7537,1,50.068283693256284,1,0,0,0,4,0,0,365,0,0
7538,0,59.924516642860254,1,0,0,1,10,0,0,365,0,0
7539,1,57.78611166428103,0,0,1,0,2,0,0,365,0,0
7540,0,67.30824582754288,0,0,0,0,8,1,1,284,0,0
7541,0,55.781172927147495,1,0,0,0,3,0,1,148,0,0
7542,0,51.99036088268589,0,0,0,0,5,0,0,365,1,0
7543,1,81.1303345550593,0,0,1,1,9,1,0,365,0,0
7544,0,67.43299930869281,0,0,0,0,5,0,0,365,0,0
7545,0,62.80210564628898,0,0,0,0,9,0,0,365,0,0
7546,0,66.30825594713357,0,0,0,0,5,1,0,365,0,0
7547,0,59.459773233586844,0,0,0,1,5,0,1,341,0,1
7548,0,61.843317673182426,1,0,0,0,7,0,0,365,0,0
7549,0,58.46200157623619,0,0,0,0,4,1,0,365,0,0
7550,0,50.87650177152744,0,0,0,1,4,0,0,365,0,0
7551,0,71.16718280638194,1,0,0,1,2,0,0,365,0,0
7552,0,65.94354970302042,0,0,0,0,5,0,0,365,0,0
7553,0,73.90059349285114,0,0,0,0,8,1,0,365,0,0
7554,1,72.09452949188135,1,0,0,0,4,0,0,365,0,0
7555,0,82.57839805904206,0,0,0,0,5,0,0,365,0,0
7556,1,72.5754645629828,0,1,1,1,8,0,0,365,0,0
7557,0,65.40604490150398,1,0,0,0,5,0,0,365,0,0
7558,1,71.23862404987409,0,1,0,0,8,0,0,365,0,0
7559,1,64.66825610596158,1,0,1,0,9,0,0,365,0,0
7560,1,64.44143943347798,0,1,0,0,7,0,0,365,0,1
7561,0,50.541569972263204,1,0,0,0,11,0,0,365,0,0
7562,0,71.3140407482759,1,0,0,1,5,0,1,138,0,1
7563,0,65.24512862977537,1,0,0,0,4,1,0,365,0,0
7564,1,53.388102893537734,0,0,0,0,6,0,0,365,0,0
7565,0,64.58537479689416,1,0,1,0,5,1,0,365,0,0
7566,0,57.333148038040925,1,0,0,0,5,1,0,365,0,1
7567,0,45.33102735318052,1,0,0,0,5,1,0,365,0,0
7568,1,66.46885572072699,0,0,0,0,4,0,0,365,0,1
7569,1,55.989520899531676,1,0,0,0,8,0,0,365,0,1
7570,0,54.05804999788131,1,0,0,1,8,0,0,365,1,0
7571,1,61.73346706859827,1,0,1,0,8,1,0,365,0,0
7572,0,68.68053266150478,1,0,0,0,9,0,0,365,0,0
7573,1,82.25805054471313,0,0,0,1,11,0,0,365,0,0
7574,0,53.19644512423777,0,0,0,0,4,0,0,365,0,0
7575,0,67.95043565461353,0,0,0,1,4,0,0,365,0,1
7576,0,55.47747613896896,0,0,0,0,6,0,0,365,0,0
7577,0,55.34478106148789,1,0,0,0,1,0,0,365,0,0
7578,1,64.00272715135145,0,0,0,0,5,1,0,365,0,0
7579,1,68.40960329989268,0,0,0,0,5,1,0,365,0,0
7580,0,67.28166169938495,0,0,1,0,8,1,0,365,0,0
7581,1,77.16416582892812,1,0,0,1,6,0,0,365,0,0
7582,1,83.69247280234322,1,0,1,0,11,1,1,109,0,0
7583,1,58.20355784150543,0,0,0,1,2,0,0,365,0,0
7584,0,61.97913219388213,1,0,0,1,6,0,0,365,0,0
7585,0,53.10076581872274,1,0,1,0,5,0,0,365,0,0
7586,0,51.506785105900356,1,0,0,1,7,1,0,365,0,0
7587,0,63.39129252091219,1,0,0,0,2,0,0,365,0,0
7588,0,63.16307663817319,1,0,0,0,4,0,0,365,0,0
7589,1,68.64342894358502,0,0,0,0,5,0,0,365,0,0
7590,0,69.63278584569629,0,0,0,0,11,0,0,365,0,0
7591,1,49.51357017863218,0,0,0,0,4,1,0,365,0,0
7592,0,76.76909487577345,0,0,0,0,4,0,0,365,1,0
7593,0,57.37948053031748,1,0,0,0,6,0,0,365,0,0
7594,1,69.56876498738977,1,1,0,0,6,0,0,365,0,0
7595,0,61.64246024341614,0,0,0,0,6,0,0,365,0,0
7596,1,42.554270357407574,1,0,0,0,5,0,0,365,0,0
7597,0,61.3787494065978,0,0,0,1,2,0,0,365,0,0
7598,1,69.96600761435883,1,0,1,0,8,0,0,365,1,0
7599,0,78.27886173536936,1,0,0,0,5,0,0,365,0,0
7600,0,56.21990853268966,1,0,0,1,4,0,0,365,0,0
7601,0,75.93883940083127,1,0,0,0,8,1,0,365,0,0
7602,0,62.51338284833498,0,0,0,1,7,0,0,365,0,0
7603,0,67.39201847744268,1,0,0,0,6,0,0,365,0,0
7604,0,53.795659790430136,1,0,0,0,5,0,0,365,0,0
7605,1,80.18815277898481,1,1,1,0,14,0,1,40,0,1
7606,0,70.70834969291026,1,0,0,1,7,1,0,365,0,0
7607,1,67.229579114822,0,1,0,1,7,0,1,145,0,1
7608,0,74.09137326635438,0,1,0,1,8,0,1,101,0,1
7609,0,72.55360164523215,1,0,1,0,5,1,0,365,0,0
7610,1,69.08629336401053,1,0,1,0,4,0,0,365,0,0
7611,1,65.245408068771,1,0,0,1,6,0,0,365,0,0
7612,0,68.52902887085803,1,0,0,0,4,1,0,365,1,1
7613,0,67.93911247796329,1,0,0,0,7,0,0,365,0,1
7614,0,40.0,0,0,0,0,4,0,0,365,0,0
7615,0,63.82811489435224,0,0,0,0,1,0,0,365,0,0
7616,0,77.38077009743404,1,0,0,1,1,0,0,365,1,0
7617,0,65.49852607448929,1,0,0,0,7,0,0,365,0,0
7618,1,80.41692779964613,1,0,1,0,8,1,0,365,0,0
7619,1,67.83453394107218,0,0,1,0,5,0,0,365,0,0
7620,1,64.11601264609168,0,0,0,1,2,1,0,365,0,1
7621,1,56.575615839646034,0,0,0,0,6,0,0,365,0,0
7622,0,55.687301309177506,0,0,0,0,6,0,0,365,0,1
7623,0,65.51727947769893,0,0,0,0,3,0,0,365,0,0
7624,1,69.92381105791702,0,0,0,0,4,1,0,365,0,0
7625,1,64.14343080395786,1,0,0,1,6,1,0,365,0,0
7626,1,91.74380555620537,0,0,1,0,7,0,0,365,0,0
7627,0,67.78812425909635,1,1,0,0,8,1,0,365,0,0
7628,1,65.10847728582631,1,0,0,0,6,0,1,9,0,1
7629,0,79.65584996371072,1,0,0,0,6,0,0,365,0,0
7630,0,49.95316345764664,1,0,0,0,5,0,0,365,0,0
7631,0,55.98509368453309,0,1,0,0,8,0,0,365,0,0
7632,0,60.11007561028258,0,0,0,0,6,0,0,365,0,0
7633,0,55.39778811750816,1,0,0,0,5,0,0,365,0,0
7634,1,59.175872113195005,1,0,0,0,10,0,0,365,0,0
7635,1,81.74307735567817,1,0,0,0,5,1,0,365,0,1
7636,0,71.4579337982232,1,0,0,0,6,0,0,365,0,0
7637,1,65.67449395422568,1,0,0,0,5,1,0,365,0,0
7638,1,72.05906056875641,0,0,0,0,7,1,0,365,0,0
7639,0,61.74121782371608,0,0,0,0,4,0,0,365,0,0
7640,0,59.00028669242046,0,0,0,0,8,0,0,365,0,0
7641,1,72.68649721623262,0,0,1,1,11,0,1,297,0,1
7642,1,55.29858062798237,0,1,0,0,2,0,0,365,0,0
7643,0,49.25083916871265,0,0,0,0,4,0,0,365,0,0
7644,1,68.81496610573697,1,0,0,1,9,0,1,294,0,0
7645,0,47.86463152365273,1,0,0,0,3,0,0,365,0,0
7646,1,46.33015472494,1,0,0,0,2,0,0,365,0,0
7647,0,66.1512341147433,0,0,1,0,8,0,0,365,0,1
7648,0,68.06098602814635,1,0,0,0,2,0,0,365,0,0
7649,0,80.82682639091752,0,1,0,0,9,0,1,103,0,1
7650,0,80.54346698909325,1,0,0,0,4,0,0,365,0,0
7651,0,73.96501728607711,0,0,0,0,6,0,1,121,0,0
7652,0,69.00459412016461,1,0,0,0,8,0,0,365,0,0
7653,0,63.43690545701529,0,0,0,0,2,0,0,365,0,0
7654,0,68.85733743244295,1,0,0,0,7,0,0,365,1,0
7655,0,69.0932884429697,0,0,0,0,6,0,0,365,0,0
7656,1,53.997483364842225,1,0,0,1,5,1,0,365,0,0
7657,0,69.18739591470194,1,0,0,0,5,0,0,365,0,0
7658,0,55.59723312430236,0,0,0,1,8,0,0,365,0,0
7659,1,59.73821895204959,0,0,0,0,5,1,0,365,0,0
7660,1,71.696837363321,0,0,1,0,9,0,0,365,0,1
7661,0,66.90147688582381,1,0,1,1,9,0,1,152,0,0
7662,0,76.1892591185459,1,0,0,0,6,0,0,365,1,1
7663,1,59.61686640354765,0,0,0,0,6,0,0,365,0,0
7664,1,67.7404876086561,0,0,1,0,3,1,0,365,0,0
7665,1,66.13266788962599,0,0,1,0,9,0,0,365,1,0
7666,0,58.65149822406315,1,0,0,1,3,0,1,89,0,0
7667,1,50.030681952278236,0,0,0,0,2,0,0,365,0,0
7668,0,59.25329209895182,1,0,0,0,6,0,0,365,0,0
7669,0,72.59323227520734,0,0,0,0,5,0,1,20,0,0
7670,0,65.7630333500015,0,0,0,0,8,1,0,365,0,1
7671,0,61.01600135061155,0,0,0,0,9,0,0,365,0,1
7672,0,82.0186281225618,0,0,0,0,8,0,0,365,0,0
7673,0,69.33730503106729,1,0,1,0,4,0,0,365,0,0
7674,0,56.10122390867518,1,0,0,0,4,0,0,365,0,0
7675,0,70.02684511165111,1,0,0,0,5,1,0,365,0,0
7676,1,72.22526100846525,0,0,0,0,9,0,0,365,1,0
7677,0,70.49762167798606,1,0,0,0,6,0,0,365,0,1
7678,0,75.94813228923539,1,0,0,0,10,1,0,365,0,0
7679,0,69.33481491531231,0,0,0,0,7,0,0,365,0,0
7680,0,60.48505549801824,1,1,1,0,6,0,0,365,0,0
7681,0,76.16799215399391,1,0,0,0,10,0,1,309,0,0
7682,1,45.47690476129387,0,1,0,0,3,0,0,365,0,0
7683,1,63.96769508812941,0,0,0,1,5,0,0,365,0,0
7684,0,92.69212273436875,1,0,0,0,2,1,1,35,0,1
7685,0,63.262884548266534,0,0,0,0,5,0,0,365,0,1
7686,1,65.08390993646307,1,0,0,1,6,0,0,365,0,0
7687,1,86.26537228542473,0,0,0,0,12,1,1,159,0,1
7688,0,73.62149624514603,1,0,0,1,1,1,0,365,1,0
7689,0,69.20900675841644,1,0,0,0,6,0,0,365,0,0
7690,1,71.0479763233785,0,0,0,0,10,0,0,365,0,0
7691,0,62.738574263778915,0,0,0,0,3,0,0,365,0,0
7692,0,63.83147057070374,1,0,1,0,10,0,0,365,0,0
7693,1,71.92179425610007,1,0,0,0,2,0,0,365,0,1
7694,1,90.82745532920234,0,1,1,0,9,0,0,365,1,1
7695,0,50.616819107375456,1,0,0,0,8,0,0,365,0,0
7696,1,68.82797358592548,0,0,1,1,7,0,0,365,0,1
7697,1,56.050727262746335,0,0,0,0,4,0,0,365,1,1
7698,1,86.76506650771732,1,1,0,0,7,0,0,365,0,0
7699,0,77.62527302145578,1,0,1,0,8,0,0,365,0,0
7700,0,59.73281711233989,1,0,1,0,9,0,0,365,0,0
7701,0,63.83291102478856,0,0,0,0,8,0,0,365,0,0
7702,1,71.36748586952802,1,0,0,1,2,0,0,365,0,0
7703,1,74.23363246104674,1,0,0,0,5,0,0,365,0,0
7704,0,64.10412874666063,1,0,0,0,2,0,0,365,0,0
7705,1,62.31946301015114,0,0,0,1,6,0,0,365,0,0
7706,0,62.37521166635974,1,0,0,0,8,0,0,365,0,0
7707,1,58.497794165904644,1,0,1,0,6,1,0,365,0,0
7708,1,69.25629784048743,0,0,0,0,6,1,0,365,0,0
7709,1,68.7669072240792,1,0,0,0,6,1,0,365,0,0
7710,0,60.84768768605504,0,0,0,0,4,0,0,365,0,0
7711,1,58.52156660865059,0,1,1,0,10,1,0,365,0,0
7712,0,72.02068066364996,1,0,0,0,5,0,0,365,0,0
7713,0,65.64651441470761,1,0,1,0,5,0,0,365,0,0
7714,1,64.43506144374906,0,0,0,0,6,1,0,365,0,0
7715,1,64.00229712590453,1,0,0,1,3,0,0,365,0,0
7716,1,52.80114300385828,1,0,0,0,8,1,0,365,0,0
7717,0,82.40195133909594,1,0,0,0,7,0,1,357,0,0
7718,0,67.73352491446741,1,0,0,0,1,0,0,365,1,0
7719,0,63.355865658641044,0,0,1,0,6,0,0,365,0,0
7720,0,72.58066528784589,0,0,0,0,4,0,0,365,0,0
7721,0,79.54865905756299,0,0,0,0,3,0,1,98,0,0
7722,1,58.93358892831979,0,0,0,1,3,0,0,365,0,0
7723,0,68.84814081239652,0,0,0,1,6,0,0,365,0,0
7724,0,62.202415273917204,1,0,0,0,1,0,0,365,0,0
7725,1,72.05484718043672,1,0,0,0,9,1,0,365,0,0
7726,0,56.957591613735936,0,0,0,1,6,0,0,365,0,0
7727,0,69.11324028139967,1,0,0,0,2,1,0,365,0,0
7728,1,67.34605755031164,1,0,0,1,2,1,0,365,0,1
7729,1,64.02216632057592,0,0,0,0,2,0,0,365,0,0
7730,0,58.65018471388099,0,0,0,0,4,0,0,365,0,0
7731,1,56.21776072990926,1,0,0,0,3,0,0,365,0,0
7732,0,56.8877011265847,1,0,0,1,4,1,0,365,0,0
7733,0,78.88997179630539,1,0,0,1,3,0,0,365,0,0
7734,0,75.50228289989138,0,0,0,0,9,0,0,365,0,0
7735,0,55.30926482290063,1,0,0,0,3,0,0,365,0,0
7736,0,78.31461077809018,0,0,0,0,7,0,0,365,0,0
7737,0,68.70802665557217,0,0,1,0,7,0,1,78,0,0
7738,0,65.45733364109981,1,0,0,0,3,0,0,365,0,0
7739,0,60.4466443196727,1,0,0,0,5,1,0,365,0,0
7740,0,79.4851749256128,1,0,0,1,9,0,1,187,0,0
7741,0,72.97851441228282,1,0,1,0,9,1,0,365,0,0
7742,0,79.1214845030499,1,0,0,0,6,0,0,365,0,1
7743,1,80.43325630043803,1,0,0,0,4,1,0,365,0,0
7744,0,79.31068405603344,1,0,0,0,9,0,0,365,1,1
7745,0,72.73625955801165,1,0,0,1,7,1,0,365,0,0
7746,1,57.64560456345733,1,1,0,0,8,0,1,64,0,0
7747,1,71.2531499931,0,0,0,0,5,1,0,365,0,0
7748,0,73.4162269537218,0,0,0,1,4,0,0,365,0,0
7749,0,51.0061250503621,0,0,1,0,5,0,0,365,0,0
7750,0,77.88599488151532,1,0,0,0,5,0,0,365,0,1
7751,1,60.035269626877174,0,0,0,0,6,0,0,365,0,0
7752,0,75.20944357438073,0,0,0,1,7,0,1,129,0,1
7753,1,45.03362413862157,0,0,0,0,8,1,0,365,0,0
7754,0,78.07281597937526,1,0,0,0,8,0,1,43,0,0
7755,1,62.486956667349965,1,0,0,0,1,0,0,365,0,0
7756,0,51.79059108924812,0,0,0,0,5,0,0,365,0,0
7757,0,59.803753828327785,0,1,0,1,10,0,0,365,0,0
7758,1,56.00171226084996,0,0,0,0,2,1,0,365,0,0
7759,0,68.78532684856614,1,0,0,0,3,0,0,365,0,0
7760,1,75.4434035443325,1,0,1,0,4,0,0,365,0,0
7761,0,63.50485346850935,0,0,0,0,8,0,0,365,0,0
7762,0,75.15093434730184,0,0,0,0,3,0,0,365,0,0
7763,0,82.30804479647719,0,0,0,0,5,0,1,12,0,0
7764,1,88.67359319254759,0,0,0,0,8,0,0,365,0,0
7765,1,74.17961814172682,0,0,0,1,8,0,0,365,0,0
7766,0,60.4423857543563,1,0,0,1,2,0,0,365,0,0
7767,0,60.97926573519353,0,0,0,0,3,0,0,365,1,0
7768,1,79.42304706443741,1,0,0,0,5,0,0,365,0,0
7769,0,66.66665057290709,0,0,0,0,10,1,0,365,0,0
7770,0,62.70116257928377,0,0,0,0,2,0,0,365,0,0
7771,0,69.93381482597414,1,0,0,0,4,0,0,365,0,0
7772,1,65.42519929212386,0,1,0,1,3,0,0,365,0,0
7773,1,71.78356585232564,1,0,0,1,5,0,1,58,0,1
7774,1,62.6318317866333,0,0,0,0,8,0,0,365,0,0
7775,1,57.281132511084635,1,0,0,0,8,1,0,365,0,0
7776,0,53.887698680294854,1,1,0,0,8,0,0,365,0,1
7777,0,59.63112236339068,0,0,0,0,3,1,0,365,0,0
7778,1,73.8947621451434,1,1,0,1,12,0,0,365,0,0
7779,0,58.761239656075816,0,0,1,0,5,1,0,365,0,0
7780,0,72.90327924707763,1,0,0,0,6,0,0,365,0,1
7781,1,78.59429816211141,0,1,1,1,8,0,0,365,0,0
7782,0,72.69095632814211,1,0,1,0,3,0,0,365,0,0
7783,0,78.31244704881864,1,0,0,0,3,0,1,57,0,0
7784,0,65.60555065291851,1,0,0,0,6,0,0,365,0,0
7785,1,68.29771040154148,0,0,0,0,6,0,0,365,0,1
7786,1,71.74025163270632,0,1,0,0,10,0,0,365,0,1
7787,0,54.50940186478322,1,0,0,0,5,0,0,365,0,0
7788,1,56.797650330066546,0,0,0,0,4,1,0,365,0,0
7789,1,67.62678576389244,1,0,0,0,8,0,0,365,0,0
7790,1,54.82602595137697,0,0,0,0,5,1,0,365,0,1
7791,1,69.09786555007156,1,0,1,1,11,1,1,52,0,0
7792,0,73.1189886373641,1,0,1,0,7,0,0,365,0,0
7793,0,63.134276375027355,0,0,1,1,10,0,0,365,1,0
7794,0,66.93876228249721,1,0,0,1,6,1,0,365,1,0
7795,0,62.049385356325594,1,0,0,1,6,0,0,365,0,0
7796,0,55.07298900276109,1,0,0,0,3,0,0,365,0,1
7797,1,73.4898784977658,0,0,1,0,7,0,0,365,0,1
7798,0,62.64120159446185,1,0,0,0,8,0,0,365,0,0
7799,0,59.71012894214921,0,0,0,0,6,0,0,365,0,0
7800,1,70.86701059016657,0,0,0,0,6,0,0,365,0,0
7801,0,68.96652864458744,1,1,0,1,5,0,0,365,0,0
7802,1,65.31274556983581,0,0,0,1,5,1,1,123,0,0
7803,1,77.39662385896655,1,0,1,0,10,0,0,365,0,0
7804,0,64.31544809882553,0,0,0,0,3,1,0,365,0,0
7805,1,80.65931773087992,1,0,0,0,7,1,0,365,0,0
7806,1,60.4739905214502,0,0,0,0,5,1,0,365,0,1
7807,1,75.95194080358863,1,1,1,0,10,0,0,365,0,0
7808,1,65.36986161469312,1,1,0,0,8,0,0,365,0,0
7809,1,64.17936145200103,1,0,0,0,3,1,0,365,0,1
7810,1,65.16331457315556,0,0,0,0,4,0,0,365,0,0
7811,0,62.57454462290677,1,0,0,0,6,0,0,365,0,0
7812,0,69.90631402170834,0,0,0,0,8,0,0,365,1,1
7813,0,61.66099782525952,0,0,0,1,4,0,0,365,0,1
7814,0,71.00020710191984,0,0,0,1,6,0,0,365,0,0
7815,0,69.18220921593692,0,0,0,0,11,0,0,365,0,0
7816,1,92.32922715561816,1,0,1,0,5,0,0,365,0,0
7817,0,62.542206918072196,0,0,1,0,8,0,0,365,0,0
7818,1,74.13989497943689,0,0,0,0,7,0,0,365,0,0
7819,1,61.69397659103484,1,0,1,0,6,1,0,365,1,1
7820,0,80.9912769391901,0,1,0,0,8,1,1,318,0,0
7821,1,57.024548807358414,0,1,0,1,9,1,1,40,0,1
7822,0,65.18032472693623,0,0,1,0,3,0,0,365,0,0
7823,0,67.91098836287236,1,0,0,0,9,0,0,365,0,0
7824,0,60.04230825718622,0,0,0,0,7,0,0,365,0,0
7825,0,66.8233621175942,0,0,0,0,7,0,1,48,1,0
7826,1,90.45991192734427,1,0,0,0,10,0,0,365,1,1
7827,1,80.66505279247629,1,0,0,0,6,1,0,365,0,0
7828,1,49.28653592224196,0,0,0,0,3,1,0,365,0,0
7829,1,59.045770748907074,0,0,0,0,10,0,0,365,0,0
7830,0,56.56954241015879,1,0,0,1,12,0,0,365,0,0
7831,0,60.54486399913876,0,0,0,0,0,0,0,365,0,0
7832,0,68.42152619161362,0,0,0,0,7,0,0,365,0,0
7833,0,47.99799301550564,0,0,0,0,10,0,0,365,0,0
7834,0,61.67944532800429,1,0,0,0,7,1,0,365,0,0
7835,0,59.85584100855331,1,0,0,0,3,0,0,365,0,0
7836,1,60.548582594813126,1,0,1,0,6,0,0,365,0,0
7837,1,70.887698214139,0,0,1,0,5,0,0,365,1,0
7838,0,85.53074369667428,0,0,0,0,6,0,0,365,0,0
7839,1,83.47909791319017,0,0,0,0,7,0,0,365,0,0
7840,1,79.01522164106233,1,0,0,1,6,0,1,150,0,1
7841,0,77.44794390712426,0,1,0,0,9,0,0,365,1,1
7842,0,56.929247148380995,0,0,0,0,3,0,0,365,0,0
7843,0,63.38312520723331,0,0,0,0,6,0,0,365,1,0
7844,1,92.4472379651196,1,1,1,0,9,0,1,249,0,0
7845,0,73.09224185448682,0,0,0,0,7,0,0,365,0,0
7846,1,80.67415030102642,0,0,0,0,6,0,0,365,1,1
7847,0,75.90609148133348,1,0,0,1,9,1,0,365,0,0
7848,0,71.53938314273131,0,0,0,0,4,0,0,365,0,0
7849,0,55.87423715703538,0,0,0,0,2,0,0,365,0,0
7850,0,69.77337528515822,0,0,0,1,4,0,0,365,0,0
7851,1,70.90092931891789,1,1,0,1,9,0,0,365,1,1
7852,1,66.48716220422479,1,0,0,1,2,0,0,365,0,0
7853,0,58.95766050320254,1,0,0,0,4,1,0,365,0,0
7854,1,64.25633227595912,0,0,0,0,6,1,0,365,0,0
7855,0,77.73585364909715,0,0,0,0,7,0,0,365,0,1
7856,0,60.238885346952515,1,0,0,0,4,1,0,365,0,0
7857,0,51.89024744661272,0,0,0,0,6,1,0,365,0,0
7858,1,62.805169174635296,0,0,0,0,7,0,0,365,0,0
7859,0,65.88164153637679,0,0,1,1,9,0,0,365,0,0
7860,0,67.33693451226414,1,0,0,1,4,0,0,365,0,0
7861,1,59.12727440715517,1,0,0,0,5,0,0,365,0,0
7862,1,60.43163052178031,1,0,0,0,6,1,0,365,0,0
7863,0,69.17373115566438,1,1,0,0,13,0,0,365,0,0
7864,1,72.66860509347455,0,0,0,0,2,0,0,365,0,0
7865,1,54.02344623425121,0,0,0,0,4,1,0,365,1,0
7866,1,60.87388931725426,0,0,0,0,9,0,0,365,0,0
7867,0,72.70941055009408,1,0,0,0,10,0,0,365,0,0
7868,1,60.575076781156795,1,0,0,1,4,0,0,365,0,0
7869,1,68.84680478425321,0,1,0,0,5,0,0,365,0,0
7870,1,40.3089998591298,1,0,0,0,3,1,0,365,0,0
7871,0,72.33266945526132,0,1,0,0,12,0,0,365,0,0
7872,1,64.8885499504086,0,0,1,0,5,1,0,365,0,0
7873,0,83.30108339272027,0,0,1,0,15,0,0,365,0,0
7874,0,62.19055610162777,1,0,0,0,6,1,0,365,0,1
7875,0,60.1522055013906,0,0,0,0,5,0,0,365,0,0
7876,1,77.9138072158037,1,1,0,0,5,1,1,220,0,1
7877,0,52.89336641997994,1,0,1,0,4,1,0,365,0,0
7878,0,57.58104923131911,1,0,0,0,2,0,0,365,0,0
7879,1,68.30186659706509,0,0,0,0,5,1,0,365,0,0
7880,1,68.9754394011135,0,0,0,0,6,1,0,365,0,0
7881,0,49.1224892463041,1,0,0,1,5,0,0,365,0,0
7882,1,62.74119599585906,1,0,0,0,5,1,0,365,0,0
7883,0,63.590580573379626,0,0,1,0,9,1,0,365,0,0
7884,0,80.4436824933007,1,0,0,0,5,0,1,283,0,1
7885,1,52.64748631834786,0,0,0,0,2,1,0,365,0,0
7886,1,81.98248036018278,0,0,0,0,7,1,1,289,1,0
7887,1,66.40020657385317,1,0,0,0,4,0,0,365,0,0
7888,0,66.82817218564064,1,0,0,1,3,0,0,365,0,0
7889,1,66.16120471284547,0,0,1,0,5,0,0,365,0,0
7890,0,53.60866586816449,1,0,0,0,8,0,0,365,0,0
7891,1,57.05052942097731,0,0,0,0,4,1,0,365,0,0
7892,1,65.66733259603753,1,0,0,0,2,0,0,365,0,0
7893,0,63.98842656840433,1,0,0,0,5,0,1,65,0,0
7894,1,59.869104142447,0,0,1,0,8,0,0,365,0,0
7895,0,70.67850604256432,1,0,0,1,6,0,0,365,0,0
7896,0,54.5723551612372,0,0,0,0,4,0,0,365,0,0
7897,0,61.573043815780736,1,0,0,0,3,1,0,365,0,0
7898,0,68.46145112689801,1,0,0,0,6,1,0,365,0,0
7899,0,54.30798131661021,0,0,0,0,6,1,0,365,0,0
7900,1,51.58266247913211,0,0,1,0,5,0,0,365,0,0
7901,1,55.50358240819528,0,0,0,0,3,0,0,365,0,0
7902,0,48.22778146273773,0,0,0,1,4,1,0,365,0,0
7903,0,50.38165469759186,0,0,0,0,2,0,0,365,0,0
7904,0,58.01247839756734,0,0,0,0,4,0,0,365,0,0
7905,0,55.46932916020771,0,0,0,0,7,0,0,365,0,0
7906,1,43.862952149922364,1,0,0,1,5,0,0,365,0,0
7907,0,74.72860463020008,1,0,0,0,5,0,0,365,0,0
7908,0,50.412706424675015,0,1,0,1,7,0,1,31,0,0
7909,0,71.8736639963089,1,0,0,0,6,1,0,365,0,0
7910,0,58.0100964632718,0,0,0,0,4,0,0,365,0,0
7911,1,62.5531137604919,1,0,0,1,6,0,0,365,0,1
7912,1,61.97530089885548,1,0,0,1,5,0,0,365,0,0
7913,0,67.51088612740638,0,0,0,0,6,1,0,365,0,0
7914,0,67.09773917428912,1,0,0,1,3,0,0,365,0,0
7915,0,69.94794309546714,1,1,0,0,6,1,0,365,0,1
7916,0,67.88643097488092,0,0,0,0,8,0,0,365,0,0
7917,0,58.60234639760998,0,0,0,1,7,1,0,365,0,0
7918,1,75.17121221805407,1,0,0,0,3,1,1,33,0,1
7919,0,60.93633712565192,1,0,0,0,6,0,0,365,0,0
7920,0,64.15613591708453,0,0,0,0,4,1,1,209,0,0
7921,0,74.47401228506442,1,0,0,0,11,0,1,33,0,0
7922,1,68.09168555896197,0,0,0,0,7,0,0,365,0,1
7923,0,53.93696550533008,0,0,0,0,4,1,0,365,0,0
7924,0,72.51822456199693,1,0,0,1,8,0,0,365,0,0
7925,1,51.954715757058274,0,0,0,0,8,0,1,128,0,1
7926,0,57.1304975358697,0,0,0,0,5,0,0,365,0,0
7927,0,57.058004310946174,0,0,1,0,10,0,0,365,0,0
7928,0,57.13784860831371,1,0,1,0,2,0,0,365,1,0
7929,1,61.39208867990788,0,0,0,0,4,0,0,365,0,0
7930,0,58.96021676939054,1,0,0,0,7,0,0,365,0,0
7931,1,68.31438923054765,1,0,0,0,10,0,0,365,0,0
7932,0,55.36127809384188,1,0,0,1,3,0,0,365,0,0
7933,0,71.24192519572387,1,0,0,1,5,0,0,365,0,0
7934,0,54.92248794332499,1,0,0,0,4,0,0,365,1,1
7935,0,55.68168514559637,0,0,0,0,6,0,0,365,0,0
7936,0,70.48261665369589,1,0,0,0,6,0,0,365,0,0
7937,1,57.75610176976274,1,0,0,0,5,0,0,365,0,0
7938,1,60.765966504093704,1,0,0,0,4,0,0,365,0,0
7939,1,80.05643830738502,0,0,0,0,9,0,0,365,0,1
7940,0,80.41373445020668,0,0,1,0,5,0,1,109,0,0
7941,0,72.56161790401309,1,1,0,0,7,0,0,365,0,0
7942,0,69.75028216073135,0,0,0,0,5,0,0,365,0,0
7943,1,73.65985801586893,1,0,1,1,6,1,0,365,0,0
7944,0,64.82062067075876,1,0,0,0,4,0,0,365,0,1
7945,0,65.60472099157387,1,0,0,0,6,0,0,365,0,0
7946,0,66.53014458245309,0,0,0,0,2,0,0,365,0,0
7947,0,40.0,0,0,0,0,7,0,0,365,0,0
7948,0,72.61694932713226,1,0,0,0,6,0,0,365,0,0
7949,0,76.70833456125338,0,0,0,0,3,0,0,365,0,0
7950,0,63.01236702487986,0,0,0,0,1,0,1,190,0,0
7951,1,64.3804606828082,0,0,0,0,10,0,0,365,0,0
7952,0,43.505947097593605,1,0,1,0,11,0,0,365,0,0
7953,0,55.88459777757324,0,1,0,0,5,0,0,365,0,0
7954,0,59.75205801644666,1,0,0,0,3,0,1,183,1,0
7955,1,56.97833663370146,0,0,0,0,3,0,0,365,0,1
7956,0,76.87569206490627,1,0,0,0,5,0,1,346,0,0
7957,0,64.18978210180136,1,0,0,0,6,0,0,365,0,0
7958,1,58.133691068378184,0,0,0,0,9,0,0,365,0,1
7959,1,66.74133015228122,1,0,0,0,4,0,0,365,0,0
7960,0,67.23247684680481,0,0,1,0,3,0,0,365,0,0
7961,0,86.93496895473022,0,0,0,0,7,0,0,365,0,1
7962,1,65.37564208036078,1,0,0,0,6,1,0,365,0,0
7963,0,69.07797746902922,0,0,1,0,4,0,0,365,0,0
7964,0,65.44660235870333,0,0,0,0,7,0,0,365,0,0
7965,1,67.40872533918031,0,0,0,0,4,1,0,365,1,0
7966,0,69.15132344210004,0,0,0,0,11,0,0,365,0,0
7967,0,55.46999986741862,0,0,0,0,3,1,0,365,0,0
7968,0,54.249399121269654,1,0,0,0,3,0,0,365,0,0
7969,0,64.49859851673291,0,0,1,0,6,0,0,365,0,0
7970,1,53.82779921812333,1,0,0,0,4,1,0,365,0,1
7971,0,57.80262437091902,0,0,0,0,4,0,0,365,0,0
7972,1,55.93282015957845,1,0,0,1,6,0,1,11,0,1
7973,0,60.78612353640057,1,0,0,0,3,0,1,251,0,1
7974,0,54.95266940085803,1,0,0,0,8,0,0,365,0,0
7975,0,70.82542116272172,0,0,0,1,10,0,0,365,0,0
7976,1,71.85999619240843,1,0,1,0,9,0,1,301,0,1
7977,0,61.16877980911371,1,0,0,1,6,0,0,365,0,0
7978,1,69.52114593002155,0,1,0,0,5,1,1,123,0,1
7979,1,50.57602940849638,0,0,0,0,15,0,0,365,0,0
7980,0,53.82327008508889,1,0,0,0,5,0,0,365,0,0
7981,0,68.24054108049965,0,0,0,0,3,0,0,365,0,0
7982,0,73.5803390511193,1,0,0,0,5,1,0,365,0,1
7983,1,82.13961860740135,1,0,1,1,7,1,1,287,0,1
7984,0,50.808138377203555,1,0,0,1,3,0,0,365,0,0
7985,1,74.70872062953998,0,0,0,1,3,0,1,3,0,0
7986,0,41.27602298365011,0,0,0,0,3,1,0,365,0,0
7987,0,55.825621977956885,0,0,0,0,5,0,0,365,0,0
7988,0,67.89300618813002,0,0,0,0,7,0,0,365,0,0
7989,0,63.101920582783045,1,0,0,0,4,0,0,365,0,0
7990,0,68.88831399197389,1,0,0,0,6,0,0,365,0,1
7991,0,52.0803645414831,1,0,0,1,5,1,0,365,0,0
7992,1,61.21545793522975,0,0,0,0,4,1,0,365,0,0
7993,0,48.36687384987489,0,0,0,0,7,0,0,365,0,0
7994,0,57.83806796493075,1,0,0,0,5,0,0,365,0,0
7995,1,62.47701540455052,0,0,0,0,4,1,0,365,0,1
7996,1,92.21980625420119,0,0,0,0,17,0,0,365,1,1
7997,0,65.12504735703317,1,0,0,1,5,0,0,365,0,0
7998,0,67.47211270422213,0,0,0,0,14,0,0,365,0,0
7999,0,58.008064484335684,0,0,0,0,6,0,0,365,0,0
8000,0,71.26742842565666,0,0,1,0,9,0,1,310,0,0
8001,0,59.19789763100493,0,0,0,0,4,0,0,365,0,0
8002,1,63.00868951117683,1,0,0,0,2,0,0,365,0,0
8003,0,60.226869084829396,0,0,0,0,8,0,0,365,0,0
8004,0,55.39331046453665,0,0,0,0,5,0,0,365,0,0
8005,1,60.148846498761,1,0,0,0,6,1,0,365,0,0
8006,0,68.05529468150813,0,0,0,0,1,0,0,365,0,0
8007,0,53.985117914776325,1,0,0,0,3,0,0,365,0,0
8008,1,71.42336460631005,0,0,0,0,7,0,0,365,0,0
8009,0,68.41402410965961,1,0,0,0,3,0,0,365,0,0
8010,0,68.82912835510082,0,0,0,0,8,1,1,29,0,0
8011,0,66.2288911290201,0,0,0,0,8,0,0,365,0,0
8012,0,74.67083635635443,1,0,0,0,8,0,0,365,0,1
8013,0,63.55706487183963,0,0,1,1,4,0,0,365,1,0
8014,0,63.61466334130555,0,0,0,0,6,0,0,365,0,0
8015,0,58.91230155557225,0,0,0,0,10,1,0,365,0,0
8016,1,70.75325362323272,0,0,0,1,5,1,0,365,1,1
8017,0,52.428775316317,1,0,0,0,4,1,0,365,0,0
8018,1,56.8951662145071,1,0,0,0,8,0,0,365,0,0
8019,0,67.5446812524088,0,0,0,0,6,1,0,365,0,0
8020,1,72.42724570267885,1,0,0,0,7,1,0,365,0,0
8021,0,75.50982794724183,0,1,0,0,4,0,0,365,0,0
8022,1,65.08451401514881,1,0,1,1,4,0,0,365,0,0
8023,1,40.0,1,0,0,1,3,0,0,365,0,0
8024,0,61.85867138719065,0,0,0,0,2,0,0,365,0,0
8025,1,60.48773105291532,1,0,0,0,3,0,0,365,0,0
8026,0,70.51947644987303,0,0,0,1,4,0,0,365,0,1
8027,1,80.4633009560624,1,0,0,0,5,1,0,365,1,1
8028,1,53.413048662090816,1,0,0,0,6,1,0,365,0,0
8029,0,48.44739176897885,1,0,0,0,3,1,0,365,0,0
8030,0,74.13531918195372,0,0,1,0,8,0,0,365,0,0
8031,1,73.66949573510553,1,0,0,0,6,0,0,365,0,0
8032,0,64.86612925741693,0,0,0,0,3,0,0,365,0,1
8033,0,63.00922025329578,1,1,0,0,10,1,0,365,0,0
8034,0,56.92297650512687,0,0,0,0,7,0,0,365,0,0
8035,1,72.94378732109428,0,0,0,1,5,1,1,34,0,0
8036,0,72.25038439067515,1,0,0,0,6,0,0,365,0,0
8037,0,66.11584878257305,0,1,0,0,4,0,0,365,0,0
8038,0,76.03651714094056,0,0,0,0,3,0,0,365,0,0
8039,0,59.05427883976858,0,0,0,0,5,1,0,365,0,0
8040,0,73.84312148052295,0,0,1,0,4,0,0,365,0,0
8041,1,68.60712002068088,1,0,0,0,2,0,0,365,0,0
8042,1,42.14455227843257,0,0,0,1,11,0,0,365,0,0
8043,0,64.38207877244304,1,0,0,0,1,0,0,365,0,0
8044,0,70.34408181512043,0,0,0,0,3,0,0,365,1,1
8045,0,72.4530199228543,0,0,0,1,6,0,1,222,0,0
8046,0,62.15990596770588,0,0,0,1,4,1,0,365,0,0
8047,0,61.31311825806747,0,0,0,0,5,0,0,365,0,0
8048,0,60.73363827083652,0,0,0,0,7,1,0,365,0,0
8049,0,68.66978945225937,0,1,0,0,12,0,0,365,0,0
8050,1,92.66984967342316,0,1,0,0,16,0,0,365,0,0
8051,1,87.83442148885894,1,0,1,1,10,1,1,39,0,1
8052,1,57.5610529751147,1,0,0,0,6,0,0,365,0,0
8053,0,62.76772111762212,1,0,0,0,8,0,0,365,0,1
8054,1,70.75234202959183,0,0,0,0,4,1,0,365,0,0
8055,0,67.99581358362542,0,0,0,0,8,0,0,365,0,0
8056,0,42.87504896819418,0,0,0,0,6,1,0,365,0,0
8057,1,63.059037705436715,1,0,0,0,3,1,0,365,0,0
8058,0,61.669465884528215,0,0,0,0,7,1,0,365,0,0
8059,1,62.206380312940034,1,0,0,1,2,0,0,365,0,0
8060,1,79.6290942114702,1,1,1,0,12,1,0,365,0,1
8061,1,48.842593294193236,1,0,1,0,7,1,0,365,0,0
8062,0,57.84289875045983,0,0,1,0,7,0,0,365,0,0
8063,0,75.85274360421208,1,0,0,0,5,0,0,365,0,0
8064,0,40.0,0,0,0,0,8,0,0,365,0,0
8065,0,59.38391005218618,0,0,0,0,4,0,0,365,0,0
8066,1,55.98372027438202,1,0,0,0,6,0,0,365,0,1
8067,1,78.51647539546873,0,1,0,0,11,0,0,365,0,0
8068,1,67.7178087428955,0,0,0,0,9,0,0,365,0,0
8069,0,87.85452921330966,0,1,0,0,7,0,1,22,0,1
8070,1,64.3750120710315,1,0,1,1,6,1,0,365,1,0
8071,1,68.59371706851462,0,0,0,0,3,0,1,188,0,0
8072,0,62.779863809168575,0,0,0,0,9,1,0,365,0,0
8073,1,68.78178664832662,1,0,0,0,6,0,0,365,0,0
8074,0,41.66189121670332,1,0,0,0,3,0,1,260,0,0
8075,0,66.52041529128569,0,0,0,0,5,1,0,365,0,0
8076,0,79.32933298006797,0,0,1,0,11,0,0,365,0,0
8077,0,67.41124328703508,1,0,0,0,3,0,0,365,0,0
8078,1,61.394736961240675,1,1,0,1,6,0,0,365,0,1
8079,0,62.96163406779732,1,0,0,0,6,0,0,365,0,0
8080,1,78.34268904654044,1,0,0,0,7,0,0,365,0,0
8081,0,52.03803334390006,1,0,0,0,6,0,0,365,0,1
8082,1,57.85620708422052,0,0,0,0,7,0,0,365,0,0
8083,0,63.72165789430583,1,0,0,0,7,0,0,365,0,0
8084,1,58.32014138563484,0,0,0,0,1,0,0,365,0,1
8085,0,62.653377370575065,0,0,0,0,7,0,0,365,0,0
8086,0,68.36270901373906,1,0,0,1,9,0,0,365,0,0
8087,0,54.71851420364011,0,0,0,0,5,0,0,365,0,0
8088,1,60.32419754273746,1,0,0,0,3,0,0,365,0,0
8089,1,66.95125068439681,0,0,0,0,5,0,0,365,1,1
8090,1,60.742164989629394,0,0,0,0,4,0,0,365,0,0
8091,0,78.02185091943643,0,0,0,0,7,0,0,365,0,0
8092,1,66.02386880479887,0,0,0,0,6,1,0,365,0,0
8093,0,72.85863869838724,1,0,0,0,4,0,0,365,0,0
8094,1,49.35640099944262,0,0,0,1,9,0,0,365,0,1
8095,0,54.917201390057,1,0,0,1,7,0,0,365,0,1
8096,1,56.78910190637777,0,0,0,0,5,0,0,365,0,0
8097,0,76.54088467692367,0,0,0,0,8,0,0,365,0,0
8098,1,77.20564134545728,1,0,1,0,12,0,0,365,0,0
8099,0,66.99162118909744,0,0,0,1,8,0,1,130,0,0
8100,1,60.63832749875516,0,1,0,0,7,0,0,365,0,0
8101,0,74.77036332836398,1,0,1,0,5,0,0,365,0,0
8102,0,53.12885589444153,0,0,1,0,9,0,0,365,0,0
8103,1,78.00859573134738,0,0,1,0,3,0,0,365,0,1
8104,0,73.9001642895987,0,0,0,0,3,0,0,365,0,0
8105,0,71.42541687215997,0,0,0,0,6,1,0,365,0,0
8106,0,66.48567019084138,1,0,0,0,4,0,0,365,0,1
8107,1,74.58099369423184,0,1,0,0,4,0,0,365,0,0
8108,0,72.70624328188705,0,0,0,0,7,0,0,365,0,0
8109,1,76.18451313681462,0,0,1,0,10,0,0,365,0,1
8110,1,53.741405732184866,0,0,0,1,1,0,0,365,0,0
8111,0,77.26931737987088,0,0,0,1,14,0,0,365,0,0
8112,0,63.98368155772159,0,0,0,0,5,0,0,365,0,0
8113,1,72.57908873620046,1,0,1,1,8,0,0,365,0,0
8114,1,67.73565324449116,1,0,0,0,8,0,0,365,0,0
8115,0,63.07885145689019,0,0,1,0,5,0,0,365,0,0
8116,1,71.4559122290997,0,0,0,1,7,0,0,365,1,0
8117,1,62.64685736403565,0,1,0,1,10,0,1,30,0,0
8118,1,70.11599975696407,1,0,0,1,6,0,1,255,0,0
8119,1,66.8281123584942,1,1,0,1,4,0,0,365,0,0
8120,1,67.87978603666664,1,0,0,1,4,0,1,256,0,0
8121,0,63.07751101137105,0,0,0,0,5,0,0,365,0,1
8122,1,71.91658433853596,0,0,0,0,9,0,0,365,1,0
8123,1,60.45708582433935,0,0,0,0,7,0,0,365,0,0
8124,1,64.72343916239188,0,0,0,0,2,1,0,365,0,0
8125,1,71.82230462304545,1,0,1,0,1,0,0,365,0,1
8126,0,73.82627193606025,1,0,0,0,4,0,0,365,0,0
8127,1,84.16975645745529,1,0,0,0,3,0,0,365,0,0
8128,0,76.75494849165705,0,0,0,0,4,1,0,365,0,0
8129,0,52.712130253966635,0,0,0,0,5,0,0,365,0,0
8130,1,70.2794670365493,1,0,1,0,10,0,0,365,0,0
8131,1,69.55999480988169,1,0,0,1,4,0,0,365,0,0
8132,1,64.6286993790804,1,0,0,0,4,0,0,365,0,0
8133,0,70.10002959552502,1,0,0,0,3,0,0,365,0,0
8134,0,70.98508995153347,0,0,0,0,6,0,0,365,0,0
8135,0,68.54912468076101,0,0,0,0,4,1,0,365,0,0
8136,1,77.31223783403004,0,0,0,0,6,0,0,365,0,0
8137,0,64.18058675320869,0,0,0,0,5,0,0,365,0,0
8138,1,65.80198978610846,0,0,0,0,8,0,0,365,0,0
8139,1,75.64964891171978,0,0,0,0,2,1,0,365,0,0
8140,0,70.85801742824023,1,0,0,0,6,0,0,365,0,0
8141,0,76.71311594793603,0,0,0,0,2,0,1,276,0,0
8142,0,67.6886033454157,1,0,0,0,1,0,0,365,0,0
8143,0,66.86600170973547,1,0,1,0,4,0,0,365,0,0
8144,1,62.077035748705,0,1,0,0,8,0,0,365,0,1
8145,1,62.77762483451411,0,0,1,0,6,1,0,365,0,0
8146,1,48.04840012700631,1,0,1,0,6,0,0,365,0,0
8147,1,79.18318952113533,1,0,0,0,4,0,0,365,0,0
8148,1,74.86199399872632,0,0,0,0,5,1,0,365,0,0
8149,1,74.39178160439498,0,0,0,1,3,0,0,365,0,0
8150,1,71.86802954939104,0,1,0,0,6,0,0,365,0,0
8151,1,72.81468581535331,1,0,0,0,7,0,0,365,0,0
8152,1,80.44841576454087,1,0,1,0,9,0,0,365,0,1
8153,0,57.59169557569339,1,0,0,0,7,1,0,365,1,0
8154,0,68.19656313964995,0,0,1,0,10,0,0,365,0,0
8155,0,45.35713241446258,1,0,0,0,5,0,0,365,0,0
8156,0,57.4385899757761,0,0,0,0,3,1,0,365,0,0
8157,1,64.0773386146296,0,0,0,0,10,0,0,365,0,0
8158,0,61.41486845922572,1,0,0,0,14,0,0,365,0,0
8159,1,69.302168546402,1,0,0,0,9,1,0,365,0,0
8160,0,74.61158792138406,1,0,0,1,4,0,0,365,0,0
8161,0,71.05314879939942,1,0,1,1,8,0,1,107,0,0
8162,0,49.017999231342394,0,0,0,0,2,1,0,365,0,0
8163,1,70.16888816889919,0,0,1,0,8,0,0,365,0,1
8164,0,54.334477877796616,0,0,0,0,2,0,0,365,0,0
8165,0,51.694252271062894,1,0,0,0,3,0,0,365,0,0
8166,1,63.70123534770802,1,1,0,0,9,0,0,365,0,0
8167,1,59.72784570034319,0,0,0,0,10,0,0,365,0,0
8168,1,63.786191138238586,1,0,0,0,9,0,0,365,0,1
8169,0,53.192436755075605,0,0,0,0,4,0,0,365,0,0
8170,1,77.03607772961894,1,0,0,1,7,0,0,365,0,0
8171,0,87.02545616518634,0,0,0,0,4,0,0,365,1,1
8172,1,69.9075545168379,1,0,0,0,3,0,0,365,0,1
8173,0,63.142862798805574,0,1,0,0,5,0,0,365,0,0
8174,1,82.6237256237074,1,1,0,0,8,0,0,365,0,1
8175,0,67.02282679745339,1,0,0,0,3,0,0,365,0,0
8176,0,70.30194719545834,0,0,0,0,9,0,0,365,0,0
8177,1,66.0777812721635,1,1,1,0,4,0,0,365,0,0
8178,0,66.72778257175554,1,0,1,0,8,0,0,365,0,0
8179,0,58.719153547703726,0,0,0,0,2,0,1,206,0,0
8180,0,64.00839462111388,1,0,0,0,6,0,0,365,0,0
8181,1,57.077424829006134,1,1,0,1,7,0,0,365,0,1
8182,0,71.11595957153125,0,0,1,0,5,0,1,34,0,0
8183,0,68.67915042799177,0,0,0,0,8,0,0,365,0,0
8184,1,70.11235388154236,1,0,1,0,4,0,0,365,1,1
8185,0,64.58965338756143,0,0,1,0,4,0,1,10,0,0
8186,0,55.84130121177461,1,0,0,0,4,0,0,365,0,0
8187,1,75.39052338408824,1,0,0,0,5,0,0,365,0,0
8188,0,61.74694331038264,0,0,0,0,4,1,0,365,0,0
8189,0,87.67517480421077,1,0,0,0,5,0,0,365,1,1
8190,1,82.19444644521408,0,0,0,0,4,0,0,365,1,1
8191,0,51.49827736301711,0,0,0,0,4,1,0,365,0,0
8192,1,89.3877983388951,0,0,0,0,9,0,1,66,0,1
8193,0,64.70125374274791,1,0,0,0,6,0,0,365,0,0
8194,0,67.44427149128681,1,0,0,0,9,1,1,164,0,0
8195,0,57.14563882461221,1,0,0,0,7,0,0,365,0,0
8196,0,78.94118656653066,1,0,0,0,2,0,0,365,0,1
8197,0,45.569965440423985,0,0,0,0,1,0,0,365,0,1
8198,0,62.991804540963564,0,0,0,0,8,0,0,365,0,0
8199,1,67.80131975315034,1,0,0,0,8,1,0,365,0,0
8200,0,67.8908533311596,1,1,0,1,13,0,1,82,0,0
8201,1,61.18149342314162,1,0,0,0,5,0,1,225,0,0
8202,0,64.44057789062711,0,0,0,0,5,0,0,365,0,0
8203,0,55.38535816282301,0,0,0,0,10,1,0,365,0,1
8204,1,64.05821252093844,0,0,0,0,6,0,0,365,0,0
8205,0,50.28674888567838,1,0,0,0,3,1,0,365,0,0
8206,1,70.58572095385051,0,0,0,0,2,1,0,365,0,0
8207,0,60.76082650207763,0,0,0,0,5,0,0,365,0,0
8208,1,68.38248230598366,1,0,0,1,4,0,0,365,0,0
8209,1,69.12615169114801,1,0,0,1,7,0,0,365,0,0
8210,0,58.010106942487,1,0,0,0,4,0,0,365,0,0
8211,1,67.04758739743001,1,0,1,1,5,1,0,365,0,0
8212,1,59.43785984017421,0,1,0,0,10,0,0,365,0,0
8213,0,58.05849396387838,0,0,0,0,10,1,0,365,0,0
8214,1,67.8836536775031,0,0,1,1,16,0,0,365,0,0
8215,1,51.697365905203924,0,0,0,0,4,0,1,96,0,0
8216,1,47.89734871158417,1,0,0,0,4,0,0,365,0,0
8217,0,58.50330345605701,0,0,0,0,2,0,1,291,0,0
8218,0,74.30538938843684,0,0,0,0,7,0,0,365,1,0
8219,0,50.639951907179935,0,0,0,0,3,1,0,365,0,0
8220,1,73.24980713493608,0,0,0,0,6,0,0,365,0,0
8221,0,56.51258731123092,1,0,0,0,3,1,0,365,0,0
8222,1,64.9922849152703,0,1,0,1,6,1,0,365,0,1
8223,0,64.35306486118309,1,0,0,0,7,1,1,87,0,0
8224,0,69.887784327323,0,0,0,0,4,0,0,365,0,0
8225,0,64.09468135582728,1,1,0,0,7,0,0,365,0,0
8226,1,79.01316779730712,0,0,0,0,8,0,0,365,0,1
8227,0,63.14093101040434,1,0,0,0,6,0,0,365,0,0
8228,0,59.58798357855116,0,0,0,0,12,1,0,365,0,0
8229,1,82.29343541869876,1,1,0,0,12,0,0,365,0,0
8230,1,40.0,1,0,0,1,4,0,0,365,0,0
8231,1,59.71551809171725,1,0,0,0,4,1,0,365,0,0
8232,1,61.322810794963175,0,0,0,1,4,1,0,365,0,0
8233,0,54.93795855643262,0,0,0,1,10,0,0,365,0,1
8234,0,56.19560426921598,0,0,0,1,3,0,0,365,0,0
8235,0,70.27778192344455,1,0,0,0,10,0,0,365,0,0
8236,0,71.62975878682107,1,0,0,1,6,0,0,365,0,0
8237,0,80.1007996364591,1,0,1,0,7,0,0,365,0,0
8238,0,60.11600526036789,0,0,0,0,10,0,0,365,0,0
8239,1,55.487471998749385,1,0,0,0,9,0,0,365,1,0
8240,0,65.51503189915164,1,0,0,0,4,1,0,365,0,0
8241,1,72.89758698474637,0,1,0,0,11,0,1,35,0,0
8242,1,82.16566529940438,0,0,1,1,6,0,1,174,0,1
8243,0,59.246859786805864,0,0,0,0,3,0,0,365,0,0
8244,0,69.23567378913745,0,0,0,0,2,1,0,365,0,0
8245,1,65.57640872615526,1,0,0,0,5,1,0,365,0,0
8246,0,52.852589278187914,0,0,0,1,4,1,0,365,0,0
8247,0,75.06475113086725,1,0,0,0,10,0,0,365,0,0
8248,1,71.47042324170508,0,0,0,0,6,0,0,365,0,0
8249,1,71.90813756320809,0,0,0,1,10,0,0,365,0,1
8250,0,68.80968639271632,1,0,0,0,4,1,0,365,0,0
8251,0,62.09732466673493,0,0,1,1,3,0,0,365,0,0
8252,1,80.8122090040561,0,0,1,0,7,0,0,365,0,0
8253,1,68.27673723330855,0,0,0,0,8,1,0,365,0,0
8254,0,60.08838544760294,1,1,0,0,8,0,0,365,0,0
8255,0,72.19506961027949,1,0,0,0,9,0,0,365,0,1
8256,1,66.74184856974207,0,0,1,0,7,0,0,365,0,0
8257,1,69.9150496921434,0,1,0,0,10,1,0,365,0,0
8258,0,63.11227637460145,0,0,0,1,6,0,0,365,0,0
8259,0,74.91606847047889,0,0,1,0,7,0,0,365,0,0
8260,0,75.4024810490804,1,0,1,0,4,0,0,365,0,0
8261,1,66.63727070860607,0,0,0,0,3,0,0,365,0,0
8262,0,77.53318784460936,1,0,0,0,2,0,0,365,0,0
8263,0,60.079667809719744,1,0,0,1,3,0,0,365,0,0
8264,1,76.67805948432274,1,0,0,0,6,1,0,365,0,1
8265,0,71.70585103263355,0,0,0,1,0,0,0,365,0,1
8266,1,68.35703437114373,1,0,0,0,11,0,0,365,0,0
8267,0,57.28095118745796,0,0,1,0,7,0,0,365,0,0
8268,1,71.12446222153575,1,0,1,0,6,0,1,110,0,0
8269,1,66.04931100022327,0,0,1,0,10,1,0,365,0,0
8270,1,69.4542331060575,1,0,0,1,3,1,0,365,0,0
8271,0,40.0,0,0,0,0,6,0,0,365,0,0
8272,0,71.4260936921541,1,0,1,0,5,0,0,365,0,0
8273,1,56.75763119820247,1,0,0,0,4,0,0,365,0,0
8274,0,49.47853448092468,1,0,0,0,3,1,0,365,1,1
8275,1,70.15922819252131,1,0,0,0,4,0,0,365,1,1
8276,1,70.06150250736316,0,0,0,1,3,0,0,365,1,0
8277,0,61.227434250095634,0,0,0,0,4,0,0,365,0,0
8278,1,81.04416500608487,0,0,0,0,7,0,0,365,0,0
8279,0,73.19906298302415,0,0,0,0,4,0,0,365,0,0
8280,1,71.6636319149693,0,1,0,0,11,0,0,365,0,0
8281,1,63.27048665651043,1,0,0,1,5,0,0,365,0,0
8282,0,65.21951995474711,1,1,0,0,3,0,0,365,0,1
8283,0,79.34863393411901,1,1,0,0,5,0,0,365,0,1
8284,0,59.1744719238477,1,1,0,0,5,0,0,365,0,0
8285,1,64.76121817442943,0,0,0,1,5,0,0,365,0,0
8286,1,73.57474235519037,1,0,0,0,10,1,0,365,0,1
8287,1,63.421175075591584,0,1,0,1,6,0,0,365,0,0
8288,0,78.92644691235294,0,0,0,0,5,0,0,365,0,0
8289,1,74.82004310813917,1,0,0,0,5,1,0,365,0,0
8290,1,79.48983955476324,1,1,1,1,7,0,0,365,0,0
8291,0,50.881566920275816,0,0,0,1,2,0,0,365,0,0
8292,1,60.02243822741589,0,1,0,0,7,0,0,365,0,1
8293,0,57.7047117492576,1,0,1,1,5,0,0,365,0,0
8294,0,58.535087337550394,1,0,0,0,3,1,0,365,0,0
8295,1,73.22829800759891,0,1,0,1,2,0,0,365,0,0
8296,0,61.337573682319025,1,1,1,0,9,0,0,365,0,0
8297,1,77.89655710814995,0,1,0,1,15,1,0,365,0,0
8298,1,62.23702284703341,1,0,1,0,9,0,0,365,0,0
8299,0,78.02622847946623,1,0,0,1,7,0,0,365,0,0
8300,0,62.88451532578974,1,0,1,0,7,1,0,365,0,0
8301,0,63.21105678976015,0,0,0,0,5,0,0,365,0,0
8302,1,81.54129723043162,0,1,0,0,8,0,0,365,0,0
8303,0,61.797864517573615,0,0,1,0,9,0,0,365,0,0
8304,0,64.72304765851216,0,0,0,0,6,0,0,365,0,0
8305,0,61.935188257409536,0,0,0,0,7,1,0,365,0,0
8306,1,60.42472514746964,0,1,0,0,8,0,0,365,0,0
8307,0,80.07242906895148,1,0,1,0,11,0,0,365,0,0
8308,0,51.44040725940138,1,0,0,0,6,0,0,365,0,1
8309,0,54.04144193877495,1,0,0,0,6,0,0,365,0,0
8310,0,81.44439131396541,0,0,0,0,6,1,0,365,0,0
8311,1,67.00709215732368,0,0,0,0,9,1,0,365,0,0
8312,0,60.69887725672688,0,0,0,0,7,1,0,365,0,0
8313,0,68.85849381852661,0,0,0,0,6,0,0,365,0,0
8314,0,71.42577733935144,0,0,0,0,3,0,0,365,0,1
8315,0,77.64355585395887,1,0,0,0,9,0,0,365,0,0
8316,0,81.10977260162139,0,0,0,1,9,0,1,114,0,0
8317,1,76.8544453169229,1,1,1,0,7,0,0,365,0,1
8318,0,74.36521919651332,1,0,0,0,6,0,0,365,0,0
8319,0,52.600705861747024,0,0,0,1,4,0,0,365,0,1
8320,0,60.30352975767416,1,0,1,0,5,0,0,365,0,0
8321,1,85.8616958546751,1,1,1,0,12,0,1,40,0,0
8322,0,64.6384070396357,1,0,0,0,8,0,0,365,0,0
8323,1,78.82832934086508,0,0,1,0,14,0,0,365,0,0
8324,0,49.70186495659928,1,0,0,1,5,0,0,365,0,0
8325,1,63.229007688689734,0,0,0,0,3,0,0,365,0,0
8326,0,47.39292664603269,0,0,0,0,4,0,0,365,0,0
8327,0,73.56733328947155,0,0,0,0,10,0,1,322,0,0
8328,0,64.54259321622123,0,0,0,0,5,1,0,365,0,0
8329,1,83.29146577191142,0,0,0,0,9,0,0,365,0,0
8330,1,61.73198074856343,1,1,0,0,5,0,1,276,0,1
8331,1,54.602427942322244,1,1,0,0,9,0,0,365,0,0
8332,0,70.99157235374892,1,0,0,0,7,1,0,365,0,0
8333,0,63.176733322525514,0,0,0,0,6,1,0,365,0,0
8334,0,56.16184171962581,1,0,0,0,7,0,0,365,0,0
8335,0,70.30686019452857,1,0,0,1,5,0,0,365,1,0
8336,1,65.13607243556257,0,0,0,0,6,1,1,274,0,0
8337,0,78.36851356914732,1,0,1,1,5,0,0,365,0,0
8338,0,61.05926548453357,1,0,0,0,4,0,0,365,0,0
8339,1,79.91744560615753,0,0,0,0,8,0,0,365,0,1
8340,0,63.99114687714994,0,0,0,1,3,0,0,365,0,0
8341,0,86.91476685151287,1,0,1,1,8,0,1,4,0,0
8342,0,55.08170863367883,1,0,0,0,7,1,0,365,0,0
8343,0,58.66752555016831,1,0,0,0,1,0,0,365,0,0
8344,0,83.12163462773233,0,1,0,0,11,0,1,241,0,0
8345,0,66.46527782113868,0,0,0,1,8,0,0,365,0,0
8346,0,64.7998678637188,1,0,1,0,6,0,0,365,0,0
8347,0,81.93111222618951,1,0,0,0,7,0,0,365,0,0
8348,0,64.32978186641441,0,0,0,0,6,0,0,365,0,1
8349,1,67.8996790560057,0,0,0,0,7,0,0,365,0,1
8350,0,65.35343152685923,0,0,1,1,2,0,0,365,0,0
8351,1,47.78868722382933,0,0,0,0,6,0,0,365,0,0
8352,0,58.79309635156627,1,0,0,0,6,0,0,365,0,0
8353,0,58.47846108428179,1,0,0,0,3,0,0,365,0,1
8354,0,55.64224439493563,0,1,0,0,9,1,0,365,0,0
8355,1,81.04637234438025,1,0,1,0,5,0,0,365,0,0
8356,1,77.58369050516869,0,1,0,0,10,0,0,365,0,0
8357,0,52.92195546285326,0,0,0,0,4,0,0,365,0,0
8358,0,54.771279856712454,1,0,0,0,2,0,0,365,0,0
8359,1,71.82382806474021,1,1,1,0,9,0,0,365,0,1
8360,1,61.05606866074774,0,0,0,0,8,1,0,365,0,1
8361,0,67.76432090395058,0,0,0,0,7,0,0,365,0,0
8362,1,67.71362752444153,1,0,0,0,3,0,0,365,0,0
8363,1,50.207179144722815,0,0,0,0,3,0,0,365,0,0
8364,0,59.156968766043015,1,0,0,0,6,1,0,365,0,0
8365,1,55.61930128923779,0,0,0,1,6,0,0,365,0,0
8366,0,55.127348762795364,1,0,0,0,3,1,0,365,0,0
8367,1,42.305360344077585,1,0,0,0,5,0,0,365,0,1
8368,0,73.8319975266399,1,0,1,0,3,1,0,365,0,0
8369,0,56.165639379479764,1,0,0,1,6,0,0,365,0,0
8370,0,88.52240745554371,0,1,0,0,4,1,1,4,0,0
8371,1,71.26328132281287,1,0,1,0,8,0,0,365,0,0
8372,0,61.38860261473757,0,0,0,0,4,1,0,365,0,0
8373,1,59.81464047183404,1,0,1,0,10,1,0,365,0,1
8374,0,62.786471739048444,0,0,0,0,9,0,0,365,0,0
8375,0,74.70262076509027,0,0,0,0,5,0,0,365,0,0
8376,1,84.77791475035605,1,0,1,0,6,0,1,27,0,1
8377,1,89.47577677784963,1,0,1,0,10,1,0,365,0,0
8378,0,52.42909652333085,0,0,1,0,6,0,0,365,0,0
8379,1,58.115243690607755,1,0,0,1,2,1,0,365,0,0
8380,1,63.71670862603366,1,0,0,0,8,0,0,365,0,0
8381,1,75.0268203416107,0,0,1,0,12,1,0,365,0,0
8382,1,62.87813729705217,1,0,0,0,4,0,0,365,0,0
8383,1,69.28903499023481,1,1,1,1,5,1,0,365,0,0
8384,0,63.0648019319155,0,0,0,0,2,1,0,365,0,0
8385,0,74.28227284247188,1,0,0,0,5,0,0,365,0,0
8386,0,58.563261643852854,1,0,1,1,6,0,1,322,0,1
8387,0,50.48138037271484,1,0,0,0,1,0,0,365,0,0
8388,1,58.87681866989578,0,1,0,1,7,0,0,365,0,0
8389,0,61.07708583313713,0,0,0,0,7,0,0,365,0,0
8390,0,68.8209020979345,0,0,1,0,11,0,0,365,0,0
8391,1,75.5374760654856,0,0,0,0,6,0,1,40,0,1
8392,1,71.73193564147222,0,0,0,0,5,1,0,365,0,0
8393,0,72.32662589746406,1,0,0,1,9,0,0,365,0,0
8394,0,65.56337810029149,0,0,0,0,6,0,0,365,0,0
8395,1,57.47737637109652,0,0,0,1,6,0,1,55,0,1
8396,1,86.31826159277695,1,1,0,1,9,0,0,365,0,0
8397,1,52.76771356194996,0,0,0,0,4,0,0,365,0,0
8398,1,65.67941660114127,1,1,0,1,11,1,0,365,1,1
8399,0,55.962952123663584,0,0,0,1,2,0,1,166,0,0
8400,0,51.60713345502189,1,0,0,0,5,0,0,365,0,0
8401,1,66.72307388215428,1,0,0,0,13,1,0,365,0,0
8402,1,67.19386730511778,0,0,0,0,9,0,0,365,0,0
8403,1,79.8486975172792,0,1,0,0,6,1,0,365,0,0
8404,1,73.43371282672503,0,0,0,1,4,1,0,365,0,0
8405,0,69.70059662313994,1,0,0,0,5,1,0,365,0,0
8406,1,69.62450265239643,1,0,0,0,6,1,0,365,0,0
8407,0,62.27077671705569,0,0,0,0,5,0,0,365,0,0
8408,1,78.5328299573787,1,0,0,0,6,0,1,262,0,0
8409,1,72.7657128504783,1,1,0,0,9,0,0,365,0,0
8410,0,49.17943570881262,1,0,0,0,4,0,0,365,0,0
8411,0,83.0389678655278,0,0,0,1,4,0,0,365,0,0
8412,1,68.81316549416039,0,1,0,0,8,1,0,365,0,0
8413,0,66.6858104538126,0,0,0,0,4,1,0,365,0,0
8414,0,54.51000269522668,0,0,0,0,5,0,0,365,0,0
8415,0,72.46306152860018,0,0,0,0,2,0,0,365,0,0
8416,0,72.47003992767613,0,0,0,0,2,0,0,365,1,0
8417,0,62.94415584849313,1,0,0,0,3,0,0,365,0,0
8418,1,73.42475013503964,1,0,0,0,5,0,0,365,1,0
8419,0,56.77732624943632,0,0,0,0,9,0,0,365,0,0
8420,1,52.027999424432394,1,0,0,0,4,1,0,365,0,0
8421,1,61.36891634614628,0,0,0,0,3,0,0,365,0,0
8422,0,81.30765770137887,0,0,0,0,7,1,0,365,0,0
8423,1,65.82137159381976,0,0,0,0,3,1,0,365,0,0
8424,1,65.55444777984546,1,0,0,0,6,1,0,365,0,1
8425,1,80.82783280817736,0,1,0,0,8,0,1,47,1,1
8426,1,76.96616797709576,1,0,0,1,7,0,0,365,0,0
8427,1,80.07326746690775,0,1,0,1,4,0,0,365,0,0
8428,1,70.01498004943102,0,1,0,1,7,0,0,365,0,0
8429,1,64.15184926120007,0,1,1,0,9,1,0,365,0,0
8430,1,95.0,0,0,0,0,5,0,0,365,0,0
8431,0,71.3889499009313,1,0,0,0,4,1,0,365,0,0
8432,1,72.03822638260503,1,1,0,1,6,0,0,365,0,1
8433,0,52.18132445321839,0,0,1,0,7,1,0,365,0,0
8434,0,53.30399546796218,0,0,0,0,6,0,0,365,0,0
8435,1,62.140401960831454,0,0,0,1,4,0,0,365,0,0
8436,0,64.7607651800565,0,0,0,0,10,1,0,365,0,0
8437,0,56.530906484769396,1,0,1,0,6,1,0,365,0,0
8438,1,60.70339470216913,1,0,0,1,5,1,0,365,0,0
8439,1,67.3383297212629,0,0,0,1,6,0,1,28,0,0
8440,1,69.90948886426203,1,0,1,0,8,1,1,140,1,1
8441,0,79.10203966911584,1,0,0,0,4,1,0,365,1,0
8442,0,46.864561801449625,1,0,0,1,5,0,0,365,0,0
8443,0,64.65657010339632,0,0,0,0,8,0,0,365,0,0
8444,1,64.04034462652099,0,0,0,0,3,0,0,365,0,0
8445,1,54.223379909450344,1,0,0,0,5,0,0,365,0,0
8446,0,57.74110212769626,1,0,0,1,4,0,0,365,0,1
8447,0,66.62782972015104,1,0,0,0,3,0,0,365,0,0
8448,0,90.47349354647471,1,0,0,0,7,0,1,143,0,0
8449,1,72.28606810193254,1,0,0,0,3,1,0,365,0,1
8450,0,65.20130171917612,0,0,0,0,6,0,0,365,0,0
8451,0,62.7388154870992,0,0,0,0,4,0,0,365,0,0
8452,0,57.006819795242606,1,0,0,0,4,0,0,365,0,0
8453,0,55.45153010967799,1,0,0,0,5,0,0,365,0,0
8454,0,62.21823609978154,0,0,0,0,5,1,0,365,0,0
8455,0,62.11525466579139,0,1,0,0,6,0,0,365,0,0
8456,0,60.68965270586583,1,0,0,0,6,0,0,365,0,0
8457,1,59.56152254497379,0,0,0,0,1,0,0,365,0,0
8458,1,68.1865606716767,0,0,0,0,2,0,0,365,0,0
8459,0,78.88508229159255,0,0,0,0,3,0,0,365,0,0
8460,0,83.5858258391226,1,0,0,0,9,0,0,365,0,1
8461,1,64.47873674527689,0,0,0,0,5,0,0,365,0,0
8462,0,67.09802906365171,1,0,0,0,8,1,0,365,0,0
8463,0,69.97607143480033,1,0,0,0,5,0,0,365,0,0
8464,0,61.86163769478013,1,0,0,0,2,0,0,365,0,0
8465,1,68.30093747505975,1,0,0,0,8,0,0,365,0,0
8466,1,74.99784745360203,0,0,0,1,10,0,0,365,0,1
8467,0,54.12356200034385,0,0,0,0,3,0,0,365,0,0
8468,1,52.28888226644848,0,1,0,0,7,0,0,365,0,0
8469,1,62.7811922766023,1,0,0,0,4,0,0,365,0,0
8470,0,73.48197264630245,0,0,0,0,3,0,0,365,0,0
8471,1,75.72077915725922,0,0,0,0,7,0,0,365,0,0
8472,0,69.06080225521728,1,0,0,1,6,1,0,365,0,0
8473,0,72.10109347488705,1,0,0,0,6,0,0,365,0,0
8474,0,58.46398708466385,0,0,0,0,4,0,0,365,0,0
8475,1,74.53248098272623,0,1,0,0,10,0,0,365,1,1
8476,1,65.57395341546005,1,0,0,0,2,0,0,365,0,0
8477,0,74.47871670757871,0,1,0,1,7,0,0,365,0,0
8478,0,70.70442858339065,1,0,0,0,1,1,0,365,0,0
8479,0,55.48932716124048,0,0,0,0,5,1,0,365,0,1
8480,1,72.48719097321624,0,1,0,0,5,1,0,365,1,1
8481,0,68.79684091240387,0,0,0,0,4,0,0,365,0,1
8482,0,83.84529840200608,1,0,1,0,9,0,0,365,0,0
8483,1,43.4640899144093,0,0,0,0,6,1,0,365,0,0
8484,0,62.5174293741747,0,0,0,0,4,0,0,365,0,0
8485,1,68.85523193286402,0,1,0,1,6,1,0,365,0,0
8486,1,69.90911394625823,0,0,0,0,5,0,0,365,0,1
8487,0,50.77930923206185,0,0,0,1,10,0,0,365,0,0
8488,1,76.97200058271802,0,0,1,0,5,0,0,365,0,0
8489,1,71.89471005547794,1,0,0,0,5,0,1,154,0,1
8490,0,55.88569873701494,1,0,1,0,5,0,1,314,0,0
8491,0,57.75544110595129,0,0,0,0,3,0,0,365,0,0
8492,1,71.98802063348442,0,0,1,0,3,0,1,218,0,1
8493,0,54.16786392643462,1,0,0,0,3,0,0,365,0,1
8494,1,76.37347118116696,1,1,0,1,13,0,1,46,0,1
8495,1,60.796181769824514,1,0,0,0,5,1,0,365,0,0
8496,0,65.6533089519336,1,0,0,1,8,1,1,48,0,0
8497,0,60.852017668615495,1,0,0,0,3,1,0,365,0,0
8498,0,81.07684096601719,1,1,0,0,8,1,0,365,0,1
8499,1,72.31060125799462,0,0,0,0,6,0,0,365,1,1
8500,1,64.3860619485233,1,0,0,0,9,0,0,365,0,0
8501,0,72.14192854228563,1,0,0,0,5,1,0,365,0,0
8502,1,66.86326404609144,0,0,0,0,7,0,0,365,0,0
8503,1,54.62968319293549,1,0,0,0,6,0,0,365,0,0
8504,0,58.9112090048968,0,0,0,0,2,0,0,365,0,0
8505,0,65.6738442934497,1,0,0,0,7,1,0,365,0,0
8506,0,71.07823974591446,0,0,0,0,7,0,0,365,0,0
8507,0,72.0807516613809,0,0,0,1,6,1,0,365,0,0
8508,1,92.14009872626684,1,1,0,0,12,0,1,294,1,1
8509,1,77.45064980100997,1,0,0,0,9,1,0,365,0,0
8510,0,73.13185719959702,1,0,0,0,10,0,0,365,0,0
8511,0,52.914590751954634,1,0,0,0,4,0,0,365,0,0
8512,0,68.65598275282159,0,0,0,1,7,1,1,278,0,0
8513,0,59.2447525674193,0,0,1,0,11,0,0,365,0,0
8514,1,66.44263889730696,1,0,1,0,4,0,0,365,0,0
8515,0,64.00873089640663,1,0,0,0,6,0,0,365,0,0
8516,0,66.67808777813748,0,0,0,0,4,0,0,365,0,0
8517,1,63.52187985863297,0,0,0,0,3,0,0,365,0,0
8518,1,72.74382015432097,1,0,0,0,9,0,0,365,0,1
8519,1,75.26909976343107,1,0,0,0,6,0,0,365,0,1
8520,0,64.4260013700178,0,1,0,0,3,0,0,365,0,0
8521,0,69.17060586131817,0,0,1,0,9,0,0,365,0,0
8522,1,50.86708885604448,0,0,0,0,2,1,0,365,0,0
8523,1,73.55470720793465,1,0,0,1,8,0,1,347,0,0
8524,0,66.6011888094813,1,0,1,0,6,0,0,365,0,0
8525,0,84.2333935814518,0,0,0,0,5,0,1,188,0,0
8526,0,51.58565063671749,1,0,0,0,2,0,0,365,0,0
8527,1,55.82569679337307,0,0,0,1,3,1,0,365,0,0
8528,1,79.05808594569096,0,0,0,0,11,1,0,365,1,1
8529,1,54.53062538718774,0,0,0,0,6,0,0,365,0,0
8530,0,61.74769357168457,1,0,0,0,7,0,0,365,0,0
8531,1,77.12165860491992,0,0,0,0,6,0,0,365,0,0
8532,0,70.75567117523148,0,0,0,0,4,0,0,365,0,1
8533,0,71.59083102974218,0,1,1,1,8,0,1,266,0,0
8534,0,76.42204631187602,0,0,1,0,5,0,0,365,0,0
8535,0,54.96300882169608,0,0,0,1,5,0,0,365,0,0
8536,1,49.93771405968836,1,0,1,0,4,0,0,365,0,0
8537,1,65.57704176439037,1,0,0,1,9,0,0,365,0,1
8538,1,68.04655625300357,1,1,0,1,10,1,0,365,1,1
8539,0,46.279453694199304,0,0,0,0,2,0,0,365,0,0
8540,0,68.17694482484642,0,0,0,0,5,0,0,365,0,0
8541,0,87.2190365991649,0,0,1,0,6,0,0,365,0,0
8542,1,85.03793044252436,0,0,0,0,2,1,0,365,1,1
8543,1,53.55014122293863,0,0,1,1,13,0,0,365,0,0
8544,1,52.77398138809624,1,0,1,0,6,0,0,365,0,1
8545,0,56.63714418093504,0,0,0,0,5,0,0,365,0,1
8546,0,71.89203412072624,1,0,0,1,6,0,0,365,0,1
8547,0,81.02482322956641,1,0,0,0,7,0,0,365,0,0
8548,0,68.57221342573165,0,0,0,0,1,0,0,365,0,0
8549,0,61.356965582493046,1,0,0,0,3,0,0,365,0,0
8550,1,69.49588513959279,0,0,0,0,7,0,0,365,0,0
8551,1,67.08791539620954,1,1,0,0,7,1,0,365,0,0
8552,0,70.7431781215326,1,0,0,0,7,0,0,365,0,0
8553,0,83.82687141216957,0,0,0,0,8,0,0,365,0,0
8554,1,72.72100850315316,1,1,0,1,6,1,0,365,1,1
8555,1,67.9155416435767,1,0,0,0,8,1,0,365,0,0
8556,1,58.832399463435124,0,0,0,1,7,0,0,365,0,0
8557,0,66.89056759199543,0,0,0,0,6,1,0,365,0,0
8558,0,52.26994831062355,0,0,1,0,10,0,0,365,0,0
8559,0,58.550852400733234,0,0,0,0,4,0,0,365,0,0
8560,0,65.06815418152338,0,0,0,0,4,1,1,252,0,0
8561,1,66.39061602724307,0,0,0,1,3,1,0,365,0,0
8562,0,49.93131060221212,0,0,0,0,5,0,0,365,0,0
8563,0,71.41638779933994,1,0,0,0,3,0,1,163,0,1
8564,1,58.28673389167844,1,0,0,0,11,0,0,365,0,0
8565,0,54.96426969263018,0,0,0,0,6,0,0,365,0,1
8566,0,56.79255562844642,0,0,0,0,5,1,0,365,0,0
8567,1,62.13453847981578,0,0,0,0,4,0,0,365,0,0
8568,0,57.7383178123532,0,0,0,0,6,0,1,7,0,0
8569,0,80.07173047587585,1,0,0,0,7,0,0,365,0,0
8570,0,54.50836171409286,1,0,0,0,2,0,0,365,0,0
8571,0,65.22371586699732,1,0,0,0,8,0,0,365,0,0
8572,1,53.93773301113454,0,0,0,0,6,1,0,365,0,0
8573,1,67.31646257789173,0,0,1,1,8,1,0,365,0,0
8574,0,70.91905333399352,1,0,0,0,2,0,0,365,0,1
8575,1,51.25173124528689,1,0,0,0,2,1,1,111,0,1
8576,1,75.42508218074278,0,0,0,1,6,1,1,86,0,0
8577,1,83.79193772484537,1,0,0,0,6,0,0,365,1,1
8578,0,56.92512651224976,1,0,0,0,3,0,1,74,1,1
8579,0,61.466824343282354,0,0,0,0,3,1,0,365,0,0
8580,0,71.05027064260909,1,0,0,0,5,0,0,365,0,0
8581,1,51.63489533192968,1,0,1,0,4,0,0,365,0,0
8582,1,53.150053750097236,0,0,0,0,9,0,0,365,0,1
8583,0,64.05727115784026,1,0,0,0,4,0,0,365,0,0
8584,0,65.95481417347726,1,0,0,0,2,0,0,365,0,0
8585,0,69.82976908117188,0,0,0,0,5,0,0,365,0,0
8586,0,62.295019049063,1,0,0,0,5,0,0,365,0,0
8587,1,73.4837943361182,1,0,1,1,5,1,1,331,0,0
8588,1,54.01625960845028,0,0,0,0,2,0,0,365,0,0
8589,1,71.78798150376487,0,0,1,0,7,0,0,365,0,0
8590,0,64.79090213199119,1,0,0,0,10,0,1,325,0,0
8591,0,62.0207255393752,0,0,0,0,3,0,0,365,0,0
8592,0,50.99697336779114,0,0,0,0,2,0,0,365,0,0
8593,0,84.7824047374572,0,0,0,1,9,0,1,124,0,0
8594,0,56.09474843561772,0,0,0,0,6,0,0,365,0,0
8595,0,55.70308986176085,0,0,0,0,3,0,0,365,0,0
8596,1,73.62138316482121,0,0,0,1,5,0,0,365,0,0
8597,0,42.764378719842746,1,0,0,0,6,1,0,365,0,1
8598,0,62.75411994100506,1,1,0,0,3,0,0,365,0,1
8599,0,71.24235992882294,1,0,0,1,7,0,0,365,0,0
8600,1,68.1321226882009,0,0,0,0,4,1,0,365,0,0
8601,1,60.60809152074913,0,1,0,0,5,1,0,365,0,0
8602,1,82.33201873303058,0,1,0,0,4,0,0,365,0,1
8603,0,82.61763424045702,1,0,0,0,6,1,0,365,1,0
8604,0,78.12359777406975,1,0,0,0,4,0,0,365,0,0
8605,0,69.4377468653331,1,0,0,0,3,0,0,365,0,0
8606,1,58.241806824225286,0,0,1,0,8,0,0,365,0,1
8607,0,56.21292194262848,0,0,0,0,5,0,0,365,0,0
8608,1,70.07429407926784,1,0,1,0,6,0,0,365,0,0
8609,1,62.21097079658219,1,0,0,0,7,1,0,365,0,1
8610,1,78.43844964176171,1,1,0,0,10,1,0,365,0,0
8611,0,58.25532174475659,1,0,0,0,5,0,0,365,0,0
8612,0,67.17820530036818,0,0,0,0,7,0,0,365,0,0
8613,0,65.88567604882438,1,0,0,0,4,0,0,365,0,0
8614,0,59.975699031507105,1,0,0,0,7,0,0,365,0,0
8615,0,60.96786682604215,1,0,0,0,6,0,0,365,0,0
8616,0,71.89857458503008,1,0,1,1,10,1,1,185,1,0
8617,0,69.31423828098079,1,0,1,0,8,0,0,365,0,0
8618,0,70.2667762437657,1,0,0,0,7,0,0,365,0,1
8619,0,65.68490628584676,1,0,0,0,7,0,0,365,0,1
8620,0,71.99685728893974,1,0,0,0,6,0,0,365,0,0
8621,1,54.779429599636686,0,0,1,0,2,1,0,365,0,0
8622,0,40.0,1,0,0,0,5,0,0,365,0,0
8623,0,54.05908018089335,1,0,0,1,8,0,0,365,0,0
8624,1,79.04597755739007,0,0,1,0,5,0,0,365,0,1
8625,0,73.27764444775707,0,0,0,0,5,1,0,365,0,0
8626,0,71.44098650418441,0,0,0,0,2,0,0,365,0,0
8627,0,67.21910440898787,1,0,0,0,2,1,0,365,0,0
8628,1,69.81536101507231,0,0,1,0,12,0,0,365,0,0
8629,1,76.85754960591686,0,0,0,0,6,0,1,111,0,0
8630,1,77.07165665320251,0,0,0,1,1,0,0,365,0,0
8631,0,57.16373313591788,0,0,0,1,6,1,1,210,0,0
8632,0,72.9620179991162,0,0,0,0,4,0,0,365,0,0
8633,1,92.56695996691289,1,1,1,1,13,0,1,167,0,1
8634,0,62.53755013565962,0,0,0,0,5,0,0,365,1,0
8635,1,73.86042111330345,1,0,0,0,6,0,0,365,0,1
8636,1,52.0462737258565,1,0,0,0,2,0,0,365,1,0
8637,0,74.46120317995954,0,0,1,0,8,0,0,365,0,0
8638,1,58.087563534936834,1,0,0,1,4,0,0,365,0,0
8639,0,52.5803540388228,0,0,0,0,4,0,0,365,0,0
8640,1,63.32784474694093,0,1,1,0,9,0,1,101,0,0
8641,1,83.6313955640687,1,0,0,1,8,0,0,365,0,0
8642,0,59.950451726114636,1,0,0,0,5,1,0,365,0,0
8643,1,74.57091881833892,0,0,0,0,3,1,0,365,0,0
8644,1,69.75830338451547,0,0,0,0,6,0,0,365,0,0
8645,1,49.65008771385715,0,0,0,1,5,0,0,365,0,0
8646,1,57.77570987648423,1,0,0,0,9,0,0,365,0,0
8647,1,65.13610532337549,0,0,0,1,2,0,0,365,0,0
8648,1,66.97633644383815,0,0,0,0,0,0,0,365,0,0
8649,0,56.93953386924137,0,0,0,0,4,0,0,365,0,0
8650,0,64.56802369686811,0,0,0,1,2,1,0,365,0,0
8651,0,54.51766485732941,0,0,0,1,3,0,0,365,0,0
8652,1,81.34479804481516,1,0,0,0,8,0,0,365,0,0
8653,0,47.44808587462046,0,0,0,0,5,0,0,365,0,0
8654,0,66.62652938091547,1,0,0,0,1,0,0,365,0,0
8655,1,72.52113238396038,1,0,0,0,5,0,0,365,0,0
8656,0,72.40836149051474,1,0,0,0,3,0,0,365,0,0
8657,0,59.87300150656279,1,0,0,0,3,0,0,365,0,1
8658,1,61.16626856801905,0,0,0,0,14,0,0,365,0,0
8659,0,70.86412286617836,1,0,0,0,8,0,0,365,0,0
8660,0,70.6603907222816,0,0,0,0,5,1,1,86,0,1
8661,0,55.403937107722626,0,0,0,0,3,0,0,365,0,0
8662,1,61.28579047230068,1,0,0,0,3,0,0,365,0,0
8663,1,75.95829602968794,0,0,0,0,5,0,1,19,0,0
8664,0,66.95690495703028,1,0,0,0,6,1,0,365,0,1
8665,0,73.09175527903787,0,0,0,0,5,0,1,87,0,1
8666,0,63.84087095608865,0,0,0,0,4,1,0,365,0,0
8667,0,72.25105902020036,1,0,1,0,11,1,0,365,0,0
8668,0,68.11791468103777,0,0,0,0,5,0,0,365,0,0
8669,0,74.18842264598914,0,0,1,0,11,0,1,47,0,0
8670,1,70.98487472694586,0,0,1,0,8,1,0,365,0,0
8671,0,75.49779901011125,0,0,0,0,7,1,0,365,0,0
8672,0,68.83869279127104,0,0,0,0,10,0,0,365,0,0
8673,1,63.32488205018877,0,1,0,1,10,0,0,365,0,0
8674,0,69.60504769122173,1,0,0,0,10,0,0,365,0,0
8675,0,62.357882391812815,0,0,0,0,8,1,0,365,0,0
8676,1,66.27409142556509,0,0,1,1,10,1,1,65,0,0
8677,0,49.25129145862344,1,0,0,0,3,1,0,365,0,0
8678,1,66.20945360514203,1,1,0,0,8,1,0,365,0,0
8679,0,72.55528574932546,0,0,0,0,9,0,0,365,0,0
8680,0,80.16117845308175,0,0,0,0,6,0,0,365,1,1
8681,0,73.5757478992411,0,0,0,1,10,0,0,365,0,0
8682,0,85.95621395765167,1,0,0,0,7,0,0,365,0,0
8683,1,66.23592698457696,1,0,1,0,6,0,0,365,0,0
8684,0,51.272046173296914,0,0,0,1,7,0,0,365,0,0
8685,1,51.99107886704043,1,0,0,0,5,0,0,365,0,0
8686,1,70.1295237786385,0,0,1,0,3,0,0,365,0,0
8687,0,55.46178150289974,1,0,0,0,2,0,0,365,1,0
8688,1,74.15582608559264,0,0,0,0,4,0,0,365,0,0
8689,1,63.59447795406879,1,0,0,0,7,0,0,365,0,0
8690,0,74.34091593474099,0,0,0,0,4,0,0,365,0,0
8691,0,53.20652194983175,1,0,0,0,6,0,0,365,0,0
8692,1,78.92291324713882,1,0,0,0,3,1,0,365,0,1
8693,1,63.76261685678955,0,0,0,0,6,0,0,365,0,0
8694,0,92.93585858623359,0,0,0,0,11,0,1,105,0,0
8695,1,95.0,0,0,1,1,12,0,0,365,0,1
8696,0,55.351520668794855,0,0,0,0,4,0,0,365,0,0
8697,0,67.25911409233896,0,1,0,0,4,0,0,365,0,0
8698,1,56.488600656443,0,0,0,1,3,0,0,365,0,0
8699,0,47.45746996527258,0,0,0,0,2,0,0,365,0,0
8700,1,70.3690075960243,0,0,0,0,8,0,0,365,0,0
8701,1,65.87653311467952,1,0,0,0,1,1,0,365,0,1
8702,0,77.75656869670081,0,0,1,0,2,0,0,365,0,1
8703,1,50.788098245893416,0,0,0,1,2,1,0,365,0,0
8704,1,74.9911425976072,1,0,1,0,10,1,1,84,0,1
8705,0,64.69624757424054,1,1,0,0,2,0,0,365,0,0
8706,0,62.5713816652881,1,0,1,0,7,0,0,365,0,0
8707,0,61.02795573171332,0,0,0,0,11,0,0,365,0,0
8708,0,63.108607553859215,0,0,1,0,4,0,0,365,0,0
8709,1,71.47670777750753,0,0,0,0,5,1,0,365,0,1
8710,0,60.05608863096675,0,0,0,1,5,1,1,18,0,0
8711,1,71.3130645796382,1,0,0,0,8,1,1,343,0,1
8712,1,60.90223921078665,0,0,0,1,6,0,0,365,0,0
8713,0,50.72136376223371,0,0,0,0,4,0,0,365,1,0
8714,0,63.10798639268176,1,0,0,0,6,0,0,365,0,0
8715,0,65.38787147739991,0,0,0,0,5,0,0,365,0,0
8716,1,71.68656096313948,0,0,0,0,8,1,1,243,0,1
8717,0,48.290215110864196,1,0,0,0,3,1,0,365,1,0
8718,1,72.94438906972532,0,0,0,0,8,0,0,365,0,1
8719,0,49.45909849592172,1,0,0,0,2,0,0,365,0,0
8720,1,69.67393990636427,0,0,0,0,4,0,0,365,0,0
8721,0,83.14854192655555,0,0,1,0,2,0,0,365,0,0
8722,0,84.1826111077085,0,0,0,0,12,0,0,365,0,0
8723,1,67.07536755616576,1,0,1,0,9,0,0,365,0,0
8724,1,78.5621205315835,1,0,0,0,7,0,0,365,0,0
8725,1,89.59335554075349,0,0,0,0,8,1,0,365,0,0
8726,0,74.2352824604089,1,0,0,0,5,1,0,365,0,0
8727,1,48.66880441815194,0,0,0,0,7,0,0,365,0,0
8728,0,45.28777746436742,1,0,0,0,4,0,0,365,0,0
8729,0,75.31260223002425,0,0,1,0,5,1,0,365,0,1
8730,0,86.83105965488852,1,0,0,0,7,0,0,365,0,0
8731,0,72.25918291195424,1,0,0,0,6,0,0,365,0,0
8732,0,62.57139109254487,1,0,0,0,10,0,0,365,0,0
8733,0,67.27111493479009,1,0,0,0,9,1,0,365,0,0
8734,0,71.27942452879203,1,1,0,1,8,0,0,365,0,0
8735,0,63.19154921945165,0,0,0,0,6,1,0,365,0,0
8736,0,62.39586235773217,0,0,0,0,5,0,0,365,0,0
8737,1,79.22278876463325,1,0,0,0,10,0,0,365,1,1
8738,1,59.517977012308485,0,0,0,0,8,0,0,365,0,1
8739,1,84.49262609121203,1,0,0,0,12,0,0,365,0,0
8740,0,79.69896288805626,1,1,0,0,7,0,1,179,0,1
8741,0,60.902670280359644,1,0,0,0,5,0,0,365,0,1
8742,0,56.78510072540189,1,0,0,0,3,0,0,365,1,0
8743,1,66.73478973362836,0,0,0,0,7,0,0,365,0,0
8744,0,59.152201604751646,0,0,0,1,5,1,0,365,0,0
8745,1,63.52009447698861,0,0,1,0,7,1,0,365,1,0
8746,0,50.27686968954264,0,0,0,0,7,1,0,365,0,0
8747,0,57.165051059808675,1,0,0,0,1,0,0,365,0,0
8748,0,57.92596695871289,0,0,0,0,2,0,0,365,0,0
8749,0,50.37974033576029,0,0,0,0,4,0,0,365,0,0
8750,0,57.763444744925025,1,0,0,0,4,0,0,365,0,0
8751,0,47.891763750813844,0,0,0,0,9,0,0,365,0,0
8752,0,60.391681073089,1,0,0,0,5,0,0,365,0,0
8753,1,73.63485962441042,0,0,1,0,5,0,0,365,0,0
8754,0,68.75020294902882,0,0,0,0,3,0,0,365,0,0
8755,0,76.3082941401683,0,0,0,0,7,0,0,365,0,0
8756,0,72.43380224328712,1,0,0,0,2,0,0,365,0,0
8757,1,72.89487952044185,0,0,0,0,9,0,0,365,0,1
8758,1,83.08391557003179,1,1,0,0,7,0,0,365,0,0
8759,0,55.67978286911125,1,0,0,0,3,0,0,365,0,0
8760,0,74.30700423446291,0,0,0,1,9,0,0,365,0,0
8761,0,65.62196488411946,0,0,1,0,10,0,0,365,0,0
8762,1,65.66470246177026,0,0,0,0,9,0,0,365,0,1
8763,0,58.49252094179116,0,0,0,0,3,0,0,365,0,0
8764,0,62.80860563704985,0,0,0,0,5,1,1,108,0,0
8765,0,61.69237127272331,0,0,0,0,4,0,0,365,0,0
8766,0,43.49676060992308,0,0,0,0,3,0,0,365,0,0
8767,1,91.80357048441888,1,1,0,0,4,0,0,365,0,1
8768,1,76.1709405996231,1,0,0,0,10,1,0,365,0,0
8769,1,76.76925074764007,0,0,0,0,6,0,0,365,0,0
8770,0,61.430633372019784,0,0,0,0,4,0,0,365,0,0
8771,0,69.19115099907609,0,1,0,0,8,1,0,365,0,0
8772,1,60.56429147723819,0,1,0,0,8,1,1,177,0,0
8773,1,54.53895117398556,1,0,0,0,8,0,0,365,0,1
8774,0,47.65963437184603,0,0,0,0,2,0,0,365,0,0
8775,0,54.90522472304443,1,0,0,0,10,1,0,365,0,0
8776,1,76.59052388112434,0,0,0,0,8,0,0,365,0,0
8777,1,67.97292779909544,1,0,0,0,8,0,0,365,0,0
8778,0,59.96921435862185,0,0,0,0,6,0,0,365,0,0
8779,0,73.6384840570343,1,0,0,0,6,0,0,365,0,0
8780,0,60.25646807215633,0,0,0,0,6,1,0,365,0,0
8781,1,66.39832404591189,1,0,0,0,5,0,0,365,0,0
8782,1,56.33514775065374,1,0,0,0,9,1,1,147,0,0
8783,0,64.56127927911479,1,0,0,0,3,1,1,50,1,1
8784,0,57.34002266211982,0,0,0,0,5,0,0,365,0,0
8785,0,56.44826614888099,1,0,0,0,7,0,1,343,0,0
8786,0,59.076331246559604,1,0,0,1,7,0,0,365,1,0
8787,1,61.25629897082979,1,0,0,0,4,1,0,365,0,0
8788,0,45.1476364836259,1,0,0,1,1,1,1,126,0,1
8789,0,74.77251959695943,0,0,1,0,8,0,0,365,0,1
8790,0,82.3963272155695,0,0,0,1,9,0,0,365,0,0
8791,0,68.69563174452006,1,1,0,0,5,0,1,20,0,1
8792,0,51.42832350771781,1,0,0,0,5,0,0,365,0,0
8793,1,61.05152819219503,1,0,0,0,3,1,0,365,0,0
8794,0,64.15776592079587,1,1,0,0,5,0,0,365,0,0
8795,1,75.12807953812623,0,1,0,0,8,1,0,365,0,0
8796,0,61.29304559169912,0,0,0,1,3,0,0,365,0,0
8797,1,80.76180665082568,1,1,0,0,10,1,0,365,0,0
8798,1,67.92952438605145,1,0,0,1,9,0,0,365,0,1
8799,1,62.772196249910095,0,0,0,0,6,0,0,365,0,0
8800,0,71.36496772138129,0,1,0,1,8,0,1,288,0,0
8801,0,68.08637033883524,1,0,0,0,10,1,0,365,0,0
8802,1,58.404113407269854,1,0,1,0,7,0,0,365,0,1
8803,0,49.86038070192618,0,0,0,1,4,1,0,365,0,0
8804,1,83.63471103296347,1,1,0,0,7,0,0,365,0,0
8805,0,69.61366842249694,1,0,0,0,5,1,0,365,0,0
8806,1,59.63746895193509,1,0,0,0,8,0,0,365,0,1
8807,1,66.12398583578951,0,0,0,0,4,1,0,365,0,0
8808,0,56.41124084442247,1,0,0,0,4,0,0,365,0,0
8809,1,79.6526891349893,1,0,1,1,3,1,0,365,0,0
8810,1,72.7060233376656,1,0,0,0,6,0,0,365,0,1
8811,0,69.14726481550105,1,0,1,1,10,0,0,365,0,0
8812,0,53.57917279936276,1,0,0,0,5,1,0,365,0,0
8813,0,67.43442245676638,1,0,0,0,4,0,0,365,0,0
8814,0,79.75548944771434,1,0,0,0,5,0,0,365,0,0
8815,0,71.97511588961072,0,0,1,0,8,1,1,323,0,0
8816,0,54.30687223459093,1,0,0,0,5,0,0,365,0,0
8817,0,78.12073004586165,0,0,1,1,5,0,0,365,0,1
8818,0,75.18578710755624,0,0,0,0,5,1,0,365,0,0
8819,0,67.70428243722378,0,1,0,0,7,0,0,365,0,0
8820,0,49.10948877063364,1,0,0,0,5,0,0,365,0,0
8821,1,50.946947676581736,1,0,0,0,8,0,0,365,0,0
8822,1,66.2872501226766,1,0,1,0,5,0,0,365,0,0
8823,0,54.634206996347544,1,0,0,0,8,0,0,365,0,0
8824,0,73.33943707694537,1,0,0,1,6,1,0,365,0,0
8825,0,77.17843376194023,1,0,0,1,7,0,0,365,0,1
8826,1,75.53960081975622,0,0,0,0,5,1,0,365,0,1
8827,0,63.088059397555696,1,0,0,0,6,0,0,365,0,0
8828,0,59.45046264507254,0,0,0,0,5,0,0,365,0,0
8829,1,66.30513574759267,0,0,0,0,8,0,0,365,0,0
8830,1,61.96249076892059,1,0,0,1,3,0,0,365,0,1
8831,1,76.19053261271081,0,0,0,0,12,1,0,365,0,0
8832,1,55.00413690288914,1,1,0,0,7,0,1,129,0,1
8833,0,71.13790103317055,0,0,0,0,5,1,0,365,0,1
8834,0,67.8633524522745,0,0,0,0,10,0,1,235,0,0
8835,0,62.21718242302927,1,0,0,0,5,0,0,365,0,0
8836,0,59.3152176373102,0,1,0,0,4,0,0,365,0,0
8837,0,65.49491348137661,0,0,1,0,5,0,0,365,0,0
8838,0,65.84507509508306,1,0,0,0,4,0,0,365,0,0
8839,0,67.00332128411934,1,0,0,1,8,0,0,365,0,0
8840,0,63.121856984201614,1,0,0,1,6,0,0,365,1,0
8841,0,68.32462977980965,1,0,0,0,6,0,0,365,0,0
8842,1,71.71849651600468,1,0,0,0,3,1,1,287,0,0
8843,1,69.76065137927546,1,0,0,0,9,0,0,365,0,0
8844,0,56.850273183353345,0,0,0,0,6,0,0,365,0,0
8845,0,55.92420213039907,1,0,0,0,6,0,0,365,0,0
8846,1,76.1794820889386,0,0,0,0,5,1,0,365,0,1
8847,0,70.1791310114452,0,0,1,0,3,1,0,365,0,0
8848,0,62.09865341687729,1,0,0,1,5,0,0,365,0,0
8849,0,49.229759258858266,0,0,0,1,7,0,0,365,0,0
8850,0,59.612124151308095,0,0,0,0,6,0,0,365,1,0
8851,0,65.19587402698532,1,0,0,0,5,0,0,365,0,0
8852,0,67.77553287344048,1,0,0,1,7,1,0,365,0,0
8853,1,62.630131127790655,0,0,0,0,7,0,0,365,0,1
8854,0,64.65339710529963,0,0,0,0,3,0,0,365,0,0
8855,0,82.46393123846975,0,0,0,0,6,0,0,365,0,0
8856,1,71.83827790383185,1,0,0,0,5,1,1,336,1,1
8857,1,61.52466380466882,1,0,1,0,7,1,1,56,0,1
8858,0,63.84203567896494,0,0,0,0,4,1,0,365,0,0
8859,0,77.6614746957014,1,0,0,0,7,0,0,365,0,0
8860,1,69.04199744566809,0,0,0,0,5,1,0,365,0,0
8861,1,76.10869132471892,1,1,0,0,6,1,0,365,0,0
8862,0,62.49341835142869,1,0,0,0,5,0,0,365,0,0
8863,0,64.5101211729805,1,0,0,0,7,0,0,365,0,0
8864,0,56.965172480322636,0,0,0,0,1,1,0,365,0,0
8865,0,64.30374002962188,1,0,0,0,10,0,0,365,0,0
8866,1,70.59633080534113,0,0,0,1,8,1,0,365,0,0
8867,1,72.66798658004578,0,0,0,1,6,0,0,365,0,0
8868,0,71.54302274968524,1,0,0,0,9,1,0,365,0,1
8869,0,65.60576874018984,0,0,0,0,4,0,0,365,0,0
8870,1,58.39168514454369,1,0,1,1,2,1,1,32,0,1
8871,0,63.302639011851674,0,0,0,0,4,0,0,365,0,0
8872,1,70.66244021870216,1,0,0,0,9,0,0,365,0,0
8873,0,59.68286158151364,1,0,0,0,8,0,1,281,0,0
8874,1,61.995615950021055,0,1,0,1,5,0,0,365,0,0
8875,0,54.20789745782105,0,0,0,0,8,0,0,365,0,0
8876,0,74.29183898103484,0,0,0,0,6,0,0,365,0,0
8877,1,81.38480064838362,0,0,0,1,7,0,1,81,0,0
8878,0,64.65102842001562,1,0,0,1,9,1,1,307,0,0
8879,1,61.66572023751928,1,0,0,0,7,1,0,365,0,0
8880,1,69.58332745395927,1,0,0,0,6,1,0,365,0,0
8881,0,79.20666579247852,1,0,0,0,8,0,1,320,0,0
8882,0,63.62602754436209,1,0,0,0,5,0,0,365,1,0
8883,0,52.82861190175238,0,0,0,1,12,0,0,365,0,0
8884,0,52.14973499816217,1,0,0,0,4,0,0,365,0,0
8885,1,75.79451742486825,1,1,0,1,7,0,1,121,0,0
8886,1,85.20828674120656,1,0,0,0,7,0,0,365,0,0
8887,1,59.40476777719316,1,0,0,0,8,0,0,365,1,1
8888,1,63.42975066631142,1,0,0,0,7,0,0,365,0,0
8889,1,59.09093507271875,0,0,0,0,5,0,0,365,0,0
8890,1,79.77566391897153,1,0,0,0,11,0,0,365,0,0
8891,0,70.1423382030851,1,1,0,0,5,0,0,365,0,0
8892,0,64.5715771026184,1,0,0,0,8,1,0,365,1,1
8893,1,60.92642579295456,1,0,0,0,2,1,0,365,0,1
8894,0,84.4783468880262,0,0,0,0,4,0,0,365,0,0
8895,0,53.444167701846936,1,0,0,1,2,1,0,365,0,0
8896,0,62.72030977143121,1,0,0,0,3,1,0,365,0,1
8897,0,58.112603213540766,1,0,0,1,5,0,0,365,0,0
8898,0,72.48227826605839,0,0,0,0,3,0,0,365,1,0
8899,0,50.08201803860726,0,0,0,0,3,0,0,365,0,0
8900,0,71.19055434643359,0,0,0,0,3,0,0,365,0,0
8901,1,58.9288818699908,0,0,0,1,8,0,0,365,0,0
8902,1,75.66993902436124,0,1,0,1,8,1,0,365,0,0
8903,0,79.21150028846306,0,0,1,0,5,0,0,365,0,1
8904,1,44.49973611334991,1,0,0,0,5,0,0,365,0,0
8905,0,56.822349850435714,0,0,0,0,2,1,0,365,0,0
8906,0,45.46541552557373,1,0,0,1,2,0,0,365,0,0
8907,0,56.83667917416467,0,0,0,0,3,0,1,328,0,0
8908,0,66.09383998003209,0,0,0,0,5,0,0,365,0,0
8909,0,56.300462684120646,1,0,0,1,4,1,0,365,0,0
8910,1,47.19450300155023,1,0,0,0,5,1,0,365,0,0
8911,1,72.59774110868146,1,0,1,0,6,1,0,365,0,0
8912,0,65.03079806784002,1,0,0,0,9,0,0,365,0,0
8913,0,51.03853805585855,0,0,0,0,6,0,0,365,0,0
8914,0,66.0753552064901,1,0,1,0,4,0,0,365,0,0
8915,0,58.786943974873296,0,0,0,1,6,0,0,365,0,0
8916,0,63.15060321792937,0,0,0,0,8,0,0,365,0,0
8917,0,70.36291423103303,0,0,0,0,6,0,0,365,0,1
8918,1,75.31700788094466,0,0,1,1,7,0,0,365,0,0
8919,0,61.95944456094572,1,0,0,0,5,0,0,365,1,0
8920,1,66.9714016273032,0,0,0,0,2,0,0,365,0,1
8921,1,63.65725542138897,0,0,0,0,9,0,0,365,0,0
8922,1,67.47333258992086,0,0,0,0,4,0,0,365,0,0
8923,0,58.835961650777435,1,0,1,0,8,0,0,365,0,0
8924,0,56.466806373619086,0,0,0,0,2,0,0,365,0,0
8925,1,66.66880004746305,0,0,0,0,4,0,0,365,0,0
8926,0,72.62804319017528,1,0,0,0,6,1,0,365,1,0
8927,1,65.94812187966119,0,1,0,0,8,0,0,365,0,0
8928,1,45.38783541759834,1,0,0,0,4,0,0,365,0,0
8929,1,78.27230811885318,1,1,0,1,10,0,0,365,0,0
8930,1,60.40203925681318,1,0,0,1,4,1,0,365,0,0
8931,1,76.66255612876633,1,0,0,0,10,1,0,365,0,0
8932,0,71.3590629381143,1,0,0,1,7,1,0,365,0,0
8933,1,67.90614692913144,1,0,0,0,4,0,0,365,0,1
8934,0,73.30264226990916,1,0,0,0,8,0,0,365,0,0
8935,0,62.874017667105704,0,0,0,0,4,0,0,365,0,0
8936,0,50.14199934559702,0,0,0,0,4,1,0,365,0,0
8937,0,72.44781543108711,1,0,0,0,4,1,0,365,0,0
8938,0,66.95181742650033,0,0,0,0,6,0,0,365,0,0
8939,0,77.55038454536216,0,1,1,0,7,0,0,365,0,0
8940,0,65.87293835456495,0,0,0,0,5,0,0,365,0,0
8941,0,58.40701506497562,0,0,0,0,5,0,1,297,0,1
8942,0,76.8269543090833,0,0,0,0,4,0,1,191,0,1
8943,0,86.40912318869924,0,0,0,1,4,0,1,109,0,0
8944,1,69.06124940051762,0,0,0,1,14,1,1,189,0,1
8945,0,59.28754584713144,0,0,0,0,7,0,0,365,0,0
8946,0,47.51475397925999,0,0,1,1,8,0,0,365,0,0
8947,0,67.89995126438075,1,0,0,0,4,0,0,365,0,0
8948,0,65.87569964096113,0,0,0,0,7,1,0,365,0,0
8949,0,63.70932818219274,0,0,0,0,7,0,0,365,0,0
8950,0,59.31252537382297,0,0,0,0,4,0,0,365,0,0
8951,0,64.93746292488137,1,0,0,0,8,0,0,365,0,0
8952,0,77.72674193513427,0,0,1,0,10,0,0,365,0,0
8953,0,65.6198809399395,1,0,0,0,10,0,0,365,0,0
8954,0,72.91018035636972,0,0,0,0,5,1,0,365,0,0
8955,0,53.25972466138178,1,0,0,0,1,0,0,365,0,0
8956,1,74.78475241146882,1,0,0,0,7,0,0,365,0,0
8957,0,78.19470452718403,1,0,1,1,11,0,0,365,0,0
8958,0,63.96204397853624,1,0,0,0,8,0,0,365,0,0
8959,0,41.21433564108458,0,0,0,0,6,0,0,365,0,0
8960,1,63.16862353534363,0,0,0,1,5,0,0,365,0,0
8961,0,73.69108833363957,0,0,0,0,4,0,1,166,0,0
8962,0,72.14478547742661,1,0,1,0,10,0,0,365,0,0
8963,1,59.042813741102044,1,0,0,0,4,0,0,365,0,0
8964,0,50.847212536106326,0,0,0,0,7,0,0,365,0,0
8965,0,75.0983693013522,1,0,0,0,2,0,0,365,0,0
8966,0,47.484676121196216,0,1,0,0,6,0,0,365,0,0
8967,1,63.1594511046876,1,0,0,0,7,0,0,365,0,0
8968,0,53.68609644475011,0,0,0,1,4,1,0,365,0,0
8969,1,51.50687415235559,0,0,0,0,7,0,0,365,0,0
8970,1,74.67855849370395,1,1,1,0,7,1,0,365,1,0
8971,0,81.0423337794924,0,0,0,0,4,0,0,365,0,0
8972,1,51.60131409209024,0,0,0,1,4,0,0,365,0,0
8973,1,74.41936630006272,0,0,0,0,6,1,0,365,0,1
8974,1,77.23219265563456,0,0,1,1,10,1,1,160,0,0
8975,0,50.23118077983263,0,0,0,0,4,0,0,365,0,0
8976,0,68.02653448825089,1,0,0,0,5,0,0,365,0,0
8977,0,58.81141713203287,0,0,0,0,8,0,1,187,0,1
8978,0,64.38876542305287,0,0,0,0,4,0,0,365,0,0
8979,0,45.107693358194446,1,0,0,1,2,0,0,365,0,0
8980,1,54.50824015893878,1,0,1,0,6,0,0,365,0,0
8981,0,63.215597877616034,1,0,0,0,5,0,0,365,0,0
8982,0,72.38100467856047,1,0,1,0,6,0,0,365,0,0
8983,0,48.11489277127497,1,0,0,0,6,0,0,365,0,0
8984,0,75.06305681759609,0,0,0,0,4,0,0,365,0,0
8985,1,63.38605278743523,1,0,0,0,4,1,0,365,0,0
8986,0,53.26266174598574,0,0,0,0,6,0,0,365,0,0
8987,0,48.66721591622102,1,0,0,0,5,0,0,365,0,0
8988,0,78.18963795883555,0,0,0,0,4,0,0,365,0,0
8989,0,66.65395070250588,0,0,0,0,5,0,0,365,0,0
8990,1,66.94516110006013,0,1,0,1,6,0,0,365,0,0
8991,0,67.92516772486836,0,0,0,0,4,0,0,365,0,0
8992,0,52.773136994777076,1,0,0,0,3,0,0,365,0,0
8993,0,57.64174521309549,0,0,0,0,2,0,0,365,0,0
8994,1,62.224054186440846,0,0,0,0,4,0,0,365,0,1
8995,0,70.85901893215922,0,0,0,0,6,1,0,365,0,0
8996,0,63.03938769490646,1,0,0,0,6,0,1,330,0,0
8997,0,64.21760983392512,0,0,0,0,4,0,0,365,0,0
8998,0,74.87306969567463,0,0,0,0,10,0,1,24,0,0
8999,0,68.63884142259325,0,0,0,0,8,0,0,365,0,0
9000,0,61.343225008826394,0,0,1,0,8,0,0,365,1,0
9001,0,89.14957952995184,1,0,0,0,6,0,0,365,0,0
9002,1,60.31624481037776,0,0,1,0,5,1,0,365,0,0
9003,1,62.41181168827934,0,0,0,0,4,1,0,365,0,0
9004,1,89.30234358956852,0,1,1,1,13,0,0,365,0,0
9005,0,66.94519146639104,0,0,0,0,6,1,0,365,1,1
9006,0,55.97393279630147,1,0,0,0,5,0,0,365,0,0
9007,0,50.56173054145263,0,0,0,0,6,1,0,365,0,0
9008,1,74.06080746346787,0,0,0,0,5,1,0,365,0,0
9009,0,55.848080981665305,0,0,0,0,1,1,0,365,0,0
9010,0,51.59832123418005,0,0,0,0,2,0,0,365,0,0
9011,0,69.49387027737008,1,0,0,0,5,0,0,365,1,0
9012,0,69.69178699808565,1,0,0,0,6,0,0,365,0,1
9013,0,68.43565066647562,0,0,0,0,5,0,0,365,0,0
9014,1,73.3357294345294,0,0,0,1,7,0,0,365,0,0
9015,0,60.077559889106034,1,0,1,0,4,0,1,23,0,1
9016,0,70.15635624662204,0,0,0,0,7,0,0,365,0,0
9017,1,61.22971227362996,0,0,0,1,4,0,0,365,0,0
9018,0,51.27363421152093,1,0,0,1,1,0,0,365,0,0
9019,1,78.74498283456509,1,0,0,0,6,0,0,365,0,0
9020,0,80.47907549295707,1,0,0,0,6,0,1,198,1,0
9021,0,59.70492223973899,1,0,0,0,9,0,0,365,1,0
9022,0,40.94848267135551,1,0,0,0,7,0,0,365,0,0
9023,0,64.01333887966926,0,0,0,0,5,0,0,365,0,0
9024,0,71.44710240007937,0,0,0,0,5,1,0,365,0,0
9025,0,44.352842612107224,1,0,0,0,2,0,0,365,0,0
9026,1,63.285430290854876,0,0,0,0,7,1,0,365,0,0
9027,1,62.753462943373954,1,0,0,0,4,0,0,365,0,0
9028,0,75.57887119338676,0,0,0,0,7,1,0,365,0,0
9029,1,71.78123032289307,0,0,1,1,8,0,0,365,0,1
9030,0,53.673599693310976,1,0,0,0,2,0,0,365,0,0
9031,1,57.32523038488546,0,0,0,0,7,0,0,365,0,1
9032,1,66.40475680806087,0,0,0,1,4,1,0,365,0,0
9033,1,84.26403712013376,0,0,1,0,3,0,0,365,0,1
9034,0,79.06896572435193,0,0,0,0,7,0,0,365,0,0
9035,0,71.53923758992413,0,0,1,0,4,0,0,365,0,0
9036,0,50.18518330550203,0,0,0,0,5,0,0,365,0,0
9037,1,55.51484434110217,0,0,0,0,6,0,0,365,0,1
9038,0,65.42321875473948,1,0,0,0,3,0,0,365,0,0
9039,0,70.61441104620641,1,0,0,0,6,0,0,365,1,0
9040,0,83.14462783337038,0,0,0,0,5,0,0,365,0,0
9041,0,82.5228291785445,1,0,1,0,9,1,0,365,0,0
9042,1,84.15577459099039,0,0,0,0,7,0,0,365,0,0
9043,0,54.771449949467936,0,0,0,0,6,0,0,365,0,0
9044,0,53.518002965039244,1,0,0,0,1,0,0,365,0,0
9045,0,67.15289202979066,0,0,0,0,8,0,0,365,0,0
9046,1,56.79656527793756,1,0,0,0,5,0,0,365,0,1
9047,0,69.20034072148437,0,0,0,1,4,1,0,365,0,0
9048,1,65.73864986316195,0,0,0,0,6,1,0,365,0,0
9049,0,76.50018391603693,0,0,0,0,5,0,0,365,0,0
9050,0,43.96255095204117,1,0,0,0,4,1,0,365,0,0
9051,0,58.34270705077885,0,0,0,0,5,1,0,365,0,0
9052,1,67.80657663014085,0,0,1,0,5,1,0,365,0,0
9053,0,52.075716710834314,0,0,0,0,1,1,0,365,0,0
9054,1,83.73270369182822,0,0,0,0,7,0,0,365,0,0
9055,0,62.578639121074715,1,0,0,0,4,1,0,365,0,1
9056,1,66.64430607045043,1,0,0,0,6,0,0,365,0,0
9057,1,67.978896165203,0,0,0,0,5,0,0,365,0,0
9058,0,61.31366644932304,0,0,0,0,7,0,0,365,0,0
9059,0,74.34944045005692,0,0,0,0,5,0,0,365,0,0
9060,1,59.719984824156484,0,0,0,0,8,0,0,365,0,0
9061,0,70.74967555112198,1,0,0,0,3,0,0,365,0,0
9062,0,60.92455225521634,1,1,0,1,5,0,0,365,0,0
9063,0,63.86388269617271,0,0,0,0,4,1,0,365,0,0
9064,1,57.583798212565824,0,0,0,0,4,0,0,365,0,0
9065,0,61.918326598854385,0,0,0,0,4,0,1,189,0,0
9066,1,56.43327516373725,0,0,0,1,11,1,1,101,0,1
9067,0,72.69822286321946,1,0,0,0,4,0,0,365,0,1
9068,1,54.539581936959095,0,0,0,0,12,0,0,365,0,0
9069,1,71.8031500179072,0,0,0,0,9,1,0,365,0,0
9070,0,65.20002806521018,1,0,0,0,1,0,0,365,0,0
9071,0,55.57040228945709,1,0,0,0,0,0,0,365,0,0
9072,0,55.65742285596755,0,0,0,0,6,0,0,365,0,0
9073,1,57.14861936315582,1,0,1,0,8,0,0,365,0,0
9074,0,82.51092146823622,1,0,0,0,4,0,0,365,0,0
9075,1,78.06415975298118,1,0,0,0,9,0,0,365,0,0
9076,1,63.04298342118324,1,0,0,0,3,1,1,236,0,0
9077,0,70.5415480739643,0,0,1,0,6,0,0,365,0,0
9078,0,69.53211937756124,0,0,0,1,2,0,1,37,0,0
9079,0,63.89140405042074,0,0,0,0,1,0,0,365,0,0
9080,0,84.53989880750387,0,0,0,0,7,1,0,365,0,0
9081,0,70.10101919631354,0,0,0,0,5,1,0,365,0,0
9082,1,69.55337637481468,0,1,0,1,5,1,1,328,0,1
9083,1,47.257641596271895,0,0,0,1,3,0,1,322,0,1
9084,0,62.136320827227316,0,0,0,0,3,0,0,365,0,0
9085,0,78.16694192420009,0,0,0,1,2,0,0,365,0,0
9086,1,71.27705850255938,1,0,1,0,9,0,0,365,0,0
9087,1,68.75519352408152,0,0,0,0,7,0,0,365,0,0
9088,0,69.96637941074638,0,0,0,0,5,1,1,122,0,0
9089,0,64.24992360196761,1,0,0,0,7,0,0,365,0,0
9090,1,73.98354056634645,0,0,0,0,6,0,0,365,0,1
9091,0,87.8537472023917,0,0,1,0,9,0,1,208,0,0
9092,0,66.35077389255841,0,0,0,1,3,0,0,365,0,1
9093,0,54.866715490313894,1,0,0,0,6,0,0,365,0,0
9094,1,81.48768332185378,1,0,0,1,5,0,0,365,0,1
9095,1,67.80283423978943,0,0,0,1,6,0,0,365,0,0
9096,0,46.230231624694824,0,1,0,0,6,0,0,365,0,0
9097,1,75.20528616791208,1,0,1,1,8,1,1,172,0,0
9098,1,58.13374144523783,1,0,0,0,2,1,0,365,0,1
9099,0,65.81562580442275,1,0,0,0,9,0,0,365,0,1
9100,0,56.28491768400427,0,0,0,0,4,0,0,365,0,0
9101,1,61.358281215740405,0,0,0,0,8,0,0,365,0,0
9102,0,56.31272632761228,1,0,0,0,4,0,0,365,0,0
9103,1,66.65684617872549,1,0,1,0,6,0,0,365,0,1
9104,0,61.12131760844707,0,0,0,0,5,0,0,365,0,0
9105,1,75.16295892383664,1,0,0,1,2,0,0,365,0,0
9106,1,73.72337878098118,0,0,1,0,13,0,0,365,0,0
9107,0,58.79189812762629,0,1,0,0,5,1,0,365,0,0
9108,0,52.7665990720281,0,0,0,0,2,0,0,365,0,0
9109,0,75.60436792122134,1,0,1,0,10,0,0,365,0,0
9110,0,59.07151478110878,0,0,0,0,5,0,0,365,1,1
9111,0,60.47284055236731,0,0,0,0,8,0,1,135,0,0
9112,0,67.39781074950156,0,0,0,0,12,0,0,365,0,0
9113,1,57.38569467655997,0,0,0,0,7,0,0,365,0,0
9114,0,61.50607974579995,0,0,0,0,5,1,0,365,0,0
9115,1,64.8283078286649,1,0,0,1,3,1,0,365,0,1
9116,1,72.29806540671062,0,1,0,1,13,0,0,365,0,0
9117,1,85.422520473612,0,1,1,0,19,0,1,198,0,1
9118,0,68.5582457071626,0,0,0,0,6,0,0,365,0,0
9119,0,63.66413157219277,1,0,0,1,5,0,0,365,1,0
9120,0,41.186449900282796,1,0,0,0,5,0,0,365,0,0
9121,1,74.65404014543684,0,0,1,1,7,0,0,365,0,0
9122,0,67.61229486574692,1,0,0,0,3,0,0,365,0,0
9123,1,73.51774950012349,0,0,0,0,2,0,0,365,0,0
9124,0,74.39062494397288,0,1,0,0,6,0,0,365,0,0
9125,1,75.89294393998674,1,0,0,1,3,1,0,365,0,1
9126,1,50.906511305607296,0,0,0,0,5,0,0,365,0,0
9127,0,74.10099249021621,0,0,1,0,6,0,0,365,0,0
9128,1,61.72967484645079,0,0,0,0,5,1,0,365,0,0
9129,0,73.56320767584569,1,0,0,0,6,0,0,365,1,1
9130,0,55.43730460915365,1,0,0,0,6,0,0,365,0,0
9131,1,62.77631849667682,1,0,0,0,5,0,0,365,0,1
9132,0,60.91333971753088,1,0,0,0,3,0,0,365,0,0
9133,1,72.34789802145589,1,1,1,0,11,1,1,124,0,0
9134,0,62.48741712212533,0,0,1,0,6,1,0,365,0,0
9135,0,56.63874611524496,1,0,0,0,3,0,0,365,0,0
9136,0,54.54646790348899,0,0,0,1,12,0,0,365,0,0
9137,0,61.715809358801664,0,0,0,0,5,0,0,365,0,0
9138,1,65.708154022827,1,0,0,0,7,0,0,365,0,1
9139,0,67.82920444669392,0,0,1,0,6,0,0,365,0,0
9140,1,50.199253324208776,1,0,0,0,3,1,0,365,0,1
9141,0,57.36588958681253,0,0,1,0,7,0,0,365,0,1
9142,0,56.82647467949759,0,0,0,0,6,0,0,365,0,0
9143,0,84.14944642993622,1,0,0,0,5,0,0,365,1,0
9144,0,69.08569327403819,1,0,0,0,3,1,0,365,0,0
9145,0,63.79663885407988,1,0,0,1,4,1,0,365,1,0
9146,0,69.79080228298467,0,0,0,0,4,1,0,365,0,1
9147,1,75.8841653416786,1,0,0,1,7,0,1,198,0,1
9148,1,75.22155209573113,0,0,0,0,6,1,0,365,0,0
9149,1,74.02962758488056,1,0,0,0,3,0,0,365,0,0
9150,0,45.63499449337023,0,0,0,0,6,0,0,365,0,0
9151,0,57.87320307390442,1,0,0,0,4,0,0,365,0,0
9152,1,44.297195721546025,1,0,0,0,1,1,0,365,0,0
9153,0,62.30421406696405,0,0,0,1,7,0,0,365,0,0
9154,0,63.33153176347189,1,0,0,0,3,1,0,365,0,0
9155,0,65.0489193222279,1,0,1,0,9,0,0,365,0,0
9156,0,76.80741675762042,0,0,0,0,3,0,0,365,0,0
9157,0,55.894057413177364,1,0,0,0,4,0,0,365,0,0
9158,1,63.246584289721326,1,1,0,1,3,0,1,264,0,0
9159,0,68.91730178974106,0,1,0,0,6,0,0,365,0,0
9160,0,59.64527823465291,0,0,0,0,4,0,0,365,0,0
9161,0,67.92192355064921,1,0,0,0,8,0,0,365,0,0
9162,0,73.21492065069899,0,0,0,0,6,1,1,341,0,0
9163,0,53.72087193897908,1,0,0,0,5,0,0,365,0,0
9164,1,79.45078506373905,1,0,1,0,9,1,0,365,0,1
9165,1,50.58291568978461,0,1,1,1,12,0,0,365,0,0
9166,0,61.91131925808484,1,0,0,0,2,0,0,365,0,0
9167,1,53.6795912486951,0,0,0,0,4,0,0,365,0,0
9168,0,59.79656551827837,1,0,0,0,5,0,0,365,0,0
9169,1,65.73543855147327,1,0,1,1,5,0,0,365,0,0
9170,0,67.32090285586206,1,0,0,0,3,0,0,365,0,0
9171,1,80.83310741364687,0,0,1,0,5,0,0,365,0,1
9172,0,43.947579146456356,1,0,0,0,3,0,0,365,0,0
9173,1,69.80865054617688,0,0,0,0,6,0,0,365,0,0
9174,1,73.1170657854007,1,0,0,0,9,0,0,365,0,0
9175,0,67.67008563797502,0,0,0,0,4,0,0,365,0,1
9176,0,64.23317461232931,1,0,0,0,6,0,0,365,0,0
9177,0,68.77233773761779,1,0,0,0,6,0,0,365,0,0
9178,0,80.9334698556211,0,0,0,0,8,0,1,301,0,1
9179,0,65.34137858365163,0,0,0,0,3,0,1,4,0,0
9180,0,67.03400320018535,1,1,0,0,9,0,0,365,0,0
9181,1,60.69954338897506,0,0,0,0,5,0,0,365,0,0
9182,0,66.98045705574748,0,0,0,0,5,1,0,365,0,1
9183,0,69.2855304269487,0,0,0,1,9,0,0,365,0,0
9184,0,68.23803407097182,1,0,0,0,7,0,0,365,0,0
9185,0,51.99065768923288,1,0,0,0,10,0,0,365,0,0
9186,0,72.72425577865796,0,0,0,0,3,0,1,248,1,1
9187,0,64.85623323933484,1,0,0,0,6,1,0,365,0,0
9188,0,59.772686692197354,0,0,0,0,4,0,0,365,0,0
9189,1,57.011345323646786,1,0,0,0,3,0,0,365,0,0
9190,0,64.26249564125884,1,0,0,0,6,0,0,365,1,0
9191,1,73.62781548031982,0,0,0,0,3,0,1,126,0,0
9192,0,59.41298892943843,0,0,0,0,8,0,0,365,0,0
9193,1,48.579232123318654,0,0,0,1,3,0,0,365,1,0
9194,1,60.85314370793426,0,0,0,0,6,0,0,365,0,0
9195,0,49.58817892641886,0,0,0,1,2,0,0,365,0,1
9196,1,84.37031262349598,1,0,0,1,10,0,1,306,1,1
9197,0,56.13173073593087,0,0,0,0,6,1,0,365,0,0
9198,0,77.67050270932435,0,0,0,0,6,0,0,365,0,0
9199,1,80.51104342706269,0,0,0,0,6,0,0,365,0,1
9200,0,57.8016485084415,0,0,0,0,8,0,1,219,0,0
9201,0,57.83786488763482,0,0,0,1,7,1,0,365,0,0
9202,0,59.93101344068791,1,1,0,0,9,0,1,136,0,1
9203,0,61.415998483881815,1,0,0,0,5,0,0,365,0,0
9204,0,71.19841654523847,1,0,0,0,6,0,0,365,0,0
9205,0,68.52906988849197,1,0,1,0,9,0,0,365,0,0
9206,1,76.7368227730705,0,0,1,1,9,0,1,28,0,1
9207,0,64.52679629055895,0,0,0,0,10,0,0,365,0,0
9208,1,76.6627486135919,1,1,1,1,6,0,0,365,0,0
9209,0,63.798484572349,0,0,1,1,10,0,0,365,0,0
9210,1,58.0200957764773,0,1,0,0,12,1,0,365,0,0
9211,0,80.68422960608692,0,1,0,0,7,0,0,365,1,0
9212,1,71.64662678574064,0,1,1,1,8,0,0,365,0,0
9213,0,66.81464995239395,0,0,0,0,9,0,0,365,0,0
9214,1,77.84661638860295,1,0,1,1,10,0,0,365,0,1
9215,1,65.75058256389231,0,0,0,0,8,0,0,365,1,0
9216,0,89.50465480609577,1,0,1,0,7,0,0,365,1,1
9217,1,68.25754958846625,0,1,0,1,10,1,0,365,0,0
9218,0,41.46294046064142,0,0,0,0,5,0,0,365,0,0
9219,0,76.10320636045662,1,0,0,0,6,1,0,365,0,0
9220,0,78.00486992689768,1,0,0,0,12,0,0,365,0,0
9221,1,66.18838303515176,0,0,0,0,4,0,0,365,0,1
9222,0,60.03618037168234,0,0,0,0,1,0,0,365,0,0
9223,1,67.63265371253138,1,0,0,0,3,0,0,365,0,0
9224,0,54.7305033692217,0,0,0,0,3,0,0,365,0,0
9225,0,59.3897437522027,1,0,0,0,6,1,0,365,0,0
9226,1,78.84299718985639,1,0,0,0,13,1,0,365,0,0
9227,1,80.93179405084665,1,1,0,1,12,1,0,365,0,0
9228,1,72.67238367475883,1,0,0,0,8,0,0,365,0,0
9229,1,73.18714953062593,0,1,1,0,17,1,0,365,0,0
9230,1,66.89348100479779,1,0,1,0,7,0,0,365,0,0
9231,1,68.08006249321828,1,0,0,0,7,1,0,365,0,0
9232,0,43.50654393891006,0,0,0,0,5,0,0,365,0,0
9233,1,64.51754074797702,0,1,0,0,9,0,0,365,0,0
9234,1,58.45758306674193,0,0,0,0,3,0,0,365,0,0
9235,0,69.65164516460793,0,1,0,0,7,0,0,365,0,0
9236,1,51.85410104896622,0,0,0,1,10,1,0,365,0,0
9237,0,75.88216369360737,1,0,0,0,8,0,0,365,0,0
9238,0,59.88610975156717,1,0,0,0,7,0,0,365,0,0
9239,0,73.6764067650208,0,0,0,0,14,0,0,365,0,0
9240,1,51.3900999729484,0,0,1,0,10,0,0,365,0,1
9241,1,76.20552024843501,0,0,0,0,6,0,0,365,0,1
9242,1,63.56811341747955,1,0,0,0,8,0,1,15,0,1
9243,0,61.16300167389327,0,0,0,0,4,0,0,365,0,0
9244,0,60.28606726759488,1,0,0,1,11,0,0,365,0,0
9245,1,86.43450386983847,0,0,1,0,8,1,0,365,1,0
9246,0,62.20168224578566,1,0,0,1,4,0,1,361,0,0
9247,0,48.96838581876685,0,0,0,0,3,1,0,365,0,0
9248,1,63.47826605724255,0,1,0,0,13,0,0,365,0,0
9249,1,83.09360872480384,0,1,0,0,8,0,1,139,0,0
9250,1,83.83513886634226,0,0,1,0,9,0,0,365,0,0
9251,1,72.92610633507786,0,1,0,0,11,0,1,259,0,0
9252,0,72.40055117395119,0,1,0,1,5,0,0,365,0,0
9253,0,66.79244731980499,1,0,0,0,5,0,0,365,0,0
9254,0,72.3873102349459,0,0,1,0,9,0,1,361,0,1
9255,1,67.26007169298784,1,0,0,0,6,0,0,365,0,0
9256,1,73.67832919787571,1,0,0,0,10,0,1,223,0,0
9257,1,63.7117135129864,1,0,0,0,5,0,0,365,0,0
9258,1,56.2009204649634,0,0,0,1,4,0,0,365,0,0
9259,1,67.22124399338914,1,0,0,1,5,0,0,365,0,0
9260,0,52.293866131970766,1,0,0,1,3,0,0,365,0,0
9261,0,72.02683600398639,1,0,0,0,4,0,0,365,0,0
9262,1,77.74080617298627,0,0,1,1,9,1,1,10,0,1
9263,0,60.81318642208138,0,0,0,0,5,1,0,365,1,0
9264,1,68.64964784387564,0,0,0,0,9,0,0,365,0,0
9265,1,66.64504211225493,0,0,0,0,5,0,0,365,0,0
9266,0,66.87957568363572,0,0,0,0,5,1,0,365,0,0
9267,0,58.77021575501459,1,0,0,0,2,0,0,365,1,0
9268,0,67.39952144399288,0,0,0,1,4,0,0,365,0,0
9269,0,64.83664122475179,0,0,0,0,4,0,1,1,0,0
9270,0,52.9181454416121,1,0,0,0,4,0,0,365,0,0
9271,1,65.2631405804626,0,0,0,0,8,0,0,365,0,0
9272,0,72.74351196181192,0,0,0,0,1,0,0,365,0,0
9273,1,66.33319940872775,0,0,0,0,5,1,0,365,0,0
9274,0,60.10376183785556,1,0,0,1,5,0,0,365,0,0
9275,0,66.542878839265,0,0,0,0,5,0,0,365,0,0
9276,0,81.01063936554375,0,0,1,0,11,1,1,8,0,1
9277,0,66.60747042200555,1,0,0,0,6,0,0,365,0,0
9278,0,66.08482996276834,1,1,0,1,5,0,0,365,0,0
9279,1,79.87301954167755,1,0,1,0,7,0,0,365,0,1
9280,0,73.4302944464176,0,0,0,0,7,1,0,365,0,0
9281,0,64.84556920062741,1,0,0,0,3,0,0,365,0,0
9282,0,77.57579067838375,1,0,0,0,3,0,0,365,1,0
9283,1,67.98561510671297,0,0,0,0,3,0,1,250,0,1
9284,0,69.84385038910271,1,0,0,0,3,0,0,365,0,0
9285,0,56.93796679693698,0,0,0,0,3,1,0,365,0,0
9286,1,80.96594629343136,0,0,0,0,5,0,0,365,1,0
9287,0,72.18772784841674,1,0,0,0,7,0,0,365,0,0
9288,0,67.4728186145283,1,0,0,1,7,0,0,365,0,0
9289,1,80.64791374234959,1,0,0,0,6,1,0,365,0,1
9290,1,57.362279147926884,1,0,0,0,4,0,0,365,0,0
9291,0,49.393165313098606,1,0,0,0,7,1,0,365,0,0
9292,0,77.20381957062868,0,0,0,0,9,0,0,365,0,0
9293,1,59.60945443124001,1,0,0,0,9,1,1,198,0,1
9294,0,67.97769626937104,1,0,0,0,3,0,0,365,0,0
9295,0,55.431764503496304,1,0,0,0,4,0,0,365,0,0
9296,0,52.140316357400266,1,0,0,0,4,1,0,365,0,0
9297,1,73.50468764382455,0,0,1,0,6,1,0,365,0,0
9298,0,65.26635078960537,1,1,1,0,8,1,1,359,0,0
9299,0,67.20074227163553,0,0,0,0,2,0,0,365,0,1
9300,0,44.24454743129264,1,0,0,0,5,1,1,242,0,0
9301,0,78.66774629263344,0,0,0,0,6,1,0,365,0,0
9302,1,82.88102905535547,1,0,1,0,5,0,0,365,1,1
9303,0,59.77486459153216,1,0,0,0,3,0,0,365,0,0
9304,0,61.68084991271738,1,0,0,0,2,0,0,365,0,0
9305,0,62.74198734036243,0,0,0,0,3,0,0,365,1,1
9306,0,78.2294727695998,0,0,0,0,6,0,0,365,0,0
9307,0,69.58667036975197,1,0,0,0,4,0,0,365,0,0
9308,1,52.51127617810125,0,0,0,0,7,1,0,365,0,1
9309,0,83.27640506552362,0,0,0,1,6,0,0,365,0,0
9310,0,50.018843182151585,1,0,0,0,6,1,1,363,0,0
9311,0,85.46732039478609,0,0,0,1,4,0,0,365,0,0
9312,0,54.02070844697887,0,0,0,0,6,0,0,365,0,0
9313,1,50.27714725617419,1,0,0,0,4,0,0,365,0,0
9314,0,68.0402548753658,0,1,0,1,8,0,1,145,0,0
9315,0,79.07907279957394,1,0,0,0,5,0,0,365,0,0
9316,0,52.476150039320345,0,0,0,0,2,0,0,365,0,0
9317,1,67.54174972277669,0,0,0,0,7,1,0,365,0,0
9318,1,66.2744731633079,1,0,0,1,6,0,0,365,0,0
9319,1,89.68911947308997,1,0,0,0,6,1,0,365,0,0
9320,0,44.60909111358856,1,0,0,0,4,1,0,365,0,1
9321,0,53.089372768667445,0,0,0,0,3,0,1,48,0,0
9322,0,69.19974539985932,1,0,0,0,3,0,0,365,0,0
9323,0,67.39692993351471,1,0,0,0,3,0,1,62,0,1
9324,1,48.95024915974969,0,0,0,0,5,1,1,7,0,1
9325,0,62.157878927245896,1,0,0,0,5,1,0,365,0,0
9326,0,78.39376071600542,0,0,1,0,13,0,0,365,0,1
9327,0,69.31256607886458,1,0,0,0,7,0,0,365,1,1
9328,1,71.48304074484395,0,0,1,0,6,0,1,71,0,1
9329,1,56.563668337729496,1,1,0,1,6,1,0,365,0,0
9330,1,74.11212207717688,0,1,0,0,8,1,1,119,0,0
9331,1,54.61955929481274,0,0,0,1,3,0,0,365,0,0
9332,0,79.99214369934225,0,0,1,0,12,0,0,365,0,0
9333,1,58.631941753772225,1,0,0,1,6,0,0,365,0,1
9334,1,65.0979100433008,0,1,1,0,13,1,0,365,0,0
9335,1,66.76475065520772,0,0,1,0,13,0,0,365,0,0
9336,1,77.15959653548188,1,0,0,0,4,1,0,365,0,0
9337,1,62.36478870031836,1,0,0,0,3,0,0,365,0,0
9338,1,68.85363503850131,1,1,0,0,9,0,0,365,0,0
9339,1,71.21671086041238,0,0,0,0,8,0,0,365,0,0
9340,0,59.33684085801472,1,0,0,0,5,1,0,365,0,0
9341,1,74.94673753179434,1,1,0,0,8,0,0,365,0,1
9342,0,42.514900882844245,0,0,0,0,3,0,0,365,0,0
9343,1,60.69248681927462,0,0,0,0,4,0,0,365,0,1
9344,0,59.0538638818655,0,0,0,0,2,0,0,365,0,0
9345,1,76.77926079343246,1,0,0,0,4,1,0,365,1,1
9346,0,72.05762674584595,0,0,0,0,4,0,0,365,0,0
9347,0,71.51896041556286,1,0,0,0,4,0,0,365,0,0
9348,0,54.80784168328998,1,0,0,0,6,0,0,365,0,0
9349,0,77.16243747580755,0,0,0,0,2,0,0,365,0,0
9350,0,53.675808442049494,1,0,0,0,3,0,0,365,0,0
9351,0,73.95587827380766,1,0,0,0,4,0,0,365,0,0
9352,0,54.89334440560681,1,0,0,0,2,0,0,365,0,0
9353,0,75.15760264406264,0,0,0,0,3,0,0,365,0,0
9354,0,71.06198188506632,1,0,0,0,4,0,0,365,0,1
9355,1,65.40739324729138,0,1,1,1,15,0,0,365,0,0
9356,0,66.96932178300173,1,0,0,0,6,0,0,365,0,1
9357,0,64.62856478960782,1,0,0,0,7,0,0,365,0,0
9358,0,51.47055456442013,0,0,0,1,5,0,0,365,0,0
9359,1,60.887753189259556,0,0,0,1,4,0,1,224,0,1
9360,1,60.115176654122294,1,0,0,0,8,1,0,365,0,0
9361,1,76.33837003438232,1,0,1,0,8,0,0,365,0,1
9362,0,51.91786804083439,1,0,0,1,4,0,0,365,0,0
9363,0,69.5810401063721,0,0,0,1,11,0,1,215,0,0
9364,1,60.685628660497585,1,0,0,0,6,0,0,365,0,1
9365,0,58.6752161260339,0,0,0,0,6,1,0,365,0,0
9366,0,59.393717439132175,1,0,0,1,3,0,0,365,0,0
9367,1,64.6027739234311,0,0,0,0,3,0,0,365,0,0
9368,0,63.08467493598642,0,0,0,0,7,0,0,365,0,0
9369,1,62.668658666957654,1,0,0,0,6,0,0,365,0,0
9370,1,63.22509648000253,1,0,0,0,12,0,0,365,0,1
9371,1,72.58227077917773,1,1,0,1,4,0,0,365,0,0
9372,0,65.37343630264863,0,0,0,1,4,0,0,365,0,0
9373,0,70.19298253256969,0,0,1,0,7,0,0,365,0,0
9374,0,68.62875122867896,1,0,0,0,5,0,0,365,0,0
9375,0,62.043718373062845,1,0,0,0,7,0,0,365,0,0
9376,1,49.77167937669958,1,0,0,0,5,0,0,365,0,1
9377,0,74.45788057301726,1,0,0,0,7,0,0,365,0,0
9378,0,59.27510459325734,0,0,1,1,7,0,0,365,0,0
9379,0,63.79879022113682,0,0,0,0,4,0,0,365,0,1
9380,0,58.88050310291921,0,0,0,0,3,1,0,365,0,0
9381,0,70.5999661476391,1,0,0,0,11,0,0,365,0,0
9382,0,56.359224721485724,1,0,0,0,8,1,0,365,0,0
9383,0,67.58224985794592,1,0,1,0,4,0,1,8,0,0
9384,0,77.07911742200136,1,0,1,0,5,0,0,365,0,1
9385,0,72.52595889748969,1,0,0,0,6,1,0,365,0,0
9386,1,79.4588167863048,0,0,0,1,6,1,1,230,0,0
9387,0,67.37927895402721,0,0,0,0,9,0,0,365,0,0
9388,1,72.85431560020311,1,0,0,1,4,0,0,365,0,1
9389,0,58.26302275672668,1,0,0,0,4,1,0,365,0,0
9390,0,68.71122645643007,0,0,0,0,6,1,0,365,0,0
9391,0,72.26959174390622,0,0,0,0,8,0,0,365,0,0
9392,0,72.88594347415156,1,0,0,0,7,0,0,365,0,0
9393,1,67.99398694527574,1,0,0,0,5,0,0,365,0,0
9394,1,54.581410812003,0,0,0,1,9,0,0,365,0,0
9395,0,52.20336930916511,0,0,0,0,3,0,0,365,0,0
9396,1,68.59286571427266,1,0,0,0,5,0,0,365,0,0
9397,1,66.39962342781615,1,1,1,0,8,1,1,293,0,1
9398,0,70.8083005591511,1,0,1,0,8,0,0,365,0,0
9399,0,63.192299930032966,0,0,0,0,4,0,0,365,0,0
9400,1,73.11039118460361,1,0,0,0,4,0,0,365,0,0
9401,1,71.6563261831314,1,0,1,1,4,0,0,365,0,0
9402,1,52.55381409125215,0,0,0,0,3,1,0,365,0,0
9403,0,73.07371112424156,0,0,0,0,4,0,0,365,0,1
9404,1,77.07857757343291,1,0,0,1,3,1,0,365,0,0
9405,0,79.38558335160533,0,0,0,0,6,0,0,365,0,0
9406,0,75.40370935741907,1,0,1,0,5,0,1,5,0,1
9407,0,70.51628556735004,1,1,0,1,6,0,0,365,0,0
9408,1,67.20415815136913,1,0,0,0,7,1,0,365,0,0
9409,0,56.12304547950812,0,0,0,0,5,0,0,365,0,0
9410,0,63.31324295516479,0,0,0,0,2,0,0,365,0,0
9411,1,63.36333527861999,0,0,0,0,5,0,0,365,0,0
9412,0,65.94806406801229,0,0,0,0,9,1,0,365,0,0
9413,0,72.58279568970818,0,0,0,0,6,1,0,365,0,0
9414,0,66.78709613559975,0,0,0,1,9,0,0,365,0,0
9415,1,69.70628330041772,1,0,0,0,7,0,0,365,0,0
9416,1,70.23400459534416,0,1,1,0,8,0,0,365,0,0
9417,1,76.49451035152575,1,1,0,0,6,0,0,365,0,1
9418,1,61.92683022267726,0,0,0,0,4,0,0,365,0,0
9419,0,57.77498023687642,0,0,1,0,6,0,0,365,1,0
9420,0,59.29350898819713,1,0,1,0,8,0,0,365,0,0
9421,0,75.22167754209264,0,0,0,0,5,0,0,365,0,0
9422,1,51.4199781373145,1,0,0,0,10,0,0,365,0,0
9423,1,81.49757624280262,1,0,0,0,2,1,0,365,0,0
9424,1,77.35954722294991,0,1,1,1,14,0,0,365,0,0
9425,0,48.33306329738855,1,0,1,0,7,1,0,365,0,0
9426,1,73.2684210643032,0,1,0,1,2,0,1,153,0,0
9427,0,84.29269407851145,1,0,0,0,5,0,0,365,0,0
9428,1,73.58951264859898,0,0,1,1,17,0,0,365,0,1
9429,0,69.92021626861245,0,0,0,0,4,0,0,365,0,0
9430,1,57.18634530908213,0,0,0,0,6,0,0,365,0,0
9431,0,67.784807028027,0,0,0,0,3,0,1,315,0,0
9432,1,95.0,1,1,1,0,9,1,1,275,1,1
9433,0,62.87082932562176,1,0,1,1,8,1,0,365,0,0
9434,0,52.989702294322996,0,0,0,0,2,0,0,365,0,0
9435,0,71.50499627876543,0,0,0,0,6,0,0,365,1,0
9436,0,58.92197338261379,1,0,0,0,1,0,0,365,0,1
9437,1,71.59457627284353,1,0,1,0,5,1,0,365,0,0
9438,0,77.70921135956816,1,0,1,0,10,0,0,365,1,0
9439,1,89.17597187991515,1,0,0,1,3,1,0,365,0,0
9440,0,54.475287717901125,1,0,1,0,7,0,0,365,0,0
9441,0,81.53922605307967,1,0,0,0,5,0,0,365,0,0
9442,1,61.28472929078238,0,0,0,0,8,0,0,365,0,0
9443,1,80.18624111391784,0,0,0,0,6,1,0,365,0,0
9444,1,65.13400159076245,1,0,0,0,4,0,0,365,0,0
9445,1,51.696919640133174,1,0,0,0,2,0,0,365,0,0
9446,0,74.73445583520935,0,0,0,0,7,0,0,365,0,0
9447,0,72.36006532351237,1,0,0,0,1,0,0,365,0,0
9448,0,76.76979322213444,1,1,1,0,9,0,0,365,0,1
9449,0,70.1953750753421,1,0,0,0,6,0,0,365,0,0
9450,0,61.94275820155352,0,0,0,0,7,0,0,365,0,0
9451,0,74.23470965371749,1,0,0,0,5,0,0,365,0,0
9452,0,67.33740928614299,0,0,0,0,0,0,0,365,1,0
9453,0,58.99891785919849,0,1,0,0,4,0,0,365,0,0
9454,1,76.21794605347557,0,0,1,0,10,1,0,365,0,0
9455,1,60.29489201540365,1,0,0,1,5,1,0,365,0,0
9456,0,72.97353762574907,0,0,0,0,7,0,1,12,0,0
9457,1,79.07717531780703,1,0,1,0,10,1,0,365,1,1
9458,1,63.70862488591229,0,0,0,0,12,1,0,365,0,0
9459,0,46.299141559405946,0,0,1,0,7,0,0,365,0,0
9460,0,42.92023701629197,1,0,0,1,3,0,0,365,0,0
9461,1,69.64959139396937,1,0,0,0,6,0,1,139,0,1
9462,1,64.58869786855149,0,0,0,1,4,0,0,365,0,0
9463,0,68.39658298363624,0,0,0,0,3,1,0,365,0,0
9464,0,75.13609706704614,0,0,1,0,8,1,0,365,0,0
9465,1,55.629321285966924,1,0,0,1,2,0,0,365,0,0
9466,0,75.58374778507844,0,0,0,0,6,0,0,365,1,0
9467,0,56.72534511976103,0,0,0,1,9,1,1,115,0,0
9468,1,63.254400862052655,1,0,0,0,5,1,0,365,0,1
9469,1,71.79448014974935,0,0,0,0,6,0,0,365,0,0
9470,0,67.33503069001118,1,0,0,0,5,1,0,365,0,0
9471,1,84.08481448389624,0,1,1,1,8,0,1,297,0,0
9472,0,64.65235520843792,0,0,0,0,4,0,0,365,0,0
9473,0,65.48321354579342,1,0,0,0,7,0,0,365,0,1
9474,1,73.79680289100058,1,0,0,0,7,1,0,365,0,0
9475,0,61.644647594773886,1,0,0,0,4,0,0,365,0,0
9476,1,77.24604703002115,0,0,0,0,8,0,1,201,0,0
9477,0,63.40035396926428,1,0,0,0,1,0,0,365,0,0
9478,1,59.84532771265121,0,0,0,0,7,0,0,365,0,1
9479,1,59.32955265973382,0,0,0,0,4,0,0,365,0,0
9480,0,68.24098913415794,0,0,0,0,2,0,0,365,0,0
9481,0,80.02406134278974,0,0,0,0,7,0,0,365,0,0
9482,0,57.503337862896515,1,0,0,0,7,0,0,365,0,0
9483,0,79.15613065601116,0,0,0,1,5,0,0,365,0,0
9484,0,59.131996135377705,0,0,0,0,5,1,0,365,0,1
9485,0,82.8362985180643,0,1,0,0,5,0,1,239,0,0
9486,1,61.820060602596406,1,0,0,0,4,0,0,365,0,1
9487,1,80.24900954523294,0,0,1,0,6,0,0,365,0,0
9488,0,69.0101045970567,1,0,0,0,6,0,0,365,0,0
9489,1,64.21605258472992,1,0,0,0,7,0,1,64,0,0
9490,1,83.7023292354583,0,0,0,0,3,0,0,365,0,0
9491,0,74.7889350519574,1,0,0,0,7,0,0,365,0,0
9492,1,58.73859873822586,0,0,0,1,7,1,0,365,0,0
9493,0,78.78258471808516,1,0,0,0,7,0,0,365,0,1
9494,0,50.6093000336063,1,0,0,1,9,0,0,365,0,0
9495,1,55.07369492936063,1,0,0,0,3,1,0,365,0,0
9496,0,77.4839425611717,0,0,0,0,10,0,0,365,0,0
9497,1,60.39138156542192,0,0,0,0,3,0,0,365,0,0
9498,1,70.48983920257277,0,0,0,0,9,0,0,365,0,1
9499,1,69.39611494076084,0,0,0,0,8,0,0,365,0,0
9500,0,74.16706823751208,1,0,0,0,6,0,0,365,1,0
9501,0,69.404292497333,0,0,0,0,6,0,0,365,0,0
9502,1,59.29280805896121,0,1,0,1,7,0,0,365,0,0
9503,0,56.83127178208072,1,0,0,0,5,0,0,365,0,0
9504,0,60.95154820464001,1,0,0,0,5,0,0,365,0,0
9505,1,61.78097781976544,1,0,1,1,8,0,0,365,0,0
9506,0,70.05603496713536,1,0,0,1,4,0,0,365,0,0
9507,0,69.1096451735077,1,0,1,0,10,0,0,365,1,0
9508,1,50.4469626799967,0,0,0,0,4,0,0,365,0,0
9509,0,51.86069188142831,0,0,0,0,8,0,0,365,0,0
9510,0,82.65460000656262,1,1,1,0,9,0,0,365,0,0
9511,1,66.1438585685436,0,0,0,0,7,1,0,365,1,1
9512,0,73.61372217716307,0,0,0,0,6,1,0,365,0,0
9513,0,59.356743474303954,0,0,0,0,3,0,0,365,0,0
9514,0,40.0,0,0,0,0,3,0,0,365,0,0
9515,0,73.28805981283587,1,0,1,1,5,0,0,365,0,0
9516,1,61.7991774981598,0,0,0,0,7,0,0,365,0,0
9517,0,48.26825140646659,1,1,0,0,10,1,0,365,0,0
9518,1,95.0,0,1,1,1,16,0,1,317,1,0
9519,1,70.18816750043332,1,0,1,0,7,1,0,365,0,0
9520,0,63.550154621039766,1,0,0,0,4,1,0,365,0,0
9521,1,67.85209302545046,1,0,0,0,4,0,0,365,0,0
9522,0,92.01806009856563,1,1,0,0,10,1,0,365,0,0
9523,1,57.69138545788491,1,0,1,1,9,0,0,365,1,0
9524,0,79.93067244328311,1,0,0,0,6,0,0,365,0,0
9525,0,49.54220904035911,1,0,0,0,6,1,0,365,0,0
9526,1,58.63772661435591,0,0,0,0,2,0,0,365,0,0
9527,0,51.443397749030176,1,0,0,0,10,0,0,365,0,0
9528,0,75.19774033309328,1,0,0,0,6,0,0,365,0,0
9529,1,76.94831307402707,0,0,0,1,6,0,0,365,0,0
9530,1,59.993573890676885,0,0,0,0,7,0,0,365,0,0
9531,0,43.56931903278165,1,0,0,0,4,1,0,365,0,0
9532,0,58.48336288147208,1,0,0,0,6,0,0,365,0,0
9533,1,73.25690183153921,1,1,0,0,7,0,0,365,0,1
9534,1,68.73852528532315,0,1,1,0,7,0,0,365,1,1
9535,0,69.76087940740905,0,0,0,0,4,0,0,365,0,1
9536,0,61.98317847026601,0,0,0,0,4,0,0,365,0,0
9537,1,56.21175319501561,0,0,0,0,7,0,0,365,0,0
9538,0,60.12204115411227,1,0,0,0,8,0,0,365,0,0
9539,1,60.52565990955043,0,1,0,0,8,0,1,359,1,1
9540,0,71.54154476529507,1,0,0,0,5,0,0,365,0,0
9541,1,68.52195597448862,1,1,0,0,9,0,0,365,0,0
9542,0,59.32320731843337,1,0,0,0,4,1,0,365,0,0
9543,0,49.83629570712101,1,0,0,1,6,0,0,365,1,0
9544,0,52.42991458478157,0,0,0,0,5,0,0,365,0,0
9545,1,81.2148136861509,0,0,0,1,5,0,0,365,0,0
9546,0,59.71566386404848,0,0,0,0,1,1,0,365,0,0
9547,0,73.38940549111884,1,0,0,1,8,0,0,365,1,0
9548,0,67.56064081469813,0,0,0,1,5,0,0,365,0,0
9549,0,59.816249647705774,1,0,0,0,4,0,0,365,1,0
9550,1,77.11633165472512,0,0,0,0,8,1,0,365,0,0
9551,0,49.983447058396166,0,0,0,0,4,0,0,365,0,0
9552,0,69.87117610104595,1,0,0,0,6,0,0,365,1,0
9553,1,58.39730814197269,0,0,1,0,7,0,0,365,0,1
9554,0,73.91477744892066,1,0,0,0,5,0,0,365,0,0
9555,1,95.0,1,0,0,0,8,0,0,365,0,1
9556,1,56.04747880352111,1,0,0,0,3,0,0,365,0,0
9557,0,73.73125619813744,0,1,0,0,13,0,0,365,0,0
9558,1,78.09219516810425,1,0,1,1,4,0,0,365,0,0
9559,0,56.35217778497521,1,0,0,0,3,0,0,365,0,0
9560,1,44.342399577714545,0,0,1,0,4,1,0,365,0,1
9561,1,47.100392303122774,0,0,0,0,9,0,0,365,0,0
9562,0,59.73259365899607,1,0,0,0,7,0,1,89,0,0
9563,1,82.25825344669887,0,0,0,0,5,0,0,365,1,1
9564,1,79.69057191518532,0,0,1,0,6,0,0,365,1,1
9565,1,56.71578633509988,1,0,0,1,4,0,0,365,0,0
9566,1,61.74901024501934,0,0,0,0,6,0,0,365,0,0
9567,1,70.05794129381539,1,1,0,1,4,0,1,13,0,0
9568,0,77.72124623530071,1,0,0,1,4,0,0,365,0,0
9569,1,78.7469539048918,1,0,0,0,10,0,0,365,0,1
9570,1,51.929717874156516,0,0,0,1,2,1,0,365,0,1
9571,0,53.581236708807566,0,0,0,1,6,0,1,2,0,0
9572,0,69.33846266046649,1,0,0,1,7,1,0,365,1,0
9573,1,78.6814769423195,1,0,0,0,7,0,0,365,1,0
9574,0,57.774847098150794,0,0,0,0,4,0,0,365,1,0
9575,0,51.51289842543012,0,0,0,0,7,0,0,365,0,0
9576,0,69.05725114252817,0,0,1,0,3,1,0,365,0,0
9577,0,56.35322591972146,0,0,0,1,5,0,0,365,0,0
9578,0,81.56762635532431,0,0,0,0,7,1,0,365,0,0
9579,0,79.45274151114728,0,0,0,0,8,0,1,255,1,1
9580,1,70.0087854451445,0,0,0,1,5,0,1,230,0,1
9581,1,76.78304513620299,1,0,0,0,10,1,0,365,0,1
9582,1,69.6765965222784,1,0,1,0,8,0,0,365,0,0
9583,0,65.39507024283238,0,0,0,0,4,0,0,365,0,0
9584,0,69.26441783044224,0,0,0,0,8,0,0,365,1,1
9585,1,67.88306780115512,1,0,0,0,3,0,0,365,0,0
9586,1,53.01913968952027,1,0,0,0,4,0,0,365,0,0
9587,0,47.434945753370584,1,0,0,0,3,0,0,365,0,0
9588,0,59.178546580544165,0,0,0,0,8,1,0,365,0,0
9589,1,57.13510191158316,0,0,0,1,6,1,0,365,0,0
9590,1,57.04048024242988,0,0,0,0,7,0,0,365,0,0
9591,0,84.00467143742483,1,0,0,0,6,0,0,365,0,0
9592,0,50.72702498209274,0,0,0,0,3,0,0,365,1,0
9593,0,49.000913415686185,0,0,0,0,2,0,0,365,0,0
9594,0,67.9487868307514,1,0,0,1,7,0,1,285,1,0
9595,1,69.47536990205796,1,0,0,0,9,0,0,365,0,0
9596,0,55.20295223816111,0,0,0,0,1,0,1,184,0,0
9597,0,67.92777544015647,0,0,1,0,10,0,0,365,0,0
9598,0,67.6481583692001,1,0,0,0,7,0,0,365,0,0
9599,0,66.41837191501104,0,0,0,0,4,0,0,365,0,0
9600,0,59.34378003172536,1,0,0,0,5,0,0,365,0,0
9601,1,76.86752666693803,0,0,0,0,5,0,0,365,0,0
9602,1,72.56838493031603,0,0,1,0,7,1,1,274,0,0
9603,1,75.89682285662872,1,0,1,0,8,0,0,365,0,0
9604,1,61.77554423394149,1,0,0,0,11,1,0,365,0,0
9605,0,55.06378243460272,0,0,0,1,4,0,0,365,0,0
9606,0,71.35052289305244,1,1,0,0,5,0,0,365,1,1
9607,1,62.079589421066515,0,0,0,0,10,0,0,365,0,1
9608,0,62.705397271202216,0,0,0,0,2,1,1,218,0,0
9609,1,61.22432434106056,1,0,0,1,10,0,0,365,0,0
9610,0,59.72665182868979,0,0,0,0,6,0,0,365,0,0
9611,0,57.99115462219956,0,0,0,0,5,1,0,365,0,1
9612,1,62.555422870267975,0,0,0,0,6,0,0,365,0,0
9613,1,64.34483671578312,0,0,0,0,3,0,0,365,0,0
9614,0,69.21072063571496,0,0,0,1,2,0,0,365,0,0
9615,0,64.58882156411997,0,0,0,0,6,1,0,365,0,0
9616,1,66.04283135163188,0,0,0,0,6,0,0,365,0,0
9617,0,56.08674755284292,1,0,0,0,7,0,0,365,0,0
9618,1,69.89422948688774,1,0,0,0,7,0,0,365,0,0
9619,0,63.87074177040345,1,0,0,0,6,0,0,365,0,0
9620,0,69.86903331870492,1,0,0,0,3,0,0,365,0,0
9621,1,70.79414717337666,0,0,0,0,4,0,0,365,0,0
9622,0,59.35119756669406,1,0,1,0,5,0,0,365,0,0
9623,1,71.36809327548796,0,0,1,0,6,0,0,365,0,0
9624,0,75.06664176839371,1,1,0,1,7,1,0,365,0,0
9625,0,40.0,1,0,0,0,6,1,1,51,0,0
9626,0,72.53088670902008,0,0,0,0,8,0,0,365,0,0
9627,0,61.69001947932719,1,0,0,0,6,0,0,365,0,0
9628,1,62.03341069999571,1,0,0,1,4,1,0,365,0,0
9629,1,55.13496502110905,0,0,0,0,8,1,0,365,0,0
9630,0,71.45781589261784,0,0,0,0,10,0,0,365,0,0
9631,0,93.480099518538,0,0,0,0,8,0,0,365,0,1
9632,1,70.77002004067394,1,0,1,0,5,0,0,365,1,1
9633,1,59.22878299529622,0,0,0,0,7,0,0,365,0,0
9634,1,80.54076624224494,1,1,1,1,9,1,0,365,0,0
9635,1,83.65597594415135,1,0,0,0,5,1,0,365,0,1
9636,0,75.19898550804518,1,0,0,0,7,0,0,365,0,0
9637,0,63.10327645359721,1,0,0,0,7,0,0,365,0,0
9638,1,81.76475865253599,1,0,1,0,5,1,0,365,0,0
9639,0,55.15717023781951,1,0,0,0,4,0,0,365,0,0
9640,0,68.29636379198479,0,0,0,0,11,1,1,157,0,0
9641,0,63.664865430739745,0,0,0,0,4,1,0,365,0,0
9642,0,61.085045688172116,1,0,0,0,6,0,0,365,0,1
9643,0,60.63462188790106,0,0,0,0,3,0,0,365,0,0
9644,0,88.65228407652509,0,0,0,0,8,0,0,365,0,0
9645,0,69.90077777609197,0,0,0,0,7,0,0,365,0,1
9646,0,74.8316137054016,0,0,0,0,4,0,0,365,0,0
9647,1,60.823837118387345,1,1,0,1,8,0,0,365,0,0
9648,0,51.58230236064276,1,0,0,0,6,1,0,365,0,0
9649,1,69.22921307336861,0,0,0,0,9,0,0,365,0,1
9650,0,71.79854810210746,0,0,0,0,5,0,0,365,0,0
9651,0,64.03639719238296,0,0,0,0,5,0,0,365,0,1
9652,1,56.28824708803198,0,1,0,1,5,0,0,365,0,1
9653,0,65.83504879423681,1,0,1,0,3,1,0,365,0,0
9654,0,57.16650889869287,1,0,0,0,1,1,0,365,0,0
9655,1,68.0142446958074,0,0,1,0,3,0,0,365,0,0
9656,1,68.15733911793085,1,1,0,1,9,0,0,365,0,0
9657,0,62.312142751579174,1,0,0,0,4,1,0,365,0,0
9658,0,69.18007684399639,1,0,0,0,3,1,0,365,0,0
9659,1,77.64319141221169,1,0,1,1,9,0,0,365,0,0
9660,1,63.76102142123486,1,0,0,0,4,0,0,365,0,0
9661,1,43.598916224937945,1,1,0,0,5,0,0,365,0,0
9662,1,76.03317739215314,1,0,0,0,7,0,0,365,0,0
9663,0,65.11733201567618,1,0,0,0,5,1,0,365,0,0
9664,0,52.15593479226568,0,0,0,0,7,1,0,365,0,0
9665,0,67.58564749968475,1,0,0,0,3,0,0,365,0,0
9666,0,66.05026554930039,1,0,0,0,5,0,0,365,0,0
9667,1,63.10389150060321,1,0,1,0,5,0,0,365,0,0
9668,0,61.21315231342292,0,0,0,0,5,1,0,365,0,0
9669,0,62.12939321733874,0,0,0,0,3,0,0,365,0,0
9670,0,57.076451721208336,1,0,1,0,6,0,0,365,0,0
9671,0,55.832640522862555,0,0,0,1,4,0,0,365,0,0
9672,0,71.30434073767303,0,0,0,1,1,1,0,365,0,0
9673,0,78.1110768644997,1,0,0,0,3,0,0,365,0,1
9674,0,65.68445896206165,0,0,0,0,4,1,1,39,0,0
9675,0,73.18074801626288,0,0,1,0,9,1,0,365,0,0
9676,0,62.054483384180706,1,0,0,0,3,0,0,365,0,0
9677,1,78.86379632218177,0,0,0,0,4,0,0,365,0,0
9678,1,69.28897485380062,1,1,0,0,5,0,1,89,0,1
9679,1,81.30548525020032,1,1,0,1,17,0,0,365,0,0
9680,0,65.67624337635992,1,0,0,0,4,0,0,365,0,0
9681,0,75.561180085742,0,0,0,0,4,0,0,365,0,0
9682,0,40.0,1,0,0,0,4,0,0,365,0,0
9683,1,52.94920621348575,1,0,0,0,5,0,0,365,0,0
9684,0,63.1578409099215,0,0,0,0,4,0,0,365,0,0
9685,1,76.97709393166042,0,0,0,0,7,1,0,365,0,0
9686,0,77.88217429870468,1,0,0,0,3,0,0,365,0,0
9687,0,63.63128014517374,1,1,0,0,4,0,0,365,0,1
9688,1,76.4123712931873,0,0,0,0,11,0,0,365,0,1
9689,0,74.42793212688477,0,0,0,1,5,0,0,365,0,0
9690,0,55.5001839602085,1,0,0,0,4,0,0,365,1,0
9691,0,69.23486530352892,1,0,0,1,8,0,0,365,0,0
9692,0,58.37538978629421,0,0,0,0,6,1,0,365,0,0
9693,1,83.10421301056289,0,0,0,0,4,0,0,365,0,0
9694,0,52.62074128184377,0,0,0,0,7,1,0,365,0,0
9695,1,84.68627487426969,0,0,0,0,2,0,0,365,1,0
9696,0,67.86440168031321,1,0,0,0,5,0,0,365,0,0
9697,1,71.28207552685144,1,0,0,0,5,0,0,365,0,0
9698,1,55.897839374959176,1,0,0,0,6,0,0,365,0,0
9699,1,58.68388919894582,0,0,0,0,7,1,0,365,0,0
9700,0,66.934264602715,1,0,0,1,6,1,0,365,0,0
9701,0,72.50788579980508,1,0,0,0,7,0,0,365,0,0
9702,0,75.036375429597,0,0,0,0,6,0,0,365,0,0
9703,0,58.56659506096481,1,0,0,0,6,0,0,365,0,0
9704,0,55.602873733681314,1,0,0,0,5,0,0,365,0,0
9705,0,40.0,1,0,0,0,1,0,0,365,0,0
9706,0,70.28589323412682,1,0,1,0,7,0,0,365,0,0
9707,1,52.286269192518084,1,0,0,1,5,1,0,365,0,0
9708,1,76.2366443817946,0,0,1,0,7,0,1,326,0,0
9709,0,71.87960212810424,0,0,1,0,5,0,0,365,0,0
9710,1,63.29749922640787,0,0,0,0,3,0,1,88,0,0
9711,1,68.08666009545189,0,0,0,0,6,0,0,365,0,0
9712,0,67.7923431246806,0,0,0,0,5,0,0,365,0,0
9713,0,61.434912444252035,0,0,0,1,4,0,0,365,0,0
9714,0,60.45699026468271,0,0,1,0,7,0,0,365,0,0
9715,0,67.21396450965388,1,0,0,0,4,1,0,365,0,0
9716,0,58.03898306972072,0,0,1,0,8,0,0,365,1,0
9717,1,65.795925132633,0,0,0,0,5,0,0,365,0,0
9718,1,61.5628387935378,0,0,0,0,4,0,0,365,1,1
9719,1,56.512087653690266,1,0,0,1,7,0,0,365,0,0
9720,0,48.68130898082394,1,0,0,0,3,0,0,365,0,0
9721,1,66.14722733309519,1,0,1,0,6,1,1,272,1,0
9722,0,67.60215494205443,1,0,0,1,3,1,0,365,0,0
9723,0,67.62579187575761,1,0,0,0,8,0,1,228,0,0
9724,0,89.99436021906868,0,0,1,0,12,0,0,365,0,0
9725,0,66.47297854727056,0,0,0,0,6,1,0,365,0,0
9726,0,63.41100655499346,1,0,0,0,3,0,1,193,0,0
9727,0,69.69705196135895,1,0,1,0,7,0,0,365,0,0
9728,1,65.0494022401678,1,0,0,1,8,1,0,365,0,0
9729,1,77.76514606157848,1,1,1,0,7,1,1,36,0,1
9730,0,57.62019505421979,0,0,0,0,7,0,0,365,0,0
9731,0,73.14799843158863,0,0,0,0,5,0,0,365,0,0
9732,0,59.68051924556973,0,0,0,1,6,1,0,365,0,0
9733,0,59.73523359115882,1,0,1,1,8,0,0,365,0,0
9734,1,54.34135461876076,0,0,0,0,2,0,0,365,0,0
9735,0,49.239349812157826,1,0,0,1,6,0,0,365,0,0
9736,0,61.49979707110213,1,0,0,0,9,0,0,365,0,0
9737,0,55.28171832393029,1,0,0,1,5,1,0,365,0,0
9738,1,74.86356455023483,1,0,1,1,7,0,0,365,0,0
9739,0,84.60192878319663,0,0,0,0,6,0,0,365,0,1
9740,0,69.23947521341414,0,0,0,1,6,0,0,365,0,0
9741,1,61.90588163808039,0,0,0,0,3,1,0,365,1,1
9742,0,67.67587782392349,0,0,0,1,3,0,0,365,0,0
9743,0,50.92517346315967,1,0,0,0,3,0,0,365,0,0
9744,0,54.84372477549814,0,0,1,0,4,0,0,365,0,0
9745,0,54.02362147900346,0,0,0,0,1,0,0,365,0,0
9746,0,55.02744386171322,0,0,0,0,10,0,0,365,0,0
9747,0,66.80758633470177,1,0,0,0,8,0,0,365,0,0
9748,0,60.58612833669016,1,0,0,0,9,0,0,365,0,0
9749,0,65.33755234743137,0,1,0,0,3,0,1,145,0,1
9750,0,76.40512203724312,0,0,0,0,4,1,0,365,0,0
9751,0,62.55571997633093,0,0,0,1,5,0,0,365,0,0
9752,0,76.38859745561018,1,0,0,0,6,0,0,365,0,0
9753,0,65.8154333636148,1,0,0,0,8,1,0,365,0,0
9754,0,62.798825707782235,0,0,0,0,6,0,0,365,0,0
9755,0,80.07457744366465,0,0,0,0,9,1,0,365,0,0
9756,0,46.324734366679685,0,0,0,1,6,0,0,365,0,0
9757,0,88.26962695002774,1,0,0,0,3,0,0,365,0,0
9758,0,51.6977003231577,1,0,0,0,3,0,0,365,0,0
9759,1,55.26116746518202,1,0,0,1,5,0,0,365,1,0
9760,1,67.9818590273259,1,0,0,1,5,0,0,365,0,0
9761,0,58.789866870279695,1,0,1,0,5,0,0,365,0,0
9762,0,69.37267043732277,1,0,1,1,8,0,0,365,0,0
9763,1,57.91427502617439,1,0,0,0,4,0,0,365,0,0
9764,0,63.865665664975005,0,0,1,0,5,0,0,365,0,0
9765,1,75.64559460130044,0,0,0,0,3,0,0,365,0,0
9766,0,70.17626675109932,0,0,0,0,7,1,0,365,0,0
9767,1,57.14940872939782,0,0,0,1,5,0,0,365,0,0
9768,1,79.4876722536487,0,0,0,0,7,0,0,365,0,0
9769,1,77.05117528337496,0,0,0,0,7,0,0,365,0,0
9770,0,66.16889321710501,0,1,0,0,6,0,0,365,0,0
9771,0,51.297372736104165,1,0,0,0,5,0,0,365,0,0
9772,0,64.85135928947382,0,0,1,1,11,1,0,365,0,0
9773,0,55.64101251607197,0,0,0,0,5,0,0,365,0,0
9774,1,73.70065948255878,0,0,1,0,6,1,0,365,0,0
9775,1,51.08111541816562,0,0,0,0,3,0,0,365,0,0
9776,0,68.25661232967299,1,0,0,0,7,0,0,365,0,0
9777,0,46.07796584467202,0,0,0,0,2,0,0,365,0,0
9778,0,72.61455776581623,1,0,0,0,8,0,0,365,0,0
9779,1,78.66591258865796,0,0,0,1,6,0,0,365,0,1
9780,1,69.36678367648642,1,0,0,0,7,1,0,365,0,0
9781,0,67.31219451508059,1,0,0,0,5,0,0,365,0,0
9782,0,73.78283696510928,1,0,0,0,4,0,0,365,0,0
9783,0,80.47097718708591,0,0,0,0,4,1,0,365,0,0
9784,1,53.86347079651172,1,0,0,1,8,0,0,365,1,0
9785,1,60.67358232909024,0,0,0,0,5,0,0,365,0,0
9786,1,73.55256464528766,0,0,0,0,4,0,0,365,0,0
9787,1,49.422103974040645,1,1,0,0,7,1,0,365,0,0
9788,1,55.516899202485256,1,0,1,0,9,0,0,365,0,0
9789,0,61.1120106156877,0,0,0,0,3,0,0,365,0,0
9790,0,77.63922477239767,1,0,0,0,7,0,0,365,0,0
9791,0,62.513395916085244,1,0,0,0,7,0,0,365,0,0
9792,1,77.44222330390436,1,0,0,0,7,0,0,365,1,1
9793,1,61.49906839234419,0,0,0,0,8,1,0,365,0,0
9794,0,72.95674537678977,0,0,0,0,3,0,0,365,0,1
9795,0,58.23062364877987,1,0,0,0,7,1,0,365,0,0
9796,1,78.54769213746806,1,0,1,0,9,0,0,365,0,0
9797,1,65.37796876098466,1,1,0,0,8,0,0,365,0,0
9798,1,81.82294208880084,0,0,0,1,2,0,0,365,0,1
9799,0,72.23213370440263,0,0,0,0,4,0,0,365,0,0
9800,1,77.50264048467051,0,0,0,0,8,1,0,365,0,1
9801,0,65.31261367976853,1,0,0,0,7,0,0,365,0,0
9802,1,95.0,0,0,0,0,8,0,0,365,0,0
9803,1,57.71371143438702,0,1,0,0,3,0,0,365,1,1
9804,0,81.72635748118236,1,0,0,0,8,0,0,365,0,0
9805,1,53.231643443056,0,0,0,0,5,1,0,365,0,1
9806,0,47.0372898490659,1,0,0,1,4,1,0,365,0,0
9807,1,59.92269434948033,0,0,0,0,4,0,0,365,0,0
9808,1,53.7470651955789,1,0,1,0,8,1,0,365,0,0
9809,1,67.44793419676415,0,0,1,0,14,1,0,365,0,0
9810,1,83.68249517672535,0,0,1,0,6,0,0,365,0,0
9811,1,42.693820534947875,1,0,0,0,3,1,0,365,0,0
9812,0,64.87113237273108,0,0,0,1,5,0,0,365,0,0
9813,1,53.99600372072031,1,0,0,0,6,0,0,365,0,0
9814,0,56.57505150704827,1,0,0,0,1,0,0,365,0,0
9815,0,47.67744203550903,0,0,0,0,4,0,0,365,0,0
9816,0,61.89452828516934,1,0,1,0,4,0,0,365,0,0
9817,0,55.65613140739074,1,0,0,1,6,0,0,365,0,0
9818,0,66.794980448641,0,0,0,0,6,0,0,365,0,0
9819,0,69.33580485721983,1,0,0,0,7,0,0,365,0,0
9820,0,77.57528832061337,0,0,0,1,5,0,0,365,0,1
9821,0,67.2272976321396,0,0,0,0,5,0,0,365,0,0
9822,0,55.49771338322416,0,0,0,0,5,0,0,365,0,0
9823,1,76.71352687839382,0,0,1,0,12,0,0,365,1,0
9824,0,63.65470635307353,1,0,0,0,8,0,0,365,0,0
9825,0,78.72671056284427,0,0,0,0,6,0,0,365,0,0
9826,0,64.87140617721387,0,0,0,0,4,0,0,365,0,1
9827,0,79.78359865331227,1,0,0,0,3,1,0,365,0,0
9828,1,78.18679243568045,1,0,0,0,1,0,0,365,0,0
9829,1,61.62021066242793,0,0,1,0,4,1,1,9,0,0
9830,1,81.21166290326873,0,1,1,1,11,0,1,83,0,0
9831,1,66.5667531350974,0,0,0,0,6,1,1,42,0,0
9832,0,59.482896503145014,0,0,1,0,5,0,0,365,0,0
9833,0,68.46104449346535,0,0,0,0,5,0,0,365,0,0
9834,0,51.832738017523035,1,0,0,0,7,0,0,365,0,1
9835,1,64.22806289708694,1,0,1,0,6,0,0,365,0,0
9836,1,72.39373550055831,0,0,0,0,6,0,0,365,0,1
9837,1,62.86695218157178,0,0,0,1,5,0,0,365,0,0
9838,1,69.5072003145607,0,0,0,0,8,0,0,365,0,0
9839,0,50.6026805856708,0,0,0,0,3,0,0,365,0,0
9840,0,76.69819174529535,1,0,0,0,6,0,0,365,0,0
9841,1,61.267049585542736,1,0,1,0,8,0,0,365,0,1
9842,1,82.50722999605057,1,0,0,0,6,0,1,169,0,1
9843,1,72.18355368574943,1,0,0,0,6,0,0,365,0,0
9844,1,62.6607356577094,1,1,0,1,13,0,1,191,0,0
9845,1,66.27505535471633,1,0,0,0,3,0,0,365,0,1
9846,1,65.02097211629464,1,1,0,0,7,0,0,365,0,0
9847,0,70.59327723132687,0,0,0,0,7,0,0,365,0,0
9848,0,63.756223003552925,0,0,0,0,3,0,0,365,0,1
9849,0,62.219547611813574,1,0,0,0,2,0,0,365,0,0
9850,1,76.89710051918692,0,1,0,1,6,0,0,365,0,0
9851,0,68.24295078371533,0,0,0,0,8,1,0,365,0,0
9852,1,62.24611590220748,1,0,0,0,3,0,0,365,0,0
9853,0,56.74812624756371,1,0,0,1,4,1,0,365,0,0
9854,0,70.12116018544205,1,0,1,0,7,1,1,65,0,0
9855,0,47.20101145140105,0,0,0,0,5,0,0,365,0,0
9856,0,63.64924726723062,1,0,0,0,6,0,0,365,0,0
9857,1,86.4544254137446,1,0,1,0,6,1,1,216,0,1
9858,0,49.37399102186855,0,0,1,0,4,0,0,365,0,0
9859,0,66.07974340735257,1,0,0,0,7,0,0,365,0,0
9860,0,77.81653933833715,1,0,0,0,4,0,0,365,0,0
9861,1,62.2731432319833,1,0,0,0,4,0,0,365,0,0
9862,0,66.66542470876857,0,0,0,0,4,1,0,365,0,0
9863,0,63.769626763815815,1,0,0,0,5,0,0,365,0,0
9864,0,68.12653443039557,0,0,1,0,10,0,0,365,0,0
9865,1,63.42965624776681,0,0,1,0,10,1,0,365,0,0
9866,1,65.38104025645144,1,0,0,0,4,0,0,365,0,0
9867,1,76.75323251738803,0,1,0,0,9,1,1,157,0,0
9868,1,71.60753633886878,0,0,0,0,8,0,0,365,0,0
9869,1,65.47546968396442,0,1,0,1,7,0,0,365,0,0
9870,0,55.746593014491125,1,0,0,0,2,0,0,365,0,0
9871,0,63.14207848500574,0,0,0,0,4,0,0,365,0,0
9872,0,63.196147945403105,1,0,0,0,5,0,0,365,0,0
9873,0,66.1532268281593,1,0,0,0,8,0,0,365,0,0
9874,1,66.67423003004603,0,0,1,0,7,0,0,365,0,0
9875,0,52.09275752802099,1,0,0,0,3,0,0,365,0,0
9876,0,57.74670290466427,0,0,0,0,4,0,0,365,0,0
9877,0,72.91397591943606,1,0,0,0,8,0,0,365,0,0
9878,0,66.2906553058432,1,0,0,0,3,0,0,365,0,0
9879,1,52.87499418376913,1,0,0,0,6,1,0,365,0,0
9880,0,55.015444188464095,0,0,0,0,4,0,0,365,0,0
9881,0,73.07234833226362,0,0,0,1,8,0,0,365,0,0
9882,0,66.27610314451108,0,0,0,0,5,0,0,365,0,0
9883,0,63.17657126931986,1,0,0,0,3,0,0,365,0,0
9884,0,64.64317605349977,1,0,0,0,8,0,0,365,0,0
9885,0,75.04453362773852,0,0,0,0,8,1,0,365,0,1
9886,0,62.45768767115982,1,0,0,0,3,1,0,365,0,1
9887,1,51.865786702234,0,0,0,1,2,0,0,365,0,0
9888,0,53.26118838648379,1,0,0,1,3,0,1,316,0,0
9889,1,72.1372228173827,0,0,0,0,10,1,1,196,0,1
9890,1,55.340864233190004,1,0,0,0,3,1,0,365,0,0
9891,1,71.14251293073586,0,1,0,0,2,0,0,365,0,1
9892,0,68.88675575674745,1,0,0,0,7,0,0,365,0,0
9893,0,63.887639586558656,0,0,0,0,5,0,1,141,0,0
9894,0,69.3574465052513,0,0,0,0,5,1,0,365,0,0
9895,0,74.1261227218057,1,0,0,1,12,0,1,222,0,0
9896,0,66.21186527163195,0,1,1,0,15,0,1,143,0,0
9897,1,63.04050927727108,0,0,0,0,9,0,0,365,0,1
9898,0,60.26947711432717,1,0,0,0,8,0,0,365,0,0
9899,1,73.43811757135802,0,1,1,0,12,1,1,283,1,1
9900,1,42.70993425169817,0,1,0,0,10,0,1,121,0,0
9901,0,56.97930762254072,0,0,0,0,4,1,0,365,0,0
9902,0,65.5252864704018,0,0,0,0,4,1,0,365,0,0
9903,0,42.13444634379862,1,0,0,0,2,0,0,365,0,0
9904,0,66.79836008656135,0,0,0,0,1,0,0,365,0,0
9905,0,81.89087597311757,0,0,1,0,9,1,0,365,0,0
9906,0,69.98923345272591,0,0,0,1,7,0,0,365,0,0
9907,0,67.45147826248693,0,0,0,0,2,0,0,365,0,0
9908,1,69.59095267743753,1,0,0,0,13,0,0,365,0,0
9909,0,75.47036997147059,0,0,0,0,5,1,0,365,1,0
9910,1,72.95759282620674,1,0,0,0,8,1,0,365,0,0
9911,0,75.18634058113875,0,0,0,0,2,1,0,365,0,1
9912,0,61.335563767258265,0,0,0,1,4,1,0,365,0,0
9913,1,72.51671899961967,1,0,0,0,2,0,0,365,0,0
9914,1,55.01482415169616,0,0,0,0,3,0,0,365,0,0
9915,0,71.94434460734074,1,0,0,0,4,0,0,365,0,0
9916,1,68.02879150146752,0,0,0,0,8,0,0,365,0,0
9917,0,57.15291822099748,0,0,0,0,6,0,0,365,0,0
9918,0,60.724098707780826,1,0,1,0,7,1,0,365,0,0
9919,0,53.6285896105675,0,0,0,0,5,0,1,277,0,0
9920,0,46.35944616847113,1,0,0,0,4,0,0,365,0,1
9921,0,74.19912690421317,0,0,0,0,6,0,0,365,0,0
9922,0,69.65374158963341,0,0,0,0,5,1,0,365,0,0
9923,1,67.96031171775853,1,0,1,1,6,0,0,365,0,0
9924,1,69.46519970986796,1,0,0,0,5,1,0,365,0,0
9925,1,47.4098544938127,1,0,0,1,6,0,0,365,0,0
9926,0,76.29077644977397,0,0,1,0,4,0,0,365,0,0
9927,0,59.171727239991675,1,0,0,0,5,1,0,365,0,0
9928,0,57.88597186498934,1,0,0,0,5,0,0,365,0,0
9929,0,72.33025132188922,0,0,0,0,7,0,0,365,0,0
9930,1,77.22170321804828,0,0,1,0,2,0,0,365,0,0
9931,0,56.224912038650274,1,0,0,0,5,1,0,365,0,0
9932,0,54.016425578052974,0,0,0,0,4,0,0,365,0,0
9933,1,84.52598897635616,0,1,1,0,11,1,0,365,0,0
9934,0,62.134174567813204,0,0,0,0,4,0,0,365,0,0
9935,1,78.83743558052481,0,0,1,0,9,1,1,320,0,1
9936,1,73.8744118602304,1,1,0,0,10,0,0,365,1,0
9937,0,60.79684582289388,1,0,0,0,3,1,0,365,1,0
9938,1,73.21038218005033,0,0,0,0,3,0,0,365,0,0
9939,1,62.87658370732774,1,0,1,0,4,0,0,365,0,0
9940,0,64.22195822753346,0,0,0,0,7,1,0,365,0,1
9941,1,62.23065755764164,1,0,0,1,5,0,0,365,0,0
9942,1,75.69663426440309,1,1,0,0,7,1,1,334,1,1
9943,0,69.53747782743551,1,0,0,0,8,0,0,365,0,0
9944,1,84.7999172274001,0,0,1,0,10,1,0,365,1,1
9945,0,88.01770208713903,1,1,0,0,16,0,0,365,0,0
9946,1,62.28607833151352,0,0,0,0,7,0,0,365,0,1
9947,0,50.12058372504782,0,0,0,0,5,1,0,365,0,0
9948,1,59.16429080776921,1,0,0,1,4,0,0,365,0,0
9949,1,70.54963931258104,0,0,0,0,6,0,0,365,0,0
9950,1,66.31034166910258,1,0,0,0,6,0,0,365,0,0
9951,0,70.2133988568047,0,0,0,0,6,1,0,365,0,0
9952,1,57.97456280048069,0,0,0,0,6,0,0,365,1,1
9953,0,67.06010069222174,1,0,0,1,4,0,0,365,0,0
9954,0,74.78079625681208,0,0,0,1,5,1,0,365,0,0
9955,1,73.18132299436887,1,1,0,1,9,1,0,365,0,1
9956,0,58.58029382623037,1,0,0,1,5,0,0,365,0,0
9957,1,42.281597283334946,0,0,0,0,7,0,0,365,0,0
9958,0,75.48851440302202,0,0,0,0,7,0,0,365,0,1
9959,0,73.63037631827744,0,0,0,1,4,0,0,365,0,0
9960,0,63.23045383355651,1,0,0,0,4,0,0,365,0,0
9961,1,71.23365443475014,0,0,0,1,6,0,1,276,0,0
9962,0,58.087363777128544,0,0,0,0,4,0,0,365,0,0
9963,0,55.57281926145564,0,0,0,0,4,1,0,365,0,0
9964,1,61.213887318866526,1,1,0,0,8,0,1,236,0,1
9965,1,63.09033398479687,1,0,0,0,3,0,0,365,0,0
9966,1,77.46854049618429,1,0,0,0,4,1,0,365,0,1
9967,1,65.95769550783915,0,0,1,0,7,0,0,365,0,0
9968,1,79.30435971426742,0,0,1,0,9,1,1,31,0,0
9969,1,65.10500308604504,0,1,0,0,11,0,0,365,0,0
9970,0,70.59991236341205,1,0,0,0,8,0,0,365,0,0
9971,0,56.285726985968154,0,0,0,0,4,0,0,365,0,0
9972,1,72.06737544847847,0,0,0,0,9,0,0,365,0,0
9973,1,44.28759707980083,0,0,0,0,2,0,0,365,0,0
9974,1,84.34267890553582,0,0,0,0,4,0,0,365,0,1
9975,1,66.3619822671112,1,0,1,0,14,0,0,365,0,0
9976,1,66.5077811384179,0,1,0,0,7,0,0,365,0,0
9977,0,63.06313544354559,0,1,0,1,4,0,0,365,0,0
9978,1,73.66278931202862,1,0,0,0,10,1,0,365,0,0
9979,1,72.17073792709608,0,0,0,0,8,0,0,365,0,0
9980,0,53.76752588393027,1,0,0,0,3,1,0,365,0,0
9981,1,60.52538563227291,1,0,0,1,8,1,0,365,0,0
9982,0,80.86217379733336,0,0,0,0,5,0,0,365,0,0
9983,0,66.42020889037057,0,0,0,0,10,0,0,365,0,0
9984,1,68.41918330516322,1,0,0,0,7,0,0,365,0,0
9985,1,73.37865707192867,0,0,0,0,5,0,0,365,0,1
9986,1,79.03070749003561,0,0,0,0,6,0,0,365,0,0
9987,0,55.74278588658154,0,0,0,0,3,0,0,365,0,0
9988,0,54.91003606727772,1,0,0,0,3,0,0,365,0,0
9989,0,59.83067727421653,1,0,0,0,3,0,0,365,0,0
9990,1,65.68344277471385,1,0,0,0,8,1,0,365,0,0
9991,0,85.2169300942145,0,0,0,1,12,0,0,365,0,0
9992,1,52.50823163369507,0,0,0,0,4,1,0,365,0,0
9993,1,53.853069550392796,1,0,0,0,3,0,0,365,0,0
9994,0,77.20420449108269,1,0,1,0,11,0,0,365,0,0
9995,0,78.92055080251215,0,0,0,0,5,0,1,285,0,1
9996,0,56.4229276314361,0,0,0,0,9,0,0,365,0,0
9997,0,75.81688698819323,1,0,0,1,9,0,0,365,0,1
9998,0,67.72936335447177,1,0,0,0,6,0,1,211,0,0
9999,1,76.4689244253347,1,0,0,0,10,1,0,365,0,1
10000,0,71.20238723404823,0,0,0,0,8,0,0,365,1,1
