pid,arm,age,male,cci,stage4,cost_drug,cost_op,cost_inp,cost
R0001,A,71,1,1,1,1205.0,261.8,507.2,1974.0
R0002,A,72,0,1,0,858.5,93.8,1221.3,2173.6
R0003,A,68,1,1,0,1807.5,164.5,0.0,1972.0
R0004,A,60,1,1,0,2213.5,260.2,0.0,2473.7
R0005,B,78,0,3,1,1424.2,269.7,0.0,1693.9
R0006,B,56,1,2,1,377.7,1833.7,5312.9,7524.3
R0007,A,51,0,0,0,1876.8,438.4,0.0,2315.2
R0008,A,65,1,2,1,181.9,3115.8,7349.3,10647.0
R0009,B,61,1,1,0,1432.8,375.3,0.0,1808.1
R0010,B,50,0,2,1,1277.2,349.6,347.1,1973.9
R0011,A,62,1,0,1,187.8,4.0,90.7,282.5
R0012,A,62,1,2,1,2050.1,210.3,3319.2,5579.6
R0013,A,60,0,1,1,1833.6,896.6,461.5,3191.7
R0014,B,62,1,1,1,470.7,58.3,1496.6,2025.6
R0015,A,67,1,2,0,2278.3,208.7,0.0,2487.0
R0016,B,47,0,2,0,1266.6,248.1,0.0,1514.7
R0017,B,64,1,0,1,1214.9,365.5,264.6,1845.0
R0018,A,71,1,3,1,413.1,70.4,2188.6,2672.1
R0019,A,74,1,2,0,908.6,1054.0,1648.4,3611.0
R0020,B,68,0,4,0,1343.6,615.5,1554.1,3513.2
R0021,B,69,1,3,1,467.8,446.4,281.8,1196.0
R0022,B,57,1,2,0,476.9,366.2,265.1,1108.2
R0023,A,44,1,0,0,2240.4,106.2,95.6,2442.2
R0024,B,59,1,1,0,1380.4,625.8,0.0,2006.2
R0025,B,85,1,4,0,584.2,1855.7,5494.7,7934.6
R0026,B,75,1,3,0,473.6,3176.1,1236.1,4885.8
R0027,A,62,1,1,1,1299.6,49.6,403.4,1752.6
R0028,B,65,1,1,0,1228.6,108.5,0.0,1337.1
R0029,A,63,1,3,1,919.9,98.5,1392.4,2410.8
R0030,B,58,1,0,1,1429.9,500.6,0.0,1930.5
R0031,B,71,0,1,1,1337.5,146.3,0.0,1483.8
R0032,A,65,1,0,1,2279.5,716.2,0.0,2995.7
R0033,B,71,1,3,1,1197.5,474.6,0.0,1672.1
R0034,B,61,1,3,0,1379.5,71.1,515.5,1966.1
R0035,B,53,1,1,0,1387.6,307.5,0.0,1695.1
R0036,B,77,0,1,1,1011.3,398.4,113.7,1523.4
R0037,A,59,0,2,1,2179.4,101.0,0.0,2280.4
R0038,A,47,1,2,0,2264.6,383.3,0.0,2647.9
R0039,A,72,1,1,0,1860.3,254.9,0.0,2115.2
R0040,B,73,1,2,0,1367.7,326.4,0.0,1694.1
R0041,B,70,1,1,1,1189.5,686.0,0.0,1875.5
R0042,B,66,0,0,1,236.3,552.1,405.9,1194.3
R0043,B,73,1,1,1,222.3,630.2,0.0,852.5
R0044,B,64,1,2,1,297.6,86.0,3748.2,4131.8
R0045,B,75,1,1,1,228.6,1209.6,0.0,1438.2
R0046,B,65,1,2,0,328.5,25.8,352.6,706.9
R0047,B,57,1,0,0,1389.3,171.0,1142.2,2702.5
R0048,A,74,1,2,0,1929.6,363.1,0.0,2292.7
R0049,B,62,0,1,1,117.5,745.5,1611.7,2474.7
R0050,B,67,0,0,0,714.5,430.6,0.0,1145.1
R0051,A,66,1,1,1,2268.5,422.0,228.7,2919.2
R0052,B,71,1,1,0,186.1,449.6,759.8,1395.5
R0053,B,73,1,4,0,582.1,1020.0,229.6,1831.7
R0054,A,57,1,1,1,2199.1,91.3,512.3,2802.7
R0055,A,60,1,0,0,863.8,1248.3,771.2,2883.3
R0056,A,72,1,2,1,1935.8,113.6,414.4,2463.8
R0057,B,60,0,3,0,576.2,1612.0,2662.6,4850.8
R0058,A,53,1,0,1,712.3,1063.4,5724.6,7500.3
R0059,A,56,1,1,1,1946.0,460.3,102.1,2508.4
R0060,A,70,1,0,1,1860.1,151.0,0.0,2011.1
R0061,A,68,1,0,1,559.7,2957.0,3476.1,6992.8
R0062,A,65,1,3,1,1828.1,1220.4,198.9,3247.4
R0063,A,60,1,1,0,1906.3,201.0,248.4,2355.7
R0064,A,65,1,2,1,915.1,1543.5,121.9,2580.5
R0065,B,72,0,1,1,659.5,948.9,2862.2,4470.6
R0066,B,73,1,0,1,478.8,84.4,3180.2,3743.4
R0067,A,49,1,1,1,1852.8,652.0,945.9,3450.7
R0068,A,67,1,2,0,170.8,1726.4,1552.3,3449.5
R0069,B,67,0,2,0,955.6,687.0,454.1,2096.7
R0070,A,57,1,2,1,1676.6,1009.0,496.9,3182.5
R0071,A,67,1,0,1,181.3,924.9,520.0,1626.2
R0072,B,60,1,1,0,1191.2,141.7,340.3,1673.2
R0073,B,78,0,0,0,278.1,86.8,0.0,364.9
R0074,A,67,1,1,0,2117.8,305.3,0.0,2423.1
R0075,B,59,0,0,1,1355.5,124.3,0.0,1479.8
R0076,B,63,0,0,0,347.6,33.5,130.5,511.6
R0077,B,61,1,3,1,528.0,1335.8,319.6,2183.4
R0078,A,57,1,2,0,2190.1,401.9,0.0,2592.0
R0079,A,52,1,0,1,2202.4,221.4,73.3,2497.1
R0080,B,78,1,5,1,1281.8,1136.3,1460.8,3878.9
R0081,B,88,1,2,1,881.3,180.6,1249.0,2310.9
R0082,B,84,1,4,1,1436.8,89.5,223.6,1749.9
R0083,B,59,1,3,0,1147.8,346.2,356.6,1850.6
R0084,B,75,1,2,1,587.6,41.6,1305.5,1934.7
R0085,B,60,0,0,1,107.9,1035.5,2564.8,3708.2
R0086,B,74,1,0,1,115.9,4.0,1636.5,1756.4
R0087,B,45,1,0,1,306.8,767.1,0.0,1073.9
R0088,A,60,1,0,1,2208.3,99.5,0.0,2307.8
R0089,B,59,1,1,1,1035.8,411.3,0.0,1447.1
R0090,B,66,1,1,1,718.1,1383.1,1452.8,3554.0
R0091,B,66,1,2,1,1039.0,498.0,304.4,1841.4
R0092,A,78,1,2,1,1485.3,549.6,1727.7,3762.6
R0093,B,59,0,3,1,113.6,418.1,948.0,1479.7
R0094,A,60,0,0,0,2232.1,133.8,0.0,2365.9
R0095,A,58,1,0,1,2178.3,100.3,0.0,2278.6
R0096,B,55,1,2,1,119.2,3487.3,521.0,4127.5
R0097,B,67,0,3,0,109.5,1333.6,324.3,1767.4
R0098,A,53,1,1,0,2144.2,358.7,0.0,2502.9
R0099,A,57,0,0,0,1972.2,308.6,0.0,2280.8
R0100,B,68,0,0,0,927.8,435.2,1526.9,2889.9
R0101,B,69,0,0,1,1392.4,164.7,0.0,1557.1
R0102,A,60,1,0,1,1727.1,112.6,704.6,2544.3
R0103,A,55,0,0,1,992.7,171.0,231.4,1395.1
R0104,B,67,1,1,0,1303.7,398.7,221.8,1924.2
R0105,B,53,1,2,1,337.6,912.2,727.8,1977.6
R0106,A,64,1,1,1,2173.4,280.6,0.0,2454.0
R0107,B,76,1,0,1,393.6,92.6,1136.5,1622.7
R0108,B,77,1,1,0,188.6,1770.4,2378.3,4337.3
R0109,B,76,0,6,1,465.9,189.2,1716.9,2372.0
R0110,A,53,1,1,1,2208.1,509.5,0.0,2717.6
R0111,B,74,1,3,1,105.5,129.0,0.0,234.5
R0112,A,55,1,0,1,505.1,726.6,481.4,1713.1
R0113,B,71,1,1,0,698.5,103.7,1231.3,2033.5
R0114,B,62,0,3,1,1175.6,215.8,480.6,1872.0
R0115,B,55,1,1,1,1381.3,294.8,0.0,1676.1
R0116,B,65,1,3,1,583.9,52.0,705.5,1341.4
R0117,B,88,1,2,1,110.8,904.4,1029.7,2044.9
R0118,A,50,0,2,1,2113.9,309.1,0.0,2423.0
R0119,B,61,0,1,1,1379.8,238.5,396.6,2014.9
R0120,B,66,1,1,1,1006.6,438.9,0.0,1445.5
R0121,A,54,1,0,1,1963.2,193.9,825.2,2982.3
R0122,B,67,1,2,0,284.4,1671.0,1708.1,3663.5
R0123,B,53,1,1,1,346.6,57.3,139.2,543.1
R0124,A,61,1,1,1,359.3,1233.5,0.0,1592.8
R0125,A,77,0,3,0,1469.7,874.0,452.6,2796.3
R0126,B,60,0,0,1,816.9,972.4,2333.0,4122.3
R0127,A,69,1,1,0,2249.6,231.4,242.2,2723.2
R0128,A,70,1,3,1,2189.1,297.7,0.0,2486.8
R0129,A,67,1,0,1,1789.9,109.1,0.0,1899.0
R0130,A,52,1,0,0,1903.0,128.9,0.0,2031.9
R0131,A,73,1,2,1,563.7,103.7,0.0,667.4
R0132,B,61,1,2,1,921.4,722.0,0.0,1643.4
R0133,B,73,1,2,1,583.4,129.8,309.9,1023.1
R0134,B,60,0,2,0,274.9,1809.4,3336.0,5420.3
R0135,A,52,1,1,1,1355.0,61.2,678.8,2095.0
R0136,A,47,1,0,0,1564.6,324.6,0.0,1889.2
R0137,B,61,0,2,1,575.6,1327.9,597.7,2501.2
R0138,A,61,1,2,1,1603.7,199.5,0.0,1803.2
R0139,B,73,0,4,0,224.8,153.6,520.4,898.8
R0140,B,65,1,0,1,1345.8,409.9,0.0,1755.7
R0141,B,72,1,2,0,1430.5,458.5,0.0,1889.0
R0142,B,54,1,1,0,1429.5,194.0,382.2,2005.7
R0143,B,62,1,0,1,215.4,988.8,1189.5,2393.7
R0144,A,61,1,1,1,2211.7,404.8,0.0,2616.5
R0145,B,53,1,2,0,1296.2,620.5,0.0,1916.7
R0146,B,57,1,1,0,1397.6,259.9,315.6,1973.1
R0147,B,67,1,4,1,1165.6,261.0,2905.0,4331.6
R0148,A,44,0,1,1,1904.6,246.6,0.0,2151.2
R0149,B,63,1,1,1,1409.8,412.2,0.0,1822.0
R0150,B,59,0,0,0,1421.2,152.1,0.0,1573.3
R0151,B,58,1,1,0,585.6,1829.0,5352.6,7767.2
R0152,B,71,0,0,0,1184.2,720.5,0.0,1904.7
R0153,B,62,1,4,0,1411.3,290.1,162.2,1863.6
R0154,B,67,0,1,1,239.7,1349.0,1504.8,3093.5
R0155,A,51,1,0,0,1797.8,711.3,0.0,2509.1
R0156,A,56,0,1,1,330.6,25.4,0.0,356.0
R0157,B,79,1,1,0,1042.1,190.3,1786.9,3019.3
R0158,A,66,0,3,1,2239.5,391.2,0.0,2630.7
R0159,B,61,0,2,0,117.5,6.9,1019.9,1144.3
R0160,B,76,0,3,0,687.3,3613.1,0.0,4300.4
R0161,A,60,0,0,1,2270.5,236.8,407.5,2914.8
R0162,A,52,0,0,0,2122.0,464.1,585.8,3171.9
R0163,B,66,0,1,1,845.1,898.4,1684.9,3428.4
R0164,B,55,1,1,0,1302.5,224.0,0.0,1526.5
R0165,B,76,1,2,0,1370.0,173.8,357.1,1900.9
R0166,A,57,0,1,0,2250.0,265.6,0.0,2515.6
R0167,B,60,1,0,1,117.1,1030.9,1332.0,2480.0
R0168,B,69,1,2,1,1375.6,212.9,0.0,1588.5
R0169,B,64,0,1,1,107.7,6.4,924.9,1039.0
R0170,B,81,1,1,1,1428.1,159.6,0.0,1587.7
R0171,B,46,1,1,1,342.6,1302.4,0.0,1645.0
R0172,B,54,1,2,1,119.4,1783.0,3229.6,5132.0
R0173,A,57,0,0,0,1980.8,374.7,0.0,2355.5
R0174,B,69,1,1,1,585.3,929.0,517.3,2031.6
R0175,A,78,0,2,0,167.5,2457.6,2729.3,5354.4
R0176,B,74,0,2,0,794.0,697.9,184.5,1676.4
R0177,B,71,1,3,0,1433.9,245.5,0.0,1679.4
R0178,A,64,1,1,1,1657.6,436.7,0.0,2094.3
R0179,B,59,1,2,1,457.7,1076.0,305.5,1839.2
R0180,B,62,1,2,1,1115.5,496.6,364.9,1977.0
R0181,A,72,1,2,1,2155.9,188.6,777.4,3121.9
R0182,B,64,1,0,0,201.9,757.8,2496.0,3455.7
R0183,B,67,1,1,0,1296.1,114.5,0.0,1410.6
R0184,B,51,1,1,0,534.3,346.2,0.0,880.5
R0185,B,72,1,2,1,1247.8,395.1,95.3,1738.2
R0186,A,67,1,2,1,372.9,674.0,1781.6,2828.5
R0187,B,82,1,2,1,342.3,1177.1,735.4,2254.8
R0188,A,55,1,0,0,2239.2,242.5,0.0,2481.7
R0189,A,66,1,1,1,2230.5,59.4,0.0,2289.9
R0190,A,65,1,1,0,2105.8,111.0,173.8,2390.6
R0191,B,61,1,3,0,472.0,2408.8,4363.8,7244.6
R0192,A,57,0,0,1,1214.3,221.2,0.0,1435.5
R0193,B,70,1,5,0,896.9,289.2,1390.3,2576.4
R0194,B,71,0,2,0,318.2,1214.6,0.0,1532.8
R0195,A,57,0,1,0,1689.2,558.9,0.0,2248.1
R0196,B,79,1,6,1,552.2,721.1,1673.5,2946.8
R0197,B,74,1,0,1,469.1,605.0,461.1,1535.2
R0198,B,71,1,1,1,1402.9,264.6,239.4,1906.9
R0199,B,59,1,3,1,206.2,413.0,465.8,1085.0
R0200,A,63,1,2,1,2242.4,295.1,727.6,3265.1
R0201,A,63,0,0,0,2078.2,401.1,330.4,2809.7
R0202,B,54,1,0,1,1393.4,143.3,0.0,1536.7
R0203,A,66,1,2,1,1686.5,271.1,1365.7,3323.3
R0204,B,61,1,0,1,461.2,365.6,784.0,1610.8
R0205,B,81,0,1,1,1170.4,397.7,0.0,1568.1
R0206,B,65,1,0,1,1282.0,168.9,0.0,1450.9
R0207,B,58,1,0,1,959.5,135.2,524.7,1619.4
R0208,B,71,1,2,0,1346.0,232.3,375.7,1954.0
R0209,B,76,1,0,0,109.6,1522.6,0.0,1632.2
R0210,B,59,0,1,0,1113.2,249.6,278.0,1640.8
R0211,A,63,1,2,1,2171.1,310.8,0.0,2481.9
R0212,B,62,0,0,0,1353.8,67.8,156.9,1578.5
R0213,A,60,0,1,1,2223.9,406.1,555.8,3185.8
R0214,A,61,1,2,0,1326.1,279.5,0.0,1605.6
R0215,B,60,1,1,0,1419.1,364.9,681.8,2465.8
R0216,B,61,1,4,1,109.4,875.2,3171.1,4155.7
R0217,B,70,1,1,1,235.7,24.7,287.2,547.6
R0218,B,66,0,1,1,572.6,894.1,67.4,1534.1
R0219,B,80,1,2,1,314.2,1281.6,2066.6,3662.4
R0220,B,62,1,1,1,591.2,540.3,153.1,1284.6
R0221,A,66,1,1,0,2213.1,281.0,0.0,2494.1
R0222,A,63,0,0,1,2161.5,66.6,0.0,2228.1
R0223,A,58,1,0,1,1124.6,113.1,221.4,1459.1
R0224,B,67,0,1,0,461.5,1196.7,0.0,1658.2
R0225,B,66,1,0,1,114.1,370.8,1845.7,2330.6
R0226,B,65,1,0,1,1349.2,110.6,0.0,1459.8
R0227,B,75,1,1,1,598.2,605.2,1085.0,2288.4
R0228,A,57,0,0,0,1808.9,92.5,0.0,1901.4
R0229,A,58,1,2,1,1822.4,252.7,108.4,2183.5
R0230,B,61,0,1,1,220.9,1956.7,228.0,2405.6
R0231,B,52,1,1,0,239.2,1639.2,2103.2,3981.6
R0232,B,73,1,5,0,1305.6,357.1,0.0,1662.7
R0233,B,58,1,1,0,1284.8,136.0,0.0,1420.8
R0234,A,59,0,0,1,1881.8,145.5,0.0,2027.3
R0235,B,61,1,2,1,223.6,2181.8,0.0,2405.4
R0236,A,61,1,2,1,2245.1,393.3,798.7,3437.1
R0237,B,62,1,2,1,1194.4,866.2,0.0,2060.6
R0238,B,51,1,1,1,582.3,1695.6,131.7,2409.6
R0239,B,71,1,2,1,835.4,110.9,137.0,1083.3
R0240,A,78,1,2,1,142.2,1988.0,1359.0,3489.2
R0241,B,68,1,2,1,345.7,1104.3,1639.9,3089.9
R0242,B,61,1,1,1,233.9,1791.4,1319.4,3344.7
R0243,B,56,1,1,1,706.8,957.1,0.0,1663.9
R0244,B,76,0,3,1,118.6,27.3,808.0,953.9
R0245,B,67,1,0,1,356.4,1683.7,308.4,2348.5
R0246,B,53,1,0,1,1439.6,348.4,0.0,1788.0
R0247,B,59,1,2,0,1370.6,164.2,0.0,1534.8
R0248,B,65,0,2,0,1293.5,508.0,1199.2,3000.7
R0249,A,66,1,1,0,716.7,120.8,687.3,1524.8
R0250,A,70,1,1,1,1414.0,186.4,0.0,1600.4
R0251,B,78,1,0,1,697.4,419.5,379.2,1496.1
R0252,A,74,1,2,0,1788.4,110.2,471.2,2369.8
R0253,B,68,1,1,1,1178.9,222.1,6929.6,8330.6
R0254,B,64,1,2,0,593.8,1292.3,260.9,2147.0
R0255,A,62,1,1,1,1919.1,613.7,0.0,2532.8
R0256,A,63,0,0,1,158.7,563.7,331.4,1053.8
R0257,B,83,0,5,0,226.0,45.6,592.9,864.5
R0258,B,71,1,1,0,1304.0,562.1,0.0,1866.1
R0259,A,43,1,1,0,1673.3,252.5,377.3,2303.1
R0260,A,72,0,0,1,722.5,1804.3,0.0,2526.8
R0261,B,80,1,2,1,850.2,266.4,1165.3,2281.9
R0262,B,64,0,1,0,1416.5,284.0,245.3,1945.8
R0263,B,69,1,1,1,870.1,554.0,0.0,1424.1
R0264,A,72,0,2,1,1904.1,350.3,0.0,2254.4
R0265,B,70,0,2,1,331.8,2164.2,189.4,2685.4
R0266,A,62,1,0,0,2044.4,316.2,0.0,2360.6
R0267,B,67,1,3,1,1141.0,586.3,0.0,1727.3
R0268,B,55,1,1,1,1416.2,149.0,0.0,1565.2
R0269,A,55,1,2,0,369.8,56.6,0.0,426.4
R0270,A,51,0,0,1,1895.7,219.9,316.5,2432.1
R0271,A,66,1,2,1,1298.3,781.6,1185.1,3265.0
R0272,A,46,0,0,0,2150.3,132.3,0.0,2282.6
R0273,A,59,1,1,0,2170.1,385.0,0.0,2555.1
R0274,A,56,1,0,0,1959.5,362.7,1640.9,3963.1
R0275,B,59,1,1,1,770.9,697.4,2696.9,4165.2
R0276,B,69,1,1,0,1048.4,339.8,0.0,1388.2
R0277,B,58,0,2,0,1438.8,383.2,0.0,1822.0
R0278,A,64,1,2,1,341.0,1771.9,402.2,2515.1
R0279,A,57,0,0,1,521.8,949.8,0.0,1471.6
R0280,B,64,1,1,0,118.8,1474.7,2856.5,4450.0
R0281,B,72,1,4,0,1064.9,2110.0,0.0,3174.9
R0282,B,63,1,0,1,1130.2,207.5,261.5,1599.2
R0283,B,71,1,2,0,755.8,1190.9,0.0,1946.7
R0284,B,62,1,1,1,1380.1,373.8,0.0,1753.9
R0285,B,68,1,1,1,1043.2,620.6,233.6,1897.4
R0286,A,75,1,2,1,316.1,1163.5,2136.5,3616.1
R0287,A,66,0,1,1,516.1,1128.1,358.6,2002.8
R0288,B,57,0,3,0,295.1,1299.6,1428.7,3023.4
R0289,B,53,0,3,1,118.8,1832.3,2698.2,4649.3
R0290,A,88,1,0,0,2181.1,190.2,0.0,2371.3
R0291,B,55,0,2,0,957.2,1706.0,1452.9,4116.1
R0292,B,60,1,0,0,1217.4,182.9,0.0,1400.3
R0293,B,65,1,4,0,1320.6,509.7,0.0,1830.3
R0294,B,59,0,2,1,468.8,89.7,481.7,1040.2
R0295,B,51,1,0,1,885.3,401.1,796.3,2082.7
R0296,B,69,0,3,0,1261.9,365.1,0.0,1627.0
R0297,B,77,1,3,1,663.6,1182.6,937.6,2783.8
R0298,B,55,0,0,1,1364.3,162.9,0.0,1527.2
R0299,A,57,1,0,1,2268.9,144.9,244.8,2658.6
R0300,B,59,0,0,1,1158.8,320.4,543.9,2023.1
R0301,A,58,1,0,0,1460.7,162.8,153.6,1777.1
R0302,A,78,0,1,0,2147.9,243.6,0.0,2391.5
R0303,B,58,1,0,1,918.5,126.6,9232.2,10277.3
R0304,A,66,0,2,0,2103.4,574.6,0.0,2678.0
R0305,B,57,1,0,0,714.4,796.7,0.0,1511.1
R0306,A,67,0,1,0,908.7,97.7,468.2,1474.6
R0307,A,58,1,0,0,170.7,800.1,2008.4,2979.2
R0308,B,69,1,1,1,116.2,1903.2,5169.5,7188.9
R0309,B,68,0,2,1,357.4,111.9,681.9,1151.2
R0310,B,64,1,2,1,396.6,63.2,196.1,655.9
R0311,B,75,1,3,0,449.7,872.1,2994.4,4316.2
R0312,B,58,1,1,1,1417.0,252.4,0.0,1669.4
R0313,B,70,1,3,0,1327.8,189.2,0.0,1517.0
R0314,A,66,1,0,1,553.9,47.1,221.1,822.1
R0315,B,68,1,4,1,268.0,934.6,997.0,2199.6
R0316,A,73,0,0,1,1592.2,545.7,0.0,2137.9
R0317,B,69,0,4,0,753.7,214.8,1362.1,2330.6
R0318,B,57,1,1,0,627.3,1051.1,0.0,1678.4
R0319,B,72,1,0,0,1228.8,276.7,556.8,2062.3
R0320,B,61,0,3,0,1382.7,247.7,271.3,1901.7
R0321,B,82,1,4,1,1408.8,328.9,0.0,1737.7
R0322,A,71,1,2,1,2180.3,178.4,0.0,2358.7
R0323,A,50,0,1,1,2163.8,163.3,0.0,2327.1
R0324,B,69,1,1,1,87.5,1396.2,1483.4,2967.1
R0325,A,72,0,2,0,2240.3,361.9,0.0,2602.2
R0326,B,63,0,1,0,1411.8,391.8,143.1,1946.7
R0327,B,66,1,1,0,1332.5,384.3,0.0,1716.8
R0328,B,85,1,4,0,717.5,2233.4,2749.1,5700.0
R0329,B,75,1,0,0,1328.2,241.2,0.0,1569.4
R0330,B,72,1,0,1,1429.9,190.2,0.0,1620.1
R0331,B,64,0,0,1,1004.0,238.3,0.0,1242.3
R0332,B,73,0,1,1,1354.5,278.7,147.4,1780.6
R0333,A,57,0,2,0,2107.8,103.8,0.0,2211.6
R0334,A,58,1,0,1,2192.2,194.7,0.0,2386.9
R0335,B,49,1,4,1,446.0,163.0,2634.2,3243.2
R0336,B,71,1,0,1,358.2,1470.4,2606.8,4435.4
R0337,B,67,1,4,1,1217.7,473.4,144.5,1835.6
R0338,B,62,1,0,1,591.0,517.5,1404.8,2513.3
R0339,B,64,0,0,1,508.4,46.5,408.4,963.3
R0340,A,67,1,2,1,702.4,1093.8,1976.9,3773.1
R0341,A,71,1,1,0,1945.6,503.3,479.9,2928.8
R0342,B,71,1,1,1,1396.7,117.8,452.5,1967.0
R0343,B,85,0,2,0,119.5,1360.5,658.2,2138.2
R0344,B,64,0,0,0,1369.6,65.9,0.0,1435.5
R0345,B,63,1,1,1,1325.4,158.6,0.0,1484.0
R0346,A,60,0,2,1,1648.0,591.0,0.0,2239.0
R0347,B,53,0,2,1,1289.1,166.4,0.0,1455.5
R0348,B,69,1,4,0,189.1,37.6,226.0,452.7
R0349,B,83,1,3,0,467.2,74.5,1057.0,1598.7
R0350,B,84,1,1,0,1206.0,638.5,111.8,1956.3
R0351,B,65,1,1,1,914.7,302.8,2038.7,3256.2
R0352,A,47,1,0,1,1434.4,893.5,0.0,2327.9
R0353,B,81,0,1,1,959.4,324.1,250.4,1533.9
R0354,B,59,0,2,1,804.5,273.7,0.0,1078.2
R0355,B,51,1,1,1,1222.6,151.9,160.2,1534.7
R0356,B,76,1,3,1,291.1,1557.0,91.8,1939.9
R0357,B,64,1,1,1,1330.3,111.8,0.0,1442.1
R0358,B,62,1,0,0,99.1,1982.7,3725.1,5806.9
R0359,A,54,1,2,1,2140.2,134.0,0.0,2274.2
R0360,A,59,1,1,1,1680.2,654.5,433.2,2767.9
R0361,A,56,0,0,1,1002.5,501.8,296.5,1800.8
R0362,A,59,1,2,1,1279.7,843.2,419.1,2542.0
R0363,A,60,1,0,1,1818.5,308.5,1096.6,3223.6
R0364,A,63,0,0,1,2141.7,184.9,216.9,2543.5
R0365,A,59,0,1,1,2231.1,207.4,270.6,2709.1
R0366,B,68,1,2,1,900.5,903.3,0.0,1803.8
R0367,A,82,0,2,1,2050.2,71.6,374.7,2496.5
R0368,B,75,0,3,0,468.3,333.7,2627.5,3429.5
R0369,A,71,1,2,1,2148.6,307.3,1714.2,4170.1
R0370,B,56,1,1,0,414.0,57.2,367.1,838.3
R0371,B,74,1,1,1,235.3,37.8,453.0,726.1
R0372,B,83,0,2,0,1282.5,303.6,424.0,2010.1
R0373,A,51,1,1,0,1481.5,96.6,473.3,2051.4
R0374,A,54,1,1,1,2131.0,431.5,426.7,2989.2
R0375,B,63,0,1,1,113.8,3314.7,1006.8,4435.3
R0376,B,66,1,3,0,1262.5,565.5,247.4,2075.4
R0377,B,65,1,1,1,1364.4,330.6,0.0,1695.0
R0378,A,62,1,2,0,2160.2,413.7,101.6,2675.5
R0379,B,69,1,1,1,113.7,0.2,48.0,161.9
R0380,B,57,1,4,1,207.5,40.1,320.9,568.5
R0381,B,63,0,2,1,346.0,616.2,34.6,996.8
R0382,B,70,0,1,0,111.8,1474.9,1109.2,2695.9
R0383,A,49,1,0,1,2120.6,412.4,0.0,2533.0
R0384,A,73,1,1,1,170.6,30.2,0.0,200.8
R0385,B,61,1,2,1,97.4,738.3,2890.3,3726.0
R0386,A,55,1,2,1,834.7,7.9,392.0,1234.6
R0387,A,46,1,2,0,325.3,6061.9,488.9,6876.1
R0388,A,70,1,2,1,2254.6,330.6,0.0,2585.2
R0389,B,56,1,2,0,466.2,3131.8,302.0,3900.0
R0390,B,79,0,0,0,1351.7,216.8,0.0,1568.5
R0391,B,83,1,3,0,1115.1,474.8,1045.2,2635.1
R0392,A,63,0,1,1,1703.7,158.6,129.4,1991.7
R0393,A,70,1,2,0,1246.8,35.5,2223.8,3506.1
R0394,B,73,1,2,1,1258.4,423.2,0.0,1681.6
R0395,A,44,1,0,1,2163.3,239.1,0.0,2402.4
R0396,A,57,1,0,0,2211.3,202.1,0.0,2413.4
R0397,B,67,1,0,0,1019.2,474.9,0.0,1494.1
R0398,A,56,1,1,0,2139.8,253.0,0.0,2392.8
R0399,A,77,1,0,1,1924.1,146.7,0.0,2070.8
R0400,B,68,1,3,1,226.0,1320.2,628.4,2174.6
R0401,B,64,0,4,1,1349.3,366.6,0.0,1715.9
R0402,B,85,1,4,0,706.1,1832.5,6864.4,9403.0
R0403,B,58,1,1,1,306.9,2043.4,767.2,3117.5
R0404,A,64,1,1,1,2034.3,370.3,0.0,2404.6
R0405,A,55,1,1,0,1895.6,205.9,3122.4,5223.9
R0406,B,70,0,2,1,85.4,2323.0,133.8,2542.2
R0407,A,72,1,1,0,1853.9,240.2,0.0,2094.1
R0408,B,57,0,5,1,1076.1,251.7,80.6,1408.4
R0409,B,64,1,0,1,106.7,826.1,480.4,1413.2
R0410,B,68,0,1,1,452.5,808.0,0.0,1260.5
R0411,B,63,1,1,0,85.2,1207.3,769.5,2062.0
R0412,B,66,1,1,0,787.2,323.3,721.2,1831.7
R0413,B,65,1,2,0,1391.5,102.6,0.0,1494.1
R0414,B,69,1,1,1,110.9,8.8,5499.1,5618.8
R0415,B,55,0,1,1,333.4,971.9,324.1,1629.4
R0416,B,73,0,1,1,930.6,553.7,573.1,2057.4
R0417,B,66,0,2,1,1206.9,292.2,0.0,1499.1
R0418,B,70,1,1,1,596.0,745.4,263.5,1604.9
R0419,A,60,1,0,0,1104.5,414.0,869.6,2388.1
R0420,B,73,1,1,0,1436.7,91.0,88.5,1616.2
R0421,B,78,1,1,0,1423.4,110.6,285.0,1819.0
R0422,B,60,0,2,0,870.6,1080.5,133.7,2084.8
R0423,A,46,1,1,1,1724.1,482.8,0.0,2206.9
R0424,B,73,0,4,1,1410.2,667.4,0.0,2077.6
R0425,A,56,1,0,0,1514.2,191.1,1671.7,3377.0
R0426,A,59,1,1,1,567.2,29.2,129.3,725.7
R0427,A,58,1,3,0,2158.5,661.7,0.0,2820.2
R0428,B,72,1,1,0,682.1,1012.9,2273.5,3968.5
R0429,B,70,1,1,1,1201.0,311.9,0.0,1512.9
R0430,A,61,1,0,1,2218.0,430.5,0.0,2648.5
R0431,B,61,1,2,1,356.5,2587.4,1687.7,4631.6
R0432,A,77,0,2,1,1091.2,165.5,120.7,1377.4
R0433,A,55,1,1,0,2187.3,209.7,0.0,2397.0
R0434,A,73,0,3,0,2240.4,522.5,404.4,3167.3
R0435,A,55,0,1,1,2075.4,397.4,0.0,2472.8
R0436,B,71,1,1,1,216.4,4399.4,0.0,4615.8
R0437,B,67,1,0,1,1335.8,196.9,0.0,1532.7
R0438,A,71,0,1,0,1748.3,420.5,378.1,2546.9
R0439,B,75,1,1,0,1188.8,106.4,426.9,1722.1
R0440,A,57,1,0,1,181.8,1801.9,5528.5,7512.2
R0441,A,73,0,1,1,616.7,1021.2,0.0,1637.9
R0442,A,64,1,1,0,559.0,50.5,0.0,609.5
R0443,A,65,1,1,1,413.7,988.7,705.8,2108.2
R0444,B,52,1,4,1,113.0,6307.7,4131.0,10551.7
R0445,A,68,0,0,1,2256.0,234.2,0.0,2490.2
R0446,B,49,1,2,1,1299.0,360.6,530.4,2190.0
R0447,B,65,0,0,1,116.0,342.3,863.2,1321.5
R0448,A,54,0,1,0,2052.2,411.5,0.0,2463.7
R0449,B,61,1,1,0,926.2,572.9,1790.6,3289.7
R0450,A,42,1,1,0,2208.9,129.2,0.0,2338.1
R0451,A,73,1,0,1,2196.2,124.2,0.0,2320.4
R0452,B,81,1,6,1,94.4,18.7,1084.2,1197.3
R0453,B,67,0,2,0,219.2,995.1,1786.9,3001.2
R0454,B,54,1,1,1,790.0,475.5,706.4,1971.9
R0455,B,68,1,2,1,343.1,1116.3,745.0,2204.4
R0456,A,77,0,4,1,1354.9,296.1,880.7,2531.7
R0457,B,60,1,1,1,234.7,424.7,998.7,1658.1
R0458,A,64,1,3,0,828.2,839.2,1028.6,2696.0
R0459,B,67,0,4,0,547.1,130.8,1984.0,2661.9
R0460,B,67,1,4,1,1369.0,857.1,37.7,2263.8
R0461,B,69,1,0,1,420.0,972.3,4658.9,6051.2
R0462,A,51,1,0,0,2138.5,154.5,0.0,2293.0
R0463,A,56,1,0,1,1719.2,857.2,256.1,2832.5
R0464,A,72,1,0,1,1085.7,276.6,0.0,1362.3
R0465,A,66,0,0,1,497.3,1206.6,1766.0,3469.9
R0466,B,78,1,3,1,1301.1,401.0,1448.8,3150.9
R0467,A,45,1,0,0,2141.4,91.7,0.0,2233.1
R0468,A,55,1,1,0,2065.7,367.2,0.0,2432.9
R0469,B,83,1,3,1,182.3,190.4,1880.9,2253.6
R0470,A,57,1,1,1,2232.0,80.3,234.1,2546.4
R0471,A,79,1,2,1,894.8,616.0,1250.9,2761.7
R0472,A,71,0,2,1,1650.3,1137.0,0.0,2787.3
R0473,B,64,1,1,1,238.5,1012.4,1632.9,2883.8
R0474,A,65,0,1,1,2077.6,281.9,0.0,2359.5
R0475,B,59,1,0,1,870.9,391.9,0.0,1262.8
R0476,B,63,1,2,0,1402.7,420.6,0.0,1823.3
R0477,B,60,1,2,1,703.9,701.6,0.0,1405.5
R0478,A,72,1,0,0,1954.9,312.4,267.9,2535.2
R0479,B,67,0,3,1,1394.0,351.7,0.0,1745.7
R0480,B,70,1,4,1,159.3,995.2,206.7,1361.2
R0481,B,62,0,3,1,109.4,602.9,6362.7,7075.0
R0482,B,67,0,2,0,1380.4,490.3,235.5,2106.2
R0483,A,56,1,0,1,1672.7,430.0,0.0,2102.7
R0484,B,44,1,3,1,220.2,89.4,1220.8,1530.4
R0485,B,47,1,0,0,1328.2,301.5,0.0,1629.7
R0486,A,52,0,1,1,1320.5,683.0,3004.9,5008.4
R0487,B,56,1,2,1,321.5,809.4,1320.9,2451.8
R0488,B,61,1,1,1,697.5,483.2,0.0,1180.7
R0489,B,70,0,2,0,1197.6,538.5,0.0,1736.1
R0490,B,69,1,2,1,904.5,148.1,513.6,1566.2
R0491,B,66,1,2,1,1314.2,407.0,0.0,1721.2
R0492,B,80,1,1,0,1061.4,187.2,946.8,2195.4
R0493,B,65,1,0,1,798.1,527.2,1289.9,2615.2
R0494,A,65,0,1,0,188.4,1221.4,0.0,1409.8
R0495,B,73,1,1,1,1159.6,406.3,0.0,1565.9
R0496,A,53,1,2,1,178.5,1293.0,4117.6,5589.1
R0497,B,70,1,3,1,1325.0,360.9,0.0,1685.9
R0498,A,59,0,0,1,2052.8,303.4,734.0,3090.2
R0499,A,79,0,3,1,1320.3,85.3,136.9,1542.5
R0500,A,68,1,0,1,1783.1,155.5,0.0,1938.6
R0501,B,63,1,1,1,197.8,265.0,808.0,1270.8
R0502,B,73,1,1,1,571.6,937.6,1428.7,2937.9
R0503,A,43,1,0,0,1488.9,476.0,1021.5,2986.4
R0504,A,88,1,0,1,2234.9,180.6,578.6,2994.1
R0505,B,74,1,2,1,213.7,23.1,961.5,1198.3
R0506,A,59,0,1,1,1808.2,355.6,764.1,2927.9
R0507,B,51,1,1,1,1408.7,208.2,0.0,1616.9
R0508,B,62,1,1,0,235.0,878.5,260.1,1373.6
R0509,A,52,1,0,1,373.6,160.9,177.5,712.0
R0510,B,76,1,1,1,1284.1,336.0,323.0,1943.1
R0511,A,53,0,1,0,556.0,51.0,465.4,1072.4
R0512,A,52,1,1,1,2100.3,141.6,0.0,2241.9
R0513,B,66,1,2,0,230.4,19.0,314.5,563.9
R0514,A,53,1,1,1,2147.0,204.8,0.0,2351.8
R0515,B,79,1,5,1,891.9,1742.3,0.0,2634.2
R0516,B,65,1,1,0,454.1,1524.5,0.0,1978.6
R0517,B,77,1,1,1,583.9,144.1,438.7,1166.7
R0518,B,71,1,0,1,1251.7,235.5,0.0,1487.2
R0519,A,47,1,1,0,729.4,1364.1,0.0,2093.5
R0520,B,54,0,5,0,908.9,1194.9,218.2,2322.0
R0521,B,69,0,3,1,985.4,187.6,362.3,1535.3
R0522,B,67,0,4,1,328.5,2206.8,2995.0,5530.3
R0523,A,69,1,0,1,2272.1,187.7,0.0,2459.8
R0524,A,67,0,2,0,1825.7,561.1,0.0,2386.8
R0525,B,74,1,0,0,1406.1,133.4,0.0,1539.5
R0526,A,63,0,2,1,1934.6,259.2,0.0,2193.8
R0527,B,88,1,2,1,1409.1,228.1,1267.3,2904.5
R0528,B,71,1,2,1,1179.2,706.7,0.0,1885.9
R0529,A,71,1,1,0,1796.2,274.2,441.7,2512.1
R0530,B,82,0,1,1,1156.0,391.2,2197.7,3744.9
R0531,A,63,1,2,1,2065.9,149.7,911.2,3126.8
R0532,A,47,0,0,0,1243.1,1075.8,0.0,2318.9
R0533,A,62,1,0,0,1662.0,502.5,1011.8,3176.3
R0534,A,66,1,2,0,1926.8,505.0,239.3,2671.1
R0535,B,68,1,1,1,700.9,489.2,401.0,1591.1
R0536,B,68,1,4,1,438.0,317.5,570.7,1326.2
R0537,B,59,1,0,0,1364.3,111.5,0.0,1475.8
R0538,B,59,1,0,1,1311.6,118.1,0.0,1429.7
R0539,B,58,0,1,1,1405.8,154.2,952.4,2512.4
R0540,B,73,1,1,1,351.4,1059.6,356.0,1767.0
R0541,B,62,0,1,1,1029.5,124.1,0.0,1153.6
R0542,B,67,1,3,1,1254.7,242.5,0.0,1497.2
R0543,A,59,0,0,0,1964.9,205.2,0.0,2170.1
R0544,B,72,1,1,0,1257.3,292.3,0.0,1549.6
R0545,B,60,1,0,1,673.4,770.5,443.2,1887.1
R0546,A,71,1,3,0,2227.3,334.3,0.0,2561.6
R0547,B,40,0,0,0,917.2,456.1,0.0,1373.3
R0548,B,58,0,1,1,435.0,824.7,284.6,1544.3
R0549,A,57,1,0,1,2043.5,191.0,0.0,2234.5
R0550,B,57,1,0,1,119.4,1007.3,198.1,1324.8
R0551,B,65,0,1,1,1436.7,558.5,0.0,1995.2
R0552,B,71,1,5,1,718.0,946.1,0.0,1664.1
R0553,B,76,1,4,0,114.2,2892.4,1951.6,4958.2
R0554,A,54,1,0,1,2111.5,308.0,0.0,2419.5
R0555,B,81,1,5,1,1415.2,704.5,859.6,2979.3
R0556,B,58,1,0,1,1392.7,255.4,0.0,1648.1
R0557,B,71,1,2,0,355.9,906.3,1354.6,2616.8
R0558,B,73,1,4,1,1053.9,1003.3,411.6,2468.8
R0559,B,76,1,2,1,287.1,43.3,282.6,613.0
R0560,B,55,1,1,0,239.1,22.1,855.3,1116.5
R0561,A,58,1,0,1,2079.4,311.8,0.0,2391.2
R0562,A,66,1,0,1,170.2,927.3,2104.1,3201.6
R0563,A,62,1,2,1,1050.2,1443.3,1251.9,3745.4
R0564,B,59,1,3,1,111.3,153.4,442.8,707.5
R0565,B,68,1,0,1,345.9,116.3,2238.0,2700.2
R0566,A,67,0,1,1,1877.2,453.1,0.0,2330.3
R0567,B,52,1,1,1,1080.7,732.0,132.5,1945.2
R0568,B,76,1,2,1,116.4,1668.2,1080.1,2864.7
R0569,B,73,1,0,0,201.8,993.9,1231.9,2427.6
R0570,B,55,1,3,1,272.2,1686.5,1674.4,3633.1
R0571,B,56,1,0,0,1408.0,441.3,0.0,1849.3
R0572,B,70,1,2,1,118.9,2163.6,336.8,2619.3
R0573,B,70,1,1,1,1055.4,283.3,0.0,1338.7
R0574,B,77,1,0,1,1391.0,459.7,0.0,1850.7
R0575,B,81,0,3,1,408.7,861.3,3487.2,4757.2
R0576,B,79,1,1,0,830.5,464.4,484.0,1778.9
R0577,B,64,1,1,0,1246.2,732.7,0.0,1978.9
R0578,A,63,1,0,1,177.4,6.1,791.5,975.0
R0579,A,50,1,1,1,497.1,759.2,540.6,1796.9
R0580,B,64,1,1,0,323.1,317.5,926.1,1566.7
R0581,B,77,1,4,0,235.7,44.7,1117.8,1398.2
R0582,B,69,1,1,1,930.5,839.7,252.6,2022.8
R0583,A,58,1,1,1,1014.8,608.1,117.2,1740.1
R0584,B,62,1,4,1,237.3,1621.3,2228.1,4086.7
R0585,B,66,1,2,1,482.4,1060.7,0.0,1543.1
R0586,A,60,0,0,1,307.8,1289.1,2167.9,3764.8
R0587,B,61,1,3,1,1429.5,924.4,0.0,2353.9
R0588,A,62,1,0,0,334.1,1632.3,1517.7,3484.1
R0589,B,79,0,1,1,1136.6,154.7,1117.1,2408.4
R0590,A,65,1,3,1,2170.8,273.5,0.0,2444.3
R0591,B,57,0,3,0,428.7,888.6,2673.5,3990.8
R0592,A,61,0,0,1,1272.3,90.7,1318.6,2681.6
R0593,B,51,0,0,0,99.4,1189.0,815.5,2103.9
R0594,A,63,0,0,0,2230.7,251.4,0.0,2482.1
R0595,A,76,1,2,1,1957.0,230.7,257.1,2444.8
R0596,B,50,0,2,1,109.8,1086.6,818.2,2014.6
R0597,B,75,0,2,1,1076.4,566.5,727.1,2370.0
R0598,B,64,1,3,1,1429.1,144.4,0.0,1573.5
R0599,B,61,0,2,1,1432.7,256.2,0.0,1688.9
R0600,B,75,1,2,1,299.6,63.8,186.4,549.8
R0601,B,56,0,1,0,812.6,584.5,116.9,1514.0
R0602,B,82,1,2,1,865.6,309.6,810.0,1985.2
R0603,A,76,0,4,0,735.3,56.3,367.3,1158.9
R0604,B,59,1,1,1,232.9,573.5,113.1,919.5
R0605,A,68,1,1,1,2102.0,196.1,969.1,3267.2
R0606,B,71,1,0,1,1211.8,200.1,0.0,1411.9
R0607,A,69,1,1,0,1854.5,231.6,244.0,2330.1
R0608,B,78,0,4,0,1311.4,830.7,0.0,2142.1
R0609,B,88,1,3,1,392.5,127.4,1075.8,1595.7
R0610,B,70,1,2,0,478.2,140.4,2366.7,2985.3
R0611,B,72,1,0,1,1374.3,284.7,0.0,1659.0
R0612,B,48,1,1,1,688.4,576.5,1480.3,2745.2
R0613,A,49,1,0,1,2212.1,248.3,0.0,2460.4
R0614,B,61,1,1,0,1330.9,116.8,648.2,2095.9
R0615,A,70,0,2,0,2243.1,362.0,0.0,2605.1
R0616,B,69,1,2,1,432.5,496.3,597.2,1526.0
R0617,B,57,1,1,1,591.7,1405.7,1026.3,3023.7
R0618,A,60,1,1,1,354.4,39.2,406.0,799.6
R0619,B,70,0,1,0,950.4,950.5,702.3,2603.2
R0620,A,52,1,1,1,949.5,965.1,1867.5,3782.1
R0621,B,73,1,3,0,352.3,40.0,720.0,1112.3
R0622,B,69,1,3,1,412.7,2083.9,468.8,2965.4
R0623,B,73,1,4,1,601.1,156.1,1272.0,2029.2
R0624,A,54,1,2,0,2254.1,465.9,0.0,2720.0
R0625,B,58,0,3,1,116.6,1112.2,1408.3,2637.1
R0626,B,70,1,2,1,1436.7,284.1,1158.9,2879.7
R0627,A,58,1,2,0,2242.9,128.7,0.0,2371.6
R0628,A,70,0,1,1,2050.9,216.4,162.7,2430.0
R0629,B,63,0,3,1,1046.8,384.7,203.5,1635.0
R0630,A,63,1,1,0,2102.9,181.0,0.0,2283.9
R0631,B,75,0,1,0,875.4,1063.2,684.7,2623.3
R0632,A,45,1,0,1,1761.5,142.9,564.3,2468.7
R0633,A,58,1,0,0,2185.8,126.1,0.0,2311.9
R0634,B,60,1,1,1,1239.7,172.7,321.4,1733.8
R0635,B,65,0,1,1,828.0,781.2,1249.1,2858.3
R0636,B,58,0,1,1,1220.9,197.3,49.1,1467.3
R0637,B,73,1,3,1,692.8,387.4,2557.2,3637.4
R0638,A,57,1,0,0,1385.2,767.7,1083.4,3236.3
R0639,B,71,1,4,1,1207.4,576.0,649.0,2432.4
R0640,B,52,1,0,1,552.4,1157.2,0.0,1709.6
R0641,A,52,0,0,1,746.1,1194.2,0.0,1940.3
R0642,A,57,1,0,0,1300.3,302.2,422.4,2024.9
R0643,A,70,1,2,1,1890.9,105.5,3018.2,5014.6
R0644,B,67,1,0,1,357.1,863.4,2369.7,3590.2
R0645,A,78,1,3,0,347.7,2557.3,9181.6,12086.6
R0646,A,65,0,2,1,748.3,1464.1,2347.9,4560.3
R0647,B,59,0,4,1,1278.2,492.2,0.0,1770.4
R0648,B,62,0,4,1,319.3,775.1,878.9,1973.3
R0649,B,72,1,1,1,116.7,50.4,2211.8,2378.9
R0650,A,65,1,1,0,1707.9,208.8,727.4,2644.1
R0651,B,61,1,1,0,1341.5,188.4,0.0,1529.9
R0652,B,63,0,2,1,476.1,893.5,558.9,1928.5
R0653,B,72,0,1,1,223.9,1600.2,691.4,2515.5
R0654,B,60,1,1,1,1308.6,407.4,0.0,1716.0
R0655,B,73,1,2,1,112.5,1208.1,3414.3,4734.9
R0656,A,60,1,0,1,2206.8,187.1,0.0,2393.9
R0657,B,64,1,1,1,648.0,884.6,0.0,1532.6
R0658,B,67,0,1,1,1240.3,242.9,0.0,1483.2
R0659,B,59,1,2,0,698.7,1261.2,663.3,2623.2
R0660,A,81,1,0,1,1890.7,464.3,0.0,2355.0
R0661,B,81,1,1,1,461.0,1541.6,2095.1,4097.7
R0662,B,75,0,1,0,1302.6,314.7,0.0,1617.3
R0663,A,57,0,2,0,2233.8,320.5,0.0,2554.3
R0664,B,73,0,5,1,397.8,71.8,772.2,1241.8
R0665,A,78,1,1,1,181.6,2700.9,2684.2,5566.7
R0666,B,58,1,1,1,1188.9,138.0,589.7,1916.6
R0667,A,55,1,1,0,668.3,461.8,0.0,1130.1
R0668,B,53,0,0,0,1302.9,63.5,0.0,1366.4
R0669,B,66,0,1,1,95.1,1023.9,230.8,1349.8
R0670,B,53,1,0,1,1178.4,127.8,0.0,1306.2
R0671,A,53,0,1,1,2179.6,147.9,0.0,2327.5
R0672,B,59,1,3,1,1433.1,180.7,117.8,1731.6
R0673,A,70,0,2,1,301.6,1423.4,789.3,2514.3
R0674,B,51,0,0,0,1214.3,327.8,528.4,2070.5
R0675,B,61,0,2,1,1345.2,401.4,0.0,1746.6
R0676,A,44,1,1,0,906.7,448.2,405.3,1760.2
R0677,B,78,1,4,1,935.3,1525.1,0.0,2460.4
R0678,B,61,1,1,1,417.2,1258.5,5971.2,7646.9
R0679,B,51,1,3,1,938.1,1146.2,614.6,2698.9
R0680,A,48,0,2,1,1641.2,122.4,50.0,1813.6
R0681,B,67,0,3,1,338.2,85.4,105.3,528.9
R0682,A,70,1,2,0,1945.4,239.5,0.0,2184.9
R0683,B,61,1,1,1,640.1,1264.9,858.4,2763.4
R0684,B,58,0,1,1,945.9,685.8,0.0,1631.7
R0685,B,62,1,0,1,196.8,38.4,2681.7,2916.9
R0686,A,65,1,1,0,1911.9,531.4,0.0,2443.3
R0687,A,70,1,1,0,2164.4,124.8,0.0,2289.2
R0688,B,73,0,1,0,697.2,1275.1,0.0,1972.3
R0689,B,66,1,0,1,1188.6,65.6,0.0,1254.2
R0690,A,62,0,2,0,2038.4,141.7,433.6,2613.7
R0691,B,73,1,2,0,98.6,424.2,764.9,1287.7
R0692,A,58,0,1,1,2232.4,127.6,0.0,2360.0
R0693,B,65,0,2,0,1247.9,284.3,0.0,1532.2
R0694,A,67,0,1,1,2164.3,185.8,94.2,2444.3
R0695,B,64,0,1,0,118.9,1295.8,719.8,2134.5
R0696,A,69,1,1,1,2222.3,105.6,0.0,2327.9
R0697,A,66,1,1,1,874.4,1412.6,1888.7,4175.7
R0698,A,73,1,2,0,1276.3,1935.2,822.0,4033.5
R0699,B,51,1,0,0,827.7,468.8,1340.1,2636.6
R0700,A,60,1,1,1,2076.7,75.7,0.0,2152.4
R0701,B,57,1,1,0,113.5,1895.6,425.8,2434.9
R0702,B,62,0,0,1,78.7,816.5,440.0,1335.2
R0703,B,62,1,3,1,1258.4,290.1,0.0,1548.5
R0704,A,70,1,2,1,1251.2,601.3,1506.6,3359.1
R0705,B,82,1,3,0,1113.1,403.8,0.0,1516.9
R0706,A,73,1,2,0,376.5,19.3,492.0,887.8
R0707,B,88,1,2,1,1064.0,529.3,1790.3,3383.6
R0708,A,68,1,0,0,2213.6,147.1,0.0,2360.7
R0709,B,66,1,1,0,1356.0,156.8,286.1,1798.9
R0710,A,53,1,0,0,2257.5,152.2,0.0,2409.7
R0711,B,58,0,2,1,586.5,1181.7,0.0,1768.2
R0712,B,75,0,0,0,1340.8,149.3,0.0,1490.1
R0713,B,45,1,1,1,1279.4,120.9,0.0,1400.3
R0714,B,56,1,0,1,225.3,447.7,0.0,673.0
R0715,B,55,1,1,1,1429.2,602.2,0.0,2031.4
R0716,A,56,1,1,0,2019.9,190.9,293.3,2504.1
R0717,B,63,1,0,1,1335.5,380.3,0.0,1715.8
R0718,B,48,1,2,1,1372.7,333.9,0.0,1706.6
R0719,B,66,1,1,0,882.2,1082.0,587.9,2552.1
R0720,B,68,0,0,0,355.7,710.9,1167.2,2233.8
R0721,A,62,1,2,0,912.0,2338.7,298.9,3549.6
R0722,A,46,1,1,1,1239.6,871.1,308.4,2419.1
R0723,B,60,1,4,1,90.9,917.9,2724.7,3733.5
R0724,B,71,1,1,0,677.7,499.2,170.4,1347.3
R0725,B,54,1,2,1,572.2,767.5,0.0,1339.7
R0726,A,80,1,3,1,374.0,34.9,644.4,1053.3
R0727,B,61,1,1,1,712.6,612.0,2019.9,3344.5
R0728,B,78,1,1,1,836.2,660.8,46.6,1543.6
R0729,B,68,0,2,0,1338.5,494.2,0.0,1832.7
R0730,A,62,1,0,0,885.0,789.6,235.0,1909.6
R0731,B,50,0,2,1,1208.8,362.2,0.0,1571.0
R0732,B,51,1,2,0,1316.7,169.6,79.9,1566.2
R0733,B,78,1,6,0,1116.1,715.7,641.4,2473.2
R0734,B,61,1,1,1,571.4,1471.3,299.7,2342.4
R0735,B,65,0,1,0,232.8,1625.3,1476.0,3334.1
R0736,B,63,0,1,1,1289.1,202.1,0.0,1491.2
R0737,B,63,0,0,0,1221.9,328.6,0.0,1550.5
R0738,A,75,0,2,0,2142.4,319.9,0.0,2462.3
R0739,B,88,1,2,0,220.4,43.7,1359.3,1623.4
R0740,B,79,1,2,1,1282.8,394.3,0.0,1677.1
R0741,B,68,1,2,0,1006.7,99.6,0.0,1106.3
R0742,B,73,1,3,0,1422.5,106.3,1726.5,3255.3
R0743,B,63,1,2,1,105.4,1164.0,1672.1,2941.5
R0744,A,56,1,0,1,2231.2,179.1,0.0,2410.3
R0745,B,73,0,1,0,1166.8,167.3,0.0,1334.1
R0746,A,47,0,0,1,2226.0,246.6,122.5,2595.1
R0747,A,54,0,0,0,2252.5,99.5,102.1,2454.1
R0748,B,56,1,2,1,1210.2,413.7,0.0,1623.9
R0749,B,48,1,2,0,1023.1,617.3,121.4,1761.8
R0750,B,58,1,1,1,1271.8,314.7,0.0,1586.5
R0751,A,76,1,1,1,2230.0,132.7,0.0,2362.7
R0752,A,41,1,0,0,2116.4,214.1,0.0,2330.5
R0753,B,65,1,2,1,340.3,1333.9,151.3,1825.5
R0754,A,64,1,1,1,1917.2,299.2,494.1,2710.5
R0755,A,63,1,3,0,2013.1,505.0,0.0,2518.1
R0756,B,52,0,1,0,1433.8,90.4,0.0,1524.2
R0757,B,69,1,2,1,110.2,1633.7,362.6,2106.5
R0758,B,50,1,3,1,1030.3,118.3,566.0,1714.6
R0759,B,68,1,3,0,717.2,236.3,5865.6,6819.1
R0760,B,61,1,1,0,541.5,563.9,0.0,1105.4
R0761,A,61,0,1,0,759.3,1059.8,392.6,2211.7
R0762,A,52,1,1,1,1746.0,549.4,1292.9,3588.3
R0763,A,64,1,3,1,1131.3,167.4,642.7,1941.4
R0764,B,64,1,3,1,1114.3,491.6,1431.7,3037.6
R0765,A,55,1,3,0,2009.4,141.6,34.5,2185.5
R0766,A,67,1,0,0,171.3,2310.9,171.2,2653.4
R0767,B,65,0,1,1,1341.7,132.0,0.0,1473.7
R0768,A,63,0,2,0,1126.2,1201.2,519.1,2846.5
R0769,A,69,1,0,0,369.1,1128.1,0.0,1497.2
R0770,B,77,1,4,1,519.7,124.3,997.2,1641.2
R0771,B,72,1,1,1,1428.1,241.9,175.5,1845.5
R0772,B,76,1,1,1,1250.0,315.1,0.0,1565.1
R0773,B,84,0,4,1,113.3,6.3,738.5,858.1
R0774,A,68,1,0,1,2255.3,508.2,0.0,2763.5
R0775,A,54,1,1,1,540.3,423.2,715.7,1679.2
R0776,A,71,1,3,1,2003.1,237.2,0.0,2240.3
R0777,B,62,1,2,1,1417.2,200.2,0.0,1617.4
R0778,B,63,0,2,0,1371.1,395.4,0.0,1766.5
R0779,B,82,1,0,0,1417.3,76.9,0.0,1494.2
R0780,B,64,0,1,0,821.7,98.7,1274.7,2195.1
R0781,A,52,1,0,0,2115.8,177.1,0.0,2292.9
R0782,B,55,1,0,0,1023.1,428.2,0.0,1451.3
R0783,A,64,0,0,0,372.8,1071.7,1600.2,3044.7
R0784,A,58,0,1,1,1725.3,598.1,0.0,2323.4
R0785,B,57,1,2,0,1330.4,132.1,0.0,1462.5
R0786,B,75,1,0,1,116.9,2555.0,3432.6,6104.5
R0787,A,66,1,0,1,481.8,1218.6,679.3,2379.7
R0788,B,72,0,3,1,1237.7,155.0,0.0,1392.7
R0789,A,70,0,1,1,182.1,2332.1,135.5,2649.7
R0790,A,77,1,3,1,2266.5,441.4,0.0,2707.9
R0791,A,71,1,0,0,2245.0,175.0,0.0,2420.0
R0792,B,58,0,0,1,1064.5,280.3,0.0,1344.8
R0793,B,62,1,1,1,195.8,916.2,0.0,1112.0
R0794,A,50,1,0,0,1940.1,255.1,0.0,2195.2
R0795,B,63,1,2,0,1382.6,342.2,0.0,1724.8
R0796,B,59,1,0,0,1390.6,187.6,0.0,1578.2
R0797,B,65,1,2,1,1281.3,938.9,4840.5,7060.7
R0798,B,62,0,0,1,1401.3,59.1,0.0,1460.4
R0799,A,68,0,1,0,1236.8,537.7,256.8,2031.3
R0800,A,54,1,1,0,2193.8,264.3,0.0,2458.1
R0801,B,74,1,1,1,869.6,533.6,535.8,1939.0
R0802,A,58,1,1,0,693.3,2892.8,0.0,3586.1
R0803,A,52,1,1,1,1318.2,793.8,450.6,2562.6
R0804,B,65,1,1,1,477.4,1229.0,1560.3,3266.7
R0805,A,60,1,1,1,2207.6,181.8,98.7,2488.1
R0806,B,63,1,0,1,1343.6,162.7,0.0,1506.3
R0807,B,50,0,1,0,118.2,631.3,1517.4,2266.9
R0808,B,72,1,0,1,287.8,1534.3,1048.3,2870.4
R0809,B,69,1,0,1,227.8,42.4,0.0,270.2
R0810,B,69,1,4,1,944.2,1403.4,3148.6,5496.2
R0811,B,62,1,1,0,1297.4,269.7,0.0,1567.1
R0812,B,66,1,4,0,581.0,1169.9,101.0,1851.9
R0813,B,62,1,1,0,1239.0,111.4,0.0,1350.4
R0814,A,68,1,4,1,1314.4,1712.6,3298.3,6325.3
R0815,A,79,1,1,1,723.4,60.3,803.0,1586.7
R0816,B,64,1,1,1,1375.1,113.4,0.0,1488.5
R0817,B,60,1,0,1,342.6,1185.6,1273.5,2801.7
R0818,A,52,1,1,1,2019.0,168.9,14.4,2202.3
R0819,A,48,1,0,1,2222.8,370.9,0.0,2593.7
R0820,B,60,1,2,1,570.3,1278.8,508.3,2357.4
R0821,B,66,1,2,1,113.7,1794.8,626.6,2535.1
R0822,A,49,1,1,1,743.1,1018.7,647.6,2409.4
R0823,B,64,1,0,0,1302.2,336.8,664.1,2303.1
R0824,B,70,1,2,0,1420.3,203.1,0.0,1623.4
R0825,B,58,1,0,0,710.6,581.7,0.0,1292.3
R0826,A,54,1,2,1,2189.4,397.8,0.0,2587.2
R0827,B,65,0,3,1,1434.1,443.6,518.0,2395.7
R0828,B,54,1,3,0,791.0,161.0,1050.0,2002.0
R0829,A,69,1,3,0,2156.2,1020.5,859.5,4036.2
R0830,B,84,1,1,1,1051.3,169.2,443.7,1664.2
R0831,B,67,1,2,1,1411.3,258.1,0.0,1669.4
R0832,B,88,1,6,1,681.0,113.9,793.8,1588.7
R0833,A,58,0,1,1,2218.8,413.3,0.0,2632.1
R0834,A,58,1,0,0,2240.4,339.4,0.0,2579.8
R0835,A,67,0,0,1,2251.1,303.2,514.5,3068.8
R0836,B,54,0,1,1,109.6,2467.7,1211.6,3788.9
R0837,B,76,0,2,1,1019.4,320.5,6142.9,7482.8
R0838,B,80,1,3,1,807.1,351.2,768.4,1926.7
R0839,B,70,1,1,0,1428.0,154.9,0.0,1582.9
R0840,A,59,1,1,0,2095.0,523.3,250.3,2868.6
R0841,A,57,1,0,1,1992.8,345.5,1346.8,3685.1
R0842,A,57,1,1,1,1760.2,873.9,0.0,2634.1
R0843,A,78,1,2,1,2237.8,107.3,0.0,2345.1
R0844,B,45,1,2,0,231.4,2138.2,0.0,2369.6
R0845,B,77,0,1,1,584.4,2121.5,79.2,2785.1
R0846,A,44,1,2,1,2254.2,436.5,0.0,2690.7
R0847,B,62,1,1,1,216.5,1827.8,630.2,2674.5
R0848,B,73,1,2,1,229.8,751.3,0.0,981.1
R0849,A,55,0,0,0,1952.5,232.1,0.0,2184.6
R0850,B,68,1,0,1,1307.1,255.1,0.0,1562.2
R0851,B,72,1,2,0,1340.8,176.1,405.4,1922.3
R0852,B,64,1,3,1,729.2,2265.1,226.1,3220.4
R0853,B,58,1,1,0,1384.0,235.8,0.0,1619.8
R0854,A,71,1,1,0,2081.9,73.3,0.0,2155.2
R0855,B,62,1,1,1,581.5,150.7,1021.5,1753.7
R0856,B,74,1,3,1,828.0,194.2,2179.1,3201.3
R0857,A,63,1,2,0,2081.1,167.9,482.4,2731.4
R0858,B,53,1,1,0,590.9,364.0,506.6,1461.5
R0859,A,58,1,1,0,2025.4,102.4,0.0,2127.8
R0860,B,52,0,0,0,1391.0,63.4,0.0,1454.4
R0861,A,74,1,1,1,2254.6,309.7,0.0,2564.3
R0862,B,74,1,2,1,239.3,1327.1,213.0,1779.4
R0863,B,61,1,3,1,1396.9,602.4,0.0,1999.3
R0864,A,56,0,2,1,1467.9,117.0,582.8,2167.7
R0865,B,60,1,2,0,561.8,343.3,133.9,1039.0
R0866,B,67,1,4,1,1356.2,537.9,3553.7,5447.8
R0867,A,62,1,1,1,1866.3,1060.3,357.0,3283.6
R0868,A,69,1,2,1,2163.9,326.6,0.0,2490.5
R0869,A,69,1,1,1,850.5,50.2,716.1,1616.8
R0870,A,52,1,0,1,2159.3,370.5,0.0,2529.8
R0871,B,64,1,2,0,1284.2,991.3,0.0,2275.5
R0872,B,63,0,2,1,1299.2,236.9,0.0,1536.1
R0873,B,71,1,1,1,1233.7,247.7,1375.6,2857.0
R0874,A,64,0,0,1,907.8,663.6,556.4,2127.8
R0875,A,53,0,0,1,167.6,15.1,2513.3,2696.0
R0876,B,81,1,0,1,1389.7,248.4,0.0,1638.1
R0877,B,59,1,0,1,1227.7,474.1,0.0,1701.8
R0878,B,63,1,2,1,587.8,1053.6,556.7,2198.1
R0879,B,73,1,0,1,559.0,1109.1,302.0,1970.1
R0880,A,54,1,0,0,1239.3,1613.0,1406.6,4258.9
R0881,A,66,0,1,0,2260.4,97.3,81.8,2439.5
R0882,A,68,1,1,0,548.3,2233.7,2285.4,5067.4
R0883,A,64,1,0,0,2243.2,146.6,0.0,2389.8
R0884,A,56,1,0,1,1102.5,712.6,114.9,1930.0
R0885,B,68,1,3,0,1433.2,224.2,0.0,1657.4
R0886,B,67,1,0,1,108.4,1032.0,2920.3,4060.7
R0887,A,79,1,0,0,1508.3,591.7,572.3,2672.3
R0888,B,72,1,3,0,1409.6,562.5,0.0,1972.1
R0889,B,75,0,4,1,1232.9,230.8,289.7,1753.4
R0890,A,67,1,1,1,1854.1,161.9,225.0,2241.0
R0891,A,52,1,0,1,345.4,25.9,363.1,734.4
R0892,B,64,1,3,1,1334.5,684.8,0.0,2019.3
R0893,B,51,0,1,0,672.9,56.4,0.0,729.3
R0894,B,76,0,0,1,617.7,696.3,1325.0,2639.0
R0895,B,47,0,3,1,912.1,184.5,552.5,1649.1
R0896,B,54,1,1,1,1388.3,247.2,0.0,1635.5
R0897,B,61,1,5,0,1366.1,156.7,431.8,1954.6
R0898,A,49,1,1,0,186.8,6.8,927.5,1121.1
R0899,B,62,1,2,1,1195.5,374.7,135.0,1705.2
R0900,B,65,0,2,1,823.6,682.7,159.1,1665.4
R0901,B,71,0,2,1,1424.8,133.3,1021.8,2579.9
R0902,B,71,1,1,0,1249.3,514.2,523.1,2286.6
R0903,A,61,1,3,0,562.9,1817.2,1345.7,3725.8
R0904,A,40,1,0,0,1972.4,322.9,0.0,2295.3
R0905,A,59,0,0,1,1139.3,85.6,1062.2,2287.1
R0906,B,62,1,0,1,115.4,1062.2,190.5,1368.1
R0907,A,50,0,1,1,889.2,1678.2,0.0,2567.4
R0908,A,60,1,2,1,1252.8,181.7,2060.7,3495.2
R0909,B,56,1,1,1,1331.4,293.9,0.0,1625.3
R0910,B,72,1,2,1,1389.2,56.7,182.2,1628.1
R0911,B,61,0,0,1,116.4,22.9,2678.6,2817.9
R0912,B,57,0,0,1,1213.9,133.8,377.1,1724.8
R0913,B,65,1,3,1,356.8,784.6,1654.3,2795.7
R0914,A,73,0,1,1,335.6,1219.9,272.0,1827.5
R0915,B,72,1,2,0,111.4,1427.2,1320.5,2859.1
R0916,A,49,0,0,1,756.5,53.7,2844.6,3654.8
R0917,B,62,1,5,0,450.8,1120.7,1331.1,2902.6
R0918,B,65,1,1,1,409.8,1795.8,1572.0,3777.6
R0919,A,48,1,0,1,1592.7,184.2,0.0,1776.9
R0920,B,64,1,2,0,1252.8,270.4,604.7,2127.9
R0921,A,56,0,1,0,545.1,1141.1,150.7,1836.9
R0922,A,65,1,4,1,2223.6,208.9,0.0,2432.5
R0923,A,57,1,2,1,1944.4,560.8,0.0,2505.2
R0924,B,65,1,3,0,579.3,1808.8,704.6,3092.7
R0925,B,68,1,3,1,315.5,214.9,474.3,1004.7
R0926,B,73,1,2,0,357.4,143.5,445.8,946.7
R0927,B,56,0,0,1,802.3,1473.8,0.0,2276.1
R0928,B,82,0,1,1,1355.0,172.1,0.0,1527.1
R0929,B,63,1,1,1,1404.1,267.3,0.0,1671.4
R0930,B,62,1,1,0,1390.0,194.7,0.0,1584.7
R0931,A,63,1,2,1,1899.0,989.4,1139.0,4027.4
R0932,A,70,1,0,1,1602.5,407.9,0.0,2010.4
R0933,B,66,1,0,0,239.4,2196.5,0.0,2435.9
R0934,B,68,1,1,0,1374.7,519.5,0.0,1894.2
R0935,B,65,0,2,1,1425.3,121.1,47.1,1593.5
R0936,B,70,0,0,0,1335.1,110.2,0.0,1445.3
R0937,B,53,1,1,1,1270.5,784.4,0.0,2054.9
R0938,B,50,1,1,0,1416.1,424.3,0.0,1840.4
R0939,B,76,1,1,0,1329.1,254.0,0.0,1583.1
R0940,B,68,1,1,1,994.9,480.0,530.1,2005.0
R0941,B,47,1,1,1,221.2,2773.6,1331.9,4326.7
R0942,B,59,1,2,1,240.0,1261.4,2899.8,4401.2
R0943,B,73,1,2,1,833.1,93.1,271.8,1198.0
R0944,B,68,1,2,1,1228.8,358.8,0.0,1587.6
R0945,B,70,0,0,0,1250.0,87.4,0.0,1337.4
R0946,A,76,1,2,1,2236.3,291.8,0.0,2528.1
R0947,B,77,1,3,1,320.6,417.8,1451.8,2190.2
R0948,B,61,1,2,1,470.6,1027.3,0.0,1497.9
R0949,A,61,0,0,1,343.9,1012.5,822.3,2178.7
R0950,A,71,1,3,0,485.4,107.8,443.1,1036.3
R0951,B,74,0,1,1,204.4,720.3,2020.9,2945.6
R0952,B,76,1,3,1,684.2,369.0,367.6,1420.8
R0953,B,80,0,2,1,315.8,151.7,601.2,1068.7
R0954,B,74,1,1,0,1321.3,222.5,0.0,1543.8
R0955,B,60,1,1,0,580.3,1557.4,327.3,2465.0
R0956,B,55,0,2,1,1397.5,166.9,125.1,1689.5
R0957,A,59,1,1,1,173.7,1877.9,1342.8,3394.4
R0958,A,70,0,1,0,1945.8,137.9,109.0,2192.7
R0959,B,56,1,2,1,1352.7,136.6,292.3,1781.6
R0960,B,69,0,1,1,1431.8,348.8,0.0,1780.6
R0961,B,55,0,1,0,1316.8,179.0,0.0,1495.8
R0962,B,56,1,1,1,754.3,1044.5,0.0,1798.8
R0963,B,59,0,2,1,108.9,1522.3,3085.1,4716.3
R0964,B,66,1,1,0,1390.4,213.0,0.0,1603.4
R0965,B,61,0,1,0,1375.4,106.4,0.0,1481.8
R0966,B,76,1,2,0,1131.3,678.8,0.0,1810.1
R0967,B,68,1,2,0,1322.3,229.5,0.0,1551.8
R0968,B,56,1,0,0,1138.8,199.0,0.0,1337.8
R0969,A,62,0,2,1,2237.8,452.7,435.3,3125.8
R0970,A,65,0,0,0,2214.3,214.6,0.0,2428.9
R0971,B,75,1,1,1,1387.8,199.5,903.6,2490.9
R0972,A,62,1,1,1,1638.8,806.0,517.5,2962.3
R0973,A,73,1,2,1,2272.8,380.1,1910.5,4563.4
R0974,B,59,0,0,1,119.0,911.6,1738.2,2768.8
R0975,B,68,1,1,0,1434.1,657.2,0.0,2091.3
R0976,A,68,1,0,0,2084.1,202.4,0.0,2286.5
R0977,B,73,1,2,1,1395.0,194.4,90.3,1679.7
R0978,A,58,1,0,0,2050.5,117.1,0.0,2167.6
R0979,A,54,0,1,0,1243.0,256.9,0.0,1499.9
R0980,A,68,1,0,1,723.4,912.1,1285.3,2920.8
R0981,B,60,0,1,1,1317.0,236.7,0.0,1553.7
R0982,B,65,1,1,1,354.8,1023.4,2294.3,3672.5
R0983,B,63,1,1,1,1008.7,204.2,1231.8,2444.7
R0984,A,57,0,1,0,2265.1,175.7,0.0,2440.8
R0985,B,63,1,1,1,338.3,249.3,1393.4,1981.0
R0986,A,65,1,1,1,1807.2,106.9,77.3,1991.4
R0987,B,78,0,1,1,408.8,1320.8,1172.4,2902.0
R0988,B,54,1,3,0,1366.8,214.5,0.0,1581.3
R0989,A,72,1,2,1,932.7,181.1,705.2,1819.0
R0990,B,64,0,2,1,1360.7,249.1,511.6,2121.4
R0991,B,76,0,0,1,120.0,865.6,399.3,1384.9
R0992,B,57,0,2,1,531.8,1776.2,5891.1,8199.1
R0993,B,64,1,3,0,1366.3,137.1,0.0,1503.4
R0994,B,72,1,0,1,1353.9,56.0,0.0,1409.9
R0995,B,64,1,0,1,1313.1,205.3,145.1,1663.5
R0996,A,67,1,0,1,2037.4,241.7,467.3,2746.4
R0997,B,58,1,2,1,1385.9,89.5,0.0,1475.4
R0998,B,81,1,2,0,880.7,494.6,2393.2,3768.5
R0999,B,79,1,0,0,239.8,1289.3,540.9,2070.0
R1000,B,54,1,2,0,113.3,1109.7,3133.3,4356.3
R1001,A,63,0,3,0,2210.2,337.4,1068.0,3615.6
R1002,B,76,0,2,0,714.7,1685.4,530.6,2930.7
R1003,B,70,0,1,1,100.7,763.3,442.6,1306.6
R1004,B,69,1,2,1,217.1,61.8,519.2,798.1
R1005,B,63,0,1,1,850.2,263.1,2078.2,3191.5
R1006,B,58,1,5,0,1382.5,533.3,0.0,1915.8
R1007,A,68,1,0,1,2267.8,218.6,0.0,2486.4
R1008,B,71,0,1,1,1396.3,361.6,0.0,1757.9
R1009,B,77,1,4,1,111.5,1477.4,861.6,2450.5
R1010,B,61,1,0,0,1387.5,345.0,353.3,2085.8
R1011,B,56,0,2,0,103.5,6.6,987.1,1097.2
R1012,B,56,0,0,0,1432.0,196.3,0.0,1628.3
R1013,A,70,0,2,1,2060.6,380.4,95.3,2536.3
R1014,B,62,0,1,1,352.5,1224.3,286.0,1862.8
R1015,B,73,0,2,0,1270.9,91.4,0.0,1362.3
R1016,B,57,1,1,1,453.4,539.1,84.5,1077.0
R1017,B,63,1,0,1,1376.4,269.4,0.0,1645.8
R1018,B,64,1,2,1,580.9,1178.8,968.0,2727.7
R1019,A,64,0,0,0,2098.4,244.0,0.0,2342.4
R1020,A,66,0,1,1,1850.6,422.3,1309.4,3582.3
R1021,B,45,1,1,1,341.0,2064.9,540.4,2946.3
R1022,B,54,1,1,1,550.3,206.6,0.0,756.9
R1023,A,76,0,1,0,2206.7,164.2,0.0,2370.9
R1024,B,65,1,2,1,350.5,1567.1,0.0,1917.6
R1025,B,68,0,0,0,1436.7,239.2,0.0,1675.9
R1026,A,61,1,3,1,744.7,1315.5,0.0,2060.2
R1027,B,71,0,0,0,1311.9,367.6,198.0,1877.5
R1028,B,55,0,2,0,697.3,1030.2,2109.0,3836.5
R1029,A,73,1,5,1,2036.9,428.4,1868.7,4334.0
R1030,B,62,0,1,0,464.4,1165.5,545.8,2175.7
R1031,A,64,1,1,0,332.9,663.0,540.8,1536.7
R1032,A,57,1,1,1,1511.5,818.0,3792.5,6122.0
R1033,B,64,1,1,0,437.7,57.0,700.3,1195.0
R1034,A,47,0,1,0,747.0,352.8,0.0,1099.8
R1035,A,62,1,0,0,1803.8,307.6,582.9,2694.3
R1036,A,63,1,1,1,373.3,1132.8,0.0,1506.1
R1037,B,70,1,0,1,1324.0,227.2,0.0,1551.2
R1038,A,61,1,1,0,140.0,0.5,239.4,379.9
R1039,A,65,1,1,0,2223.4,185.9,99.4,2508.7
R1040,B,69,1,2,1,601.2,455.2,1181.2,2237.6
R1041,B,72,1,3,0,1158.1,285.2,0.0,1443.3
R1042,A,74,0,2,1,2279.1,328.9,4052.2,6660.2
R1043,B,53,1,1,1,353.9,3324.9,271.3,3950.1
R1044,B,69,1,1,1,1067.3,428.3,369.2,1864.8
R1045,B,73,1,3,1,1350.8,322.2,941.4,2614.4
R1046,B,65,0,2,1,114.8,4.0,384.6,503.4
R1047,B,65,1,0,1,1298.4,65.4,0.0,1363.8
R1048,B,78,1,2,1,879.4,443.5,0.0,1322.9
R1049,A,57,1,2,0,2187.7,283.5,0.0,2471.2
R1050,B,55,0,1,1,1374.9,261.5,0.0,1636.4
R1051,A,72,1,2,0,1921.2,330.0,0.0,2251.2
R1052,B,65,0,2,0,112.1,954.3,1583.8,2650.2
R1053,B,64,1,1,0,820.8,1027.7,649.1,2497.6
R1054,B,66,1,1,0,470.1,28.1,468.4,966.6
R1055,B,46,1,3,0,441.5,16.0,862.8,1320.3
R1056,B,73,1,1,1,552.5,122.9,391.8,1067.2
R1057,B,59,0,1,1,572.5,940.5,295.2,1808.2
R1058,A,56,1,0,1,1487.1,312.2,1372.6,3171.9
R1059,B,65,1,2,1,478.0,54.0,995.5,1527.5
R1060,B,64,0,2,0,1427.0,238.9,0.0,1665.9
R1061,A,46,1,1,1,2216.1,205.4,176.0,2597.5
R1062,A,64,0,0,1,2275.5,181.8,0.0,2457.3
R1063,B,53,0,1,1,232.4,17.9,857.7,1108.0
R1064,A,53,1,0,1,566.2,1048.7,4564.4,6179.3
R1065,A,70,1,3,0,559.9,529.2,1286.2,2375.3
R1066,B,61,0,2,1,1434.2,826.6,0.0,2260.8
R1067,B,67,1,0,0,1410.2,212.1,175.5,1797.8
R1068,B,57,0,1,1,1294.0,690.0,0.0,1984.0
R1069,B,74,1,2,1,175.3,731.1,533.2,1439.6
R1070,B,60,1,2,0,1378.6,257.9,0.0,1636.5
R1071,A,57,1,3,1,2080.6,440.4,542.8,3063.8
R1072,B,64,1,1,1,1270.4,181.1,0.0,1451.5
R1073,B,64,0,0,0,472.9,293.7,1129.9,1896.5
R1074,A,86,1,0,0,2072.4,42.3,0.0,2114.7
R1075,B,62,0,2,0,478.0,303.5,0.0,781.5
R1076,A,73,1,1,1,2238.8,198.3,0.0,2437.1
R1077,B,63,1,1,0,473.8,107.7,0.0,581.5
R1078,A,70,1,2,0,739.1,1124.2,195.0,2058.3
R1079,B,77,1,1,1,326.0,1610.6,4450.0,6386.6
R1080,B,67,1,1,1,407.3,32.7,1871.0,2311.0
R1081,B,82,0,1,0,1360.4,96.3,0.0,1456.7
R1082,B,69,1,1,1,687.1,1165.5,240.8,2093.4
R1083,B,78,0,4,1,1006.9,164.0,1041.1,2212.0
R1084,B,74,0,1,1,1342.0,224.3,0.0,1566.3
R1085,B,58,0,0,1,96.8,1084.5,592.3,1773.6
R1086,B,72,1,3,1,96.4,3814.8,3497.1,7408.3
R1087,B,77,1,2,0,1312.5,168.6,0.0,1481.1
R1088,B,64,1,1,1,1307.2,135.3,0.0,1442.5
R1089,A,69,0,5,0,2216.4,198.4,181.2,2596.0
R1090,A,76,1,4,1,2185.0,445.8,0.0,2630.8
R1091,B,79,0,3,1,1389.5,270.8,0.0,1660.3
R1092,B,80,1,3,1,580.0,2120.9,3124.0,5824.9
R1093,B,65,1,1,1,449.3,50.2,961.6,1461.1
R1094,B,74,0,3,0,958.0,166.3,350.5,1474.8
R1095,B,83,1,2,1,1223.5,110.8,360.8,1695.1
R1096,B,58,1,0,1,214.6,506.2,297.4,1018.2
R1097,B,59,0,2,0,1425.7,464.6,0.0,1890.3
R1098,A,59,1,1,1,1124.5,438.3,0.0,1562.8
R1099,A,60,1,1,1,805.0,565.4,86.2,1456.6
R1100,A,56,1,0,1,1912.5,179.2,906.5,2998.2
R1101,A,71,1,2,0,2014.9,544.2,487.1,3046.2
R1102,B,64,1,1,1,1437.5,511.9,67.0,2016.4
R1103,A,88,1,2,1,2180.0,444.3,677.0,3301.3
R1104,A,43,1,0,1,1986.7,136.1,285.8,2408.6
R1105,B,72,0,1,0,1152.7,211.4,0.0,1364.1
R1106,B,69,1,2,1,417.6,1427.0,391.7,2236.3
R1107,B,67,1,3,1,1002.1,434.1,925.5,2361.7
R1108,A,51,1,1,1,188.8,1178.9,1495.4,2863.1
R1109,B,69,0,2,0,1406.7,211.4,0.0,1618.1
R1110,A,71,1,1,1,2249.7,306.4,305.0,2861.1
R1111,B,68,1,2,1,235.1,1227.0,1206.1,2668.2
R1112,B,70,1,2,1,221.2,48.1,685.4,954.7
R1113,A,61,1,0,1,2040.1,306.9,0.0,2347.0
R1114,A,55,0,4,0,725.0,2050.0,1587.3,4362.3
R1115,B,77,1,4,1,1431.8,251.0,0.0,1682.8
R1116,B,68,0,1,1,812.7,460.6,1431.1,2704.4
R1117,B,73,0,0,1,1417.7,256.8,0.0,1674.5
R1118,A,56,1,1,1,2263.5,360.0,0.0,2623.5
R1119,B,48,1,1,1,1114.2,621.9,165.4,1901.5
R1120,B,71,1,2,0,698.1,951.4,84.9,1734.4
R1121,A,67,1,2,1,1183.0,1237.5,0.0,2420.5
R1122,A,59,1,1,1,468.3,15.8,170.6,654.7
R1123,B,68,1,4,1,698.0,3088.0,830.3,4616.3
R1124,B,66,0,0,1,583.9,159.2,0.0,743.1
R1125,A,59,1,0,1,925.6,937.8,310.6,2174.0
R1126,B,62,0,2,1,223.3,2353.8,2328.5,4905.6
R1127,B,61,1,0,1,1412.3,171.9,0.0,1584.2
R1128,A,57,1,2,0,2065.5,168.4,548.1,2782.0
R1129,B,79,1,5,1,196.5,50.2,861.0,1107.7
R1130,A,54,1,0,1,1261.4,285.6,0.0,1547.0
R1131,A,75,0,1,0,2205.0,400.0,527.0,3132.0
R1132,B,55,1,1,1,840.1,532.1,2171.3,3543.5
R1133,B,68,1,2,1,1114.2,334.0,0.0,1448.2
R1134,A,76,1,2,1,1298.5,929.2,2326.1,4553.8
R1135,A,73,0,1,0,2072.3,358.8,0.0,2431.1
R1136,B,88,0,1,1,829.0,505.0,2112.8,3446.8
R1137,B,63,1,0,1,596.7,1054.8,3863.8,5515.3
R1138,A,64,1,0,0,2087.5,375.1,0.0,2462.6
R1139,B,65,0,0,0,1414.1,104.3,0.0,1518.4
R1140,B,59,0,0,1,1124.9,209.9,0.0,1334.8
R1141,B,73,1,1,0,356.9,1416.3,149.5,1922.7
R1142,B,75,1,1,1,1303.9,378.2,0.0,1682.1
R1143,A,74,1,2,0,2246.0,76.0,224.3,2546.3
R1144,B,69,0,2,0,1076.2,512.8,463.1,2052.1
R1145,B,72,1,1,0,337.5,728.8,913.3,1979.6
R1146,A,48,0,0,0,2248.1,168.3,0.0,2416.4
R1147,B,54,1,1,0,1344.8,390.4,773.2,2508.4
R1148,B,68,1,1,0,688.5,1209.8,882.5,2780.8
R1149,B,82,0,2,0,1365.0,477.3,727.8,2570.1
R1150,A,66,1,0,0,1688.2,196.4,2815.4,4700.0
R1151,A,48,1,0,1,2155.1,128.8,0.0,2283.9
R1152,A,61,1,1,0,2266.6,207.6,0.0,2474.2
R1153,B,58,1,1,0,1397.1,323.4,0.0,1720.5
R1154,B,69,1,3,0,697.0,171.8,0.0,868.8
R1155,A,66,1,0,0,2157.1,210.8,0.0,2367.9
R1156,A,65,1,2,1,980.7,639.2,0.0,1619.9
R1157,B,69,1,1,1,324.5,40.8,1074.3,1439.6
R1158,A,70,1,1,1,158.0,2219.5,1752.0,4129.5
R1159,A,68,1,1,1,2188.7,129.7,0.0,2318.4
R1160,B,69,0,1,1,1379.4,100.6,0.0,1480.0
R1161,B,72,1,3,1,435.2,961.0,1632.2,3028.4
R1162,B,74,1,1,0,214.3,1167.5,1789.6,3171.4
R1163,B,60,1,2,0,1401.3,161.8,238.7,1801.8
R1164,B,59,1,3,1,774.8,1268.1,610.9,2653.8
R1165,B,83,1,3,1,214.0,24.9,287.8,526.7
R1166,B,82,1,2,1,1194.0,368.3,412.5,1974.8
R1167,B,56,0,3,1,225.1,38.2,4504.1,4767.4
R1168,A,55,1,2,0,1848.2,154.6,0.0,2002.8
R1169,A,64,1,1,1,1845.2,165.6,370.2,2381.0
R1170,A,73,1,3,0,176.8,3369.5,2563.2,6109.5
R1171,A,48,1,1,0,729.2,1068.5,422.5,2220.2
R1172,B,69,0,0,1,1293.7,295.1,0.0,1588.8
R1173,B,63,1,0,0,1384.6,121.2,0.0,1505.8
R1174,B,62,1,1,0,1423.4,126.7,65.9,1616.0
R1175,B,73,0,1,1,116.7,909.9,6234.3,7260.9
R1176,B,66,1,0,1,1411.2,258.2,0.0,1669.4
R1177,A,58,1,3,0,369.4,449.4,4382.5,5201.3
R1178,B,62,1,4,0,1402.0,370.6,0.0,1772.6
R1179,B,52,1,0,0,1237.1,137.8,0.0,1374.9
R1180,B,64,1,1,1,1031.9,396.0,888.3,2316.2
R1181,B,75,0,1,1,575.8,785.5,3861.8,5223.1
R1182,B,56,1,0,1,223.8,979.4,0.0,1203.2
R1183,B,59,1,1,1,1276.8,257.0,0.0,1533.8
R1184,A,59,1,1,0,1892.8,82.0,0.0,1974.8
R1185,A,52,0,0,1,1220.9,86.1,1423.1,2730.1
R1186,B,47,0,2,1,684.4,1015.7,623.2,2323.3
R1187,A,62,1,0,0,1868.1,497.6,547.7,2913.4
R1188,B,62,1,1,0,406.1,169.1,2658.5,3233.7
R1189,A,61,1,2,1,1864.7,401.7,1813.0,4079.4
R1190,B,75,0,2,1,103.6,728.1,1058.2,1889.9
R1191,A,80,1,2,0,1135.4,794.0,1268.0,3197.4
R1192,B,79,1,1,1,618.8,838.3,737.1,2194.2
R1193,B,66,1,2,1,578.1,541.2,211.4,1330.7
R1194,A,54,1,1,1,1012.6,1701.5,0.0,2714.1
R1195,B,68,1,0,1,1334.3,151.3,0.0,1485.6
R1196,B,47,1,0,1,228.2,772.8,0.0,1001.0
R1197,A,59,1,2,0,156.0,735.1,1314.8,2205.9
R1198,B,79,1,0,1,340.3,47.0,0.0,387.3
R1199,A,49,0,0,0,512.0,246.2,249.1,1007.3
R1200,B,77,1,3,0,269.3,1746.3,403.5,2419.1
R1201,B,55,0,4,1,506.2,1856.0,1296.1,3658.3
R1202,A,52,1,1,1,2117.0,271.1,0.0,2388.1
R1203,A,74,1,1,1,1309.7,36.2,2703.8,4049.7
R1204,B,59,1,0,0,303.9,2002.8,1056.2,3362.9
R1205,A,54,1,0,0,2059.3,200.2,0.0,2259.5
R1206,B,54,1,1,1,1409.3,323.5,0.0,1732.8
R1207,B,76,1,0,1,591.4,159.0,957.3,1707.7
R1208,A,77,1,1,1,1897.2,711.4,0.0,2608.6
R1209,B,58,1,2,1,665.0,493.6,759.7,1918.3
R1210,A,46,1,1,0,2112.8,154.9,0.0,2267.7
R1211,B,57,0,3,0,1420.9,339.8,1740.6,3501.3
R1212,B,82,1,2,0,1087.2,990.9,0.0,2078.1
R1213,B,62,1,3,1,826.8,686.1,836.1,2349.0
R1214,B,78,1,1,0,307.3,1463.1,464.1,2234.5
R1215,B,62,1,3,1,1341.5,97.9,0.0,1439.4
R1216,B,47,1,2,1,1418.1,235.8,350.0,2003.9
R1217,B,76,1,0,1,1431.7,93.7,0.0,1525.4
R1218,B,69,1,3,1,658.8,159.9,889.4,1708.1
R1219,B,55,0,2,0,1432.1,336.1,0.0,1768.2
R1220,B,61,1,2,0,1431.2,795.1,0.0,2226.3
R1221,A,57,0,0,1,1699.3,256.4,0.0,1955.7
R1222,A,71,1,1,1,1784.1,186.0,189.1,2159.2
R1223,B,60,0,1,1,1311.9,310.0,0.0,1621.9
R1224,A,63,1,1,0,909.8,838.2,413.5,2161.5
R1225,B,49,0,0,0,235.6,1792.7,511.1,2539.4
R1226,B,76,1,4,1,235.3,2252.8,994.3,3482.4
R1227,B,70,1,2,1,1283.4,408.8,0.0,1692.2
R1228,B,71,1,1,0,1411.8,370.5,0.0,1782.3
R1229,B,60,0,1,0,563.8,2350.5,1242.1,4156.4
R1230,B,61,0,1,1,694.6,523.1,390.0,1607.7
R1231,A,68,1,0,1,1060.3,785.1,0.0,1845.4
R1232,B,83,1,2,0,452.7,48.1,258.7,759.5
R1233,B,40,1,1,0,1408.3,307.0,0.0,1715.3
R1234,A,65,1,2,1,2103.8,429.0,477.6,3010.4
R1235,B,53,1,0,0,1279.2,571.2,529.2,2379.6
R1236,B,69,1,0,1,570.6,1459.8,0.0,2030.4
R1237,B,55,1,2,1,1414.2,305.6,0.0,1719.8
R1238,B,64,1,3,0,1324.9,564.3,0.0,1889.2
R1239,B,71,1,0,0,219.3,1708.4,648.4,2576.1
R1240,A,59,1,0,0,358.7,820.2,1958.4,3137.3
R1241,B,73,0,4,1,614.8,1090.6,2033.4,3738.8
R1242,A,61,1,1,1,169.3,7.0,243.6,419.9
R1243,A,66,1,1,1,156.1,844.4,0.0,1000.5
R1244,B,63,1,1,1,1238.8,254.0,0.0,1492.8
R1245,B,61,1,1,0,1397.1,86.9,0.0,1484.0
R1246,B,75,1,2,1,119.4,3273.1,2538.8,5931.3
R1247,B,77,1,4,1,608.8,611.2,380.6,1600.6
R1248,A,70,1,0,1,2210.4,227.8,1275.8,3714.0
R1249,A,68,1,1,0,2257.7,349.6,0.0,2607.3
R1250,B,56,1,1,0,559.0,684.0,666.2,1909.2
R1251,A,53,0,2,0,516.6,2056.2,5422.7,7995.5
R1252,A,50,1,0,0,1825.5,296.2,0.0,2121.7
R1253,B,75,1,0,0,1412.7,25.1,616.9,2054.7
R1254,B,53,1,0,1,340.9,800.1,2687.7,3828.7
R1255,B,62,0,5,0,350.1,1602.9,1368.8,3321.8
R1256,B,58,1,1,1,721.8,49.6,205.0,976.4
R1257,A,64,1,1,1,2267.5,174.1,365.9,2807.5
R1258,A,69,1,1,1,744.0,1571.5,0.0,2315.5
R1259,A,59,1,1,0,1099.4,1603.2,583.1,3285.7
R1260,A,49,1,1,1,2177.5,240.7,0.0,2418.2
R1261,B,65,1,0,1,94.9,1852.1,4251.1,6198.1
R1262,A,73,1,1,0,1379.4,369.3,1471.1,3219.8
R1263,B,64,0,1,0,268.7,832.6,255.4,1356.7
R1264,B,76,1,0,1,1415.5,447.0,0.0,1862.5
R1265,B,60,1,5,1,611.5,796.1,562.5,1970.1
R1266,A,64,1,1,1,2207.8,187.6,0.0,2395.4
R1267,A,64,1,1,1,1886.1,420.0,581.1,2887.2
R1268,A,48,0,2,0,2200.0,229.5,0.0,2429.5
R1269,B,49,1,1,1,1365.4,319.4,0.0,1684.8
R1270,B,72,1,3,1,523.9,286.8,1791.2,2601.9
R1271,A,56,1,0,0,2240.8,576.4,0.0,2817.2
R1272,B,65,1,2,1,599.4,1026.0,1063.3,2688.7
R1273,A,59,1,1,0,2139.1,84.9,0.0,2224.0
R1274,B,66,1,2,1,909.4,202.0,443.5,1554.9
R1275,A,55,0,2,0,1370.8,156.5,0.0,1527.3
R1276,B,57,1,5,0,119.3,32.7,0.0,152.0
R1277,B,73,0,5,1,235.4,56.7,2120.3,2412.4
R1278,A,60,1,1,1,2146.9,172.3,0.0,2319.2
R1279,B,88,1,4,1,685.0,843.7,498.1,2026.8
R1280,B,58,0,0,0,1378.8,460.8,0.0,1839.6
R1281,A,71,0,1,0,692.4,1329.3,2707.1,4728.8
R1282,B,56,1,0,1,115.0,3.6,0.0,118.6
R1283,A,65,0,2,1,2127.7,175.7,160.8,2464.2
R1284,A,59,1,1,1,732.5,60.8,135.9,929.2
R1285,A,40,1,1,0,2277.1,108.4,286.7,2672.2
R1286,B,64,1,2,1,886.3,934.1,578.0,2398.4
R1287,B,74,0,2,1,1309.2,748.4,0.0,2057.6
R1288,A,57,0,0,0,1785.4,115.3,0.0,1900.7
R1289,B,68,1,2,0,1109.9,571.6,0.0,1681.5
R1290,B,54,1,1,0,1002.0,210.9,0.0,1212.9
R1291,A,57,1,0,1,977.6,740.3,107.9,1825.8
R1292,B,62,1,1,0,429.9,1949.4,0.0,2379.3
R1293,B,73,1,2,1,119.5,913.5,106.5,1139.5
R1294,B,72,0,4,1,891.2,183.0,151.8,1226.0
R1295,A,57,1,0,0,739.2,722.8,610.2,2072.2
R1296,A,60,1,1,0,1891.3,669.7,996.7,3557.7
R1297,B,69,1,2,0,517.0,1098.9,1610.4,3226.3
R1298,B,66,0,5,0,904.6,999.3,469.5,2373.4
R1299,A,66,1,2,1,376.9,1002.4,1898.1,3277.4
R1300,A,84,1,1,0,923.5,1136.3,187.5,2247.3
R1301,B,62,1,3,1,1162.4,506.2,255.8,1924.4
R1302,A,59,0,1,1,727.2,1309.5,645.7,2682.4
R1303,B,88,1,5,0,817.5,848.2,1985.7,3651.4
R1304,B,74,1,2,1,337.8,1576.1,499.2,2413.1
R1305,A,40,1,0,0,349.7,14.7,343.8,708.2
R1306,B,47,0,2,1,1409.9,482.2,0.0,1892.1
R1307,B,58,1,2,1,1347.1,244.0,0.0,1591.1
R1308,B,79,0,2,1,944.1,816.9,0.0,1761.0
R1309,A,57,0,2,0,2265.6,241.8,0.0,2507.4
R1310,A,63,0,2,1,2274.5,391.3,0.0,2665.8
R1311,B,61,1,1,0,1331.1,289.0,0.0,1620.1
R1312,B,59,0,3,0,820.5,269.6,0.0,1090.1
R1313,B,60,1,1,1,596.4,1429.3,0.0,2025.7
R1314,B,69,1,2,1,714.6,1290.4,444.5,2449.5
R1315,B,69,0,0,0,1013.2,150.2,1757.3,2920.7
R1316,A,54,1,1,1,1509.9,330.1,152.2,1992.2
R1317,B,70,1,2,0,438.2,66.4,437.9,942.5
R1318,B,77,1,2,0,1361.4,205.0,0.0,1566.4
R1319,B,52,1,3,0,217.7,1911.4,1186.7,3315.8
R1320,B,56,1,0,1,354.3,1716.0,1564.5,3634.8
R1321,A,61,1,1,1,1139.0,167.8,1541.0,2847.8
R1322,B,63,1,1,0,1171.6,353.8,0.0,1525.4
R1323,A,71,0,1,0,2151.2,203.5,293.2,2647.9
R1324,B,67,1,2,0,1386.2,275.1,0.0,1661.3
R1325,B,50,0,0,1,630.1,1072.8,0.0,1702.9
R1326,A,59,1,1,0,1940.8,113.9,0.0,2054.7
R1327,B,65,1,2,1,119.3,2682.5,1006.0,3807.8
R1328,A,52,1,0,0,2027.0,190.9,0.0,2217.9
R1329,B,64,1,2,1,714.8,1605.5,3084.7,5405.0
R1330,B,63,1,1,0,1159.6,281.3,1086.2,2527.1
R1331,B,70,1,4,1,1387.4,180.9,410.4,1978.7
R1332,A,55,1,1,1,1700.2,601.4,0.0,2301.6
R1333,A,54,1,0,1,2182.9,191.3,326.6,2700.8
R1334,B,69,0,2,1,334.5,1828.0,0.0,2162.5
R1335,B,59,1,3,1,113.3,5591.6,0.0,5704.9
R1336,B,82,1,3,0,795.4,90.0,858.8,1744.2
R1337,B,66,0,4,0,1384.0,671.0,1285.4,3340.4
R1338,B,69,0,1,1,1180.4,269.6,2300.4,3750.4
R1339,B,66,1,1,1,1421.1,348.5,1688.5,3458.1
R1340,A,57,1,3,1,321.6,3144.7,1182.8,4649.1
R1341,B,65,1,1,1,343.0,55.5,493.2,891.7
R1342,B,62,0,1,0,1339.2,332.7,0.0,1671.9
R1343,B,69,1,1,1,1099.1,768.8,92.6,1960.5
R1344,B,76,1,3,1,657.0,1684.8,0.0,2341.8
R1345,A,71,1,2,1,525.7,962.1,939.8,2427.6
R1346,B,68,1,1,0,466.3,102.0,1013.2,1581.5
R1347,B,68,1,0,1,359.7,207.8,723.7,1291.2
R1348,A,70,1,0,1,2257.5,50.6,0.0,2308.1
R1349,A,52,0,0,1,2067.2,167.0,0.0,2234.2
R1350,A,60,1,1,1,2092.6,213.7,0.0,2306.3
R1351,A,60,1,1,1,1804.8,336.8,569.1,2710.7
R1352,B,51,1,1,1,476.3,65.2,431.5,973.0
R1353,B,58,1,3,0,1424.8,250.2,0.0,1675.0
R1354,B,66,1,2,1,1364.6,207.9,112.7,1685.2
R1355,A,61,0,1,1,1631.5,123.9,0.0,1755.4
R1356,A,49,0,1,0,2190.0,106.1,0.0,2296.1
R1357,A,52,1,1,0,2205.4,147.6,0.0,2353.0
R1358,B,46,0,0,1,117.3,12.3,0.0,129.6
R1359,A,54,1,2,1,1830.8,203.8,0.0,2034.6
R1360,A,69,1,1,1,2256.7,282.2,0.0,2538.9
R1361,B,69,1,0,1,1373.6,210.3,0.0,1583.9
R1362,B,77,0,4,1,1421.9,794.4,66.6,2282.9
R1363,A,71,1,2,1,2184.1,513.6,403.6,3101.3
R1364,B,70,1,3,1,566.8,2073.3,668.9,3309.0
R1365,A,58,1,0,0,652.2,1584.9,2125.9,4363.0
R1366,A,53,1,1,0,1088.2,108.1,443.2,1639.5
R1367,A,70,1,0,0,2218.2,330.3,181.8,2730.3
R1368,B,68,1,1,1,571.3,896.4,1903.9,3371.6
R1369,A,64,1,0,1,1676.4,143.7,758.8,2578.9
R1370,B,68,1,1,1,1203.3,327.5,505.9,2036.7
R1371,B,74,1,1,1,1364.0,281.6,162.6,1808.2
R1372,B,65,0,2,0,1397.6,287.9,0.0,1685.5
R1373,B,67,0,1,1,1434.2,192.6,524.2,2151.0
R1374,B,76,0,1,1,403.4,602.6,0.0,1006.0
R1375,B,67,1,4,1,634.4,176.2,1712.4,2523.0
R1376,B,64,1,4,0,1318.1,455.9,667.1,2441.1
R1377,A,61,1,0,1,559.3,1643.0,729.7,2932.0
R1378,A,57,1,1,1,2206.8,66.3,77.0,2350.1
R1379,A,71,0,2,1,344.5,1697.9,285.6,2328.0
R1380,A,50,0,0,1,2103.1,269.2,0.0,2372.3
R1381,A,62,1,2,1,2052.6,222.5,1095.5,3370.6
R1382,A,56,1,1,0,2188.2,307.0,0.0,2495.2
R1383,A,65,1,1,0,2224.6,550.1,0.0,2774.7
R1384,A,53,1,1,1,2234.1,321.0,0.0,2555.1
R1385,B,60,1,1,1,352.0,2150.6,963.4,3466.0
R1386,B,65,1,3,1,1425.9,213.8,0.0,1639.7
R1387,A,76,0,0,0,2083.1,504.2,0.0,2587.3
R1388,A,55,0,0,0,2247.3,300.5,0.0,2547.8
R1389,B,67,1,1,1,693.0,112.2,1261.2,2066.4
R1390,B,73,0,4,1,1194.1,411.8,1151.2,2757.1
R1391,B,53,0,3,1,1324.0,349.7,0.0,1673.7
R1392,A,53,1,1,1,2258.3,555.9,0.0,2814.2
R1393,B,60,0,3,1,1208.4,224.1,0.0,1432.5
R1394,B,66,1,1,1,359.7,654.8,1151.5,2166.0
R1395,B,63,1,3,1,1187.7,305.0,251.2,1743.9
R1396,B,76,1,2,1,535.5,390.9,1757.3,2683.7
R1397,A,48,1,0,1,723.2,1008.9,310.0,2042.1
R1398,B,61,1,0,1,586.5,38.4,33.3,658.2
R1399,A,63,0,0,1,528.0,868.1,137.4,1533.5
R1400,A,70,0,1,1,184.3,1108.5,2805.1,4097.9
R1401,B,77,1,3,1,1044.0,430.6,0.0,1474.6
R1402,A,57,1,1,0,2206.3,105.4,0.0,2311.7
R1403,B,70,1,1,1,975.3,244.7,0.0,1220.0
R1404,B,83,1,2,0,1424.6,431.5,687.3,2543.4
R1405,B,57,1,0,0,223.4,20.6,0.0,244.0
R1406,B,72,1,2,1,802.0,409.9,330.1,1542.0
R1407,B,60,0,1,0,336.3,2343.9,8395.3,11075.5
R1408,A,63,1,0,0,1914.1,162.8,0.0,2076.9
R1409,A,56,0,2,1,177.4,788.9,1533.6,2499.9
R1410,A,66,0,2,1,337.6,22.7,288.2,648.5
R1411,A,71,1,0,1,2194.4,171.2,0.0,2365.6
R1412,A,59,1,0,0,2049.5,404.1,521.8,2975.4
R1413,B,68,0,0,0,236.3,1043.3,332.0,1611.6
R1414,A,64,0,0,0,547.7,21.5,677.2,1246.4
R1415,A,49,1,1,1,2256.5,134.3,0.0,2390.8
R1416,A,70,0,0,1,2275.1,154.5,924.2,3353.8
R1417,A,61,1,1,1,158.5,6.6,324.0,489.1
R1418,B,83,1,3,1,467.9,1029.5,878.7,2376.1
R1419,B,73,1,2,0,1247.8,123.6,1122.6,2494.0
R1420,B,63,0,0,0,1402.9,269.6,0.0,1672.5
R1421,B,68,1,3,1,468.7,1999.5,590.5,3058.7
R1422,B,71,1,2,1,1285.3,205.5,0.0,1490.8
R1423,B,70,1,2,1,320.8,697.0,2295.5,3313.3
R1424,B,70,1,3,0,463.2,2508.5,10445.2,13416.9
R1425,B,59,0,3,1,1409.5,124.5,0.0,1534.0
R1426,B,70,0,0,1,1260.2,99.4,36.5,1396.1
R1427,B,70,0,2,0,117.1,1253.2,4044.0,5414.3
R1428,B,58,1,3,1,566.0,127.2,330.1,1023.3
R1429,A,65,1,2,1,2124.2,177.7,0.0,2301.9
R1430,A,44,0,0,1,2258.9,375.9,0.0,2634.8
R1431,B,73,1,1,0,1358.8,387.7,0.0,1746.5
R1432,A,69,1,0,0,2203.8,181.6,0.0,2385.4
R1433,B,58,1,2,1,1365.2,211.7,923.4,2500.3
R1434,B,64,1,2,1,800.8,266.7,1885.3,2952.8
R1435,A,64,0,1,1,2164.6,193.5,294.3,2652.4
R1436,A,63,0,1,0,2101.3,186.4,0.0,2287.7
R1437,B,69,1,0,0,737.1,190.5,348.3,1275.9
R1438,A,63,1,1,1,563.5,20.2,867.1,1450.8
R1439,A,72,1,0,1,1970.3,622.1,396.4,2988.8
R1440,B,70,1,5,1,938.9,678.9,160.3,1778.1
R1441,A,73,1,1,1,1640.8,154.7,413.3,2208.8
R1442,A,52,0,0,0,2075.7,431.2,200.8,2707.7
R1443,B,50,1,0,1,882.8,536.7,0.0,1419.5
R1444,A,63,1,2,1,370.4,3211.9,2911.1,6493.4
R1445,A,58,1,2,1,179.6,3214.5,2008.0,5402.1
R1446,B,66,1,2,1,233.5,1242.2,645.4,2121.1
R1447,B,66,1,3,0,206.8,4010.0,1838.3,6055.1
R1448,B,75,1,1,1,597.8,1266.9,151.8,2016.5
R1449,B,65,0,2,0,1072.7,627.0,0.0,1699.7
R1450,B,77,1,1,1,342.6,2027.7,107.3,2477.6
R1451,A,56,1,1,1,171.5,1168.2,1263.7,2603.4
R1452,A,55,1,1,1,2137.7,178.7,399.3,2715.7
R1453,A,55,1,3,0,353.5,686.0,572.7,1612.2
R1454,A,72,0,1,0,2274.3,490.8,404.7,3169.8
R1455,A,71,1,1,0,1054.7,2064.6,0.0,3119.3
R1456,B,68,0,1,1,110.7,6.4,228.1,345.2
R1457,B,65,0,0,0,226.8,49.7,265.1,541.6
R1458,B,83,1,3,1,358.2,1093.9,934.1,2386.2
R1459,A,74,1,2,0,2096.7,733.1,0.0,2829.8
R1460,B,66,1,2,1,1281.2,296.3,0.0,1577.5
R1461,B,68,1,0,0,494.9,102.7,340.9,938.5
R1462,B,74,0,1,1,712.4,544.7,99.7,1356.8
R1463,B,61,0,1,1,119.0,3670.3,1982.9,5772.2
R1464,B,60,1,1,1,444.1,4666.8,194.5,5305.4
R1465,B,64,1,2,1,117.9,2814.5,7758.7,10691.1
R1466,A,58,1,0,1,1730.9,408.2,334.1,2473.2
R1467,A,43,1,1,0,2214.5,609.4,0.0,2823.9
R1468,A,67,1,1,1,945.3,68.4,192.5,1206.2
R1469,A,73,0,1,1,1272.9,75.4,525.6,1873.9
R1470,B,56,1,0,1,1078.9,699.0,0.0,1777.9
R1471,B,61,0,2,0,1089.9,230.7,0.0,1320.6
R1472,A,52,0,0,1,371.1,1718.5,0.0,2089.6
R1473,B,59,1,3,0,1331.1,444.9,0.0,1776.0
R1474,A,59,1,0,0,1209.5,127.5,502.8,1839.8
R1475,A,54,0,2,1,157.6,1533.6,309.8,2001.0
R1476,A,60,1,1,1,566.8,69.8,105.3,741.9
R1477,A,52,1,0,1,1167.3,212.5,0.0,1379.8
R1478,A,40,0,1,1,1382.2,694.1,1099.5,3175.8
R1479,A,67,1,2,1,378.5,422.1,0.0,800.6
R1480,B,69,0,1,0,1312.7,576.9,0.0,1889.6
R1481,A,59,1,0,1,1523.2,715.6,0.0,2238.8
R1482,B,70,0,1,0,1395.5,276.8,0.0,1672.3
R1483,B,71,1,0,0,812.5,201.6,0.0,1014.1
R1484,B,66,1,0,1,1292.3,182.8,0.0,1475.1
R1485,B,69,1,1,1,341.0,2386.0,2454.5,5181.5
R1486,A,61,1,0,1,558.7,1000.9,610.2,2169.8
R1487,A,55,1,0,1,2069.6,162.2,317.3,2549.1
R1488,A,65,1,0,0,1627.8,214.4,0.0,1842.2
R1489,A,54,1,1,0,2255.3,452.6,0.0,2707.9
R1490,A,71,1,1,1,1450.6,1277.7,543.7,3272.0
R1491,B,64,1,3,1,354.0,2504.7,5258.0,8116.7
R1492,B,63,0,2,0,1407.6,348.9,0.0,1756.5
R1493,B,66,0,2,1,1241.0,244.5,0.0,1485.5
R1494,B,61,1,2,0,1264.3,169.6,0.0,1433.9
R1495,B,65,1,1,1,408.4,1426.3,1681.8,3516.5
R1496,B,62,1,2,1,330.0,2009.8,8555.8,10895.6
R1497,B,67,1,1,1,1413.5,197.6,0.0,1611.1
R1498,A,53,1,0,0,1044.6,798.0,467.9,2310.5
R1499,B,76,1,1,0,316.4,1610.3,0.0,1926.7
R1500,A,66,1,1,1,2123.9,170.6,258.1,2552.6
R1501,B,72,1,3,0,692.5,850.1,758.3,2300.9
R1502,A,67,1,0,1,1326.2,144.3,483.5,1954.0
R1503,A,61,1,1,1,2138.4,179.0,0.0,2317.4
R1504,B,61,1,2,0,470.5,142.7,1253.0,1866.2
R1505,B,59,1,2,1,1223.0,422.8,1035.4,2681.2
R1506,A,66,1,1,1,1875.2,757.5,0.0,2632.7
R1507,A,60,1,2,0,1893.1,406.1,0.0,2299.2
R1508,B,55,1,1,0,927.7,972.2,280.2,2180.1
R1509,B,67,1,1,0,671.0,193.7,1071.2,1935.9
R1510,B,57,1,4,1,231.6,1960.1,3635.7,5827.4
R1511,B,56,1,5,1,345.2,1251.3,797.2,2393.7
R1512,A,65,1,0,0,1488.5,155.4,0.0,1643.9
R1513,B,56,1,0,1,1159.4,168.5,370.3,1698.2
R1514,B,63,0,3,1,1390.6,184.2,236.3,1811.1
R1515,A,65,1,1,1,363.4,49.9,71.3,484.6
R1516,A,40,1,1,1,1476.9,335.9,389.6,2202.4
R1517,B,60,1,4,1,956.7,1862.7,431.7,3251.1
R1518,B,57,1,3,1,778.6,2727.6,6202.9,9709.1
R1519,A,53,1,2,1,1785.3,150.9,5385.4,7321.6
R1520,B,70,0,3,0,592.7,136.7,2687.1,3416.5
R1521,B,64,1,3,1,325.2,1536.7,2253.7,4115.6
R1522,B,68,0,5,0,569.0,1329.4,346.3,2244.7
R1523,B,59,0,3,0,1407.0,188.7,0.0,1595.7
R1524,A,62,1,0,1,923.2,868.2,0.0,1791.4
R1525,B,71,0,3,0,1385.1,239.5,0.0,1624.6
R1526,B,68,1,0,1,1342.8,556.9,0.0,1899.7
R1527,B,54,0,0,1,1433.7,463.6,0.0,1897.3
R1528,B,61,0,3,1,1423.6,470.5,0.0,1894.1
R1529,B,76,0,3,1,830.5,98.1,346.4,1275.0
R1530,A,65,0,0,1,2250.9,160.5,0.0,2411.4
R1531,B,59,1,1,0,1300.2,108.0,0.0,1408.2
R1532,A,68,1,0,1,2039.1,101.4,150.1,2290.6
R1533,A,70,0,1,0,1358.8,1604.9,843.8,3807.5
R1534,A,57,1,1,1,1158.3,548.0,1458.7,3165.0
R1535,A,66,0,2,1,2240.7,283.5,1297.6,3821.8
R1536,A,46,1,0,1,2176.7,163.9,465.6,2806.2
R1537,A,45,1,1,0,372.4,715.6,1365.1,2453.1
R1538,A,61,0,2,0,2270.5,252.9,0.0,2523.4
R1539,A,70,0,0,1,346.7,657.2,1119.5,2123.4
R1540,B,73,1,0,1,1385.5,242.1,0.0,1627.6
R1541,A,67,1,2,0,1879.7,580.6,155.2,2615.5
R1542,B,53,1,0,0,227.0,566.3,0.0,793.3
R1543,A,43,0,1,1,2016.8,376.2,786.4,3179.4
R1544,B,60,0,2,1,1265.3,383.0,0.0,1648.3
R1545,B,67,1,2,1,353.7,47.9,772.2,1173.8
R1546,A,58,0,0,0,2246.6,142.1,0.0,2388.7
R1547,B,68,1,0,1,825.4,550.4,353.0,1728.8
R1548,B,67,1,3,1,336.9,116.8,3134.5,3588.2
R1549,A,61,0,1,1,2232.1,127.2,87.3,2446.6
R1550,B,76,1,4,1,344.5,1525.1,918.2,2787.8
R1551,B,72,1,4,1,114.3,982.0,401.0,1497.3
R1552,B,72,1,2,1,353.7,849.2,425.7,1628.6
R1553,A,59,1,1,1,1706.0,250.4,413.7,2370.1
R1554,B,61,1,1,1,106.8,580.0,2363.1,3049.9
R1555,B,76,0,1,1,1375.5,186.2,0.0,1561.7
R1556,B,69,1,3,1,1220.5,691.5,158.5,2070.5
R1557,B,74,1,0,0,1286.6,428.5,84.3,1799.4
R1558,A,68,1,0,1,551.8,1776.9,1305.1,3633.8
R1559,B,73,0,1,1,1002.2,138.0,210.0,1350.2
R1560,B,73,1,2,1,1032.8,752.9,499.2,2284.9
R1561,B,69,1,0,1,1257.1,124.5,274.6,1656.2
R1562,B,70,1,4,1,443.3,1784.5,758.8,2986.6
R1563,B,63,1,2,1,1394.5,297.5,0.0,1692.0
R1564,B,62,1,1,1,1309.8,264.2,0.0,1574.0
R1565,B,88,1,2,0,1331.2,310.7,0.0,1641.9
R1566,A,56,0,0,0,818.2,888.5,0.0,1706.7
R1567,A,53,1,1,1,2257.9,501.8,295.8,3055.5
R1568,A,57,1,0,1,1501.2,428.3,0.0,1929.5
R1569,A,63,1,4,0,1737.8,214.7,2219.5,4172.0
R1570,A,69,1,1,0,2059.3,206.9,0.0,2266.2
R1571,B,66,0,1,1,1240.2,295.6,0.0,1535.8
R1572,B,68,1,1,0,1331.3,260.1,209.5,1800.9
R1573,A,63,0,0,1,1271.8,539.1,191.1,2002.0
R1574,B,72,0,2,0,286.1,1892.3,802.2,2980.6
R1575,A,81,1,1,0,2267.2,203.4,0.0,2470.6
R1576,B,88,1,4,0,1428.9,668.3,850.0,2947.2
R1577,B,49,0,1,1,116.1,898.3,1650.6,2665.0
R1578,A,61,1,2,0,1824.5,73.6,1751.4,3649.5
R1579,B,64,0,1,0,1188.6,382.6,0.0,1571.2
R1580,B,71,1,1,0,116.7,1422.0,639.7,2178.4
R1581,B,57,1,0,0,1369.0,312.4,838.9,2520.3
R1582,B,67,1,3,1,102.0,950.4,194.5,1246.9
R1583,B,68,1,2,0,533.9,1425.5,317.1,2276.5
R1584,A,62,1,0,0,1119.0,1228.0,2223.3,4570.3
R1585,A,53,1,1,1,1444.9,251.5,338.8,2035.2
R1586,B,78,0,0,0,1397.5,369.9,0.0,1767.4
R1587,B,71,1,2,1,337.0,771.7,611.3,1720.0
R1588,A,44,0,0,1,2222.2,162.8,0.0,2385.0
R1589,B,61,0,1,0,1259.7,208.1,0.0,1467.8
R1590,B,67,0,3,1,1056.1,1467.4,710.8,3234.3
R1591,A,72,1,4,0,2195.6,520.3,1646.8,4362.7
R1592,A,87,1,0,1,1752.6,231.1,176.9,2160.6
R1593,B,60,1,2,0,1431.4,139.6,679.2,2250.2
R1594,B,76,1,1,0,340.2,1978.2,1765.5,4083.9
R1595,A,61,1,0,0,2244.7,275.2,0.0,2519.9
R1596,A,63,1,1,1,142.6,17.9,494.9,655.4
R1597,B,61,0,1,1,1418.8,146.3,0.0,1565.1
R1598,A,50,1,0,0,1782.5,144.5,0.0,1927.0
R1599,B,84,1,5,1,222.3,43.4,742.2,1007.9
R1600,A,62,1,1,0,2188.1,212.6,754.7,3155.4
R1601,B,68,1,3,0,1234.9,247.2,0.0,1482.1
R1602,A,55,1,0,0,919.7,1329.6,2815.4,5064.7
R1603,A,47,1,1,0,1925.8,307.6,282.0,2515.4
R1604,B,62,0,0,1,1404.3,103.8,0.0,1508.1
R1605,B,75,1,1,0,1339.1,279.7,0.0,1618.8
R1606,A,67,1,0,0,911.2,29.8,690.4,1631.4
R1607,A,45,0,0,1,1298.8,969.8,2083.1,4351.7
R1608,A,73,1,2,0,2114.2,197.4,218.4,2530.0
R1609,B,61,1,2,1,340.3,1750.4,0.0,2090.7
R1610,A,71,0,2,1,512.5,20.8,332.5,865.8
R1611,B,67,1,1,1,346.7,1866.7,2049.0,4262.4
R1612,A,65,1,2,0,366.5,37.0,176.4,579.9
R1613,A,45,1,1,1,2197.2,230.7,243.0,2670.9
R1614,A,70,1,2,0,1527.5,670.9,0.0,2198.4
R1615,A,48,0,0,1,548.1,770.8,0.0,1318.9
R1616,B,72,1,2,1,197.2,1692.3,3580.2,5469.7
R1617,B,64,1,3,0,1405.4,464.0,284.8,2154.2
R1618,B,70,0,0,1,1052.6,470.5,0.0,1523.1
R1619,B,70,1,1,1,118.8,565.8,977.0,1661.6
R1620,B,76,0,4,1,117.9,3025.4,4157.6,7300.9
R1621,A,53,0,0,1,2022.2,349.2,0.0,2371.4
R1622,B,76,1,1,1,448.7,3017.2,472.8,3938.7
R1623,A,54,1,0,0,1952.5,87.2,0.0,2039.7
R1624,A,64,1,2,1,727.1,1765.0,623.2,3115.3
R1625,B,63,1,2,1,238.5,1575.2,1383.3,3197.0
R1626,B,61,1,4,1,836.5,1060.1,2820.3,4716.9
R1627,A,65,1,2,0,1914.3,263.4,0.0,2177.7
R1628,B,64,0,2,1,769.4,913.7,179.2,1862.3
R1629,B,76,1,3,0,193.4,1826.1,1190.2,3209.7
R1630,B,58,1,1,1,537.1,932.7,1001.7,2471.5
R1631,B,66,1,1,1,1299.2,297.3,661.0,2257.5
R1632,B,74,1,4,0,1401.5,317.9,118.2,1837.6
R1633,B,59,1,0,0,194.5,1180.8,953.4,2328.7
R1634,A,46,1,3,1,2002.7,431.9,406.3,2840.9
R1635,B,73,1,2,0,213.3,352.0,333.6,898.9
R1636,B,62,1,0,1,469.9,20.1,158.9,648.9
R1637,B,57,1,0,1,666.9,841.9,1338.2,2847.0
R1638,A,61,0,0,1,561.2,1026.5,146.4,1734.1
R1639,A,67,1,1,0,560.4,792.1,3311.7,4664.2
R1640,A,63,1,2,1,151.1,909.7,1087.2,2148.0
R1641,A,67,0,2,0,1825.8,202.1,0.0,2027.9
R1642,B,70,0,1,1,560.9,221.7,0.0,782.6
R1643,B,66,0,3,0,119.0,1571.2,1520.8,3211.0
R1644,B,56,0,1,1,1361.6,204.1,536.8,2102.5
R1645,A,63,0,3,0,1093.9,314.4,60.1,1468.4
R1646,B,47,1,5,1,1306.9,669.8,14486.2,16462.9
R1647,B,61,1,1,1,1079.9,227.0,676.8,1983.7
R1648,B,68,1,1,1,197.6,1770.4,184.1,2152.1
R1649,A,66,0,2,1,151.6,907.3,232.2,1291.1
R1650,B,57,1,2,0,1364.3,202.8,848.6,2415.7
R1651,B,64,0,2,1,1403.5,263.2,225.1,1891.8
R1652,A,63,1,1,1,162.8,1640.7,6025.9,7829.4
R1653,A,66,1,0,1,189.6,1074.4,188.4,1452.4
R1654,A,66,1,2,0,2086.9,410.0,0.0,2496.9
R1655,A,44,1,0,0,2076.5,178.8,0.0,2255.3
R1656,B,75,1,2,0,476.1,1603.3,2637.3,4716.7
R1657,A,70,1,2,1,1939.7,346.5,259.9,2546.1
R1658,A,75,1,1,1,189.7,1420.7,3367.8,4978.2
R1659,A,67,1,1,0,2270.2,357.0,1205.3,3832.5
R1660,B,58,1,4,0,1043.4,1144.2,263.5,2451.1
R1661,B,74,1,1,0,1330.9,257.4,0.0,1588.3
R1662,B,66,1,2,0,814.7,1540.2,334.0,2688.9
R1663,B,66,1,3,1,114.8,2427.2,1398.7,3940.7
R1664,B,62,1,1,1,1427.8,454.6,0.0,1882.4
R1665,A,62,1,1,1,321.1,2460.7,1000.8,3782.6
R1666,A,49,1,1,1,1026.0,2314.5,2689.1,6029.6
R1667,B,61,0,1,1,224.4,2471.7,0.0,2696.1
R1668,B,68,1,2,1,1067.5,306.8,0.0,1374.3
R1669,B,60,1,0,0,117.0,2062.5,744.1,2923.6
R1670,B,73,1,2,1,206.0,992.0,2816.4,4014.4
R1671,A,66,1,1,1,373.0,2531.4,0.0,2904.4
R1672,B,61,0,1,1,1079.9,137.3,1261.7,2478.9
R1673,B,67,0,2,1,408.0,750.8,515.0,1673.8
R1674,A,58,1,3,0,2197.6,199.1,529.0,2925.7
R1675,B,69,1,2,1,1058.6,176.8,864.8,2100.2
R1676,B,78,0,0,1,1437.6,166.3,0.0,1603.9
R1677,B,88,1,0,0,659.0,806.0,873.0,2338.0
R1678,A,61,1,0,0,1938.0,187.1,0.0,2125.1
R1679,B,70,1,1,0,1367.9,120.4,0.0,1488.3
R1680,A,68,0,3,1,2268.6,282.4,0.0,2551.0
R1681,A,55,1,3,1,1976.2,226.2,0.0,2202.4
R1682,A,62,1,1,0,863.0,1009.9,2510.3,4383.2
R1683,B,67,1,2,0,90.3,1923.1,3068.9,5082.3
R1684,A,42,1,0,1,2263.9,240.9,795.2,3300.0
R1685,A,51,1,1,1,156.5,690.4,114.9,961.8
R1686,B,66,1,2,1,1341.7,321.2,0.0,1662.9
R1687,A,71,1,2,1,2147.0,357.5,2390.2,4894.7
R1688,B,63,1,1,0,1335.1,268.2,156.2,1759.5
R1689,A,65,1,1,1,2085.3,189.3,0.0,2274.6
R1690,A,60,1,1,0,535.9,873.1,0.0,1409.0
R1691,B,64,1,1,1,1351.8,347.3,1314.3,3013.4
R1692,B,73,1,1,0,1197.4,221.3,0.0,1418.7
R1693,B,67,0,3,1,108.5,949.5,2417.5,3475.5
R1694,A,50,1,0,0,2000.1,430.6,0.0,2430.7
R1695,B,59,1,2,1,387.1,1490.5,2076.9,3954.5
R1696,B,59,1,2,0,472.7,1343.0,1509.9,3325.6
R1697,A,71,0,2,1,2152.4,189.2,336.8,2678.4
R1698,B,63,1,3,1,1229.7,168.3,59.1,1457.1
R1699,A,50,1,1,1,727.8,1385.2,773.8,2886.8
R1700,A,52,1,2,1,1861.7,863.5,0.0,2725.2
R1701,B,62,1,3,1,1429.4,677.6,411.6,2518.6
R1702,A,52,0,1,1,2236.9,317.8,0.0,2554.7
R1703,B,74,1,3,1,235.8,1156.4,5681.4,7073.6
R1704,B,64,0,2,1,947.7,1909.3,458.4,3315.4
R1705,B,71,1,1,1,764.8,201.7,232.6,1199.1
R1706,A,55,1,0,0,2272.6,168.4,0.0,2441.0
R1707,B,79,1,3,1,1396.4,961.9,65.0,2423.3
R1708,A,62,1,1,0,1668.7,171.8,0.0,1840.5
R1709,A,60,1,0,0,2109.5,293.0,311.5,2714.0
R1710,A,65,1,0,0,2079.0,376.3,0.0,2455.3
R1711,B,69,1,2,0,469.1,840.4,1064.7,2374.2
R1712,B,79,1,2,1,456.0,965.8,438.0,1859.8
R1713,B,70,1,4,1,229.1,2015.3,2293.4,4537.8
R1714,A,61,1,0,0,2072.2,210.8,0.0,2283.0
R1715,B,67,1,0,1,113.6,2789.5,932.7,3835.8
R1716,A,64,0,0,0,2275.0,255.8,618.0,3148.8
R1717,B,66,0,1,1,582.4,1176.3,0.0,1758.7
R1718,A,63,0,2,1,1780.6,335.4,0.0,2116.0
R1719,A,64,0,1,0,1892.5,182.9,0.0,2075.4
R1720,B,64,1,1,1,717.2,870.2,1547.1,3134.5
R1721,B,71,0,3,0,1297.5,253.3,137.9,1688.7
R1722,B,62,0,0,1,1396.7,224.5,0.0,1621.2
R1723,B,49,0,0,0,101.0,1699.7,0.0,1800.7
R1724,A,55,1,1,1,376.1,973.4,144.8,1494.3
R1725,B,66,1,0,0,583.4,1239.8,1465.5,3288.7
R1726,A,53,1,0,1,1813.8,113.8,661.0,2588.6
R1727,B,65,0,0,1,584.4,64.7,202.6,851.7
R1728,B,76,1,1,0,111.2,1101.0,635.4,1847.6
R1729,A,67,0,1,0,1511.9,854.7,1163.6,3530.2
R1730,A,68,1,1,0,2212.7,134.7,163.3,2510.7
R1731,B,70,1,1,1,108.7,1451.6,636.0,2196.3
R1732,B,58,1,2,1,593.3,982.5,0.0,1575.8
R1733,B,80,1,0,1,115.3,1987.7,1973.4,4076.4
R1734,B,76,1,6,1,949.8,1888.5,176.4,3014.7
R1735,A,73,0,0,0,376.9,44.6,453.1,874.6
R1736,A,48,1,1,1,2021.8,349.7,0.0,2371.5
R1737,A,62,0,1,0,1509.3,162.9,511.7,2183.9
R1738,B,83,1,4,1,1426.3,257.6,703.2,2387.1
R1739,B,70,0,3,0,370.0,168.5,0.0,538.5
R1740,A,71,1,1,0,539.8,36.7,2934.0,3510.5
R1741,A,81,1,3,0,1480.4,1589.4,0.0,3069.8
R1742,B,70,1,3,1,1086.3,609.0,0.0,1695.3
R1743,B,56,0,1,1,704.3,55.9,661.1,1421.3
R1744,A,48,0,0,0,2004.9,313.1,0.0,2318.0
R1745,B,64,1,2,1,1036.0,875.0,0.0,1911.0
R1746,B,71,1,3,1,428.4,660.7,1127.9,2217.0
R1747,A,54,1,0,0,133.4,2539.0,312.2,2984.6
R1748,B,68,1,2,1,330.8,2061.9,0.0,2392.7
R1749,B,62,1,3,1,116.8,1815.9,2476.4,4409.1
R1750,B,72,1,3,1,718.9,143.8,262.0,1124.7
R1751,B,68,1,2,1,1363.0,159.4,0.0,1522.4
R1752,B,65,0,0,1,654.7,350.8,512.4,1517.9
R1753,B,59,1,3,1,1434.9,657.0,0.0,2091.9
R1754,B,61,1,1,1,334.2,846.8,0.0,1181.0
R1755,A,83,1,1,1,2134.8,414.4,84.2,2633.4
R1756,A,62,0,0,0,2168.6,154.7,0.0,2323.3
R1757,B,49,0,0,1,562.6,1109.1,8178.8,9850.5
R1758,A,54,1,0,1,446.0,2516.0,0.0,2962.0
R1759,B,62,0,1,1,1329.3,304.4,0.0,1633.7
R1760,B,76,1,1,1,1274.0,220.6,1014.0,2508.6
R1761,B,67,1,3,0,215.8,2792.8,88.7,3097.3
R1762,B,63,1,1,1,1402.2,150.8,0.0,1553.0
R1763,A,57,0,0,1,373.9,789.8,1484.3,2648.0
R1764,B,68,0,1,1,1300.8,480.8,0.0,1781.6
R1765,B,67,1,6,1,454.9,176.6,97.0,728.5
R1766,A,55,1,1,0,2041.2,273.7,0.0,2314.9
R1767,A,62,1,2,1,906.2,820.8,526.4,2253.4
R1768,B,73,1,3,1,216.4,50.2,291.4,558.0
R1769,A,74,1,2,1,1762.5,239.0,279.5,2281.0
R1770,A,74,1,0,1,2252.3,211.3,4852.3,7315.9
R1771,B,67,1,4,0,1366.9,330.5,0.0,1697.4
R1772,B,59,0,4,1,1309.5,942.8,0.0,2252.3
R1773,B,80,1,2,1,101.5,19.0,997.4,1117.9
R1774,B,68,1,1,0,554.5,35.5,0.0,590.0
R1775,A,50,1,0,1,1500.5,453.4,712.2,2666.1
R1776,B,60,0,1,1,117.5,2545.7,102.8,2766.0
R1777,A,65,1,4,0,2198.0,191.1,0.0,2389.1
R1778,A,52,1,2,0,2206.1,845.3,0.0,3051.4
R1779,A,50,1,1,0,944.7,89.3,946.4,1980.4
R1780,A,55,1,0,1,185.5,8.2,908.6,1102.3
R1781,A,65,0,1,0,1400.2,572.8,0.0,1973.0
R1782,B,58,1,4,1,1330.4,636.8,0.0,1967.2
R1783,A,64,1,1,1,328.0,1007.5,1207.9,2543.4
R1784,B,56,0,0,1,347.5,2374.0,437.8,3159.3
R1785,B,62,1,0,1,119.7,560.3,0.0,680.0
R1786,A,54,1,0,1,924.8,341.0,561.5,1827.3
R1787,B,48,1,3,1,117.9,1417.0,1126.2,2661.1
R1788,B,64,1,4,0,575.2,1932.6,6259.0,8766.8
R1789,B,64,0,1,1,239.6,12.8,316.9,569.3
R1790,B,78,1,2,1,342.5,2020.1,0.0,2362.6
R1791,B,68,0,2,1,516.8,589.1,0.0,1105.9
R1792,A,54,1,2,0,484.7,1205.7,0.0,1690.4
R1793,B,47,1,0,0,1050.8,166.4,0.0,1217.2
R1794,B,47,1,2,0,1410.9,187.4,601.6,2199.9
R1795,A,63,1,1,1,2174.5,199.6,0.0,2374.1
R1796,B,76,1,1,1,690.0,798.4,0.0,1488.4
R1797,B,64,1,3,0,1436.5,389.2,129.8,1955.5
R1798,B,72,1,2,1,118.9,1078.7,1620.4,2818.0
R1799,B,66,0,1,0,1389.1,298.2,222.3,1909.6
R1800,B,60,1,2,0,926.8,1472.0,1904.0,4302.8
R1801,A,69,1,1,1,2265.2,174.5,0.0,2439.7
R1802,B,62,0,1,1,1247.7,181.8,2007.2,3436.7
R1803,B,56,1,1,1,118.7,3367.7,2260.4,5746.8
R1804,A,63,1,0,1,2230.9,262.7,0.0,2493.6
R1805,A,63,1,3,1,2050.3,656.5,1408.9,4115.7
R1806,B,61,0,1,1,941.7,243.3,274.8,1459.8
R1807,A,62,1,0,1,1312.8,652.5,0.0,1965.3
R1808,B,48,1,0,1,1215.8,111.6,872.8,2200.2
R1809,A,56,1,0,0,357.4,1778.3,2952.8,5088.5
R1810,B,63,1,1,0,1321.7,156.9,297.3,1775.9
R1811,B,55,0,0,0,1367.3,98.0,0.0,1465.3
R1812,B,61,1,2,1,358.2,724.2,1004.1,2086.5
R1813,B,62,0,3,1,1305.0,129.4,0.0,1434.4
R1814,B,69,1,2,0,1424.2,179.8,0.0,1604.0
R1815,A,59,1,0,1,2161.3,274.1,0.0,2435.4
R1816,A,54,0,1,0,177.4,680.3,1047.3,1905.0
R1817,B,57,1,1,1,1234.5,136.6,262.0,1633.1
R1818,A,67,0,2,0,1841.6,376.2,1303.6,3521.4
R1819,A,62,1,2,0,2172.8,182.2,0.0,2355.0
R1820,A,54,0,3,0,322.3,71.9,3789.7,4183.9
R1821,A,61,0,0,1,923.8,371.6,216.5,1511.9
R1822,A,66,0,1,1,342.0,631.6,331.4,1305.0
R1823,A,70,0,2,1,1978.9,337.9,0.0,2316.8
R1824,A,59,1,0,1,1838.5,193.5,3262.0,5294.0
R1825,B,62,1,2,1,234.6,33.1,4876.7,5144.4
R1826,B,72,0,3,1,207.5,31.9,930.9,1170.3
R1827,A,54,1,0,0,2006.1,227.4,298.8,2532.3
R1828,B,59,1,2,1,1259.5,391.8,0.0,1651.3
R1829,A,48,1,1,0,2107.5,198.3,0.0,2305.8
R1830,B,71,1,0,1,345.8,855.7,1125.9,2327.4
R1831,B,63,1,2,1,880.9,338.1,0.0,1219.0
R1832,B,71,0,1,1,453.2,112.4,310.3,875.9
R1833,B,88,1,6,1,1161.1,822.9,441.4,2425.4
R1834,B,52,1,2,0,1424.8,167.9,0.0,1592.7
R1835,A,58,1,0,1,181.3,270.9,229.6,681.8
R1836,B,67,1,1,1,238.1,1249.2,0.0,1487.3
R1837,B,64,0,1,0,1393.9,219.3,0.0,1613.2
R1838,A,62,1,1,1,1805.1,369.6,0.0,2174.7
R1839,B,73,1,2,1,235.7,1735.9,592.2,2563.8
R1840,B,64,1,5,0,239.2,1862.5,3546.6,5648.3
R1841,A,51,1,0,1,2254.4,215.8,0.0,2470.2
R1842,B,69,0,2,1,1423.9,392.8,531.8,2348.5
R1843,B,55,0,2,0,1346.6,254.6,0.0,1601.2
R1844,A,57,0,0,1,2132.4,115.0,20.8,2268.2
R1845,B,84,1,2,1,341.4,1314.6,790.9,2446.9
R1846,B,78,1,1,1,566.1,478.6,288.9,1333.6
R1847,A,58,1,2,0,2249.6,242.1,0.0,2491.7
R1848,B,76,1,1,1,1081.5,630.2,129.5,1841.2
R1849,B,69,0,2,1,470.7,2094.3,253.2,2818.2
R1850,A,48,1,0,1,303.7,1982.1,508.0,2793.8
R1851,B,47,1,0,1,1432.4,223.1,0.0,1655.5
R1852,B,68,0,2,0,1406.3,278.7,476.3,2161.3
R1853,A,56,1,0,1,378.8,987.4,144.4,1510.6
R1854,A,81,1,2,1,674.3,1234.2,421.2,2329.7
R1855,B,62,1,0,1,1030.6,102.9,0.0,1133.5
R1856,A,66,1,1,0,1654.1,865.9,0.0,2520.0
R1857,B,59,1,0,1,1207.1,236.4,0.0,1443.5
R1858,B,63,1,1,0,1431.2,615.6,0.0,2046.8
R1859,B,67,1,0,0,98.9,644.3,428.1,1171.3
R1860,B,70,0,1,1,925.7,1054.2,0.0,1979.9
R1861,A,54,1,2,1,848.9,1379.3,274.2,2502.4
R1862,A,69,1,4,0,2216.8,314.7,425.7,2957.2
R1863,B,61,1,1,1,1205.7,115.9,0.0,1321.6
R1864,A,67,0,1,1,371.4,44.0,417.4,832.8
R1865,A,80,1,1,0,509.3,821.7,643.5,1974.5
R1866,B,53,1,2,1,447.3,41.0,464.0,952.3
R1867,B,56,0,1,1,108.3,823.7,398.5,1330.5
R1868,A,56,1,2,0,1270.2,1069.3,537.4,2876.9
R1869,B,65,1,0,1,947.2,96.7,2354.1,3398.0
R1870,B,67,1,1,1,877.9,95.9,3965.4,4939.2
R1871,A,63,1,1,1,1725.8,205.1,0.0,1930.9
R1872,A,55,1,0,1,517.8,1941.8,99.2,2558.8
R1873,A,70,1,1,1,373.4,1026.7,66.1,1466.2
R1874,A,68,1,1,1,1984.3,248.3,1470.4,3703.0
R1875,B,67,0,1,0,837.5,1276.1,4331.2,6444.8
R1876,B,64,1,3,1,419.7,2131.6,7673.6,10224.9
R1877,B,57,0,1,1,1127.7,166.2,1293.6,2587.5
R1878,A,74,1,1,1,2104.8,102.2,0.0,2207.0
R1879,A,56,1,4,0,2190.9,491.4,816.9,3499.2
R1880,B,62,1,1,0,563.6,1509.6,846.2,2919.4
R1881,A,48,1,2,1,2276.4,202.0,0.0,2478.4
R1882,A,68,1,0,0,2279.0,275.7,0.0,2554.7
R1883,B,64,1,2,0,1212.2,587.7,0.0,1799.9
R1884,B,66,0,2,0,1401.1,298.1,0.0,1699.2
R1885,B,68,1,4,0,801.5,1658.7,175.9,2636.1
R1886,A,72,1,0,0,2190.0,284.4,0.0,2474.4
R1887,B,66,0,0,0,351.1,923.6,265.5,1540.2
R1888,A,62,1,1,0,1829.9,123.3,1477.6,3430.8
R1889,B,72,0,4,1,407.5,1533.9,260.0,2201.4
R1890,A,61,1,0,1,1898.0,326.5,0.0,2224.5
R1891,A,76,1,1,1,699.9,52.0,4435.6,5187.5
R1892,B,71,0,2,1,504.2,181.0,1019.3,1704.5
R1893,A,53,1,0,1,2134.7,141.5,0.0,2276.2
R1894,B,59,1,0,0,1297.1,151.7,0.0,1448.8
R1895,A,50,0,0,1,646.5,575.5,228.3,1450.3
R1896,B,67,1,2,1,909.3,2108.1,761.5,3778.9
R1897,A,52,1,1,1,778.8,1412.9,544.5,2736.2
R1898,A,51,0,1,1,2271.2,421.6,950.4,3643.2
R1899,A,57,0,0,1,2218.3,490.4,200.9,2909.6
R1900,B,78,1,2,1,237.3,72.5,401.1,710.9
R1901,B,65,1,1,1,765.1,940.1,1774.6,3479.8
R1902,A,46,1,0,1,1901.0,375.2,688.7,2964.9
R1903,B,64,1,0,1,556.1,56.6,154.9,767.6
R1904,B,56,1,0,1,1334.3,204.0,0.0,1538.3
R1905,B,58,1,1,0,824.1,931.1,1306.8,3062.0
R1906,A,58,1,0,0,2210.6,340.5,0.0,2551.1
R1907,B,71,1,3,1,1130.1,760.3,0.0,1890.4
R1908,A,66,1,1,0,2026.1,203.7,0.0,2229.8
R1909,B,67,1,1,1,236.9,1211.6,2391.9,3840.4
R1910,B,75,0,1,0,114.9,11.8,1176.0,1302.7
R1911,A,64,1,0,1,1471.6,406.6,1057.1,2935.3
R1912,B,58,1,0,0,1418.9,447.1,0.0,1866.0
R1913,B,61,1,1,0,1378.9,268.5,0.0,1647.4
R1914,B,65,1,3,1,312.9,2644.4,0.0,2957.3
R1915,B,67,1,3,1,681.6,190.2,0.0,871.8
R1916,A,66,1,0,1,165.4,16.2,219.2,400.8
R1917,B,48,1,0,1,1301.7,365.4,0.0,1667.1
R1918,B,73,1,3,1,1157.1,123.3,1101.3,2381.7
R1919,A,59,0,1,1,1406.1,872.1,421.0,2699.2
R1920,B,76,1,5,0,818.5,1868.9,1107.7,3795.1
R1921,B,71,1,1,1,110.6,2806.0,771.5,3688.1
R1922,A,51,1,0,1,2257.5,182.5,619.1,3059.1
R1923,B,87,0,3,1,1156.5,427.0,0.0,1583.5
R1924,B,59,0,3,0,1375.2,505.4,0.0,1880.6
R1925,B,72,1,2,1,588.4,1104.3,616.2,2308.9
R1926,B,63,1,1,0,246.1,1082.0,1213.4,2541.5
R1927,B,48,1,0,0,233.4,9.0,0.0,242.4
R1928,B,65,1,0,1,1393.6,99.0,0.0,1492.6
R1929,B,49,1,1,0,1432.9,142.0,0.0,1574.9
R1930,B,62,0,4,0,1204.2,325.9,0.0,1530.1
R1931,A,53,1,0,1,1885.9,528.5,949.2,3363.6
R1932,A,61,1,0,1,887.1,1281.1,0.0,2168.2
R1933,A,72,1,0,0,874.8,518.7,985.9,2379.4
R1934,A,60,1,1,1,1117.6,241.5,348.4,1707.5
R1935,B,71,1,1,1,326.0,1503.8,825.2,2655.0
R1936,B,69,1,1,1,238.7,44.3,0.0,283.0
R1937,B,64,1,0,1,1299.9,85.8,107.8,1493.5
R1938,A,61,0,0,1,2113.3,250.4,0.0,2363.7
R1939,A,58,1,1,1,2222.5,138.5,0.0,2361.0
R1940,A,51,1,0,1,365.3,1202.2,165.6,1733.1
R1941,B,61,1,1,0,230.7,28.9,211.8,471.4
R1942,B,63,0,2,1,571.9,621.5,4878.3,6071.7
R1943,B,86,0,1,1,930.4,437.7,121.5,1489.6
R1944,B,66,1,1,0,1362.9,363.4,614.2,2340.5
R1945,B,52,1,2,0,1415.8,130.5,0.0,1546.3
R1946,B,75,1,2,1,1301.5,244.8,1195.9,2742.2
R1947,A,56,1,0,0,2204.8,283.9,1276.0,3764.7
R1948,B,56,1,0,1,514.5,2126.7,269.1,2910.3
R1949,A,85,1,2,1,1102.4,106.2,167.6,1376.2
R1950,B,66,1,2,1,872.1,119.5,3240.6,4232.2
R1951,B,71,1,1,1,217.1,28.8,0.0,245.9
R1952,A,51,1,0,0,748.4,504.7,741.5,1994.6
R1953,A,59,1,0,0,1623.9,181.7,535.2,2340.8
R1954,B,44,1,0,1,1060.0,359.6,0.0,1419.6
R1955,B,54,1,1,0,1261.8,168.6,0.0,1430.4
R1956,A,54,0,3,0,169.2,1153.4,839.4,2162.0
R1957,B,68,1,2,1,480.5,793.0,0.0,1273.5
R1958,B,75,1,3,1,436.0,1659.9,3636.5,5732.4
R1959,A,48,1,1,0,905.6,694.0,1417.1,3016.7
R1960,A,64,1,0,1,1825.1,135.9,965.3,2926.3
R1961,A,46,0,0,1,2224.2,128.7,0.0,2352.9
R1962,B,57,1,1,1,184.8,822.6,2606.0,3613.4
R1963,A,67,0,1,0,1043.7,1040.5,1965.4,4049.6
R1964,A,66,1,0,0,2170.3,232.0,592.9,2995.2
R1965,B,67,1,1,1,1343.1,499.4,1212.3,3054.8
R1966,A,62,1,3,0,1998.8,135.5,0.0,2134.3
R1967,B,57,1,0,1,991.7,505.5,0.0,1497.2
R1968,A,68,0,0,1,860.6,2538.4,356.4,3755.4
R1969,A,64,1,0,1,1466.2,160.9,6982.2,8609.3
R1970,B,57,1,0,0,1047.8,251.4,101.1,1400.3
R1971,A,61,1,1,0,1817.7,422.5,5591.2,7831.4
R1972,A,56,0,1,0,741.4,1470.4,329.5,2541.3
R1973,A,63,0,0,0,552.1,1842.9,1108.3,3503.3
R1974,B,54,0,1,0,1183.1,203.7,0.0,1386.8
R1975,A,67,1,2,1,1885.9,314.8,208.1,2408.8
R1976,A,64,1,0,0,2241.2,286.6,1478.0,4005.8
R1977,B,65,1,2,1,807.5,1133.1,0.0,1940.6
R1978,B,54,0,0,0,359.9,644.6,287.5,1292.0
R1979,B,61,0,2,1,1113.2,598.3,49.2,1760.7
R1980,A,76,1,1,1,2128.6,178.6,0.0,2307.2
R1981,B,62,0,0,1,1418.8,200.2,0.0,1619.0
R1982,A,59,0,1,1,326.0,44.3,0.0,370.3
R1983,A,56,1,1,1,379.4,1797.2,629.8,2806.4
R1984,B,62,1,1,0,1434.2,402.2,0.0,1836.4
R1985,B,76,0,2,0,333.7,846.4,2535.8,3715.9
R1986,A,52,1,1,1,2111.8,99.7,0.0,2211.5
R1987,B,79,1,0,1,113.3,1193.2,1513.6,2820.1
R1988,B,52,0,1,0,433.2,1621.9,685.4,2740.5
R1989,B,70,1,1,1,342.9,34.3,148.5,525.7
R1990,B,77,0,0,1,454.9,1505.4,0.0,1960.3
R1991,B,69,1,0,1,1242.7,340.7,1510.3,3093.7
R1992,A,59,1,3,0,547.0,960.8,681.6,2189.4
R1993,A,62,0,1,1,1423.2,315.9,244.3,1983.4
R1994,B,62,1,1,1,1220.0,91.0,0.0,1311.0
R1995,B,66,0,0,0,697.9,382.9,0.0,1080.8
R1996,B,59,1,4,0,1402.6,285.1,708.7,2396.4
R1997,A,67,0,1,1,2159.1,190.9,429.8,2779.8
R1998,B,79,1,3,1,1275.6,241.1,431.4,1948.1
R1999,B,69,1,0,0,1300.3,358.5,0.0,1658.8
R2000,A,45,1,0,0,2265.5,453.7,459.1,3178.3
R2001,B,64,1,2,1,1238.8,457.6,0.0,1696.4
R2002,B,64,0,2,0,1372.1,189.6,0.0,1561.7
R2003,B,59,1,0,1,865.2,1474.7,1520.6,3860.5
R2004,B,74,1,1,0,1173.2,539.1,2942.4,4654.7
R2005,A,65,1,1,1,914.9,54.2,0.0,969.1
R2006,A,65,1,0,1,948.1,1379.9,0.0,2328.0
R2007,B,72,1,1,0,417.4,613.9,859.1,1890.4
R2008,A,65,1,0,0,1361.3,187.6,1130.5,2679.4
R2009,A,46,0,0,1,914.2,1491.3,324.8,2730.3
R2010,A,65,0,1,1,2215.3,240.0,369.8,2825.1
R2011,A,64,1,2,0,1428.5,856.1,529.5,2814.1
R2012,B,74,1,1,1,944.0,1177.1,1276.0,3397.1
R2013,B,64,0,0,1,1325.4,302.3,0.0,1627.7
R2014,B,69,1,1,0,107.2,788.9,191.8,1087.9
R2015,A,55,1,0,1,2229.1,247.9,0.0,2477.0
R2016,B,67,1,3,0,333.1,922.5,1095.3,2350.9
R2017,A,57,1,0,0,1123.2,908.5,0.0,2031.7
R2018,B,62,0,1,0,346.7,22.7,299.6,669.0
R2019,A,64,1,1,0,189.3,3594.7,1247.3,5031.3
R2020,B,61,1,0,1,1142.4,174.8,0.0,1317.2
R2021,B,49,1,0,1,336.0,852.8,953.0,2141.8
R2022,B,74,1,3,0,117.2,2.9,652.4,772.5
R2023,B,69,1,1,0,564.8,672.9,0.0,1237.7
R2024,B,70,1,1,1,467.9,909.6,336.1,1713.6
R2025,B,67,1,0,1,1253.2,93.2,133.3,1479.7
R2026,B,58,1,1,1,105.4,10.7,365.2,481.3
R2027,B,52,1,3,0,932.3,830.1,4300.4,6062.8
R2028,A,69,1,3,0,1762.4,200.0,370.8,2333.2
R2029,B,69,0,0,1,231.3,526.9,656.0,1414.2
R2030,A,71,0,2,1,751.5,2566.0,2059.2,5376.7
R2031,B,64,0,2,1,1387.3,156.6,0.0,1543.9
R2032,A,56,1,0,0,186.2,1155.8,261.9,1603.9
R2033,B,69,1,2,1,1259.3,295.3,0.0,1554.6
R2034,B,68,1,6,1,111.2,29.5,1118.2,1258.9
R2035,A,63,0,1,1,741.9,92.6,607.5,1442.0
R2036,B,61,1,1,1,114.7,437.5,624.2,1176.4
R2037,B,71,1,1,1,479.4,1360.4,0.0,1839.8
R2038,B,41,0,0,1,235.4,2600.7,2078.3,4914.4
R2039,A,61,1,2,0,1688.7,165.2,1596.4,3450.3
R2040,A,47,0,1,1,2244.9,184.4,0.0,2429.3
R2041,B,70,1,0,1,109.3,3089.8,0.0,3199.1
R2042,B,68,1,3,1,339.7,29.5,422.7,791.9
R2043,A,45,1,1,1,505.3,1158.2,1034.7,2698.2
R2044,B,68,1,4,1,1204.8,351.9,0.0,1556.7
R2045,A,63,1,0,0,1497.6,184.9,0.0,1682.5
R2046,A,60,1,2,0,2158.8,224.2,0.0,2383.0
R2047,B,67,1,1,1,306.7,826.7,0.0,1133.4
R2048,B,77,1,2,1,764.6,1247.2,1653.7,3665.5
R2049,A,68,1,2,1,2278.2,337.0,0.0,2615.2
R2050,B,67,0,3,1,608.3,309.2,1545.3,2462.8
R2051,A,65,0,0,0,2266.2,473.8,346.1,3086.1
R2052,B,71,1,0,1,1084.3,282.8,0.0,1367.1
R2053,B,76,1,4,0,1436.8,920.4,0.0,2357.2
R2054,A,51,1,2,1,2249.1,140.7,0.0,2389.8
R2055,B,77,1,2,1,503.4,49.4,4548.1,5100.9
R2056,A,65,1,1,1,2233.1,225.7,0.0,2458.8
R2057,B,43,1,0,0,1372.1,174.7,1551.2,3098.0
R2058,A,56,1,0,1,2240.5,179.6,223.6,2643.7
R2059,A,65,0,0,0,418.9,89.6,0.0,508.5
R2060,B,69,0,2,1,1415.4,273.1,215.4,1903.9
R2061,A,66,1,0,1,1909.9,217.6,0.0,2127.5
R2062,B,76,0,4,0,479.4,129.1,0.0,608.5
R2063,A,69,1,1,1,2077.3,514.0,0.0,2591.3
R2064,A,65,0,0,1,1893.6,179.0,340.4,2413.0
R2065,A,66,1,1,1,1991.2,124.5,0.0,2115.7
R2066,B,82,1,0,1,1396.0,76.1,61.3,1533.4
R2067,A,77,0,3,0,2173.7,406.7,222.3,2802.7
R2068,B,59,1,0,1,924.8,800.8,0.0,1725.6
R2069,A,62,1,0,1,141.2,1196.3,385.3,1722.8
R2070,A,40,0,0,0,2143.3,98.1,0.0,2241.4
R2071,A,47,1,0,0,2261.4,162.2,0.0,2423.6
R2072,A,62,1,1,1,189.8,2059.0,168.1,2416.9
R2073,B,59,1,3,0,1413.1,225.0,985.6,2623.7
R2074,B,73,1,3,1,712.4,206.3,1846.4,2765.1
R2075,A,69,1,0,1,2247.2,175.0,0.0,2422.2
R2076,B,57,1,1,1,453.2,1843.8,873.1,3170.1
R2077,B,54,1,1,1,1353.8,375.2,0.0,1729.0
R2078,B,52,1,1,1,1311.2,727.6,0.0,2038.8
R2079,A,56,0,2,0,2219.0,414.0,0.0,2633.0
R2080,A,53,1,1,0,1872.4,176.9,4125.8,6175.1
R2081,A,62,1,0,1,161.9,27.7,348.6,538.2
R2082,B,62,1,1,0,703.9,928.0,0.0,1631.9
R2083,A,62,1,1,1,2059.1,172.6,174.3,2406.0
R2084,B,61,1,3,0,119.5,1598.9,2173.5,3891.9
R2085,B,84,1,1,1,945.5,130.6,883.7,1959.8
R2086,B,63,1,0,1,884.4,550.9,1136.5,2571.8
R2087,B,53,1,3,1,317.5,3275.2,449.4,4042.1
R2088,B,70,1,2,1,1215.4,299.6,380.9,1895.9
R2089,A,63,1,0,1,2264.3,226.2,0.0,2490.5
R2090,A,76,1,1,0,1706.5,728.7,0.0,2435.2
R2091,B,80,0,3,1,1014.3,439.1,1089.0,2542.4
R2092,A,70,1,1,0,841.1,302.6,314.5,1458.2
R2093,B,72,1,2,0,1239.0,224.7,260.9,1724.6
R2094,A,47,0,0,1,1800.0,327.7,0.0,2127.7
R2095,B,60,1,2,0,590.5,79.4,0.0,669.9
R2096,B,51,0,2,1,694.6,1074.8,202.8,1972.2
R2097,A,60,1,0,0,2041.2,168.2,0.0,2209.4
R2098,B,82,1,1,0,1277.8,206.3,0.0,1484.1
R2099,B,58,1,2,0,1421.6,381.4,0.0,1803.0
R2100,A,58,1,1,1,2099.4,133.8,1265.5,3498.7
R2101,B,63,1,1,1,115.0,975.7,1421.0,2511.7
R2102,B,70,0,0,1,324.2,1716.6,0.0,2040.8
R2103,B,68,1,0,0,1208.2,297.1,0.0,1505.3
R2104,A,69,1,2,0,186.6,60.8,0.0,247.4
R2105,A,59,0,1,0,1921.8,276.3,95.4,2293.5
R2106,B,64,1,0,1,118.7,231.8,358.4,708.9
R2107,B,58,0,1,0,1305.7,415.2,2428.5,4149.4
R2108,A,68,1,4,1,366.3,33.6,3873.2,4273.1
R2109,B,40,1,1,1,254.2,1011.2,323.6,1589.0
R2110,A,69,0,5,1,1559.5,251.6,327.0,2138.1
R2111,A,57,1,1,1,756.5,979.4,1290.8,3026.7
R2112,A,43,0,1,1,1123.7,1769.0,1324.0,4216.7
R2113,B,65,1,0,1,113.3,2921.3,927.0,3961.6
R2114,B,70,1,2,1,111.7,16.8,1891.8,2020.3
R2115,B,73,1,2,1,784.1,2064.6,398.9,3247.6
R2116,B,69,0,1,0,234.1,1289.9,691.6,2215.6
R2117,B,69,1,1,1,1369.6,331.2,0.0,1700.8
R2118,A,73,1,2,0,2103.3,131.9,58.6,2293.8
R2119,A,65,1,2,1,2275.1,238.5,0.0,2513.6
R2120,A,68,0,0,1,2195.6,174.2,0.0,2369.8
R2121,B,74,1,1,0,802.6,526.8,0.0,1329.4
R2122,B,58,1,0,1,1419.7,75.3,0.0,1495.0
R2123,B,72,1,1,0,716.9,796.8,828.9,2342.6
R2124,B,48,1,0,0,1347.9,179.0,0.0,1526.9
R2125,A,79,1,0,1,1656.8,340.5,598.3,2595.6
R2126,B,55,1,1,1,117.7,153.9,2017.6,2289.2
R2127,B,55,0,0,1,1151.0,495.3,0.0,1646.3
R2128,A,61,1,3,1,721.2,2278.9,58.3,3058.4
R2129,B,63,0,2,1,1409.1,279.1,131.0,1819.2
R2130,A,61,1,0,1,1898.1,112.0,0.0,2010.1
R2131,B,49,1,2,1,409.9,262.0,3001.3,3673.2
R2132,B,53,1,0,1,715.9,130.7,1511.1,2357.7
R2133,A,66,1,2,0,1578.6,627.1,429.3,2635.0
R2134,B,64,1,3,1,1279.9,260.7,717.0,2257.6
R2135,B,71,1,1,1,212.5,2295.2,535.5,3043.2
R2136,B,63,1,2,1,94.8,1250.3,1033.9,2379.0
R2137,B,67,0,5,0,239.1,33.8,1712.0,1984.9
R2138,A,65,1,0,1,2065.1,401.2,0.0,2466.3
R2139,A,57,1,2,1,696.1,1566.5,2428.1,4690.7
R2140,B,74,1,4,1,237.7,27.9,341.6,607.2
R2141,A,54,0,3,1,2069.3,316.5,207.6,2593.4
R2142,B,65,1,5,0,1197.9,1503.4,0.0,2701.3
R2143,A,57,1,0,1,354.5,1177.1,0.0,1531.6
R2144,B,64,1,3,1,574.3,132.3,654.2,1360.8
R2145,A,76,1,0,0,1769.6,1499.5,0.0,3269.1
R2146,B,59,1,1,1,1155.7,952.5,0.0,2108.2
R2147,B,75,1,4,0,1122.7,398.1,700.6,2221.4
R2148,B,77,0,1,1,1311.4,163.4,445.6,1920.4
R2149,B,40,1,1,1,1386.4,108.7,0.0,1495.1
R2150,B,62,1,0,1,197.7,321.7,307.7,827.1
R2151,A,59,1,2,1,2233.4,220.6,80.1,2534.1
R2152,B,71,1,1,1,223.4,394.5,494.9,1112.8
R2153,A,67,0,0,1,2208.2,196.8,0.0,2405.0
R2154,B,70,1,0,1,654.0,94.9,730.8,1479.7
R2155,B,57,1,2,1,897.2,666.1,0.0,1563.3
R2156,B,54,0,0,0,1337.2,103.7,523.6,1964.5
R2157,A,53,0,1,1,1887.3,420.5,4315.7,6623.5
R2158,B,81,0,0,0,1338.5,196.7,0.0,1535.2
R2159,B,82,1,2,0,1290.3,324.2,1737.7,3352.2
R2160,B,71,0,2,1,552.2,43.6,1163.5,1759.3
R2161,A,54,1,1,1,2192.2,187.1,0.0,2379.3
R2162,A,67,1,1,1,757.4,1450.2,3111.4,5319.0
R2163,A,54,1,0,0,2268.0,253.6,0.0,2521.6
R2164,B,64,1,0,0,572.7,764.1,3069.9,4406.7
R2165,A,67,1,2,0,2032.9,511.5,0.0,2544.4
R2166,B,59,0,0,0,596.1,1027.8,596.7,2220.6
R2167,B,65,1,3,1,229.9,724.7,585.7,1540.3
R2168,A,66,0,0,0,2103.0,274.2,438.2,2815.4
R2169,A,56,0,0,1,158.9,305.7,379.8,844.4
R2170,B,67,1,1,0,479.4,1955.4,0.0,2434.8
R2171,A,58,1,0,1,2018.7,123.1,0.0,2141.8
R2172,B,72,0,2,0,102.9,2.3,88.3,193.5
R2173,A,75,1,4,0,2233.3,242.6,344.3,2820.2
R2174,A,77,1,1,0,933.4,840.1,2527.9,4301.4
R2175,A,49,1,1,0,2121.4,316.8,0.0,2438.2
R2176,A,54,1,1,1,2179.3,602.7,0.0,2782.0
R2177,A,66,0,0,1,2091.4,273.3,0.0,2364.7
R2178,A,58,0,1,1,1969.0,490.7,0.0,2459.7
R2179,B,55,1,1,1,1336.4,606.4,74.9,2017.7
R2180,A,86,1,3,1,2210.2,559.9,89.3,2859.4
R2181,A,51,1,1,0,1775.4,529.1,0.0,2304.5
R2182,A,74,1,2,1,2113.3,391.0,0.0,2504.3
R2183,A,72,1,1,0,1077.2,51.3,0.0,1128.5
R2184,B,63,1,2,0,1248.1,1089.5,3008.5,5346.1
R2185,B,51,1,2,1,1183.1,121.6,0.0,1304.7
R2186,B,64,0,0,1,1415.0,202.9,1120.0,2737.9
R2187,A,65,1,0,0,1823.0,103.9,316.2,2243.1
R2188,B,65,0,1,0,684.1,82.2,0.0,766.3
R2189,B,64,0,2,0,111.2,5711.8,5677.6,11500.6
R2190,B,60,0,1,1,1267.2,233.5,0.0,1500.7
R2191,A,58,1,2,1,925.2,97.8,562.4,1585.4
R2192,B,51,1,1,1,627.6,797.3,0.0,1424.9
R2193,A,56,1,0,0,553.9,938.6,140.9,1633.4
R2194,B,52,1,0,0,687.3,835.6,283.1,1806.0
R2195,B,63,1,1,1,113.7,2039.6,588.3,2741.6
R2196,A,66,1,0,1,1964.2,245.2,0.0,2209.4
R2197,B,62,1,2,1,592.4,188.1,0.0,780.5
R2198,A,59,1,1,1,352.1,920.9,1732.9,3005.9
R2199,B,66,0,0,1,110.0,1943.9,0.0,2053.9
R2200,B,66,1,1,1,545.5,843.7,622.9,2012.1
R2201,B,57,1,3,1,633.9,1513.4,399.5,2546.8
R2202,B,78,1,2,1,440.2,833.3,1164.1,2437.6
R2203,A,81,1,1,1,567.9,788.1,577.0,1933.0
R2204,B,57,0,0,0,1430.1,212.7,0.0,1642.8
R2205,B,62,1,2,1,974.4,743.9,913.5,2631.8
R2206,B,53,1,1,1,328.0,1318.8,1104.0,2750.8
R2207,B,61,1,1,0,937.4,173.6,184.9,1295.9
R2208,B,58,1,2,1,1380.0,100.6,0.0,1480.6
R2209,B,74,1,0,1,327.8,1958.9,774.6,3061.3
R2210,B,59,1,3,1,336.5,71.5,924.3,1332.3
R2211,A,61,1,2,1,1311.3,333.1,146.8,1791.2
R2212,A,78,1,3,1,569.5,946.4,0.0,1515.9
R2213,B,66,0,3,0,1424.5,269.1,0.0,1693.6
R2214,B,59,0,2,1,1284.1,363.3,0.0,1647.4
R2215,B,78,1,0,1,899.3,141.1,195.2,1235.6
R2216,A,52,0,2,1,2272.9,244.6,0.0,2517.5
R2217,B,64,0,2,0,1340.9,198.2,237.9,1777.0
R2218,B,58,1,2,1,1321.2,460.9,0.0,1782.1
R2219,B,43,1,1,1,1438.6,404.1,0.0,1842.7
R2220,B,54,1,1,1,225.7,646.0,0.0,871.7
R2221,B,72,1,3,1,1355.2,712.9,3638.2,5706.3
R2222,B,70,0,1,0,1218.2,427.1,839.4,2484.7
R2223,B,44,1,1,0,1260.8,344.5,2163.3,3768.6
R2224,A,67,1,1,0,2134.4,160.2,0.0,2294.6
R2225,B,54,1,1,1,335.7,2317.7,0.0,2653.4
R2226,B,71,0,1,1,452.9,70.8,990.8,1514.5
R2227,A,60,1,0,0,1607.1,174.6,0.0,1781.7
R2228,B,87,1,3,1,579.9,107.9,3185.7,3873.5
R2229,A,60,0,4,0,2116.4,515.4,0.0,2631.8
R2230,A,58,0,1,1,2181.9,67.7,127.2,2376.8
R2231,B,70,0,1,0,935.4,230.7,111.6,1277.7
R2232,B,51,1,3,1,1432.0,389.1,303.2,2124.3
R2233,B,51,1,0,0,334.7,873.7,920.8,2129.2
R2234,B,64,0,0,0,597.3,873.1,301.6,1772.0
R2235,B,59,0,1,1,311.7,1228.4,791.5,2331.6
R2236,A,61,1,1,1,1408.7,748.9,0.0,2157.6
R2237,A,49,1,1,0,2263.7,238.2,0.0,2501.9
R2238,B,80,1,2,1,788.3,1494.2,616.3,2898.8
R2239,B,79,1,2,1,703.5,168.0,1267.5,2139.0
R2240,B,59,1,0,1,1428.2,189.9,0.0,1618.1
R2241,A,59,1,0,0,354.3,96.5,2204.1,2654.9
R2242,A,58,1,1,1,2014.5,243.3,334.6,2592.4
R2243,A,59,1,1,0,2275.6,278.0,746.7,3300.3
R2244,B,59,1,1,0,436.4,10.8,353.0,800.2
R2245,A,52,1,0,0,1847.6,231.9,0.0,2079.5
R2246,B,67,1,1,1,952.1,132.9,1110.5,2195.5
R2247,B,79,1,3,1,228.1,184.5,785.2,1197.8
R2248,A,69,1,1,0,2239.1,277.4,0.0,2516.5
R2249,A,78,0,2,0,2264.6,197.1,0.0,2461.7
R2250,A,71,1,2,0,2194.3,207.4,202.3,2604.0
R2251,A,61,1,2,0,1856.1,585.3,0.0,2441.4
R2252,B,59,1,3,0,119.0,1489.8,2113.6,3722.4
R2253,B,60,1,1,0,1270.4,455.8,0.0,1726.2
R2254,A,59,1,0,1,1996.2,613.8,0.0,2610.0
R2255,B,68,1,4,1,1282.0,852.9,0.0,2134.9
R2256,A,63,1,1,0,2027.6,169.3,0.0,2196.9
R2257,B,71,1,2,1,214.7,1543.4,610.8,2368.9
R2258,B,54,1,2,1,1087.7,248.9,2205.7,3542.3
R2259,B,73,1,2,1,1104.7,767.4,3993.4,5865.5
R2260,B,60,0,3,0,1340.2,278.7,92.8,1711.7
R2261,A,63,0,1,0,2009.2,221.8,0.0,2231.0
R2262,B,63,0,0,0,1323.8,220.0,0.0,1543.8
R2263,B,56,0,1,0,1407.0,252.1,0.0,1659.1
R2264,B,74,0,1,1,1194.3,709.8,757.7,2661.8
R2265,A,63,1,4,1,2158.4,699.3,0.0,2857.7
R2266,B,55,1,2,1,104.2,3848.2,0.0,3952.4
R2267,B,53,1,4,1,91.9,4150.3,6270.8,10513.0
R2268,A,48,1,1,1,2266.9,266.7,1735.9,4269.5
R2269,A,59,1,1,0,350.0,1389.2,246.6,1985.8
R2270,B,69,0,0,1,679.6,53.2,451.4,1184.2
R2271,B,49,0,0,1,1244.8,332.9,860.4,2438.1
R2272,A,64,0,2,0,1899.8,769.4,1257.6,3926.8
R2273,B,71,1,3,0,1386.1,460.4,0.0,1846.5
R2274,B,77,1,3,1,1335.8,613.8,0.0,1949.6
R2275,B,88,1,2,1,118.4,4407.6,76.1,4602.1
R2276,A,78,1,1,1,1505.4,595.0,0.0,2100.4
R2277,A,71,1,1,1,1512.5,251.8,4666.8,6431.1
R2278,A,64,1,3,0,1223.7,1318.9,0.0,2542.6
R2279,B,74,1,2,1,1400.5,312.9,0.0,1713.4
R2280,A,78,1,1,1,2264.1,640.1,0.0,2904.2
R2281,A,59,1,1,0,2251.0,382.3,0.0,2633.3
R2282,A,67,1,1,0,650.1,107.2,0.0,757.3
R2283,B,69,0,4,1,583.0,3322.6,4021.0,7926.6
R2284,A,66,1,0,0,1307.7,303.2,814.1,2425.0
R2285,B,70,1,3,0,479.6,862.2,904.9,2246.7
R2286,B,73,1,5,1,659.1,1241.3,3697.6,5598.0
R2287,A,56,1,0,0,2253.2,192.9,0.0,2446.1
R2288,B,70,1,1,1,740.2,955.8,116.1,1812.1
R2289,B,80,0,4,1,712.5,312.6,3679.9,4705.0
R2290,B,76,1,1,1,1362.1,274.9,0.0,1637.0
R2291,A,42,1,1,0,2232.9,236.7,1268.8,3738.4
R2292,B,58,0,2,0,869.3,1217.4,0.0,2086.7
R2293,B,57,1,1,1,953.6,432.6,0.0,1386.2
R2294,A,59,1,1,1,341.4,23.4,389.7,754.5
R2295,A,53,1,2,0,2119.4,213.5,0.0,2332.9
R2296,B,57,1,2,1,313.6,98.7,739.2,1151.5
R2297,B,68,1,1,1,389.5,1838.6,432.9,2661.0
R2298,A,68,1,0,1,1955.3,73.0,0.0,2028.3
R2299,B,58,1,0,1,1165.9,211.2,0.0,1377.1
R2300,A,72,1,3,1,2016.5,305.7,0.0,2322.2
R2301,B,46,1,0,1,1436.4,537.1,0.0,1973.5
R2302,B,75,1,2,1,1410.4,382.2,0.0,1792.6
R2303,B,63,1,2,1,231.3,792.0,176.4,1199.7
R2304,A,65,1,0,1,560.6,31.3,2911.9,3503.8
R2305,B,62,1,1,1,353.7,1176.0,0.0,1529.7
R2306,B,56,1,0,0,1420.6,186.0,0.0,1606.6
R2307,A,61,1,0,0,2229.8,171.4,0.0,2401.2
R2308,B,61,0,1,1,591.9,98.8,515.3,1206.0
R2309,B,69,0,1,1,701.4,2316.8,0.0,3018.2
R2310,A,66,1,1,0,1305.8,1077.9,2263.4,4647.1
R2311,B,78,1,5,0,103.1,48.8,2400.2,2552.1
R2312,A,65,0,1,0,2080.5,284.0,0.0,2364.5
R2313,B,65,1,1,1,1384.7,191.6,90.6,1666.9
R2314,A,54,1,4,1,2192.4,179.4,141.2,2513.0
R2315,A,68,1,1,1,1344.0,79.6,323.9,1747.5
R2316,B,66,1,4,1,229.9,1500.9,1974.4,3705.2
R2317,A,55,1,0,1,2200.2,98.2,0.0,2298.4
R2318,B,52,0,0,1,217.5,837.2,453.7,1508.4
R2319,B,72,0,5,1,173.0,174.3,564.7,912.0
R2320,B,61,1,0,1,1351.9,106.9,259.5,1718.3
R2321,B,57,1,1,1,1231.5,590.8,0.0,1822.3
R2322,A,63,1,2,1,2113.2,139.9,0.0,2253.1
R2323,B,77,1,1,0,1399.4,162.4,283.1,1844.9
R2324,A,58,1,1,1,2228.8,239.0,482.8,2950.6
R2325,A,59,1,0,1,545.0,81.4,255.5,881.9
R2326,B,61,1,1,1,106.6,3825.9,1229.1,5161.6
R2327,A,75,1,0,1,1795.5,137.3,0.0,1932.8
R2328,A,72,1,0,1,1191.4,1179.5,85.8,2456.7
R2329,B,67,1,4,1,89.6,2706.6,1329.0,4125.2
R2330,B,71,1,2,1,1042.5,744.0,257.9,2044.4
R2331,A,57,1,2,0,1937.0,236.4,121.9,2295.3
R2332,A,70,1,1,1,703.0,1436.0,3276.8,5415.8
R2333,B,69,1,0,1,642.9,147.7,1073.3,1863.9
R2334,B,71,1,4,1,223.6,2106.4,2216.4,4546.4
R2335,A,54,1,1,0,1329.4,356.4,406.3,2092.1
R2336,B,66,1,0,1,1281.7,226.4,0.0,1508.1
R2337,A,56,1,0,1,332.1,731.4,506.9,1570.4
R2338,A,70,0,0,1,1983.9,46.7,519.6,2550.2
R2339,A,59,1,0,1,2149.8,112.3,0.0,2262.1
R2340,B,58,1,2,1,214.9,970.6,5103.0,6288.5
R2341,A,72,1,0,1,352.4,17.9,0.0,370.3
R2342,B,67,0,0,1,743.3,395.1,2485.3,3623.7
R2343,B,58,1,1,1,479.7,701.9,111.8,1293.4
R2344,B,52,0,1,1,1319.5,138.5,0.0,1458.0
R2345,A,64,1,0,0,175.9,881.1,0.0,1057.0
R2346,A,42,0,1,0,184.3,1417.9,32.1,1634.3
R2347,A,58,0,1,1,1967.3,180.4,0.0,2147.7
R2348,B,57,0,1,0,1399.6,143.8,0.0,1543.4
R2349,A,64,1,0,1,1133.0,857.2,1534.8,3525.0
R2350,B,66,1,0,1,249.5,195.2,238.7,683.4
R2351,B,64,1,2,1,1298.7,101.9,0.0,1400.6
R2352,B,57,1,0,1,776.0,742.2,165.9,1684.1
R2353,B,71,0,2,1,214.1,1219.5,660.2,2093.8
R2354,B,61,1,0,1,231.9,234.0,783.4,1249.3
R2355,B,46,1,1,1,113.5,12.6,394.9,521.0
R2356,A,65,1,0,0,2230.5,728.7,1215.3,4174.5
R2357,B,46,1,1,0,282.4,612.7,115.1,1010.2
R2358,B,73,0,1,1,223.3,1039.5,1101.8,2364.6
R2359,B,72,0,0,1,468.9,1572.2,885.6,2926.7
R2360,B,68,1,0,1,1382.1,156.6,0.0,1538.7
R2361,B,56,1,0,1,938.6,1117.8,1169.9,3226.3
R2362,B,73,0,1,1,568.7,49.2,220.3,838.2
R2363,B,65,0,2,0,707.8,1194.6,910.2,2812.6
R2364,B,69,1,1,0,1371.4,220.8,0.0,1592.2
R2365,B,62,1,3,1,1183.5,247.4,739.7,2170.6
R2366,A,49,1,0,0,2212.0,437.0,0.0,2649.0
R2367,B,56,1,2,1,1429.4,308.5,0.0,1737.9
R2368,A,63,0,3,1,1271.1,866.4,938.8,3076.3
R2369,B,66,1,2,0,1393.1,128.5,0.0,1521.6
R2370,A,59,1,0,0,1353.4,58.3,713.8,2125.5
R2371,B,54,1,1,1,1345.6,242.5,576.7,2164.8
R2372,B,61,0,6,1,299.4,1462.4,414.5,2176.3
R2373,A,68,1,3,1,936.8,77.1,675.0,1688.9
R2374,A,66,1,0,1,1839.0,309.5,0.0,2148.5
R2375,A,73,1,1,0,2272.8,126.6,516.4,2915.8
R2376,B,85,1,3,1,639.5,982.6,6539.8,8161.9
R2377,B,52,1,1,1,1069.1,995.0,0.0,2064.1
R2378,A,66,1,3,0,2248.7,75.0,1133.4,3457.1
R2379,A,64,0,1,0,2147.2,373.2,0.0,2520.4
R2380,B,61,1,1,1,454.4,682.0,445.7,1582.1
R2381,A,67,1,2,0,2122.5,92.5,191.7,2406.7
R2382,B,64,0,2,0,1392.4,240.2,0.0,1632.6
R2383,B,69,1,2,1,1220.3,299.8,2884.8,4404.9
R2384,A,68,1,1,1,1870.6,280.9,0.0,2151.5
R2385,A,51,1,0,0,1328.2,494.1,651.0,2473.3
R2386,A,69,0,0,1,1551.8,515.0,0.0,2066.8
R2387,B,59,1,1,1,1193.3,379.7,0.0,1573.0
R2388,A,74,1,2,0,2194.7,372.3,491.7,3058.7
R2389,A,60,1,1,0,2266.5,186.5,590.1,3043.1
R2390,B,59,1,0,1,1357.6,303.0,0.0,1660.6
R2391,B,57,0,2,1,1407.3,252.9,0.0,1660.2
R2392,B,60,1,1,1,1317.9,233.8,1269.4,2821.1
R2393,A,57,0,1,0,1137.1,1237.0,0.0,2374.1
R2394,B,78,0,2,0,1281.9,271.4,85.4,1638.7
R2395,A,53,1,2,1,1358.0,711.8,200.6,2270.4
R2396,A,53,1,0,1,2021.6,288.7,0.0,2310.3
R2397,B,72,0,1,1,795.2,322.8,266.5,1384.5
R2398,A,54,1,0,0,2209.8,158.8,887.5,3256.1
R2399,B,67,1,0,0,239.4,12.9,44.1,296.4
R2400,A,59,1,0,0,2178.5,367.9,0.0,2546.4
R2401,A,67,0,1,0,1760.5,892.3,1025.6,3678.4
R2402,B,66,1,2,0,1382.1,193.0,0.0,1575.1
R2403,A,59,1,0,1,1457.2,645.4,520.1,2622.7
R2404,A,79,1,1,0,2265.6,498.9,465.1,3229.6
R2405,B,61,0,3,0,1158.6,847.3,416.7,2422.6
R2406,B,60,1,3,1,108.6,879.9,177.1,1165.6
R2407,A,54,1,2,0,1035.5,984.1,454.2,2473.8
R2408,B,67,1,2,1,1437.4,270.8,643.9,2352.1
R2409,B,63,1,1,1,689.8,126.6,464.8,1281.2
R2410,B,55,1,1,1,107.3,862.0,1765.4,2734.7
R2411,B,60,1,1,1,235.4,1681.8,0.0,1917.2
R2412,A,60,1,0,0,1957.3,166.5,0.0,2123.8
R2413,B,59,1,1,1,1286.1,233.7,918.0,2437.8
R2414,B,72,1,2,1,309.8,90.7,0.0,400.5
R2415,B,63,1,1,0,894.0,78.8,935.3,1908.1
R2416,A,67,0,0,1,1853.0,590.3,258.5,2701.8
R2417,B,55,0,4,1,1371.3,896.6,1371.8,3639.7
R2418,B,65,1,1,1,106.5,1425.5,1598.9,3130.9
R2419,A,48,1,0,1,2109.6,83.2,0.0,2192.8
R2420,A,56,1,0,0,886.5,637.9,377.4,1901.8
R2421,A,40,1,1,1,1172.4,1950.5,243.1,3366.0
R2422,B,70,1,1,1,1229.3,381.8,235.7,1846.8
R2423,B,78,0,2,1,321.3,91.7,0.0,413.0
R2424,A,44,1,2,1,857.9,486.1,146.8,1490.8
R2425,B,73,1,3,0,1294.6,123.7,0.0,1418.3
R2426,B,57,1,1,0,1197.0,131.5,1094.3,2422.8
R2427,A,58,1,0,1,2237.0,137.8,0.0,2374.8
R2428,A,69,1,1,0,564.4,1082.4,0.0,1646.8
R2429,B,74,1,3,0,1143.6,191.8,0.0,1335.4
R2430,B,63,1,2,1,1223.0,337.6,827.7,2388.3
R2431,B,68,1,3,1,238.0,45.0,167.6,450.6
R2432,A,59,1,1,1,2155.7,188.7,513.4,2857.8
R2433,A,60,1,2,1,2269.3,171.5,768.7,3209.5
R2434,B,68,1,1,0,346.6,1086.6,1431.8,2865.0
R2435,A,72,0,2,1,1657.1,1113.1,0.0,2770.2
R2436,B,66,1,0,1,1431.9,254.7,0.0,1686.6
R2437,A,54,0,1,1,2217.8,102.3,0.0,2320.1
R2438,A,74,0,0,1,2085.8,148.9,382.3,2617.0
R2439,A,73,1,2,1,1095.1,971.8,2771.4,4838.3
R2440,B,62,1,2,1,1391.8,216.9,0.0,1608.7
R2441,B,69,1,1,0,1300.5,241.6,0.0,1542.1
R2442,A,53,1,2,0,2115.0,359.4,0.0,2474.4
R2443,A,60,1,1,1,172.5,269.8,366.6,808.9
R2444,A,49,0,2,1,1308.3,1020.6,1639.0,3967.9
R2445,B,67,0,4,1,1325.3,410.5,1100.5,2836.3
R2446,A,47,0,0,0,2247.6,122.4,729.0,3099.0
R2447,B,65,1,1,1,650.1,809.9,1355.2,2815.2
R2448,B,63,1,2,0,1424.5,281.3,0.0,1705.8
R2449,A,55,0,0,1,356.9,41.5,635.2,1033.6
R2450,B,61,0,1,1,173.4,24.8,960.7,1158.9
R2451,A,59,1,0,1,185.9,836.4,2854.9,3877.2
R2452,B,68,1,0,0,945.3,744.5,4191.5,5881.3
R2453,B,74,1,1,1,1151.7,465.3,0.0,1617.0
R2454,B,78,0,2,1,220.8,1190.5,701.2,2112.5
R2455,A,71,1,2,1,2262.0,574.1,1322.0,4158.1
R2456,A,59,1,0,1,712.7,1535.2,335.8,2583.7
R2457,B,47,0,1,1,1072.0,102.7,333.9,1508.6
R2458,A,61,1,0,1,1121.0,715.0,0.0,1836.0
R2459,A,58,0,0,1,2073.9,322.3,0.0,2396.2
R2460,B,81,1,2,1,1197.8,797.4,461.0,2456.2
R2461,B,53,0,1,1,1384.7,142.2,0.0,1526.9
R2462,A,74,1,1,1,928.9,124.8,1133.5,2187.2
R2463,B,58,1,0,1,1227.8,86.9,885.5,2200.2
R2464,A,63,0,1,1,2200.4,232.6,221.4,2654.4
R2465,B,65,1,0,1,1327.9,276.8,0.0,1604.7
R2466,B,64,1,0,1,303.1,41.1,155.2,499.4
R2467,B,60,1,0,1,101.0,465.6,716.9,1283.5
R2468,A,48,0,0,0,2212.4,257.3,0.0,2469.7
R2469,A,69,0,0,1,1327.1,87.9,1110.7,2525.7
R2470,B,78,0,3,1,117.5,634.0,231.4,982.9
R2471,B,73,1,2,0,1380.3,173.8,0.0,1554.1
R2472,B,62,1,2,1,1409.2,122.8,0.0,1532.0
R2473,B,46,1,0,1,1405.9,127.1,0.0,1533.0
R2474,A,78,1,1,0,2024.0,350.8,0.0,2374.8
R2475,A,72,0,1,1,707.6,1432.7,2153.0,4293.3
R2476,A,54,1,1,1,1885.9,344.7,0.0,2230.6
R2477,B,58,1,4,0,306.5,45.9,1067.5,1419.9
R2478,B,81,1,3,1,1032.6,755.2,0.0,1787.8
R2479,A,74,1,1,0,2092.3,182.4,81.7,2356.4
R2480,B,69,0,0,0,298.3,454.5,1088.4,1841.2
R2481,B,50,1,2,1,237.7,279.6,1612.2,2129.5
R2482,A,49,0,1,1,2158.8,157.5,175.3,2491.6
R2483,A,66,1,0,1,1964.5,211.5,0.0,2176.0
R2484,B,74,1,6,1,352.5,580.2,1185.5,2118.2
R2485,B,59,0,1,0,1411.9,308.1,0.0,1720.0
R2486,B,70,1,2,0,118.1,1214.6,0.0,1332.7
R2487,B,70,1,4,0,571.3,127.7,1801.9,2500.9
R2488,A,71,0,1,0,2031.8,439.8,950.6,3422.2
R2489,B,61,1,1,0,236.0,40.7,567.7,844.4
R2490,A,54,1,2,0,1067.5,2136.7,0.0,3204.2
R2491,B,82,1,3,0,238.5,4589.7,1283.9,6112.1
R2492,A,71,1,1,0,2193.4,277.0,0.0,2470.4
R2493,B,72,1,4,0,337.0,1358.4,2230.4,3925.8
R2494,A,66,0,2,1,1852.0,280.5,1790.6,3923.1
R2495,A,49,1,1,1,1044.8,1350.7,0.0,2395.5
R2496,A,67,0,2,1,2160.2,348.7,752.8,3261.7
R2497,A,52,0,0,0,2262.6,102.0,0.0,2364.6
R2498,A,58,1,1,0,929.7,1770.3,3323.4,6023.4
R2499,B,69,0,5,0,918.9,189.5,487.3,1595.7
R2500,B,58,1,1,1,1364.5,222.2,0.0,1586.7
R2501,B,68,1,2,1,1380.5,317.7,604.4,2302.6
R2502,B,76,1,2,1,1298.0,252.5,420.3,1970.8
R2503,B,58,0,4,1,1314.5,182.0,0.0,1496.5
R2504,A,64,1,1,0,2083.6,194.8,173.2,2451.6
R2505,B,68,1,1,1,110.6,1351.9,266.0,1728.5
R2506,A,56,1,0,0,1096.8,926.0,0.0,2022.8
R2507,A,57,1,0,0,2221.3,653.6,0.0,2874.9
R2508,B,63,1,2,1,225.6,3139.7,0.0,3365.3
R2509,B,60,1,0,0,1351.3,207.4,118.7,1677.4
R2510,B,66,0,1,1,343.7,925.0,0.0,1268.7
R2511,B,51,0,1,0,1393.8,55.1,0.0,1448.9
R2512,A,41,0,0,1,179.7,3058.2,922.9,4160.8
R2513,B,54,1,2,1,330.9,519.5,1996.5,2846.9
R2514,B,73,1,1,1,787.3,156.4,129.7,1073.4
R2515,B,59,1,2,1,473.3,2005.8,1829.3,4308.4
R2516,B,65,1,0,1,1300.9,61.3,0.0,1362.2
R2517,B,88,0,2,1,119.5,301.9,422.9,844.3
R2518,A,66,1,0,0,1561.1,642.5,1955.9,4159.5
R2519,B,65,1,3,0,228.1,2285.4,6675.5,9189.0
R2520,B,68,0,1,1,836.0,1304.0,996.8,3136.8
R2521,B,64,1,0,0,598.1,50.0,232.1,880.2
R2522,B,67,0,2,0,1439.6,281.6,1187.3,2908.5
R2523,B,59,1,0,0,810.6,230.8,0.0,1041.4
R2524,A,71,0,1,0,809.0,1407.5,3865.9,6082.4
R2525,A,72,1,0,1,837.1,1419.0,450.7,2706.8
R2526,A,71,1,2,1,162.6,1573.5,423.7,2159.8
R2527,A,65,1,3,0,2190.6,654.3,0.0,2844.9
R2528,A,58,1,0,1,2256.6,196.1,5917.3,8370.0
R2529,B,61,0,3,1,662.3,2180.9,0.0,2843.2
R2530,B,62,1,2,0,289.8,22.1,1692.8,2004.7
R2531,A,52,1,1,0,2136.1,71.0,436.3,2643.4
R2532,B,69,0,0,1,113.6,5.0,441.8,560.4
R2533,A,70,1,0,0,2106.6,91.5,0.0,2198.1
R2534,A,59,1,1,1,2265.1,191.5,0.0,2456.6
R2535,B,66,0,0,0,515.8,1875.1,572.5,2963.4
R2536,B,63,1,2,0,239.5,1416.6,146.9,1803.0
R2537,B,64,1,0,1,801.1,392.7,0.0,1193.8
R2538,B,76,0,5,1,219.8,1644.7,3721.2,5585.7
R2539,A,59,1,1,0,1973.8,222.2,266.1,2462.1
R2540,B,70,1,2,1,228.1,2645.9,163.9,3037.9
R2541,A,59,1,1,1,1967.9,597.1,0.0,2565.0
R2542,B,67,1,5,1,340.8,88.0,2258.9,2687.7
R2543,A,73,1,1,1,1931.5,67.8,0.0,1999.3
R2544,B,80,1,1,1,225.1,180.3,396.7,802.1
R2545,B,59,0,2,0,1420.7,406.9,0.0,1827.6
R2546,A,75,1,1,1,1662.1,179.7,713.4,2555.2
R2547,A,62,1,2,1,2272.7,341.3,0.0,2614.0
R2548,A,58,1,1,0,2007.4,200.0,649.6,2857.0
R2549,B,64,1,1,0,345.8,1427.3,897.1,2670.2
R2550,B,79,1,2,1,356.7,1950.6,1278.4,3585.7
R2551,B,71,1,3,1,1341.8,854.0,447.2,2643.0
R2552,A,70,1,4,0,2223.7,162.6,116.4,2502.7
R2553,B,72,1,3,0,240.0,1111.3,2486.5,3837.8
R2554,B,61,1,0,1,340.9,177.6,339.9,858.4
R2555,B,74,1,0,1,347.4,68.2,267.1,682.7
R2556,B,59,1,3,0,857.4,220.4,206.2,1284.0
R2557,B,60,0,1,1,346.0,350.3,309.2,1005.5
R2558,A,40,1,1,1,2167.7,154.5,0.0,2322.2
R2559,A,72,1,2,0,2231.5,481.5,469.8,3182.8
R2560,B,76,0,1,1,690.5,332.1,0.0,1022.6
R2561,A,78,1,1,1,168.1,2263.7,252.9,2684.7
R2562,B,65,0,1,1,489.2,1337.6,0.0,1826.8
R2563,A,53,1,0,0,1097.7,738.3,412.6,2248.6
R2564,B,72,1,1,1,1326.7,139.5,0.0,1466.2
R2565,B,63,1,3,1,355.8,270.3,1066.7,1692.8
R2566,B,57,1,1,1,328.4,2722.1,0.0,3050.5
R2567,B,48,1,2,0,803.9,740.2,404.8,1948.9
R2568,A,56,1,1,0,1844.4,168.9,3226.3,5239.6
R2569,A,65,1,1,0,1861.0,90.5,61.4,2012.9
R2570,B,77,1,0,0,650.7,476.1,0.0,1126.8
R2571,B,63,0,2,1,448.0,1263.3,4869.4,6580.7
R2572,B,67,1,4,1,358.8,1827.7,1214.6,3401.1
R2573,A,48,1,1,1,2219.2,401.6,0.0,2620.8
R2574,B,58,0,0,1,403.0,275.1,0.0,678.1
R2575,A,54,1,0,1,2212.6,107.7,0.0,2320.3
R2576,A,54,1,2,1,2203.9,370.7,276.0,2850.6
R2577,A,62,0,2,0,2178.7,731.4,0.0,2910.1
R2578,B,76,1,0,1,343.2,1387.2,0.0,1730.4
R2579,B,48,1,2,1,1392.7,250.7,258.6,1902.0
R2580,B,63,1,2,0,909.0,551.8,621.5,2082.3
R2581,B,79,1,1,1,1304.3,377.7,0.0,1682.0
R2582,A,66,1,1,1,1493.0,172.5,122.0,1787.5
R2583,A,63,1,3,1,2274.0,311.3,0.0,2585.3
R2584,B,65,1,2,1,1052.9,243.3,0.0,1296.2
R2585,B,65,1,1,0,1298.1,308.2,0.0,1606.3
R2586,B,75,0,1,0,1333.6,409.3,0.0,1742.9
R2587,B,59,1,2,1,1423.5,159.5,0.0,1583.0
R2588,B,64,0,2,1,1390.0,217.8,0.0,1607.8
R2589,B,64,0,4,0,1312.4,819.2,0.0,2131.6
R2590,A,64,1,1,1,359.1,19.5,145.6,524.2
R2591,A,58,1,1,1,301.2,54.4,557.9,913.5
R2592,B,66,1,0,1,112.8,1251.6,904.9,2269.3
R2593,A,58,1,0,0,1094.8,1090.0,2372.1,4556.9
R2594,B,67,1,3,1,1401.6,382.4,0.0,1784.0
R2595,B,58,1,1,1,1231.0,289.0,0.0,1520.0
R2596,A,55,1,0,0,565.7,1969.6,0.0,2535.3
R2597,B,67,1,3,1,780.2,93.4,178.4,1052.0
R2598,B,60,1,1,0,114.5,1598.1,605.5,2318.1
R2599,B,77,0,2,1,1024.5,103.7,1177.7,2305.9
R2600,B,61,0,2,0,1409.4,208.3,619.8,2237.5
R2601,B,69,1,0,1,110.7,8.7,710.8,830.2
R2602,B,52,1,1,0,237.8,22.3,941.4,1201.5
R2603,A,74,1,2,0,2132.8,411.3,0.0,2544.1
R2604,B,69,0,2,0,576.9,97.3,50.0,724.2
R2605,A,51,0,0,1,1287.2,905.3,0.0,2192.5
R2606,A,54,1,0,1,2203.5,413.6,0.0,2617.1
R2607,A,62,1,2,1,1201.1,1763.8,887.7,3852.6
R2608,A,50,0,2,0,2239.7,403.8,0.0,2643.5
R2609,A,56,1,0,1,2029.9,515.3,0.0,2545.2
R2610,B,77,1,2,0,749.6,1084.1,709.1,2542.8
R2611,B,72,1,0,1,1342.4,494.1,0.0,1836.5
R2612,B,61,1,0,1,1385.1,323.8,1461.5,3170.4
R2613,B,67,1,2,1,1346.2,447.2,0.0,1793.4
R2614,B,88,1,3,1,431.1,1523.4,1802.1,3756.6
R2615,B,49,1,1,0,1431.9,297.7,254.5,1984.1
R2616,B,64,1,0,1,1307.6,98.0,0.0,1405.6
R2617,B,54,0,0,0,1005.1,759.2,969.8,2734.1
R2618,B,54,1,2,0,876.3,315.1,996.9,2188.3
R2619,B,74,0,2,1,1301.7,203.3,349.0,1854.0
R2620,B,58,1,2,1,205.0,715.2,327.3,1247.5
R2621,A,53,0,3,1,1306.9,877.3,1696.5,3880.7
R2622,B,67,1,3,1,117.2,327.7,1561.1,2006.0
R2623,A,63,1,2,0,354.3,2263.3,2889.6,5507.2
R2624,A,54,1,2,0,2100.0,163.6,0.0,2263.6
R2625,A,68,1,1,0,2018.9,53.5,101.4,2173.8
R2626,B,76,1,2,0,905.0,219.0,223.9,1347.9
R2627,A,68,0,2,1,1261.6,204.4,1212.3,2678.3
R2628,A,70,1,2,0,1086.3,1976.7,2131.2,5194.2
R2629,B,66,1,1,0,1195.5,154.3,0.0,1349.8
R2630,A,51,1,1,1,2074.3,193.4,0.0,2267.7
R2631,B,52,0,1,1,478.4,1750.6,1570.9,3799.9
R2632,B,68,1,1,1,539.8,2010.6,212.9,2763.3
R2633,B,48,0,2,1,524.5,1940.8,1738.7,4204.0
R2634,B,56,1,0,0,332.5,263.5,1414.7,2010.7
R2635,A,64,0,2,1,2017.2,311.3,133.8,2462.3
R2636,B,87,1,4,0,1421.5,345.8,0.0,1767.3
R2637,A,70,1,1,0,2259.7,248.6,0.0,2508.3
R2638,A,49,1,1,1,1456.2,615.2,10204.5,12275.9
R2639,B,71,1,1,0,1256.5,288.4,0.0,1544.9
R2640,B,71,1,1,0,1332.4,371.9,0.0,1704.3
R2641,B,80,1,2,0,1387.1,244.9,0.0,1632.0
R2642,B,62,1,3,1,1163.8,409.9,0.0,1573.7
R2643,A,58,1,0,1,538.9,1266.8,357.7,2163.4
R2644,A,81,1,1,1,2230.3,260.4,222.3,2713.0
R2645,B,62,0,2,0,1304.9,378.7,54.1,1737.7
R2646,B,56,1,1,0,1071.4,91.6,0.0,1163.0
R2647,B,65,1,1,0,111.1,2507.6,2819.6,5438.3
R2648,A,59,1,1,1,530.1,563.3,1643.5,2736.9
R2649,B,79,1,4,0,1198.3,1050.1,415.2,2663.6
R2650,A,50,1,1,1,369.0,2487.5,1124.2,3980.7
R2651,A,71,0,1,0,2189.5,125.6,139.9,2455.0
R2652,B,73,1,2,0,1314.0,415.9,0.0,1729.9
R2653,B,64,0,2,1,111.0,4631.0,1089.6,5831.6
R2654,A,52,1,0,1,2275.8,213.9,0.0,2489.7
R2655,B,76,0,3,0,97.6,2414.4,649.6,3161.6
R2656,A,67,1,1,1,2229.7,277.8,0.0,2507.5
R2657,B,61,1,0,0,686.0,810.9,149.0,1645.9
R2658,A,69,1,1,0,2186.6,261.7,1994.2,4442.5
R2659,B,61,1,2,1,1388.9,361.3,286.4,2036.6
R2660,B,76,0,3,1,327.7,1700.3,1603.4,3631.4
R2661,A,66,0,0,0,605.9,22.5,0.0,628.4
R2662,B,56,1,0,1,335.4,116.3,4945.0,5396.7
R2663,B,53,1,2,1,209.5,98.3,1016.4,1324.2
R2664,A,53,1,0,1,1641.9,225.8,0.0,1867.7
R2665,A,57,1,0,0,1446.8,330.6,0.0,1777.4
R2666,B,66,0,1,0,1376.7,157.2,0.0,1533.9
R2667,B,76,1,2,0,113.8,2252.2,2056.0,4422.0
R2668,A,73,1,3,0,2156.4,398.3,0.0,2554.7
R2669,A,76,1,2,1,2238.2,232.6,0.0,2470.8
R2670,B,68,1,3,0,1285.5,154.5,0.0,1440.0
R2671,B,69,1,2,0,1026.2,271.1,526.8,1824.1
R2672,B,65,1,1,0,1367.3,198.1,567.4,2132.8
R2673,A,59,1,1,1,551.7,38.8,0.0,590.5
R2674,A,60,1,0,1,188.3,346.6,303.2,838.1
R2675,B,62,1,1,0,1225.9,160.0,0.0,1385.9
R2676,A,68,0,1,0,1095.8,1068.3,0.0,2164.1
R2677,B,77,0,1,1,681.0,495.2,1624.0,2800.2
R2678,A,63,0,3,0,518.1,619.0,239.8,1376.9
R2679,A,67,0,1,0,2131.7,88.4,99.0,2319.1
R2680,A,59,1,1,1,1429.0,773.2,1930.8,4133.0
R2681,B,71,1,1,1,1410.2,167.5,533.4,2111.1
R2682,B,58,1,3,1,783.0,1759.0,194.4,2736.4
R2683,B,77,1,4,1,1388.9,405.5,1094.6,2889.0
R2684,A,53,1,0,1,1510.7,719.0,0.0,2229.7
R2685,B,72,1,0,0,1268.2,92.0,0.0,1360.2
R2686,A,58,1,3,0,2176.3,330.9,0.0,2507.2
R2687,B,53,0,2,1,1423.4,268.3,596.2,2287.9
R2688,A,76,0,2,0,1787.8,530.8,269.0,2587.6
R2689,B,62,1,0,0,1263.6,149.4,784.8,2197.8
R2690,B,65,0,1,1,290.8,509.6,949.6,1750.0
R2691,B,71,0,1,0,573.1,812.0,1525.3,2910.4
R2692,A,68,1,2,1,1690.3,697.2,0.0,2387.5
R2693,B,51,1,0,1,862.8,337.6,661.2,1861.6
R2694,A,57,0,0,1,1021.0,41.0,581.3,1643.3
R2695,A,61,1,1,1,1087.1,1534.7,0.0,2621.8
R2696,B,60,1,4,1,1391.0,285.7,164.8,1841.5
R2697,B,61,0,2,1,90.7,1056.9,1867.1,3014.7
R2698,B,56,1,2,1,891.4,809.7,518.4,2219.5
R2699,A,55,1,1,1,1553.1,172.7,774.7,2500.5
R2700,B,57,1,3,1,95.3,1659.4,631.5,2386.2
R2701,B,62,0,1,1,658.9,2072.4,0.0,2731.3
R2702,B,62,1,2,0,1350.0,489.7,0.0,1839.7
R2703,A,76,1,0,0,1817.9,90.6,459.1,2367.6
R2704,B,84,1,2,1,452.9,114.6,489.2,1056.7
R2705,A,58,1,0,1,1485.4,93.6,3233.8,4812.8
R2706,A,53,0,1,0,2277.7,184.3,909.6,3371.6
R2707,B,60,1,0,0,451.8,965.8,0.0,1417.6
R2708,A,63,1,0,0,2115.7,338.2,0.0,2453.9
R2709,A,55,1,0,1,2168.3,234.3,0.0,2402.6
R2710,A,63,1,1,1,2253.5,103.8,177.9,2535.2
R2711,A,75,0,0,0,2253.7,191.7,0.0,2445.4
R2712,B,64,0,3,1,1226.0,190.8,0.0,1416.8
R2713,A,59,1,1,1,2209.4,590.8,0.0,2800.2
R2714,A,73,1,0,0,2258.8,262.4,0.0,2521.2
R2715,B,76,1,3,0,835.9,958.7,3842.1,5636.7
R2716,A,70,0,0,0,1201.0,776.5,0.0,1977.5
R2717,B,53,1,1,1,1148.6,315.1,0.0,1463.7
R2718,B,74,0,1,1,455.4,1915.5,284.4,2655.3
R2719,A,81,0,1,1,174.6,1268.4,1367.3,2810.3
R2720,B,56,1,0,1,1385.5,211.5,0.0,1597.0
R2721,B,70,1,2,1,114.0,2273.8,0.0,2387.8
R2722,A,56,1,0,1,1513.9,196.7,925.9,2636.5
R2723,B,65,1,2,1,1407.6,85.8,0.0,1493.4
R2724,A,55,1,1,0,1298.6,1071.8,1503.5,3873.9
R2725,A,68,1,1,1,2016.3,211.3,0.0,2227.6
R2726,B,84,1,3,1,346.9,95.6,606.8,1049.3
R2727,B,60,1,2,0,1028.5,1903.6,0.0,2932.1
R2728,A,67,1,1,0,177.9,26.2,8585.6,8789.7
R2729,B,67,0,1,0,108.3,1806.8,574.5,2489.6
R2730,B,61,1,2,0,685.9,2664.4,1619.6,4969.9
R2731,B,64,1,3,0,689.7,1888.4,1771.9,4350.0
R2732,A,63,1,0,0,1061.7,2335.0,3413.8,6810.5
R2733,A,57,1,0,1,2238.9,289.5,0.0,2528.4
R2734,B,72,1,3,0,212.0,1964.3,5000.5,7176.8
R2735,B,52,0,1,1,1401.0,337.1,0.0,1738.1
R2736,A,51,0,2,1,1701.6,391.6,0.0,2093.2
R2737,B,69,1,1,0,1357.9,471.2,200.5,2029.6
R2738,B,61,1,0,1,1267.6,264.4,0.0,1532.0
R2739,B,66,1,1,1,1404.5,204.5,198.8,1807.8
R2740,A,56,1,2,1,1786.4,757.1,1096.6,3640.1
R2741,A,67,0,4,0,2095.2,287.9,304.7,2687.8
R2742,A,60,1,1,1,1502.2,577.4,482.8,2562.4
R2743,B,71,1,1,1,825.2,253.1,3111.0,4189.3
R2744,A,78,1,1,1,2163.9,301.1,0.0,2465.0
R2745,B,56,0,3,1,1362.5,1110.0,0.0,2472.5
R2746,B,72,1,0,1,1387.0,379.4,454.9,2221.3
R2747,A,53,1,2,0,2195.4,187.8,540.4,2923.6
R2748,A,51,1,1,0,2246.0,433.0,0.0,2679.0
R2749,A,54,1,2,1,360.7,1425.2,3544.2,5330.1
R2750,B,69,1,1,1,1185.2,167.2,3631.6,4984.0
R2751,B,65,1,3,0,115.6,13.2,1061.4,1190.2
R2752,B,58,1,1,0,1023.6,129.0,0.0,1152.6
R2753,B,59,1,1,0,1389.4,136.9,0.0,1526.3
R2754,A,62,1,2,0,2260.2,536.5,1138.1,3934.8
R2755,B,78,1,1,1,829.5,51.4,349.3,1230.2
R2756,B,55,1,1,0,232.0,1987.9,570.5,2790.4
R2757,B,65,1,1,1,229.5,823.4,866.5,1919.4
R2758,B,70,0,2,0,833.5,534.8,1185.6,2553.9
R2759,A,49,1,1,1,2227.9,324.5,2678.3,5230.7
R2760,A,73,1,1,1,677.3,106.1,702.2,1485.6
R2761,A,59,1,1,1,553.6,502.5,270.4,1326.5
R2762,B,68,1,2,1,589.7,67.3,792.6,1449.6
R2763,A,69,1,1,0,2267.2,340.1,1172.9,3780.2
R2764,B,86,0,1,0,1137.6,136.9,216.6,1491.1
R2765,B,63,1,1,1,851.8,108.8,0.0,960.6
R2766,B,67,1,2,1,1381.9,172.0,0.0,1553.9
R2767,B,68,1,1,1,1423.6,168.8,0.0,1592.4
R2768,A,54,1,0,0,2162.9,160.3,0.0,2323.2
R2769,B,67,1,3,1,549.7,548.9,3354.9,4453.5
R2770,B,76,1,2,1,97.7,195.6,1680.1,1973.4
R2771,B,43,0,2,0,1048.0,1265.4,0.0,2313.4
R2772,A,77,1,1,1,548.8,1987.9,610.4,3147.1
R2773,A,60,0,0,0,745.1,199.6,1397.3,2342.0
R2774,B,69,1,2,1,803.6,149.9,121.1,1074.6
R2775,A,74,1,2,0,1138.5,885.3,849.5,2873.3
R2776,B,72,1,3,1,473.2,35.0,1033.4,1541.6
R2777,A,56,1,1,1,540.4,1534.6,0.0,2075.0
R2778,B,58,0,1,0,1434.8,397.0,0.0,1831.8
R2779,A,67,1,1,0,2215.6,211.6,0.0,2427.2
R2780,B,66,1,1,0,1387.9,197.3,0.0,1585.2
R2781,A,71,0,2,1,2166.7,242.2,178.5,2587.4
R2782,B,69,1,2,0,720.0,1085.9,180.5,1986.4
R2783,A,58,1,1,0,2252.7,460.0,0.0,2712.7
R2784,B,73,1,2,1,1095.3,330.5,188.5,1614.3
R2785,B,60,1,3,1,1183.9,916.7,793.1,2893.7
R2786,B,64,1,2,1,199.9,747.4,1000.3,1947.6
R2787,A,49,1,0,0,1786.3,1169.8,0.0,2956.1
R2788,B,63,0,1,0,776.2,935.2,0.0,1711.4
R2789,B,66,1,1,0,806.6,148.9,1623.0,2578.5
R2790,A,65,0,0,0,1850.8,327.8,142.4,2321.0
R2791,A,72,1,3,0,2254.5,269.7,0.0,2524.2
R2792,A,49,1,1,0,2208.7,270.9,0.0,2479.6
R2793,B,41,1,0,1,758.8,173.8,413.7,1346.3
R2794,B,68,1,2,0,213.5,844.0,370.0,1427.5
R2795,A,55,1,1,0,2144.5,146.2,299.4,2590.1
R2796,B,72,0,3,1,1059.0,250.3,1686.3,2995.6
R2797,B,83,1,4,0,1328.1,271.6,447.6,2047.3
R2798,A,68,1,1,0,347.6,1507.0,0.0,1854.6
R2799,B,58,1,2,0,1355.6,328.3,361.9,2045.8
R2800,B,77,1,1,1,116.9,2868.0,759.8,3744.7
R2801,A,63,1,0,0,863.8,52.0,892.4,1808.2
R2802,A,54,1,1,1,1009.3,854.8,767.1,2631.2
R2803,B,58,1,3,1,1412.1,223.0,1020.1,2655.2
R2804,A,55,1,1,1,2138.1,381.7,0.0,2519.8
R2805,A,68,1,0,1,1705.5,562.3,0.0,2267.8
R2806,A,58,1,0,1,2109.6,215.1,558.1,2882.8
R2807,A,54,1,2,1,536.7,43.5,789.2,1369.4
R2808,B,50,1,1,1,1401.4,205.8,0.0,1607.2
R2809,B,69,1,1,0,1404.5,422.4,828.5,2655.4
R2810,A,40,1,0,1,1278.0,676.2,808.8,2763.0
R2811,B,68,1,2,1,579.6,182.9,566.5,1329.0
R2812,A,70,1,0,1,2122.6,181.7,313.5,2617.8
R2813,B,51,0,0,1,926.1,173.8,3587.0,4686.9
R2814,B,69,0,6,0,326.4,1492.3,3110.0,4928.7
R2815,B,74,0,2,1,356.8,931.7,285.2,1573.7
R2816,A,70,1,1,0,2229.4,86.1,0.0,2315.5
R2817,A,80,1,4,0,2250.4,257.6,740.6,3248.6
R2818,A,59,1,0,1,1387.3,458.0,0.0,1845.3
R2819,B,55,1,0,1,1258.7,201.1,0.0,1459.8
R2820,B,61,1,1,1,568.2,76.6,598.4,1243.2
R2821,B,53,1,0,0,118.6,2394.6,1030.2,3543.4
R2822,A,69,0,0,1,176.2,546.4,744.8,1467.4
R2823,A,62,1,1,1,2175.8,83.2,0.0,2259.0
R2824,B,62,1,3,1,708.2,737.2,297.1,1742.5
R2825,B,68,1,1,1,1214.3,133.0,0.0,1347.3
R2826,B,75,1,2,1,1422.5,282.6,1523.1,3228.2
R2827,A,40,1,1,0,2043.4,218.4,1411.8,3673.6
R2828,A,46,1,1,1,1955.4,115.6,0.0,2071.0
R2829,B,55,1,1,0,1241.7,212.4,0.0,1454.1
R2830,B,63,1,0,1,118.0,1.7,957.0,1076.7
R2831,B,64,0,3,1,436.5,316.4,100.9,853.8
R2832,B,53,1,1,0,588.8,1431.0,383.1,2402.9
R2833,B,65,1,2,0,823.9,2131.7,407.8,3363.4
R2834,B,80,0,2,1,472.7,1089.3,1383.3,2945.3
R2835,B,65,1,3,1,1437.0,500.5,0.0,1937.5
R2836,B,58,1,2,1,531.5,511.2,2465.7,3508.4
R2837,B,70,1,0,1,236.1,18.6,1309.6,1564.3
R2838,A,55,0,0,1,2279.2,126.2,251.3,2656.7
R2839,B,68,1,0,1,1038.5,356.1,0.0,1394.6
R2840,B,54,0,1,1,345.4,1991.4,0.0,2336.8
R2841,B,60,1,3,1,119.7,1429.7,1195.8,2745.2
R2842,B,62,1,2,0,719.7,715.4,1869.3,3304.4
R2843,A,70,1,0,0,2275.2,198.8,413.5,2887.5
R2844,A,68,1,1,0,2150.4,201.0,0.0,2351.4
R2845,A,70,0,1,0,1744.9,169.5,0.0,1914.4
R2846,A,59,0,2,0,2157.9,215.8,0.0,2373.7
R2847,A,56,1,1,1,944.2,2081.0,606.0,3631.2
R2848,B,68,0,3,0,1312.0,366.6,0.0,1678.6
R2849,A,47,1,1,0,2262.1,439.5,0.0,2701.6
R2850,A,52,1,0,0,2235.6,252.6,0.0,2488.2
R2851,A,75,0,0,0,2236.5,48.7,647.6,2932.8
R2852,A,68,0,2,0,2197.5,354.1,257.1,2808.7
R2853,A,67,1,1,1,357.9,968.0,2801.0,4126.9
R2854,A,64,0,2,0,2275.6,279.4,0.0,2555.0
R2855,A,52,1,1,1,2153.4,219.9,0.0,2373.3
R2856,B,66,1,2,1,532.5,2108.0,7549.9,10190.4
R2857,B,77,1,2,1,474.6,1171.5,293.4,1939.5
R2858,B,81,1,3,1,458.7,63.9,978.5,1501.1
R2859,B,51,1,1,1,1434.5,478.7,204.7,2117.9
R2860,B,72,0,3,1,569.0,80.3,353.2,1002.5
R2861,B,61,1,0,1,1393.8,188.9,203.3,1786.0
R2862,B,57,1,3,1,358.0,1793.0,1350.2,3501.2
R2863,B,80,0,2,0,111.3,1421.2,898.3,2430.8
R2864,B,58,1,3,0,1395.0,630.4,0.0,2025.4
R2865,A,60,0,3,0,2273.1,109.0,0.0,2382.1
R2866,B,74,1,1,1,1418.2,316.8,0.0,1735.0
R2867,B,61,0,1,1,233.4,1415.6,840.9,2489.9
R2868,A,59,1,0,1,2121.1,260.4,775.2,3156.7
R2869,A,70,0,1,0,373.1,1811.0,10335.6,12519.7
R2870,B,63,1,2,0,115.9,1610.5,0.0,1726.4
R2871,A,66,0,1,1,2190.9,123.7,0.0,2314.6
R2872,A,59,1,1,1,2190.3,333.8,0.0,2524.1
R2873,B,72,0,2,0,719.7,1359.5,1000.7,3079.9
R2874,B,66,1,5,1,284.9,175.1,651.5,1111.5
R2875,B,80,1,3,0,466.7,86.5,834.7,1387.9
R2876,B,75,1,3,1,1088.2,650.1,842.8,2581.1
R2877,A,65,1,0,1,2008.1,385.9,0.0,2394.0
R2878,B,74,0,0,0,820.6,196.3,6064.0,7080.9
R2879,A,56,1,0,1,1274.0,1559.9,334.4,3168.3
R2880,A,76,1,2,1,2085.1,268.8,0.0,2353.9
R2881,A,54,1,0,1,1320.8,389.3,586.6,2296.7
R2882,B,61,1,2,0,1336.6,216.6,0.0,1553.2
R2883,B,54,1,0,0,231.4,1422.1,0.0,1653.5
R2884,A,64,0,0,1,2235.1,270.0,161.9,2667.0
R2885,B,62,0,1,1,1321.9,203.2,831.9,2357.0
R2886,B,56,0,0,1,1423.3,116.5,0.0,1539.8
R2887,B,75,1,1,0,1065.5,370.9,0.0,1436.4
R2888,B,64,1,1,1,1052.4,468.8,1277.4,2798.6
R2889,A,74,1,3,0,533.6,2200.4,355.5,3089.5
R2890,A,54,1,1,1,1928.5,158.5,0.0,2087.0
R2891,B,69,1,0,0,594.1,685.4,315.2,1594.7
R2892,B,75,1,2,1,1301.1,570.2,0.0,1871.3
R2893,A,59,1,0,1,1344.3,229.3,2899.9,4473.5
R2894,B,68,0,1,1,356.6,1705.7,772.4,2834.7
R2895,B,84,1,2,1,330.6,66.6,384.3,781.5
R2896,B,62,1,1,1,235.4,728.8,2981.1,3945.3
R2897,A,50,0,2,0,1889.6,120.0,336.7,2346.3
R2898,A,57,1,2,1,555.8,13.8,459.3,1028.9
R2899,A,57,1,2,1,2235.2,372.1,0.0,2607.3
R2900,A,63,0,0,0,2228.4,108.8,233.0,2570.2
R2901,B,68,1,4,1,111.9,10.7,766.0,888.6
R2902,B,65,0,3,1,464.5,658.1,113.3,1235.9
R2903,B,64,1,3,1,1239.6,453.0,2117.2,3809.8
R2904,A,79,1,2,0,2199.3,374.4,260.6,2834.3
R2905,A,75,0,0,0,355.5,863.6,1216.3,2435.4
R2906,A,62,1,2,1,2040.7,797.2,786.3,3624.2
R2907,A,68,0,2,0,134.7,1524.0,2949.8,4608.5
R2908,B,53,1,2,0,1295.6,658.0,1094.1,3047.7
R2909,B,64,0,1,1,237.7,1368.8,1148.7,2755.2
R2910,A,70,0,1,1,2264.4,161.4,0.0,2425.8
R2911,B,72,1,1,1,1384.4,235.9,118.0,1738.3
R2912,B,76,1,3,0,1372.6,173.9,0.0,1546.5
R2913,B,63,1,0,1,323.9,525.3,1004.8,1854.0
R2914,B,59,0,1,1,1412.0,390.3,0.0,1802.3
R2915,A,77,0,1,0,1853.2,323.8,0.0,2177.0
R2916,B,84,1,1,0,1377.8,348.5,0.0,1726.3
R2917,B,67,1,1,1,1434.3,162.5,0.0,1596.8
R2918,A,66,1,1,1,2109.1,265.2,0.0,2374.3
R2919,A,67,1,0,0,361.2,511.3,1753.5,2626.0
R2920,B,78,1,2,1,1185.3,248.4,1795.2,3228.9
R2921,B,77,1,3,1,567.0,4867.2,1799.6,7233.8
R2922,A,54,1,0,1,159.0,960.8,796.3,1916.1
R2923,B,53,0,2,1,716.8,1025.0,359.8,2101.6
R2924,B,52,1,0,0,292.3,1582.7,129.3,2004.3
R2925,A,55,0,0,1,135.1,617.2,972.8,1725.1
R2926,A,51,1,1,1,2248.3,216.1,0.0,2464.4
R2927,A,62,1,0,1,2196.0,206.3,0.0,2402.3
R2928,B,62,1,1,1,933.0,763.9,439.8,2136.7
R2929,A,66,1,1,0,2274.8,252.4,125.5,2652.7
R2930,B,65,0,2,1,219.4,2614.8,1147.4,3981.6
R2931,B,69,1,0,0,946.9,432.9,238.1,1617.9
R2932,A,69,0,3,1,639.9,151.2,632.2,1423.3
R2933,B,50,1,0,1,1394.9,244.7,0.0,1639.6
R2934,A,52,0,1,1,1312.0,751.7,204.6,2268.3
R2935,B,68,1,2,0,1013.7,285.9,154.7,1454.3
R2936,B,76,1,3,0,1247.6,451.2,367.6,2066.4
R2937,B,81,0,2,0,1171.1,334.7,0.0,1505.8
R2938,B,70,1,6,1,235.3,37.8,0.0,273.1
R2939,A,55,0,0,1,2232.5,118.4,0.0,2350.9
R2940,A,55,1,3,0,1892.4,458.2,435.3,2785.9
R2941,A,49,0,2,1,2156.6,366.9,0.0,2523.5
R2942,B,75,0,3,1,119.4,1197.6,3553.0,4870.0
R2943,A,68,1,3,0,543.8,1539.7,657.9,2741.4
R2944,B,49,0,2,1,560.8,110.5,498.2,1169.5
R2945,B,69,1,2,1,350.1,84.3,1390.0,1824.4
R2946,B,63,1,4,1,1163.7,538.9,192.6,1895.2
R2947,A,56,1,2,0,2168.5,610.7,511.3,3290.5
R2948,B,73,0,1,0,585.0,1140.1,767.5,2492.6
R2949,B,67,0,1,1,1382.8,406.1,0.0,1788.9
R2950,B,56,0,3,1,345.4,1887.8,401.6,2634.8
R2951,A,54,1,0,0,1914.7,190.9,0.0,2105.6
R2952,B,66,1,3,1,1159.4,180.2,438.5,1778.1
R2953,A,52,1,1,1,1858.2,214.1,19654.8,21727.1
R2954,B,75,1,4,1,1179.6,146.2,510.2,1836.0
R2955,A,56,1,0,0,2200.2,149.0,0.0,2349.2
R2956,A,49,0,2,1,1778.7,184.8,2255.4,4218.9
R2957,A,51,1,0,0,2189.6,147.2,0.0,2336.8
R2958,A,57,1,1,0,2124.5,238.9,0.0,2363.4
R2959,B,74,1,2,0,198.8,982.9,1175.5,2357.2
R2960,A,56,0,1,1,2184.7,177.2,513.9,2875.8
R2961,B,54,1,0,1,1209.5,509.1,0.0,1718.6
R2962,B,69,1,2,0,1410.1,246.5,0.0,1656.6
R2963,A,68,1,0,1,1760.2,159.7,0.0,1919.9
R2964,A,57,1,1,1,1865.0,187.1,0.0,2052.1
R2965,B,73,0,0,0,210.0,527.0,1730.9,2467.9
R2966,B,67,1,0,1,1193.6,530.7,1344.9,3069.2
R2967,A,66,1,1,0,2044.4,141.6,0.0,2186.0
R2968,B,71,1,1,1,1175.1,573.1,0.0,1748.2
R2969,B,60,1,2,0,1018.2,190.9,318.9,1528.0
R2970,A,62,1,1,1,2028.3,337.7,198.2,2564.2
R2971,A,74,0,0,1,355.1,1071.6,0.0,1426.7
R2972,B,79,1,0,1,757.9,768.1,0.0,1526.0
R2973,A,52,1,0,1,2195.2,335.4,310.2,2840.8
R2974,A,76,1,3,0,948.1,1531.7,351.4,2831.2
R2975,B,63,1,1,1,619.7,645.7,265.1,1530.5
R2976,A,65,1,2,1,552.4,841.1,1676.8,3070.3
R2977,B,83,0,5,1,114.9,9.6,687.3,811.8
R2978,A,69,0,0,1,326.8,840.3,3212.3,4379.4
R2979,A,61,1,1,1,2162.1,243.0,0.0,2405.1
R2980,B,65,1,1,1,301.2,69.7,959.8,1330.7
R2981,B,77,1,2,0,1331.5,177.3,0.0,1508.8
R2982,B,51,1,0,0,573.1,831.5,0.0,1404.6
R2983,B,71,1,4,1,809.7,3107.7,1965.7,5883.1
R2984,B,72,0,3,1,1399.8,241.9,177.4,1819.1
R2985,A,63,0,0,0,506.1,118.2,489.4,1113.7
R2986,B,80,1,4,0,718.8,504.4,465.4,1688.6
R2987,A,68,1,1,1,2269.4,315.8,0.0,2585.2
R2988,B,62,1,1,1,1295.3,181.5,0.0,1476.8
R2989,B,76,1,3,1,923.6,569.1,3291.2,4783.9
R2990,B,63,0,1,1,116.1,18.0,3116.2,3250.3
R2991,A,63,1,0,0,177.6,4355.3,0.0,4532.9
R2992,B,77,1,4,1,1348.3,334.8,754.7,2437.8
R2993,B,74,0,1,1,1075.5,601.1,0.0,1676.6
R2994,B,63,0,1,0,1202.6,190.3,0.0,1392.9
R2995,B,69,1,6,0,1345.5,1187.6,373.9,2907.0
R2996,A,56,1,0,0,2272.5,199.2,0.0,2471.7
R2997,B,82,1,3,1,569.3,162.2,549.9,1281.4
R2998,B,63,1,1,1,1292.0,266.3,372.4,1930.7
R2999,B,82,1,4,1,587.7,820.6,1170.6,2578.9
R3000,B,64,0,4,1,201.2,5587.2,2571.1,8359.5
