id,fu_days,died,rx_day
0,177.8369,1,
1,341.341834,1,
2,365.0,0,249.905124
3,365.0,0,48.614645
4,365.0,0,49.468897
5,365.0,0,128.571168
6,365.0,0,337.310624
7,257.262406,1,226.590939
8,365.0,0,246.901989
9,365.0,0,12.935089
10,365.0,0,
11,365.0,0,
12,365.0,0,278.928472
13,365.0,0,
14,365.0,0,
15,365.0,0,320.449457
16,365.0,0,9.648795
17,365.0,0,
18,88.630789,1,32.965829
19,219.54617,1,198.699691
20,108.960169,1,
21,365.0,0,
22,365.0,0,170.418622
23,365.0,0,
24,365.0,0,
25,365.0,0,111.422092
26,365.0,0,104.925705
27,365.0,0,
28,365.0,0,241.545995
29,365.0,0,
30,339.213368,1,12.429063
31,365.0,0,330.574325
32,365.0,0,
33,365.0,0,
34,365.0,0,
35,365.0,0,
36,365.0,0,244.603616
37,365.0,0,341.337257
38,365.0,0,
39,365.0,0,
40,365.0,0,140.207774
41,365.0,0,75.664149
42,365.0,0,258.024308
43,365.0,0,
44,365.0,0,101.83089
45,144.554036,1,
46,365.0,0,
47,365.0,0,107.359102
48,365.0,0,
49,98.476168,1,
50,365.0,0,129.595011
51,365.0,0,
52,365.0,0,233.414396
53,365.0,0,
54,365.0,0,73.189857
55,365.0,0,35.609078
56,365.0,0,188.192548
57,365.0,0,95.199933
58,365.0,0,204.10693
59,365.0,0,47.107336
60,365.0,0,
61,141.025848,1,33.894103
62,365.0,0,
63,365.0,0,
64,44.2363,1,
65,365.0,0,224.697759
66,365.0,0,6.823869
67,365.0,0,128.607076
68,365.0,0,357.558262
69,267.846435,1,
70,365.0,0,1.420892
71,365.0,0,208.631823
72,365.0,0,
73,365.0,0,
74,365.0,0,26.862421
75,365.0,0,92.697294
76,365.0,0,
77,365.0,0,222.336424
78,365.0,0,234.880125
79,91.356938,1,11.266858
80,165.65832,1,
81,365.0,0,80.963544
82,365.0,0,287.961782
83,365.0,0,276.498926
84,14.503655,1,
85,365.0,0,
86,11.806229,1,
87,365.0,0,292.376835
88,136.091461,1,
89,302.415329,1,
90,365.0,0,
91,365.0,0,
92,365.0,0,
93,88.24209,1,
94,365.0,0,
95,365.0,0,
96,365.0,0,236.96954
97,4.401906,1,
98,365.0,0,
99,365.0,0,
100,365.0,0,
101,365.0,0,352.41487
102,365.0,0,
103,365.0,0,144.187236
104,365.0,0,
105,365.0,0,
106,16.398026,1,
107,164.399918,1,49.719403
108,66.37152,1,47.273143
109,365.0,0,137.90459
110,360.379397,1,128.02171
111,365.0,0,
112,365.0,0,
113,365.0,0,241.146541
114,365.0,0,335.960639
115,365.0,0,
116,365.0,0,159.435374
117,30.142315,1,
118,365.0,0,17.836989
119,365.0,0,96.926793
120,365.0,0,286.32471
121,365.0,0,
122,365.0,0,64.045885
123,365.0,0,
124,365.0,0,77.180624
125,365.0,0,
126,365.0,0,
127,365.0,0,63.530709
128,365.0,0,
129,365.0,0,152.509095
130,365.0,0,30.70697
131,365.0,0,348.815319
132,365.0,0,
133,138.164918,1,72.634049
134,365.0,0,
135,365.0,0,164.73515
136,365.0,0,339.02161
137,208.634238,1,102.35586
138,365.0,0,294.076136
139,365.0,0,160.5555
140,64.482757,1,
141,5.394071,1,
142,365.0,0,311.763727
143,365.0,0,110.041456
144,365.0,0,
145,365.0,0,90.135437
146,365.0,0,
147,365.0,0,
148,365.0,0,48.012891
149,365.0,0,246.779169
150,365.0,0,319.542592
151,365.0,0,30.863004
152,365.0,0,
153,365.0,0,
154,365.0,0,
155,206.357891,1,129.827416
156,365.0,0,134.587069
157,365.0,0,
158,365.0,0,75.937413
159,365.0,0,
160,365.0,0,
161,365.0,0,
162,108.586397,1,
163,365.0,0,128.422236
164,365.0,0,
165,365.0,0,193.755727
166,365.0,0,
167,365.0,0,
168,365.0,0,
169,331.926946,1,
170,365.0,0,167.561407
171,365.0,0,
172,186.630911,1,
173,216.904648,1,97.440309
174,365.0,0,306.258699
175,240.828929,1,
176,365.0,0,
177,365.0,0,117.828391
178,365.0,0,
179,365.0,0,161.776395
180,365.0,0,
181,365.0,0,49.515533
182,365.0,0,
183,119.735388,1,
184,167.021667,1,
185,365.0,0,173.365929
186,365.0,0,
187,1.376603,1,
188,365.0,0,319.375622
189,365.0,0,
190,365.0,0,273.352214
191,365.0,0,
192,125.312415,1,
193,365.0,0,65.956448
194,174.582166,1,
195,365.0,0,
196,60.97949,1,
197,365.0,0,263.532521
198,365.0,0,
199,365.0,0,140.272582
200,365.0,0,130.594854
201,249.441715,1,68.177396
202,365.0,0,187.306856
203,365.0,0,
204,288.074218,1,
205,365.0,0,
206,365.0,0,39.869084
207,365.0,0,31.064823
208,365.0,0,86.023145
209,365.0,0,
210,365.0,0,
211,365.0,0,298.965461
212,365.0,0,3.457007
213,365.0,0,
214,70.587424,1,
215,0.52724,1,
216,365.0,0,170.445455
217,365.0,0,321.929738
218,365.0,0,265.576429
219,46.791313,1,
220,365.0,0,
221,365.0,0,
222,365.0,0,
223,365.0,0,258.964018
224,365.0,0,135.157626
225,365.0,0,
226,30.601332,1,
227,12.260007,1,
228,365.0,0,
229,365.0,0,174.522924
230,127.690276,1,
231,365.0,0,
232,281.810729,1,
233,365.0,0,
234,365.0,0,
235,204.091156,1,
236,365.0,0,
237,365.0,0,
238,365.0,0,
239,365.0,0,90.398423
240,365.0,0,178.932795
241,365.0,0,
242,365.0,0,
243,365.0,0,
244,365.0,0,
245,282.896537,1,278.281756
246,127.291583,1,20.402222
247,218.079874,1,72.762296
248,103.524738,1,
249,365.0,0,147.310593
250,365.0,0,
251,365.0,0,148.40652
252,334.770256,1,
253,330.873478,1,
254,365.0,0,75.732853
255,365.0,0,30.727206
256,120.745775,1,
257,365.0,0,
258,365.0,0,
259,365.0,0,167.749999
260,365.0,0,
261,331.573928,1,
262,365.0,0,49.725338
263,47.449303,1,
264,365.0,0,
265,365.0,0,
266,365.0,0,
267,365.0,0,86.543348
268,33.963136,1,
269,365.0,0,259.361325
270,365.0,0,52.997653
271,365.0,0,309.168627
272,365.0,0,22.962085
273,365.0,0,
274,90.370184,1,
275,365.0,0,
276,82.359791,1,
277,365.0,0,
278,357.665471,1,
279,365.0,0,
280,365.0,0,271.380641
281,365.0,0,215.591963
282,320.574827,1,19.279591
283,365.0,0,362.326658
284,365.0,0,
285,267.377568,1,92.149254
286,365.0,0,249.492781
287,365.0,0,
288,129.582072,1,
289,365.0,0,
290,365.0,0,65.680077
291,365.0,0,136.15318
292,365.0,0,
293,365.0,0,
294,365.0,0,337.742198
295,365.0,0,
296,365.0,0,45.210682
297,365.0,0,31.962105
298,301.365392,1,126.291674
299,365.0,0,
300,365.0,0,177.321894
301,365.0,0,134.060213
302,365.0,0,15.730645
303,365.0,0,
304,344.301743,1,
305,365.0,0,
306,365.0,0,
307,365.0,0,38.39824
308,365.0,0,278.714432
309,365.0,0,51.286094
310,365.0,0,
311,365.0,0,87.278789
312,365.0,0,330.990085
313,365.0,0,179.698106
314,365.0,0,
315,315.844881,1,268.96348
316,365.0,0,
317,365.0,0,168.802567
318,365.0,0,213.626067
319,365.0,0,12.131766
320,365.0,0,
321,309.461478,1,
322,63.646903,1,
323,365.0,0,
324,365.0,0,30.420336
325,365.0,0,97.425397
326,365.0,0,125.122361
327,365.0,0,360.632973
328,365.0,0,
329,365.0,0,123.66933
330,365.0,0,259.500712
331,358.370033,1,
332,365.0,0,132.529012
333,365.0,0,285.61453
334,161.262093,1,
335,365.0,0,234.02779
336,75.387546,1,
337,365.0,0,
338,365.0,0,20.155576
339,209.748777,1,79.58999
340,191.9213,1,31.773108
341,365.0,0,
342,365.0,0,
343,355.866395,1,142.722906
344,365.0,0,115.399787
345,365.0,0,187.420568
346,365.0,0,137.888606
347,365.0,0,
348,365.0,0,18.381537
349,365.0,0,272.366756
350,365.0,0,262.317725
351,365.0,0,0.490985
352,365.0,0,268.030781
353,342.865315,1,
354,365.0,0,256.704946
355,365.0,0,
356,365.0,0,120.14913
357,269.179471,1,
358,365.0,0,220.540359
359,365.0,0,228.07359
360,365.0,0,
361,84.367606,1,
362,365.0,0,91.790483
363,365.0,0,
364,167.021824,1,
365,365.0,0,
366,365.0,0,
367,365.0,0,
368,365.0,0,
369,365.0,0,86.072661
370,365.0,0,159.640914
371,365.0,0,8.017955
372,365.0,0,
373,365.0,0,
374,365.0,0,
375,365.0,0,
376,365.0,0,
377,2.146304,1,
378,365.0,0,
379,15.283741,1,
380,365.0,0,
381,235.730974,1,218.850725
382,365.0,0,
383,365.0,0,
384,365.0,0,
385,365.0,0,4.566184
386,365.0,0,82.56665
387,365.0,0,86.540503
388,147.799789,1,
389,365.0,0,51.463056
390,365.0,0,
391,365.0,0,99.071121
392,365.0,0,
393,365.0,0,29.857891
394,365.0,0,
395,365.0,0,33.150896
396,84.436951,1,5.340008
397,365.0,0,
398,365.0,0,124.395512
399,251.086971,1,
400,365.0,0,104.616725
401,365.0,0,
402,4.792029,1,
403,46.127795,1,
404,365.0,0,209.73536
405,365.0,0,
406,365.0,0,
407,365.0,0,103.026713
408,365.0,0,
409,143.459027,1,72.824377
410,365.0,0,62.579549
411,334.205759,1,232.328164
412,122.739905,1,
413,365.0,0,51.791032
414,365.0,0,102.610343
415,365.0,0,104.776591
416,326.063957,1,
417,365.0,0,43.448174
418,365.0,0,
419,365.0,0,
420,365.0,0,161.380369
421,21.151399,1,
422,365.0,0,
423,365.0,0,146.794854
424,365.0,0,63.348535
425,216.761294,1,
426,133.587584,1,
427,365.0,0,226.221163
428,365.0,0,163.875286
429,365.0,0,162.282967
430,365.0,0,
431,95.825993,1,
432,365.0,0,292.14416
433,40.518599,1,
434,131.181348,1,
435,365.0,0,7.759875
436,180.670582,1,
437,365.0,0,
438,365.0,0,
439,365.0,0,106.066849
440,365.0,0,
441,365.0,0,220.646487
442,365.0,0,130.779644
443,365.0,0,
444,365.0,0,
445,365.0,0,16.637737
446,365.0,0,327.301101
447,365.0,0,258.287696
448,192.102349,1,
449,365.0,0,131.391938
450,365.0,0,25.360919
451,365.0,0,
452,365.0,0,186.456026
453,162.56171,1,
454,365.0,0,
455,365.0,0,44.737887
456,365.0,0,
457,19.08995,1,
458,365.0,0,
459,365.0,0,255.826705
460,50.750666,1,
461,57.390337,1,
462,365.0,0,
463,365.0,0,
464,214.167561,1,
465,365.0,0,
466,365.0,0,
467,365.0,0,
468,365.0,0,46.497736
469,365.0,0,15.609598
470,365.0,0,131.651411
471,365.0,0,
472,365.0,0,
473,365.0,0,3.621201
474,365.0,0,52.870509
475,365.0,0,
476,365.0,0,
477,365.0,0,
478,3.169077,1,
479,365.0,0,
480,365.0,0,
481,345.064164,1,
482,365.0,0,
483,365.0,0,312.323927
484,365.0,0,
485,194.020012,1,137.727793
486,365.0,0,241.129398
487,365.0,0,71.27993
488,213.467077,1,
489,365.0,0,148.6247
490,365.0,0,
491,365.0,0,212.411134
492,365.0,0,199.70905
493,365.0,0,
494,281.266104,1,25.333978
495,365.0,0,
496,365.0,0,
497,154.684917,1,
498,18.508583,1,
499,177.982611,1,
500,365.0,0,218.887782
501,365.0,0,47.561131
502,45.203717,1,
503,365.0,0,318.771454
504,365.0,0,68.424981
505,278.624817,1,
506,365.0,0,34.820293
507,365.0,0,
508,185.946354,1,
509,365.0,0,
510,365.0,0,
511,365.0,0,
512,195.128296,1,66.916517
513,365.0,0,
514,365.0,0,183.775443
515,365.0,0,
516,365.0,0,
517,365.0,0,
518,365.0,0,302.355643
519,365.0,0,
520,365.0,0,217.242783
521,365.0,0,
522,365.0,0,199.880056
523,365.0,0,
524,365.0,0,
525,365.0,0,
526,365.0,0,168.032997
527,365.0,0,111.691922
528,365.0,0,92.721006
529,365.0,0,44.844359
530,365.0,0,334.547841
531,365.0,0,
532,365.0,0,51.037865
533,94.820211,1,
534,365.0,0,99.711428
535,365.0,0,
536,365.0,0,182.909236
537,365.0,0,16.380048
538,365.0,0,74.170366
539,122.919263,1,82.429229
540,365.0,0,
541,1.319379,1,
542,365.0,0,
543,177.626755,1,156.445468
544,365.0,0,55.822118
545,365.0,0,
546,365.0,0,257.737853
547,365.0,0,
548,240.838798,1,235.539108
549,365.0,0,
550,365.0,0,
551,226.532215,1,
552,365.0,0,14.223941
553,365.0,0,328.207689
554,211.374829,1,
555,365.0,0,
556,365.0,0,29.172715
557,365.0,0,
558,365.0,0,
559,365.0,0,9.129981
560,365.0,0,
561,365.0,0,246.454171
562,365.0,0,
563,365.0,0,196.896209
564,365.0,0,
565,365.0,0,
566,73.988329,1,
567,365.0,0,
568,175.126653,1,39.604358
569,211.0892,1,
570,365.0,0,
571,365.0,0,
572,175.377318,1,78.384101
573,365.0,0,
574,365.0,0,154.799944
575,249.333932,1,
576,365.0,0,330.520869
577,365.0,0,77.24541
578,164.242585,1,
579,365.0,0,
580,365.0,0,274.051646
581,365.0,0,
582,182.659073,1,170.136417
583,365.0,0,143.115721
584,365.0,0,226.864943
585,365.0,0,175.035523
586,365.0,0,148.934002
587,110.538857,1,
588,365.0,0,108.106229
589,50.480473,1,
590,365.0,0,
591,365.0,0,145.092793
592,365.0,0,234.324656
593,365.0,0,
594,94.444508,1,22.593242
595,365.0,0,
596,365.0,0,
597,365.0,0,181.323735
598,365.0,0,
599,365.0,0,
600,365.0,0,145.036019
601,365.0,0,204.644464
602,365.0,0,
603,365.0,0,283.238024
604,365.0,0,26.712406
605,365.0,0,
606,365.0,0,
607,365.0,0,
608,365.0,0,25.318423
609,365.0,0,
610,365.0,0,
611,365.0,0,
612,365.0,0,
613,365.0,0,88.470308
614,187.677942,1,
615,365.0,0,
616,365.0,0,
617,365.0,0,
618,365.0,0,79.000057
619,365.0,0,250.474026
620,365.0,0,51.552823
621,365.0,0,
622,365.0,0,119.548235
623,365.0,0,
624,365.0,0,118.815272
625,365.0,0,
626,365.0,0,
627,365.0,0,
628,365.0,0,
629,365.0,0,304.198933
630,365.0,0,
631,365.0,0,
632,365.0,0,209.099946
633,365.0,0,26.251133
634,365.0,0,320.296064
635,365.0,0,58.42248
636,365.0,0,42.818724
637,365.0,0,
638,365.0,0,
639,365.0,0,
640,365.0,0,
641,365.0,0,243.344037
642,197.884282,1,
643,365.0,0,183.740237
644,164.28674,1,
645,365.0,0,181.383783
646,365.0,0,38.636791
647,10.778901,1,
648,365.0,0,300.008746
649,185.319294,1,
650,365.0,0,
651,365.0,0,69.973736
652,365.0,0,
653,365.0,0,33.251366
654,365.0,0,
655,365.0,0,78.661192
656,47.351115,1,32.70798
657,365.0,0,
658,335.892988,1,85.67011
659,365.0,0,58.875161
660,365.0,0,
661,365.0,0,211.488013
662,190.533306,1,
663,339.395266,1,
664,365.0,0,358.062375
665,365.0,0,148.88155
666,365.0,0,6.793898
667,353.153383,1,43.471721
668,348.621733,1,279.197495
669,361.242082,1,68.397872
670,365.0,0,
671,365.0,0,
672,365.0,0,96.447969
673,365.0,0,
674,365.0,0,77.431903
675,151.583695,1,
676,25.901422,1,
677,365.0,0,174.308627
678,365.0,0,
679,295.380738,1,
680,365.0,0,349.664458
681,365.0,0,183.979045
682,3.381314,1,
683,230.963201,1,104.634056
684,365.0,0,
685,105.76311,1,
686,365.0,0,54.143897
687,365.0,0,260.413353
688,365.0,0,
689,365.0,0,187.772442
690,365.0,0,195.042082
691,365.0,0,91.807707
692,135.198111,1,
693,333.015319,1,
694,105.398827,1,
695,365.0,0,27.120649
696,365.0,0,
697,365.0,0,
698,120.62061,1,
699,365.0,0,
700,365.0,0,
701,365.0,0,
702,365.0,0,316.635674
703,40.113276,1,
704,365.0,0,89.48503
705,312.409722,1,
706,365.0,0,
707,365.0,0,178.42223
708,365.0,0,187.334166
709,365.0,0,18.560427
710,135.439872,1,
711,365.0,0,
712,365.0,0,
713,365.0,0,206.50718
714,365.0,0,204.734234
715,365.0,0,318.869298
716,365.0,0,
717,365.0,0,160.563125
718,365.0,0,136.190191
719,365.0,0,
720,365.0,0,
721,365.0,0,
722,365.0,0,
723,365.0,0,158.837144
724,365.0,0,
725,365.0,0,6.335213
726,365.0,0,
727,31.021209,1,
728,365.0,0,
729,365.0,0,
730,365.0,0,
731,303.816706,1,253.140669
732,365.0,0,277.467728
733,365.0,0,
734,296.28118,1,33.848328
735,365.0,0,135.001595
736,365.0,0,315.576071
737,365.0,0,57.998355
738,115.205342,1,
739,365.0,0,198.448144
740,365.0,0,
741,365.0,0,36.730399
742,341.871135,1,
743,365.0,0,
744,365.0,0,288.539181
745,365.0,0,86.114617
746,365.0,0,232.476534
747,365.0,0,122.277415
748,365.0,0,150.891549
749,365.0,0,
750,102.182363,1,
751,234.417012,1,
752,365.0,0,
753,365.0,0,322.214393
754,365.0,0,
755,365.0,0,20.090681
756,365.0,0,144.662225
757,365.0,0,140.83129
758,365.0,0,
759,365.0,0,105.568495
760,365.0,0,
761,336.051293,1,281.957868
762,120.764375,1,
763,365.0,0,
764,365.0,0,285.514674
765,210.629074,1,
766,365.0,0,
767,365.0,0,
768,365.0,0,
769,365.0,0,
770,365.0,0,
771,365.0,0,
772,223.70236,1,
773,365.0,0,82.060793
774,365.0,0,
775,365.0,0,
776,365.0,0,127.810529
777,365.0,0,
778,365.0,0,
779,154.51004,1,
780,365.0,0,
781,365.0,0,
782,365.0,0,12.792273
783,365.0,0,
784,285.675648,1,
785,365.0,0,
786,365.0,0,
787,365.0,0,
788,365.0,0,63.140704
789,365.0,0,
790,365.0,0,
791,258.364212,1,12.893267
792,365.0,0,154.159867
793,365.0,0,196.395394
794,365.0,0,263.998294
795,365.0,0,
796,365.0,0,
797,365.0,0,341.851819
798,365.0,0,79.898266
799,365.0,0,275.91955
800,365.0,0,
801,365.0,0,
802,365.0,0,358.277997
803,365.0,0,84.290015
804,365.0,0,
805,6.782204,1,
806,0.087695,1,
807,351.853379,1,
808,365.0,0,
809,365.0,0,76.123153
810,365.0,0,
811,365.0,0,162.246897
812,365.0,0,
813,365.0,0,
814,365.0,0,
815,365.0,0,260.57053
816,172.008284,1,
817,365.0,0,
818,365.0,0,
819,365.0,0,
820,365.0,0,
821,365.0,0,30.85809
822,365.0,0,
823,365.0,0,108.776887
824,365.0,0,115.254339
825,365.0,0,109.236836
826,365.0,0,53.333988
827,365.0,0,345.30514
828,70.499117,1,
829,365.0,0,
830,365.0,0,347.247272
831,62.898628,1,
832,365.0,0,183.238208
833,365.0,0,
834,365.0,0,
835,365.0,0,
836,365.0,0,101.479053
837,365.0,0,
838,365.0,0,
839,365.0,0,
840,365.0,0,
841,365.0,0,
842,365.0,0,192.701227
843,365.0,0,48.583253
844,365.0,0,
845,365.0,0,
846,187.159308,1,
847,365.0,0,
848,365.0,0,77.826636
849,365.0,0,74.583676
850,365.0,0,81.146846
851,365.0,0,
852,365.0,0,268.744875
853,365.0,0,
854,365.0,0,20.756813
855,365.0,0,205.018615
856,149.459114,1,
857,117.755408,1,57.733398
858,365.0,0,
859,365.0,0,
860,47.025969,1,
861,365.0,0,321.07661
862,365.0,0,152.793275
863,365.0,0,143.280449
864,365.0,0,
865,365.0,0,
866,365.0,0,151.618665
867,365.0,0,
868,365.0,0,345.704754
869,365.0,0,
870,365.0,0,9.123425
871,365.0,0,
872,55.678843,1,
873,365.0,0,46.572887
874,365.0,0,
875,365.0,0,10.411241
876,365.0,0,
877,365.0,0,361.652254
878,350.273908,1,
879,365.0,0,122.15696
880,365.0,0,87.900348
881,365.0,0,
882,365.0,0,336.108223
883,365.0,0,21.324639
884,365.0,0,
885,365.0,0,
886,365.0,0,114.838956
887,2.039861,1,
888,365.0,0,
889,365.0,0,196.811021
890,365.0,0,162.343071
891,365.0,0,120.880598
892,365.0,0,
893,365.0,0,219.796161
894,119.801019,1,89.824545
895,365.0,0,310.079201
896,365.0,0,179.355698
897,365.0,0,
898,365.0,0,
899,365.0,0,
900,365.0,0,59.192094
901,365.0,0,63.623516
902,365.0,0,16.343661
903,365.0,0,97.165515
904,365.0,0,221.537088
905,365.0,0,49.533737
906,365.0,0,51.991021
907,365.0,0,
908,365.0,0,
909,365.0,0,
910,28.982405,1,
911,195.235262,1,176.379609
912,197.96493,1,
913,158.16416,1,
914,365.0,0,187.860765
915,365.0,0,
916,365.0,0,
917,365.0,0,
918,365.0,0,
919,365.0,0,332.745816
920,365.0,0,86.168339
921,365.0,0,356.406849
922,365.0,0,
923,365.0,0,317.812189
924,365.0,0,
925,365.0,0,
926,365.0,0,200.943389
927,365.0,0,233.783586
928,365.0,0,
929,365.0,0,
930,365.0,0,
931,365.0,0,247.76309
932,4.324713,1,
933,365.0,0,
934,365.0,0,251.160972
935,365.0,0,
936,365.0,0,
937,365.0,0,
938,365.0,0,11.590128
939,365.0,0,166.892541
940,115.210969,1,
941,365.0,0,
942,365.0,0,
943,365.0,0,
944,365.0,0,
945,137.618775,1,
946,365.0,0,
947,194.648348,1,182.477135
948,153.268472,1,138.725389
949,365.0,0,
950,365.0,0,
951,151.855119,1,121.193129
952,365.0,0,
953,365.0,0,
954,365.0,0,
955,365.0,0,
956,11.135266,1,
957,35.565418,1,
958,365.0,0,186.859998
959,32.936488,1,
960,365.0,0,306.313496
961,365.0,0,224.468503
962,365.0,0,
963,144.650495,1,
964,365.0,0,
965,191.264198,1,
966,104.570332,1,
967,365.0,0,269.470543
968,365.0,0,
969,365.0,0,286.000372
970,365.0,0,
971,365.0,0,
972,365.0,0,
973,362.939308,1,
974,73.667528,1,40.998346
975,365.0,0,41.006878
976,365.0,0,333.697861
977,365.0,0,
978,365.0,0,
979,365.0,0,
980,365.0,0,
981,365.0,0,29.314123
982,365.0,0,9.382161
983,365.0,0,33.384043
984,75.896551,1,
985,365.0,0,230.344556
986,365.0,0,
987,365.0,0,
988,365.0,0,
989,365.0,0,257.139591
990,365.0,0,182.620882
991,286.532264,1,
992,365.0,0,
993,365.0,0,
994,365.0,0,
995,365.0,0,163.788537
996,201.484772,1,14.579891
997,365.0,0,
998,365.0,0,
999,5.637085,1,
1000,365.0,0,
1001,365.0,0,
1002,365.0,0,85.050686
1003,365.0,0,
1004,365.0,0,116.732498
1005,365.0,0,123.969317
1006,365.0,0,139.132067
1007,365.0,0,84.461986
1008,365.0,0,63.453599
1009,259.767982,1,
1010,265.106892,1,
1011,365.0,0,111.348059
1012,365.0,0,82.149288
1013,365.0,0,282.643182
1014,365.0,0,288.319515
1015,365.0,0,97.612025
1016,365.0,0,11.50001
1017,365.0,0,
1018,365.0,0,178.128222
1019,365.0,0,
1020,365.0,0,101.203093
1021,365.0,0,
1022,365.0,0,254.308662
1023,365.0,0,
1024,365.0,0,
1025,365.0,0,
1026,172.95032,1,
1027,365.0,0,
1028,189.612868,1,
1029,153.868421,1,
1030,214.40955,1,101.038223
1031,365.0,0,115.039333
1032,183.786431,1,
1033,365.0,0,311.854529
1034,365.0,0,78.312287
1035,365.0,0,25.638036
1036,135.876742,1,
1037,365.0,0,90.991508
1038,365.0,0,
1039,365.0,0,286.712494
1040,365.0,0,
1041,49.304064,1,
1042,365.0,0,95.063015
1043,365.0,0,178.346683
1044,365.0,0,80.406675
1045,365.0,0,
1046,365.0,0,
1047,365.0,0,261.706168
1048,365.0,0,
1049,365.0,0,
1050,93.427728,1,
1051,365.0,0,
1052,42.389195,1,
1053,365.0,0,
1054,365.0,0,
1055,365.0,0,122.072259
1056,365.0,0,292.736821
1057,365.0,0,
1058,365.0,0,
1059,365.0,0,186.052025
1060,365.0,0,322.608283
1061,365.0,0,108.998557
1062,365.0,0,
1063,365.0,0,
1064,365.0,0,
1065,365.0,0,
1066,365.0,0,
1067,365.0,0,
1068,253.020249,1,
1069,365.0,0,
1070,365.0,0,50.833214
1071,365.0,0,
1072,365.0,0,249.461746
1073,365.0,0,96.318535
1074,365.0,0,
1075,365.0,0,52.279412
1076,365.0,0,
1077,365.0,0,347.843158
1078,365.0,0,117.547327
1079,365.0,0,
1080,365.0,0,37.969597
1081,365.0,0,119.745656
1082,365.0,0,
1083,365.0,0,
1084,365.0,0,261.457397
1085,365.0,0,
1086,365.0,0,
1087,365.0,0,191.393189
1088,365.0,0,107.324707
1089,365.0,0,328.847753
1090,365.0,0,107.041828
1091,365.0,0,42.600691
1092,341.440526,1,70.955634
1093,365.0,0,143.497782
1094,365.0,0,289.575755
1095,365.0,0,
1096,365.0,0,207.517589
1097,365.0,0,308.229552
1098,365.0,0,14.347604
1099,365.0,0,150.961808
1100,365.0,0,
1101,365.0,0,
1102,133.586443,1,
1103,365.0,0,46.888295
1104,29.491526,1,
1105,365.0,0,
1106,365.0,0,288.115352
1107,365.0,0,17.024307
1108,365.0,0,
1109,365.0,0,236.834983
1110,365.0,0,28.918734
1111,365.0,0,118.011004
1112,365.0,0,46.098783
1113,365.0,0,
1114,365.0,0,351.702117
1115,365.0,0,
1116,342.307009,1,143.649113
1117,365.0,0,
1118,365.0,0,137.286099
1119,365.0,0,
1120,196.021051,1,
1121,365.0,0,
1122,365.0,0,236.198011
1123,365.0,0,259.157675
1124,365.0,0,
1125,365.0,0,
1126,365.0,0,
1127,365.0,0,
1128,365.0,0,327.566699
1129,313.785871,1,21.373823
1130,365.0,0,214.387559
1131,365.0,0,275.154374
1132,365.0,0,66.960095
1133,365.0,0,
1134,365.0,0,99.960953
1135,365.0,0,354.116218
1136,2.093513,1,
1137,365.0,0,118.17885
1138,365.0,0,344.1826
1139,318.251929,1,
1140,365.0,0,
1141,365.0,0,
1142,365.0,0,239.398341
1143,365.0,0,27.672864
1144,365.0,0,
1145,365.0,0,77.788593
1146,294.397587,1,
1147,365.0,0,147.127784
1148,365.0,0,
1149,365.0,0,90.313416
1150,4.844099,1,
1151,365.0,0,
1152,365.0,0,
1153,365.0,0,114.041676
1154,365.0,0,212.398568
1155,365.0,0,104.422607
1156,85.388349,1,74.164801
1157,365.0,0,
1158,145.903375,1,
1159,365.0,0,
1160,271.307334,1,
1161,365.0,0,253.931971
1162,365.0,0,227.964149
1163,365.0,0,
1164,365.0,0,
1165,264.478066,1,119.081864
1166,365.0,0,
1167,365.0,0,
1168,365.0,0,
1169,1.37813,1,
1170,365.0,0,211.080019
1171,365.0,0,124.107826
1172,365.0,0,
1173,365.0,0,
1174,365.0,0,
1175,37.68161,1,
1176,365.0,0,
1177,365.0,0,
1178,365.0,0,
1179,365.0,0,313.057526
1180,365.0,0,149.453166
1181,365.0,0,
1182,71.765298,1,
1183,365.0,0,
1184,202.431301,1,100.678983
1185,365.0,0,0.348733
1186,365.0,0,64.738939
1187,167.785993,1,13.25031
1188,365.0,0,
1189,365.0,0,323.017244
1190,365.0,0,
1191,365.0,0,
1192,365.0,0,
1193,365.0,0,
1194,365.0,0,
1195,365.0,0,292.34843
1196,246.094229,1,75.486195
1197,365.0,0,328.826816
1198,365.0,0,235.818655
1199,365.0,0,
1200,96.819837,1,
1201,365.0,0,183.889075
1202,365.0,0,
1203,365.0,0,
1204,260.797431,1,80.246353
1205,365.0,0,217.485064
1206,51.714152,1,
1207,106.185787,1,
1208,365.0,0,
1209,365.0,0,15.258552
1210,365.0,0,52.983671
1211,365.0,0,
1212,365.0,0,
1213,365.0,0,
1214,365.0,0,116.573568
1215,365.0,0,
1216,0.468932,1,
1217,80.564423,1,1.859307
1218,365.0,0,
1219,365.0,0,21.915723
1220,365.0,0,
1221,79.808787,1,
1222,365.0,0,221.842775
1223,7.544024,1,
1224,365.0,0,
1225,365.0,0,91.004376
1226,365.0,0,
1227,365.0,0,
1228,320.520071,1,
1229,90.813363,1,25.799178
1230,365.0,0,118.676445
1231,365.0,0,
1232,365.0,0,
1233,202.055857,1,
1234,365.0,0,
1235,365.0,0,69.937567
1236,365.0,0,18.418865
1237,365.0,0,
1238,255.344387,1,
1239,365.0,0,
1240,365.0,0,
1241,365.0,0,
1242,365.0,0,283.806222
1243,243.73658,1,
1244,365.0,0,
1245,365.0,0,
1246,365.0,0,339.958692
1247,365.0,0,194.685129
1248,365.0,0,112.399817
1249,365.0,0,327.502987
1250,118.82001,1,
1251,365.0,0,
1252,214.682397,1,
1253,365.0,0,
1254,365.0,0,136.124788
1255,365.0,0,47.177476
1256,365.0,0,
1257,27.970092,1,
1258,365.0,0,133.295874
1259,365.0,0,
1260,365.0,0,
1261,365.0,0,231.966895
1262,365.0,0,132.785248
1263,365.0,0,358.069908
1264,365.0,0,246.265853
1265,155.621739,1,
1266,365.0,0,
1267,332.384545,1,
1268,274.049665,1,
1269,365.0,0,
1270,365.0,0,
1271,365.0,0,
1272,365.0,0,96.402574
1273,365.0,0,
1274,365.0,0,301.126707
1275,365.0,0,160.923873
1276,365.0,0,
1277,29.253055,1,
1278,365.0,0,
1279,365.0,0,
1280,243.061136,1,
1281,365.0,0,231.4838
1282,365.0,0,
1283,94.585353,1,
1284,314.214993,1,182.329361
1285,365.0,0,147.993907
1286,365.0,0,276.756634
1287,38.969945,1,
1288,365.0,0,
1289,365.0,0,
1290,365.0,0,350.949809
1291,365.0,0,212.950212
1292,365.0,0,
1293,365.0,0,121.26762
1294,57.868114,1,
1295,365.0,0,
1296,365.0,0,50.446391
1297,63.87767,1,
1298,306.336092,1,
1299,365.0,0,150.675628
1300,365.0,0,297.532617
1301,365.0,0,142.786412
1302,365.0,0,5.569185
1303,365.0,0,140.448629
1304,365.0,0,79.880383
1305,28.167862,1,
1306,365.0,0,
1307,235.947466,1,226.845593
1308,365.0,0,157.979444
1309,365.0,0,55.201135
1310,365.0,0,
1311,365.0,0,358.380625
1312,95.765263,1,
1313,347.823434,1,
1314,365.0,0,
1315,365.0,0,
1316,365.0,0,358.116856
1317,365.0,0,
1318,365.0,0,
1319,365.0,0,
1320,365.0,0,26.380226
1321,365.0,0,109.512438
1322,135.153612,1,44.763268
1323,8.55562,1,
1324,365.0,0,
1325,223.076548,1,191.728668
1326,365.0,0,
1327,365.0,0,
1328,365.0,0,206.311449
1329,365.0,0,361.525132
1330,179.871745,1,
1331,365.0,0,
1332,365.0,0,
1333,170.136545,1,
1334,365.0,0,
1335,365.0,0,333.791492
1336,365.0,0,67.287425
1337,329.363973,1,
1338,365.0,0,
1339,365.0,0,
1340,365.0,0,71.103244
1341,62.711497,1,
1342,365.0,0,
1343,316.95068,1,6.611643
1344,365.0,0,11.84115
1345,365.0,0,68.983207
1346,365.0,0,69.824876
1347,365.0,0,20.62496
1348,365.0,0,
1349,365.0,0,269.800641
1350,365.0,0,231.068163
1351,365.0,0,
1352,365.0,0,292.216524
1353,365.0,0,74.145587
1354,365.0,0,306.696249
1355,365.0,0,206.31783
1356,365.0,0,
1357,365.0,0,
1358,365.0,0,197.435106
1359,365.0,0,278.716308
1360,365.0,0,
1361,61.48637,1,27.58584
1362,365.0,0,
1363,365.0,0,5.600505
1364,365.0,0,133.8925
1365,365.0,0,
1366,365.0,0,
1367,365.0,0,337.075045
1368,365.0,0,233.296825
1369,365.0,0,305.495826
1370,365.0,0,
1371,365.0,0,297.964139
1372,24.270698,1,
1373,365.0,0,209.059461
1374,365.0,0,
1375,306.824364,1,
1376,365.0,0,135.357441
1377,365.0,0,
1378,365.0,0,210.833288
1379,365.0,0,123.104731
1380,365.0,0,
1381,365.0,0,171.427227
1382,365.0,0,35.383006
1383,365.0,0,41.349272
1384,365.0,0,
1385,365.0,0,149.59928
1386,365.0,0,206.293601
1387,218.723763,1,
1388,365.0,0,194.783393
1389,11.983496,1,
1390,197.853137,1,
1391,365.0,0,228.312669
1392,231.83856,1,
1393,365.0,0,340.660678
1394,241.846275,1,
1395,365.0,0,
1396,365.0,0,284.456256
1397,198.7567,1,178.219872
1398,365.0,0,
1399,365.0,0,
1400,80.962426,1,5.855065
1401,266.430633,1,
1402,17.892472,1,
1403,365.0,0,171.863015
1404,365.0,0,
1405,331.468445,1,
1406,365.0,0,
1407,324.889079,1,
1408,365.0,0,34.533746
1409,365.0,0,126.523639
1410,365.0,0,
1411,365.0,0,
1412,365.0,0,
1413,365.0,0,76.691582
1414,365.0,0,229.691688
1415,365.0,0,302.815199
1416,365.0,0,
1417,365.0,0,7.983665
1418,365.0,0,
1419,365.0,0,
1420,71.131187,1,64.817897
1421,365.0,0,
1422,287.775051,1,176.515447
1423,365.0,0,93.615329
1424,365.0,0,99.51774
1425,365.0,0,287.025804
1426,61.879201,1,
1427,365.0,0,324.895713
1428,365.0,0,75.862409
1429,365.0,0,61.582931
1430,365.0,0,51.7972
1431,365.0,0,
1432,7.654471,1,
1433,365.0,0,48.266136
1434,365.0,0,
1435,160.995959,1,77.934775
1436,365.0,0,138.40844
1437,365.0,0,28.529589
1438,365.0,0,168.451062
1439,365.0,0,263.423685
1440,365.0,0,131.148995
1441,365.0,0,
1442,365.0,0,21.275754
1443,365.0,0,150.361269
1444,365.0,0,20.639614
1445,365.0,0,316.749518
1446,365.0,0,159.050162
1447,365.0,0,264.968264
1448,365.0,0,
1449,365.0,0,
1450,365.0,0,3.418174
1451,365.0,0,2.62311
1452,28.284377,1,
1453,365.0,0,166.419666
1454,227.268938,1,196.26309
1455,365.0,0,359.304517
1456,94.711498,1,
1457,45.764876,1,
1458,257.086236,1,
1459,363.536828,1,
1460,365.0,0,
1461,172.830978,1,
1462,365.0,0,
1463,365.0,0,
1464,365.0,0,
1465,365.0,0,
1466,365.0,0,
1467,365.0,0,262.206243
1468,365.0,0,
1469,365.0,0,150.335872
1470,365.0,0,
1471,365.0,0,
1472,365.0,0,32.671886
1473,365.0,0,
1474,365.0,0,121.079312
1475,365.0,0,320.784099
1476,365.0,0,
1477,365.0,0,
1478,365.0,0,
1479,365.0,0,
1480,365.0,0,
1481,365.0,0,227.397384
1482,365.0,0,294.313833
1483,365.0,0,152.876053
1484,365.0,0,
1485,365.0,0,
1486,365.0,0,
1487,365.0,0,178.700534
1488,365.0,0,
1489,365.0,0,62.880149
1490,365.0,0,
1491,365.0,0,9.969718
1492,8.797609,1,
1493,4.28286,1,
1494,87.000913,1,
1495,365.0,0,174.925244
1496,365.0,0,
1497,365.0,0,
1498,365.0,0,
1499,365.0,0,
1500,232.491448,1,34.100247
1501,365.0,0,
1502,47.864934,1,
1503,365.0,0,
1504,365.0,0,
1505,365.0,0,
1506,121.869015,1,
1507,319.398855,1,
1508,365.0,0,
1509,365.0,0,346.523139
1510,365.0,0,
1511,365.0,0,
1512,365.0,0,81.518923
1513,365.0,0,
1514,365.0,0,108.601703
1515,365.0,0,91.760253
1516,365.0,0,
1517,208.855739,1,58.120656
1518,365.0,0,81.489013
1519,365.0,0,
1520,365.0,0,324.643183
1521,365.0,0,343.587027
1522,365.0,0,
1523,168.895662,1,
1524,365.0,0,
1525,365.0,0,
1526,365.0,0,
1527,365.0,0,
1528,365.0,0,136.586714
1529,365.0,0,
1530,365.0,0,114.732421
1531,365.0,0,29.359535
1532,365.0,0,104.194182
1533,365.0,0,46.746216
1534,5.54028,1,
1535,365.0,0,137.283706
1536,365.0,0,107.318317
1537,365.0,0,
1538,58.851173,1,
1539,57.619969,1,
1540,365.0,0,1.060382
1541,365.0,0,133.736575
1542,365.0,0,
1543,47.588772,1,
1544,365.0,0,
1545,365.0,0,
1546,365.0,0,109.628238
1547,365.0,0,
1548,365.0,0,
1549,365.0,0,111.609048
1550,365.0,0,
1551,365.0,0,
1552,365.0,0,
1553,365.0,0,116.517328
1554,275.392876,1,127.914443
1555,365.0,0,104.287028
1556,365.0,0,164.952459
1557,365.0,0,11.505775
1558,365.0,0,326.961333
1559,365.0,0,
1560,158.090561,1,
1561,365.0,0,
1562,365.0,0,123.773894
1563,365.0,0,
1564,365.0,0,107.540049
1565,304.348544,1,
1566,365.0,0,232.320841
1567,365.0,0,
1568,15.150004,1,
1569,365.0,0,
1570,7.496935,1,
1571,365.0,0,
1572,365.0,0,103.206484
1573,365.0,0,85.820652
1574,365.0,0,289.853361
1575,365.0,0,92.873315
1576,365.0,0,149.568121
1577,365.0,0,305.868335
1578,365.0,0,178.679538
1579,365.0,0,280.395491
1580,365.0,0,360.426387
1581,365.0,0,
1582,365.0,0,
1583,365.0,0,
1584,365.0,0,
1585,365.0,0,
1586,365.0,0,
1587,365.0,0,
1588,365.0,0,156.168251
1589,112.622776,1,
1590,365.0,0,170.043798
1591,365.0,0,
1592,365.0,0,
1593,365.0,0,
1594,365.0,0,137.004754
1595,365.0,0,163.277068
1596,365.0,0,
1597,365.0,0,
1598,365.0,0,8.418371
1599,365.0,0,
1600,365.0,0,142.43164
1601,365.0,0,
1602,365.0,0,354.741979
1603,189.937464,1,64.264585
1604,365.0,0,
1605,39.739753,1,
1606,77.569923,1,
1607,175.528585,1,
1608,188.678332,1,
1609,365.0,0,293.883215
1610,365.0,0,
1611,365.0,0,
1612,260.723667,1,143.838209
1613,365.0,0,
1614,365.0,0,
1615,365.0,0,
1616,188.439469,1,
1617,365.0,0,
1618,66.396652,1,
1619,176.427034,1,
1620,365.0,0,194.786798
1621,123.214372,1,
1622,342.459868,1,
1623,365.0,0,
1624,365.0,0,
1625,365.0,0,
1626,365.0,0,
1627,365.0,0,
1628,365.0,0,191.908638
1629,365.0,0,
1630,365.0,0,
1631,365.0,0,21.429585
1632,365.0,0,75.345026
1633,334.694174,1,72.718098
1634,145.899845,1,
1635,365.0,0,
1636,365.0,0,274.681419
1637,365.0,0,243.019918
1638,365.0,0,34.736592
1639,365.0,0,
1640,365.0,0,
1641,365.0,0,
1642,365.0,0,232.459817
1643,344.372396,1,162.831192
1644,365.0,0,12.736468
1645,141.571056,1,65.590941
1646,365.0,0,177.778844
1647,365.0,0,
1648,365.0,0,
1649,365.0,0,132.974426
1650,365.0,0,85.359764
1651,365.0,0,138.030798
1652,365.0,0,143.377429
1653,365.0,0,
1654,365.0,0,
1655,365.0,0,
1656,365.0,0,
1657,365.0,0,
1658,365.0,0,267.337331
1659,365.0,0,323.555693
1660,365.0,0,
1661,181.689076,1,
1662,365.0,0,
1663,365.0,0,111.161397
1664,365.0,0,
1665,115.847482,1,
1666,365.0,0,
1667,365.0,0,230.90126
1668,365.0,0,
1669,365.0,0,
1670,365.0,0,
1671,365.0,0,73.313225
1672,365.0,0,
1673,365.0,0,176.363603
1674,5.410028,1,
1675,365.0,0,285.206975
1676,365.0,0,160.222029
1677,365.0,0,284.125994
1678,365.0,0,
1679,365.0,0,
1680,365.0,0,164.652514
1681,308.528867,1,57.860203
1682,365.0,0,
1683,365.0,0,
1684,365.0,0,186.246039
1685,365.0,0,1.031266
1686,365.0,0,273.507046
1687,365.0,0,
1688,89.316645,1,
1689,119.78197,1,
1690,365.0,0,
1691,365.0,0,203.008374
1692,51.543894,1,5.713087
1693,365.0,0,94.658329
1694,365.0,0,294.974545
1695,365.0,0,
1696,18.213543,1,
1697,365.0,0,160.015413
1698,365.0,0,19.162505
1699,284.876479,1,
1700,47.499825,1,
1701,365.0,0,
1702,215.363124,1,0.290541
1703,365.0,0,
1704,365.0,0,
1705,356.058325,1,283.089803
1706,59.063792,1,
1707,365.0,0,
1708,365.0,0,293.144958
1709,365.0,0,272.485409
1710,365.0,0,
1711,365.0,0,
1712,365.0,0,
1713,365.0,0,183.161235
1714,365.0,0,
1715,93.811591,1,
1716,312.243874,1,
1717,365.0,0,265.3655
1718,365.0,0,
1719,365.0,0,
1720,365.0,0,63.987045
1721,365.0,0,
1722,365.0,0,
1723,365.0,0,202.89601
1724,365.0,0,296.619714
1725,365.0,0,335.926596
1726,365.0,0,5.698783
1727,365.0,0,58.919766
1728,365.0,0,257.256683
1729,365.0,0,94.118168
1730,365.0,0,13.583956
1731,365.0,0,40.397855
1732,365.0,0,
1733,365.0,0,221.138655
1734,365.0,0,175.539513
1735,283.636784,1,149.825227
1736,365.0,0,77.089843
1737,230.466136,1,214.410437
1738,332.553698,1,
1739,365.0,0,
1740,365.0,0,
1741,365.0,0,
1742,365.0,0,
1743,365.0,0,111.544202
1744,365.0,0,
1745,365.0,0,154.756883
1746,92.433111,1,40.813898
1747,365.0,0,
1748,365.0,0,11.863542
1749,365.0,0,
1750,365.0,0,96.337689
1751,365.0,0,58.231671
1752,365.0,0,324.819275
1753,365.0,0,117.040039
1754,365.0,0,
1755,365.0,0,
1756,365.0,0,
1757,365.0,0,
1758,365.0,0,
1759,365.0,0,
1760,365.0,0,307.001889
1761,365.0,0,
1762,365.0,0,
1763,45.078561,1,
1764,304.876243,1,
1765,365.0,0,
1766,365.0,0,11.966405
1767,365.0,0,39.936705
1768,365.0,0,
1769,365.0,0,
1770,365.0,0,
1771,365.0,0,120.53495
1772,79.998567,1,
1773,365.0,0,233.403126
1774,1.601822,1,
1775,365.0,0,
1776,365.0,0,168.676256
1777,330.218792,1,325.019109
1778,365.0,0,319.083948
1779,365.0,0,
1780,169.075917,1,
1781,365.0,0,70.301531
1782,365.0,0,276.811294
1783,365.0,0,62.601828
1784,365.0,0,191.00954
1785,365.0,0,
1786,38.551207,1,
1787,365.0,0,
1788,365.0,0,361.951958
1789,365.0,0,
1790,365.0,0,
1791,365.0,0,212.950139
1792,365.0,0,124.793875
1793,365.0,0,354.154296
1794,59.634909,1,
1795,365.0,0,
1796,365.0,0,
1797,257.039609,1,
1798,365.0,0,
1799,365.0,0,
1800,138.624519,1,
1801,365.0,0,
1802,365.0,0,181.823768
1803,365.0,0,92.881655
1804,365.0,0,145.681461
1805,365.0,0,
1806,365.0,0,49.308926
1807,365.0,0,
1808,230.765564,1,
1809,365.0,0,281.97518
1810,365.0,0,228.515356
1811,365.0,0,
1812,186.829601,1,
1813,365.0,0,
1814,365.0,0,
1815,365.0,0,
1816,263.4507,1,
1817,302.714013,1,
1818,365.0,0,42.810169
1819,320.4152,1,
1820,365.0,0,
1821,365.0,0,
1822,365.0,0,
1823,186.742295,1,
1824,73.530328,1,
1825,365.0,0,
1826,365.0,0,
1827,365.0,0,68.731614
1828,365.0,0,
1829,332.75445,1,164.597304
1830,365.0,0,
1831,307.747337,1,193.857148
1832,365.0,0,8.029669
1833,365.0,0,245.818764
1834,365.0,0,
1835,365.0,0,251.805399
1836,365.0,0,241.496475
1837,365.0,0,
1838,365.0,0,
1839,365.0,0,25.161046
1840,365.0,0,284.142453
1841,365.0,0,
1842,7.333628,1,
1843,19.675468,1,
1844,1.915701,1,
1845,365.0,0,
1846,365.0,0,194.748872
1847,365.0,0,287.885902
1848,365.0,0,
1849,365.0,0,305.767111
1850,365.0,0,
1851,365.0,0,55.496347
1852,365.0,0,
1853,365.0,0,
1854,179.305574,1,
1855,261.074812,1,
1856,365.0,0,
1857,365.0,0,246.699207
1858,40.971558,1,
1859,365.0,0,
1860,365.0,0,115.122906
1861,365.0,0,
1862,365.0,0,147.360493
1863,365.0,0,271.632288
1864,365.0,0,
1865,365.0,0,
1866,82.237138,1,
1867,365.0,0,
1868,365.0,0,
1869,365.0,0,
1870,365.0,0,59.152156
1871,365.0,0,
1872,365.0,0,
1873,365.0,0,192.420266
1874,365.0,0,131.250319
1875,312.718464,1,261.315853
1876,365.0,0,
1877,109.046432,1,
1878,365.0,0,
1879,365.0,0,79.049869
1880,68.601834,1,
1881,270.910838,1,
1882,365.0,0,71.520721
1883,365.0,0,329.095724
1884,365.0,0,166.607492
1885,365.0,0,65.559329
1886,365.0,0,200.212798
1887,365.0,0,
1888,365.0,0,
1889,365.0,0,265.526059
1890,198.507977,1,
1891,365.0,0,
1892,365.0,0,190.53477
1893,365.0,0,
1894,365.0,0,
1895,365.0,0,190.878589
1896,365.0,0,190.915586
1897,29.188212,1,
1898,197.118714,1,
1899,11.197085,1,
1900,365.0,0,357.440343
1901,365.0,0,315.863781
1902,365.0,0,234.911439
1903,365.0,0,24.056984
1904,272.220267,1,115.383464
1905,365.0,0,279.700737
1906,365.0,0,129.86712
1907,270.036445,1,164.011773
1908,365.0,0,10.741773
1909,4.758217,1,
1910,365.0,0,59.936979
1911,282.291883,1,76.971941
1912,365.0,0,292.323896
1913,240.791153,1,99.952272
1914,365.0,0,313.058011
1915,365.0,0,6.781947
1916,365.0,0,
1917,365.0,0,
1918,365.0,0,
1919,365.0,0,
1920,365.0,0,23.960718
1921,365.0,0,16.406634
1922,365.0,0,
1923,365.0,0,118.673311
1924,300.159893,1,
1925,365.0,0,
1926,365.0,0,
1927,365.0,0,
1928,365.0,0,58.864542
1929,365.0,0,
1930,365.0,0,
1931,365.0,0,251.788291
1932,365.0,0,
1933,70.455295,1,
1934,365.0,0,14.20726
1935,229.738986,1,125.193349
1936,102.694846,1,
1937,365.0,0,
1938,300.669454,1,
1939,60.960986,1,
1940,365.0,0,
1941,365.0,0,233.047015
1942,365.0,0,122.325616
1943,365.0,0,247.085677
1944,365.0,0,345.026007
1945,365.0,0,
1946,365.0,0,
1947,365.0,0,
1948,365.0,0,260.130938
1949,365.0,0,
1950,365.0,0,20.557391
1951,365.0,0,45.910391
1952,365.0,0,
1953,365.0,0,149.529777
1954,365.0,0,72.19796
1955,365.0,0,
1956,365.0,0,80.943563
1957,365.0,0,253.472698
1958,365.0,0,192.713217
1959,365.0,0,
1960,365.0,0,278.230017
1961,365.0,0,
1962,365.0,0,254.807643
1963,365.0,0,
1964,365.0,0,
1965,258.812144,1,0.113525
1966,365.0,0,136.216691
1967,365.0,0,120.594602
1968,365.0,0,
1969,365.0,0,351.490197
1970,365.0,0,
1971,194.200505,1,
1972,70.322208,1,
1973,365.0,0,
1974,365.0,0,364.038488
1975,330.942729,1,
1976,365.0,0,
1977,365.0,0,196.962793
1978,365.0,0,243.144227
1979,365.0,0,
1980,325.109407,1,266.80009
1981,365.0,0,144.434054
1982,365.0,0,
1983,365.0,0,5.529695
1984,307.052155,1,46.50349
1985,116.922005,1,
1986,365.0,0,
1987,216.573846,1,35.083158
1988,365.0,0,
1989,365.0,0,104.457041
1990,107.707789,1,
1991,365.0,0,217.280095
1992,365.0,0,270.274618
1993,365.0,0,298.786114
1994,365.0,0,
1995,365.0,0,66.877471
1996,365.0,0,217.422838
1997,365.0,0,
1998,365.0,0,0.715541
1999,365.0,0,
2000,365.0,0,
2001,73.838162,1,
2002,365.0,0,
2003,140.586395,1,114.451687
2004,22.062444,1,
2005,365.0,0,193.622529
2006,365.0,0,63.110969
2007,365.0,0,136.282939
2008,240.322402,1,105.990454
2009,49.641033,1,
2010,365.0,0,
2011,365.0,0,222.583505
2012,214.255855,1,
2013,365.0,0,11.953312
2014,365.0,0,184.360421
2015,365.0,0,
2016,138.082336,1,
2017,365.0,0,77.601942
2018,365.0,0,213.739471
2019,365.0,0,
2020,365.0,0,
2021,365.0,0,272.920341
2022,365.0,0,
2023,80.450222,1,
2024,365.0,0,
2025,365.0,0,1.393227
2026,365.0,0,133.76684
2027,365.0,0,104.586147
2028,365.0,0,
2029,365.0,0,
2030,365.0,0,
2031,365.0,0,63.025389
2032,333.178976,1,268.418547
2033,365.0,0,345.600193
2034,165.201663,1,
2035,365.0,0,
2036,365.0,0,54.8273
2037,41.455352,1,
2038,365.0,0,
2039,365.0,0,
2040,365.0,0,
2041,365.0,0,76.98978
2042,365.0,0,266.126788
2043,365.0,0,93.079193
2044,365.0,0,
2045,167.02421,1,
2046,365.0,0,
2047,365.0,0,290.238261
2048,365.0,0,
2049,365.0,0,43.898959
2050,365.0,0,
2051,365.0,0,
2052,365.0,0,
2053,365.0,0,281.892051
2054,365.0,0,227.855161
2055,365.0,0,143.827456
2056,133.69295,1,
2057,365.0,0,
2058,365.0,0,
2059,365.0,0,
2060,365.0,0,65.585571
2061,365.0,0,
2062,365.0,0,120.374708
2063,365.0,0,75.694551
2064,365.0,0,
2065,365.0,0,191.676553
2066,365.0,0,
2067,365.0,0,
2068,365.0,0,29.543172
2069,9.776171,1,
2070,365.0,0,58.607077
2071,365.0,0,129.562156
2072,365.0,0,361.236193
2073,365.0,0,109.246286
2074,365.0,0,89.111155
2075,127.727828,1,
2076,365.0,0,
2077,365.0,0,
2078,365.0,0,
2079,365.0,0,
2080,192.375774,1,
2081,365.0,0,264.732104
2082,365.0,0,265.508462
2083,365.0,0,209.212468
2084,365.0,0,
2085,365.0,0,
2086,329.435869,1,
2087,272.934232,1,243.600434
2088,365.0,0,18.576356
2089,365.0,0,49.678354
2090,365.0,0,
2091,365.0,0,2.771641
2092,365.0,0,
2093,303.714885,1,
2094,365.0,0,
2095,365.0,0,
2096,60.950709,1,
2097,365.0,0,287.240397
2098,365.0,0,199.752866
2099,5.743746,1,
2100,365.0,0,155.860386
2101,253.024727,1,
2102,30.445395,1,
2103,365.0,0,28.094723
2104,365.0,0,43.481483
2105,365.0,0,
2106,365.0,0,67.057022
2107,365.0,0,
2108,365.0,0,364.278625
2109,365.0,0,
2110,365.0,0,233.430816
2111,365.0,0,
2112,365.0,0,225.79456
2113,365.0,0,235.617877
2114,365.0,0,65.711524
2115,365.0,0,
2116,365.0,0,
2117,365.0,0,
2118,365.0,0,81.025807
2119,365.0,0,279.280776
2120,42.403863,1,
2121,365.0,0,
2122,59.940767,1,
2123,365.0,0,
2124,365.0,0,100.434308
2125,295.999096,1,73.994072
2126,365.0,0,
2127,365.0,0,
2128,365.0,0,
2129,76.65939,1,
2130,365.0,0,74.997769
2131,365.0,0,
2132,365.0,0,
2133,365.0,0,
2134,365.0,0,
2135,365.0,0,41.532823
2136,140.7201,1,
2137,365.0,0,109.475755
2138,365.0,0,
2139,146.265089,1,136.293466
2140,365.0,0,
2141,365.0,0,
2142,365.0,0,11.572934
2143,365.0,0,72.298287
2144,365.0,0,
2145,70.816381,1,
2146,365.0,0,17.023807
2147,365.0,0,
2148,365.0,0,22.881505
2149,196.231583,1,
2150,365.0,0,104.060629
2151,365.0,0,182.142497
2152,365.0,0,258.249287
2153,70.956411,1,
2154,365.0,0,
2155,365.0,0,
2156,365.0,0,16.259465
2157,365.0,0,6.317918
2158,365.0,0,
2159,365.0,0,63.820239
2160,365.0,0,
2161,365.0,0,34.764651
2162,365.0,0,
2163,365.0,0,154.597103
2164,169.401392,1,
2165,365.0,0,
2166,365.0,0,
2167,106.283319,1,
2168,365.0,0,84.717013
2169,365.0,0,202.973679
2170,46.66246,1,
2171,365.0,0,
2172,365.0,0,
2173,25.784125,1,
2174,365.0,0,131.849447
2175,365.0,0,
2176,365.0,0,
2177,365.0,0,
2178,365.0,0,161.288445
2179,365.0,0,
2180,365.0,0,
2181,22.180482,1,
2182,365.0,0,54.912691
2183,365.0,0,351.338941
2184,365.0,0,251.581909
2185,141.359902,1,63.827229
2186,365.0,0,309.207645
2187,365.0,0,211.969917
2188,365.0,0,199.044539
2189,148.156201,1,
2190,365.0,0,6.716472
2191,348.459324,1,
2192,356.031226,1,
2193,365.0,0,
2194,365.0,0,
2195,365.0,0,80.911851
2196,187.331552,1,158.697285
2197,215.529105,1,153.394094
2198,365.0,0,250.320838
2199,365.0,0,40.751657
2200,255.416249,1,
2201,365.0,0,
2202,365.0,0,108.653552
2203,365.0,0,79.700172
2204,365.0,0,175.210967
2205,270.137237,1,
2206,365.0,0,52.936488
2207,365.0,0,214.141319
2208,365.0,0,295.121959
2209,365.0,0,246.975415
2210,365.0,0,37.148882
2211,365.0,0,262.233799
2212,40.472807,1,
2213,365.0,0,
2214,365.0,0,
2215,347.077053,1,
2216,365.0,0,20.467659
2217,365.0,0,
2218,365.0,0,
2219,365.0,0,255.680618
2220,365.0,0,
2221,197.692178,1,
2222,365.0,0,106.463009
2223,365.0,0,
2224,365.0,0,
2225,365.0,0,
2226,365.0,0,
2227,365.0,0,13.56858
2228,365.0,0,
2229,365.0,0,
2230,363.758483,1,169.730407
2231,42.947456,1,
2232,365.0,0,
2233,312.937584,1,153.522872
2234,365.0,0,
2235,365.0,0,128.381343
2236,365.0,0,
2237,49.671043,1,
2238,92.88512,1,
2239,365.0,0,114.372026
2240,365.0,0,
2241,221.272347,1,
2242,365.0,0,223.746192
2243,365.0,0,
2244,365.0,0,
2245,365.0,0,101.104942
2246,144.064559,1,
2247,365.0,0,163.25881
2248,365.0,0,256.165594
2249,365.0,0,
2250,365.0,0,9.334598
2251,365.0,0,
2252,365.0,0,
2253,365.0,0,
2254,365.0,0,335.954645
2255,169.734879,1,65.03341
2256,365.0,0,
2257,365.0,0,
2258,365.0,0,
2259,365.0,0,
2260,365.0,0,19.150567
2261,365.0,0,
2262,365.0,0,130.554346
2263,365.0,0,
2264,365.0,0,
2265,97.331997,1,
2266,365.0,0,
2267,365.0,0,20.352878
2268,299.025076,1,243.059431
2269,365.0,0,261.124423
2270,365.0,0,120.021304
2271,365.0,0,
2272,365.0,0,
2273,365.0,0,
2274,365.0,0,112.159208
2275,365.0,0,
2276,365.0,0,120.892462
2277,365.0,0,
2278,365.0,0,260.581507
2279,365.0,0,
2280,365.0,0,
2281,365.0,0,11.747151
2282,365.0,0,
2283,186.131898,1,
2284,365.0,0,
2285,365.0,0,
2286,1.152753,1,
2287,365.0,0,47.985915
2288,332.220193,1,
2289,365.0,0,
2290,365.0,0,248.631764
2291,365.0,0,
2292,323.2532,1,
2293,365.0,0,23.216881
2294,91.799003,1,
2295,365.0,0,16.235564
2296,365.0,0,278.871835
2297,59.103353,1,
2298,365.0,0,
2299,365.0,0,
2300,71.064015,1,
2301,365.0,0,340.694273
2302,365.0,0,
2303,365.0,0,
2304,323.943329,1,117.264207
2305,365.0,0,
2306,365.0,0,
2307,290.58455,1,182.728647
2308,365.0,0,12.489052
2309,365.0,0,255.730359
2310,365.0,0,
2311,365.0,0,
2312,365.0,0,113.57371
2313,365.0,0,
2314,365.0,0,
2315,365.0,0,67.356364
2316,53.632018,1,
2317,365.0,0,
2318,365.0,0,304.982933
2319,365.0,0,26.689387
2320,365.0,0,58.612359
2321,365.0,0,22.94833
2322,338.649196,1,112.425483
2323,365.0,0,309.255661
2324,365.0,0,
2325,266.079276,1,265.657749
2326,365.0,0,211.72711
2327,39.791483,1,
2328,134.582197,1,
2329,365.0,0,80.011055
2330,365.0,0,
2331,365.0,0,354.301348
2332,365.0,0,183.524021
2333,365.0,0,
2334,365.0,0,
2335,365.0,0,48.799775
2336,130.940965,1,
2337,365.0,0,219.376204
2338,365.0,0,109.096579
2339,365.0,0,10.660527
2340,365.0,0,
2341,365.0,0,
2342,30.257702,1,
2343,365.0,0,159.46803
2344,365.0,0,53.236631
2345,365.0,0,
2346,365.0,0,
2347,365.0,0,
2348,365.0,0,
2349,365.0,0,
2350,365.0,0,345.495941
2351,365.0,0,253.201031
2352,365.0,0,84.420373
2353,365.0,0,
2354,365.0,0,
2355,365.0,0,30.048388
2356,365.0,0,
2357,365.0,0,
2358,365.0,0,
2359,365.0,0,25.384506
2360,365.0,0,252.043118
2361,365.0,0,
2362,365.0,0,301.054638
2363,365.0,0,66.803288
2364,365.0,0,
2365,42.682301,1,
2366,365.0,0,
2367,365.0,0,158.955591
2368,365.0,0,
2369,365.0,0,
2370,365.0,0,149.061031
2371,365.0,0,318.989664
2372,109.594271,1,
2373,211.400504,1,
2374,365.0,0,101.077364
2375,365.0,0,248.79584
2376,365.0,0,83.437161
2377,365.0,0,
2378,365.0,0,
2379,365.0,0,
2380,365.0,0,
2381,365.0,0,159.467226
2382,365.0,0,168.73523
2383,365.0,0,150.23064
2384,365.0,0,85.251241
2385,239.945431,1,158.743636
2386,15.127287,1,
2387,365.0,0,41.41437
2388,365.0,0,
2389,365.0,0,
2390,365.0,0,4.897723
2391,365.0,0,
2392,365.0,0,233.495373
2393,365.0,0,
2394,365.0,0,120.090979
2395,365.0,0,
2396,365.0,0,308.513873
2397,273.883499,1,
2398,365.0,0,
2399,365.0,0,
2400,365.0,0,
2401,365.0,0,24.968788
2402,365.0,0,
2403,365.0,0,
2404,365.0,0,
2405,365.0,0,35.547905
2406,365.0,0,
2407,365.0,0,
2408,365.0,0,283.867144
2409,329.913543,1,
2410,365.0,0,118.282041
2411,365.0,0,82.671989
2412,365.0,0,177.203223
2413,365.0,0,269.756929
2414,365.0,0,61.279205
2415,365.0,0,
2416,365.0,0,
2417,365.0,0,217.289371
2418,96.310435,1,
2419,365.0,0,151.436329
2420,27.904369,1,
2421,273.761532,1,
2422,365.0,0,
2423,365.0,0,
2424,35.257413,1,
2425,365.0,0,134.164063
2426,365.0,0,
2427,365.0,0,
2428,365.0,0,260.864643
2429,365.0,0,
2430,116.331686,1,
2431,365.0,0,238.987514
2432,365.0,0,1.56965
2433,182.509224,1,
2434,365.0,0,118.169724
2435,365.0,0,
2436,365.0,0,123.319675
2437,365.0,0,
2438,365.0,0,151.575768
2439,365.0,0,
2440,365.0,0,38.169936
2441,365.0,0,29.458936
2442,365.0,0,215.954532
2443,1.436726,1,
2444,365.0,0,107.315574
2445,365.0,0,24.443546
2446,365.0,0,123.650478
2447,365.0,0,
2448,365.0,0,175.973123
2449,365.0,0,
2450,365.0,0,
2451,365.0,0,152.521072
2452,365.0,0,108.074417
2453,365.0,0,31.531103
2454,56.311718,1,32.381001
2455,365.0,0,
2456,365.0,0,
2457,365.0,0,127.374075
2458,365.0,0,93.307297
2459,365.0,0,
2460,365.0,0,87.442734
2461,365.0,0,
2462,365.0,0,
2463,365.0,0,19.396359
2464,365.0,0,
2465,365.0,0,
2466,365.0,0,111.600899
2467,365.0,0,
2468,365.0,0,232.96681
2469,316.543066,1,
2470,365.0,0,5.481502
2471,365.0,0,106.12739
2472,365.0,0,
2473,365.0,0,
2474,365.0,0,180.248729
2475,365.0,0,
2476,365.0,0,
2477,365.0,0,3.162175
2478,365.0,0,
2479,365.0,0,
2480,365.0,0,185.518347
2481,365.0,0,
2482,365.0,0,
2483,365.0,0,215.244684
2484,365.0,0,
2485,365.0,0,
2486,365.0,0,309.063924
2487,365.0,0,268.031214
2488,365.0,0,146.914918
2489,105.434217,1,
2490,365.0,0,
2491,365.0,0,
2492,70.135202,1,
2493,365.0,0,345.289003
2494,365.0,0,155.85464
2495,365.0,0,299.00704
2496,365.0,0,
2497,365.0,0,
2498,305.786232,1,129.586872
2499,365.0,0,
2500,365.0,0,9.749933
2501,163.663745,1,115.257354
2502,325.958555,1,201.460521
2503,117.53881,1,0.646278
2504,365.0,0,51.31908
2505,365.0,0,250.898542
2506,204.029596,1,
2507,365.0,0,
2508,365.0,0,213.506473
2509,365.0,0,
2510,348.450516,1,
2511,365.0,0,237.782181
2512,365.0,0,
2513,365.0,0,74.629537
2514,365.0,0,29.013879
2515,365.0,0,
2516,365.0,0,
2517,365.0,0,76.453245
2518,365.0,0,213.203769
2519,365.0,0,146.156475
2520,365.0,0,12.76602
2521,365.0,0,
2522,365.0,0,
2523,365.0,0,
2524,365.0,0,
2525,365.0,0,146.603356
2526,162.307857,1,
2527,365.0,0,124.752476
2528,245.947301,1,
2529,365.0,0,
2530,365.0,0,
2531,365.0,0,
2532,365.0,0,
2533,365.0,0,
2534,4.019105,1,
2535,365.0,0,
2536,254.311489,1,
2537,365.0,0,92.352032
2538,365.0,0,
2539,365.0,0,
2540,106.765284,1,
2541,337.623972,1,179.802474
2542,288.083028,1,49.208711
2543,365.0,0,12.970131
2544,365.0,0,
2545,365.0,0,
2546,365.0,0,31.984785
2547,365.0,0,282.79933
2548,365.0,0,
2549,365.0,0,27.741448
2550,365.0,0,96.545189
2551,365.0,0,
2552,365.0,0,
2553,37.16176,1,30.372281
2554,365.0,0,
2555,365.0,0,140.474937
2556,365.0,0,117.080924
2557,365.0,0,12.91518
2558,287.215124,1,264.799746
2559,365.0,0,
2560,365.0,0,102.691719
2561,365.0,0,206.362358
2562,365.0,0,1.603982
2563,365.0,0,206.363727
2564,365.0,0,286.708096
2565,365.0,0,106.859637
2566,365.0,0,157.45529
2567,365.0,0,78.145007
2568,365.0,0,209.998979
2569,365.0,0,114.574238
2570,57.089241,1,
2571,53.230992,1,
2572,365.0,0,
2573,365.0,0,
2574,254.303007,1,165.727172
2575,365.0,0,310.919723
2576,365.0,0,222.43572
2577,365.0,0,
2578,365.0,0,
2579,365.0,0,
2580,365.0,0,309.485292
2581,365.0,0,289.90297
2582,365.0,0,
2583,365.0,0,
2584,365.0,0,
2585,365.0,0,76.048103
2586,365.0,0,42.90679
2587,365.0,0,
2588,365.0,0,
2589,365.0,0,
2590,365.0,0,10.665852
2591,365.0,0,267.183653
2592,365.0,0,34.84103
2593,365.0,0,
2594,365.0,0,25.875271
2595,365.0,0,113.751642
2596,167.072863,1,102.085312
2597,301.332976,1,
2598,365.0,0,
2599,365.0,0,
2600,365.0,0,200.42379
2601,54.890582,1,12.894587
2602,215.591802,1,
2603,149.44168,1,8.306007
2604,365.0,0,
2605,365.0,0,
2606,146.771049,1,103.603767
2607,365.0,0,84.27664
2608,31.579064,1,
2609,365.0,0,266.973844
2610,365.0,0,
2611,297.716208,1,46.624652
2612,365.0,0,213.937906
2613,365.0,0,39.054071
2614,365.0,0,207.501879
2615,339.089464,1,
2616,365.0,0,
2617,365.0,0,
2618,365.0,0,160.590761
2619,365.0,0,70.985084
2620,98.705218,1,
2621,365.0,0,185.367489
2622,365.0,0,86.476151
2623,365.0,0,292.707787
2624,365.0,0,
2625,365.0,0,
2626,365.0,0,
2627,365.0,0,3.608801
2628,365.0,0,147.585241
2629,41.294693,1,
2630,365.0,0,54.231428
2631,365.0,0,19.767752
2632,365.0,0,243.503379
2633,365.0,0,
2634,365.0,0,339.227336
2635,365.0,0,269.656134
2636,365.0,0,
2637,365.0,0,
2638,170.119789,1,40.329345
2639,365.0,0,98.749063
2640,365.0,0,
2641,365.0,0,
2642,365.0,0,
2643,324.543776,1,3.123674
2644,365.0,0,214.837095
2645,365.0,0,55.125946
2646,365.0,0,51.793315
2647,318.402643,1,146.342435
2648,365.0,0,
2649,365.0,0,218.29965
2650,365.0,0,
2651,19.81836,1,
2652,365.0,0,144.599482
2653,365.0,0,23.223314
2654,365.0,0,
2655,365.0,0,265.137994
2656,147.127275,1,
2657,365.0,0,
2658,365.0,0,295.82196
2659,365.0,0,10.808638
2660,365.0,0,
2661,365.0,0,
2662,365.0,0,
2663,365.0,0,
2664,365.0,0,89.40319
2665,365.0,0,79.528892
2666,365.0,0,164.090677
2667,365.0,0,49.871803
2668,365.0,0,17.316467
2669,287.595874,1,
2670,365.0,0,98.622816
2671,365.0,0,
2672,365.0,0,
2673,365.0,0,39.892715
2674,365.0,0,
2675,365.0,0,322.092275
2676,365.0,0,
2677,365.0,0,
2678,365.0,0,
2679,365.0,0,
2680,365.0,0,
2681,80.953462,1,
2682,365.0,0,62.061012
2683,293.168981,1,41.228928
2684,365.0,0,300.590177
2685,365.0,0,
2686,365.0,0,67.620604
2687,365.0,0,35.085309
2688,365.0,0,131.781072
2689,141.674419,1,107.446292
2690,365.0,0,98.602927
2691,365.0,0,
2692,349.434723,1,24.266047
2693,365.0,0,127.949622
2694,365.0,0,149.950602
2695,365.0,0,90.672261
2696,365.0,0,
2697,365.0,0,
2698,250.116289,1,
2699,365.0,0,
2700,365.0,0,
2701,365.0,0,146.407113
2702,365.0,0,189.602313
2703,365.0,0,104.706628
2704,365.0,0,
2705,365.0,0,
2706,54.010612,1,
2707,365.0,0,11.72119
2708,365.0,0,247.342926
2709,365.0,0,
2710,129.099973,1,
2711,365.0,0,34.961581
2712,22.371662,1,
2713,365.0,0,
2714,365.0,0,73.83349
2715,365.0,0,69.990253
2716,365.0,0,
2717,365.0,0,358.808145
2718,365.0,0,45.676544
2719,365.0,0,
2720,331.747319,1,
2721,187.198705,1,24.362788
2722,365.0,0,61.218423
2723,365.0,0,33.000125
2724,365.0,0,
2725,365.0,0,
2726,365.0,0,255.374524
2727,1.669821,1,
2728,365.0,0,234.153157
2729,365.0,0,
2730,365.0,0,309.467603
2731,365.0,0,
2732,365.0,0,
2733,365.0,0,
2734,365.0,0,
2735,253.660196,1,
2736,365.0,0,
2737,365.0,0,
2738,365.0,0,38.881958
2739,365.0,0,
2740,365.0,0,
2741,365.0,0,144.288964
2742,336.964268,1,
2743,365.0,0,112.971562
2744,260.588654,1,15.844472
2745,365.0,0,
2746,365.0,0,109.447216
2747,9.617835,1,
2748,365.0,0,
2749,365.0,0,8.523057
2750,365.0,0,291.040162
2751,365.0,0,
2752,74.646627,1,
2753,365.0,0,
2754,365.0,0,
2755,365.0,0,
2756,3.741388,1,
2757,365.0,0,107.298331
2758,365.0,0,
2759,365.0,0,
2760,365.0,0,
2761,365.0,0,
2762,365.0,0,236.408748
2763,48.009493,1,
2764,365.0,0,
2765,365.0,0,193.610231
2766,365.0,0,
2767,365.0,0,
2768,365.0,0,118.477852
2769,365.0,0,
2770,365.0,0,242.884755
2771,365.0,0,249.746194
2772,227.019568,1,
2773,365.0,0,
2774,365.0,0,87.193276
2775,365.0,0,
2776,365.0,0,
2777,365.0,0,
2778,365.0,0,
2779,365.0,0,
2780,66.770278,1,
2781,365.0,0,
2782,365.0,0,
2783,365.0,0,23.429467
2784,365.0,0,277.967733
2785,365.0,0,
2786,365.0,0,
2787,365.0,0,84.719781
2788,365.0,0,
2789,365.0,0,101.2065
2790,203.330554,1,
2791,365.0,0,159.493376
2792,365.0,0,
2793,365.0,0,243.199102
2794,365.0,0,
2795,365.0,0,
2796,365.0,0,79.059504
2797,365.0,0,
2798,81.003396,1,
2799,365.0,0,48.075196
2800,365.0,0,54.995481
2801,365.0,0,86.736621
2802,365.0,0,146.763016
2803,335.18034,1,
2804,365.0,0,
2805,365.0,0,
2806,81.803474,1,22.811454
2807,365.0,0,15.197325
2808,365.0,0,
2809,193.044742,1,
2810,365.0,0,349.297457
2811,365.0,0,169.160141
2812,365.0,0,137.88113
2813,365.0,0,63.733302
2814,365.0,0,272.643295
2815,365.0,0,
2816,365.0,0,304.980766
2817,365.0,0,303.310883
2818,365.0,0,142.766997
2819,365.0,0,74.644307
2820,365.0,0,
2821,39.611205,1,
2822,365.0,0,35.801947
2823,365.0,0,
2824,19.143901,1,
2825,365.0,0,
2826,365.0,0,
2827,365.0,0,
2828,365.0,0,345.000983
2829,365.0,0,
2830,365.0,0,259.53588
2831,361.380459,1,
2832,98.196881,1,
2833,365.0,0,150.794959
2834,365.0,0,
2835,265.480537,1,
2836,365.0,0,
2837,365.0,0,322.239505
2838,358.753005,1,
2839,365.0,0,313.580701
2840,365.0,0,7.946779
2841,166.892327,1,
2842,365.0,0,
2843,274.937927,1,233.740382
2844,365.0,0,211.051559
2845,365.0,0,209.186623
2846,162.313929,1,122.448469
2847,334.441644,1,140.126502
2848,365.0,0,212.451185
2849,365.0,0,279.282024
2850,365.0,0,99.508582
2851,327.623187,1,
2852,365.0,0,
2853,365.0,0,
2854,365.0,0,
2855,1.036781,1,
2856,365.0,0,137.917273
2857,349.99346,1,275.590165
2858,365.0,0,
2859,149.632682,1,84.404091
2860,365.0,0,
2861,365.0,0,
2862,12.590349,1,
2863,365.0,0,104.895663
2864,365.0,0,349.821441
2865,365.0,0,
2866,365.0,0,19.433415
2867,365.0,0,50.834347
2868,257.622846,1,
2869,255.596893,1,20.804361
2870,365.0,0,
2871,365.0,0,205.348861
2872,365.0,0,169.206135
2873,365.0,0,42.540273
2874,365.0,0,
2875,365.0,0,
2876,365.0,0,31.263314
2877,365.0,0,223.843372
2878,365.0,0,
2879,365.0,0,
2880,365.0,0,
2881,365.0,0,298.818121
2882,365.0,0,207.530865
2883,365.0,0,
2884,365.0,0,
2885,365.0,0,307.953005
2886,80.818353,1,
2887,365.0,0,126.731606
2888,21.299091,1,14.2378
2889,365.0,0,4.523775
2890,365.0,0,72.531393
2891,365.0,0,34.609819
2892,365.0,0,
2893,365.0,0,
2894,365.0,0,143.13467
2895,328.000429,1,
2896,365.0,0,
2897,14.686005,1,
2898,259.891846,1,71.566619
2899,365.0,0,
2900,365.0,0,82.363614
2901,365.0,0,
2902,365.0,0,266.495697
2903,365.0,0,55.842082
2904,365.0,0,
2905,365.0,0,
2906,365.0,0,
2907,365.0,0,5.017935
2908,365.0,0,
2909,365.0,0,42.026885
2910,365.0,0,
2911,365.0,0,363.68256
2912,365.0,0,320.796094
2913,365.0,0,133.860531
2914,365.0,0,281.902916
2915,365.0,0,133.02263
2916,365.0,0,
2917,282.789263,1,
2918,365.0,0,
2919,365.0,0,74.863018
2920,365.0,0,161.534406
2921,365.0,0,160.656622
2922,365.0,0,36.843328
2923,295.02264,1,34.107726
2924,365.0,0,335.261243
2925,365.0,0,79.412248
2926,365.0,0,
2927,365.0,0,195.36689
2928,365.0,0,
2929,365.0,0,99.280696
2930,365.0,0,215.025127
2931,365.0,0,
2932,365.0,0,
2933,365.0,0,51.521841
2934,365.0,0,20.35837
2935,365.0,0,32.336823
2936,365.0,0,218.983709
2937,365.0,0,
2938,47.38813,1,
2939,365.0,0,165.310551
2940,45.095959,1,
2941,107.768659,1,
2942,319.167337,1,276.34776
2943,35.209552,1,
2944,365.0,0,
2945,199.563815,1,
2946,310.062793,1,78.970681
2947,365.0,0,
2948,365.0,0,
2949,365.0,0,65.873086
2950,365.0,0,358.567838
2951,365.0,0,40.5797
2952,365.0,0,
2953,365.0,0,
2954,102.449526,1,
2955,365.0,0,
2956,365.0,0,
2957,291.040237,1,87.488893
2958,365.0,0,
2959,365.0,0,235.305487
2960,365.0,0,
2961,365.0,0,47.133917
2962,365.0,0,
2963,365.0,0,
2964,365.0,0,202.128824
2965,239.967058,1,
2966,365.0,0,55.963767
2967,365.0,0,35.561076
2968,365.0,0,
2969,365.0,0,
2970,365.0,0,
2971,365.0,0,
2972,365.0,0,116.492875
2973,365.0,0,77.014106
2974,7.387044,1,
2975,365.0,0,
2976,365.0,0,72.858068
2977,365.0,0,
2978,365.0,0,
2979,365.0,0,
2980,365.0,0,
2981,53.117623,1,
2982,365.0,0,81.836474
2983,365.0,0,44.304574
2984,365.0,0,
2985,365.0,0,248.750575
2986,365.0,0,254.976329
2987,365.0,0,45.387285
2988,105.012311,1,
2989,365.0,0,
2990,39.097173,1,
2991,365.0,0,
2992,365.0,0,
2993,365.0,0,244.233198
2994,365.0,0,
2995,270.044437,1,
2996,365.0,0,
2997,365.0,0,
2998,365.0,0,
2999,365.0,0,113.910778
3000,44.108096,1,
3001,232.251822,1,
3002,365.0,0,363.471364
3003,365.0,0,180.401224
3004,365.0,0,276.597647
3005,52.469033,1,28.917253
3006,304.215017,1,
3007,365.0,0,
3008,365.0,0,233.555568
3009,365.0,0,
3010,365.0,0,182.142118
3011,365.0,0,295.777498
3012,365.0,0,54.72267
3013,74.658297,1,
3014,253.912971,1,
3015,242.189506,1,
3016,365.0,0,
3017,365.0,0,32.599072
3018,59.592097,1,
3019,67.985602,1,
3020,365.0,0,
3021,365.0,0,225.404448
3022,7.144011,1,
3023,2.20995,1,
3024,355.639987,1,277.415985
3025,365.0,0,
3026,365.0,0,
3027,365.0,0,
3028,365.0,0,291.757691
3029,230.092875,1,80.344178
3030,365.0,0,
3031,365.0,0,
3032,20.118151,1,12.76341
3033,340.661165,1,
3034,141.664491,1,
3035,365.0,0,282.12104
3036,365.0,0,
3037,342.239106,1,279.54652
3038,365.0,0,62.846176
3039,365.0,0,73.361391
3040,365.0,0,
3041,365.0,0,321.22368
3042,365.0,0,163.909218
3043,365.0,0,203.828332
3044,100.63657,1,
3045,365.0,0,
3046,365.0,0,
3047,365.0,0,
3048,365.0,0,
3049,365.0,0,
3050,365.0,0,227.177761
3051,365.0,0,
3052,365.0,0,241.018254
3053,365.0,0,58.983751
3054,365.0,0,
3055,365.0,0,1.548522
3056,365.0,0,
3057,365.0,0,68.624432
3058,71.898062,1,54.499943
3059,365.0,0,
3060,365.0,0,69.093433
3061,74.17942,1,
3062,365.0,0,
3063,365.0,0,250.120189
3064,365.0,0,81.348534
3065,365.0,0,256.494487
3066,365.0,0,
3067,365.0,0,
3068,365.0,0,
3069,365.0,0,64.898863
3070,365.0,0,
3071,365.0,0,45.566706
3072,365.0,0,
3073,365.0,0,
3074,365.0,0,108.873082
3075,365.0,0,325.586001
3076,365.0,0,
3077,365.0,0,
3078,14.927603,1,
3079,365.0,0,8.268589
3080,365.0,0,
3081,54.036514,1,
3082,365.0,0,228.518846
3083,365.0,0,156.938771
3084,365.0,0,70.396656
3085,365.0,0,171.474801
3086,121.048184,1,
3087,365.0,0,202.07562
3088,365.0,0,
3089,365.0,0,
3090,365.0,0,
3091,365.0,0,62.321711
3092,365.0,0,87.203853
3093,365.0,0,
3094,365.0,0,
3095,365.0,0,
3096,148.224987,1,
3097,365.0,0,207.522636
3098,365.0,0,84.013644
3099,365.0,0,
3100,365.0,0,
3101,365.0,0,359.775244
3102,365.0,0,
3103,365.0,0,
3104,185.340644,1,
3105,365.0,0,
3106,365.0,0,35.798003
3107,365.0,0,316.595067
3108,8.559097,1,
3109,121.603941,1,
3110,365.0,0,165.63868
3111,365.0,0,211.927153
3112,365.0,0,114.418005
3113,365.0,0,150.381599
3114,365.0,0,
3115,365.0,0,308.559471
3116,365.0,0,280.666299
3117,365.0,0,
3118,151.293748,1,
3119,365.0,0,
3120,365.0,0,
3121,365.0,0,109.65329
3122,365.0,0,114.792568
3123,365.0,0,75.894295
3124,365.0,0,
3125,323.44313,1,204.138254
3126,365.0,0,
3127,365.0,0,
3128,365.0,0,76.074825
3129,365.0,0,245.406395
3130,306.182947,1,
3131,365.0,0,
3132,365.0,0,6.946737
3133,365.0,0,181.323597
3134,365.0,0,67.940603
3135,263.25791,1,
3136,69.604666,1,
3137,365.0,0,55.043908
3138,365.0,0,51.171104
3139,175.349623,1,
3140,365.0,0,
3141,365.0,0,
3142,171.688632,1,
3143,119.553456,1,
3144,365.0,0,
3145,365.0,0,201.35068
3146,365.0,0,
3147,365.0,0,62.102661
3148,365.0,0,50.003684
3149,365.0,0,
3150,365.0,0,
3151,365.0,0,
3152,365.0,0,
3153,365.0,0,
3154,365.0,0,
3155,46.833451,1,16.219204
3156,24.365004,1,
3157,365.0,0,
3158,365.0,0,106.6642
3159,365.0,0,
3160,365.0,0,341.00138
3161,365.0,0,198.435713
3162,365.0,0,73.014335
3163,365.0,0,361.903384
3164,301.223331,1,173.884292
3165,365.0,0,62.604588
3166,365.0,0,112.002374
3167,365.0,0,
3168,365.0,0,
3169,365.0,0,159.322475
3170,365.0,0,118.362664
3171,365.0,0,
3172,365.0,0,
3173,365.0,0,220.93552
3174,365.0,0,
3175,365.0,0,
3176,300.072444,1,
3177,365.0,0,
3178,365.0,0,0.448413
3179,365.0,0,42.32344
3180,365.0,0,
3181,365.0,0,102.925531
3182,365.0,0,
3183,365.0,0,
3184,365.0,0,
3185,365.0,0,169.591558
3186,365.0,0,347.05842
3187,365.0,0,
3188,81.77647,1,
3189,365.0,0,93.993032
3190,207.764191,1,
3191,365.0,0,71.074849
3192,37.081498,1,
3193,365.0,0,0.76323
3194,365.0,0,173.872369
3195,365.0,0,218.809638
3196,365.0,0,
3197,365.0,0,92.268827
3198,365.0,0,167.648844
3199,365.0,0,
3200,365.0,0,
3201,365.0,0,16.78816
3202,353.260816,1,54.237453
3203,365.0,0,215.787426
3204,365.0,0,
3205,365.0,0,199.154741
3206,365.0,0,361.675208
3207,365.0,0,
3208,365.0,0,298.62099
3209,365.0,0,124.078423
3210,365.0,0,331.27025
3211,13.101185,1,
3212,365.0,0,135.480298
3213,139.477656,1,61.301726
3214,365.0,0,1.68134
3215,365.0,0,354.210398
3216,97.576482,1,
3217,105.545192,1,
3218,365.0,0,
3219,365.0,0,
3220,365.0,0,
3221,365.0,0,
3222,365.0,0,
3223,365.0,0,234.122199
3224,252.839513,1,37.104574
3225,122.935091,1,
3226,365.0,0,342.54132
3227,365.0,0,81.883014
3228,365.0,0,
3229,365.0,0,184.87354
3230,365.0,0,4.586324
3231,264.63824,1,
3232,365.0,0,298.544593
3233,365.0,0,35.09753
3234,365.0,0,
3235,365.0,0,281.167864
3236,365.0,0,64.804495
3237,365.0,0,41.484389
3238,365.0,0,146.639344
3239,365.0,0,253.902617
3240,365.0,0,309.321512
3241,365.0,0,
3242,94.872546,1,
3243,262.718683,1,103.71888
3244,365.0,0,
3245,365.0,0,291.340724
3246,365.0,0,69.913335
3247,365.0,0,
3248,35.517973,1,14.582148
3249,109.239968,1,
3250,365.0,0,
3251,365.0,0,152.226491
3252,365.0,0,
3253,365.0,0,
3254,365.0,0,
3255,365.0,0,
3256,365.0,0,
3257,365.0,0,312.776604
3258,365.0,0,76.754507
3259,365.0,0,266.182055
3260,365.0,0,
3261,365.0,0,272.839466
3262,365.0,0,21.783675
3263,282.545693,1,
3264,365.0,0,
3265,365.0,0,173.867485
3266,365.0,0,
3267,237.492192,1,
3268,13.309889,1,
3269,365.0,0,265.597321
3270,74.170222,1,69.667035
3271,365.0,0,15.965373
3272,365.0,0,
3273,365.0,0,70.782466
3274,194.753271,1,
3275,365.0,0,
3276,365.0,0,2.147593
3277,365.0,0,69.520465
3278,365.0,0,
3279,365.0,0,230.804939
3280,365.0,0,89.326414
3281,365.0,0,71.165384
3282,365.0,0,
3283,365.0,0,
3284,365.0,0,49.38529
3285,365.0,0,
3286,365.0,0,
3287,365.0,0,36.918903
3288,365.0,0,237.272846
3289,198.71347,1,
3290,365.0,0,
3291,365.0,0,
3292,365.0,0,
3293,365.0,0,
3294,365.0,0,
3295,365.0,0,358.474182
3296,365.0,0,348.484538
3297,114.212331,1,
3298,238.747215,1,105.001355
3299,69.769959,1,
3300,365.0,0,22.678291
3301,215.438312,1,
3302,365.0,0,2.718793
3303,365.0,0,
3304,365.0,0,
3305,365.0,0,298.285739
3306,365.0,0,101.669136
3307,365.0,0,
3308,365.0,0,
3309,365.0,0,
3310,365.0,0,
3311,365.0,0,
3312,365.0,0,
3313,365.0,0,179.861837
3314,365.0,0,
3315,365.0,0,302.49544
3316,365.0,0,61.372422
3317,365.0,0,148.876307
3318,365.0,0,170.941127
3319,365.0,0,245.543201
3320,365.0,0,
3321,365.0,0,
3322,365.0,0,197.71351
3323,365.0,0,237.574644
3324,8.240122,1,
3325,365.0,0,
3326,121.423167,1,29.372008
3327,365.0,0,
3328,365.0,0,
3329,365.0,0,231.116512
3330,365.0,0,
3331,365.0,0,
3332,365.0,0,29.467437
3333,344.583171,1,
3334,365.0,0,
3335,365.0,0,317.421887
3336,365.0,0,335.491172
3337,50.329185,1,15.543897
3338,365.0,0,
3339,365.0,0,
3340,365.0,0,12.665189
3341,365.0,0,93.182161
3342,365.0,0,329.977084
3343,365.0,0,265.958206
3344,365.0,0,157.499074
3345,365.0,0,363.302816
3346,365.0,0,249.081311
3347,365.0,0,
3348,365.0,0,42.311181
3349,365.0,0,
3350,365.0,0,307.613368
3351,147.33191,1,
3352,365.0,0,
3353,365.0,0,202.616418
3354,365.0,0,157.539635
3355,365.0,0,162.109561
3356,365.0,0,345.735179
3357,365.0,0,235.89904
3358,65.02451,1,
3359,365.0,0,
3360,365.0,0,64.092042
3361,365.0,0,
3362,365.0,0,157.528784
3363,365.0,0,23.337343
3364,365.0,0,66.364361
3365,365.0,0,293.962992
3366,365.0,0,55.127218
3367,44.565004,1,
3368,365.0,0,
3369,365.0,0,84.731534
3370,365.0,0,
3371,365.0,0,
3372,365.0,0,227.256529
3373,102.464012,1,
3374,365.0,0,117.683797
3375,14.67898,1,
3376,365.0,0,
3377,365.0,0,
3378,365.0,0,
3379,85.480524,1,
3380,297.069862,1,260.384699
3381,365.0,0,222.262409
3382,79.123406,1,63.241649
3383,365.0,0,
3384,365.0,0,
3385,62.566276,1,
3386,365.0,0,18.411217
3387,365.0,0,
3388,365.0,0,
3389,365.0,0,282.825723
3390,365.0,0,155.780606
3391,365.0,0,118.105108
3392,365.0,0,
3393,5.378254,1,
3394,365.0,0,
3395,160.281472,1,
3396,198.036707,1,38.351964
3397,365.0,0,
3398,365.0,0,199.595706
3399,237.378327,1,116.872334
3400,365.0,0,267.972648
3401,269.373783,1,181.451456
3402,365.0,0,
3403,365.0,0,
3404,48.203859,1,
3405,365.0,0,46.541658
3406,106.366914,1,39.701705
3407,365.0,0,341.826018
3408,122.280852,1,
3409,345.769844,1,40.78058
3410,365.0,0,
3411,151.875354,1,
3412,365.0,0,
3413,83.173017,1,
3414,365.0,0,287.984577
3415,365.0,0,
3416,365.0,0,334.793976
3417,215.270016,1,163.891866
3418,365.0,0,
3419,365.0,0,186.343539
3420,365.0,0,
3421,365.0,0,
3422,365.0,0,
3423,365.0,0,
3424,365.0,0,
3425,365.0,0,
3426,365.0,0,149.694247
3427,3.685672,1,
3428,365.0,0,270.335896
3429,289.863826,1,
3430,365.0,0,284.712341
3431,365.0,0,6.250002
3432,365.0,0,55.842123
3433,365.0,0,
3434,365.0,0,
3435,365.0,0,
3436,365.0,0,
3437,365.0,0,
3438,12.042607,1,
3439,365.0,0,79.471286
3440,47.984785,1,
3441,279.556019,1,152.379883
3442,365.0,0,
3443,365.0,0,166.004177
3444,365.0,0,227.082764
3445,365.0,0,
3446,365.0,0,
3447,365.0,0,
3448,365.0,0,
3449,365.0,0,
3450,365.0,0,
3451,365.0,0,328.264569
3452,261.315178,1,41.813585
3453,365.0,0,178.764843
3454,365.0,0,
3455,16.085989,1,
3456,365.0,0,
3457,251.777539,1,199.604458
3458,365.0,0,358.232006
3459,365.0,0,
3460,365.0,0,104.245051
3461,365.0,0,110.864741
3462,365.0,0,29.947249
3463,40.413314,1,
3464,365.0,0,180.468679
3465,365.0,0,
3466,365.0,0,
3467,365.0,0,
3468,365.0,0,
3469,365.0,0,
3470,3.065006,1,
3471,365.0,0,
3472,365.0,0,326.210352
3473,168.373588,1,
3474,365.0,0,9.901744
3475,365.0,0,9.377653
3476,365.0,0,199.583892
3477,365.0,0,314.154179
3478,365.0,0,38.440743
3479,365.0,0,
3480,365.0,0,255.419385
3481,365.0,0,72.923406
3482,180.290352,1,
3483,365.0,0,
3484,365.0,0,159.652674
3485,365.0,0,277.701475
3486,287.32979,1,
3487,365.0,0,266.06885
3488,365.0,0,145.262819
3489,365.0,0,
3490,365.0,0,129.024875
3491,50.037197,1,
3492,365.0,0,
3493,365.0,0,
3494,365.0,0,28.372537
3495,365.0,0,
3496,365.0,0,46.765417
3497,162.24544,1,
3498,365.0,0,
3499,365.0,0,18.838107
3500,365.0,0,
3501,365.0,0,71.439687
3502,365.0,0,
3503,365.0,0,110.069099
3504,365.0,0,232.544542
3505,365.0,0,
3506,365.0,0,
3507,365.0,0,28.87317
3508,365.0,0,
3509,365.0,0,
3510,365.0,0,307.221813
3511,365.0,0,37.08678
3512,365.0,0,200.840301
3513,365.0,0,
3514,365.0,0,
3515,244.099961,1,123.97867
3516,365.0,0,
3517,365.0,0,
3518,365.0,0,
3519,128.507969,1,
3520,335.199129,1,
3521,365.0,0,
3522,281.579043,1,
3523,365.0,0,
3524,47.050867,1,
3525,0.029749,1,
3526,365.0,0,185.883137
3527,365.0,0,227.118085
3528,365.0,0,
3529,365.0,0,
3530,13.052327,1,
3531,361.328767,1,11.669679
3532,365.0,0,71.680152
3533,103.352157,1,
3534,365.0,0,
3535,365.0,0,
3536,365.0,0,200.338581
3537,365.0,0,
3538,192.472092,1,
3539,17.653303,1,
3540,365.0,0,
3541,365.0,0,
3542,145.559469,1,
3543,365.0,0,
3544,365.0,0,173.157385
3545,365.0,0,
3546,365.0,0,143.12541
3547,365.0,0,
3548,365.0,0,15.990976
3549,365.0,0,168.73792
3550,365.0,0,7.292068
3551,365.0,0,
3552,365.0,0,
3553,365.0,0,
3554,365.0,0,
3555,69.15464,1,
3556,365.0,0,
3557,365.0,0,
3558,365.0,0,349.581864
3559,365.0,0,2.81353
3560,365.0,0,93.474668
3561,365.0,0,199.141252
3562,365.0,0,59.188722
3563,365.0,0,31.668248
3564,365.0,0,
3565,365.0,0,
3566,365.0,0,
3567,365.0,0,281.201095
3568,365.0,0,
3569,365.0,0,
3570,365.0,0,193.933719
3571,365.0,0,124.860197
3572,365.0,0,
3573,365.0,0,
3574,365.0,0,235.593947
3575,365.0,0,
3576,365.0,0,
3577,31.465711,1,
3578,365.0,0,
3579,365.0,0,38.485567
3580,365.0,0,301.627173
3581,365.0,0,
3582,365.0,0,
3583,365.0,0,
3584,365.0,0,281.764572
3585,365.0,0,206.193398
3586,365.0,0,275.834424
3587,365.0,0,
3588,363.366859,1,288.379821
3589,365.0,0,344.448066
3590,365.0,0,
3591,365.0,0,
3592,365.0,0,113.283258
3593,162.366561,1,9.068833
3594,5.800192,1,
3595,365.0,0,
3596,65.027351,1,
3597,365.0,0,
3598,365.0,0,73.713809
3599,365.0,0,173.135917
3600,306.693023,1,
3601,365.0,0,
3602,365.0,0,174.307072
3603,59.433294,1,
3604,365.0,0,
3605,123.505503,1,
3606,365.0,0,
3607,365.0,0,
3608,365.0,0,
3609,365.0,0,156.729196
3610,365.0,0,358.724905
3611,3.494722,1,
3612,365.0,0,
3613,365.0,0,40.152983
3614,365.0,0,138.706631
3615,365.0,0,
3616,365.0,0,
3617,365.0,0,
3618,365.0,0,
3619,365.0,0,
3620,365.0,0,174.003974
3621,365.0,0,
3622,75.754853,1,
3623,365.0,0,98.552257
3624,365.0,0,102.843675
3625,365.0,0,139.942767
3626,365.0,0,254.693649
3627,365.0,0,
3628,365.0,0,188.423206
3629,365.0,0,63.693326
3630,365.0,0,269.716518
3631,365.0,0,
3632,345.533804,1,
3633,365.0,0,65.169789
3634,365.0,0,
3635,365.0,0,50.822944
3636,365.0,0,
3637,365.0,0,
3638,235.446084,1,107.860526
3639,365.0,0,
3640,173.606077,1,
3641,55.433761,1,
3642,365.0,0,
3643,365.0,0,305.597935
3644,185.994399,1,24.666668
3645,365.0,0,
3646,365.0,0,
3647,365.0,0,
3648,365.0,0,
3649,365.0,0,46.430233
3650,365.0,0,
3651,180.478658,1,
3652,365.0,0,
3653,110.17621,1,101.22645
3654,365.0,0,288.24016
3655,365.0,0,
3656,365.0,0,209.276656
3657,365.0,0,
3658,365.0,0,304.349184
3659,33.034357,1,
3660,365.0,0,128.774736
3661,365.0,0,
3662,365.0,0,
3663,365.0,0,
3664,365.0,0,
3665,365.0,0,
3666,365.0,0,237.562562
3667,365.0,0,
3668,365.0,0,
3669,365.0,0,39.596717
3670,365.0,0,
3671,101.424544,1,
3672,365.0,0,103.149845
3673,297.256512,1,111.908058
3674,166.859014,1,
3675,365.0,0,
3676,365.0,0,362.134205
3677,12.404347,1,
3678,365.0,0,
3679,48.723766,1,23.83925
3680,365.0,0,
3681,365.0,0,
3682,261.367633,1,
3683,365.0,0,
3684,162.54282,1,72.498395
3685,365.0,0,
3686,365.0,0,58.720657
3687,365.0,0,188.886352
3688,365.0,0,
3689,81.654916,1,
3690,2.6278,1,
3691,365.0,0,
3692,365.0,0,168.787689
3693,28.470267,1,
3694,365.0,0,138.686323
3695,365.0,0,
3696,63.729567,1,
3697,75.628356,1,
3698,365.0,0,133.377383
3699,365.0,0,
3700,319.377332,1,34.923871
3701,365.0,0,
3702,365.0,0,321.414009
3703,365.0,0,
3704,365.0,0,338.820261
3705,365.0,0,250.72528
3706,302.404391,1,51.659346
3707,365.0,0,360.927349
3708,365.0,0,57.003872
3709,365.0,0,194.321831
3710,365.0,0,
3711,365.0,0,147.95803
3712,192.178434,1,
3713,365.0,0,
3714,365.0,0,
3715,365.0,0,42.165632
3716,365.0,0,
3717,365.0,0,304.182737
3718,365.0,0,
3719,29.453217,1,
3720,220.365885,1,131.902409
3721,355.068129,1,
3722,365.0,0,
3723,153.429704,1,
3724,365.0,0,52.571591
3725,365.0,0,145.834609
3726,156.981428,1,10.361719
3727,365.0,0,123.914671
3728,365.0,0,10.415521
3729,365.0,0,157.760089
3730,55.182606,1,
3731,365.0,0,
3732,365.0,0,17.970906
3733,365.0,0,140.35282
3734,365.0,0,
3735,365.0,0,239.761958
3736,365.0,0,
3737,34.779833,1,
3738,365.0,0,
3739,365.0,0,
3740,346.307568,1,116.929939
3741,365.0,0,87.324343
3742,365.0,0,
3743,285.195132,1,
3744,365.0,0,255.554762
3745,365.0,0,
3746,365.0,0,
3747,149.935949,1,
3748,365.0,0,223.567138
3749,72.04019,1,49.538134
3750,365.0,0,184.895717
3751,250.097662,1,130.773451
3752,365.0,0,
3753,365.0,0,266.963514
3754,365.0,0,
3755,365.0,0,295.97226
3756,365.0,0,5.960611
3757,365.0,0,
3758,65.844813,1,
3759,365.0,0,97.632231
3760,365.0,0,123.685821
3761,365.0,0,32.559332
3762,365.0,0,237.80896
3763,365.0,0,
3764,365.0,0,348.181956
3765,365.0,0,
3766,365.0,0,
3767,365.0,0,
3768,265.401187,1,
3769,365.0,0,66.550637
3770,365.0,0,314.125148
3771,365.0,0,
3772,65.899882,1,
3773,365.0,0,
3774,294.835062,1,57.913473
3775,365.0,0,
3776,83.588148,1,
3777,365.0,0,203.326407
3778,99.214207,1,
3779,365.0,0,197.953792
3780,365.0,0,
3781,365.0,0,261.512206
3782,88.47576,1,57.645517
3783,365.0,0,120.053538
3784,283.79563,1,
3785,298.394787,1,180.031906
3786,365.0,0,
3787,365.0,0,
3788,365.0,0,123.605033
3789,365.0,0,144.272797
3790,365.0,0,34.04447
3791,47.866965,1,
3792,365.0,0,
3793,365.0,0,88.022084
3794,365.0,0,
3795,365.0,0,34.470256
3796,365.0,0,
3797,365.0,0,253.069451
3798,3.871089,1,
3799,365.0,0,57.556269
3800,93.965086,1,
3801,365.0,0,
3802,365.0,0,
3803,365.0,0,19.259683
3804,365.0,0,
3805,365.0,0,
3806,186.939039,1,
3807,365.0,0,
3808,365.0,0,
3809,365.0,0,
3810,365.0,0,
3811,365.0,0,317.931717
3812,365.0,0,95.943225
3813,365.0,0,29.820433
3814,313.096351,1,
3815,365.0,0,
3816,365.0,0,148.946423
3817,365.0,0,
3818,365.0,0,18.056631
3819,98.454825,1,
3820,365.0,0,
3821,365.0,0,70.817355
3822,365.0,0,329.594677
3823,365.0,0,223.952268
3824,365.0,0,
3825,365.0,0,42.868891
3826,365.0,0,
3827,365.0,0,
3828,365.0,0,12.636898
3829,365.0,0,362.904199
3830,365.0,0,
3831,365.0,0,10.587138
3832,224.635285,1,
3833,365.0,0,9.141609
3834,365.0,0,276.56493
3835,365.0,0,
3836,304.666592,1,
3837,365.0,0,
3838,365.0,0,85.051007
3839,365.0,0,210.794217
3840,365.0,0,161.888614
3841,365.0,0,
3842,365.0,0,
3843,365.0,0,27.674284
3844,365.0,0,114.381422
3845,365.0,0,
3846,248.427155,1,
3847,365.0,0,
3848,365.0,0,182.108536
3849,365.0,0,275.157729
3850,365.0,0,227.657345
3851,365.0,0,
3852,365.0,0,79.50941
3853,29.294083,1,
3854,249.910046,1,
3855,365.0,0,52.97882
3856,365.0,0,
3857,365.0,0,15.882821
3858,83.774083,1,
3859,249.761059,1,95.437691
3860,365.0,0,31.870716
3861,365.0,0,218.320022
3862,365.0,0,244.191141
3863,365.0,0,
3864,365.0,0,
3865,365.0,0,
3866,301.488375,1,72.441422
3867,124.407105,1,
3868,365.0,0,
3869,365.0,0,59.093437
3870,365.0,0,357.394825
3871,365.0,0,
3872,92.768708,1,
3873,365.0,0,68.520355
3874,365.0,0,90.442913
3875,124.956547,1,97.699805
3876,342.092123,1,23.275611
3877,38.668451,1,
3878,365.0,0,
3879,365.0,0,202.104514
3880,321.99023,1,46.815366
3881,365.0,0,
3882,365.0,0,
3883,365.0,0,
3884,365.0,0,
3885,365.0,0,124.558868
3886,365.0,0,
3887,365.0,0,332.109394
3888,365.0,0,94.163224
3889,365.0,0,305.513063
3890,365.0,0,
3891,365.0,0,
3892,365.0,0,
3893,365.0,0,
3894,365.0,0,
3895,365.0,0,6.499718
3896,365.0,0,
3897,365.0,0,
3898,365.0,0,136.731744
3899,192.245151,1,
3900,365.0,0,225.643318
3901,365.0,0,201.809733
3902,365.0,0,
3903,365.0,0,
3904,365.0,0,
3905,365.0,0,151.640608
3906,365.0,0,
3907,7.218208,1,
3908,365.0,0,
3909,365.0,0,211.279717
3910,365.0,0,16.491231
3911,365.0,0,42.547845
3912,365.0,0,
3913,365.0,0,
3914,365.0,0,15.253778
3915,365.0,0,11.42325
3916,69.389252,1,
3917,365.0,0,183.326652
3918,365.0,0,
3919,365.0,0,
3920,263.731538,1,
3921,365.0,0,102.166019
3922,365.0,0,336.462657
3923,365.0,0,1.727185
3924,180.737573,1,
3925,365.0,0,177.53857
3926,365.0,0,258.79389
3927,287.220749,1,
3928,42.797268,1,
3929,365.0,0,243.685811
3930,365.0,0,206.995504
3931,365.0,0,
3932,365.0,0,140.394684
3933,80.533739,1,9.238206
3934,365.0,0,
3935,365.0,0,184.063216
3936,365.0,0,
3937,365.0,0,322.422488
3938,365.0,0,125.337971
3939,365.0,0,
3940,365.0,0,
3941,365.0,0,
3942,365.0,0,
3943,365.0,0,
3944,365.0,0,186.905847
3945,365.0,0,
3946,365.0,0,
3947,365.0,0,
3948,365.0,0,
3949,365.0,0,
3950,365.0,0,212.670973
3951,365.0,0,269.633785
3952,2.891731,1,
3953,365.0,0,119.42842
3954,365.0,0,
3955,365.0,0,297.024426
3956,365.0,0,32.962389
3957,365.0,0,94.682247
3958,365.0,0,180.71727
3959,211.468674,1,
3960,365.0,0,157.259497
3961,365.0,0,
3962,61.216266,1,
3963,365.0,0,48.921359
3964,365.0,0,331.940083
3965,20.010022,1,
3966,365.0,0,
3967,365.0,0,170.706604
3968,365.0,0,
3969,365.0,0,
3970,365.0,0,210.395205
3971,365.0,0,
3972,346.375695,1,136.702929
3973,365.0,0,283.205158
3974,365.0,0,38.00922
3975,319.315391,1,
3976,365.0,0,286.799277
3977,365.0,0,2.583086
3978,365.0,0,
3979,365.0,0,
3980,365.0,0,352.321692
3981,365.0,0,183.133865
3982,365.0,0,
3983,365.0,0,301.537765
3984,365.0,0,100.356617
3985,187.735371,1,
3986,365.0,0,84.952467
3987,365.0,0,
3988,365.0,0,281.614597
3989,365.0,0,271.248822
3990,81.399937,1,
3991,365.0,0,275.634779
3992,88.810791,1,
3993,365.0,0,
3994,219.573116,1,188.914634
3995,365.0,0,
3996,168.584321,1,
3997,327.714982,1,174.621119
3998,365.0,0,17.769209
3999,365.0,0,281.350505
4000,46.774119,1,
4001,365.0,0,83.907308
4002,365.0,0,
4003,365.0,0,
4004,365.0,0,207.59731
4005,365.0,0,
4006,365.0,0,251.189722
4007,365.0,0,
4008,113.11802,1,
4009,365.0,0,
4010,365.0,0,348.204562
4011,365.0,0,24.385874
4012,365.0,0,45.791883
4013,166.078511,1,
4014,365.0,0,248.346973
4015,24.182179,1,
4016,196.856111,1,
4017,365.0,0,36.040384
4018,365.0,0,
4019,359.833326,1,
4020,365.0,0,115.430595
4021,365.0,0,322.785218
4022,365.0,0,291.702489
4023,365.0,0,17.118784
4024,6.909824,1,
4025,365.0,0,304.936735
4026,365.0,0,
4027,365.0,0,
4028,365.0,0,
4029,365.0,0,
4030,78.399755,1,
4031,365.0,0,
4032,365.0,0,127.029873
4033,221.141879,1,
4034,365.0,0,
4035,365.0,0,
4036,247.64543,1,128.147757
4037,365.0,0,161.518212
4038,365.0,0,227.102287
4039,365.0,0,
4040,365.0,0,
4041,365.0,0,
4042,234.934815,1,
4043,365.0,0,144.784295
4044,365.0,0,
4045,365.0,0,131.495881
4046,365.0,0,162.047926
4047,365.0,0,99.931596
4048,365.0,0,
4049,365.0,0,41.457749
4050,365.0,0,
4051,365.0,0,280.53542
4052,365.0,0,
4053,365.0,0,276.848
4054,365.0,0,229.43451
4055,365.0,0,
4056,365.0,0,
4057,365.0,0,121.531846
4058,193.108719,1,
4059,365.0,0,108.346766
4060,365.0,0,205.893969
4061,365.0,0,345.204428
4062,365.0,0,
4063,365.0,0,
4064,365.0,0,224.041067
4065,318.060744,1,274.04799
4066,365.0,0,
4067,365.0,0,288.223617
4068,365.0,0,358.654579
4069,365.0,0,197.874936
4070,365.0,0,28.418152
4071,365.0,0,
4072,365.0,0,106.454116
4073,365.0,0,
4074,365.0,0,68.089146
4075,300.30489,1,
4076,4.680007,1,
4077,365.0,0,49.543533
4078,207.127912,1,
4079,365.0,0,15.98582
4080,365.0,0,129.574589
4081,365.0,0,
4082,365.0,0,291.74775
4083,315.140121,1,299.732237
4084,165.849681,1,
4085,365.0,0,
4086,365.0,0,
4087,336.275268,1,65.91457
4088,365.0,0,
4089,365.0,0,
4090,365.0,0,141.952181
4091,357.715027,1,246.638053
4092,365.0,0,225.686538
4093,365.0,0,143.05381
4094,365.0,0,209.438227
4095,365.0,0,
4096,352.887802,1,20.358679
4097,23.401491,1,
4098,365.0,0,179.068094
4099,365.0,0,344.368971
4100,365.0,0,
4101,365.0,0,44.63292
4102,279.502292,1,
4103,365.0,0,
4104,365.0,0,278.775352
4105,365.0,0,
4106,365.0,0,19.72898
4107,277.846386,1,
4108,365.0,0,
4109,365.0,0,358.617535
4110,365.0,0,204.543652
4111,365.0,0,52.73769
4112,365.0,0,
4113,365.0,0,238.07654
4114,365.0,0,
4115,365.0,0,112.879814
4116,365.0,0,
4117,365.0,0,
4118,198.799611,1,166.955903
4119,365.0,0,184.644928
4120,365.0,0,
4121,365.0,0,
4122,264.560796,1,
4123,44.82428,1,
4124,176.304708,1,
4125,365.0,0,351.600054
4126,365.0,0,
4127,365.0,0,72.754568
4128,365.0,0,53.262778
4129,365.0,0,154.337247
4130,365.0,0,
4131,365.0,0,271.265703
4132,365.0,0,364.514731
4133,365.0,0,315.413752
4134,365.0,0,86.933892
4135,365.0,0,
4136,365.0,0,
4137,365.0,0,261.303502
4138,365.0,0,273.680146
4139,365.0,0,106.042816
4140,365.0,0,
4141,365.0,0,
4142,365.0,0,80.820814
4143,365.0,0,
4144,365.0,0,306.201861
4145,365.0,0,
4146,365.0,0,108.775553
4147,365.0,0,337.190487
4148,365.0,0,
4149,165.766436,1,20.759341
4150,260.530531,1,
4151,365.0,0,69.108273
4152,365.0,0,
4153,365.0,0,
4154,365.0,0,1.743509
4155,365.0,0,
4156,365.0,0,
4157,365.0,0,
4158,18.261605,1,
4159,365.0,0,
4160,180.887494,1,
4161,365.0,0,117.885022
4162,243.286856,1,
4163,238.985471,1,
4164,365.0,0,51.922785
4165,365.0,0,
4166,365.0,0,
4167,365.0,0,
4168,365.0,0,23.688481
4169,365.0,0,
4170,322.720358,1,76.766313
4171,365.0,0,
4172,365.0,0,335.708617
4173,365.0,0,90.790293
4174,239.994408,1,14.095507
4175,365.0,0,
4176,365.0,0,
4177,162.051856,1,100.948391
4178,365.0,0,228.697732
4179,365.0,0,
4180,365.0,0,
4181,365.0,0,
4182,365.0,0,
4183,365.0,0,
4184,365.0,0,
4185,351.130035,1,7.244143
4186,365.0,0,119.771014
4187,203.604133,1,38.078447
4188,365.0,0,306.044369
4189,365.0,0,197.309904
4190,365.0,0,
4191,365.0,0,
4192,365.0,0,
4193,365.0,0,264.877378
4194,365.0,0,
4195,365.0,0,
4196,365.0,0,
4197,342.013178,1,304.311745
4198,365.0,0,121.046555
4199,9.051042,1,
4200,159.472294,1,
4201,365.0,0,
4202,365.0,0,
4203,365.0,0,216.052178
4204,222.555421,1,179.795416
4205,328.679542,1,30.456766
4206,365.0,0,
4207,365.0,0,
4208,10.356592,1,
4209,365.0,0,
4210,365.0,0,
4211,53.710967,1,
4212,1.320816,1,
4213,365.0,0,
4214,365.0,0,45.582194
4215,365.0,0,
4216,365.0,0,317.191374
4217,20.038333,1,
4218,365.0,0,199.932386
4219,365.0,0,356.468435
4220,365.0,0,
4221,365.0,0,364.153534
4222,365.0,0,276.932591
4223,365.0,0,4.378249
4224,100.241193,1,61.902848
4225,365.0,0,
4226,365.0,0,
4227,365.0,0,237.516856
4228,365.0,0,
4229,365.0,0,
4230,365.0,0,
4231,365.0,0,
4232,365.0,0,242.180798
4233,72.136429,1,
4234,8.556048,1,
4235,365.0,0,299.050381
4236,365.0,0,
4237,365.0,0,
4238,365.0,0,174.293433
4239,365.0,0,
4240,365.0,0,
4241,365.0,0,
4242,240.547016,1,98.298987
4243,365.0,0,312.058705
4244,365.0,0,
4245,365.0,0,
4246,365.0,0,
4247,365.0,0,152.614159
4248,365.0,0,76.231467
4249,365.0,0,28.107476
4250,365.0,0,363.472253
4251,365.0,0,
4252,96.405117,1,
4253,365.0,0,298.065333
4254,365.0,0,
4255,365.0,0,
4256,365.0,0,
4257,287.703365,1,218.470169
4258,81.836354,1,
4259,365.0,0,
4260,365.0,0,147.865184
4261,217.534288,1,
4262,365.0,0,
4263,365.0,0,
4264,365.0,0,
4265,365.0,0,
4266,365.0,0,4.001223
4267,365.0,0,
4268,365.0,0,55.608825
4269,365.0,0,27.008443
4270,365.0,0,
4271,365.0,0,278.663687
4272,365.0,0,
4273,365.0,0,
4274,365.0,0,13.559604
4275,188.656743,1,31.190612
4276,365.0,0,95.852523
4277,365.0,0,
4278,365.0,0,308.195168
4279,365.0,0,
4280,365.0,0,
4281,365.0,0,40.161031
4282,365.0,0,
4283,365.0,0,103.368725
4284,365.0,0,
4285,365.0,0,282.305428
4286,365.0,0,25.539328
4287,365.0,0,51.987702
4288,365.0,0,
4289,365.0,0,
4290,365.0,0,
4291,365.0,0,83.633623
4292,365.0,0,
4293,365.0,0,216.243099
4294,365.0,0,250.356908
4295,297.580821,1,
4296,222.315474,1,210.146701
4297,365.0,0,
4298,202.144505,1,
4299,365.0,0,
4300,365.0,0,275.087515
4301,365.0,0,
4302,311.060672,1,
4303,347.45973,1,78.012351
4304,365.0,0,
4305,22.167935,1,
4306,365.0,0,2.98497
4307,133.307427,1,
4308,365.0,0,
4309,365.0,0,
4310,365.0,0,6.85845
4311,304.870152,1,
4312,365.0,0,
4313,365.0,0,26.16284
4314,365.0,0,267.057623
4315,173.705523,1,
4316,365.0,0,
4317,0.412842,1,
4318,275.094709,1,
4319,365.0,0,
4320,365.0,0,61.785339
4321,365.0,0,66.857578
4322,365.0,0,155.013111
4323,365.0,0,
4324,365.0,0,202.853649
4325,24.469778,1,
4326,365.0,0,42.020136
4327,365.0,0,
4328,10.621506,1,
4329,365.0,0,28.813959
4330,365.0,0,5.32176
4331,5.256369,1,
4332,365.0,0,165.484603
4333,365.0,0,
4334,365.0,0,
4335,263.759393,1,8.363779
4336,365.0,0,
4337,365.0,0,
4338,365.0,0,236.000898
4339,365.0,0,
4340,365.0,0,218.732922
4341,365.0,0,
4342,365.0,0,
4343,365.0,0,
4344,365.0,0,254.155612
4345,265.867551,1,
4346,271.256461,1,
4347,365.0,0,83.403197
4348,365.0,0,
4349,365.0,0,144.499984
4350,365.0,0,32.751904
4351,287.641002,1,
4352,365.0,0,107.495874
4353,365.0,0,186.041034
4354,365.0,0,
4355,365.0,0,34.135608
4356,365.0,0,
4357,365.0,0,
4358,365.0,0,
4359,365.0,0,
4360,365.0,0,
4361,365.0,0,301.794236
4362,153.12258,1,
4363,349.742346,1,19.332601
4364,365.0,0,59.944469
4365,365.0,0,
4366,365.0,0,
4367,365.0,0,
4368,76.966952,1,
4369,365.0,0,
4370,365.0,0,
4371,365.0,0,
4372,365.0,0,
4373,64.135737,1,
4374,365.0,0,
4375,365.0,0,285.489488
4376,365.0,0,
4377,365.0,0,
4378,365.0,0,111.368539
4379,365.0,0,
4380,365.0,0,16.452634
4381,365.0,0,200.326417
4382,365.0,0,74.263776
4383,365.0,0,
4384,365.0,0,
4385,365.0,0,6.196976
4386,365.0,0,12.170353
4387,72.063698,1,12.565269
4388,253.146143,1,
4389,365.0,0,64.541461
4390,365.0,0,
4391,365.0,0,
4392,25.581423,1,
4393,365.0,0,
4394,365.0,0,
4395,365.0,0,
4396,0.144761,1,
4397,365.0,0,2.223404
4398,365.0,0,
4399,365.0,0,191.025769
4400,309.204489,1,
4401,318.78292,1,200.581409
4402,365.0,0,
4403,365.0,0,
4404,365.0,0,75.631665
4405,365.0,0,223.48605
4406,365.0,0,269.212705
4407,365.0,0,
4408,365.0,0,217.893812
4409,351.812638,1,
4410,365.0,0,
4411,365.0,0,1.691903
4412,365.0,0,15.147856
4413,365.0,0,
4414,365.0,0,190.720675
4415,365.0,0,
4416,365.0,0,
4417,365.0,0,0.379054
4418,365.0,0,
4419,365.0,0,216.095033
4420,365.0,0,126.620305
4421,365.0,0,
4422,365.0,0,215.708749
4423,365.0,0,
4424,365.0,0,137.313112
4425,365.0,0,40.044561
4426,365.0,0,
4427,365.0,0,120.646749
4428,365.0,0,
4429,365.0,0,
4430,283.047513,1,
4431,365.0,0,43.47927
4432,168.927685,1,
4433,365.0,0,
4434,365.0,0,31.865735
4435,365.0,0,
4436,150.137183,1,
4437,365.0,0,
4438,365.0,0,171.722864
4439,365.0,0,148.938537
4440,365.0,0,
4441,125.122815,1,
4442,365.0,0,
4443,45.355298,1,
4444,365.0,0,
4445,365.0,0,
4446,365.0,0,108.814924
4447,365.0,0,90.636336
4448,365.0,0,161.838
4449,365.0,0,244.034807
4450,365.0,0,341.295174
4451,365.0,0,
4452,365.0,0,
4453,365.0,0,94.46962
4454,365.0,0,
4455,365.0,0,19.44514
4456,365.0,0,89.861222
4457,175.753649,1,37.319548
4458,365.0,0,72.718146
4459,365.0,0,273.783498
4460,365.0,0,
4461,365.0,0,99.408117
4462,365.0,0,
4463,365.0,0,166.985224
4464,365.0,0,176.924364
4465,365.0,0,134.941098
4466,365.0,0,
4467,365.0,0,1.255918
4468,365.0,0,328.495236
4469,365.0,0,249.690632
4470,365.0,0,
4471,365.0,0,53.23062
4472,365.0,0,
4473,327.299966,1,214.321007
4474,365.0,0,
4475,224.308248,1,
4476,365.0,0,250.106607
4477,365.0,0,
4478,365.0,0,
4479,84.435902,1,
4480,365.0,0,197.913376
4481,268.094038,1,
4482,365.0,0,
4483,365.0,0,122.32754
4484,3.018336,1,
4485,365.0,0,359.424486
4486,365.0,0,
4487,365.0,0,
4488,365.0,0,
4489,365.0,0,258.781256
4490,365.0,0,
4491,365.0,0,
4492,365.0,0,
4493,365.0,0,
4494,365.0,0,38.22478
4495,365.0,0,293.854782
4496,189.131537,1,
4497,200.318808,1,
4498,365.0,0,
4499,365.0,0,
4500,365.0,0,20.126953
4501,365.0,0,50.12371
4502,365.0,0,
4503,365.0,0,
4504,365.0,0,
4505,365.0,0,
4506,365.0,0,
4507,365.0,0,
4508,365.0,0,
4509,365.0,0,
4510,365.0,0,
4511,365.0,0,75.63512
4512,300.447817,1,
4513,365.0,0,
4514,365.0,0,
4515,107.566261,1,
4516,365.0,0,8.666937
4517,22.859993,1,
4518,365.0,0,
4519,365.0,0,
4520,365.0,0,
4521,365.0,0,
4522,365.0,0,205.915996
4523,365.0,0,
4524,365.0,0,
4525,365.0,0,255.321274
4526,365.0,0,
4527,365.0,0,
4528,365.0,0,
4529,365.0,0,
4530,365.0,0,
4531,365.0,0,64.565271
4532,365.0,0,8.610778
4533,365.0,0,
4534,365.0,0,
4535,39.280273,1,
4536,365.0,0,
4537,170.372858,1,
4538,365.0,0,
4539,365.0,0,227.47958
4540,365.0,0,144.092218
4541,365.0,0,341.29974
4542,365.0,0,
4543,365.0,0,
4544,365.0,0,160.249798
4545,365.0,0,
4546,365.0,0,
4547,365.0,0,
4548,365.0,0,
4549,365.0,0,
4550,365.0,0,
4551,365.0,0,
4552,365.0,0,
4553,365.0,0,5.933119
4554,365.0,0,
4555,98.101096,1,47.917595
4556,365.0,0,337.479471
4557,365.0,0,56.813207
4558,365.0,0,293.756932
4559,365.0,0,
4560,365.0,0,194.323685
4561,365.0,0,77.547184
4562,365.0,0,321.985064
4563,244.511342,1,224.807276
4564,98.660973,1,
4565,296.839765,1,
4566,365.0,0,
4567,126.133695,1,
4568,365.0,0,
4569,365.0,0,
4570,365.0,0,
4571,365.0,0,
4572,365.0,0,218.037894
4573,212.620502,1,
4574,365.0,0,12.542879
4575,365.0,0,
4576,365.0,0,
4577,365.0,0,153.762873
4578,365.0,0,83.805518
4579,365.0,0,84.342364
4580,365.0,0,96.762574
4581,365.0,0,
4582,365.0,0,
4583,365.0,0,
4584,365.0,0,
4585,365.0,0,
4586,365.0,0,
4587,365.0,0,189.684124
4588,365.0,0,111.377792
4589,365.0,0,
4590,365.0,0,244.038517
4591,365.0,0,
4592,365.0,0,
4593,365.0,0,40.873257
4594,365.0,0,
4595,365.0,0,
4596,365.0,0,186.25816
4597,365.0,0,
4598,365.0,0,
4599,365.0,0,210.241992
4600,55.705868,1,55.625321
4601,365.0,0,235.563479
4602,365.0,0,
4603,365.0,0,
4604,365.0,0,12.687335
4605,202.897781,1,22.516407
4606,365.0,0,
4607,238.927349,1,
4608,365.0,0,289.363756
4609,365.0,0,269.886427
4610,365.0,0,168.263014
4611,110.38858,1,
4612,365.0,0,
4613,365.0,0,
4614,365.0,0,
4615,365.0,0,311.382423
4616,365.0,0,
4617,332.009916,1,
4618,52.620436,1,
4619,365.0,0,
4620,365.0,0,
4621,365.0,0,51.248063
4622,365.0,0,240.373287
4623,365.0,0,18.610963
4624,365.0,0,
4625,365.0,0,
4626,365.0,0,204.395929
4627,365.0,0,33.591568
4628,251.964598,1,83.318042
4629,244.079726,1,174.415626
4630,365.0,0,232.929826
4631,365.0,0,88.994834
4632,365.0,0,
4633,365.0,0,
4634,365.0,0,
4635,365.0,0,
4636,365.0,0,114.821635
4637,365.0,0,
4638,365.0,0,145.960557
4639,365.0,0,223.873091
4640,365.0,0,
4641,365.0,0,
4642,43.477257,1,
4643,365.0,0,
4644,365.0,0,
4645,365.0,0,
4646,172.360169,1,
4647,365.0,0,
4648,238.396938,1,20.424866
4649,140.41154,1,
4650,57.964544,1,
4651,365.0,0,
4652,365.0,0,26.625296
4653,365.0,0,203.140663
4654,365.0,0,
4655,155.785804,1,93.826519
4656,365.0,0,226.528298
4657,365.0,0,191.485168
4658,365.0,0,50.497516
4659,365.0,0,
4660,365.0,0,
4661,365.0,0,52.738795
4662,12.779354,1,
4663,365.0,0,192.705401
4664,365.0,0,
4665,365.0,0,166.647754
4666,365.0,0,
4667,365.0,0,
4668,0.397168,1,
4669,365.0,0,
4670,365.0,0,17.12327
4671,365.0,0,72.92086
4672,365.0,0,297.561255
4673,365.0,0,139.809861
4674,365.0,0,149.415707
4675,60.771264,1,
4676,365.0,0,167.203732
4677,365.0,0,34.865644
4678,365.0,0,
4679,365.0,0,
4680,365.0,0,
4681,15.157684,1,
4682,365.0,0,
4683,365.0,0,
4684,215.906397,1,203.369909
4685,365.0,0,168.066896
4686,365.0,0,
4687,365.0,0,346.238807
4688,365.0,0,
4689,365.0,0,94.737641
4690,139.021683,1,
4691,365.0,0,
4692,365.0,0,299.951708
4693,365.0,0,207.628766
4694,365.0,0,
4695,129.064832,1,
4696,365.0,0,
4697,365.0,0,19.550433
4698,365.0,0,
4699,365.0,0,
4700,365.0,0,237.204743
4701,365.0,0,352.677125
4702,365.0,0,
4703,365.0,0,
4704,365.0,0,
4705,365.0,0,186.405021
4706,365.0,0,
4707,365.0,0,175.38179
4708,365.0,0,183.991102
4709,123.221431,1,
4710,365.0,0,303.177777
4711,365.0,0,18.38169
4712,365.0,0,13.186213
4713,266.847473,1,
4714,365.0,0,
4715,365.0,0,
4716,365.0,0,
4717,365.0,0,141.197153
4718,365.0,0,
4719,365.0,0,16.094107
4720,365.0,0,73.993584
4721,365.0,0,292.282266
4722,365.0,0,214.372359
4723,365.0,0,58.803942
4724,365.0,0,
4725,365.0,0,112.631711
4726,365.0,0,
4727,365.0,0,355.229265
4728,365.0,0,210.271249
4729,365.0,0,
4730,365.0,0,
4731,365.0,0,67.174597
4732,365.0,0,103.517301
4733,365.0,0,81.25225
4734,365.0,0,102.567592
4735,217.50065,1,
4736,365.0,0,213.863508
4737,365.0,0,
4738,365.0,0,
4739,365.0,0,129.799813
4740,365.0,0,7.455406
4741,365.0,0,
4742,365.0,0,328.545857
4743,365.0,0,
4744,314.691659,1,13.074362
4745,365.0,0,6.514447
4746,365.0,0,
4747,37.004435,1,
4748,365.0,0,45.101932
4749,365.0,0,
4750,365.0,0,
4751,365.0,0,21.23068
4752,216.334622,1,
4753,64.862138,1,
4754,365.0,0,228.80613
4755,365.0,0,
4756,365.0,0,8.878817
4757,365.0,0,267.528768
4758,365.0,0,
4759,295.955428,1,15.375691
4760,365.0,0,145.162021
4761,365.0,0,
4762,365.0,0,
4763,365.0,0,
4764,365.0,0,282.002229
4765,365.0,0,
4766,365.0,0,
4767,365.0,0,110.499742
4768,365.0,0,128.492014
4769,365.0,0,
4770,0.786868,1,
4771,365.0,0,126.862803
4772,365.0,0,
4773,365.0,0,57.29348
4774,365.0,0,79.010895
4775,14.488193,1,
4776,365.0,0,326.255522
4777,365.0,0,
4778,365.0,0,264.512918
4779,365.0,0,
4780,212.15401,1,
4781,365.0,0,
4782,365.0,0,95.827544
4783,365.0,0,
4784,365.0,0,38.844614
4785,365.0,0,237.715989
4786,365.0,0,189.91298
4787,279.757063,1,
4788,365.0,0,2.90351
4789,365.0,0,
4790,62.012586,1,
4791,365.0,0,
4792,365.0,0,158.580711
4793,365.0,0,95.177448
4794,365.0,0,
4795,365.0,0,112.385514
4796,158.324974,1,
4797,365.0,0,
4798,365.0,0,244.716829
4799,365.0,0,239.722726
4800,365.0,0,
4801,365.0,0,25.001026
4802,365.0,0,
4803,156.235218,1,
4804,365.0,0,
4805,8.511991,1,
4806,365.0,0,251.960559
4807,365.0,0,192.530701
4808,168.862127,1,
4809,365.0,0,
4810,313.888463,1,
4811,365.0,0,35.329333
4812,107.460057,1,
4813,309.496352,1,
4814,0.672209,1,
4815,365.0,0,
4816,365.0,0,125.581916
4817,365.0,0,90.728535
4818,365.0,0,42.342184
4819,365.0,0,294.603899
4820,365.0,0,358.537959
4821,339.716056,1,138.273971
4822,75.4998,1,
4823,365.0,0,
4824,365.0,0,
4825,365.0,0,
4826,365.0,0,29.042428
4827,340.075841,1,
4828,0.230166,1,
4829,365.0,0,
4830,365.0,0,
4831,365.0,0,
4832,365.0,0,258.006363
4833,61.396157,1,
4834,365.0,0,86.519674
4835,365.0,0,
4836,365.0,0,65.87781
4837,115.832345,1,
4838,365.0,0,46.766064
4839,365.0,0,
4840,365.0,0,
4841,365.0,0,287.899755
4842,365.0,0,281.541978
4843,365.0,0,96.590326
4844,365.0,0,41.555664
4845,365.0,0,319.47404
4846,365.0,0,
4847,320.030364,1,182.638162
4848,365.0,0,
4849,365.0,0,
4850,258.176506,1,
4851,238.851984,1,
4852,365.0,0,132.781024
4853,360.364724,1,45.375989
4854,365.0,0,18.12301
4855,365.0,0,281.877365
4856,365.0,0,
4857,54.718943,1,
4858,95.997124,1,35.024904
4859,365.0,0,
4860,365.0,0,131.083256
4861,365.0,0,27.967982
4862,365.0,0,
4863,365.0,0,
4864,365.0,0,
4865,103.30858,1,
4866,365.0,0,202.661841
4867,276.472029,1,198.537989
4868,309.063812,1,
4869,365.0,0,63.671217
4870,365.0,0,
4871,365.0,0,
4872,365.0,0,9.515722
4873,365.0,0,200.207237
4874,365.0,0,83.34682
4875,365.0,0,
4876,365.0,0,
4877,365.0,0,
4878,365.0,0,
4879,365.0,0,28.406271
4880,365.0,0,10.680316
4881,174.509631,1,
4882,365.0,0,109.330498
4883,192.251376,1,
4884,365.0,0,80.100395
4885,365.0,0,69.696216
4886,365.0,0,228.573537
4887,365.0,0,
4888,365.0,0,
4889,365.0,0,
4890,88.884128,1,
4891,365.0,0,
4892,365.0,0,297.330546
4893,260.119276,1,
4894,365.0,0,271.255238
4895,365.0,0,42.852729
4896,195.134478,1,
4897,365.0,0,
4898,365.0,0,2.760572
4899,365.0,0,
4900,365.0,0,
4901,153.193376,1,105.646015
4902,365.0,0,
4903,365.0,0,99.036599
4904,365.0,0,194.547913
4905,221.370653,1,134.908621
4906,365.0,0,57.395772
4907,365.0,0,224.932235
4908,365.0,0,
4909,133.018237,1,
4910,325.150409,1,
4911,365.0,0,
4912,365.0,0,
4913,365.0,0,
4914,365.0,0,22.514749
4915,365.0,0,285.862275
4916,365.0,0,205.353606
4917,365.0,0,234.861188
4918,335.347375,1,
4919,365.0,0,
4920,365.0,0,
4921,365.0,0,118.031387
4922,365.0,0,
4923,365.0,0,52.485957
4924,365.0,0,
4925,365.0,0,148.900889
4926,365.0,0,29.520583
4927,365.0,0,14.709793
4928,365.0,0,14.912083
4929,365.0,0,198.756736
4930,365.0,0,322.162755
4931,4.990781,1,
4932,113.649263,1,
4933,365.0,0,78.717725
4934,365.0,0,
4935,365.0,0,280.163416
4936,365.0,0,
4937,365.0,0,25.013767
4938,365.0,0,53.21936
4939,365.0,0,50.818791
4940,365.0,0,
4941,365.0,0,
4942,287.841891,1,
4943,365.0,0,89.280312
4944,365.0,0,107.685796
4945,365.0,0,
4946,365.0,0,10.03692
4947,335.884706,1,
4948,365.0,0,
4949,93.279169,1,
4950,365.0,0,207.941973
4951,210.65952,1,
4952,365.0,0,
4953,365.0,0,124.270537
4954,365.0,0,
4955,365.0,0,
4956,365.0,0,292.637956
4957,95.698921,1,3.056532
4958,365.0,0,337.691842
4959,365.0,0,
4960,365.0,0,353.39607
4961,194.356913,1,
4962,365.0,0,
4963,57.953494,1,
4964,365.0,0,104.666683
4965,365.0,0,
4966,338.155618,1,92.154565
4967,365.0,0,
4968,365.0,0,
4969,365.0,0,83.115077
4970,365.0,0,
4971,365.0,0,119.249743
4972,365.0,0,215.918606
4973,365.0,0,304.309142
4974,102.486775,1,26.979112
4975,191.75283,1,145.303067
4976,365.0,0,278.151906
4977,6.028221,1,
4978,365.0,0,31.176178
4979,365.0,0,87.077599
4980,365.0,0,118.928791
4981,365.0,0,95.526087
4982,365.0,0,
4983,365.0,0,283.467289
4984,365.0,0,
4985,365.0,0,
4986,365.0,0,184.120087
4987,25.873976,1,13.788739
4988,14.018426,1,
4989,365.0,0,
4990,365.0,0,177.218599
4991,56.594141,1,
4992,365.0,0,
4993,365.0,0,
4994,365.0,0,209.003334
4995,365.0,0,
4996,365.0,0,
4997,365.0,0,163.054995
4998,365.0,0,
4999,224.476203,1,
5000,365.0,0,
5001,365.0,0,
5002,365.0,0,175.608183
5003,365.0,0,177.500036
5004,365.0,0,
5005,365.0,0,
5006,365.0,0,
5007,202.623304,1,
5008,365.0,0,
5009,365.0,0,103.107284
5010,204.148061,1,
5011,362.603046,1,317.134342
5012,365.0,0,
5013,365.0,0,
5014,365.0,0,32.41695
5015,365.0,0,184.656891
5016,365.0,0,232.663883
5017,365.0,0,332.979891
5018,350.464996,1,
5019,365.0,0,
5020,365.0,0,
5021,297.722185,1,50.017424
5022,365.0,0,143.621693
5023,365.0,0,299.340878
5024,365.0,0,32.38568
5025,294.652098,1,
5026,365.0,0,
5027,365.0,0,117.527283
5028,365.0,0,56.615893
5029,365.0,0,314.719313
5030,365.0,0,
5031,365.0,0,
5032,365.0,0,
5033,365.0,0,274.728814
5034,131.488207,1,16.29434
5035,199.549724,1,
5036,365.0,0,
5037,365.0,0,
5038,365.0,0,163.177497
5039,89.554294,1,
5040,365.0,0,14.944166
5041,365.0,0,11.423775
5042,365.0,0,
5043,365.0,0,359.453864
5044,281.437758,1,
5045,365.0,0,300.507864
5046,365.0,0,
5047,365.0,0,190.905531
5048,365.0,0,
5049,365.0,0,
5050,365.0,0,61.315865
5051,365.0,0,259.436556
5052,365.0,0,118.632669
5053,365.0,0,
5054,100.094241,1,
5055,144.680565,1,
5056,86.422688,1,
5057,365.0,0,219.209566
5058,365.0,0,
5059,365.0,0,75.865054
5060,365.0,0,131.532211
5061,0.037476,1,
5062,26.756177,1,
5063,316.201805,1,
5064,365.0,0,156.265967
5065,291.675869,1,25.813343
5066,155.827929,1,
5067,365.0,0,
5068,365.0,0,4.377604
5069,365.0,0,363.826378
5070,365.0,0,
5071,365.0,0,
5072,365.0,0,
5073,365.0,0,168.066353
5074,365.0,0,
5075,365.0,0,110.47814
5076,365.0,0,
5077,4.28741,1,
5078,365.0,0,55.704006
5079,365.0,0,72.694991
5080,365.0,0,173.764138
5081,365.0,0,
5082,365.0,0,
5083,365.0,0,
5084,365.0,0,305.418217
5085,365.0,0,104.815498
5086,365.0,0,
5087,365.0,0,197.189108
5088,365.0,0,
5089,365.0,0,210.379173
5090,3.549767,1,
5091,256.895953,1,
5092,365.0,0,
5093,258.977423,1,
5094,28.671113,1,
5095,365.0,0,237.825927
5096,275.067184,1,218.510608
5097,365.0,0,364.971877
5098,365.0,0,
5099,365.0,0,141.94383
5100,328.92494,1,
5101,365.0,0,30.016
5102,365.0,0,
5103,365.0,0,172.03027
5104,365.0,0,
5105,365.0,0,94.491919
5106,191.09296,1,
5107,40.747119,1,
5108,284.826006,1,
5109,365.0,0,194.330774
5110,95.341297,1,
5111,67.021705,1,
5112,365.0,0,20.604021
5113,365.0,0,
5114,181.00036,1,
5115,365.0,0,235.573277
5116,365.0,0,67.942701
5117,365.0,0,
5118,365.0,0,
5119,365.0,0,233.987878
5120,365.0,0,
5121,365.0,0,33.622743
5122,365.0,0,
5123,365.0,0,197.023115
5124,365.0,0,
5125,365.0,0,
5126,365.0,0,48.742587
5127,365.0,0,111.877049
5128,365.0,0,
5129,365.0,0,163.430221
5130,88.580628,1,
5131,365.0,0,
5132,365.0,0,
5133,365.0,0,
5134,365.0,0,96.750943
5135,285.303083,1,
5136,365.0,0,119.116118
5137,365.0,0,351.98336
5138,365.0,0,
5139,365.0,0,53.57897
5140,365.0,0,
5141,365.0,0,
5142,365.0,0,170.87805
5143,365.0,0,
5144,260.752372,1,
5145,347.528903,1,
5146,365.0,0,230.033574
5147,365.0,0,
5148,365.0,0,
5149,316.358703,1,
5150,365.0,0,
5151,365.0,0,
5152,365.0,0,132.923688
5153,365.0,0,131.605273
5154,365.0,0,
5155,61.272024,1,
5156,365.0,0,
5157,365.0,0,
5158,365.0,0,
5159,365.0,0,96.762644
5160,365.0,0,
5161,365.0,0,
5162,365.0,0,184.293747
5163,365.0,0,301.136951
5164,32.201208,1,
5165,365.0,0,
5166,365.0,0,224.615939
5167,365.0,0,
5168,365.0,0,
5169,365.0,0,
5170,365.0,0,
5171,365.0,0,
5172,365.0,0,
5173,365.0,0,
5174,365.0,0,
5175,365.0,0,
5176,365.0,0,
5177,365.0,0,167.15487
5178,365.0,0,261.040264
5179,365.0,0,
5180,365.0,0,
5181,365.0,0,34.375421
5182,365.0,0,
5183,100.7262,1,
5184,365.0,0,
5185,365.0,0,166.649007
5186,365.0,0,
5187,365.0,0,149.459322
5188,154.672639,1,
5189,365.0,0,
5190,365.0,0,
5191,178.26823,1,
5192,342.823045,1,207.955505
5193,365.0,0,352.656007
5194,365.0,0,
5195,365.0,0,303.603016
5196,365.0,0,142.457996
5197,365.0,0,155.989627
5198,365.0,0,
5199,365.0,0,
5200,365.0,0,124.669722
5201,365.0,0,331.860357
5202,365.0,0,53.259978
5203,14.323206,1,
5204,148.451121,1,
5205,365.0,0,
5206,365.0,0,
5207,159.037553,1,
5208,365.0,0,
5209,365.0,0,
5210,365.0,0,116.74454
5211,365.0,0,113.269254
5212,365.0,0,263.151016
5213,346.218599,1,102.617725
5214,365.0,0,240.992706
5215,365.0,0,
5216,365.0,0,101.582883
5217,365.0,0,
5218,365.0,0,
5219,365.0,0,
5220,109.53459,1,
5221,365.0,0,
5222,365.0,0,
5223,365.0,0,
5224,365.0,0,
5225,365.0,0,
5226,365.0,0,
5227,365.0,0,258.831495
5228,365.0,0,90.380268
5229,365.0,0,
5230,365.0,0,234.263914
5231,365.0,0,
5232,365.0,0,310.199533
5233,365.0,0,249.934615
5234,365.0,0,
5235,365.0,0,
5236,365.0,0,
5237,365.0,0,
5238,302.179702,1,212.868736
5239,365.0,0,
5240,365.0,0,270.367133
5241,365.0,0,266.056731
5242,365.0,0,
5243,365.0,0,
5244,135.494604,1,
5245,365.0,0,81.427161
5246,365.0,0,240.855124
5247,365.0,0,358.507066
5248,177.350816,1,
5249,365.0,0,
5250,365.0,0,
5251,365.0,0,255.188428
5252,365.0,0,
5253,365.0,0,346.034994
5254,365.0,0,19.428378
5255,60.029701,1,
5256,365.0,0,
5257,365.0,0,
5258,365.0,0,
5259,365.0,0,70.23229
5260,358.83325,1,55.616404
5261,365.0,0,
5262,365.0,0,
5263,365.0,0,
5264,365.0,0,225.166404
5265,365.0,0,325.361984
5266,76.290687,1,65.458553
5267,365.0,0,5.812165
5268,365.0,0,206.714652
5269,365.0,0,302.507855
5270,365.0,0,
5271,116.511436,1,22.409869
5272,365.0,0,318.229371
5273,365.0,0,
5274,107.741178,1,
5275,78.12521,1,
5276,365.0,0,
5277,365.0,0,31.711738
5278,365.0,0,290.553011
5279,365.0,0,78.629024
5280,365.0,0,
5281,365.0,0,
5282,365.0,0,36.82795
5283,131.571788,1,3.946052
5284,276.72521,1,
5285,365.0,0,275.205688
5286,365.0,0,
5287,167.074471,1,155.717481
5288,365.0,0,193.766822
5289,365.0,0,25.003018
5290,293.233406,1,
5291,267.983116,1,120.61812
5292,365.0,0,62.266194
5293,365.0,0,354.595242
5294,365.0,0,
5295,113.807951,1,
5296,102.284346,1,
5297,365.0,0,32.602781
5298,365.0,0,
5299,365.0,0,78.449532
5300,365.0,0,54.783378
5301,0.387566,1,
5302,47.755209,1,
5303,140.387749,1,79.830662
5304,7.381404,1,
5305,365.0,0,138.983505
5306,365.0,0,
5307,365.0,0,249.848269
5308,365.0,0,
5309,365.0,0,317.619112
5310,365.0,0,333.29962
5311,365.0,0,
5312,365.0,0,292.829996
5313,365.0,0,32.101604
5314,365.0,0,253.51659
5315,365.0,0,84.59744
5316,365.0,0,
5317,365.0,0,305.438605
5318,365.0,0,
5319,54.03362,1,
5320,365.0,0,67.434456
5321,365.0,0,
5322,365.0,0,147.39128
5323,365.0,0,
5324,365.0,0,
5325,365.0,0,
5326,36.061555,1,
5327,365.0,0,248.761788
5328,365.0,0,
5329,365.0,0,14.614887
5330,365.0,0,279.70245
5331,365.0,0,91.823788
5332,365.0,0,141.588854
5333,365.0,0,
5334,365.0,0,145.328137
5335,215.710381,1,42.738834
5336,365.0,0,
5337,365.0,0,358.314244
5338,365.0,0,191.967367
5339,365.0,0,287.101563
5340,365.0,0,337.714343
5341,365.0,0,34.468478
5342,365.0,0,
5343,172.201641,1,69.298627
5344,365.0,0,65.615173
5345,365.0,0,256.122174
5346,365.0,0,281.746868
5347,365.0,0,
5348,365.0,0,49.240848
5349,46.842038,1,
5350,365.0,0,
5351,365.0,0,
5352,365.0,0,2.504107
5353,140.698176,1,117.57298
5354,365.0,0,50.271071
5355,365.0,0,248.267608
5356,365.0,0,
5357,365.0,0,141.429995
5358,365.0,0,
5359,365.0,0,346.094613
5360,365.0,0,74.621271
5361,365.0,0,
5362,365.0,0,
5363,365.0,0,
5364,365.0,0,
5365,365.0,0,
5366,365.0,0,
5367,343.389663,1,77.60785
5368,365.0,0,215.744894
5369,221.03317,1,
5370,92.109591,1,
5371,365.0,0,
5372,365.0,0,
5373,83.329897,1,0.401075
5374,365.0,0,14.590586
5375,365.0,0,
5376,365.0,0,101.496645
5377,365.0,0,
5378,20.47322,1,
5379,365.0,0,210.617161
5380,365.0,0,
5381,225.591046,1,131.79951
5382,365.0,0,237.712385
5383,291.675576,1,49.366397
5384,365.0,0,
5385,365.0,0,54.0443
5386,124.786222,1,
5387,365.0,0,117.230989
5388,365.0,0,252.053124
5389,365.0,0,
5390,365.0,0,270.19457
5391,11.435482,1,
5392,365.0,0,
5393,166.648289,1,29.951923
5394,365.0,0,239.036201
5395,8.384698,1,
5396,365.0,0,
5397,365.0,0,128.194607
5398,365.0,0,114.631354
5399,365.0,0,
5400,319.051762,1,
5401,365.0,0,
5402,365.0,0,291.977386
5403,365.0,0,
5404,365.0,0,
5405,365.0,0,78.047687
5406,365.0,0,67.185857
5407,365.0,0,9.400378
5408,365.0,0,
5409,365.0,0,184.669151
5410,53.45627,1,
5411,365.0,0,120.838624
5412,365.0,0,
5413,365.0,0,
5414,365.0,0,
5415,166.825925,1,
5416,365.0,0,
5417,365.0,0,352.212184
5418,365.0,0,
5419,365.0,0,21.848297
5420,365.0,0,50.521777
5421,129.088043,1,
5422,24.79605,1,
5423,143.146969,1,
5424,365.0,0,
5425,365.0,0,190.941922
5426,295.222524,1,
5427,365.0,0,249.773061
5428,365.0,0,
5429,365.0,0,
5430,365.0,0,62.0398
5431,31.904646,1,
5432,12.308779,1,
5433,365.0,0,
5434,365.0,0,266.14152
5435,246.385578,1,25.420412
5436,365.0,0,47.280205
5437,365.0,0,
5438,365.0,0,
5439,365.0,0,
5440,365.0,0,
5441,365.0,0,24.789269
5442,174.9808,1,105.992718
5443,365.0,0,
5444,365.0,0,
5445,365.0,0,281.061766
5446,14.659416,1,
5447,365.0,0,138.547699
5448,365.0,0,250.391318
5449,89.19518,1,30.544524
5450,365.0,0,256.46524
5451,365.0,0,19.289859
5452,365.0,0,93.044793
5453,201.003487,1,130.858245
5454,365.0,0,
5455,365.0,0,183.901891
5456,365.0,0,
5457,336.809502,1,
5458,365.0,0,215.383111
5459,365.0,0,
5460,365.0,0,189.874811
5461,365.0,0,
5462,365.0,0,66.437296
5463,365.0,0,82.222132
5464,365.0,0,132.899531
5465,365.0,0,70.219314
5466,18.031285,1,
5467,365.0,0,
5468,365.0,0,
5469,365.0,0,
5470,365.0,0,269.13248
5471,365.0,0,
5472,365.0,0,
5473,365.0,0,
5474,12.313687,1,
5475,283.319329,1,147.244589
5476,365.0,0,203.306844
5477,365.0,0,290.033054
5478,365.0,0,
5479,365.0,0,
5480,315.007613,1,258.502405
5481,365.0,0,175.48342
5482,365.0,0,79.793945
5483,270.0139,1,
5484,209.687306,1,185.278978
5485,365.0,0,
5486,365.0,0,64.981256
5487,365.0,0,113.895354
5488,365.0,0,
5489,365.0,0,
5490,365.0,0,250.442407
5491,365.0,0,191.3089
5492,365.0,0,
5493,365.0,0,271.96208
5494,365.0,0,312.868937
5495,365.0,0,204.173658
5496,365.0,0,118.374391
5497,365.0,0,118.417774
5498,365.0,0,
5499,365.0,0,302.511684
5500,365.0,0,
5501,365.0,0,47.331496
5502,365.0,0,182.686231
5503,285.070731,1,24.008034
5504,365.0,0,
5505,365.0,0,65.896892
5506,365.0,0,
5507,95.708531,1,
5508,365.0,0,211.871084
5509,315.090845,1,131.158355
5510,365.0,0,122.668801
5511,365.0,0,
5512,365.0,0,283.598202
5513,365.0,0,188.405242
5514,57.90774,1,
5515,149.595013,1,
5516,365.0,0,149.188266
5517,365.0,0,234.86467
5518,365.0,0,
5519,365.0,0,39.928584
5520,365.0,0,
5521,365.0,0,
5522,365.0,0,
5523,365.0,0,113.064722
5524,365.0,0,14.521748
5525,365.0,0,
5526,196.043209,1,
5527,229.702203,1,
5528,365.0,0,321.088697
5529,365.0,0,
5530,365.0,0,276.308253
5531,365.0,0,175.384322
5532,312.526249,1,
5533,365.0,0,
5534,365.0,0,
5535,208.065147,1,
5536,365.0,0,
5537,365.0,0,
5538,365.0,0,20.542671
5539,365.0,0,
5540,365.0,0,92.962036
5541,365.0,0,
5542,365.0,0,
5543,365.0,0,
5544,365.0,0,
5545,365.0,0,
5546,207.816014,1,
5547,308.572631,1,39.306234
5548,365.0,0,5.941493
5549,365.0,0,255.409496
5550,365.0,0,86.171292
5551,365.0,0,134.394731
5552,29.934512,1,
5553,365.0,0,187.092476
5554,365.0,0,
5555,365.0,0,275.680074
5556,365.0,0,61.326871
5557,365.0,0,
5558,118.378396,1,
5559,253.339858,1,
5560,50.567838,1,
5561,9.688401,1,
5562,365.0,0,
5563,365.0,0,
5564,5.478163,1,
5565,12.417346,1,
5566,268.023703,1,172.05942
5567,365.0,0,196.341258
5568,365.0,0,
5569,365.0,0,
5570,365.0,0,80.803774
5571,365.0,0,330.890352
5572,365.0,0,199.324056
5573,365.0,0,
5574,317.863569,1,
5575,365.0,0,
5576,71.091173,1,19.422051
5577,365.0,0,276.999562
5578,105.621126,1,
5579,365.0,0,80.548048
5580,365.0,0,
5581,365.0,0,
5582,365.0,0,168.950201
5583,365.0,0,12.257216
5584,365.0,0,54.929088
5585,365.0,0,
5586,77.638212,1,
5587,365.0,0,342.656572
5588,158.443645,1,
5589,365.0,0,28.859614
5590,365.0,0,53.130993
5591,49.953451,1,17.734923
5592,365.0,0,65.404822
5593,218.43919,1,1.874955
5594,365.0,0,68.364359
5595,365.0,0,223.283446
5596,85.424503,1,
5597,365.0,0,238.555083
5598,121.353499,1,
5599,365.0,0,60.926263
5600,365.0,0,
5601,365.0,0,299.281081
5602,365.0,0,284.450952
5603,365.0,0,98.208495
5604,365.0,0,296.636567
5605,365.0,0,
5606,97.80365,1,
5607,170.983227,1,
5608,69.392664,1,
5609,365.0,0,
5610,3.85033,1,
5611,365.0,0,
5612,365.0,0,
5613,365.0,0,177.123271
5614,219.672275,1,
5615,365.0,0,282.914542
5616,365.0,0,182.197904
5617,365.0,0,291.553386
5618,365.0,0,55.345067
5619,365.0,0,281.859631
5620,365.0,0,80.249862
5621,365.0,0,
5622,365.0,0,
5623,365.0,0,
5624,365.0,0,14.83468
5625,365.0,0,28.837793
5626,365.0,0,90.66454
5627,365.0,0,
5628,365.0,0,32.004487
5629,365.0,0,
5630,365.0,0,288.375067
5631,365.0,0,167.649866
5632,365.0,0,
5633,365.0,0,313.352655
5634,177.233319,1,
5635,365.0,0,
5636,365.0,0,
5637,365.0,0,
5638,365.0,0,169.648523
5639,158.113925,1,
5640,365.0,0,35.701507
5641,365.0,0,
5642,365.0,0,
5643,365.0,0,
5644,365.0,0,
5645,365.0,0,300.853716
5646,365.0,0,120.730369
5647,3.153729,1,
5648,365.0,0,
5649,319.393934,1,58.119384
5650,170.473908,1,
5651,365.0,0,
5652,5.197834,1,
5653,202.442011,1,180.553874
5654,365.0,0,151.709609
5655,365.0,0,
5656,365.0,0,
5657,13.303219,1,
5658,365.0,0,56.064316
5659,155.266111,1,
5660,365.0,0,21.701494
5661,365.0,0,
5662,365.0,0,18.082217
5663,365.0,0,
5664,365.0,0,348.105877
5665,269.63956,1,
5666,365.0,0,
5667,365.0,0,
5668,113.416033,1,40.887465
5669,365.0,0,
5670,10.900789,1,
5671,365.0,0,
5672,365.0,0,
5673,365.0,0,
5674,365.0,0,
5675,365.0,0,
5676,365.0,0,
5677,365.0,0,137.031957
5678,365.0,0,60.603536
5679,90.350931,1,
5680,365.0,0,180.909401
5681,365.0,0,28.41697
5682,139.352174,1,
5683,365.0,0,
5684,365.0,0,96.508707
5685,365.0,0,113.999875
5686,365.0,0,47.731863
5687,186.154832,1,
5688,207.399563,1,
5689,365.0,0,
5690,365.0,0,
5691,199.221341,1,188.350916
5692,365.0,0,
5693,365.0,0,236.77682
5694,365.0,0,36.338217
5695,32.525873,1,
5696,365.0,0,57.01456
5697,365.0,0,341.348777
5698,365.0,0,18.376034
5699,149.825598,1,
5700,365.0,0,185.995569
5701,365.0,0,253.914373
5702,22.611451,1,
5703,365.0,0,
5704,365.0,0,145.233844
5705,181.501574,1,38.155107
5706,365.0,0,199.144656
5707,28.857611,1,
5708,365.0,0,
5709,365.0,0,
5710,365.0,0,
5711,365.0,0,214.202097
5712,210.370012,1,
5713,365.0,0,
5714,189.891704,1,
5715,365.0,0,
5716,365.0,0,7.882716
5717,365.0,0,147.207304
5718,365.0,0,
5719,365.0,0,
5720,365.0,0,298.536611
5721,365.0,0,56.871675
5722,365.0,0,
5723,365.0,0,
5724,365.0,0,
5725,236.023512,1,
5726,365.0,0,
5727,365.0,0,141.659879
5728,365.0,0,187.155974
5729,365.0,0,78.252272
5730,177.367825,1,
5731,365.0,0,277.507614
5732,365.0,0,
5733,365.0,0,125.857637
5734,365.0,0,
5735,365.0,0,
5736,365.0,0,144.372999
5737,365.0,0,
5738,365.0,0,
5739,365.0,0,46.865428
5740,6.479314,1,
5741,365.0,0,
5742,365.0,0,
5743,175.818719,1,
5744,334.06436,1,178.068886
5745,242.297735,1,
5746,365.0,0,197.456686
5747,365.0,0,122.519275
5748,365.0,0,78.012126
5749,18.421984,1,
5750,365.0,0,
5751,365.0,0,
5752,288.354396,1,244.151496
5753,365.0,0,231.164162
5754,172.605303,1,91.139355
5755,365.0,0,332.844304
5756,365.0,0,302.508191
5757,331.172007,1,
5758,365.0,0,
5759,167.051952,1,164.571807
5760,365.0,0,
5761,365.0,0,
5762,365.0,0,265.799042
5763,365.0,0,29.772234
5764,233.797873,1,
5765,365.0,0,
5766,365.0,0,
5767,365.0,0,
5768,365.0,0,356.998126
5769,365.0,0,231.028526
5770,294.43965,1,
5771,365.0,0,209.809209
5772,365.0,0,212.686933
5773,365.0,0,243.486874
5774,4.792758,1,
5775,365.0,0,132.449603
5776,131.962048,1,
5777,365.0,0,126.703537
5778,365.0,0,
5779,365.0,0,101.646931
5780,358.489587,1,
5781,365.0,0,
5782,365.0,0,81.43706
5783,365.0,0,268.870581
5784,143.989346,1,
5785,365.0,0,143.064567
5786,365.0,0,27.917161
5787,350.509022,1,
5788,365.0,0,238.932629
5789,365.0,0,
5790,195.240984,1,
5791,365.0,0,103.948294
5792,365.0,0,
5793,75.144668,1,
5794,365.0,0,
5795,365.0,0,
5796,365.0,0,
5797,365.0,0,340.797512
5798,86.41803,1,
5799,349.137815,1,
5800,19.259724,1,
5801,365.0,0,288.67281
5802,365.0,0,
5803,365.0,0,174.268581
5804,365.0,0,282.01151
5805,365.0,0,17.971865
5806,365.0,0,180.6682
5807,365.0,0,93.020994
5808,224.158269,1,
5809,365.0,0,
5810,111.927813,1,
5811,365.0,0,255.578405
5812,49.251694,1,
5813,365.0,0,72.349873
5814,365.0,0,
5815,194.332742,1,
5816,365.0,0,
5817,365.0,0,167.18154
5818,365.0,0,240.390444
5819,365.0,0,72.055704
5820,20.139023,1,
5821,283.758229,1,
5822,365.0,0,168.464057
5823,365.0,0,
5824,365.0,0,
5825,32.219365,1,
5826,29.100598,1,
5827,365.0,0,299.543001
5828,365.0,0,
5829,365.0,0,
5830,365.0,0,44.673002
5831,365.0,0,
5832,14.773014,1,
5833,365.0,0,
5834,17.155732,1,
5835,365.0,0,320.199094
5836,365.0,0,8.731091
5837,17.796041,1,
5838,239.081608,1,
5839,365.0,0,
5840,365.0,0,
5841,365.0,0,
5842,1.761204,1,
5843,365.0,0,
5844,107.410791,1,
5845,365.0,0,311.673335
5846,365.0,0,
5847,365.0,0,
5848,365.0,0,
5849,365.0,0,20.942113
5850,365.0,0,
5851,317.097891,1,
5852,256.990056,1,
5853,365.0,0,266.330145
5854,365.0,0,
5855,32.336654,1,
5856,365.0,0,162.707997
5857,365.0,0,
5858,172.917979,1,11.258028
5859,365.0,0,
5860,365.0,0,67.168729
5861,365.0,0,298.916702
5862,365.0,0,
5863,365.0,0,
5864,365.0,0,
5865,365.0,0,315.649539
5866,365.0,0,
5867,260.745244,1,
5868,365.0,0,
5869,365.0,0,179.826554
5870,365.0,0,
5871,365.0,0,23.946675
5872,365.0,0,212.100329
5873,27.678295,1,
5874,80.4786,1,
5875,365.0,0,
5876,365.0,0,280.002036
5877,365.0,0,336.362667
5878,365.0,0,64.365994
5879,365.0,0,308.850658
5880,365.0,0,277.964693
5881,365.0,0,
5882,365.0,0,
5883,365.0,0,303.481419
5884,365.0,0,
5885,365.0,0,
5886,365.0,0,344.005954
5887,365.0,0,
5888,365.0,0,129.165568
5889,365.0,0,
5890,365.0,0,43.730696
5891,320.190383,1,
5892,29.921773,1,
5893,365.0,0,40.96353
5894,365.0,0,
5895,54.149769,1,
5896,365.0,0,
5897,365.0,0,218.938444
5898,365.0,0,
5899,365.0,0,
5900,166.862124,1,
5901,365.0,0,
5902,365.0,0,285.256189
5903,35.396109,1,
5904,365.0,0,207.106639
5905,357.78156,1,111.18805
5906,365.0,0,150.358476
5907,365.0,0,116.54168
5908,10.114032,1,
5909,365.0,0,223.464827
5910,365.0,0,198.712144
5911,365.0,0,
5912,365.0,0,284.785821
5913,365.0,0,
5914,365.0,0,270.228361
5915,365.0,0,
5916,365.0,0,
5917,365.0,0,
5918,365.0,0,
5919,365.0,0,
5920,365.0,0,
5921,365.0,0,
5922,365.0,0,95.183353
5923,365.0,0,
5924,365.0,0,
5925,365.0,0,
5926,365.0,0,
5927,365.0,0,
5928,365.0,0,
5929,104.77237,1,
5930,365.0,0,295.239035
5931,365.0,0,
5932,365.0,0,212.466431
5933,365.0,0,
5934,365.0,0,
5935,1.129745,1,
5936,365.0,0,
5937,365.0,0,58.91103
5938,365.0,0,302.986656
5939,365.0,0,
5940,365.0,0,
5941,365.0,0,298.94961
5942,365.0,0,
5943,365.0,0,75.634221
5944,365.0,0,185.286835
5945,365.0,0,
5946,365.0,0,
5947,365.0,0,
5948,365.0,0,261.772391
5949,365.0,0,
5950,365.0,0,322.305736
5951,157.720692,1,
5952,365.0,0,
5953,365.0,0,271.831318
5954,141.195956,1,140.570365
5955,365.0,0,185.159406
5956,365.0,0,64.271754
5957,365.0,0,219.077506
5958,365.0,0,263.971627
5959,365.0,0,69.078356
5960,95.073649,1,
5961,365.0,0,
5962,365.0,0,
5963,365.0,0,61.058551
5964,365.0,0,
5965,237.600669,1,65.704262
5966,63.456483,1,
5967,365.0,0,
5968,365.0,0,
5969,365.0,0,249.103029
5970,365.0,0,210.783956
5971,365.0,0,
5972,365.0,0,
5973,365.0,0,
5974,365.0,0,8.6135
5975,365.0,0,78.453526
5976,365.0,0,
5977,365.0,0,
5978,365.0,0,47.705362
5979,365.0,0,334.612081
5980,365.0,0,
5981,365.0,0,
5982,365.0,0,
5983,79.884539,1,
5984,365.0,0,273.247165
5985,365.0,0,181.741369
5986,365.0,0,
5987,365.0,0,
5988,365.0,0,
5989,365.0,0,23.231075
5990,6.384259,1,
5991,365.0,0,111.677436
5992,365.0,0,323.133756
5993,365.0,0,
5994,365.0,0,
5995,35.936391,1,
5996,365.0,0,
5997,365.0,0,90.78254
5998,365.0,0,
5999,365.0,0,265.79117
