pid,sex,birth_year,elig_start,elig_end,death_date
10001,F,1962,2015-01-01,2022-12-31,
10002,M,1933,2015-01-01,2022-12-31,
10003,F,1940,2015-01-01,2022-12-31,
10004,M,1968,2015-01-01,2022-12-31,
10005,M,1940,2015-01-01,2022-12-31,
10006,M,1935,2015-01-01,2022-12-31,
10007,M,1959,2015-01-01,2022-12-31,
10008,M,1941,2015-01-01,2022-12-31,
10009,F,1961,2015-01-01,2022-12-31,
10010,M,1972,2015-01-01,2022-12-31,
10011,M,1953,2015-01-01,2022-12-31,
10012,F,1967,2015-01-01,2022-12-31,
10013,M,1969,2015-01-01,2022-12-31,
10014,M,1953,2015-01-01,2022-12-31,
10015,F,1966,2015-01-01,2022-12-31,
10016,M,1989,2015-01-01,2022-12-31,
10017,M,1949,2015-01-01,2022-12-31,
10018,M,1971,2015-01-01,2022-12-31,
10019,M,1960,2015-01-01,2022-12-31,
10020,M,1973,2015-01-01,2022-12-31,
10021,M,1949,2015-01-01,2022-12-31,
10022,M,1965,2015-01-01,2022-12-31,
10023,M,1950,2015-01-01,2022-12-31,
10024,F,1941,2015-01-01,2022-12-31,
10025,M,1939,2015-01-01,2022-12-31,
10026,F,1932,2015-01-01,2022-12-31,
10027,M,1964,2015-01-01,2022-12-31,
10028,M,1963,2015-01-01,2022-12-31,
10029,F,1960,2015-01-01,2022-12-31,
10030,M,1957,2015-01-01,2022-12-31,
10031,M,1978,2015-01-01,2022-12-31,
10032,M,1953,2015-01-01,2022-12-31,
10033,M,1942,2015-01-01,2022-12-31,
10034,F,1956,2015-01-01,2022-12-31,
10035,F,1976,2015-01-01,2022-12-31,
10036,M,1951,2015-01-01,2022-12-31,
10037,M,1956,2015-01-01,2022-12-31,
10038,M,1952,2015-01-01,2022-12-31,
10039,M,1957,2015-01-01,2022-12-31,
10040,M,1967,2015-01-01,2022-12-31,
10041,M,1958,2015-01-01,2022-12-31,
10042,F,1955,2015-01-01,2022-12-31,
10043,M,1955,2015-01-01,2022-12-31,
10044,F,1934,2015-01-01,2022-12-31,
10045,M,1965,2015-01-01,2022-12-31,
10046,M,1962,2015-01-01,2022-12-31,
10047,M,1934,2015-01-01,2022-12-31,
10048,F,1957,2015-01-01,2022-12-31,
10049,F,1960,2015-01-01,2022-12-31,
10050,M,1968,2015-01-01,2022-12-31,
10051,M,1969,2015-01-01,2022-10-25,2022-10-25
10052,F,1956,2015-01-01,2022-12-31,
10053,M,1954,2015-01-01,2022-12-31,
10054,M,1979,2015-01-01,2022-12-31,
10055,F,1947,2015-01-01,2022-12-31,
10056,F,1980,2015-01-01,2022-12-31,
10057,M,1953,2015-01-01,2022-12-31,
10058,F,1952,2015-01-01,2022-12-31,
10059,M,1964,2015-01-01,2022-12-31,
10060,F,1973,2015-01-01,2022-12-31,
10061,F,1966,2015-01-01,2022-12-31,
10062,M,1956,2015-01-01,2022-12-31,
10063,M,1957,2015-01-01,2022-12-31,
10064,F,1978,2015-01-01,2022-12-31,
10065,F,1923,2015-01-01,2022-12-31,
10066,M,1963,2015-01-01,2022-12-31,
10067,F,1941,2015-01-01,2022-12-31,
10068,F,1944,2015-01-01,2022-12-31,
10069,F,1951,2015-01-01,2022-12-31,
10070,M,1974,2015-01-01,2022-12-31,
10071,F,1966,2015-01-01,2022-12-31,
10072,F,1936,2015-01-01,2022-12-31,
10073,M,1942,2015-01-01,2022-12-31,
10074,F,1951,2015-01-01,2022-12-31,
10075,M,1973,2015-01-01,2022-12-31,
10076,F,1949,2015-01-01,2022-12-31,
10077,F,1972,2015-01-01,2022-12-31,
10078,M,1958,2015-01-01,2022-12-31,
10079,F,1955,2015-01-01,2022-12-31,
10080,F,1963,2015-01-01,2022-12-31,
10081,M,1933,2015-01-01,2022-12-31,
10082,M,1976,2015-01-01,2022-12-31,
10083,F,1977,2015-01-01,2022-12-31,
10084,F,1953,2015-01-01,2022-12-31,
10085,M,1962,2015-01-01,2022-12-31,
10086,M,1955,2015-01-01,2022-12-31,
10087,F,1967,2015-01-01,2022-12-31,
10088,F,1960,2015-01-01,2022-12-31,
10089,F,1952,2015-01-01,2022-12-31,
10090,M,1975,2015-01-01,2022-12-31,
10091,F,1977,2015-01-01,2022-12-31,
10092,M,1941,2015-01-01,2022-12-31,
10093,F,1951,2015-01-01,2022-12-31,
10094,F,1938,2015-01-01,2022-12-31,
10095,M,1952,2015-01-01,2022-12-31,
10096,M,1966,2015-01-01,2022-12-31,
10097,F,1951,2015-01-01,2022-12-31,
10098,F,1956,2015-01-01,2022-12-31,
10099,F,1964,2015-01-01,2022-12-31,
10100,M,1953,2015-01-01,2022-12-31,
10101,M,1975,2015-01-01,2022-12-31,
10102,M,1978,2015-01-01,2022-12-31,
10103,M,1952,2015-01-01,2022-12-31,
10104,M,1975,2015-01-01,2022-12-31,
10105,M,1936,2015-01-01,2022-12-31,
10106,M,1953,2015-01-01,2022-12-31,
10107,M,1967,2015-01-01,2022-12-31,
10108,F,1976,2015-01-01,2022-12-31,
10109,M,1964,2015-01-01,2022-12-31,
10110,F,1934,2015-01-01,2022-12-31,
10111,M,1959,2015-01-01,2022-12-31,
10112,M,1960,2015-01-01,2022-12-31,
10113,F,1930,2015-01-01,2021-10-21,2021-10-21
10114,M,1938,2015-01-01,2022-12-31,
10115,M,1971,2015-01-01,2022-12-31,
10116,F,1948,2015-01-01,2022-12-31,
10117,M,1979,2015-01-01,2022-12-31,
10118,F,1946,2015-01-01,2022-12-31,
10119,M,1954,2015-01-01,2022-12-31,
10120,F,1966,2015-01-01,2022-12-31,
10121,M,1965,2015-01-01,2022-12-31,
10122,M,1962,2015-01-01,2022-12-31,
10123,M,1960,2015-01-01,2022-12-31,
10124,M,1941,2015-01-01,2022-12-31,
10125,F,1938,2015-01-01,2022-12-31,
10126,M,1948,2015-01-01,2022-12-31,
10127,M,1982,2015-01-01,2022-12-31,
10128,M,1943,2015-01-01,2022-12-31,
10129,F,1960,2015-01-01,2022-12-31,
10130,M,1953,2015-01-01,2022-12-31,
10131,M,1973,2015-01-01,2022-12-31,
10132,F,1977,2015-01-01,2022-12-31,
10133,F,1940,2015-01-01,2022-12-31,
10134,M,1948,2015-01-01,2022-09-05,2022-09-05
10135,M,1943,2015-01-01,2022-12-31,
10136,M,1972,2015-01-01,2022-12-31,
10137,M,1986,2015-01-01,2022-12-31,
10138,M,1952,2015-01-01,2022-12-31,
10139,M,1937,2015-01-01,2022-12-31,
10140,M,1969,2015-01-01,2022-12-31,
10141,F,1965,2015-01-01,2022-12-31,
10142,M,1968,2015-01-01,2022-12-31,
10143,F,1951,2015-01-01,2022-12-31,
10144,M,1925,2015-01-01,2022-12-31,
10145,M,1962,2015-01-01,2022-12-31,
10146,M,1932,2015-01-01,2022-12-31,
10147,M,1969,2015-01-01,2022-12-31,
10148,M,1964,2015-01-01,2022-12-31,
10149,F,1958,2015-01-01,2022-12-31,
10150,M,1969,2015-01-01,2022-12-31,
10151,F,1973,2015-01-01,2017-11-19,2017-11-19
10152,F,1938,2015-01-01,2022-12-31,
10153,M,1945,2015-01-01,2022-12-31,
10154,F,1946,2015-01-01,2022-12-31,
10155,F,1944,2015-01-01,2022-12-31,
10156,F,1985,2015-01-01,2022-12-31,
10157,F,1945,2015-01-01,2022-12-31,
10158,M,1964,2015-01-01,2022-12-31,
10159,M,1954,2015-01-01,2022-12-31,
10160,M,1971,2015-01-01,2022-12-31,
10161,F,1975,2015-01-01,2022-12-31,
10162,M,1952,2015-01-01,2022-12-31,
10163,F,1954,2015-01-01,2022-12-31,
10164,M,1941,2015-01-01,2022-12-31,
10165,F,1971,2015-01-01,2022-12-31,
10166,M,1962,2015-01-01,2022-12-31,
10167,F,1939,2015-01-01,2022-12-31,
10168,F,1961,2015-01-01,2022-12-31,
10169,F,1957,2015-01-01,2022-12-31,
10170,F,1967,2015-01-01,2022-12-31,
10171,M,1954,2015-01-01,2022-12-31,
10172,M,1955,2015-01-01,2022-12-31,
10173,M,1945,2015-01-01,2022-12-31,
10174,M,1943,2015-01-01,2022-12-31,
10175,M,1944,2015-01-01,2022-12-31,
10176,M,1957,2015-01-01,2022-12-31,
10177,M,1954,2015-01-01,2022-12-31,
10178,F,1965,2015-01-01,2022-12-31,
10179,F,1936,2015-01-01,2022-12-31,
10180,M,1957,2015-01-01,2022-12-31,
10181,M,1971,2015-01-01,2022-12-31,
10182,M,1957,2015-01-01,2022-12-31,
10183,F,1959,2015-01-01,2018-08-31,2018-08-31
10184,F,1948,2015-01-01,2022-12-31,
10185,M,1976,2015-01-01,2022-12-31,
10186,M,1948,2015-01-01,2022-12-31,
10187,F,1935,2015-01-01,2022-12-31,
10188,M,1957,2015-01-01,2022-12-31,
10189,M,1952,2015-01-01,2022-12-31,
10190,F,1966,2015-01-01,2022-12-31,
10191,M,1961,2015-01-01,2022-12-31,
10192,F,1965,2015-01-01,2022-12-31,
10193,M,1986,2015-01-01,2022-12-31,
10194,M,1950,2015-01-01,2022-12-31,
10195,F,1962,2015-01-01,2022-12-31,
10196,F,1958,2015-01-01,2021-04-03,2021-04-03
10197,M,1958,2015-01-01,2022-12-31,
10198,F,1960,2015-01-01,2022-12-31,
10199,M,1976,2015-01-01,2022-12-31,
10200,M,1960,2015-01-01,2022-12-31,
10201,M,1984,2015-01-01,2022-12-31,
10202,M,1967,2015-01-01,2022-12-31,
10203,F,1954,2015-01-01,2020-05-20,2020-05-20
10204,M,1959,2015-01-01,2022-12-31,
10205,F,1962,2015-01-01,2022-12-31,
10206,F,1966,2015-01-01,2022-12-31,
10207,F,1956,2015-01-01,2022-12-31,
10208,M,1964,2015-01-01,2022-12-31,
10209,F,1949,2015-01-01,2022-12-31,
10210,M,1960,2015-01-01,2022-12-31,
10211,M,1948,2015-01-01,2022-12-31,
10212,F,1953,2015-01-01,2022-12-31,
10213,F,1951,2015-01-01,2022-12-31,
10214,F,1944,2015-01-01,2022-12-31,
10215,M,1944,2015-01-01,2022-12-31,
10216,F,1980,2015-01-01,2022-12-31,
10217,M,1952,2015-01-01,2022-12-31,
10218,F,1942,2015-01-01,2022-12-31,
10219,F,1961,2015-01-01,2022-12-31,
10220,F,1955,2015-01-01,2022-12-31,
10221,F,1971,2015-01-01,2022-12-31,
10222,F,1926,2015-01-01,2022-12-31,
10223,F,1942,2015-01-01,2022-12-31,
10224,M,1938,2015-01-01,2016-02-28,2016-02-28
10225,M,1963,2015-01-01,2018-11-20,2018-11-20
10226,M,1990,2015-01-01,2022-12-31,
10227,F,1944,2015-01-01,2022-12-31,
10228,M,1960,2015-01-01,2022-12-31,
10229,F,1959,2015-01-01,2022-12-31,
10230,F,1948,2015-01-01,2022-12-31,
10231,M,1961,2015-01-01,2022-12-31,
10232,F,1967,2015-01-01,2022-12-31,
10233,M,1957,2015-01-01,2022-12-31,
10234,M,1952,2015-01-01,2022-12-31,
10235,M,1982,2015-01-01,2022-12-31,
10236,M,1946,2015-01-01,2022-12-31,
10237,F,1946,2015-01-01,2022-12-31,
10238,M,1968,2015-01-01,2022-12-31,
10239,F,1944,2015-01-01,2022-12-31,
10240,F,1957,2015-01-01,2022-12-31,
10241,F,1952,2015-01-01,2022-12-31,
10242,F,1968,2015-01-01,2022-12-31,
10243,M,1942,2015-01-01,2021-01-17,2021-01-17
10244,F,1952,2015-01-01,2022-12-31,
10245,F,1972,2015-01-01,2022-12-31,
10246,F,1941,2015-01-01,2022-12-31,
10247,F,1963,2015-01-01,2022-12-31,
10248,M,1933,2015-01-01,2022-12-31,
10249,M,1966,2015-01-01,2022-12-31,
10250,F,1959,2015-01-01,2022-12-31,
10251,M,1943,2015-01-01,2022-12-31,
10252,M,1963,2015-01-01,2022-12-31,
10253,M,1967,2015-01-01,2022-12-31,
10254,F,1951,2015-01-01,2022-12-31,
10255,F,1944,2015-01-01,2022-12-31,
10256,M,1939,2015-01-01,2022-12-31,
10257,M,1944,2015-01-01,2022-12-31,
10258,F,1965,2015-01-01,2022-12-31,
10259,F,1943,2015-01-01,2022-12-31,
10260,M,1957,2015-01-01,2022-12-31,
10261,F,1945,2015-01-01,2022-12-31,
10262,M,1949,2015-01-01,2022-12-31,
10263,M,1965,2015-01-01,2022-12-31,
10264,M,1962,2015-01-01,2022-12-31,
10265,F,1936,2015-01-01,2017-01-22,2017-01-22
10266,F,1952,2015-01-01,2022-12-31,
10267,F,1952,2015-01-01,2022-12-31,
10268,M,1945,2015-01-01,2022-12-31,
10269,M,1975,2015-01-01,2022-12-31,
10270,M,1949,2015-01-01,2022-12-31,
10271,F,1958,2015-01-01,2022-12-31,
10272,F,1963,2015-01-01,2022-12-31,
10273,M,1966,2015-01-01,2022-12-31,
10274,M,1947,2015-01-01,2022-12-31,
10275,M,1939,2015-01-01,2022-12-31,
10276,F,1955,2015-01-01,2022-12-31,
10277,F,2002,2015-01-01,2022-12-31,
10278,M,1946,2015-01-01,2022-12-31,
10279,F,1962,2015-01-01,2022-12-31,
10280,M,1956,2015-01-01,2022-12-31,
10281,M,1948,2015-01-01,2022-12-31,
10282,M,1975,2015-01-01,2022-12-31,
10283,F,1964,2015-01-01,2022-12-31,
10284,F,1971,2015-01-01,2019-09-21,2019-09-21
10285,M,1963,2015-01-01,2022-12-31,
10286,F,1950,2015-01-01,2022-12-31,
10287,F,1948,2015-01-01,2022-12-31,
10288,F,1940,2015-01-01,2016-12-26,2016-12-26
10289,F,1955,2015-01-01,2022-12-31,
10290,F,1979,2015-01-01,2022-12-31,
10291,F,1938,2015-01-01,2022-09-10,2022-09-10
10292,M,1967,2015-01-01,2022-12-31,
10293,F,1949,2015-01-01,2022-12-31,
10294,F,1949,2015-01-01,2022-12-31,
10295,M,1961,2015-01-01,2022-12-31,
10296,M,1972,2015-01-01,2022-12-31,
10297,M,1967,2015-01-01,2022-12-31,
10298,M,1957,2015-01-01,2022-12-31,
10299,F,1961,2015-01-01,2022-12-31,
10300,F,1952,2015-01-01,2022-12-31,
10301,F,1958,2015-01-01,2022-12-31,
10302,F,1969,2015-01-01,2022-12-31,
10303,M,1961,2015-01-01,2022-12-31,
10304,F,1977,2015-01-01,2022-12-31,
10305,F,1959,2015-01-01,2022-12-31,
10306,M,1951,2015-01-01,2022-12-31,
10307,F,1967,2015-01-01,2022-12-31,
10308,F,1969,2015-01-01,2022-12-31,
10309,M,1958,2015-01-01,2022-12-31,
10310,F,1946,2015-01-01,2022-12-31,
10311,F,1930,2015-01-01,2022-12-31,
10312,M,1966,2015-01-01,2022-12-31,
10313,F,1956,2015-01-01,2022-12-31,
10314,F,1955,2015-01-01,2022-12-31,
10315,F,1966,2015-01-01,2022-12-31,
10316,F,1965,2015-01-01,2022-12-31,
10317,M,1938,2015-01-01,2022-12-31,
10318,F,1958,2015-01-01,2022-12-31,
10319,F,1956,2015-01-01,2022-12-31,
10320,F,1946,2015-01-01,2022-12-31,
10321,F,1948,2015-01-01,2022-12-31,
10322,F,1953,2015-01-01,2022-12-31,
10323,M,1932,2015-01-01,2022-12-31,
10324,F,1972,2015-01-01,2022-12-31,
10325,M,1941,2015-01-01,2022-12-31,
10326,M,1962,2015-01-01,2022-12-31,
10327,F,1988,2015-01-01,2022-12-31,
10328,M,1948,2015-01-01,2022-12-31,
10329,F,1958,2015-01-01,2022-12-31,
10330,M,1969,2015-01-01,2022-12-31,
10331,M,1954,2015-01-01,2022-12-31,
10332,F,1957,2015-01-01,2022-12-31,
10333,M,1962,2015-01-01,2022-12-31,
10334,M,1968,2015-01-01,2022-12-31,
10335,M,1928,2015-01-01,2022-10-12,2022-10-12
10336,F,1965,2015-01-01,2022-12-31,
10337,F,1965,2015-01-01,2022-12-31,
10338,M,1958,2015-01-01,2022-12-31,
10339,M,1940,2015-01-01,2022-12-31,
10340,F,1978,2015-01-01,2022-12-31,
10341,F,1940,2015-01-01,2022-12-31,
10342,F,1968,2015-01-01,2022-12-31,
10343,M,1963,2015-01-01,2022-12-31,
10344,M,1967,2015-01-01,2022-12-31,
10345,M,1969,2015-01-01,2022-12-31,
10346,M,1937,2015-01-01,2022-12-31,
10347,F,1976,2015-01-01,2022-12-31,
10348,F,1960,2015-01-01,2022-12-31,
10349,M,1967,2015-01-01,2022-12-31,
10350,F,1939,2015-01-01,2022-12-31,
10351,F,1950,2015-01-01,2022-12-31,
10352,F,1958,2015-01-01,2022-12-31,
10353,F,1974,2015-01-01,2022-12-31,
10354,F,1943,2015-01-01,2022-12-31,
10355,M,1955,2015-01-01,2022-12-31,
10356,F,1953,2015-01-01,2022-12-31,
10357,F,1952,2015-01-01,2022-12-31,
10358,M,1939,2015-01-01,2017-07-26,2017-07-26
10359,F,1981,2015-01-01,2022-12-31,
10360,M,1946,2015-01-01,2022-12-31,
10361,F,1959,2015-01-01,2022-12-31,
10362,F,1955,2015-01-01,2022-12-31,
10363,M,1922,2015-01-01,2022-12-31,
10364,F,1930,2015-01-01,2022-12-31,
10365,M,1961,2015-01-01,2022-12-31,
10366,M,1959,2015-01-01,2022-12-31,
10367,M,1935,2015-01-01,2022-12-31,
10368,F,1935,2015-01-01,2022-12-31,
10369,F,1967,2015-01-01,2022-12-31,
10370,F,1956,2015-01-01,2022-12-31,
10371,M,1940,2015-01-01,2022-12-31,
10372,M,1959,2015-01-01,2022-12-31,
10373,M,1958,2015-01-01,2022-12-31,
10374,F,1968,2015-01-01,2022-12-31,
10375,M,1936,2015-01-01,2022-12-31,
10376,F,1958,2015-01-01,2022-12-31,
10377,F,1970,2015-01-01,2022-12-31,
10378,F,1969,2015-01-01,2022-12-31,
10379,M,1953,2015-01-01,2022-12-31,
10380,F,1953,2015-01-01,2022-12-31,
10381,M,1944,2015-01-01,2022-12-31,
10382,M,1950,2015-01-01,2022-12-31,
10383,M,1957,2015-01-01,2022-12-31,
10384,F,1951,2015-01-01,2022-12-31,
10385,F,1966,2015-01-01,2022-12-31,
10386,M,1955,2015-01-01,2022-12-31,
10387,M,1971,2015-01-01,2022-12-31,
10388,M,1958,2015-01-01,2022-12-31,
10389,M,1966,2015-01-01,2022-12-31,
10390,M,1961,2015-01-01,2022-12-31,
10391,M,1964,2015-01-01,2022-12-31,
10392,F,1956,2015-01-01,2022-12-31,
10393,F,1946,2015-01-01,2022-12-31,
10394,F,1949,2015-01-01,2022-12-31,
10395,M,1961,2015-01-01,2022-12-31,
10396,M,1966,2015-01-01,2022-12-31,
10397,M,1948,2015-01-01,2022-12-31,
10398,M,1947,2015-01-01,2022-12-31,
10399,F,1946,2015-01-01,2022-12-31,
10400,M,1961,2015-01-01,2022-12-31,
10401,M,1952,2015-01-01,2022-12-31,
10402,M,1950,2015-01-01,2022-12-31,
10403,F,1934,2015-01-01,2022-12-31,
10404,F,1964,2015-01-01,2022-12-31,
10405,M,1949,2015-01-01,2022-12-31,
10406,F,1956,2015-01-01,2022-12-31,
10407,M,1959,2015-01-01,2022-12-31,
10408,M,1931,2015-01-01,2022-12-31,
10409,F,1963,2015-01-01,2022-12-31,
10410,M,1940,2015-01-01,2022-12-31,
10411,M,1923,2015-01-01,2022-12-31,
10412,M,1954,2015-01-01,2022-12-31,
10413,M,1959,2015-01-01,2022-12-31,
10414,F,1962,2015-01-01,2018-06-08,2018-06-08
10415,F,1958,2015-01-01,2022-12-31,
10416,M,1957,2015-01-01,2022-12-31,
10417,F,1939,2015-01-01,2022-12-31,
10418,M,1935,2015-01-01,2022-12-31,
10419,M,1958,2015-01-01,2022-12-31,
10420,F,1963,2015-01-01,2022-12-31,
10421,F,1957,2015-01-01,2022-12-31,
10422,F,1959,2015-01-01,2022-12-31,
10423,M,1957,2015-01-01,2022-12-31,
10424,M,1957,2015-01-01,2022-12-31,
10425,F,1959,2015-01-01,2022-12-31,
10426,M,1958,2015-01-01,2022-12-31,
10427,F,1959,2015-01-01,2017-11-13,2017-11-13
10428,M,1936,2015-01-01,2022-12-31,
10429,F,1970,2015-01-01,2022-12-31,
10430,F,1964,2015-01-01,2022-12-31,
10431,M,1958,2015-01-01,2022-12-31,
10432,M,1952,2015-01-01,2022-12-31,
10433,F,1969,2015-01-01,2022-12-31,
10434,F,1942,2015-01-01,2022-12-31,
10435,M,1959,2015-01-01,2022-12-31,
10436,M,1936,2015-01-01,2022-12-31,
10437,M,1963,2015-01-01,2022-12-31,
10438,M,1959,2015-01-01,2022-12-31,
10439,F,1964,2015-01-01,2022-12-31,
10440,F,1971,2015-01-01,2022-12-31,
10441,F,1980,2015-01-01,2022-12-31,
10442,F,1958,2015-01-01,2022-12-31,
10443,F,1982,2015-01-01,2022-12-31,
10444,M,1952,2015-01-01,2022-12-31,
10445,M,1950,2015-01-01,2022-12-31,
10446,F,1965,2015-01-01,2022-12-31,
10447,F,1966,2015-01-01,2022-12-31,
10448,M,1933,2015-01-01,2017-10-22,2017-10-22
10449,F,1953,2015-01-01,2022-12-31,
10450,F,1945,2015-01-01,2022-12-31,
10451,M,1969,2015-01-01,2018-06-14,2018-06-14
10452,F,1946,2015-01-01,2022-12-31,
10453,M,1949,2015-01-01,2020-02-21,2020-02-21
10454,M,1941,2015-01-01,2022-12-31,
10455,M,1965,2015-01-01,2022-12-31,
10456,F,1963,2015-01-01,2022-12-31,
10457,M,1966,2015-01-01,2022-12-31,
10458,F,1950,2015-01-01,2022-12-31,
10459,M,1944,2015-01-01,2022-12-31,
10460,M,1952,2015-01-01,2022-12-31,
10461,M,1926,2015-01-01,2022-12-31,
10462,F,1982,2015-01-01,2022-12-31,
10463,M,1955,2015-01-01,2022-12-31,
10464,F,1933,2015-01-01,2022-12-31,
10465,M,1950,2015-01-01,2022-12-31,
10466,F,1949,2015-01-01,2022-12-31,
10467,F,1943,2015-01-01,2022-12-31,
10468,M,1946,2015-01-01,2022-12-31,
10469,F,1942,2015-01-01,2022-12-31,
10470,M,1965,2015-01-01,2022-12-31,
10471,F,1953,2015-01-01,2022-12-31,
10472,M,1959,2015-01-01,2022-12-31,
10473,F,1974,2015-01-01,2022-12-31,
10474,F,1951,2015-01-01,2022-12-31,
10475,F,1962,2015-01-01,2022-12-31,
10476,F,1960,2015-01-01,2022-12-31,
10477,M,1963,2015-01-01,2022-12-31,
10478,M,1942,2015-01-01,2022-12-31,
10479,M,1960,2015-01-01,2017-11-29,2017-11-29
10480,M,1966,2015-01-01,2022-12-31,
10481,M,1952,2015-01-01,2022-12-31,
10482,F,1957,2015-01-01,2022-12-31,
10483,M,1962,2015-01-01,2022-12-31,
10484,M,1965,2015-01-01,2022-12-31,
10485,M,1960,2015-01-01,2022-12-31,
10486,F,1948,2015-01-01,2022-12-31,
10487,M,1942,2015-01-01,2022-12-31,
10488,F,1963,2015-01-01,2022-12-31,
10489,M,1969,2015-01-01,2022-12-31,
10490,F,1949,2015-01-01,2022-12-31,
10491,F,1966,2015-01-01,2022-12-31,
10492,F,1956,2015-01-01,2022-12-31,
10493,M,1977,2015-01-01,2022-12-31,
10494,F,1952,2015-01-01,2022-12-31,
10495,F,1963,2015-01-01,2022-12-31,
10496,M,1959,2015-01-01,2022-12-31,
10497,F,1951,2015-01-01,2022-12-31,
10498,M,1976,2015-01-01,2022-12-31,
10499,F,1962,2015-01-01,2022-12-31,
10500,F,1967,2015-01-01,2022-12-31,
10501,M,1959,2015-01-01,2022-12-31,
10502,M,1964,2015-01-01,2022-12-31,
10503,M,1965,2015-01-01,2022-12-31,
10504,F,1968,2015-01-01,2022-12-31,
10505,M,1963,2015-01-01,2022-12-31,
10506,F,1951,2015-01-01,2022-12-31,
10507,M,1968,2015-01-01,2022-12-31,
10508,M,1950,2015-01-01,2022-12-31,
10509,M,1953,2015-01-01,2022-12-31,
10510,F,1949,2015-01-01,2022-12-31,
10511,M,1952,2015-01-01,2022-12-31,
10512,M,1947,2015-01-01,2022-12-31,
10513,F,1945,2015-01-01,2022-12-31,
10514,M,1978,2015-01-01,2022-12-31,
10515,M,1955,2015-01-01,2022-12-31,
10516,M,1946,2015-01-01,2022-12-31,
10517,F,1946,2015-01-01,2022-12-31,
10518,F,1971,2015-01-01,2022-12-31,
10519,M,1970,2015-01-01,2022-12-31,
10520,M,1952,2015-01-01,2022-12-31,
10521,M,1965,2015-01-01,2022-12-31,
10522,M,1967,2015-01-01,2022-12-31,
10523,M,1962,2015-01-01,2022-12-31,
10524,F,1954,2015-01-01,2022-12-31,
10525,M,1949,2015-01-01,2022-12-31,
10526,F,1959,2015-01-01,2022-12-31,
10527,M,1959,2015-01-01,2022-12-31,
10528,M,1950,2015-01-01,2022-12-31,
10529,F,1967,2015-01-01,2022-12-31,
10530,M,1955,2015-01-01,2022-12-31,
10531,F,1951,2015-01-01,2022-12-31,
10532,F,1959,2015-01-01,2022-12-31,
10533,F,1981,2015-01-01,2022-12-31,
10534,M,1946,2015-01-01,2022-02-24,2022-02-24
10535,M,1956,2015-01-01,2022-12-31,
10536,F,1952,2015-01-01,2022-12-31,
10537,M,1922,2015-01-01,2022-12-31,
10538,M,1988,2015-01-01,2022-12-31,
10539,M,1967,2015-01-01,2022-12-31,
10540,F,1945,2015-01-01,2022-12-31,
10541,M,1954,2015-01-01,2022-12-31,
10542,M,1942,2015-01-01,2022-12-31,
10543,M,1977,2015-01-01,2022-12-31,
10544,M,1948,2015-01-01,2022-12-31,
10545,F,1960,2015-01-01,2022-12-31,
10546,F,1942,2015-01-01,2022-12-31,
10547,M,1959,2015-01-01,2022-12-31,
10548,M,1987,2015-01-01,2022-12-31,
10549,F,1950,2015-01-01,2022-12-31,
10550,M,1943,2015-01-01,2022-12-31,
10551,F,1962,2015-01-01,2022-12-31,
10552,M,1924,2015-01-01,2022-12-31,
10553,M,1965,2015-01-01,2022-12-31,
10554,F,1954,2015-01-01,2022-12-31,
10555,M,1951,2015-01-01,2022-12-31,
10556,M,1954,2015-01-01,2022-12-31,
10557,M,1935,2015-01-01,2022-12-31,
10558,F,1963,2015-01-01,2022-12-31,
10559,M,1976,2015-01-01,2022-12-31,
10560,F,1970,2015-01-01,2022-12-31,
10561,F,1965,2015-01-01,2022-12-31,
10562,M,1963,2015-01-01,2022-12-31,
10563,F,1954,2015-01-01,2022-12-31,
10564,F,1991,2015-01-01,2022-12-31,
10565,M,1951,2015-01-01,2022-12-31,
10566,F,1974,2015-01-01,2022-12-31,
10567,M,1978,2015-01-01,2022-12-31,
10568,M,1950,2015-01-01,2022-12-31,
10569,F,1957,2015-01-01,2022-12-31,
10570,F,1959,2015-01-01,2022-12-31,
10571,M,1949,2015-01-01,2022-12-31,
10572,F,1946,2015-01-01,2022-12-31,
10573,M,1970,2015-01-01,2022-12-31,
10574,F,1951,2015-01-01,2022-12-31,
10575,M,1973,2015-01-01,2022-12-31,
10576,F,1923,2015-01-01,2019-05-02,2019-05-02
10577,F,1984,2015-01-01,2022-12-31,
10578,F,1970,2015-01-01,2022-12-31,
10579,M,1974,2015-01-01,2022-12-31,
10580,M,1944,2015-01-01,2022-12-31,
10581,M,1956,2015-01-01,2022-12-31,
10582,F,1975,2015-01-01,2022-12-31,
10583,M,1969,2015-01-01,2022-12-31,
10584,F,1970,2015-01-01,2022-12-31,
10585,M,1950,2015-01-01,2022-12-31,
10586,F,1952,2015-01-01,2022-12-31,
10587,M,1945,2015-01-01,2022-12-31,
10588,M,1948,2015-01-01,2022-12-31,
10589,M,1967,2015-01-01,2022-12-31,
10590,M,1950,2015-01-01,2022-12-31,
10591,M,1944,2015-01-01,2022-12-31,
10592,F,1943,2015-01-01,2022-12-31,
10593,F,1972,2015-01-01,2022-12-31,
10594,M,1971,2015-01-01,2022-12-31,
10595,F,1952,2015-01-01,2022-12-31,
10596,F,1954,2015-01-01,2022-12-31,
10597,M,1967,2015-01-01,2022-12-31,
10598,M,1977,2015-01-01,2022-12-31,
10599,F,1943,2015-01-01,2022-12-31,
10600,M,1945,2015-01-01,2022-12-31,
10601,F,1962,2015-01-01,2022-12-31,
10602,F,1935,2015-01-01,2022-12-31,
10603,F,1976,2015-01-01,2022-12-31,
10604,M,1982,2015-01-01,2022-12-31,
10605,F,1963,2015-01-01,2022-12-31,
10606,F,1958,2015-01-01,2022-12-31,
10607,M,1940,2015-01-01,2022-12-31,
10608,M,1973,2015-01-01,2022-12-31,
10609,F,1939,2015-01-01,2022-12-31,
10610,M,1951,2015-01-01,2022-12-31,
10611,M,1963,2015-01-01,2022-12-31,
10612,F,1955,2015-01-01,2022-12-31,
10613,M,1952,2015-01-01,2022-12-31,
10614,F,1965,2015-01-01,2022-12-31,
10615,F,1964,2015-01-01,2022-12-31,
10616,M,1938,2015-01-01,2022-12-31,
10617,F,1968,2015-01-01,2022-12-31,
10618,M,1957,2015-01-01,2022-12-31,
10619,M,1931,2015-01-01,2019-05-07,2019-05-07
10620,M,1959,2015-01-01,2022-12-31,
10621,M,1959,2015-01-01,2022-12-31,
10622,M,1985,2015-01-01,2022-12-31,
10623,M,1961,2015-01-01,2022-12-31,
10624,F,1995,2015-01-01,2022-12-31,
10625,F,1979,2015-01-01,2022-12-31,
10626,F,1962,2015-01-01,2022-12-31,
10627,F,1936,2015-01-01,2022-12-31,
10628,F,1956,2015-01-01,2022-12-31,
10629,F,1960,2015-01-01,2022-12-31,
10630,M,1958,2015-01-01,2022-12-31,
10631,M,1935,2015-01-01,2021-07-02,2021-07-02
10632,F,1960,2015-01-01,2022-12-31,
10633,M,1971,2015-01-01,2022-12-31,
10634,F,1954,2015-01-01,2022-12-31,
10635,M,1971,2015-01-01,2022-12-31,
10636,F,1981,2015-01-01,2022-12-31,
10637,F,1952,2015-01-01,2022-12-31,
10638,M,1955,2015-01-01,2020-09-09,2020-09-09
10639,F,1968,2015-01-01,2022-12-31,
10640,M,1962,2015-01-01,2022-12-31,
10641,F,1939,2015-01-01,2022-12-31,
10642,M,1960,2015-01-01,2022-12-31,
10643,M,1950,2015-01-01,2022-12-31,
10644,M,1940,2015-01-01,2022-12-31,
10645,M,1968,2015-01-01,2022-12-31,
10646,M,1948,2015-01-01,2022-12-31,
10647,F,1985,2015-01-01,2022-12-31,
10648,F,1941,2015-01-01,2022-05-18,2022-05-18
10649,M,1973,2015-01-01,2022-12-31,
10650,M,1954,2015-01-01,2022-12-31,
10651,F,1931,2015-01-01,2022-12-31,
10652,M,1935,2015-01-01,2022-12-31,
10653,M,1959,2015-01-01,2022-12-31,
10654,M,1948,2015-01-01,2022-12-31,
10655,F,1969,2015-01-01,2022-12-31,
10656,F,1944,2015-01-01,2022-12-31,
10657,F,1964,2015-01-01,2022-12-31,
10658,M,1970,2015-01-01,2022-12-31,
10659,F,1938,2015-01-01,2022-12-31,
10660,M,1962,2015-01-01,2022-12-31,
10661,M,1959,2015-01-01,2022-12-31,
10662,F,1967,2015-01-01,2022-12-31,
10663,M,1966,2015-01-01,2022-12-31,
10664,M,1943,2015-01-01,2022-12-31,
10665,F,1955,2015-01-01,2022-12-31,
10666,M,1942,2015-01-01,2022-12-31,
10667,M,1972,2015-01-01,2022-12-31,
10668,M,1960,2015-01-01,2022-12-31,
10669,F,1941,2015-01-01,2022-12-31,
10670,M,1966,2015-01-01,2022-12-31,
10671,F,1959,2015-01-01,2022-12-31,
10672,M,1951,2015-01-01,2022-12-31,
10673,M,1958,2015-01-01,2022-12-31,
10674,F,1936,2015-01-01,2022-12-31,
10675,F,1935,2015-01-01,2022-12-31,
10676,M,1960,2015-01-01,2022-12-31,
10677,M,1953,2015-01-01,2022-12-31,
10678,M,1964,2015-01-01,2022-12-31,
10679,F,1972,2015-01-01,2022-12-31,
10680,M,1946,2015-01-01,2022-12-31,
10681,F,1948,2015-01-01,2022-12-31,
10682,M,1958,2015-01-01,2022-12-31,
10683,F,1945,2015-01-01,2022-12-31,
10684,F,1961,2015-01-01,2022-12-31,
10685,M,1984,2015-01-01,2022-12-31,
10686,F,1960,2015-01-01,2022-12-31,
10687,F,1961,2015-01-01,2022-12-31,
10688,M,1946,2015-01-01,2022-12-31,
10689,F,1958,2015-01-01,2022-12-31,
10690,M,1926,2015-01-01,2022-12-31,
10691,M,1972,2015-01-01,2022-12-31,
10692,M,1930,2015-01-01,2022-12-31,
10693,F,1952,2015-01-01,2022-12-31,
10694,M,1956,2015-01-01,2022-12-31,
10695,F,1964,2015-01-01,2022-12-31,
10696,F,1973,2015-01-01,2022-12-31,
10697,M,1944,2015-01-01,2022-12-31,
10698,M,1965,2015-01-01,2022-12-31,
10699,M,1953,2015-01-01,2022-12-31,
10700,M,1938,2015-01-01,2022-12-31,
10701,F,1923,2015-01-01,2022-12-31,
10702,F,1960,2015-01-01,2022-12-31,
10703,M,1944,2015-01-01,2022-12-31,
10704,M,1975,2015-01-01,2022-12-31,
10705,M,1967,2015-01-01,2022-12-31,
10706,F,1960,2015-01-01,2022-12-31,
10707,M,1958,2015-01-01,2019-11-23,2019-11-23
10708,M,1944,2015-01-01,2022-12-31,
10709,M,1957,2015-01-01,2022-12-31,
10710,M,1986,2015-01-01,2022-12-31,
10711,M,1956,2015-01-01,2022-12-31,
10712,F,1960,2015-01-01,2022-12-31,
10713,M,1978,2015-01-01,2022-12-31,
10714,M,1952,2015-01-01,2022-12-31,
10715,F,1957,2015-01-01,2022-12-31,
10716,M,1980,2015-01-01,2022-12-31,
10717,F,1975,2015-01-01,2022-12-31,
10718,F,1949,2015-01-01,2022-12-31,
10719,F,1957,2015-01-01,2022-12-31,
10720,M,1949,2015-01-01,2022-12-31,
10721,F,1963,2015-01-01,2022-12-31,
10722,F,1977,2015-01-01,2022-12-31,
10723,F,1953,2015-01-01,2022-12-31,
10724,M,1966,2015-01-01,2022-12-31,
10725,M,1969,2015-01-01,2022-12-31,
10726,M,1952,2015-01-01,2022-12-31,
10727,M,1951,2015-01-01,2022-12-31,
10728,F,1936,2015-01-01,2022-12-31,
10729,M,1959,2015-01-01,2022-12-31,
10730,F,1960,2015-01-01,2022-12-31,
10731,F,2003,2015-01-01,2022-12-31,
10732,F,1931,2015-01-01,2022-12-31,
10733,M,1952,2015-01-01,2022-12-31,
10734,M,1978,2015-01-01,2022-12-31,
10735,M,1984,2015-01-01,2022-12-31,
10736,M,1953,2015-01-01,2016-02-26,2016-02-26
10737,F,1975,2015-01-01,2022-12-31,
10738,F,1952,2015-01-01,2022-12-31,
10739,F,1975,2015-01-01,2022-12-31,
10740,F,1959,2015-01-01,2022-12-31,
10741,F,1954,2015-01-01,2022-12-31,
10742,M,1958,2015-01-01,2022-12-31,
10743,F,1939,2015-01-01,2022-12-31,
10744,F,1952,2015-01-01,2022-12-31,
10745,M,1962,2015-01-01,2022-12-31,
10746,M,1941,2015-01-01,2022-12-31,
10747,M,1957,2015-01-01,2022-12-31,
10748,F,1946,2015-01-01,2022-12-31,
10749,M,1954,2015-01-01,2022-12-31,
10750,M,1961,2015-01-01,2022-12-31,
10751,M,1941,2015-01-01,2022-12-31,
10752,F,1954,2015-01-01,2022-12-31,
10753,F,1959,2015-01-01,2022-12-31,
10754,M,1968,2015-01-01,2022-12-31,
10755,F,1954,2015-01-01,2022-12-31,
10756,F,1946,2015-01-01,2022-12-31,
10757,M,1964,2015-01-01,2022-12-31,
10758,F,1960,2015-01-01,2022-12-31,
10759,F,1967,2015-01-01,2022-12-31,
10760,F,1954,2015-01-01,2022-12-31,
10761,F,1941,2015-01-01,2022-12-31,
10762,M,1943,2015-01-01,2022-12-31,
10763,M,1950,2015-01-01,2022-12-31,
10764,M,1952,2015-01-01,2022-12-31,
10765,M,1957,2015-01-01,2022-12-31,
10766,F,1955,2015-01-01,2022-12-31,
10767,M,1923,2015-01-01,2022-12-31,
10768,F,1940,2015-01-01,2022-12-31,
10769,F,1955,2015-01-01,2022-12-31,
10770,F,1958,2015-01-01,2022-12-31,
10771,M,1981,2015-01-01,2022-12-31,
10772,F,1971,2015-01-01,2022-12-31,
10773,M,1957,2015-01-01,2022-12-31,
10774,M,1959,2015-01-01,2022-12-31,
10775,M,1966,2015-01-01,2022-12-31,
10776,F,1982,2015-01-01,2022-12-31,
10777,M,1943,2015-01-01,2022-12-31,
10778,M,1956,2015-01-01,2022-12-31,
10779,F,1951,2015-01-01,2022-12-31,
10780,F,1963,2015-01-01,2022-12-31,
10781,F,1967,2015-01-01,2022-12-31,
10782,M,1942,2015-01-01,2022-12-31,
10783,M,1948,2015-01-01,2022-12-31,
10784,F,1944,2015-01-01,2022-12-31,
10785,F,1942,2015-01-01,2022-12-31,
10786,M,1962,2015-01-01,2022-12-31,
10787,F,1957,2015-01-01,2022-12-31,
10788,F,1947,2015-01-01,2022-12-31,
10789,M,1957,2015-01-01,2022-12-31,
10790,F,1949,2015-01-01,2022-12-31,
10791,M,1938,2015-01-01,2022-12-31,
10792,M,1956,2015-01-01,2022-12-31,
10793,M,1973,2015-01-01,2022-12-31,
10794,M,1945,2015-01-01,2022-12-31,
10795,M,1974,2015-01-01,2022-12-31,
10796,M,1960,2015-01-01,2022-12-31,
10797,M,1947,2015-01-01,2022-12-31,
10798,F,1975,2015-01-01,2022-12-31,
10799,M,1969,2015-01-01,2022-12-31,
10800,M,1955,2015-01-01,2022-12-31,
10801,M,1969,2015-01-01,2022-12-31,
10802,M,1947,2015-01-01,2022-12-31,
10803,M,1976,2015-01-01,2022-12-31,
10804,M,1949,2015-01-01,2022-12-31,
10805,M,1957,2015-01-01,2022-12-31,
10806,M,1963,2015-01-01,2022-12-31,
10807,M,1953,2015-01-01,2022-12-31,
10808,F,1959,2015-01-01,2022-12-31,
10809,F,1922,2015-01-01,2017-11-08,2017-11-08
10810,M,1949,2015-01-01,2022-12-31,
10811,M,1960,2015-01-01,2022-12-31,
10812,F,1977,2015-01-01,2022-12-31,
10813,M,1949,2015-01-01,2022-12-31,
10814,M,1955,2015-01-01,2022-12-31,
10815,M,1958,2015-01-01,2022-12-31,
10816,M,1955,2015-01-01,2022-12-31,
10817,F,1959,2015-01-01,2022-12-31,
10818,F,1936,2015-01-01,2022-12-31,
10819,F,1964,2015-01-01,2022-12-31,
10820,F,1956,2015-01-01,2022-12-31,
10821,F,1953,2015-01-01,2022-12-31,
10822,M,1937,2015-01-01,2022-12-31,
10823,M,1956,2015-01-01,2022-12-31,
10824,F,1940,2015-01-01,2022-12-31,
10825,M,1934,2015-01-01,2022-12-31,
10826,M,1950,2015-01-01,2022-12-31,
10827,M,1947,2015-01-01,2022-12-31,
10828,F,1957,2015-01-01,2022-12-31,
10829,F,1972,2015-01-01,2022-12-31,
10830,M,1959,2015-01-01,2022-12-31,
10831,M,1954,2015-01-01,2022-12-31,
10832,M,1961,2015-01-01,2022-12-31,
10833,F,1967,2015-01-01,2022-12-31,
10834,M,1956,2015-01-01,2022-12-31,
10835,M,1957,2015-01-01,2022-12-31,
10836,M,1957,2015-01-01,2022-12-31,
10837,M,1972,2015-01-01,2022-12-31,
10838,F,1948,2015-01-01,2022-12-31,
10839,M,1954,2015-01-01,2022-12-31,
10840,F,1949,2015-01-01,2022-12-31,
10841,M,1944,2015-01-01,2022-12-31,
10842,M,1956,2015-01-01,2022-12-31,
10843,M,1952,2015-01-01,2022-12-31,
10844,F,1964,2015-01-01,2022-12-31,
10845,M,1951,2015-01-01,2022-12-31,
10846,M,1969,2015-01-01,2022-12-31,
10847,M,1953,2015-01-01,2022-12-31,
10848,F,1964,2015-01-01,2022-12-31,
10849,M,1937,2015-01-01,2022-12-31,
10850,F,1957,2015-01-01,2022-12-31,
10851,M,1969,2015-01-01,2022-12-31,
10852,F,1965,2015-01-01,2022-12-31,
10853,F,1961,2015-01-01,2022-12-31,
10854,M,1967,2015-01-01,2022-12-31,
10855,M,1941,2015-01-01,2022-12-31,
10856,F,1957,2015-01-01,2022-12-31,
10857,F,1956,2015-01-01,2022-12-31,
10858,M,1971,2015-01-01,2022-12-31,
10859,M,1952,2015-01-01,2022-12-31,
10860,M,1941,2015-01-01,2022-12-31,
10861,F,1951,2015-01-01,2022-12-31,
10862,F,1962,2015-01-01,2022-12-31,
10863,F,1946,2015-01-01,2022-12-31,
10864,F,1937,2015-01-01,2022-12-31,
10865,M,1942,2015-01-01,2022-12-31,
10866,M,1950,2015-01-01,2022-12-31,
10867,F,1961,2015-01-01,2022-12-31,
10868,F,1949,2015-01-01,2022-12-31,
10869,F,1942,2015-01-01,2022-12-31,
10870,F,1943,2015-01-01,2022-12-31,
10871,M,1968,2015-01-01,2022-12-31,
10872,F,1937,2015-01-01,2022-12-31,
10873,M,1965,2015-01-01,2022-12-31,
10874,M,1969,2015-01-01,2022-12-31,
10875,F,1948,2015-01-01,2022-12-31,
10876,F,1966,2015-01-01,2022-12-31,
10877,F,1969,2015-01-01,2022-12-31,
10878,F,1956,2015-01-01,2022-12-31,
10879,M,1955,2015-01-01,2022-12-31,
10880,M,1950,2015-01-01,2022-12-31,
10881,M,1978,2015-01-01,2022-12-31,
10882,F,1968,2015-01-01,2022-12-31,
10883,F,1956,2015-01-01,2022-12-31,
10884,F,1950,2015-01-01,2022-12-31,
10885,M,1957,2015-01-01,2022-12-31,
10886,M,1957,2015-01-01,2022-12-31,
10887,M,1975,2015-01-01,2022-12-31,
10888,F,1967,2015-01-01,2022-12-31,
10889,M,1961,2015-01-01,2022-12-31,
10890,M,1960,2015-01-01,2022-12-31,
10891,F,1960,2015-01-01,2022-12-31,
10892,F,1948,2015-01-01,2022-12-31,
10893,M,1952,2015-01-01,2022-12-31,
10894,F,1977,2015-01-01,2022-12-31,
10895,F,1940,2015-01-01,2022-12-31,
10896,M,1956,2015-01-01,2022-12-31,
10897,F,1961,2015-01-01,2022-12-31,
10898,M,1949,2015-01-01,2022-12-31,
10899,F,1955,2015-01-01,2022-12-31,
10900,M,1947,2015-01-01,2022-12-31,
10901,M,1947,2015-01-01,2022-12-31,
10902,F,1979,2015-01-01,2022-12-31,
10903,M,1965,2015-01-01,2022-12-31,
10904,F,1947,2015-01-01,2022-12-31,
10905,M,1937,2015-01-01,2022-12-31,
10906,F,1971,2015-01-01,2022-12-31,
10907,F,1971,2015-01-01,2022-12-31,
10908,M,1970,2015-01-01,2022-12-31,
10909,M,1973,2015-01-01,2022-12-31,
10910,M,1958,2015-01-01,2022-12-31,
10911,F,1975,2015-01-01,2022-12-31,
10912,M,1956,2015-01-01,2022-12-31,
10913,M,1964,2015-01-01,2022-12-31,
10914,F,1958,2015-01-01,2022-12-31,
10915,M,1958,2015-01-01,2022-12-31,
10916,F,1949,2015-01-01,2022-12-31,
10917,M,1955,2015-01-01,2022-12-31,
10918,M,1964,2015-01-01,2022-12-31,
10919,M,1959,2015-01-01,2022-12-31,
10920,M,1961,2015-01-01,2022-12-31,
10921,M,1974,2015-01-01,2022-12-31,
10922,F,1949,2015-01-01,2022-12-31,
10923,F,2000,2015-01-01,2022-12-31,
10924,M,1943,2015-01-01,2022-12-31,
10925,M,1951,2015-01-01,2022-12-31,
10926,F,1980,2015-01-01,2022-12-31,
10927,M,1956,2015-01-01,2022-12-31,
10928,M,1982,2015-01-01,2022-12-31,
10929,M,1972,2015-01-01,2022-12-31,
10930,F,1965,2015-01-01,2022-12-31,
10931,F,1955,2015-01-01,2022-12-31,
10932,M,1955,2015-01-01,2022-12-31,
10933,M,1935,2015-01-01,2022-05-01,2022-05-01
10934,F,1978,2015-01-01,2022-12-31,
10935,M,1975,2015-01-01,2022-12-31,
10936,M,1955,2015-01-01,2022-12-31,
10937,M,1948,2015-01-01,2022-12-31,
10938,M,1957,2015-01-01,2022-12-31,
10939,M,1961,2015-01-01,2022-12-31,
10940,F,1942,2015-01-01,2022-12-31,
10941,F,1934,2015-01-01,2020-10-09,2020-10-09
10942,F,1974,2015-01-01,2022-12-31,
10943,F,1955,2015-01-01,2022-12-31,
10944,F,1947,2015-01-01,2022-12-31,
10945,F,1963,2015-01-01,2022-12-31,
10946,M,1959,2015-01-01,2022-12-31,
10947,F,1976,2015-01-01,2022-12-31,
10948,M,1952,2015-01-01,2022-12-31,
10949,M,1979,2015-01-01,2022-12-31,
10950,M,1952,2015-01-01,2022-12-31,
10951,M,1949,2015-01-01,2022-12-31,
10952,F,1955,2015-01-01,2022-12-31,
10953,M,1962,2015-01-01,2022-12-31,
10954,M,1960,2015-01-01,2022-12-31,
10955,F,1974,2015-01-01,2022-12-31,
10956,M,1968,2015-01-01,2022-12-31,
10957,M,1970,2015-01-01,2022-12-31,
10958,M,1940,2015-01-01,2022-12-31,
10959,F,1945,2015-01-01,2022-12-31,
10960,M,1975,2015-01-01,2022-12-31,
10961,F,1963,2015-01-01,2022-12-31,
10962,M,1943,2015-01-01,2022-12-31,
10963,M,1963,2015-01-01,2022-12-31,
10964,M,1951,2015-01-01,2022-12-31,
10965,F,1942,2015-01-01,2022-12-31,
10966,M,1946,2015-01-01,2022-12-31,
10967,F,1948,2015-01-01,2022-12-31,
10968,M,1956,2015-01-01,2022-12-31,
10969,M,1955,2015-01-01,2022-12-31,
10970,M,1952,2015-01-01,2022-12-31,
10971,M,1948,2015-01-01,2022-12-31,
10972,M,1958,2015-01-01,2022-12-31,
10973,M,1948,2015-01-01,2022-12-31,
10974,F,1982,2015-01-01,2022-12-31,
10975,F,1953,2015-01-01,2022-12-31,
10976,F,1958,2015-01-01,2022-12-31,
10977,M,1959,2015-01-01,2022-12-31,
10978,M,1980,2015-01-01,2022-12-31,
10979,M,1976,2015-01-01,2022-12-31,
10980,F,1970,2015-01-01,2022-12-31,
10981,F,1955,2015-01-01,2022-12-31,
10982,F,1952,2015-01-01,2022-12-31,
10983,F,1960,2015-01-01,2022-12-31,
10984,F,1945,2015-01-01,2022-12-31,
10985,M,1944,2015-01-01,2022-12-31,
10986,F,1947,2015-01-01,2021-11-05,2021-11-05
10987,F,1952,2015-01-01,2022-12-31,
10988,M,1979,2015-01-01,2022-12-31,
10989,M,1973,2015-01-01,2022-12-31,
10990,F,1960,2015-01-01,2022-12-31,
10991,F,1947,2015-01-01,2022-12-31,
10992,F,1962,2015-01-01,2022-12-31,
10993,M,1932,2015-01-01,2022-12-31,
10994,F,1942,2015-01-01,2022-12-31,
10995,M,1954,2015-01-01,2022-12-31,
10996,M,1974,2015-01-01,2022-12-31,
10997,M,1964,2015-01-01,2022-12-31,
10998,F,1962,2015-01-01,2022-12-31,
10999,M,1975,2015-01-01,2022-12-31,
11000,F,1953,2015-01-01,2022-12-31,
11001,F,1989,2015-01-01,2022-12-31,
11002,F,1957,2015-01-01,2022-12-31,
11003,M,1968,2015-01-01,2022-12-31,
11004,F,1949,2015-01-01,2022-12-31,
11005,F,1958,2015-01-01,2022-12-31,
11006,M,1964,2015-01-01,2022-12-31,
11007,F,1956,2015-01-01,2022-12-31,
11008,F,1950,2015-01-01,2022-12-31,
11009,F,1956,2015-01-01,2022-12-31,
11010,F,1972,2015-01-01,2022-12-31,
11011,F,1964,2015-01-01,2022-12-31,
11012,M,1923,2015-01-01,2022-12-31,
11013,M,1955,2015-01-01,2022-12-31,
11014,M,1970,2015-01-01,2022-12-31,
11015,F,1965,2015-01-01,2022-12-31,
11016,M,1943,2015-01-01,2022-12-31,
11017,M,1949,2015-01-01,2022-12-31,
11018,F,1951,2015-01-01,2022-12-31,
11019,F,1958,2015-01-01,2022-12-31,
11020,F,1960,2015-01-01,2022-12-31,
11021,M,1973,2015-01-01,2022-12-31,
11022,M,1928,2015-01-01,2022-12-31,
11023,M,1957,2015-01-01,2022-12-31,
11024,M,1955,2015-01-01,2022-12-31,
11025,M,1957,2015-01-01,2022-12-31,
11026,F,1943,2015-01-01,2022-12-31,
11027,F,1968,2015-01-01,2022-12-31,
11028,M,1947,2015-01-01,2022-12-31,
11029,F,1959,2015-01-01,2022-12-31,
11030,F,1950,2015-01-01,2022-12-31,
11031,M,1967,2015-01-01,2022-12-31,
11032,M,1975,2015-01-01,2022-12-31,
11033,F,1983,2015-01-01,2022-12-31,
11034,F,1970,2015-01-01,2022-12-31,
11035,M,1960,2015-01-01,2022-12-31,
11036,F,1961,2015-01-01,2022-12-31,
11037,M,1956,2015-01-01,2022-12-31,
11038,F,1968,2015-01-01,2022-12-31,
11039,M,1958,2015-01-01,2022-12-31,
11040,F,1969,2015-01-01,2022-12-31,
11041,M,1961,2015-01-01,2022-12-31,
11042,F,1956,2015-01-01,2022-12-31,
11043,F,1974,2015-01-01,2022-12-31,
11044,M,1971,2015-01-01,2022-12-31,
11045,M,1966,2015-01-01,2022-12-31,
11046,M,1965,2015-01-01,2022-12-31,
11047,F,1954,2015-01-01,2022-12-31,
11048,F,1947,2015-01-01,2022-12-31,
11049,M,1971,2015-01-01,2022-12-31,
11050,M,1961,2015-01-01,2022-12-31,
11051,M,1962,2015-01-01,2022-12-31,
11052,F,1939,2015-01-01,2022-12-31,
11053,F,1973,2015-01-01,2022-12-31,
11054,M,1958,2015-01-01,2016-07-11,2016-07-11
11055,M,1965,2015-01-01,2022-12-31,
11056,M,1963,2015-01-01,2022-12-31,
11057,M,1953,2015-01-01,2022-12-31,
11058,M,1951,2015-01-01,2021-04-08,2021-04-08
11059,F,1954,2015-01-01,2022-12-31,
11060,F,1949,2015-01-01,2022-12-31,
11061,F,1942,2015-01-01,2022-12-31,
11062,M,1941,2015-01-01,2022-12-31,
11063,F,1961,2015-01-01,2022-12-31,
11064,M,1953,2015-01-01,2022-12-31,
11065,M,1950,2015-01-01,2022-12-31,
11066,M,1945,2015-01-01,2022-12-31,
11067,M,1962,2015-01-01,2022-12-31,
11068,F,1964,2015-01-01,2022-12-31,
11069,F,1954,2015-01-01,2022-12-31,
11070,M,1960,2015-01-01,2022-12-31,
11071,F,1939,2015-01-01,2022-12-31,
11072,M,1959,2015-01-01,2022-12-31,
11073,M,1965,2015-01-01,2022-12-31,
11074,F,1970,2015-01-01,2022-12-31,
11075,M,1950,2015-01-01,2022-12-31,
11076,F,1967,2015-01-01,2022-12-31,
11077,M,1968,2015-01-01,2022-12-31,
11078,M,1947,2015-01-01,2022-12-31,
11079,M,1970,2015-01-01,2022-12-31,
11080,F,1969,2015-01-01,2022-12-31,
11081,M,1983,2015-01-01,2022-12-31,
11082,F,1934,2015-01-01,2018-12-29,2018-12-29
11083,F,1953,2015-01-01,2022-12-31,
11084,F,1952,2015-01-01,2022-12-31,
11085,M,1965,2015-01-01,2022-12-31,
11086,F,1968,2015-01-01,2022-12-31,
11087,F,1956,2015-01-01,2022-12-31,
11088,F,1926,2015-01-01,2022-12-31,
11089,F,1953,2015-01-01,2022-12-31,
11090,F,1966,2015-01-01,2022-12-31,
11091,M,1970,2015-01-01,2022-12-31,
11092,F,1947,2015-01-01,2022-12-31,
11093,M,1952,2015-01-01,2022-12-31,
11094,F,1997,2015-01-01,2022-12-31,
11095,F,1945,2015-01-01,2022-12-31,
11096,F,1947,2015-01-01,2022-12-31,
11097,M,1959,2015-01-01,2022-12-31,
11098,M,1969,2015-01-01,2022-12-31,
11099,M,1945,2015-01-01,2022-12-31,
11100,F,1953,2015-01-01,2022-12-31,
11101,M,1935,2015-01-01,2022-12-31,
11102,F,1952,2015-01-01,2022-12-31,
11103,F,1947,2015-01-01,2022-12-31,
11104,M,1957,2015-01-01,2022-12-31,
11105,F,1952,2015-01-01,2022-12-31,
11106,M,1963,2015-01-01,2022-12-31,
11107,M,1970,2015-01-01,2022-12-31,
11108,F,1941,2015-01-01,2022-12-31,
11109,F,1956,2015-01-01,2022-12-31,
11110,M,1962,2015-01-01,2022-12-31,
11111,M,1962,2015-01-01,2022-12-31,
11112,F,1957,2015-01-01,2022-12-31,
11113,M,1923,2015-01-01,2019-01-03,2019-01-03
11114,F,1950,2015-01-01,2022-12-31,
11115,M,1954,2015-01-01,2018-01-30,2018-01-30
11116,F,1948,2015-01-01,2022-12-31,
11117,F,1949,2015-01-01,2022-12-31,
11118,M,1963,2015-01-01,2022-12-31,
11119,F,1971,2015-01-01,2022-12-31,
11120,F,1969,2015-01-01,2022-12-31,
11121,F,1955,2015-01-01,2022-12-31,
11122,F,1951,2015-01-01,2022-12-31,
11123,F,1966,2015-01-01,2022-12-31,
11124,F,1960,2015-01-01,2022-12-31,
11125,F,1969,2015-01-01,2022-12-31,
11126,M,1968,2015-01-01,2022-12-31,
11127,F,1973,2015-01-01,2022-12-31,
11128,F,1952,2015-01-01,2022-12-31,
11129,M,1941,2015-01-01,2022-12-31,
11130,M,1965,2015-01-01,2022-12-31,
11131,M,1963,2015-01-01,2022-12-31,
11132,M,1970,2015-01-01,2022-12-31,
11133,M,1935,2015-01-01,2022-12-31,
11134,M,1951,2015-01-01,2022-12-31,
11135,M,1959,2015-01-01,2022-12-31,
11136,F,1951,2015-01-01,2022-12-31,
11137,M,1960,2015-01-01,2022-12-31,
11138,M,1960,2015-01-01,2022-12-31,
11139,M,1957,2015-01-01,2022-12-31,
11140,M,1944,2015-01-01,2022-12-31,
11141,F,1952,2015-01-01,2022-12-31,
11142,M,1960,2015-01-01,2022-12-31,
11143,M,1956,2015-01-01,2022-12-31,
11144,F,1946,2015-01-01,2022-12-31,
11145,F,1953,2015-01-01,2022-12-31,
11146,M,1962,2015-01-01,2022-12-31,
11147,M,1971,2015-01-01,2022-12-31,
11148,M,1935,2015-01-01,2022-12-31,
11149,M,1974,2015-01-01,2022-12-31,
11150,M,1971,2015-01-01,2022-12-31,
11151,F,1958,2015-01-01,2022-12-31,
11152,M,1957,2015-01-01,2022-12-31,
11153,M,1964,2015-01-01,2022-12-31,
11154,M,1949,2015-01-01,2022-12-31,
11155,M,1964,2015-01-01,2022-12-31,
11156,M,1968,2015-01-01,2022-12-31,
11157,F,1952,2015-01-01,2022-12-31,
11158,M,1934,2015-01-01,2022-03-20,2022-03-20
11159,F,1992,2015-01-01,2022-12-31,
11160,M,1954,2015-01-01,2022-12-31,
11161,F,1944,2015-01-01,2022-12-31,
11162,M,1947,2015-01-01,2022-12-31,
11163,M,1966,2015-01-01,2022-12-31,
11164,M,1923,2015-01-01,2022-12-31,
11165,F,1949,2015-01-01,2022-12-31,
11166,F,1955,2015-01-01,2022-12-31,
11167,M,1947,2015-01-01,2022-12-31,
11168,F,1967,2015-01-01,2022-12-31,
11169,F,1971,2015-01-01,2022-12-31,
11170,F,1947,2015-01-01,2019-03-11,2019-03-11
11171,F,1943,2015-01-01,2022-12-31,
11172,F,1982,2015-01-01,2022-12-31,
11173,F,1954,2015-01-01,2022-12-31,
11174,F,1955,2015-01-01,2022-12-31,
11175,M,1943,2015-01-01,2022-12-31,
11176,M,1958,2015-01-01,2022-12-31,
11177,F,1968,2015-01-01,2022-12-31,
11178,M,1955,2015-01-01,2022-12-31,
11179,F,1970,2015-01-01,2019-02-17,2019-02-17
11180,F,1968,2015-01-01,2022-12-31,
11181,M,1958,2015-01-01,2022-12-31,
11182,M,1971,2015-01-01,2022-12-31,
11183,F,1950,2015-01-01,2022-12-31,
11184,F,1940,2015-01-01,2022-12-31,
11185,M,1964,2015-01-01,2022-12-31,
11186,M,1964,2015-01-01,2022-12-31,
11187,F,1928,2015-01-01,2022-12-31,
11188,M,1936,2015-01-01,2022-12-31,
11189,M,1948,2015-01-01,2022-12-31,
11190,M,1969,2015-01-01,2022-12-31,
11191,F,1958,2015-01-01,2022-12-31,
11192,F,1956,2015-01-01,2022-12-31,
11193,F,1954,2015-01-01,2019-03-26,2019-03-26
11194,M,1954,2015-01-01,2022-12-31,
11195,M,1960,2015-01-01,2022-12-31,
11196,F,1965,2015-01-01,2022-12-31,
11197,F,1956,2015-01-01,2022-12-31,
11198,F,1956,2015-01-01,2022-12-31,
11199,M,1942,2015-01-01,2022-12-31,
11200,F,1962,2015-01-01,2022-12-31,
11201,F,1941,2015-01-01,2022-12-31,
11202,F,1946,2015-01-01,2022-12-31,
11203,F,1951,2015-01-01,2022-12-31,
11204,F,1963,2015-01-01,2022-12-31,
11205,M,1954,2015-01-01,2022-12-31,
11206,F,1957,2015-01-01,2022-12-31,
11207,F,1940,2015-01-01,2022-12-31,
11208,M,1977,2015-01-01,2022-12-31,
11209,M,1942,2015-01-01,2022-12-31,
11210,M,1967,2015-01-01,2022-12-31,
11211,M,1959,2015-01-01,2022-12-31,
11212,F,1931,2015-01-01,2022-12-31,
11213,F,1967,2015-01-01,2022-12-31,
11214,M,1955,2015-01-01,2022-12-31,
11215,F,1950,2015-01-01,2022-12-31,
11216,M,1970,2015-01-01,2022-12-31,
11217,F,1935,2015-01-01,2022-12-31,
11218,M,1960,2015-01-01,2022-12-31,
11219,F,1934,2015-01-01,2022-12-31,
11220,F,1986,2015-01-01,2022-12-31,
11221,F,1980,2015-01-01,2022-12-31,
11222,M,1937,2015-01-01,2022-12-31,
11223,F,1944,2015-01-01,2022-12-31,
11224,M,1945,2015-01-01,2022-12-31,
11225,M,1953,2015-01-01,2022-12-31,
11226,F,1943,2015-01-01,2022-12-31,
11227,F,1977,2015-01-01,2022-12-31,
11228,M,1955,2015-01-01,2022-12-31,
11229,M,1959,2015-01-01,2022-12-31,
11230,M,1976,2015-01-01,2022-12-31,
11231,M,1951,2015-01-01,2022-12-31,
11232,M,1972,2015-01-01,2022-12-31,
11233,F,1969,2015-01-01,2022-12-31,
11234,F,1939,2015-01-01,2022-12-31,
11235,F,1958,2015-01-01,2022-12-31,
11236,M,1965,2015-01-01,2022-12-31,
11237,M,1976,2015-01-01,2022-12-31,
11238,M,1961,2015-01-01,2022-12-31,
11239,F,1930,2015-01-01,2021-12-02,2021-12-02
11240,F,1932,2015-01-01,2022-12-31,
11241,F,1970,2015-01-01,2022-12-31,
11242,F,1958,2015-01-01,2022-12-31,
11243,M,1957,2015-01-01,2022-12-31,
11244,F,1974,2015-01-01,2022-12-31,
11245,M,1942,2015-01-01,2022-12-31,
11246,F,1966,2015-01-01,2022-12-31,
11247,F,1971,2015-01-01,2022-12-31,
11248,F,1942,2015-01-01,2022-12-31,
11249,F,1962,2015-01-01,2022-12-31,
11250,M,1950,2015-01-01,2022-12-31,
11251,F,1938,2015-01-01,2022-12-31,
11252,M,1955,2015-01-01,2022-12-31,
11253,M,1987,2015-01-01,2022-12-31,
11254,M,1957,2015-01-01,2022-12-31,
11255,F,1963,2015-01-01,2022-12-31,
11256,F,1981,2015-01-01,2022-12-31,
11257,M,1979,2015-01-01,2022-12-31,
11258,F,1957,2015-01-01,2022-12-31,
11259,M,1951,2015-01-01,2022-12-31,
11260,M,1944,2015-01-01,2018-09-24,2018-09-24
11261,F,1970,2015-01-01,2022-12-31,
11262,F,1950,2015-01-01,2022-12-31,
11263,F,1958,2015-01-01,2022-12-31,
11264,M,1951,2015-01-01,2022-12-31,
11265,F,1968,2015-01-01,2022-12-31,
11266,M,1951,2015-01-01,2022-12-31,
11267,F,1954,2015-01-01,2022-12-31,
11268,M,1988,2015-01-01,2022-12-31,
11269,M,1963,2015-01-01,2022-12-31,
11270,M,1958,2015-01-01,2022-12-31,
11271,F,1968,2015-01-01,2022-12-31,
11272,F,1982,2015-01-01,2022-12-31,
11273,F,1960,2015-01-01,2022-12-31,
11274,M,1951,2015-01-01,2022-12-31,
11275,F,1977,2015-01-01,2022-12-31,
11276,M,1973,2015-01-01,2022-06-19,2022-06-19
11277,F,1962,2015-01-01,2022-12-31,
11278,F,1929,2015-01-01,2022-12-31,
11279,M,1960,2015-01-01,2022-12-31,
11280,M,1944,2015-01-01,2022-12-31,
11281,F,1939,2015-01-01,2022-12-31,
11282,M,1942,2015-01-01,2022-12-31,
11283,F,1957,2015-01-01,2022-12-31,
11284,F,1960,2015-01-01,2022-12-31,
11285,F,1975,2015-01-01,2022-12-31,
11286,M,1984,2015-01-01,2022-12-31,
11287,M,1958,2015-01-01,2022-12-31,
11288,F,1956,2015-01-01,2022-12-31,
11289,F,1948,2015-01-01,2022-12-31,
11290,M,1961,2015-01-01,2022-12-31,
11291,F,1970,2015-01-01,2022-12-31,
11292,M,1978,2015-01-01,2022-12-31,
11293,F,1967,2015-01-01,2022-12-31,
11294,F,1949,2015-01-01,2022-12-31,
11295,M,1949,2015-01-01,2022-12-31,
11296,M,1942,2015-01-01,2022-12-31,
11297,M,1976,2015-01-01,2022-12-31,
11298,F,1968,2015-01-01,2022-12-31,
11299,M,1985,2015-01-01,2022-12-31,
11300,F,1971,2015-01-01,2022-12-31,
11301,F,1964,2015-01-01,2022-12-31,
11302,F,1930,2015-01-01,2022-12-31,
11303,M,1974,2015-01-01,2022-12-31,
11304,M,1952,2015-01-01,2022-12-31,
11305,F,1979,2015-01-01,2022-12-31,
11306,F,1978,2015-01-01,2022-12-31,
11307,F,1946,2015-01-01,2022-12-31,
11308,M,1969,2015-01-01,2022-12-31,
11309,M,1979,2015-01-01,2022-12-31,
11310,F,1943,2015-01-01,2022-12-31,
11311,M,1962,2015-01-01,2022-12-31,
11312,M,1959,2015-01-01,2022-12-31,
11313,F,1966,2015-01-01,2022-12-31,
11314,M,1963,2015-01-01,2022-12-31,
11315,F,1932,2015-01-01,2022-12-31,
11316,M,1928,2015-01-01,2019-04-20,2019-04-20
11317,F,1950,2015-01-01,2022-12-31,
11318,M,1962,2015-01-01,2022-12-31,
11319,M,1965,2015-01-01,2022-12-31,
11320,F,1964,2015-01-01,2022-12-31,
11321,M,1934,2015-01-01,2022-12-31,
11322,F,1958,2015-01-01,2022-12-31,
11323,F,1942,2015-01-01,2022-12-31,
11324,M,1939,2015-01-01,2022-12-31,
11325,F,1990,2015-01-01,2022-12-31,
11326,M,1953,2015-01-01,2022-12-31,
11327,F,1961,2015-01-01,2022-12-31,
11328,F,1956,2015-01-01,2022-12-31,
11329,F,1934,2015-01-01,2021-09-28,2021-09-28
11330,M,1956,2015-01-01,2022-03-14,2022-03-14
11331,M,1939,2015-01-01,2022-12-31,
11332,M,1957,2015-01-01,2022-12-31,
11333,F,1955,2015-01-01,2022-12-31,
11334,M,1953,2015-01-01,2022-12-31,
11335,M,1952,2015-01-01,2022-12-31,
11336,M,1963,2015-01-01,2022-12-31,
11337,M,1959,2015-01-01,2022-12-31,
11338,F,1944,2015-01-01,2022-12-31,
11339,M,1955,2015-01-01,2022-12-31,
11340,M,1955,2015-01-01,2022-12-31,
11341,M,1958,2015-01-01,2022-12-31,
11342,F,1956,2015-01-01,2022-12-31,
11343,M,1958,2015-01-01,2022-12-31,
11344,M,1945,2015-01-01,2022-12-31,
11345,F,1953,2015-01-01,2022-12-31,
11346,F,1936,2015-01-01,2018-08-09,2018-08-09
11347,M,1989,2015-01-01,2022-12-31,
11348,M,1967,2015-01-01,2022-12-31,
11349,M,1984,2015-01-01,2022-12-31,
11350,M,1943,2015-01-01,2022-12-31,
11351,M,1973,2015-01-01,2022-12-31,
11352,M,1959,2015-01-01,2022-12-31,
11353,M,1942,2015-01-01,2022-12-31,
11354,M,1962,2015-01-01,2022-12-31,
11355,F,1967,2015-01-01,2022-12-31,
11356,F,1961,2015-01-01,2022-12-31,
11357,F,1949,2015-01-01,2022-12-31,
11358,F,1949,2015-01-01,2022-12-31,
11359,M,1947,2015-01-01,2022-12-31,
11360,M,1955,2015-01-01,2022-12-31,
11361,F,1949,2015-01-01,2022-12-31,
11362,F,1965,2015-01-01,2022-12-31,
11363,F,1947,2015-01-01,2022-12-31,
11364,F,1941,2015-01-01,2022-12-31,
11365,M,1969,2015-01-01,2022-12-31,
11366,F,1954,2015-01-01,2022-12-31,
11367,F,1968,2015-01-01,2022-12-31,
11368,M,1972,2015-01-01,2022-12-31,
11369,M,1961,2015-01-01,2022-12-31,
11370,F,1959,2015-01-01,2022-12-31,
11371,M,1944,2015-01-01,2022-12-31,
11372,M,1948,2015-01-01,2022-12-31,
11373,M,1959,2015-01-01,2022-12-31,
11374,M,1964,2015-01-01,2022-12-31,
11375,F,1972,2015-01-01,2022-12-31,
11376,M,1981,2015-01-01,2022-12-31,
11377,F,1974,2015-01-01,2022-12-31,
11378,M,1957,2015-01-01,2022-12-31,
11379,F,1950,2015-01-01,2022-12-31,
11380,M,1969,2015-01-01,2022-12-31,
11381,F,1976,2015-01-01,2022-12-31,
11382,F,1961,2015-01-01,2022-12-31,
11383,F,1962,2015-01-01,2022-12-31,
11384,F,1921,2015-01-01,2022-12-31,
11385,M,1967,2015-01-01,2022-12-31,
11386,F,1961,2015-01-01,2022-12-31,
11387,M,1935,2015-01-01,2022-12-31,
11388,F,1955,2015-01-01,2022-12-31,
11389,M,1956,2015-01-01,2022-12-31,
11390,M,1951,2015-01-01,2022-12-31,
11391,F,1962,2015-01-01,2022-12-31,
11392,M,1957,2015-01-01,2022-12-31,
11393,M,2007,2015-01-01,2022-12-31,
11394,M,1953,2015-01-01,2022-12-31,
11395,F,1969,2015-01-01,2022-12-31,
11396,F,1948,2015-01-01,2022-12-31,
11397,M,1956,2015-01-01,2022-12-31,
11398,F,1971,2015-01-01,2022-12-31,
11399,M,1952,2015-01-01,2022-12-31,
11400,M,1955,2015-01-01,2022-12-31,
11401,M,1962,2015-01-01,2022-12-31,
11402,F,1975,2015-01-01,2022-12-31,
11403,M,1976,2015-01-01,2022-12-31,
11404,M,1925,2015-01-01,2022-12-31,
11405,M,1961,2015-01-01,2022-12-31,
11406,F,1961,2015-01-01,2022-12-31,
11407,F,1967,2015-01-01,2022-12-31,
11408,M,1940,2015-01-01,2022-12-31,
11409,F,1940,2015-01-01,2022-12-31,
11410,M,1959,2015-01-01,2022-12-31,
11411,F,1980,2015-01-01,2022-12-31,
11412,F,1984,2015-01-01,2018-06-14,2018-06-14
11413,M,1959,2015-01-01,2022-12-31,
11414,F,1956,2015-01-01,2022-12-31,
11415,M,1937,2015-01-01,2022-12-31,
11416,M,1972,2015-01-01,2022-12-31,
11417,F,1950,2015-01-01,2022-12-31,
11418,F,1949,2015-01-01,2022-12-31,
11419,F,1947,2015-01-01,2022-12-31,
11420,F,1970,2015-01-01,2022-12-31,
11421,M,1950,2015-01-01,2022-12-31,
11422,M,1952,2015-01-01,2022-12-31,
11423,M,1930,2015-01-01,2022-12-31,
11424,M,1964,2015-01-01,2022-12-31,
11425,F,1974,2015-01-01,2022-12-31,
11426,M,1959,2015-01-01,2022-12-31,
11427,F,1948,2015-01-01,2022-12-31,
11428,M,1958,2015-01-01,2022-12-31,
11429,M,1954,2015-01-01,2022-12-31,
11430,M,1954,2015-01-01,2022-12-31,
11431,M,1964,2015-01-01,2022-12-31,
11432,F,1949,2015-01-01,2022-12-31,
11433,F,1977,2015-01-01,2022-12-31,
11434,F,1951,2015-01-01,2022-12-31,
11435,F,1968,2015-01-01,2022-12-31,
11436,M,1958,2015-01-01,2022-12-31,
11437,M,1956,2015-01-01,2022-12-31,
11438,M,1966,2015-01-01,2022-12-31,
11439,M,1926,2015-01-01,2022-12-31,
11440,M,1956,2015-01-01,2022-12-31,
11441,M,1943,2015-01-01,2022-12-31,
11442,M,1952,2015-01-01,2022-12-31,
11443,F,1964,2015-01-01,2022-12-31,
11444,M,1971,2015-01-01,2019-07-27,2019-07-27
11445,F,1969,2015-01-01,2022-12-31,
11446,M,1935,2015-01-01,2022-12-31,
11447,F,1965,2015-01-01,2022-12-31,
11448,M,1950,2015-01-01,2017-03-15,2017-03-15
11449,M,1964,2015-01-01,2022-12-31,
11450,M,1956,2015-01-01,2022-12-31,
11451,F,1971,2015-01-01,2022-12-31,
11452,M,1961,2015-01-01,2022-12-31,
11453,M,1941,2015-01-01,2022-12-31,
11454,F,1952,2015-01-01,2022-12-31,
11455,M,1950,2015-01-01,2022-12-31,
11456,M,1945,2015-01-01,2022-12-31,
11457,M,1957,2015-01-01,2022-12-31,
11458,M,1951,2015-01-01,2022-12-31,
11459,M,1966,2015-01-01,2022-12-31,
11460,M,1960,2015-01-01,2022-12-31,
11461,M,1957,2015-01-01,2022-12-31,
11462,M,1968,2015-01-01,2022-12-31,
11463,M,1963,2015-01-01,2022-12-31,
11464,M,1970,2015-01-01,2022-12-31,
11465,F,1935,2015-01-01,2022-12-31,
11466,M,1939,2015-01-01,2022-12-31,
11467,M,1963,2015-01-01,2022-12-31,
11468,M,1969,2015-01-01,2022-12-31,
11469,F,1957,2015-01-01,2022-12-31,
11470,M,1965,2015-01-01,2022-12-31,
11471,M,1957,2015-01-01,2022-12-31,
11472,F,1942,2015-01-01,2022-12-31,
11473,M,1961,2015-01-01,2022-12-31,
11474,F,1959,2015-01-01,2022-12-31,
11475,M,1964,2015-01-01,2022-12-31,
11476,M,1962,2015-01-01,2022-12-31,
11477,M,1970,2015-01-01,2022-12-31,
11478,M,1966,2015-01-01,2022-12-31,
11479,F,1964,2015-01-01,2022-12-31,
11480,F,1963,2015-01-01,2022-12-31,
11481,M,1959,2015-01-01,2022-12-31,
11482,M,1967,2015-01-01,2022-12-31,
11483,F,1981,2015-01-01,2022-12-31,
11484,F,1965,2015-01-01,2022-12-31,
11485,M,1960,2015-01-01,2022-12-31,
11486,M,1944,2015-01-01,2022-12-31,
11487,M,1957,2015-01-01,2022-12-31,
11488,F,1958,2015-01-01,2022-12-31,
11489,F,1950,2015-01-01,2022-12-31,
11490,M,1975,2015-01-01,2022-12-31,
11491,F,1947,2015-01-01,2022-12-31,
11492,M,1943,2015-01-01,2022-12-31,
11493,F,1962,2015-01-01,2022-12-31,
11494,F,1952,2015-01-01,2022-12-31,
11495,M,1979,2015-01-01,2022-12-31,
11496,F,1984,2015-01-01,2022-12-31,
11497,M,1968,2015-01-01,2022-12-31,
11498,M,1960,2015-01-01,2022-12-31,
11499,F,1970,2015-01-01,2022-12-31,
11500,F,1962,2015-01-01,2022-12-31,
11501,M,1950,2015-01-01,2022-12-31,
11502,M,1979,2015-01-01,2022-12-31,
11503,F,1949,2015-01-01,2022-12-31,
11504,F,1962,2015-01-01,2022-12-31,
11505,M,1968,2015-01-01,2022-12-31,
11506,M,1952,2015-01-01,2022-12-31,
11507,M,1977,2015-01-01,2022-12-31,
11508,F,1956,2015-01-01,2022-12-31,
11509,F,1928,2015-01-01,2021-05-02,2021-05-02
11510,M,1951,2015-01-01,2022-12-31,
11511,M,1950,2015-01-01,2022-12-31,
11512,F,1940,2015-01-01,2022-12-31,
11513,M,1950,2015-01-01,2022-12-31,
11514,F,1968,2015-01-01,2022-12-31,
11515,F,1955,2015-01-01,2022-12-31,
11516,M,1956,2015-01-01,2022-12-31,
11517,F,1942,2015-01-01,2022-12-31,
11518,F,1980,2015-01-01,2022-12-31,
11519,F,1955,2015-01-01,2022-12-31,
11520,F,1950,2015-01-01,2019-01-23,2019-01-23
11521,F,1965,2015-01-01,2022-12-31,
11522,F,1951,2015-01-01,2022-12-31,
11523,M,1974,2015-01-01,2022-12-31,
11524,M,1969,2015-01-01,2022-12-31,
11525,M,1959,2015-01-01,2022-12-31,
11526,M,1973,2015-01-01,2022-12-31,
11527,F,1946,2015-01-01,2022-12-31,
11528,F,1961,2015-01-01,2022-12-31,
11529,M,1956,2015-01-01,2022-12-31,
11530,F,1958,2015-01-01,2022-12-31,
11531,M,1965,2015-01-01,2022-12-31,
11532,M,1951,2015-01-01,2022-12-31,
11533,F,1933,2015-01-01,2022-12-31,
11534,F,1948,2015-01-01,2022-12-31,
11535,M,1956,2015-01-01,2022-12-31,
11536,F,1969,2015-01-01,2022-12-31,
11537,M,1957,2015-01-01,2022-12-31,
11538,M,1937,2015-01-01,2022-12-31,
11539,F,1978,2015-01-01,2022-12-31,
11540,M,1964,2015-01-01,2022-12-31,
11541,F,1950,2015-01-01,2022-12-31,
11542,F,1941,2015-01-01,2022-12-31,
11543,M,1960,2015-01-01,2022-12-31,
11544,F,1947,2015-01-01,2022-12-31,
11545,F,1942,2015-01-01,2022-12-31,
11546,M,1957,2015-01-01,2022-12-31,
11547,M,1951,2015-01-01,2022-12-31,
11548,F,1959,2015-01-01,2022-12-31,
11549,M,1936,2015-01-01,2022-12-31,
11550,M,1946,2015-01-01,2022-12-31,
11551,F,1949,2015-01-01,2022-12-31,
11552,M,1961,2015-01-01,2022-12-31,
11553,F,1929,2015-01-01,2022-12-31,
11554,F,1956,2015-01-01,2022-12-31,
11555,M,1955,2015-01-01,2022-12-31,
11556,F,1966,2015-01-01,2022-12-31,
11557,M,1962,2015-01-01,2022-12-31,
11558,F,1965,2015-01-01,2022-12-31,
11559,F,1951,2015-01-01,2022-12-31,
11560,F,1951,2015-01-01,2022-12-31,
11561,F,1965,2015-01-01,2022-12-31,
11562,M,1950,2015-01-01,2022-12-31,
11563,M,1950,2015-01-01,2022-12-31,
11564,M,1950,2015-01-01,2022-12-31,
11565,M,1951,2015-01-01,2022-12-31,
11566,F,1963,2015-01-01,2022-12-31,
11567,M,1988,2015-01-01,2022-12-31,
11568,F,1949,2015-01-01,2022-12-31,
11569,F,1941,2015-01-01,2022-12-31,
11570,M,1959,2015-01-01,2022-12-31,
11571,M,1964,2015-01-01,2022-12-31,
11572,M,1948,2015-01-01,2022-12-31,
11573,M,1924,2015-01-01,2022-12-31,
11574,M,1967,2015-01-01,2022-12-31,
11575,M,1974,2015-01-01,2022-12-31,
11576,F,1929,2015-01-01,2022-12-31,
11577,M,1955,2015-01-01,2022-12-31,
11578,F,1962,2015-01-01,2022-12-31,
11579,F,1936,2015-01-01,2022-12-31,
11580,M,1961,2015-01-01,2022-12-31,
11581,M,1930,2015-01-01,2022-12-31,
11582,F,1942,2015-01-01,2022-12-31,
11583,F,1954,2015-01-01,2019-06-25,2019-06-25
11584,M,1975,2015-01-01,2022-12-31,
11585,M,1952,2015-01-01,2022-12-31,
11586,M,1956,2015-01-01,2022-12-31,
11587,M,1950,2015-01-01,2022-12-31,
11588,M,1950,2015-01-01,2022-12-31,
11589,F,1987,2015-01-01,2022-12-31,
11590,M,1956,2015-01-01,2022-12-31,
11591,F,1959,2015-01-01,2022-12-31,
11592,M,1946,2015-01-01,2022-12-31,
11593,F,1950,2015-01-01,2022-12-31,
11594,F,1968,2015-01-01,2022-12-31,
11595,M,1943,2015-01-01,2022-12-31,
11596,M,1937,2015-01-01,2022-12-31,
11597,F,1947,2015-01-01,2022-12-31,
11598,M,1988,2015-01-01,2022-12-31,
11599,M,1964,2015-01-01,2022-12-31,
11600,M,1946,2015-01-01,2022-12-31,
11601,M,1961,2015-01-01,2022-12-31,
11602,M,1972,2015-01-01,2022-12-31,
11603,M,1959,2015-01-01,2022-12-31,
11604,F,1965,2015-01-01,2022-12-31,
11605,M,1948,2015-01-01,2022-12-31,
11606,F,1952,2015-01-01,2022-12-31,
11607,M,1952,2015-01-01,2022-12-31,
11608,M,1965,2015-01-01,2022-12-31,
11609,F,1951,2015-01-01,2022-12-31,
11610,F,1965,2015-01-01,2022-12-31,
11611,M,1959,2015-01-01,2022-12-31,
11612,F,1963,2015-01-01,2022-12-31,
11613,M,1957,2015-01-01,2022-12-31,
11614,M,1950,2015-01-01,2022-12-31,
11615,M,1938,2015-01-01,2022-12-31,
11616,M,1947,2015-01-01,2022-12-31,
11617,M,1946,2015-01-01,2022-12-31,
11618,F,1944,2015-01-01,2022-12-31,
11619,M,1965,2015-01-01,2022-12-31,
11620,F,1973,2015-01-01,2022-12-31,
11621,F,1948,2015-01-01,2022-12-31,
11622,F,1951,2015-01-01,2022-12-31,
11623,M,1954,2015-01-01,2022-12-31,
11624,F,1959,2015-01-01,2022-12-31,
11625,M,1959,2015-01-01,2022-12-31,
11626,M,1954,2015-01-01,2022-12-31,
11627,M,1956,2015-01-01,2022-12-31,
11628,F,1952,2015-01-01,2022-12-31,
11629,M,1964,2015-01-01,2022-12-31,
11630,M,1948,2015-01-01,2022-12-31,
11631,M,1971,2015-01-01,2022-12-31,
11632,F,1973,2015-01-01,2022-12-31,
11633,M,1975,2015-01-01,2022-12-31,
11634,M,1941,2015-01-01,2022-12-31,
11635,F,1954,2015-01-01,2022-12-31,
11636,F,1929,2015-01-01,2022-12-31,
11637,M,1938,2015-01-01,2022-12-31,
11638,M,1957,2015-01-01,2022-12-31,
11639,M,1986,2015-01-01,2022-12-31,
11640,M,1985,2015-01-01,2022-12-31,
11641,M,1945,2015-01-01,2022-12-31,
11642,F,1943,2015-01-01,2022-12-31,
11643,M,1975,2015-01-01,2022-12-31,
11644,F,1964,2015-01-01,2022-12-31,
11645,F,1971,2015-01-01,2022-12-31,
11646,F,1953,2015-01-01,2022-12-31,
11647,M,1949,2015-01-01,2022-12-31,
11648,M,1957,2015-01-01,2022-12-31,
11649,F,1924,2015-01-01,2022-12-31,
11650,M,1965,2015-01-01,2022-12-31,
11651,F,1961,2015-01-01,2022-12-31,
11652,M,1961,2015-01-01,2022-12-31,
11653,M,1972,2015-01-01,2022-12-31,
11654,F,1975,2015-01-01,2022-12-31,
11655,F,1944,2015-01-01,2022-12-31,
11656,M,1951,2015-01-01,2022-12-31,
11657,M,1951,2015-01-01,2022-12-31,
11658,F,1944,2015-01-01,2022-12-31,
11659,M,1947,2015-01-01,2022-12-31,
11660,M,1948,2015-01-01,2022-12-31,
11661,F,1939,2015-01-01,2022-12-31,
11662,M,1942,2015-01-01,2022-12-31,
11663,F,1960,2015-01-01,2022-12-31,
11664,M,1948,2015-01-01,2022-12-31,
11665,F,1974,2015-01-01,2022-12-31,
11666,M,1949,2015-01-01,2022-12-31,
11667,F,1981,2015-01-01,2022-12-31,
11668,F,1964,2015-01-01,2022-12-31,
11669,F,1948,2015-01-01,2022-12-31,
11670,M,1945,2015-01-01,2017-02-18,2017-02-18
11671,M,1939,2015-01-01,2022-12-31,
11672,F,1952,2015-01-01,2022-12-31,
11673,M,1960,2015-01-01,2019-09-05,2019-09-05
11674,M,1938,2015-01-01,2017-04-14,2017-04-14
11675,M,1955,2015-01-01,2022-12-31,
11676,M,1964,2015-01-01,2022-12-31,
11677,M,1958,2015-01-01,2022-12-31,
11678,F,1960,2015-01-01,2022-12-31,
11679,M,1949,2015-01-01,2022-12-31,
11680,F,1960,2015-01-01,2022-12-31,
11681,M,1953,2015-01-01,2022-12-31,
11682,M,1959,2015-01-01,2022-12-31,
11683,F,1955,2015-01-01,2022-12-31,
11684,M,1936,2015-01-01,2022-12-31,
11685,F,1967,2015-01-01,2022-12-31,
11686,M,1948,2015-01-01,2022-12-31,
11687,F,1955,2015-01-01,2022-12-31,
11688,M,1952,2015-01-01,2022-12-31,
11689,F,1958,2015-01-01,2022-12-31,
11690,M,1956,2015-01-01,2022-12-31,
11691,M,1965,2015-01-01,2022-12-31,
11692,F,1952,2015-01-01,2022-12-31,
11693,F,1966,2015-01-01,2022-12-31,
11694,M,1951,2015-01-01,2022-12-31,
11695,F,1947,2015-01-01,2022-12-31,
11696,F,1981,2015-01-01,2022-12-31,
11697,M,1944,2015-01-01,2021-09-29,2021-09-29
11698,F,1973,2015-01-01,2022-12-31,
11699,F,1960,2015-01-01,2022-12-31,
11700,M,1955,2015-01-01,2022-12-31,
11701,M,1968,2015-01-01,2022-12-31,
11702,M,1951,2015-01-01,2022-12-31,
11703,M,1962,2015-01-01,2022-12-31,
11704,M,1958,2015-01-01,2022-12-31,
11705,F,1936,2015-01-01,2022-12-31,
11706,M,1945,2015-01-01,2022-12-31,
11707,M,1956,2015-01-01,2022-12-31,
11708,M,1960,2015-01-01,2022-12-31,
11709,F,1959,2015-01-01,2022-12-31,
11710,F,1950,2015-01-01,2022-12-31,
11711,M,1948,2015-01-01,2022-12-31,
11712,M,1941,2015-01-01,2022-12-31,
11713,F,1946,2015-01-01,2022-12-31,
11714,F,1956,2015-01-01,2022-12-31,
11715,M,1948,2015-01-01,2022-12-31,
11716,M,1952,2015-01-01,2022-12-31,
11717,F,1937,2015-01-01,2022-12-31,
11718,F,1975,2015-01-01,2022-12-31,
11719,F,1942,2015-01-01,2022-12-31,
11720,M,1953,2015-01-01,2022-12-31,
11721,F,1962,2015-01-01,2022-12-31,
11722,M,1966,2015-01-01,2022-12-31,
11723,M,1968,2015-01-01,2022-12-31,
11724,M,1950,2015-01-01,2022-12-31,
11725,M,1964,2015-01-01,2022-12-31,
11726,M,1940,2015-01-01,2022-12-31,
11727,M,1970,2015-01-01,2022-12-31,
11728,F,1942,2015-01-01,2022-12-31,
11729,M,1951,2015-01-01,2022-12-31,
11730,F,1943,2015-01-01,2022-12-31,
11731,M,1975,2015-01-01,2022-12-31,
11732,M,1933,2015-01-01,2022-12-31,
11733,M,1958,2015-01-01,2022-12-31,
11734,M,1938,2015-01-01,2022-12-31,
11735,F,1951,2015-01-01,2022-12-31,
11736,F,1975,2015-01-01,2022-12-31,
11737,M,1951,2015-01-01,2022-12-31,
11738,M,1968,2015-01-01,2022-12-31,
11739,F,1932,2015-01-01,2022-12-31,
11740,M,1982,2015-01-01,2022-12-31,
11741,F,1945,2015-01-01,2022-12-31,
11742,M,1957,2015-01-01,2022-12-31,
11743,F,1962,2015-01-01,2022-12-31,
11744,F,1962,2015-01-01,2022-12-31,
11745,M,1960,2015-01-01,2022-12-31,
11746,F,1952,2015-01-01,2017-01-30,2017-01-30
11747,F,1968,2015-01-01,2022-12-31,
11748,M,1966,2015-01-01,2022-12-31,
11749,F,1949,2015-01-01,2022-12-31,
11750,F,1972,2015-01-01,2022-12-31,
11751,F,1964,2015-01-01,2022-12-31,
11752,F,1952,2015-01-01,2022-12-31,
11753,F,1961,2015-01-01,2022-12-31,
11754,F,1947,2015-01-01,2022-12-31,
11755,F,1942,2015-01-01,2022-12-31,
11756,F,1947,2015-01-01,2022-12-31,
11757,M,1952,2015-01-01,2022-12-31,
11758,M,1966,2015-01-01,2022-12-31,
11759,F,1947,2015-01-01,2022-12-31,
11760,M,1951,2015-01-01,2022-12-31,
11761,M,1974,2015-01-01,2022-12-31,
11762,M,1945,2015-01-01,2022-12-31,
11763,M,1953,2015-01-01,2022-12-31,
11764,M,1959,2015-01-01,2022-12-31,
11765,F,1973,2015-01-01,2022-12-31,
11766,F,1960,2015-01-01,2022-12-31,
11767,M,1954,2015-01-01,2022-12-31,
11768,M,1945,2015-01-01,2022-12-31,
11769,M,1961,2015-01-01,2022-12-31,
11770,M,1967,2015-01-01,2022-12-31,
11771,M,1955,2015-01-01,2022-12-31,
11772,F,1979,2015-01-01,2022-12-31,
11773,F,1959,2015-01-01,2022-12-31,
11774,M,1942,2015-01-01,2022-12-31,
11775,F,1966,2015-01-01,2022-12-31,
11776,M,1932,2015-01-01,2022-12-31,
11777,M,1941,2015-01-01,2022-12-31,
11778,M,1963,2015-01-01,2022-12-31,
11779,M,1955,2015-01-01,2022-12-31,
11780,M,1937,2015-01-01,2022-12-31,
11781,F,1928,2015-01-01,2022-12-31,
11782,F,1964,2015-01-01,2022-12-31,
11783,M,1948,2015-01-01,2022-12-31,
11784,M,1960,2015-01-01,2022-12-31,
11785,M,1972,2015-01-01,2022-12-31,
11786,M,1954,2015-01-01,2022-12-31,
11787,M,1947,2015-01-01,2022-12-31,
11788,F,1980,2015-01-01,2022-12-31,
11789,F,1947,2015-01-01,2022-12-31,
11790,F,1968,2015-01-01,2022-12-31,
11791,M,1951,2015-01-01,2022-12-31,
11792,F,1962,2015-01-01,2022-12-31,
11793,F,1957,2015-01-01,2022-12-31,
11794,M,1963,2015-01-01,2022-12-31,
11795,M,1956,2015-01-01,2022-12-31,
11796,M,1942,2015-01-01,2022-12-31,
11797,M,1957,2015-01-01,2022-12-31,
11798,M,1952,2015-01-01,2022-12-31,
11799,F,1940,2015-01-01,2022-05-02,2022-05-02
11800,F,1960,2015-01-01,2022-12-31,
11801,M,1943,2015-01-01,2022-12-31,
11802,M,1960,2015-01-01,2022-12-31,
11803,M,1938,2015-01-01,2022-12-31,
11804,F,1951,2015-01-01,2022-12-31,
11805,F,1963,2015-01-01,2022-12-31,
11806,F,1960,2015-01-01,2022-12-31,
11807,F,1964,2015-01-01,2022-12-31,
11808,F,1959,2015-01-01,2022-12-31,
11809,M,1956,2015-01-01,2022-12-31,
11810,M,1950,2015-01-01,2022-12-31,
11811,F,1960,2015-01-01,2022-12-31,
11812,M,1944,2015-01-01,2018-05-09,2018-05-09
11813,F,1955,2015-01-01,2022-12-31,
11814,M,1978,2015-01-01,2022-12-31,
11815,M,1957,2015-01-01,2022-12-31,
11816,F,1950,2015-01-01,2022-12-31,
11817,M,1931,2015-01-01,2022-04-22,2022-04-22
11818,M,1958,2015-01-01,2022-12-31,
11819,M,1935,2015-01-01,2022-12-31,
11820,M,1951,2015-01-01,2022-12-31,
11821,F,1944,2015-01-01,2022-12-31,
11822,M,1958,2015-01-01,2022-12-31,
11823,M,1935,2015-01-01,2022-12-31,
11824,F,1962,2015-01-01,2022-12-31,
11825,F,1950,2015-01-01,2022-12-31,
11826,M,1975,2015-01-01,2022-12-31,
11827,F,1935,2015-01-01,2022-12-31,
11828,F,1950,2015-01-01,2022-12-31,
11829,F,1966,2015-01-01,2022-12-31,
11830,F,1943,2015-01-01,2022-12-31,
11831,F,1967,2015-01-01,2022-12-31,
11832,M,1961,2015-01-01,2022-12-31,
11833,F,1942,2015-01-01,2022-12-31,
11834,F,1943,2015-01-01,2022-12-31,
11835,M,1948,2015-01-01,2022-12-31,
11836,M,1938,2015-01-01,2022-12-31,
11837,M,1958,2015-01-01,2022-12-31,
11838,F,1971,2015-01-01,2022-12-31,
11839,F,1933,2015-01-01,2022-12-31,
11840,F,1968,2015-01-01,2017-06-12,2017-06-12
11841,M,1950,2015-01-01,2022-12-31,
11842,M,1946,2015-01-01,2022-12-31,
11843,M,1932,2015-01-01,2019-08-01,2019-08-01
11844,F,1961,2015-01-01,2022-12-31,
11845,M,1964,2015-01-01,2022-12-31,
11846,F,1943,2015-01-01,2022-12-31,
11847,M,1966,2015-01-01,2022-12-31,
11848,F,1945,2015-01-01,2022-12-31,
11849,F,1953,2015-01-01,2022-12-31,
11850,M,1939,2015-01-01,2022-12-31,
11851,F,1943,2015-01-01,2022-12-31,
11852,F,1973,2015-01-01,2022-12-31,
11853,F,1969,2015-01-01,2022-12-31,
11854,M,1956,2015-01-01,2022-12-31,
11855,F,1959,2015-01-01,2022-12-31,
11856,M,1955,2015-01-01,2022-12-31,
11857,F,1968,2015-01-01,2022-12-31,
11858,F,1943,2015-01-01,2022-06-10,2022-06-10
11859,M,1974,2015-01-01,2022-12-31,
11860,F,1962,2015-01-01,2022-12-31,
11861,M,1947,2015-01-01,2022-12-31,
11862,M,1965,2015-01-01,2022-12-31,
11863,M,1952,2015-01-01,2022-12-31,
11864,M,1954,2015-01-01,2022-12-31,
11865,F,1956,2015-01-01,2022-12-31,
11866,F,1967,2015-01-01,2022-12-31,
11867,M,1976,2015-01-01,2022-12-31,
11868,F,1968,2015-01-01,2022-12-31,
11869,M,1970,2015-01-01,2022-12-31,
11870,M,1958,2015-01-01,2022-12-31,
11871,F,1973,2015-01-01,2022-12-31,
11872,M,1944,2015-01-01,2022-12-31,
11873,F,1951,2015-01-01,2022-12-31,
11874,M,1954,2015-01-01,2022-12-31,
11875,M,1955,2015-01-01,2022-12-31,
11876,M,1965,2015-01-01,2022-12-31,
11877,M,1967,2015-01-01,2022-12-31,
11878,F,1966,2015-01-01,2022-12-31,
11879,F,1970,2015-01-01,2022-12-31,
11880,M,1937,2015-01-01,2022-12-31,
11881,M,1954,2015-01-01,2022-12-31,
11882,M,1956,2015-01-01,2022-12-31,
11883,M,1962,2015-01-01,2022-12-31,
11884,F,1963,2015-01-01,2022-12-31,
11885,F,1967,2015-01-01,2022-12-31,
11886,F,1961,2015-01-01,2022-12-31,
11887,M,1961,2015-01-01,2022-12-31,
11888,M,1962,2015-01-01,2022-12-31,
11889,F,1944,2015-01-01,2018-11-12,2018-11-12
11890,F,1955,2015-01-01,2022-12-31,
11891,F,1943,2015-01-01,2022-12-31,
11892,M,1947,2015-01-01,2022-12-31,
11893,M,1959,2015-01-01,2022-11-30,2022-11-30
11894,M,1947,2015-01-01,2022-12-31,
11895,M,1945,2015-01-01,2022-12-31,
11896,F,1940,2015-01-01,2022-12-31,
11897,F,1947,2015-01-01,2022-12-31,
11898,F,1962,2015-01-01,2022-12-31,
11899,M,1945,2015-01-01,2022-12-31,
11900,M,1944,2015-01-01,2022-12-31,
11901,F,1957,2015-01-01,2022-12-31,
11902,M,1962,2015-01-01,2022-12-31,
11903,M,1969,2015-01-01,2022-12-31,
11904,F,1972,2015-01-01,2022-12-31,
11905,F,1964,2015-01-01,2022-12-31,
11906,M,1957,2015-01-01,2022-12-31,
11907,F,1967,2015-01-01,2022-12-31,
11908,M,1961,2015-01-01,2022-12-31,
11909,F,1945,2015-01-01,2022-12-31,
11910,F,1950,2015-01-01,2022-12-31,
11911,F,1957,2015-01-01,2022-12-31,
11912,F,1955,2015-01-01,2022-12-31,
11913,M,1933,2015-01-01,2022-12-31,
11914,F,1964,2015-01-01,2022-12-31,
11915,M,1950,2015-01-01,2022-12-31,
11916,M,1938,2015-01-01,2022-12-31,
11917,F,1961,2015-01-01,2022-12-31,
11918,M,1973,2015-01-01,2022-12-31,
11919,M,1956,2015-01-01,2022-12-31,
11920,M,1943,2015-01-01,2022-12-31,
11921,M,1941,2015-01-01,2022-12-31,
11922,F,1955,2015-01-01,2022-12-31,
11923,M,1955,2015-01-01,2022-12-31,
11924,M,1956,2015-01-01,2022-12-31,
11925,F,1933,2015-01-01,2022-12-31,
11926,M,1971,2015-01-01,2019-01-15,2019-01-15
11927,F,1945,2015-01-01,2022-12-31,
11928,M,1939,2015-01-01,2022-12-31,
11929,M,1955,2015-01-01,2022-12-31,
11930,M,1947,2015-01-01,2022-12-31,
11931,F,1949,2015-01-01,2022-12-31,
11932,M,1958,2015-01-01,2022-12-31,
11933,M,1921,2015-01-01,2022-12-31,
11934,F,1953,2015-01-01,2022-12-31,
11935,F,1931,2015-01-01,2021-03-27,2021-03-27
11936,F,1940,2015-01-01,2022-12-31,
11937,F,1970,2015-01-01,2022-12-31,
11938,F,1944,2015-01-01,2022-12-31,
11939,F,1952,2015-01-01,2022-12-31,
11940,F,1974,2015-01-01,2022-12-31,
11941,M,1951,2015-01-01,2022-12-31,
11942,F,1971,2015-01-01,2022-12-31,
11943,F,2007,2015-01-01,2022-12-31,
11944,F,1975,2015-01-01,2022-12-31,
11945,M,1955,2015-01-01,2022-12-31,
11946,M,1946,2015-01-01,2022-12-31,
11947,F,1979,2015-01-01,2022-12-31,
11948,M,1953,2015-01-01,2022-12-31,
11949,F,1948,2015-01-01,2022-12-31,
11950,M,1937,2015-01-01,2022-12-31,
11951,M,1980,2015-01-01,2022-12-31,
11952,F,1957,2015-01-01,2022-12-31,
11953,F,1962,2015-01-01,2022-12-31,
11954,F,1959,2015-01-01,2022-12-31,
11955,M,1936,2015-01-01,2022-12-31,
11956,M,1952,2015-01-01,2022-12-31,
11957,M,1967,2015-01-01,2022-12-31,
11958,M,1953,2015-01-01,2022-12-31,
11959,M,1952,2015-01-01,2022-12-31,
11960,M,1965,2015-01-01,2022-12-31,
11961,M,1965,2015-01-01,2022-12-31,
11962,M,1974,2015-01-01,2022-12-31,
11963,F,1951,2015-01-01,2022-12-31,
11964,M,1936,2015-01-01,2022-12-31,
11965,M,1949,2015-01-01,2022-12-31,
11966,M,1972,2015-01-01,2022-12-31,
11967,F,1944,2015-01-01,2022-12-31,
11968,F,1960,2015-01-01,2022-12-31,
11969,M,1960,2015-01-01,2022-12-31,
11970,M,1967,2015-01-01,2022-12-31,
11971,M,1948,2015-01-01,2022-12-31,
11972,F,1973,2015-01-01,2022-12-31,
11973,M,1951,2015-01-01,2022-12-31,
11974,M,1934,2015-01-01,2022-12-31,
11975,M,1935,2015-01-01,2022-12-31,
11976,M,1930,2015-01-01,2022-12-31,
11977,M,1957,2015-01-01,2022-12-31,
11978,F,1953,2015-01-01,2022-12-31,
11979,F,1961,2015-01-01,2022-12-31,
11980,M,1963,2015-01-01,2022-12-31,
11981,F,1973,2015-01-01,2022-12-31,
11982,M,1944,2015-01-01,2022-12-31,
11983,M,1949,2015-01-01,2022-12-31,
11984,M,1952,2015-01-01,2022-12-31,
11985,F,1992,2015-01-01,2022-12-31,
11986,F,1953,2015-01-01,2022-12-31,
11987,F,1955,2015-01-01,2022-12-31,
11988,F,1962,2015-01-01,2022-12-31,
11989,F,1951,2015-01-01,2022-12-31,
11990,M,1964,2015-01-01,2022-12-31,
11991,M,1947,2015-01-01,2022-12-31,
11992,F,1970,2015-01-01,2022-12-31,
11993,F,1948,2015-01-01,2022-12-31,
11994,F,1954,2015-01-01,2022-12-31,
11995,M,1964,2015-01-01,2022-12-31,
11996,M,1965,2015-01-01,2022-12-31,
11997,F,1953,2015-01-01,2017-08-21,2017-08-21
11998,M,1947,2015-01-01,2022-12-31,
11999,M,1941,2015-01-01,2022-12-31,
12000,F,1958,2015-01-01,2022-12-31,
12001,F,1945,2015-01-01,2022-12-31,
12002,M,1970,2015-01-01,2022-12-31,
12003,M,1951,2015-01-01,2022-12-31,
12004,M,1933,2015-01-01,2019-03-20,2019-03-20
12005,M,1960,2015-01-01,2022-12-31,
12006,F,1976,2015-01-01,2022-12-31,
12007,F,1952,2015-01-01,2022-12-31,
12008,F,1940,2015-01-01,2022-12-31,
12009,M,1952,2015-01-01,2022-12-31,
12010,M,1972,2015-01-01,2022-12-31,
12011,F,1960,2015-01-01,2022-12-31,
12012,M,1954,2015-01-01,2022-12-31,
12013,F,1962,2015-01-01,2022-12-31,
12014,F,1942,2015-01-01,2022-12-31,
12015,F,1960,2015-01-01,2022-12-31,
12016,F,1949,2015-01-01,2022-12-31,
12017,M,1958,2015-01-01,2022-12-31,
12018,M,1958,2015-01-01,2022-12-31,
12019,F,1958,2015-01-01,2022-12-31,
12020,M,1976,2015-01-01,2022-12-31,
12021,M,1946,2015-01-01,2022-12-31,
12022,M,1937,2015-01-01,2022-12-31,
12023,M,1943,2015-01-01,2022-12-31,
12024,M,1941,2015-01-01,2022-12-31,
12025,F,1947,2015-01-01,2022-12-31,
12026,F,1961,2015-01-01,2019-04-08,2019-04-08
12027,M,1977,2015-01-01,2022-12-31,
12028,F,1964,2015-01-01,2022-12-31,
12029,M,1960,2015-01-01,2022-12-31,
12030,F,1953,2015-01-01,2022-12-31,
12031,F,1962,2015-01-01,2022-12-31,
12032,M,1966,2015-01-01,2022-12-31,
12033,F,1933,2015-01-01,2022-12-31,
12034,M,1944,2015-01-01,2022-12-31,
12035,M,1978,2015-01-01,2022-12-31,
12036,F,1974,2015-01-01,2022-12-31,
12037,M,1952,2015-01-01,2022-12-31,
12038,F,1941,2015-01-01,2022-12-31,
12039,M,1957,2015-01-01,2022-12-31,
12040,M,1957,2015-01-01,2022-12-31,
12041,F,1964,2015-01-01,2022-12-31,
12042,M,1976,2015-01-01,2022-12-31,
12043,F,1939,2015-01-01,2022-12-31,
12044,M,1961,2015-01-01,2022-12-31,
12045,F,1971,2015-01-01,2022-12-31,
12046,M,1953,2015-01-01,2022-12-31,
12047,M,1973,2015-01-01,2022-12-31,
12048,M,1957,2015-01-01,2022-12-31,
12049,F,1963,2015-01-01,2022-12-31,
12050,F,1946,2015-01-01,2022-12-31,
12051,F,1960,2015-01-01,2022-12-31,
12052,M,1982,2015-01-01,2022-12-31,
12053,M,1939,2015-01-01,2022-12-31,
12054,M,1957,2015-01-01,2022-12-31,
12055,F,1976,2015-01-01,2022-12-31,
12056,F,1951,2015-01-01,2022-12-31,
12057,M,1953,2015-01-01,2022-12-31,
12058,M,1959,2015-01-01,2022-12-31,
12059,F,1952,2015-01-01,2022-12-31,
12060,M,1944,2015-01-01,2016-05-26,2016-05-26
12061,F,1963,2015-01-01,2022-12-31,
12062,F,1957,2015-01-01,2022-12-31,
12063,F,1950,2015-01-01,2022-12-31,
12064,F,1968,2015-01-01,2022-12-31,
12065,M,1974,2015-01-01,2022-12-31,
12066,M,1965,2015-01-01,2022-12-31,
12067,M,1939,2015-01-01,2022-12-31,
12068,M,1940,2015-01-01,2022-12-31,
12069,M,1946,2015-01-01,2022-12-31,
12070,F,1980,2015-01-01,2022-12-31,
12071,F,1977,2015-01-01,2022-12-31,
12072,M,1961,2015-01-01,2022-12-31,
12073,M,1922,2015-01-01,2020-04-20,2020-04-20
12074,M,1968,2015-01-01,2022-12-31,
12075,F,1966,2015-01-01,2022-12-31,
12076,M,1962,2015-01-01,2022-12-31,
12077,M,1931,2015-01-01,2022-12-31,
12078,M,1950,2015-01-01,2022-12-31,
12079,F,1963,2015-01-01,2022-12-31,
12080,F,1946,2015-01-01,2022-12-31,
12081,F,1943,2015-01-01,2022-12-31,
12082,F,1954,2015-01-01,2022-12-31,
12083,M,1955,2015-01-01,2022-12-31,
12084,M,1945,2015-01-01,2022-12-31,
12085,F,1955,2015-01-01,2022-12-31,
12086,F,1979,2015-01-01,2022-12-31,
12087,M,1969,2015-01-01,2022-12-31,
12088,M,1971,2015-01-01,2022-12-31,
12089,M,1946,2015-01-01,2022-12-31,
12090,M,1968,2015-01-01,2022-12-31,
12091,M,1955,2015-01-01,2022-12-31,
12092,M,1947,2015-01-01,2022-12-31,
12093,F,1961,2015-01-01,2022-12-31,
12094,M,1951,2015-01-01,2022-12-31,
12095,F,1956,2015-01-01,2022-12-31,
12096,M,1960,2015-01-01,2022-12-31,
12097,M,1958,2015-01-01,2022-12-31,
12098,M,1940,2015-01-01,2022-12-31,
12099,M,1972,2015-01-01,2022-12-31,
12100,M,1967,2015-01-01,2022-12-31,
12101,M,1974,2015-01-01,2022-12-31,
12102,F,1950,2015-01-01,2022-12-31,
12103,M,1957,2015-01-01,2022-12-31,
12104,M,1942,2015-01-01,2022-12-31,
12105,M,1948,2015-01-01,2022-12-31,
12106,M,1967,2015-01-01,2022-12-31,
12107,F,1980,2015-01-01,2022-12-31,
12108,M,1941,2015-01-01,2022-12-31,
12109,F,1965,2015-01-01,2022-12-31,
12110,M,1941,2015-01-01,2022-12-31,
12111,F,1971,2015-01-01,2022-12-31,
12112,M,1964,2015-01-01,2022-12-31,
12113,M,1952,2015-01-01,2022-12-31,
12114,M,1983,2015-01-01,2022-12-31,
12115,F,1950,2015-01-01,2022-12-31,
12116,F,1950,2015-01-01,2022-12-31,
12117,F,1965,2015-01-01,2022-12-31,
12118,F,1943,2015-01-01,2022-12-31,
12119,F,1964,2015-01-01,2022-12-31,
12120,M,1956,2015-01-01,2022-12-31,
12121,F,1966,2015-01-01,2022-12-31,
12122,M,1953,2015-01-01,2022-12-31,
12123,M,1946,2015-01-01,2022-12-31,
12124,M,1940,2015-01-01,2022-12-31,
12125,F,1970,2015-01-01,2022-12-31,
12126,M,1958,2015-01-01,2022-12-31,
12127,M,1956,2015-01-01,2022-12-31,
12128,F,1932,2015-01-01,2022-12-31,
12129,F,1968,2015-01-01,2022-12-31,
12130,F,1963,2015-01-01,2022-12-31,
12131,F,1940,2015-01-01,2022-12-31,
12132,M,1963,2015-01-01,2022-12-31,
12133,M,1960,2015-01-01,2022-12-31,
12134,F,1944,2015-01-01,2022-12-31,
12135,M,1960,2015-01-01,2022-12-31,
12136,F,1946,2015-01-01,2022-12-31,
12137,F,1980,2015-01-01,2022-12-31,
12138,F,1952,2015-01-01,2022-12-31,
12139,M,1959,2015-01-01,2022-12-31,
12140,F,1927,2015-01-01,2022-12-31,
12141,F,1983,2015-01-01,2022-12-31,
12142,F,1950,2015-01-01,2022-12-31,
12143,F,1953,2015-01-01,2022-12-31,
12144,F,1952,2015-01-01,2022-12-31,
12145,F,1954,2015-01-01,2022-12-31,
12146,M,1952,2015-01-01,2022-12-31,
12147,F,1957,2015-01-01,2022-12-31,
12148,M,1953,2015-01-01,2022-12-31,
12149,F,1961,2015-01-01,2022-12-31,
12150,M,1949,2015-01-01,2022-12-31,
12151,F,1970,2015-01-01,2022-12-31,
12152,F,1950,2015-01-01,2022-12-31,
12153,F,1963,2015-01-01,2022-12-31,
12154,M,1982,2015-01-01,2022-12-31,
12155,M,1942,2015-01-01,2022-12-31,
12156,M,1953,2015-01-01,2022-12-31,
12157,M,1936,2015-01-01,2022-12-31,
12158,M,1940,2015-01-01,2022-03-02,2022-03-02
12159,M,1973,2015-01-01,2022-12-31,
12160,F,1947,2015-01-01,2022-12-31,
12161,F,1951,2015-01-01,2022-12-31,
12162,M,1951,2015-01-01,2022-12-31,
12163,M,1950,2015-01-01,2022-12-31,
12164,F,1956,2015-01-01,2022-12-31,
12165,F,1971,2015-01-01,2022-12-31,
12166,F,1958,2015-01-01,2022-12-31,
12167,M,1976,2015-01-01,2022-12-31,
12168,M,1938,2015-01-01,2022-12-31,
12169,M,1946,2015-01-01,2022-12-31,
12170,M,1955,2015-01-01,2022-12-31,
12171,M,1973,2015-01-01,2022-12-31,
12172,M,1938,2015-01-01,2022-12-31,
12173,M,1979,2015-01-01,2022-12-31,
12174,F,1967,2015-01-01,2022-12-31,
12175,M,1957,2015-01-01,2022-12-31,
12176,F,1949,2015-01-01,2022-12-31,
12177,F,1960,2015-01-01,2022-12-31,
12178,M,1956,2015-01-01,2022-12-31,
12179,M,1954,2015-01-01,2022-12-31,
12180,F,1954,2015-01-01,2022-12-31,
12181,M,1971,2015-01-01,2017-05-07,2017-05-07
12182,F,1954,2015-01-01,2022-12-31,
12183,M,1935,2015-01-01,2022-12-31,
12184,F,1939,2015-01-01,2022-12-31,
12185,M,1958,2015-01-01,2022-12-31,
12186,M,1921,2015-01-01,2022-12-31,
12187,F,1942,2015-01-01,2022-12-31,
12188,F,1961,2015-01-01,2022-12-31,
12189,F,1971,2015-01-01,2022-12-31,
12190,M,1969,2015-01-01,2022-12-31,
12191,F,1947,2015-01-01,2022-12-31,
12192,M,1959,2015-01-01,2022-12-31,
12193,M,1967,2015-01-01,2022-12-31,
12194,F,1948,2015-01-01,2022-12-31,
12195,M,1959,2015-01-01,2022-12-31,
12196,M,1964,2015-01-01,2022-12-31,
12197,M,1971,2015-01-01,2022-12-31,
12198,F,1973,2015-01-01,2022-12-31,
12199,M,1959,2015-01-01,2022-12-31,
12200,M,1944,2015-01-01,2022-12-31,
12201,M,1966,2015-01-01,2022-12-31,
12202,F,1970,2015-01-01,2022-12-31,
12203,F,1942,2015-01-01,2022-12-31,
12204,M,1963,2015-01-01,2022-12-31,
12205,F,1954,2015-01-01,2022-12-31,
12206,F,1948,2015-01-01,2022-12-31,
12207,F,1953,2015-01-01,2022-12-31,
12208,M,1937,2015-01-01,2022-12-31,
12209,M,1950,2015-01-01,2022-12-31,
12210,F,1961,2015-01-01,2022-12-31,
12211,M,1966,2015-01-01,2022-12-31,
12212,F,1957,2015-01-01,2022-12-31,
12213,M,1931,2015-01-01,2022-12-31,
12214,M,1948,2015-01-01,2022-12-31,
12215,M,1958,2015-01-01,2022-12-31,
12216,F,1951,2015-01-01,2022-12-31,
12217,M,1968,2015-01-01,2022-12-31,
12218,F,1948,2015-01-01,2022-12-31,
12219,F,1958,2015-01-01,2022-12-31,
12220,F,1932,2015-01-01,2022-12-31,
12221,M,1955,2015-01-01,2022-12-31,
12222,M,1953,2015-01-01,2022-12-31,
12223,M,1932,2015-01-01,2022-12-31,
12224,M,1946,2015-01-01,2022-12-31,
12225,F,1949,2015-01-01,2022-12-31,
12226,M,1951,2015-01-01,2022-12-31,
12227,F,1951,2015-01-01,2022-12-31,
12228,M,1959,2015-01-01,2022-12-31,
12229,F,1965,2015-01-01,2022-12-31,
12230,M,1940,2015-01-01,2022-12-31,
12231,F,1966,2015-01-01,2022-12-31,
12232,F,1959,2015-01-01,2022-12-31,
12233,M,1953,2015-01-01,2022-12-31,
12234,M,1960,2015-01-01,2022-12-31,
12235,F,1946,2015-01-01,2022-12-31,
12236,M,1960,2015-01-01,2022-12-31,
12237,F,1950,2015-01-01,2022-12-31,
12238,M,1971,2015-01-01,2022-12-31,
12239,M,1953,2015-01-01,2022-12-31,
12240,M,1961,2015-01-01,2022-12-31,
12241,M,1956,2015-01-01,2022-12-31,
12242,M,1971,2015-01-01,2022-12-31,
12243,M,1965,2015-01-01,2022-12-31,
12244,F,1966,2015-01-01,2022-12-31,
12245,F,1965,2015-01-01,2022-12-31,
12246,F,1970,2015-01-01,2022-12-31,
12247,M,1953,2015-01-01,2022-12-31,
12248,M,1975,2015-01-01,2022-12-31,
12249,F,1938,2015-01-01,2022-12-31,
12250,M,1950,2015-01-01,2022-12-31,
12251,M,1940,2015-01-01,2022-12-31,
12252,M,1965,2015-01-01,2022-12-31,
12253,M,1974,2015-01-01,2022-12-31,
12254,F,1943,2015-01-01,2022-12-31,
12255,M,1969,2015-01-01,2022-12-31,
12256,F,1945,2015-01-01,2022-12-31,
12257,M,1965,2015-01-01,2022-12-31,
12258,M,1963,2015-01-01,2022-12-31,
12259,M,1939,2015-01-01,2019-11-14,2019-11-14
12260,M,1949,2015-01-01,2022-12-31,
12261,M,1950,2015-01-01,2022-12-31,
12262,F,1964,2015-01-01,2022-12-31,
12263,M,1947,2015-01-01,2018-08-20,2018-08-20
12264,M,1978,2015-01-01,2022-12-31,
12265,F,1967,2015-01-01,2022-12-31,
12266,M,1966,2015-01-01,2022-12-31,
12267,F,1937,2015-01-01,2022-12-31,
12268,F,1959,2015-01-01,2022-12-31,
12269,F,1955,2015-01-01,2022-12-31,
12270,M,1952,2015-01-01,2022-12-31,
12271,F,1959,2015-01-01,2022-12-31,
12272,M,1964,2015-01-01,2022-12-31,
12273,F,1957,2015-01-01,2022-12-31,
12274,F,1954,2015-01-01,2022-12-31,
12275,F,1948,2015-01-01,2022-12-31,
12276,M,1953,2015-01-01,2022-12-31,
12277,F,1950,2015-01-01,2022-12-31,
12278,M,1989,2015-01-01,2022-12-31,
12279,M,1948,2015-01-01,2022-12-31,
12280,F,1969,2015-01-01,2022-12-31,
12281,M,1980,2015-01-01,2022-12-31,
12282,F,1947,2015-01-01,2022-12-31,
12283,F,1959,2015-01-01,2022-12-31,
12284,M,1951,2015-01-01,2022-12-31,
12285,F,1965,2015-01-01,2022-12-31,
12286,M,1969,2015-01-01,2022-12-31,
12287,M,1963,2015-01-01,2022-12-31,
12288,F,1974,2015-01-01,2022-12-31,
12289,F,1954,2015-01-01,2022-12-31,
12290,F,1957,2015-01-01,2022-12-31,
12291,F,1965,2015-01-01,2022-12-31,
12292,F,1936,2015-01-01,2022-12-31,
12293,M,1958,2015-01-01,2022-12-31,
12294,M,1946,2015-01-01,2022-12-31,
12295,M,1953,2015-01-01,2022-12-31,
12296,M,1946,2015-01-01,2022-12-31,
12297,M,1949,2015-01-01,2022-12-31,
12298,M,1932,2015-01-01,2022-12-31,
12299,M,1941,2015-01-01,2022-12-31,
12300,M,1949,2015-01-01,2022-12-31,
12301,M,1971,2015-01-01,2022-12-31,
12302,M,1952,2015-01-01,2022-12-31,
12303,F,1968,2015-01-01,2022-12-31,
12304,M,1966,2015-01-01,2019-01-27,2019-01-27
12305,M,1954,2015-01-01,2022-12-31,
12306,M,1974,2015-01-01,2022-12-31,
12307,M,1959,2015-01-01,2022-12-31,
12308,M,1957,2015-01-01,2022-12-31,
12309,F,1966,2015-01-01,2018-10-24,2018-10-24
12310,M,1957,2015-01-01,2022-12-31,
12311,M,1948,2015-01-01,2022-12-31,
12312,F,1972,2015-01-01,2022-12-31,
12313,M,1975,2015-01-01,2022-12-31,
12314,F,1972,2015-01-01,2022-12-31,
12315,M,1965,2015-01-01,2022-12-31,
12316,F,1967,2015-01-01,2022-12-31,
12317,M,1962,2015-01-01,2022-12-31,
12318,M,1948,2015-01-01,2022-12-31,
12319,M,1947,2015-01-01,2022-12-31,
12320,M,1963,2015-01-01,2022-12-31,
12321,M,1926,2015-01-01,2022-12-31,
12322,M,1959,2015-01-01,2022-12-31,
12323,M,1967,2015-01-01,2022-12-31,
12324,F,1947,2015-01-01,2022-12-31,
12325,F,1965,2015-01-01,2022-12-31,
12326,M,1934,2015-01-01,2022-12-31,
12327,F,1957,2015-01-01,2022-12-31,
12328,M,1952,2015-01-01,2022-12-31,
12329,F,1954,2015-01-01,2022-12-31,
12330,F,1958,2015-01-01,2022-12-31,
12331,F,1944,2015-01-01,2022-12-31,
12332,M,1958,2015-01-01,2022-12-31,
12333,F,1944,2015-01-01,2022-12-31,
12334,M,1969,2015-01-01,2022-12-31,
12335,M,1949,2015-01-01,2022-12-31,
12336,M,1933,2015-01-01,2022-12-31,
12337,F,1968,2015-01-01,2022-12-31,
12338,F,1977,2015-01-01,2022-12-31,
12339,F,1953,2015-01-01,2022-12-31,
12340,F,1956,2015-01-01,2022-12-31,
12341,M,1959,2015-01-01,2022-12-31,
12342,M,1948,2015-01-01,2022-12-31,
12343,F,1958,2015-01-01,2022-12-31,
12344,M,1960,2015-01-01,2022-12-31,
12345,F,1971,2015-01-01,2022-12-31,
12346,M,1936,2015-01-01,2022-12-31,
12347,M,1952,2015-01-01,2022-12-31,
12348,M,1961,2015-01-01,2022-12-31,
12349,M,1950,2015-01-01,2022-12-31,
12350,M,1943,2015-01-01,2022-12-31,
12351,M,1952,2015-01-01,2022-12-31,
12352,F,1954,2015-01-01,2022-12-31,
12353,M,1985,2015-01-01,2022-12-31,
12354,F,1955,2015-01-01,2022-12-31,
12355,F,1967,2015-01-01,2022-12-31,
12356,F,2002,2015-01-01,2022-12-31,
12357,M,1967,2015-01-01,2022-12-31,
12358,F,1956,2015-01-01,2020-01-28,2020-01-28
12359,M,1966,2015-01-01,2022-12-31,
12360,M,1957,2015-01-01,2022-12-31,
12361,M,1950,2015-01-01,2022-05-10,2022-05-10
12362,M,1953,2015-01-01,2022-12-31,
12363,M,1935,2015-01-01,2022-12-31,
12364,M,1972,2015-01-01,2022-12-31,
12365,F,1958,2015-01-01,2022-12-31,
12366,M,1970,2015-01-01,2022-12-31,
12367,F,1944,2015-01-01,2022-12-31,
12368,M,1968,2015-01-01,2022-12-31,
12369,M,1973,2015-01-01,2022-12-31,
12370,M,1955,2015-01-01,2022-12-31,
12371,F,1950,2015-01-01,2022-12-31,
12372,M,1943,2015-01-01,2022-12-31,
12373,F,1976,2015-01-01,2022-12-31,
12374,M,1945,2015-01-01,2022-12-31,
12375,M,1951,2015-01-01,2022-12-31,
12376,F,1954,2015-01-01,2022-12-31,
12377,M,1968,2015-01-01,2022-12-31,
12378,F,1970,2015-01-01,2022-12-31,
12379,M,1937,2015-01-01,2022-12-31,
12380,M,1958,2015-01-01,2022-12-31,
12381,F,1941,2015-01-01,2022-12-31,
12382,F,1961,2015-01-01,2022-12-31,
12383,M,1955,2015-01-01,2022-12-31,
12384,M,1988,2015-01-01,2022-12-31,
12385,M,1950,2015-01-01,2022-12-31,
12386,M,1948,2015-01-01,2022-12-31,
12387,M,1969,2015-01-01,2022-12-31,
12388,M,1968,2015-01-01,2022-12-31,
12389,F,1934,2015-01-01,2022-12-31,
12390,F,1949,2015-01-01,2022-12-31,
12391,M,1949,2015-01-01,2022-12-31,
12392,F,1961,2015-01-01,2022-12-31,
12393,M,1966,2015-01-01,2022-12-31,
12394,M,1944,2015-01-01,2022-12-31,
12395,M,1951,2015-01-01,2022-12-31,
12396,F,1980,2015-01-01,2022-12-31,
12397,M,1973,2015-01-01,2022-12-31,
12398,F,1955,2015-01-01,2022-12-31,
12399,F,1952,2015-01-01,2022-12-31,
12400,M,1975,2015-01-01,2022-12-31,
12401,F,1942,2015-01-01,2020-08-08,2020-08-08
12402,M,1945,2015-01-01,2022-12-31,
12403,F,1976,2015-01-01,2022-12-31,
12404,M,1985,2015-01-01,2022-12-31,
12405,F,1962,2015-01-01,2022-12-31,
12406,M,1959,2015-01-01,2022-12-31,
12407,M,1964,2015-01-01,2022-12-31,
12408,F,1954,2015-01-01,2022-12-31,
12409,F,1978,2015-01-01,2022-12-31,
12410,M,1960,2015-01-01,2022-12-31,
12411,F,1945,2015-01-01,2022-12-31,
12412,M,1956,2015-01-01,2022-12-31,
12413,M,1975,2015-01-01,2022-12-31,
12414,M,1961,2015-01-01,2022-12-31,
12415,M,1940,2015-01-01,2022-12-31,
12416,F,1970,2015-01-01,2022-12-31,
12417,F,1946,2015-01-01,2022-12-31,
12418,M,1966,2015-01-01,2022-12-31,
12419,M,1979,2015-01-01,2022-12-31,
12420,M,1933,2015-01-01,2022-12-31,
12421,M,1952,2015-01-01,2022-12-31,
12422,M,1948,2015-01-01,2022-12-31,
12423,F,1959,2015-01-01,2022-12-31,
12424,M,1959,2015-01-01,2022-12-31,
12425,F,1952,2015-01-01,2022-12-31,
12426,F,1971,2015-01-01,2022-12-31,
12427,M,1973,2015-01-01,2022-12-31,
12428,F,1953,2015-01-01,2022-12-31,
12429,M,1979,2015-01-01,2022-12-31,
12430,F,1954,2015-01-01,2022-12-31,
12431,M,1951,2015-01-01,2022-12-31,
12432,F,1974,2015-01-01,2022-12-31,
12433,F,1932,2015-01-01,2022-12-31,
12434,M,1962,2015-01-01,2022-12-31,
12435,F,1952,2015-01-01,2022-12-31,
12436,M,1970,2015-01-01,2022-12-31,
12437,F,1969,2015-01-01,2022-12-31,
12438,M,1950,2015-01-01,2022-12-31,
12439,F,1951,2015-01-01,2022-12-31,
12440,M,1954,2015-01-01,2022-12-31,
12441,M,1944,2015-01-01,2022-12-31,
12442,M,1953,2015-01-01,2022-12-31,
12443,F,1956,2015-01-01,2022-12-31,
12444,F,1968,2015-01-01,2022-12-31,
12445,F,1960,2015-01-01,2022-12-31,
12446,M,1969,2015-01-01,2019-07-30,2019-07-30
12447,M,1956,2015-01-01,2022-12-31,
12448,F,1940,2015-01-01,2021-08-05,2021-08-05
12449,F,1927,2015-01-01,2022-12-31,
12450,F,1959,2015-01-01,2022-12-31,
12451,M,1964,2015-01-01,2022-12-31,
12452,F,1958,2015-01-01,2022-12-31,
12453,F,1954,2015-01-01,2022-12-31,
12454,M,1974,2015-01-01,2022-12-31,
12455,M,1945,2015-01-01,2022-12-31,
12456,M,1932,2015-01-01,2022-12-31,
12457,M,1955,2015-01-01,2022-12-31,
12458,F,1965,2015-01-01,2022-12-31,
12459,F,1948,2015-01-01,2022-12-31,
12460,F,1956,2015-01-01,2022-12-31,
12461,F,1936,2015-01-01,2022-12-31,
12462,M,1981,2015-01-01,2022-12-31,
12463,F,1965,2015-01-01,2022-12-31,
12464,M,1943,2015-01-01,2022-12-31,
12465,F,1962,2015-01-01,2022-12-31,
12466,F,1964,2015-01-01,2022-12-31,
12467,M,1957,2015-01-01,2022-12-31,
12468,M,1971,2015-01-01,2022-12-31,
12469,M,1946,2015-01-01,2022-12-31,
12470,M,1966,2015-01-01,2022-12-31,
12471,M,1937,2015-01-01,2022-12-31,
12472,M,1942,2015-01-01,2022-12-31,
12473,F,1978,2015-01-01,2022-12-31,
12474,F,1932,2015-01-01,2022-12-31,
12475,F,1959,2015-01-01,2022-12-31,
12476,F,1965,2015-01-01,2022-12-31,
12477,F,1957,2015-01-01,2022-12-31,
12478,F,1969,2015-01-01,2022-12-31,
12479,M,1981,2015-01-01,2022-12-31,
12480,M,1943,2015-01-01,2022-12-31,
12481,F,1941,2015-01-01,2022-12-31,
12482,M,1962,2015-01-01,2022-12-31,
12483,F,1957,2015-01-01,2022-12-31,
12484,F,1977,2015-01-01,2022-12-31,
12485,F,1971,2015-01-01,2022-12-31,
12486,M,1949,2015-01-01,2022-12-31,
12487,F,1959,2015-01-01,2022-12-31,
12488,M,1954,2015-01-01,2022-12-31,
12489,M,1944,2015-01-01,2022-12-31,
12490,F,1972,2015-01-01,2022-12-31,
12491,F,1966,2015-01-01,2022-12-31,
12492,F,1970,2015-01-01,2022-12-31,
12493,F,1957,2015-01-01,2022-12-31,
12494,M,1966,2015-01-01,2022-12-31,
12495,M,1960,2015-01-01,2022-12-31,
12496,F,1970,2015-01-01,2022-12-31,
12497,M,1980,2015-01-01,2022-12-31,
12498,F,1944,2015-01-01,2022-12-31,
12499,M,1974,2015-01-01,2022-12-31,
12500,M,1938,2015-01-01,2022-12-31,
12501,F,1950,2015-01-01,2022-12-31,
12502,M,1947,2015-01-01,2022-12-31,
12503,M,1952,2015-01-01,2022-12-31,
12504,M,1948,2015-01-01,2022-12-31,
12505,M,1950,2015-01-01,2022-12-31,
12506,F,1992,2015-01-01,2022-12-31,
12507,M,1959,2015-01-01,2022-12-31,
12508,M,1961,2015-01-01,2022-12-31,
12509,F,1951,2015-01-01,2022-12-31,
12510,F,1965,2015-01-01,2022-12-31,
12511,F,1941,2015-01-01,2022-12-31,
12512,F,1933,2015-01-01,2022-12-31,
12513,F,1960,2015-01-01,2022-12-31,
12514,F,1934,2015-01-01,2022-12-31,
12515,F,1949,2015-01-01,2022-12-31,
12516,M,1967,2015-01-01,2022-12-31,
12517,F,1955,2015-01-01,2022-12-31,
12518,M,1964,2015-01-01,2022-12-31,
12519,M,1970,2015-01-01,2022-12-31,
12520,M,1953,2015-01-01,2022-12-31,
12521,M,1976,2015-01-01,2022-12-31,
12522,F,1955,2015-01-01,2022-12-31,
12523,F,1960,2015-01-01,2022-12-31,
12524,F,1947,2015-01-01,2022-06-09,2022-06-09
12525,M,1970,2015-01-01,2022-12-31,
12526,F,1965,2015-01-01,2022-12-31,
12527,F,1939,2015-01-01,2022-12-31,
12528,M,1971,2015-01-01,2022-12-31,
12529,F,1964,2015-01-01,2022-12-31,
12530,F,1957,2015-01-01,2022-12-31,
12531,F,1946,2015-01-01,2022-12-31,
12532,M,1948,2015-01-01,2022-12-31,
12533,F,1962,2015-01-01,2022-12-31,
12534,F,1953,2015-01-01,2022-12-31,
12535,M,1973,2015-01-01,2022-12-31,
12536,F,1962,2015-01-01,2022-12-31,
12537,M,1939,2015-01-01,2022-12-31,
12538,F,1953,2015-01-01,2022-12-31,
12539,F,1952,2015-01-01,2022-07-08,2022-07-08
12540,M,1958,2015-01-01,2022-12-31,
12541,F,1952,2015-01-01,2022-12-31,
12542,M,1940,2015-01-01,2022-12-31,
12543,M,1966,2015-01-01,2022-12-31,
12544,F,1943,2015-01-01,2022-12-31,
12545,M,1954,2015-01-01,2022-12-31,
12546,F,1958,2015-01-01,2022-12-31,
12547,F,1936,2015-01-01,2022-12-31,
12548,M,1964,2015-01-01,2022-12-31,
12549,M,1948,2015-01-01,2022-12-31,
12550,F,1943,2015-01-01,2022-12-31,
12551,M,1953,2015-01-01,2022-12-31,
12552,F,1967,2015-01-01,2022-12-31,
12553,M,1941,2015-01-01,2022-12-31,
12554,M,1965,2015-01-01,2022-12-31,
12555,M,1966,2015-01-01,2022-12-31,
12556,M,1952,2015-01-01,2022-12-31,
12557,M,1973,2015-01-01,2022-12-31,
12558,M,1943,2015-01-01,2022-05-30,2022-05-30
12559,M,1955,2015-01-01,2022-12-31,
12560,M,1941,2015-01-01,2022-12-31,
12561,M,1948,2015-01-01,2022-12-31,
12562,M,1977,2015-01-01,2022-12-31,
12563,F,1955,2015-01-01,2017-07-21,2017-07-21
12564,M,1952,2015-01-01,2022-12-31,
12565,M,1955,2015-01-01,2022-12-31,
12566,F,1973,2015-01-01,2022-12-31,
12567,M,1951,2015-01-01,2022-12-31,
12568,F,1955,2015-01-01,2022-12-31,
12569,M,1951,2015-01-01,2022-12-31,
12570,M,1945,2015-01-01,2022-12-31,
12571,M,1974,2015-01-01,2022-12-31,
12572,M,1971,2015-01-01,2022-12-31,
12573,M,1963,2015-01-01,2022-12-31,
12574,M,1965,2015-01-01,2022-12-31,
12575,M,1961,2015-01-01,2022-12-31,
12576,F,1940,2015-01-01,2022-12-31,
12577,M,1971,2015-01-01,2022-12-31,
12578,M,1948,2015-01-01,2022-12-31,
12579,F,1950,2015-01-01,2022-12-31,
12580,F,1957,2015-01-01,2022-12-31,
12581,M,1963,2015-01-01,2022-12-31,
12582,M,1951,2015-01-01,2022-10-19,2022-10-19
12583,M,1961,2015-01-01,2022-12-31,
12584,M,1957,2015-01-01,2022-12-31,
12585,M,1971,2015-01-01,2022-12-31,
12586,F,1960,2015-01-01,2022-12-31,
12587,M,1976,2015-01-01,2022-12-31,
12588,M,1953,2015-01-01,2022-12-31,
12589,M,1966,2015-01-01,2022-12-31,
12590,F,1942,2015-01-01,2022-12-31,
12591,F,1965,2015-01-01,2022-12-31,
12592,M,1939,2015-01-01,2022-12-31,
12593,M,1964,2015-01-01,2022-12-31,
12594,M,1943,2015-01-01,2022-12-31,
12595,F,1981,2015-01-01,2022-12-31,
12596,M,1959,2015-01-01,2022-12-31,
12597,M,1945,2015-01-01,2022-12-31,
12598,F,1972,2015-01-01,2022-12-31,
12599,F,1953,2015-01-01,2022-12-31,
12600,F,1938,2015-01-01,2022-12-31,
12601,F,1950,2015-01-01,2022-12-31,
12602,M,1954,2015-01-01,2022-12-31,
12603,M,1958,2015-01-01,2022-12-31,
12604,F,1945,2015-01-01,2022-12-31,
12605,M,1963,2015-01-01,2022-12-31,
12606,M,1938,2015-01-01,2022-12-31,
12607,F,1940,2015-01-01,2022-12-31,
12608,F,1960,2015-01-01,2022-12-31,
12609,M,1938,2015-01-01,2022-12-31,
12610,M,1971,2015-01-01,2022-12-31,
12611,M,1965,2015-01-01,2022-12-31,
12612,F,1958,2015-01-01,2022-12-31,
12613,F,1948,2015-01-01,2022-12-31,
12614,F,1930,2015-01-01,2022-12-31,
12615,M,1946,2015-01-01,2022-12-31,
12616,F,1960,2015-01-01,2022-12-31,
12617,M,1953,2015-01-01,2022-12-31,
12618,F,1948,2015-01-01,2022-12-31,
12619,M,1950,2015-01-01,2022-12-31,
12620,F,1953,2015-01-01,2022-12-31,
12621,M,1960,2015-01-01,2022-12-31,
12622,F,1974,2015-01-01,2022-12-31,
12623,F,1973,2015-01-01,2016-03-30,2016-03-30
12624,M,1969,2015-01-01,2022-12-31,
12625,M,1961,2015-01-01,2022-12-31,
12626,F,1964,2015-01-01,2022-12-31,
12627,F,1935,2015-01-01,2022-12-31,
12628,M,1955,2015-01-01,2022-12-31,
12629,M,1951,2015-01-01,2022-12-31,
12630,M,1949,2015-01-01,2022-12-31,
12631,F,1947,2015-01-01,2022-12-31,
12632,M,1971,2015-01-01,2022-12-31,
12633,M,1971,2015-01-01,2022-12-31,
12634,M,1940,2015-01-01,2022-12-31,
12635,M,1964,2015-01-01,2022-12-31,
12636,F,1965,2015-01-01,2022-12-31,
12637,M,1949,2015-01-01,2022-12-31,
12638,F,1961,2015-01-01,2016-03-16,2016-03-16
12639,F,1951,2015-01-01,2022-12-31,
12640,F,1944,2015-01-01,2022-12-31,
12641,M,1942,2015-01-01,2022-12-31,
12642,F,1969,2015-01-01,2022-12-31,
12643,F,1944,2015-01-01,2022-12-31,
12644,M,1931,2015-01-01,2022-12-31,
12645,M,1950,2015-01-01,2022-12-31,
12646,M,1949,2015-01-01,2019-09-28,2019-09-28
12647,M,1960,2015-01-01,2022-12-31,
12648,F,1950,2015-01-01,2022-12-31,
12649,M,1948,2015-01-01,2022-12-31,
12650,M,1961,2015-01-01,2022-12-31,
12651,F,1944,2015-01-01,2022-12-31,
12652,F,1976,2015-01-01,2022-12-31,
12653,F,1989,2015-01-01,2022-12-31,
12654,M,1973,2015-01-01,2022-12-31,
12655,F,1945,2015-01-01,2022-12-31,
12656,M,1962,2015-01-01,2022-12-31,
12657,F,1940,2015-01-01,2022-12-31,
12658,F,1964,2015-01-01,2022-12-31,
12659,M,1947,2015-01-01,2022-12-31,
12660,F,1962,2015-01-01,2022-12-31,
12661,F,1982,2015-01-01,2022-12-31,
12662,M,1953,2015-01-01,2022-12-31,
12663,M,1973,2015-01-01,2022-12-31,
12664,M,1946,2015-01-01,2022-12-31,
12665,F,1966,2015-01-01,2022-12-31,
12666,F,1924,2015-01-01,2022-12-31,
12667,M,1950,2015-01-01,2022-12-31,
12668,M,1961,2015-01-01,2022-12-31,
12669,M,1953,2015-01-01,2022-12-31,
12670,F,1969,2015-01-01,2022-12-31,
12671,M,1939,2015-01-01,2022-12-31,
12672,M,1962,2015-01-01,2022-12-31,
12673,M,1964,2015-01-01,2022-12-31,
12674,M,1942,2015-01-01,2022-12-31,
12675,M,1969,2015-01-01,2022-12-31,
12676,F,1964,2015-01-01,2022-12-31,
12677,M,1938,2015-01-01,2022-12-31,
12678,M,1958,2015-01-01,2022-12-31,
12679,F,1939,2015-01-01,2022-12-31,
12680,F,1957,2015-01-01,2022-12-31,
12681,F,1947,2015-01-01,2022-12-31,
12682,M,1960,2015-01-01,2022-08-30,2022-08-30
12683,F,1963,2015-01-01,2022-12-31,
12684,M,1961,2015-01-01,2022-12-31,
12685,F,1947,2015-01-01,2019-12-21,2019-12-21
12686,M,1926,2015-01-01,2022-12-31,
12687,F,1959,2015-01-01,2017-02-06,2017-02-06
12688,F,1958,2015-01-01,2022-12-31,
12689,M,1946,2015-01-01,2022-12-31,
12690,M,1960,2015-01-01,2022-12-31,
12691,M,1955,2015-01-01,2022-12-31,
12692,F,1966,2015-01-01,2022-12-31,
12693,M,1972,2015-01-01,2022-12-31,
12694,F,1955,2015-01-01,2022-12-31,
12695,M,1970,2015-01-01,2022-12-31,
12696,F,1967,2015-01-01,2022-12-31,
12697,F,1938,2015-01-01,2022-12-31,
12698,M,1955,2015-01-01,2022-12-31,
12699,M,1963,2015-01-01,2022-12-31,
12700,F,1966,2015-01-01,2022-12-31,
12701,F,1952,2015-01-01,2022-12-31,
12702,M,1960,2015-01-01,2022-12-31,
12703,F,1958,2015-01-01,2022-12-31,
12704,M,1971,2015-01-01,2022-12-31,
12705,M,1964,2015-01-01,2022-12-31,
12706,F,1940,2015-01-01,2022-12-31,
12707,M,1974,2015-01-01,2022-12-31,
12708,M,1975,2015-01-01,2022-12-31,
12709,M,1949,2015-01-01,2022-12-31,
12710,M,1969,2015-01-01,2022-12-31,
12711,M,1961,2015-01-01,2022-12-31,
12712,M,1946,2015-01-01,2022-12-31,
12713,F,1959,2015-01-01,2022-12-31,
12714,F,1952,2015-01-01,2022-12-31,
12715,F,1943,2015-01-01,2022-12-31,
12716,F,1976,2015-01-01,2022-12-31,
12717,F,1938,2015-01-01,2022-12-31,
12718,F,1959,2015-01-01,2022-12-31,
12719,F,1950,2015-01-01,2022-12-31,
12720,F,1970,2015-01-01,2022-12-31,
12721,M,1950,2015-01-01,2022-12-31,
12722,F,1951,2015-01-01,2022-12-31,
12723,M,1966,2015-01-01,2022-12-31,
12724,F,1963,2015-01-01,2022-12-31,
12725,M,1954,2015-01-01,2022-12-31,
12726,M,1952,2015-01-01,2022-12-31,
12727,M,1952,2015-01-01,2022-12-31,
12728,F,1952,2015-01-01,2022-12-31,
12729,M,1963,2015-01-01,2022-12-31,
12730,F,1959,2015-01-01,2022-12-31,
12731,F,1957,2015-01-01,2022-12-31,
12732,M,1968,2015-01-01,2022-12-31,
12733,F,1960,2015-01-01,2022-12-31,
12734,F,1956,2015-01-01,2022-12-31,
12735,F,2004,2015-01-01,2022-12-31,
12736,M,1954,2015-01-01,2022-12-31,
12737,M,1938,2015-01-01,2022-12-31,
12738,M,1978,2015-01-01,2022-12-31,
12739,M,1950,2015-01-01,2022-12-31,
12740,M,1977,2015-01-01,2022-12-31,
12741,F,1937,2015-01-01,2022-12-31,
12742,M,1978,2015-01-01,2022-12-31,
12743,M,1966,2015-01-01,2022-12-31,
12744,M,1950,2015-01-01,2022-12-31,
12745,F,1985,2015-01-01,2022-12-31,
12746,F,1949,2015-01-01,2022-12-31,
12747,F,1960,2015-01-01,2022-12-31,
12748,F,1952,2015-01-01,2022-12-31,
12749,M,1936,2015-01-01,2022-12-31,
12750,F,1933,2015-01-01,2022-12-31,
12751,M,1961,2015-01-01,2022-12-31,
12752,F,1965,2015-01-01,2022-12-31,
12753,F,1937,2015-01-01,2022-12-31,
12754,M,1935,2015-01-01,2022-12-31,
12755,M,1964,2015-01-01,2022-12-31,
12756,F,1960,2015-01-01,2022-12-31,
12757,F,1952,2015-01-01,2022-12-31,
12758,F,1937,2015-01-01,2022-12-31,
12759,F,1966,2015-01-01,2022-12-31,
12760,M,1966,2015-01-01,2022-12-31,
12761,F,1956,2015-01-01,2022-12-31,
12762,M,1955,2015-01-01,2022-12-31,
12763,F,1972,2015-01-01,2022-12-31,
12764,M,1975,2015-01-01,2022-12-31,
12765,M,1970,2015-01-01,2022-12-31,
12766,F,1980,2015-01-01,2022-12-31,
12767,M,1959,2015-01-01,2022-12-31,
12768,M,1963,2015-01-01,2022-12-31,
12769,M,1960,2015-01-01,2022-12-31,
12770,F,1955,2015-01-01,2022-12-31,
12771,F,1964,2015-01-01,2022-12-31,
12772,M,1966,2015-01-01,2022-12-31,
12773,M,1967,2015-01-01,2022-12-31,
12774,F,1961,2015-01-01,2022-12-31,
12775,F,1959,2015-01-01,2022-12-31,
12776,M,1936,2015-01-01,2022-12-31,
12777,M,1955,2015-01-01,2022-12-31,
12778,F,1956,2015-01-01,2022-12-31,
12779,M,1950,2015-01-01,2022-12-31,
12780,F,1963,2015-01-01,2022-12-31,
12781,F,2004,2015-01-01,2022-12-31,
12782,F,1957,2015-01-01,2022-12-31,
12783,F,1954,2015-01-01,2022-12-31,
12784,M,1968,2015-01-01,2022-12-31,
12785,F,1926,2015-01-01,2022-12-31,
12786,M,1957,2015-01-01,2021-12-11,2021-12-11
12787,F,1959,2015-01-01,2022-12-31,
12788,M,1958,2015-01-01,2022-12-31,
12789,M,1964,2015-01-01,2022-12-31,
12790,F,1948,2015-01-01,2022-12-31,
12791,M,1957,2015-01-01,2022-12-31,
12792,M,1933,2015-01-01,2022-12-31,
12793,F,1956,2015-01-01,2022-12-31,
12794,M,1964,2015-01-01,2022-12-31,
12795,M,1942,2015-01-01,2022-12-31,
12796,M,1966,2015-01-01,2022-12-31,
12797,F,1959,2015-01-01,2022-12-31,
12798,F,1964,2015-01-01,2022-12-31,
12799,F,1963,2015-01-01,2022-12-31,
12800,F,1961,2015-01-01,2022-12-31,
12801,F,1971,2015-01-01,2022-12-31,
12802,M,1953,2015-01-01,2022-12-31,
12803,M,1946,2015-01-01,2022-12-31,
12804,F,1952,2015-01-01,2022-12-31,
12805,F,1954,2015-01-01,2022-12-31,
12806,M,1958,2015-01-01,2022-12-31,
12807,F,1965,2015-01-01,2022-12-31,
12808,M,1955,2015-01-01,2022-12-31,
12809,F,1956,2015-01-01,2022-12-31,
12810,M,1947,2015-01-01,2022-12-31,
12811,M,1954,2015-01-01,2022-12-31,
12812,F,1989,2015-01-01,2022-12-31,
12813,F,1947,2015-01-01,2022-12-31,
12814,M,1966,2015-01-01,2022-12-31,
12815,F,1951,2015-01-01,2022-12-31,
12816,M,1963,2015-01-01,2022-12-31,
12817,F,1943,2015-01-01,2022-12-31,
12818,F,1960,2015-01-01,2022-12-31,
12819,M,1973,2015-01-01,2022-12-31,
12820,F,1958,2015-01-01,2022-12-31,
12821,M,1962,2015-01-01,2022-12-31,
12822,M,1926,2015-01-01,2020-04-15,2020-04-15
12823,M,1959,2015-01-01,2022-12-31,
12824,F,1966,2015-01-01,2022-12-31,
12825,M,1943,2015-01-01,2022-12-31,
12826,M,1938,2015-01-01,2022-12-31,
12827,F,1951,2015-01-01,2022-12-31,
12828,F,1935,2015-01-01,2022-12-31,
12829,M,1933,2015-01-01,2022-12-31,
12830,M,1937,2015-01-01,2022-12-31,
12831,M,1940,2015-01-01,2021-12-07,2021-12-07
12832,M,1952,2015-01-01,2022-12-31,
12833,F,1954,2015-01-01,2022-12-31,
12834,F,1967,2015-01-01,2022-12-31,
12835,F,1946,2015-01-01,2022-12-31,
12836,M,1974,2015-01-01,2022-12-31,
12837,F,1973,2015-01-01,2022-12-31,
12838,F,1954,2015-01-01,2016-10-22,2016-10-22
12839,F,1963,2015-01-01,2022-12-31,
12840,M,1951,2015-01-01,2022-12-31,
12841,F,1953,2015-01-01,2022-12-31,
12842,F,1964,2015-01-01,2022-12-31,
12843,M,1936,2015-01-01,2022-12-31,
12844,F,1956,2015-01-01,2022-12-31,
12845,M,1956,2015-01-01,2022-12-31,
12846,F,1944,2015-01-01,2022-12-31,
12847,M,1955,2015-01-01,2022-12-31,
12848,M,1942,2015-01-01,2022-12-31,
12849,F,1949,2015-01-01,2022-12-31,
12850,F,1997,2015-01-01,2022-12-31,
12851,F,1947,2015-01-01,2022-12-31,
12852,M,1985,2015-01-01,2022-12-31,
12853,M,1969,2015-01-01,2022-12-31,
12854,F,1947,2015-01-01,2022-12-31,
12855,M,1962,2015-01-01,2022-12-31,
12856,F,1953,2015-01-01,2022-12-31,
12857,M,1973,2015-01-01,2022-12-31,
12858,M,1952,2015-01-01,2022-12-31,
12859,F,1967,2015-01-01,2022-12-31,
12860,M,1976,2015-01-01,2022-12-31,
12861,F,1950,2015-01-01,2022-12-31,
12862,M,1961,2015-01-01,2022-12-31,
12863,M,1977,2015-01-01,2022-12-31,
12864,M,1947,2015-01-01,2022-12-31,
12865,F,1954,2015-01-01,2022-12-31,
12866,F,1979,2015-01-01,2022-12-31,
12867,M,1971,2015-01-01,2022-12-31,
12868,M,1926,2015-01-01,2022-12-31,
12869,M,1934,2015-01-01,2022-12-31,
12870,M,1946,2015-01-01,2022-12-31,
12871,M,1963,2015-01-01,2022-12-31,
12872,F,1953,2015-01-01,2022-12-31,
12873,F,1952,2015-01-01,2022-12-31,
12874,M,1968,2015-01-01,2022-12-31,
12875,M,1972,2015-01-01,2022-12-31,
12876,M,1948,2015-01-01,2022-12-31,
12877,M,1967,2015-01-01,2022-12-31,
12878,M,1963,2015-01-01,2022-12-31,
12879,F,1938,2015-01-01,2022-12-31,
12880,M,1961,2015-01-01,2022-12-31,
12881,F,1959,2015-01-01,2022-12-31,
12882,M,1958,2015-01-01,2022-12-31,
12883,F,1928,2015-01-01,2022-12-31,
12884,F,1952,2015-01-01,2022-12-31,
12885,M,1991,2015-01-01,2022-12-31,
12886,F,1957,2015-01-01,2022-12-31,
12887,M,1948,2015-01-01,2022-12-31,
12888,M,1974,2015-01-01,2022-12-31,
12889,F,1954,2015-01-01,2022-12-31,
12890,M,1962,2015-01-01,2022-12-31,
12891,F,1950,2015-01-01,2022-12-31,
12892,M,1951,2015-01-01,2022-12-31,
12893,M,1960,2015-01-01,2022-12-31,
12894,F,1943,2015-01-01,2022-12-31,
12895,M,1956,2015-01-01,2022-12-31,
12896,F,1947,2015-01-01,2022-12-31,
12897,F,1958,2015-01-01,2022-12-31,
12898,M,1943,2015-01-01,2022-12-31,
12899,F,1956,2015-01-01,2022-12-31,
12900,F,1959,2015-01-01,2022-12-31,
12901,M,1956,2015-01-01,2022-12-31,
12902,M,1934,2015-01-01,2022-12-31,
12903,M,1953,2015-01-01,2022-12-31,
12904,M,1958,2015-01-01,2022-12-31,
12905,F,1940,2015-01-01,2018-06-11,2018-06-11
12906,M,1960,2015-01-01,2022-12-31,
12907,M,1955,2015-01-01,2022-12-31,
12908,F,1953,2015-01-01,2022-12-31,
12909,M,1977,2015-01-01,2017-06-29,2017-06-29
12910,M,1948,2015-01-01,2022-12-31,
12911,M,1946,2015-01-01,2022-12-31,
12912,M,1947,2015-01-01,2022-12-31,
12913,F,1940,2015-01-01,2022-12-31,
12914,F,1946,2015-01-01,2022-12-31,
12915,F,1984,2015-01-01,2022-12-31,
12916,M,1949,2015-01-01,2022-12-31,
12917,M,1951,2015-01-01,2022-12-31,
12918,M,1958,2015-01-01,2022-12-31,
12919,M,1978,2015-01-01,2022-12-31,
12920,M,1944,2015-01-01,2022-12-31,
12921,M,1966,2015-01-01,2022-12-31,
12922,F,1956,2015-01-01,2022-12-31,
12923,F,1956,2015-01-01,2022-12-31,
12924,M,1964,2015-01-01,2022-12-31,
12925,F,1967,2015-01-01,2022-12-31,
12926,M,1961,2015-01-01,2022-12-31,
12927,M,1945,2015-01-01,2022-12-31,
12928,F,1952,2015-01-01,2022-12-31,
12929,F,1963,2015-01-01,2022-12-31,
12930,M,1955,2015-01-01,2022-12-31,
12931,M,1945,2015-01-01,2022-12-31,
12932,F,1943,2015-01-01,2022-12-31,
12933,M,1963,2015-01-01,2022-12-31,
12934,M,1949,2015-01-01,2022-12-31,
12935,F,1978,2015-01-01,2022-12-31,
12936,M,1957,2015-01-01,2022-12-31,
12937,M,1958,2015-01-01,2022-12-31,
12938,M,1941,2015-01-01,2022-12-31,
12939,F,1978,2015-01-01,2022-12-31,
12940,M,1972,2015-01-01,2022-12-31,
12941,M,1961,2015-01-01,2022-12-31,
12942,M,1936,2015-01-01,2022-12-31,
12943,F,1964,2015-01-01,2022-12-31,
12944,M,1959,2015-01-01,2022-12-31,
12945,M,1956,2015-01-01,2022-12-31,
12946,F,1976,2015-01-01,2022-12-31,
12947,F,1951,2015-01-01,2022-12-31,
12948,F,1954,2015-01-01,2022-12-31,
12949,F,1977,2015-01-01,2022-12-31,
12950,M,1950,2015-01-01,2022-12-31,
12951,F,1969,2015-01-01,2022-12-31,
12952,F,1959,2015-01-01,2022-12-31,
12953,M,1960,2015-01-01,2022-12-31,
12954,M,1954,2015-01-01,2022-12-31,
12955,M,1948,2015-01-01,2022-12-31,
12956,M,1952,2015-01-01,2022-12-31,
12957,M,1974,2015-01-01,2022-12-31,
12958,M,1959,2015-01-01,2022-12-31,
12959,F,1965,2015-01-01,2022-12-31,
12960,F,1978,2015-01-01,2022-12-31,
12961,F,1973,2015-01-01,2022-12-31,
12962,F,1947,2015-01-01,2022-12-31,
12963,M,1958,2015-01-01,2022-12-31,
12964,M,1962,2015-01-01,2022-12-31,
12965,M,1947,2015-01-01,2022-12-31,
12966,M,1986,2015-01-01,2022-12-31,
12967,M,1953,2015-01-01,2022-12-31,
12968,M,1964,2015-01-01,2022-12-31,
12969,M,1973,2015-01-01,2022-12-31,
12970,M,1958,2015-01-01,2022-12-31,
12971,F,1953,2015-01-01,2022-12-31,
12972,F,1922,2015-01-01,2018-08-03,2018-08-03
12973,M,1953,2015-01-01,2022-12-31,
12974,M,1954,2015-01-01,2022-12-31,
12975,M,1949,2015-01-01,2022-12-31,
12976,M,1952,2015-01-01,2022-12-31,
12977,F,1954,2015-01-01,2022-12-31,
12978,M,1947,2015-01-01,2022-12-31,
12979,M,1964,2015-01-01,2022-12-31,
12980,M,1951,2015-01-01,2022-12-31,
12981,F,1936,2015-01-01,2022-12-31,
12982,F,1955,2015-01-01,2022-12-31,
12983,M,1971,2015-01-01,2022-12-31,
12984,M,1959,2015-01-01,2022-12-31,
12985,M,1945,2015-01-01,2022-12-31,
12986,M,1969,2015-01-01,2022-12-31,
12987,F,1957,2015-01-01,2022-12-31,
12988,M,1959,2015-01-01,2022-12-31,
12989,F,1945,2015-01-01,2022-12-31,
12990,F,1975,2015-01-01,2022-12-31,
12991,M,1961,2015-01-01,2022-12-31,
12992,F,1956,2015-01-01,2022-12-31,
12993,M,1959,2015-01-01,2022-12-31,
12994,M,1952,2015-01-01,2022-12-31,
12995,M,1959,2015-01-01,2022-12-31,
12996,F,1970,2015-01-01,2022-12-31,
12997,F,1953,2015-01-01,2022-12-31,
12998,F,1957,2015-01-01,2022-12-31,
12999,F,1950,2015-01-01,2022-12-31,
13000,M,1961,2015-01-01,2022-12-31,
13001,F,1940,2015-01-01,2022-12-31,
13002,M,1952,2015-01-01,2022-12-31,
13003,M,1977,2015-01-01,2022-12-31,
13004,M,1965,2015-01-01,2022-12-31,
13005,M,1981,2015-01-01,2022-12-31,
13006,M,1943,2015-01-01,2022-12-31,
13007,M,1949,2015-01-01,2022-12-31,
13008,M,1961,2015-01-01,2022-12-31,
13009,M,1972,2015-01-01,2022-12-31,
13010,F,1965,2015-01-01,2022-12-31,
13011,F,1960,2015-01-01,2022-12-31,
13012,F,1950,2015-01-01,2022-12-31,
13013,M,1976,2015-01-01,2022-12-31,
13014,F,1954,2015-01-01,2022-12-31,
13015,F,1959,2015-01-01,2022-12-31,
13016,M,1947,2015-01-01,2022-12-31,
13017,F,1967,2015-01-01,2022-12-31,
13018,F,1962,2015-01-01,2020-02-16,2020-02-16
13019,M,1936,2015-01-01,2022-12-31,
13020,F,1960,2015-01-01,2022-12-31,
13021,M,1965,2015-01-01,2022-12-31,
13022,M,1946,2015-01-01,2022-12-31,
13023,F,1947,2015-01-01,2022-12-31,
13024,M,1950,2015-01-01,2022-12-31,
13025,M,1954,2015-01-01,2022-12-31,
13026,M,1958,2015-01-01,2022-12-31,
13027,M,1943,2015-01-01,2022-12-31,
13028,F,1976,2015-01-01,2022-12-31,
13029,F,1962,2015-01-01,2022-12-31,
13030,F,1965,2015-01-01,2022-12-31,
13031,M,1945,2015-01-01,2022-12-31,
13032,M,1962,2015-01-01,2022-12-31,
13033,M,1946,2015-01-01,2022-12-31,
13034,M,1952,2015-01-01,2022-12-31,
13035,M,1962,2015-01-01,2022-12-31,
13036,M,1953,2015-01-01,2022-12-31,
13037,F,1968,2015-01-01,2022-12-31,
13038,M,1964,2015-01-01,2022-12-31,
13039,F,1963,2015-01-01,2022-12-31,
13040,M,1940,2015-01-01,2022-12-31,
13041,F,1973,2015-01-01,2022-12-31,
13042,M,1967,2015-01-01,2022-12-31,
13043,M,1942,2015-01-01,2022-12-31,
13044,M,1944,2015-01-01,2022-12-31,
13045,M,1962,2015-01-01,2022-12-31,
13046,F,1969,2015-01-01,2022-12-31,
13047,F,1948,2015-01-01,2022-12-31,
13048,M,1960,2015-01-01,2022-12-31,
13049,M,1948,2015-01-01,2022-12-31,
13050,M,1937,2015-01-01,2022-12-31,
13051,F,1939,2015-01-01,2022-12-31,
13052,F,1966,2015-01-01,2016-07-30,2016-07-30
13053,M,1947,2015-01-01,2022-12-31,
13054,M,1951,2015-01-01,2022-12-31,
13055,M,1961,2015-01-01,2022-12-31,
13056,M,1942,2015-01-01,2022-12-31,
13057,F,1977,2015-01-01,2019-07-10,2019-07-10
13058,F,1967,2015-01-01,2022-12-31,
13059,F,1971,2015-01-01,2022-12-31,
13060,M,1948,2015-01-01,2022-12-31,
13061,M,1952,2015-01-01,2022-12-31,
13062,M,1966,2015-01-01,2022-12-31,
13063,M,1953,2015-01-01,2022-12-31,
13064,F,1977,2015-01-01,2022-12-31,
13065,F,1952,2015-01-01,2022-12-31,
13066,F,1946,2015-01-01,2022-12-31,
13067,F,1953,2015-01-01,2022-12-31,
13068,M,1967,2015-01-01,2022-12-31,
13069,M,1960,2015-01-01,2022-12-31,
13070,M,1982,2015-01-01,2022-12-31,
13071,F,1948,2015-01-01,2022-12-31,
13072,F,1946,2015-01-01,2022-12-31,
13073,F,1948,2015-01-01,2022-12-31,
13074,M,1955,2015-01-01,2022-12-31,
13075,M,1966,2015-01-01,2022-12-31,
13076,M,1955,2015-01-01,2022-12-31,
13077,M,1954,2015-01-01,2022-12-31,
13078,F,1932,2015-01-01,2022-12-31,
13079,F,1955,2015-01-01,2022-12-31,
13080,M,1950,2015-01-01,2022-12-31,
13081,F,1969,2015-01-01,2022-12-31,
13082,F,1944,2015-01-01,2022-12-31,
13083,F,1949,2015-01-01,2022-12-31,
13084,M,1953,2015-01-01,2022-12-31,
13085,M,1961,2015-01-01,2022-12-31,
13086,M,1971,2015-01-01,2022-12-31,
13087,M,1952,2015-01-01,2022-12-31,
13088,F,1952,2015-01-01,2022-12-31,
13089,M,1947,2015-01-01,2022-12-31,
13090,M,1952,2015-01-01,2022-12-31,
13091,F,1950,2015-01-01,2022-12-31,
13092,F,1964,2015-01-01,2022-12-31,
13093,F,1939,2015-01-01,2022-12-31,
13094,F,1970,2015-01-01,2022-12-31,
13095,M,1973,2015-01-01,2022-12-31,
13096,M,1980,2015-01-01,2022-12-31,
13097,M,1966,2015-01-01,2022-12-31,
13098,F,1974,2015-01-01,2022-12-31,
13099,F,1954,2015-01-01,2022-12-31,
13100,F,1942,2015-01-01,2022-12-31,
13101,F,1950,2015-01-01,2022-12-31,
13102,F,1948,2015-01-01,2022-12-31,
13103,M,1966,2015-01-01,2022-12-31,
13104,M,1958,2015-01-01,2022-12-31,
13105,M,1959,2015-01-01,2022-12-31,
13106,M,1955,2015-01-01,2022-12-31,
13107,F,1963,2015-01-01,2022-12-31,
13108,M,1967,2015-01-01,2022-12-31,
13109,M,1937,2015-01-01,2022-12-31,
13110,M,1973,2015-01-01,2022-12-31,
13111,M,1972,2015-01-01,2022-12-31,
13112,F,1934,2015-01-01,2022-12-31,
13113,M,1962,2015-01-01,2022-12-31,
13114,F,1964,2015-01-01,2022-12-31,
13115,F,1959,2015-01-01,2022-12-31,
13116,M,1946,2015-01-01,2022-12-31,
13117,F,1973,2015-01-01,2022-12-31,
13118,F,1961,2015-01-01,2022-12-31,
13119,M,1980,2015-01-01,2022-12-31,
13120,M,1954,2015-01-01,2022-12-31,
13121,F,1945,2015-01-01,2022-12-31,
13122,M,1966,2015-01-01,2022-12-31,
13123,M,1953,2015-01-01,2016-06-18,2016-06-18
13124,F,1975,2015-01-01,2022-12-31,
13125,M,1953,2015-01-01,2022-12-31,
13126,M,1946,2015-01-01,2022-12-31,
13127,M,1963,2015-01-01,2022-12-31,
13128,F,1950,2015-01-01,2022-12-31,
13129,F,1962,2015-01-01,2022-12-31,
13130,M,1951,2015-01-01,2022-12-31,
13131,M,1956,2015-01-01,2016-10-09,2016-10-09
13132,M,1949,2015-01-01,2022-12-31,
13133,M,1951,2015-01-01,2022-12-31,
13134,F,1965,2015-01-01,2022-12-31,
13135,F,1951,2015-01-01,2022-12-31,
13136,M,1973,2015-01-01,2022-12-31,
13137,F,1956,2015-01-01,2022-12-31,
13138,M,1972,2015-01-01,2022-12-31,
13139,F,1958,2015-01-01,2022-12-31,
13140,F,1957,2015-01-01,2022-12-31,
13141,M,1953,2015-01-01,2022-12-31,
13142,M,1955,2015-01-01,2022-12-31,
13143,F,1984,2015-01-01,2022-12-31,
13144,F,1962,2015-01-01,2022-12-31,
13145,F,1971,2015-01-01,2022-12-31,
13146,F,1965,2015-01-01,2022-12-31,
13147,F,1955,2015-01-01,2022-12-31,
13148,M,1935,2015-01-01,2022-12-31,
13149,M,1939,2015-01-01,2022-12-31,
13150,F,1974,2015-01-01,2022-12-31,
13151,M,1967,2015-01-01,2022-12-31,
13152,M,1953,2015-01-01,2022-12-31,
13153,M,1942,2015-01-01,2020-02-17,2020-02-17
13154,M,1962,2015-01-01,2022-12-31,
13155,F,1956,2015-01-01,2022-12-31,
13156,F,1954,2015-01-01,2022-12-31,
13157,F,1971,2015-01-01,2022-12-31,
13158,F,1962,2015-01-01,2022-12-31,
13159,M,1957,2015-01-01,2022-12-31,
13160,F,1930,2015-01-01,2022-12-31,
13161,F,1951,2015-01-01,2022-12-31,
13162,F,1955,2015-01-01,2022-12-31,
13163,M,1962,2015-01-01,2022-12-31,
13164,F,1969,2015-01-01,2022-12-31,
13165,F,1967,2015-01-01,2022-12-31,
13166,F,1955,2015-01-01,2022-12-31,
13167,M,1977,2015-01-01,2022-12-31,
13168,M,1932,2015-01-01,2022-12-31,
13169,M,1958,2015-01-01,2022-12-31,
13170,F,1957,2015-01-01,2022-12-31,
13171,M,1953,2015-01-01,2022-12-31,
13172,M,1960,2015-01-01,2022-12-31,
13173,M,1968,2015-01-01,2022-12-31,
13174,M,1953,2015-01-01,2022-12-31,
13175,F,1940,2015-01-01,2022-12-31,
13176,F,1943,2015-01-01,2022-12-31,
13177,F,1951,2015-01-01,2022-12-31,
13178,M,1938,2015-01-01,2022-12-31,
13179,M,1955,2015-01-01,2022-12-31,
13180,M,1964,2015-01-01,2022-12-31,
13181,F,1942,2015-01-01,2022-12-31,
13182,F,1954,2015-01-01,2022-12-31,
13183,F,1956,2015-01-01,2022-12-31,
13184,F,1953,2015-01-01,2022-12-31,
13185,F,1947,2015-01-01,2022-12-31,
13186,F,1956,2015-01-01,2022-12-31,
13187,F,1958,2015-01-01,2022-12-31,
13188,F,1949,2015-01-01,2022-12-31,
13189,F,1961,2015-01-01,2022-12-31,
13190,M,1972,2015-01-01,2022-12-31,
13191,M,1963,2015-01-01,2022-12-31,
13192,M,1981,2015-01-01,2022-12-31,
13193,F,1939,2015-01-01,2022-12-31,
13194,M,1931,2015-01-01,2022-12-31,
13195,M,1960,2015-01-01,2022-12-31,
13196,M,1958,2015-01-01,2022-12-31,
13197,M,1936,2015-01-01,2022-12-31,
13198,M,1949,2015-01-01,2022-12-31,
13199,F,1960,2015-01-01,2022-12-31,
13200,M,1963,2015-01-01,2022-12-31,
13201,M,1967,2015-01-01,2022-12-31,
13202,F,1944,2015-01-01,2022-12-31,
13203,F,1953,2015-01-01,2022-12-31,
13204,M,1969,2015-01-01,2022-12-31,
13205,F,1967,2015-01-01,2022-12-31,
13206,M,1955,2015-01-01,2022-12-31,
13207,F,1942,2015-01-01,2022-12-31,
13208,F,1943,2015-01-01,2022-12-31,
13209,F,1970,2015-01-01,2022-12-31,
13210,F,1973,2015-01-01,2022-12-31,
13211,M,1957,2015-01-01,2022-12-31,
13212,F,1940,2015-01-01,2022-12-31,
13213,M,1955,2015-01-01,2022-12-31,
13214,M,1980,2015-01-01,2022-12-31,
13215,F,1952,2015-01-01,2022-12-31,
13216,F,1950,2015-01-01,2022-12-31,
13217,M,1966,2015-01-01,2022-12-31,
13218,M,1943,2015-01-01,2022-12-31,
13219,M,1981,2015-01-01,2022-12-31,
13220,M,1963,2015-01-01,2022-12-31,
13221,M,1961,2015-01-01,2022-12-31,
13222,F,1970,2015-01-01,2022-12-31,
13223,M,1948,2015-01-01,2022-12-31,
13224,M,1948,2015-01-01,2022-12-31,
13225,M,1939,2015-01-01,2022-12-31,
13226,F,1957,2015-01-01,2022-12-31,
13227,M,1973,2015-01-01,2022-12-31,
13228,F,1967,2015-01-01,2022-12-31,
13229,F,1969,2015-01-01,2022-12-31,
13230,M,1960,2015-01-01,2022-12-31,
13231,F,1955,2015-01-01,2022-12-31,
13232,F,1955,2015-01-01,2022-12-31,
13233,M,1952,2015-01-01,2022-12-31,
13234,M,1990,2015-01-01,2022-12-31,
13235,M,1938,2015-01-01,2022-12-31,
13236,M,1966,2015-01-01,2016-08-16,2016-08-16
13237,F,1972,2015-01-01,2022-12-31,
13238,F,1969,2015-01-01,2022-12-31,
13239,F,1959,2015-01-01,2022-12-31,
13240,F,1972,2015-01-01,2022-12-31,
13241,F,1972,2015-01-01,2022-12-31,
13242,F,1958,2015-01-01,2022-12-31,
13243,M,1928,2015-01-01,2022-12-31,
13244,F,1962,2015-01-01,2022-12-31,
13245,M,1948,2015-01-01,2022-12-31,
13246,M,1950,2015-01-01,2022-12-31,
13247,F,1951,2015-01-01,2022-12-31,
13248,F,1965,2015-01-01,2022-12-31,
13249,M,1963,2015-01-01,2022-12-31,
13250,M,1954,2015-01-01,2022-12-31,
13251,M,1964,2015-01-01,2022-12-31,
13252,F,1973,2015-01-01,2022-12-31,
13253,M,1941,2015-01-01,2022-12-31,
13254,M,1964,2015-01-01,2019-02-03,2019-02-03
13255,M,1949,2015-01-01,2022-12-31,
13256,F,1948,2015-01-01,2022-12-31,
13257,M,2001,2015-01-01,2022-12-31,
13258,F,1948,2015-01-01,2022-12-31,
13259,F,1957,2015-01-01,2022-12-31,
13260,F,1944,2015-01-01,2022-12-31,
13261,M,1958,2015-01-01,2022-12-31,
13262,F,1949,2015-01-01,2022-12-31,
13263,F,1947,2015-01-01,2022-12-31,
13264,F,1954,2015-01-01,2022-12-31,
13265,M,1959,2015-01-01,2022-12-31,
13266,F,1950,2015-01-01,2022-12-31,
13267,F,1964,2015-01-01,2022-12-31,
13268,M,1971,2015-01-01,2022-12-31,
13269,M,1974,2015-01-01,2022-12-31,
13270,M,1963,2015-01-01,2022-12-31,
13271,M,1967,2015-01-01,2022-12-31,
13272,M,1961,2015-01-01,2022-12-31,
13273,M,1956,2015-01-01,2022-12-31,
13274,M,1971,2015-01-01,2022-12-31,
13275,M,1979,2015-01-01,2022-12-31,
13276,F,1953,2015-01-01,2022-12-31,
13277,M,1934,2015-01-01,2020-05-02,2020-05-02
13278,F,1950,2015-01-01,2022-12-31,
13279,M,1947,2015-01-01,2022-12-31,
13280,F,1953,2015-01-01,2022-12-31,
13281,M,1961,2015-01-01,2022-12-31,
13282,M,1938,2015-01-01,2022-12-31,
13283,F,1965,2015-01-01,2022-12-31,
13284,M,1940,2015-01-01,2022-12-31,
13285,M,1944,2015-01-01,2022-12-31,
13286,M,1962,2015-01-01,2022-12-31,
13287,F,1964,2015-01-01,2022-12-31,
13288,M,1984,2015-01-01,2022-12-31,
13289,M,1963,2015-01-01,2022-12-31,
13290,M,1950,2015-01-01,2022-12-31,
13291,M,1954,2015-01-01,2022-12-31,
13292,F,1946,2015-01-01,2022-12-31,
13293,F,1962,2015-01-01,2022-12-31,
13294,M,1957,2015-01-01,2022-12-31,
13295,F,1950,2015-01-01,2022-12-31,
13296,F,1948,2015-01-01,2022-12-31,
13297,M,1950,2015-01-01,2022-12-31,
13298,F,1967,2015-01-01,2022-12-31,
13299,F,1931,2015-01-01,2022-12-31,
13300,M,1944,2015-01-01,2022-12-31,
13301,M,1946,2015-01-01,2022-12-31,
13302,M,1965,2015-01-01,2022-12-31,
13303,M,1960,2015-01-01,2022-12-31,
13304,F,1963,2015-01-01,2022-12-31,
13305,F,1954,2015-01-01,2022-12-31,
13306,F,1934,2015-01-01,2022-12-31,
13307,F,1955,2015-01-01,2022-12-31,
13308,F,1970,2015-01-01,2022-12-31,
13309,M,1949,2015-01-01,2019-12-14,2019-12-14
13310,F,1964,2015-01-01,2022-12-31,
13311,M,1962,2015-01-01,2022-12-31,
13312,M,1946,2015-01-01,2022-12-31,
13313,F,1970,2015-01-01,2022-12-31,
13314,M,1957,2015-01-01,2022-12-31,
13315,M,1950,2015-01-01,2022-12-31,
13316,F,1957,2015-01-01,2022-12-31,
13317,M,1950,2015-01-01,2022-12-31,
13318,M,1952,2015-01-01,2022-12-31,
13319,F,1960,2015-01-01,2022-12-31,
13320,M,1950,2015-01-01,2022-12-31,
13321,F,1960,2015-01-01,2022-12-31,
13322,M,1965,2015-01-01,2022-12-31,
13323,F,1956,2015-01-01,2022-12-31,
13324,F,1953,2015-01-01,2022-12-31,
13325,F,1943,2015-01-01,2021-01-01,2021-01-01
13326,M,1974,2015-01-01,2022-12-31,
13327,M,1954,2015-01-01,2022-12-31,
13328,F,1961,2015-01-01,2022-12-31,
13329,F,1971,2015-01-01,2022-12-31,
13330,F,1970,2015-01-01,2022-12-31,
13331,F,1967,2015-01-01,2022-12-31,
13332,M,1956,2015-01-01,2022-12-31,
13333,M,1962,2015-01-01,2022-12-31,
13334,F,1935,2015-01-01,2022-12-31,
13335,F,1967,2015-01-01,2022-12-31,
13336,F,1976,2015-01-01,2022-12-31,
13337,F,1941,2015-01-01,2022-12-31,
13338,M,1956,2015-01-01,2022-12-31,
13339,F,1965,2015-01-01,2022-12-31,
13340,M,1945,2015-01-01,2022-12-31,
13341,F,1959,2015-01-01,2022-12-31,
13342,M,1953,2015-01-01,2020-09-09,2020-09-09
13343,F,1948,2015-01-01,2022-12-31,
13344,F,1959,2015-01-01,2022-12-31,
13345,F,1960,2015-01-01,2022-12-31,
13346,M,1948,2015-01-01,2022-12-31,
13347,M,1961,2015-01-01,2022-12-31,
13348,F,1949,2015-01-01,2022-12-31,
13349,F,1950,2015-01-01,2022-12-31,
13350,F,1941,2015-01-01,2022-12-31,
13351,M,1970,2015-01-01,2022-12-31,
13352,M,1940,2015-01-01,2022-12-31,
13353,M,1967,2015-01-01,2022-12-31,
13354,M,1962,2015-01-01,2022-12-31,
13355,M,1941,2015-01-01,2022-12-31,
13356,M,1949,2015-01-01,2022-12-31,
13357,F,1948,2015-01-01,2022-12-31,
13358,F,1970,2015-01-01,2022-12-31,
13359,M,1967,2015-01-01,2022-12-31,
13360,F,1957,2015-01-01,2022-12-31,
13361,F,1967,2015-01-01,2022-12-31,
13362,F,1955,2015-01-01,2022-12-31,
13363,M,1970,2015-01-01,2022-12-31,
13364,M,1966,2015-01-01,2022-12-31,
13365,M,1952,2015-01-01,2022-12-31,
13366,F,1958,2015-01-01,2022-12-31,
13367,F,1950,2015-01-01,2022-12-31,
13368,M,1959,2015-01-01,2022-12-31,
13369,F,1974,2015-01-01,2022-12-31,
13370,M,1967,2015-01-01,2022-12-31,
13371,F,1966,2015-01-01,2022-12-31,
13372,M,1965,2015-01-01,2021-05-29,2021-05-29
13373,F,1925,2015-01-01,2022-02-28,2022-02-28
13374,M,1967,2015-01-01,2022-12-31,
13375,F,1935,2015-01-01,2022-12-31,
13376,F,1950,2015-01-01,2022-12-31,
13377,M,1949,2015-01-01,2022-12-31,
13378,M,1955,2015-01-01,2022-12-31,
13379,F,1967,2015-01-01,2022-12-31,
13380,M,1948,2015-01-01,2022-12-31,
13381,F,1940,2015-01-01,2022-12-31,
13382,M,1944,2015-01-01,2022-12-31,
13383,F,1954,2015-01-01,2022-12-31,
13384,F,1957,2015-01-01,2022-12-31,
13385,M,1947,2015-01-01,2019-03-19,2019-03-19
13386,M,1951,2015-01-01,2022-12-31,
13387,M,1974,2015-01-01,2022-12-31,
13388,M,1961,2015-01-01,2022-12-31,
13389,F,1951,2015-01-01,2022-12-31,
13390,M,1951,2015-01-01,2022-12-31,
13391,F,1966,2015-01-01,2022-12-31,
13392,F,1951,2015-01-01,2022-12-31,
13393,M,1950,2015-01-01,2022-12-31,
13394,F,1971,2015-01-01,2022-12-31,
13395,M,1962,2015-01-01,2022-12-31,
13396,M,1965,2015-01-01,2022-12-31,
13397,F,1973,2015-01-01,2022-12-31,
13398,F,1937,2015-01-01,2019-03-02,2019-03-02
13399,M,1944,2015-01-01,2022-12-31,
13400,M,1948,2015-01-01,2021-04-23,2021-04-23
13401,F,1966,2015-01-01,2022-12-31,
13402,M,1936,2015-01-01,2022-12-31,
13403,M,1953,2015-01-01,2022-12-31,
13404,M,1951,2015-01-01,2022-12-31,
13405,F,1965,2015-01-01,2022-12-31,
13406,F,1952,2015-01-01,2022-12-31,
13407,M,1948,2015-01-01,2022-12-31,
13408,F,1963,2015-01-01,2022-12-31,
13409,M,1962,2015-01-01,2022-12-31,
13410,M,1956,2015-01-01,2022-12-31,
13411,F,1970,2015-01-01,2022-12-31,
13412,M,1955,2015-01-01,2021-08-18,2021-08-18
13413,M,1950,2015-01-01,2022-12-31,
13414,M,1980,2015-01-01,2022-12-31,
13415,F,1961,2015-01-01,2022-12-31,
13416,M,1966,2015-01-01,2022-12-31,
13417,F,1955,2015-01-01,2022-12-31,
13418,F,1974,2015-01-01,2022-12-31,
13419,F,1979,2015-01-01,2017-03-10,2017-03-10
13420,F,1954,2015-01-01,2022-12-31,
13421,M,1952,2015-01-01,2022-12-31,
13422,F,1960,2015-01-01,2022-12-31,
13423,M,1944,2015-01-01,2022-12-31,
13424,F,1980,2015-01-01,2022-12-31,
13425,F,1948,2015-01-01,2022-12-31,
13426,M,1935,2015-01-01,2022-12-31,
13427,M,1955,2015-01-01,2022-12-31,
13428,M,1958,2015-01-01,2022-12-31,
13429,M,1923,2015-01-01,2022-12-31,
13430,F,1961,2015-01-01,2022-08-31,2022-08-31
13431,F,1958,2015-01-01,2022-12-31,
13432,M,1976,2015-01-01,2022-12-31,
13433,F,1952,2015-01-01,2022-12-31,
13434,F,1967,2015-01-01,2022-12-31,
13435,M,1961,2015-01-01,2022-12-31,
13436,F,1933,2015-01-01,2022-12-31,
13437,M,1954,2015-01-01,2022-12-31,
13438,F,1947,2015-01-01,2022-12-31,
13439,F,1981,2015-01-01,2022-12-31,
13440,F,1955,2015-01-01,2022-12-31,
13441,F,1959,2015-01-01,2022-12-31,
13442,M,1957,2015-01-01,2022-12-31,
13443,F,1949,2015-01-01,2022-12-31,
13444,F,1947,2015-01-01,2022-12-31,
13445,M,1984,2015-01-01,2022-12-31,
13446,F,1972,2015-01-01,2022-12-31,
13447,M,1978,2015-01-01,2022-12-31,
13448,F,1959,2015-01-01,2022-12-31,
13449,M,1944,2015-01-01,2022-12-31,
13450,M,1979,2015-01-01,2022-12-31,
13451,F,1966,2015-01-01,2022-12-31,
13452,M,1963,2015-01-01,2022-12-31,
13453,F,1961,2015-01-01,2019-02-22,2019-02-22
13454,M,1961,2015-01-01,2018-06-19,2018-06-19
13455,F,1954,2015-01-01,2022-12-31,
13456,F,1970,2015-01-01,2022-12-31,
13457,F,1935,2015-01-01,2021-11-26,2021-11-26
13458,F,1942,2015-01-01,2022-12-31,
13459,F,1968,2015-01-01,2022-12-31,
13460,F,1955,2015-01-01,2022-12-31,
13461,M,1954,2015-01-01,2022-12-31,
13462,F,1959,2015-01-01,2022-12-31,
13463,F,1962,2015-01-01,2022-12-31,
13464,M,1938,2015-01-01,2022-12-31,
13465,M,1972,2015-01-01,2022-12-31,
13466,M,1963,2015-01-01,2022-12-31,
13467,F,1976,2015-01-01,2022-12-31,
13468,M,1969,2015-01-01,2022-12-31,
13469,M,1946,2015-01-01,2022-12-31,
13470,F,1952,2015-01-01,2022-12-31,
13471,M,1954,2015-01-01,2022-12-31,
13472,M,1948,2015-01-01,2022-12-31,
13473,F,1957,2015-01-01,2022-12-31,
13474,M,1939,2015-01-01,2022-12-31,
13475,M,1961,2015-01-01,2022-12-31,
13476,M,1935,2015-01-01,2022-12-31,
13477,M,1953,2015-01-01,2022-12-31,
13478,M,1936,2015-01-01,2022-12-31,
13479,M,1958,2015-01-01,2022-12-31,
13480,M,1969,2015-01-01,2022-12-31,
13481,M,1976,2015-01-01,2022-12-31,
13482,F,1942,2015-01-01,2022-12-31,
13483,M,1962,2015-01-01,2019-12-10,2019-12-10
13484,M,1968,2015-01-01,2022-12-31,
13485,F,1974,2015-01-01,2022-12-31,
13486,F,1978,2015-01-01,2022-12-31,
13487,M,1954,2015-01-01,2022-12-31,
13488,M,1949,2015-01-01,2022-12-31,
13489,M,1962,2015-01-01,2022-12-31,
13490,M,1942,2015-01-01,2022-12-31,
13491,F,1959,2015-01-01,2022-12-31,
13492,F,1962,2015-01-01,2022-12-31,
13493,M,1949,2015-01-01,2022-12-31,
13494,F,1952,2015-01-01,2022-12-31,
13495,F,1945,2015-01-01,2022-12-31,
13496,M,1974,2015-01-01,2022-12-31,
13497,M,1956,2015-01-01,2022-12-31,
13498,F,1937,2015-01-01,2022-12-31,
13499,M,1982,2015-01-01,2022-12-31,
13500,M,1951,2015-01-01,2022-12-31,
13501,M,1944,2015-01-01,2022-12-31,
13502,F,1979,2015-01-01,2022-12-31,
13503,M,1963,2015-01-01,2022-12-31,
13504,M,1950,2015-01-01,2020-03-28,2020-03-28
13505,F,1947,2015-01-01,2022-12-31,
13506,M,1951,2015-01-01,2022-12-31,
13507,F,1952,2015-01-01,2022-12-31,
13508,M,1957,2015-01-01,2022-12-31,
13509,M,1941,2015-01-01,2022-12-31,
13510,F,1969,2015-01-01,2022-12-31,
13511,F,1948,2015-01-01,2019-09-01,2019-09-01
13512,M,1952,2015-01-01,2022-12-31,
13513,M,1968,2015-01-01,2022-12-31,
13514,F,1974,2015-01-01,2022-12-31,
13515,M,1940,2015-01-01,2020-07-18,2020-07-18
13516,M,1987,2015-01-01,2022-12-31,
13517,F,1965,2015-01-01,2022-12-31,
13518,M,1936,2015-01-01,2022-12-31,
13519,F,1953,2015-01-01,2022-12-31,
13520,M,1957,2015-01-01,2022-12-31,
13521,F,1970,2015-01-01,2022-12-31,
13522,M,1950,2015-01-01,2022-12-31,
13523,F,1959,2015-01-01,2022-12-31,
13524,F,1967,2015-01-01,2022-12-31,
13525,F,1982,2015-01-01,2022-12-31,
13526,F,1978,2015-01-01,2022-12-31,
13527,M,1944,2015-01-01,2022-12-31,
13528,M,1956,2015-01-01,2022-12-31,
13529,F,1958,2015-01-01,2022-12-31,
13530,F,1961,2015-01-01,2022-12-31,
13531,F,1941,2015-01-01,2022-12-31,
13532,M,1957,2015-01-01,2022-12-31,
13533,M,1965,2015-01-01,2022-12-31,
13534,F,1983,2015-01-01,2022-12-31,
13535,M,1974,2015-01-01,2022-12-31,
13536,F,1964,2015-01-01,2022-12-31,
13537,M,1942,2015-01-01,2022-12-31,
13538,M,1951,2015-01-01,2020-05-08,2020-05-08
13539,M,1961,2015-01-01,2022-12-31,
13540,M,1949,2015-01-01,2022-12-31,
13541,F,1977,2015-01-01,2022-12-31,
13542,M,1946,2015-01-01,2022-12-31,
13543,M,1952,2015-01-01,2022-12-31,
13544,F,1948,2015-01-01,2022-12-31,
13545,M,1959,2015-01-01,2022-12-31,
13546,F,1962,2015-01-01,2022-12-31,
13547,M,1962,2015-01-01,2022-12-31,
13548,M,1956,2015-01-01,2022-12-31,
13549,F,1945,2015-01-01,2022-12-31,
13550,M,1945,2015-01-01,2016-11-22,2016-11-22
13551,F,1954,2015-01-01,2022-12-31,
13552,M,1948,2015-01-01,2022-12-31,
13553,M,1954,2015-01-01,2022-12-31,
13554,F,1949,2015-01-01,2016-03-19,2016-03-19
13555,M,1967,2015-01-01,2022-12-31,
13556,M,1945,2015-01-01,2022-12-31,
13557,M,1971,2015-01-01,2022-12-31,
13558,F,1949,2015-01-01,2022-12-31,
13559,M,1971,2015-01-01,2022-12-31,
13560,F,1982,2015-01-01,2022-12-31,
13561,F,1951,2015-01-01,2022-12-31,
13562,M,1967,2015-01-01,2022-12-31,
13563,F,1956,2015-01-01,2022-12-31,
13564,F,1951,2015-01-01,2022-12-31,
13565,M,1958,2015-01-01,2022-12-31,
13566,F,1961,2015-01-01,2022-12-31,
13567,M,1980,2015-01-01,2022-12-31,
13568,M,1964,2015-01-01,2022-12-31,
13569,F,1935,2015-01-01,2022-12-31,
13570,F,1942,2015-01-01,2022-12-31,
13571,F,1972,2015-01-01,2022-12-31,
13572,M,1937,2015-01-01,2022-12-31,
13573,M,1969,2015-01-01,2022-12-31,
13574,M,1938,2015-01-01,2022-12-31,
13575,F,1948,2015-01-01,2022-12-31,
13576,M,1991,2015-01-01,2022-12-31,
13577,M,1962,2015-01-01,2022-12-31,
13578,M,1963,2015-01-01,2022-12-31,
13579,M,1943,2015-01-01,2022-12-31,
13580,F,1938,2015-01-01,2022-12-31,
13581,F,1966,2015-01-01,2022-12-31,
13582,F,1960,2015-01-01,2022-12-31,
13583,F,1959,2015-01-01,2022-12-31,
13584,F,1949,2015-01-01,2022-12-31,
13585,M,1962,2015-01-01,2019-02-04,2019-02-04
13586,M,1961,2015-01-01,2022-12-31,
13587,M,1962,2015-01-01,2022-12-31,
13588,F,1974,2015-01-01,2022-12-31,
13589,F,1967,2015-01-01,2022-12-31,
13590,F,1972,2015-01-01,2022-12-31,
13591,F,1966,2015-01-01,2022-12-31,
13592,F,1931,2015-01-01,2022-08-04,2022-08-04
13593,M,1949,2015-01-01,2022-12-31,
13594,F,1981,2015-01-01,2022-12-31,
13595,F,1946,2015-01-01,2022-12-31,
13596,M,1944,2015-01-01,2022-12-31,
13597,M,1951,2015-01-01,2022-12-31,
13598,M,1967,2015-01-01,2022-12-31,
13599,M,1956,2015-01-01,2022-12-31,
13600,F,1954,2015-01-01,2022-12-31,
13601,F,1936,2015-01-01,2022-12-31,
13602,F,1958,2015-01-01,2022-12-31,
13603,F,1982,2015-01-01,2022-12-31,
13604,F,1962,2015-01-01,2018-01-30,2018-01-30
13605,F,1968,2015-01-01,2022-12-31,
13606,F,1975,2015-01-01,2016-11-24,2016-11-24
13607,F,1962,2015-01-01,2022-12-31,
13608,M,1949,2015-01-01,2022-12-31,
13609,M,1939,2015-01-01,2022-12-31,
13610,M,1921,2015-01-01,2022-12-31,
13611,F,1961,2015-01-01,2022-12-31,
13612,M,1952,2015-01-01,2022-12-31,
13613,F,1959,2015-01-01,2022-12-31,
13614,M,1969,2015-01-01,2022-12-31,
13615,M,1940,2015-01-01,2022-12-31,
13616,M,1993,2015-01-01,2022-12-31,
13617,M,1968,2015-01-01,2022-12-31,
13618,M,1959,2015-01-01,2022-12-31,
13619,M,1968,2015-01-01,2022-12-31,
13620,F,1950,2015-01-01,2022-12-31,
13621,M,1949,2015-01-01,2022-12-31,
13622,F,1952,2015-01-01,2022-12-31,
13623,M,1946,2015-01-01,2022-12-31,
13624,M,1952,2015-01-01,2022-12-31,
13625,F,1930,2015-01-01,2022-12-31,
13626,M,1941,2015-01-01,2022-12-31,
13627,F,1938,2015-01-01,2022-12-31,
13628,F,1962,2015-01-01,2022-12-31,
13629,M,1953,2015-01-01,2022-12-31,
13630,F,1960,2015-01-01,2022-12-31,
13631,M,1945,2015-01-01,2022-12-31,
13632,F,1950,2015-01-01,2022-12-31,
13633,M,1963,2015-01-01,2022-12-31,
13634,M,1960,2015-01-01,2022-12-31,
13635,M,1984,2015-01-01,2022-12-31,
13636,F,1940,2015-01-01,2022-12-31,
13637,M,1964,2015-01-01,2022-12-31,
13638,M,1985,2015-01-01,2022-12-31,
13639,F,1974,2015-01-01,2022-12-31,
13640,F,1952,2015-01-01,2022-12-31,
13641,M,1954,2015-01-01,2022-12-31,
13642,F,1971,2015-01-01,2022-12-31,
13643,F,1954,2015-01-01,2022-12-31,
13644,M,1970,2015-01-01,2022-12-31,
13645,F,1976,2015-01-01,2022-12-31,
13646,M,1960,2015-01-01,2022-12-31,
13647,M,1963,2015-01-01,2022-12-31,
13648,M,1963,2015-01-01,2022-12-31,
13649,F,1959,2015-01-01,2022-12-31,
13650,M,1955,2015-01-01,2022-12-31,
13651,M,1963,2015-01-01,2022-12-31,
13652,F,1974,2015-01-01,2022-12-31,
13653,F,1964,2015-01-01,2022-12-31,
13654,M,1953,2015-01-01,2022-12-31,
13655,M,1973,2015-01-01,2022-12-31,
13656,M,1941,2015-01-01,2022-12-31,
13657,M,1939,2015-01-01,2022-12-31,
13658,F,1958,2015-01-01,2022-12-31,
13659,F,1975,2015-01-01,2022-12-31,
13660,F,1960,2015-01-01,2022-12-31,
13661,F,1963,2015-01-01,2022-12-31,
13662,M,1980,2015-01-01,2022-12-31,
13663,F,1958,2015-01-01,2022-12-31,
13664,M,1953,2015-01-01,2022-12-31,
13665,F,1975,2015-01-01,2022-12-31,
13666,F,1951,2015-01-01,2022-12-31,
13667,F,1950,2015-01-01,2022-12-31,
13668,M,1953,2015-01-01,2022-12-31,
13669,M,1967,2015-01-01,2022-12-31,
13670,F,1968,2015-01-01,2022-12-31,
13671,M,1956,2015-01-01,2022-12-31,
13672,F,1975,2015-01-01,2022-12-31,
13673,M,1971,2015-01-01,2022-12-31,
13674,F,1979,2015-01-01,2022-12-31,
13675,F,1962,2015-01-01,2022-12-31,
13676,M,1950,2015-01-01,2022-12-31,
13677,F,1941,2015-01-01,2022-12-31,
13678,M,1921,2015-01-01,2022-12-31,
13679,F,1959,2015-01-01,2022-12-31,
13680,M,1957,2015-01-01,2022-12-31,
13681,M,1984,2015-01-01,2022-12-31,
13682,F,1962,2015-01-01,2022-12-31,
13683,M,1948,2015-01-01,2022-12-31,
13684,F,1954,2015-01-01,2022-12-31,
13685,M,1958,2015-01-01,2022-12-31,
13686,M,1944,2015-01-01,2022-12-31,
13687,F,1963,2015-01-01,2022-12-31,
13688,M,1982,2015-01-01,2022-12-31,
13689,F,1969,2015-01-01,2022-12-31,
13690,M,1957,2015-01-01,2022-12-31,
13691,F,1965,2015-01-01,2022-12-31,
13692,M,1951,2015-01-01,2022-12-31,
13693,F,1932,2015-01-01,2019-02-02,2019-02-02
13694,F,1941,2015-01-01,2022-12-31,
13695,M,1948,2015-01-01,2022-12-31,
13696,M,1947,2015-01-01,2022-12-31,
13697,M,1954,2015-01-01,2022-12-31,
13698,F,1964,2015-01-01,2021-07-31,2021-07-31
13699,M,1987,2015-01-01,2022-12-31,
13700,M,1965,2015-01-01,2022-12-31,
13701,M,1978,2015-01-01,2022-12-31,
13702,M,1951,2015-01-01,2022-12-31,
13703,F,1957,2015-01-01,2022-12-31,
13704,F,1952,2015-01-01,2022-12-31,
13705,M,1946,2015-01-01,2022-12-31,
13706,M,1953,2015-01-01,2022-12-31,
13707,M,1954,2015-01-01,2022-12-31,
13708,F,1969,2015-01-01,2022-12-31,
13709,F,1964,2015-01-01,2022-12-31,
13710,F,1950,2015-01-01,2022-12-31,
13711,M,1965,2015-01-01,2022-12-31,
13712,F,1948,2015-01-01,2022-12-31,
13713,M,1969,2015-01-01,2022-12-31,
13714,M,1952,2015-01-01,2022-12-31,
13715,M,1970,2015-01-01,2017-10-31,2017-10-31
13716,M,1954,2015-01-01,2022-12-31,
13717,M,1983,2015-01-01,2022-12-31,
13718,F,1967,2015-01-01,2022-12-31,
13719,M,1965,2015-01-01,2022-12-31,
13720,F,1968,2015-01-01,2022-12-31,
13721,F,1973,2015-01-01,2022-12-31,
13722,M,1946,2015-01-01,2022-12-31,
13723,M,1976,2015-01-01,2022-12-31,
13724,M,1950,2015-01-01,2022-12-31,
13725,M,1958,2015-01-01,2022-12-31,
13726,F,1938,2015-01-01,2022-12-31,
13727,F,1954,2015-01-01,2022-12-31,
13728,M,1967,2015-01-01,2022-12-31,
13729,M,1968,2015-01-01,2022-12-31,
13730,F,1945,2015-01-01,2022-12-31,
13731,M,1962,2015-01-01,2022-12-31,
13732,M,1980,2015-01-01,2022-12-31,
13733,M,1960,2015-01-01,2022-12-31,
13734,M,1952,2015-01-01,2022-12-31,
13735,M,1993,2015-01-01,2022-12-31,
13736,F,1938,2015-01-01,2022-12-31,
13737,M,1952,2015-01-01,2022-12-31,
13738,M,1948,2015-01-01,2022-12-31,
13739,F,1954,2015-01-01,2022-12-31,
13740,M,1970,2015-01-01,2022-12-31,
13741,F,1953,2015-01-01,2022-12-31,
13742,F,1957,2015-01-01,2018-11-02,2018-11-02
13743,F,1943,2015-01-01,2022-12-31,
13744,M,1950,2015-01-01,2022-12-31,
13745,F,1957,2015-01-01,2022-12-31,
13746,F,1956,2015-01-01,2022-12-31,
13747,M,1957,2015-01-01,2022-12-31,
13748,M,1952,2015-01-01,2017-04-14,2017-04-14
13749,F,1954,2015-01-01,2022-12-31,
13750,F,1953,2015-01-01,2022-12-31,
13751,M,1957,2015-01-01,2022-12-31,
13752,M,1962,2015-01-01,2022-12-31,
13753,M,1957,2015-01-01,2022-12-31,
13754,F,1946,2015-01-01,2022-12-31,
13755,F,1953,2015-01-01,2022-12-31,
13756,F,1991,2015-01-01,2022-12-31,
13757,M,1962,2015-01-01,2022-12-31,
13758,M,1949,2015-01-01,2022-12-31,
13759,M,1941,2015-01-01,2022-12-31,
13760,F,1972,2015-01-01,2022-12-31,
13761,F,1949,2015-01-01,2022-12-31,
13762,M,1946,2015-01-01,2020-02-22,2020-02-22
13763,M,1958,2015-01-01,2022-12-31,
13764,F,1948,2015-01-01,2022-12-31,
13765,F,1981,2015-01-01,2022-12-31,
13766,M,1980,2015-01-01,2022-12-31,
13767,F,1954,2015-01-01,2022-12-31,
13768,M,1925,2015-01-01,2022-12-31,
13769,F,1958,2015-01-01,2022-12-31,
13770,M,1958,2015-01-01,2016-08-20,2016-08-20
13771,F,1952,2015-01-01,2022-12-31,
13772,F,1961,2015-01-01,2022-12-31,
13773,F,1963,2015-01-01,2022-12-31,
13774,F,1957,2015-01-01,2022-12-31,
13775,F,1963,2015-01-01,2022-12-31,
13776,M,1962,2015-01-01,2022-12-31,
13777,F,1943,2015-01-01,2022-12-31,
13778,F,1972,2015-01-01,2022-12-31,
13779,F,1973,2015-01-01,2022-12-31,
13780,F,1958,2015-01-01,2022-12-31,
13781,F,1968,2015-01-01,2022-12-31,
13782,M,1950,2015-01-01,2022-12-31,
13783,F,1961,2015-01-01,2022-12-31,
13784,M,1961,2015-01-01,2022-12-31,
13785,M,1951,2015-01-01,2022-12-31,
13786,F,1963,2015-01-01,2022-12-31,
13787,F,1956,2015-01-01,2022-12-31,
13788,M,1955,2015-01-01,2022-12-31,
13789,M,1940,2015-01-01,2022-12-31,
13790,M,1952,2015-01-01,2022-12-31,
13791,F,1931,2015-01-01,2022-12-31,
13792,F,1948,2015-01-01,2022-12-31,
13793,M,1974,2015-01-01,2022-12-31,
13794,M,1972,2015-01-01,2022-12-31,
13795,M,1972,2015-01-01,2022-12-31,
13796,F,1952,2015-01-01,2022-12-31,
13797,F,1966,2015-01-01,2022-12-31,
13798,M,1943,2015-01-01,2022-12-31,
13799,M,1952,2015-01-01,2022-12-31,
13800,M,1968,2015-01-01,2022-12-31,
13801,M,1941,2015-01-01,2018-09-01,2018-09-01
13802,M,1959,2015-01-01,2022-12-31,
13803,F,1947,2015-01-01,2022-12-31,
13804,F,1973,2015-01-01,2022-12-31,
13805,M,1966,2015-01-01,2022-12-31,
13806,F,1958,2015-01-01,2022-12-31,
13807,F,1946,2015-01-01,2022-12-31,
13808,F,1954,2015-01-01,2022-12-31,
13809,F,1954,2015-01-01,2022-12-31,
13810,F,1962,2015-01-01,2022-12-31,
13811,M,1966,2015-01-01,2022-12-31,
13812,F,1970,2015-01-01,2022-12-31,
13813,M,1956,2015-01-01,2022-12-31,
13814,M,1937,2015-01-01,2022-12-31,
13815,M,1955,2015-01-01,2022-12-31,
13816,M,1951,2015-01-01,2022-12-31,
13817,M,1954,2015-01-01,2022-12-31,
13818,M,1959,2015-01-01,2022-12-31,
13819,M,1968,2015-01-01,2022-12-31,
13820,F,1949,2015-01-01,2022-12-31,
13821,M,1970,2015-01-01,2022-12-31,
13822,M,1976,2015-01-01,2022-12-31,
13823,M,1946,2015-01-01,2022-12-31,
13824,F,1956,2015-01-01,2022-12-31,
13825,M,1949,2015-01-01,2022-12-31,
13826,M,1952,2015-01-01,2022-12-31,
13827,F,1949,2015-01-01,2022-12-31,
13828,F,1944,2015-01-01,2022-12-31,
13829,M,1947,2015-01-01,2022-12-31,
13830,M,1944,2015-01-01,2022-12-31,
13831,F,1965,2015-01-01,2022-12-31,
13832,M,1946,2015-01-01,2022-12-31,
13833,M,1962,2015-01-01,2022-12-31,
13834,M,1971,2015-01-01,2022-12-31,
13835,F,1977,2015-01-01,2022-12-31,
13836,M,1936,2015-01-01,2019-01-11,2019-01-11
13837,M,1947,2015-01-01,2022-12-31,
13838,M,1968,2015-01-01,2022-12-31,
13839,F,1953,2015-01-01,2022-12-31,
13840,M,1970,2015-01-01,2022-12-31,
13841,M,1962,2015-01-01,2022-12-31,
13842,M,1947,2015-01-01,2022-12-31,
13843,F,1957,2015-01-01,2017-12-27,2017-12-27
13844,M,1957,2015-01-01,2022-12-31,
13845,F,1953,2015-01-01,2022-12-31,
13846,M,1947,2015-01-01,2022-12-31,
13847,M,1944,2015-01-01,2022-12-31,
13848,M,1941,2015-01-01,2022-12-31,
13849,F,1945,2015-01-01,2021-10-13,2021-10-13
13850,M,1955,2015-01-01,2022-12-31,
13851,M,1957,2015-01-01,2022-12-31,
13852,F,1957,2015-01-01,2019-09-23,2019-09-23
13853,M,1959,2015-01-01,2022-12-31,
13854,F,1962,2015-01-01,2022-12-31,
13855,M,1951,2015-01-01,2022-12-31,
13856,M,1970,2015-01-01,2022-12-31,
13857,F,1954,2015-01-01,2022-12-31,
13858,F,1969,2015-01-01,2022-12-31,
13859,M,1959,2015-01-01,2022-12-31,
13860,M,1963,2015-01-01,2022-12-31,
13861,M,1972,2015-01-01,2022-12-31,
13862,F,1946,2015-01-01,2022-12-31,
13863,F,1955,2015-01-01,2022-12-31,
13864,F,1953,2015-01-01,2022-12-31,
13865,M,1966,2015-01-01,2022-12-31,
13866,F,1966,2015-01-01,2022-12-31,
13867,M,1938,2015-01-01,2022-12-31,
13868,M,1945,2015-01-01,2022-12-31,
13869,F,1938,2015-01-01,2022-12-31,
13870,F,1956,2015-01-01,2022-12-31,
13871,M,1969,2015-01-01,2022-12-31,
13872,F,1953,2015-01-01,2017-04-25,2017-04-25
13873,M,1969,2015-01-01,2022-12-31,
13874,F,1960,2015-01-01,2022-12-31,
13875,F,1965,2015-01-01,2022-12-31,
13876,F,1961,2015-01-01,2022-12-31,
13877,M,1955,2015-01-01,2022-12-31,
13878,F,1944,2015-01-01,2022-12-31,
13879,F,1957,2015-01-01,2022-12-31,
13880,M,1958,2015-01-01,2022-12-31,
13881,F,1932,2015-01-01,2022-12-31,
13882,F,1967,2015-01-01,2022-12-31,
13883,F,1963,2015-01-01,2022-12-31,
13884,F,1971,2015-01-01,2022-12-31,
13885,F,1958,2015-01-01,2022-12-31,
13886,M,1972,2015-01-01,2022-12-31,
13887,F,1977,2015-01-01,2022-12-31,
13888,F,1952,2015-01-01,2022-12-31,
13889,F,1952,2015-01-01,2022-12-31,
13890,M,1950,2015-01-01,2022-12-31,
13891,F,1962,2015-01-01,2022-12-31,
13892,M,1953,2015-01-01,2022-12-31,
13893,M,1960,2015-01-01,2022-12-31,
13894,F,1979,2015-01-01,2022-12-31,
13895,F,1949,2015-01-01,2022-12-31,
13896,M,1971,2015-01-01,2022-12-31,
13897,M,1994,2015-01-01,2022-12-31,
13898,M,1942,2015-01-01,2022-12-31,
13899,M,1951,2015-01-01,2022-12-31,
13900,M,1954,2015-01-01,2022-12-31,
13901,M,1971,2015-01-01,2022-12-31,
13902,M,1945,2015-01-01,2022-12-31,
13903,M,1960,2015-01-01,2022-12-31,
13904,M,1944,2015-01-01,2022-12-31,
13905,F,1970,2015-01-01,2022-12-31,
13906,F,1970,2015-01-01,2022-12-31,
13907,M,1952,2015-01-01,2022-12-31,
13908,M,1945,2015-01-01,2022-12-31,
13909,M,1971,2015-01-01,2022-12-31,
13910,M,1959,2015-01-01,2022-12-31,
13911,M,1937,2015-01-01,2019-11-29,2019-11-29
13912,M,1968,2015-01-01,2022-12-31,
13913,F,1978,2015-01-01,2022-12-31,
13914,F,1957,2015-01-01,2022-12-31,
13915,F,1969,2015-01-01,2022-12-31,
13916,M,1975,2015-01-01,2022-12-31,
13917,M,1950,2015-01-01,2022-12-31,
13918,M,1957,2015-01-01,2022-12-31,
13919,M,1970,2015-01-01,2022-12-31,
13920,M,1971,2015-01-01,2022-12-31,
13921,M,1933,2015-01-01,2022-12-31,
13922,M,1946,2015-01-01,2022-12-31,
13923,F,1945,2015-01-01,2022-12-31,
13924,F,1962,2015-01-01,2022-12-31,
13925,F,1955,2015-01-01,2022-12-31,
13926,M,1983,2015-01-01,2022-12-31,
13927,M,1957,2015-01-01,2022-12-31,
13928,M,1954,2015-01-01,2022-12-31,
13929,M,1946,2015-01-01,2022-12-31,
13930,F,1948,2015-01-01,2022-12-31,
13931,M,1952,2015-01-01,2022-12-31,
13932,M,1950,2015-01-01,2022-12-31,
13933,F,1955,2015-01-01,2022-12-31,
13934,F,1981,2015-01-01,2022-12-31,
13935,F,1975,2015-01-01,2022-12-31,
13936,M,1963,2015-01-01,2022-12-31,
13937,F,1943,2015-01-01,2022-12-31,
13938,M,1968,2015-01-01,2022-12-31,
13939,M,1955,2015-01-01,2022-12-31,
13940,M,1971,2015-01-01,2022-12-31,
13941,M,1947,2015-01-01,2022-12-31,
13942,M,1949,2015-01-01,2022-12-31,
13943,M,1924,2015-01-01,2022-12-31,
13944,M,1954,2015-01-01,2022-12-31,
13945,F,1970,2015-01-01,2022-12-31,
13946,F,1960,2015-01-01,2022-12-31,
13947,F,1948,2015-01-01,2022-12-31,
13948,F,1955,2015-01-01,2022-12-31,
13949,M,1969,2015-01-01,2022-12-31,
13950,M,1961,2015-01-01,2022-12-31,
13951,M,1967,2015-01-01,2022-12-31,
13952,F,1964,2015-01-01,2022-12-31,
13953,F,1958,2015-01-01,2022-12-31,
13954,M,1963,2015-01-01,2022-12-31,
13955,F,1967,2015-01-01,2022-12-31,
13956,F,1932,2015-01-01,2022-12-31,
13957,M,1962,2015-01-01,2022-12-31,
13958,M,1965,2015-01-01,2022-12-31,
13959,M,1965,2015-01-01,2022-12-31,
13960,F,1971,2015-01-01,2022-12-31,
13961,M,1967,2015-01-01,2022-12-31,
13962,F,1950,2015-01-01,2022-12-31,
13963,M,1926,2015-01-01,2022-12-31,
13964,M,1963,2015-01-01,2022-12-31,
13965,F,1971,2015-01-01,2022-12-31,
13966,M,1957,2015-01-01,2022-12-31,
13967,F,1972,2015-01-01,2022-12-31,
13968,F,1972,2015-01-01,2022-12-31,
13969,F,1966,2015-01-01,2022-12-31,
13970,M,1949,2015-01-01,2022-12-31,
13971,F,1966,2015-01-01,2022-12-31,
13972,M,1952,2015-01-01,2022-12-31,
13973,M,1955,2015-01-01,2022-12-31,
13974,F,1965,2015-01-01,2022-12-31,
13975,M,1951,2015-01-01,2022-12-31,
13976,F,1952,2015-01-01,2022-12-31,
13977,M,1966,2015-01-01,2022-12-31,
13978,M,1961,2015-01-01,2022-12-31,
13979,F,1960,2015-01-01,2022-12-31,
13980,F,1983,2015-01-01,2022-12-31,
13981,M,1961,2015-01-01,2022-12-31,
13982,M,1983,2015-01-01,2022-12-31,
13983,F,1952,2015-01-01,2022-12-31,
13984,M,1950,2015-01-01,2022-12-31,
13985,M,1966,2015-01-01,2022-12-31,
13986,M,1945,2015-01-01,2022-12-31,
13987,M,1963,2015-01-01,2022-12-31,
13988,F,1979,2015-01-01,2022-12-31,
13989,M,1960,2015-01-01,2022-12-31,
13990,M,1967,2015-01-01,2022-12-31,
13991,F,1964,2015-01-01,2022-12-31,
13992,M,1955,2015-01-01,2022-12-31,
13993,F,1984,2015-01-01,2022-12-31,
13994,F,1933,2015-01-01,2022-12-31,
13995,M,1980,2015-01-01,2022-12-31,
13996,F,1963,2015-01-01,2022-12-31,
13997,F,1972,2015-01-01,2022-12-31,
13998,M,1975,2015-01-01,2022-12-31,
13999,F,1941,2015-01-01,2022-12-31,
14000,M,1970,2015-01-01,2022-12-31,
14001,F,1966,2015-01-01,2022-12-31,
14002,M,1957,2015-01-01,2022-12-31,
14003,M,1963,2015-01-01,2022-12-31,
14004,F,1946,2015-01-01,2022-12-31,
14005,M,1948,2015-01-01,2022-12-31,
14006,M,1935,2015-01-01,2022-12-31,
14007,F,1947,2015-01-01,2022-12-31,
14008,F,1958,2015-01-01,2022-12-31,
14009,F,1974,2015-01-01,2022-12-31,
14010,F,1946,2015-01-01,2022-12-31,
14011,M,1966,2015-01-01,2022-12-31,
14012,M,1975,2015-01-01,2022-12-31,
14013,M,1933,2015-01-01,2022-12-31,
14014,M,1953,2015-01-01,2022-12-31,
14015,F,1927,2015-01-01,2022-12-31,
14016,M,1957,2015-01-01,2022-12-31,
14017,M,1949,2015-01-01,2022-12-31,
14018,M,1949,2015-01-01,2022-12-31,
14019,F,1961,2015-01-01,2022-12-31,
14020,M,1965,2015-01-01,2022-12-31,
14021,M,1951,2015-01-01,2022-12-31,
14022,M,1962,2015-01-01,2022-12-31,
14023,F,1939,2015-01-01,2022-12-31,
14024,M,1949,2015-01-01,2022-12-31,
14025,F,1948,2015-01-01,2022-12-31,
14026,M,1959,2015-01-01,2022-12-31,
14027,F,1959,2015-01-01,2022-12-31,
14028,M,1961,2015-01-01,2022-12-31,
14029,F,1973,2015-01-01,2022-12-31,
14030,F,1964,2015-01-01,2022-12-31,
14031,F,1961,2015-01-01,2022-12-31,
14032,M,1945,2015-01-01,2022-12-31,
14033,M,1931,2015-01-01,2022-12-31,
14034,M,1970,2015-01-01,2022-12-31,
14035,F,1981,2015-01-01,2022-12-31,
14036,F,1947,2015-01-01,2022-12-31,
14037,M,1962,2015-01-01,2022-12-31,
14038,M,1982,2015-01-01,2022-12-31,
14039,F,1957,2015-01-01,2022-12-31,
14040,F,1961,2015-01-01,2022-12-31,
14041,M,1942,2015-01-01,2020-03-13,2020-03-13
14042,M,1925,2015-01-01,2022-12-31,
14043,M,1964,2015-01-01,2022-12-31,
14044,F,1951,2015-01-01,2022-12-31,
14045,M,1931,2015-01-01,2022-12-31,
14046,F,1942,2015-01-01,2022-12-31,
14047,F,1970,2015-01-01,2020-02-17,2020-02-17
14048,M,1957,2015-01-01,2022-12-31,
14049,M,1960,2015-01-01,2022-12-31,
14050,F,1947,2015-01-01,2022-12-31,
14051,M,1965,2015-01-01,2022-12-31,
14052,M,1969,2015-01-01,2022-12-31,
14053,F,1937,2015-01-01,2022-12-31,
14054,F,1955,2015-01-01,2022-12-31,
14055,M,1950,2015-01-01,2020-11-26,2020-11-26
14056,M,1957,2015-01-01,2022-12-31,
14057,M,1950,2015-01-01,2022-12-31,
14058,F,1956,2015-01-01,2022-12-31,
14059,F,1992,2015-01-01,2022-12-31,
14060,F,1964,2015-01-01,2022-12-31,
14061,M,1960,2015-01-01,2022-12-31,
14062,M,1944,2015-01-01,2022-12-31,
14063,M,1937,2015-01-01,2022-12-31,
14064,M,1961,2015-01-01,2022-12-31,
14065,M,1939,2015-01-01,2022-12-31,
14066,M,1958,2015-01-01,2022-12-31,
14067,F,1950,2015-01-01,2022-12-31,
14068,F,1949,2015-01-01,2022-12-31,
14069,F,1951,2015-01-01,2022-12-31,
14070,F,1973,2015-01-01,2022-12-31,
14071,F,1952,2015-01-01,2022-12-31,
14072,M,1951,2015-01-01,2022-12-31,
14073,M,1974,2015-01-01,2022-12-31,
14074,M,1964,2015-01-01,2022-12-31,
14075,M,1953,2015-01-01,2022-12-31,
14076,F,1939,2015-01-01,2022-12-31,
14077,M,1952,2015-01-01,2022-12-31,
14078,M,1949,2015-01-01,2022-12-31,
14079,F,1949,2015-01-01,2022-12-31,
14080,M,1974,2015-01-01,2018-10-24,2018-10-24
14081,M,1965,2015-01-01,2022-12-31,
14082,F,1963,2015-01-01,2022-12-31,
14083,M,1946,2015-01-01,2022-12-30,2022-12-30
14084,F,1958,2015-01-01,2022-12-31,
14085,M,1944,2015-01-01,2022-12-31,
14086,M,1936,2015-01-01,2022-12-31,
14087,F,1973,2015-01-01,2022-12-31,
14088,F,1951,2015-01-01,2022-12-31,
14089,M,1935,2015-01-01,2022-12-31,
14090,M,1971,2015-01-01,2022-12-31,
14091,F,1966,2015-01-01,2022-12-31,
14092,M,1958,2015-01-01,2022-12-31,
14093,F,1955,2015-01-01,2022-12-31,
14094,F,1941,2015-01-01,2022-12-31,
14095,M,1972,2015-01-01,2022-12-31,
14096,M,1963,2015-01-01,2022-12-31,
14097,F,1948,2015-01-01,2022-12-31,
14098,F,1943,2015-01-01,2022-12-31,
14099,F,1975,2015-01-01,2022-12-31,
14100,F,1950,2015-01-01,2022-12-31,
14101,M,1967,2015-01-01,2022-12-31,
14102,F,1941,2015-01-01,2022-12-31,
14103,M,1964,2015-01-01,2022-12-31,
14104,F,1950,2015-01-01,2022-12-31,
14105,M,1959,2015-01-01,2022-12-31,
14106,F,1953,2015-01-01,2022-12-31,
14107,M,1959,2015-01-01,2022-12-31,
14108,F,1975,2015-01-01,2022-12-31,
14109,F,1967,2015-01-01,2022-12-31,
14110,M,1928,2015-01-01,2022-12-31,
14111,M,1975,2015-01-01,2022-12-31,
14112,M,1964,2015-01-01,2022-12-31,
14113,F,1961,2015-01-01,2022-12-31,
14114,M,1958,2015-01-01,2022-12-31,
14115,F,1968,2015-01-01,2022-12-31,
14116,F,1952,2015-01-01,2022-12-31,
14117,F,1959,2015-01-01,2022-12-31,
14118,F,1958,2015-01-01,2022-12-31,
14119,M,1954,2015-01-01,2022-12-31,
14120,F,1972,2015-01-01,2022-12-31,
14121,F,1950,2015-01-01,2020-04-15,2020-04-15
14122,M,1950,2015-01-01,2022-12-31,
14123,M,1931,2015-01-01,2022-12-31,
14124,M,1954,2015-01-01,2022-12-31,
14125,M,1949,2015-01-01,2022-12-31,
14126,M,1986,2015-01-01,2022-12-31,
14127,M,1951,2015-01-01,2022-12-31,
14128,M,1957,2015-01-01,2022-12-31,
14129,F,1956,2015-01-01,2022-12-31,
14130,F,1941,2015-01-01,2022-12-31,
14131,M,1966,2015-01-01,2022-12-31,
14132,M,1944,2015-01-01,2022-12-31,
14133,M,1958,2015-01-01,2022-12-31,
14134,M,1951,2015-01-01,2022-12-31,
14135,M,1937,2015-01-01,2022-12-31,
14136,M,1954,2015-01-01,2022-12-31,
14137,F,1932,2015-01-01,2022-12-31,
14138,F,1945,2015-01-01,2022-12-31,
14139,F,1960,2015-01-01,2022-12-31,
14140,M,1964,2015-01-01,2022-12-31,
14141,F,1956,2015-01-01,2022-12-31,
14142,F,1929,2015-01-01,2022-12-31,
14143,M,1941,2015-01-01,2022-12-31,
14144,F,1928,2015-01-01,2022-12-31,
14145,M,1953,2015-01-01,2022-12-31,
14146,M,1957,2015-01-01,2022-12-31,
14147,M,1948,2015-01-01,2022-12-31,
14148,F,1953,2015-01-01,2022-12-31,
14149,M,1967,2015-01-01,2022-12-31,
14150,M,1952,2015-01-01,2022-12-31,
14151,M,1963,2015-01-01,2022-12-31,
14152,M,1942,2015-01-01,2022-12-31,
14153,F,1935,2015-01-01,2022-12-31,
14154,M,1972,2015-01-01,2022-12-31,
14155,M,1960,2015-01-01,2022-12-31,
14156,M,1955,2015-01-01,2022-12-31,
14157,M,1968,2015-01-01,2022-12-31,
14158,M,1940,2015-01-01,2022-12-31,
14159,M,1965,2015-01-01,2022-12-31,
14160,F,1966,2015-01-01,2022-12-31,
14161,F,1963,2015-01-01,2022-12-31,
14162,M,1967,2015-01-01,2022-12-31,
14163,F,1946,2015-01-01,2020-01-16,2020-01-16
14164,F,1942,2015-01-01,2022-12-31,
14165,M,1961,2015-01-01,2022-12-31,
14166,M,1980,2015-01-01,2022-12-31,
14167,M,1948,2015-01-01,2022-12-31,
14168,M,1979,2015-01-01,2022-12-31,
14169,F,1958,2015-01-01,2022-12-31,
14170,M,1944,2015-01-01,2022-12-31,
14171,M,1958,2015-01-01,2022-12-31,
14172,F,1964,2015-01-01,2022-12-31,
14173,M,1958,2015-01-01,2022-12-31,
14174,F,1958,2015-01-01,2020-02-17,2020-02-17
14175,M,1964,2015-01-01,2022-12-31,
14176,M,1953,2015-01-01,2022-12-31,
14177,M,1929,2015-01-01,2022-12-31,
14178,M,1966,2015-01-01,2022-12-31,
14179,M,1940,2015-01-01,2022-12-31,
14180,M,1973,2015-01-01,2022-12-31,
14181,M,1990,2015-01-01,2022-12-31,
14182,M,1958,2015-01-01,2022-12-31,
14183,M,1959,2015-01-01,2022-12-31,
14184,F,1947,2015-01-01,2022-12-31,
14185,M,1940,2015-01-01,2021-02-01,2021-02-01
14186,F,1947,2015-01-01,2022-12-31,
14187,M,1958,2015-01-01,2022-12-31,
14188,M,1957,2015-01-01,2022-12-31,
14189,F,1979,2015-01-01,2022-12-31,
14190,M,1934,2015-01-01,2022-12-31,
14191,F,1970,2015-01-01,2022-12-31,
14192,M,1972,2015-01-01,2022-12-31,
14193,M,1957,2015-01-01,2022-12-31,
14194,F,1955,2015-01-01,2022-12-31,
14195,M,1985,2015-01-01,2022-12-31,
14196,F,1972,2015-01-01,2022-12-31,
14197,M,1946,2015-01-01,2022-12-31,
14198,F,1929,2015-01-01,2022-12-31,
14199,F,1935,2015-01-01,2022-12-31,
14200,F,1966,2015-01-01,2022-12-31,
14201,M,1971,2015-01-01,2022-12-31,
14202,M,1963,2015-01-01,2022-12-31,
14203,M,1956,2015-01-01,2022-12-31,
14204,F,1948,2015-01-01,2022-12-31,
14205,M,1970,2015-01-01,2022-12-31,
14206,F,1951,2015-01-01,2022-12-31,
14207,F,1944,2015-01-01,2022-12-31,
14208,M,1976,2015-01-01,2022-12-31,
14209,F,1964,2015-01-01,2022-12-31,
14210,F,1970,2015-01-01,2022-12-31,
14211,M,1951,2015-01-01,2022-12-31,
14212,M,1949,2015-01-01,2022-12-31,
14213,M,1955,2015-01-01,2022-12-31,
14214,F,1931,2015-01-01,2022-12-31,
14215,F,1950,2015-01-01,2022-12-31,
14216,F,1970,2015-01-01,2022-12-31,
14217,M,1967,2015-01-01,2022-12-31,
14218,M,1982,2015-01-01,2022-12-31,
14219,F,1946,2015-01-01,2022-12-31,
14220,F,1973,2015-01-01,2022-12-31,
14221,M,1953,2015-01-01,2022-12-31,
14222,M,1964,2015-01-01,2022-12-31,
14223,M,1958,2015-01-01,2022-12-31,
14224,M,1933,2015-01-01,2022-12-31,
14225,F,1973,2015-01-01,2022-12-31,
14226,M,1948,2015-01-01,2022-12-31,
14227,F,1964,2015-01-01,2022-12-31,
14228,F,1969,2015-01-01,2022-12-31,
14229,F,1969,2015-01-01,2022-12-31,
14230,F,1978,2015-01-01,2022-12-31,
14231,M,1975,2015-01-01,2022-12-31,
14232,M,1955,2015-01-01,2021-04-27,2021-04-27
14233,M,1951,2015-01-01,2022-12-31,
14234,M,1949,2015-01-01,2022-12-31,
14235,M,1953,2015-01-01,2022-12-31,
14236,M,1980,2015-01-01,2022-12-31,
14237,M,1944,2015-01-01,2022-12-31,
14238,M,1954,2015-01-01,2022-12-31,
14239,M,1947,2015-01-01,2022-12-31,
14240,F,1947,2015-01-01,2022-12-31,
14241,M,1967,2015-01-01,2022-12-31,
14242,M,1953,2015-01-01,2022-12-31,
14243,F,1956,2015-01-01,2022-12-31,
14244,M,1971,2015-01-01,2022-12-31,
14245,M,1981,2015-01-01,2022-12-31,
14246,F,1934,2015-01-01,2022-12-31,
14247,M,1952,2015-01-01,2022-12-31,
14248,F,1934,2015-01-01,2022-12-31,
14249,F,1974,2015-01-01,2022-12-31,
14250,M,1974,2015-01-01,2022-12-31,
14251,M,1924,2015-01-01,2022-12-31,
14252,M,1950,2015-01-01,2022-12-31,
14253,M,1967,2015-01-01,2022-12-31,
14254,M,1940,2015-01-01,2022-12-31,
14255,M,1953,2015-01-01,2022-12-31,
14256,M,1983,2015-01-01,2022-12-31,
14257,M,1955,2015-01-01,2022-12-31,
14258,M,1932,2015-01-01,2022-12-31,
14259,M,1955,2015-01-01,2022-12-31,
14260,M,1973,2015-01-01,2022-12-31,
14261,F,1978,2015-01-01,2022-12-31,
14262,M,1967,2015-01-01,2022-12-31,
14263,F,1958,2015-01-01,2022-12-31,
14264,M,1964,2015-01-01,2022-12-31,
14265,M,1950,2015-01-01,2022-12-31,
14266,M,1959,2015-01-01,2022-12-31,
14267,M,1955,2015-01-01,2022-12-31,
14268,M,1956,2015-01-01,2022-12-31,
14269,F,1939,2015-01-01,2022-12-31,
14270,M,1948,2015-01-01,2022-12-31,
14271,M,1960,2015-01-01,2022-12-31,
14272,F,1949,2015-01-01,2022-12-31,
14273,F,1977,2015-01-01,2022-12-31,
14274,F,1948,2015-01-01,2022-12-31,
14275,F,1964,2015-01-01,2022-12-31,
14276,M,1974,2015-01-01,2022-12-31,
14277,M,1955,2015-01-01,2022-12-31,
14278,M,1968,2015-01-01,2022-12-31,
14279,F,1969,2015-01-01,2022-12-31,
14280,F,1948,2015-01-01,2022-12-31,
14281,M,1961,2015-01-01,2022-12-31,
14282,M,1964,2015-01-01,2022-12-31,
14283,M,1938,2015-01-01,2022-12-31,
14284,F,1962,2015-01-01,2022-12-31,
14285,F,1953,2015-01-01,2022-12-31,
14286,F,1962,2015-01-01,2022-12-31,
14287,M,1952,2015-01-01,2022-12-31,
14288,M,1953,2015-01-01,2022-12-31,
14289,M,1967,2015-01-01,2022-12-31,
14290,M,1966,2015-01-01,2022-12-31,
14291,M,1956,2015-01-01,2022-12-31,
14292,F,1966,2015-01-01,2022-12-31,
14293,M,1980,2015-01-01,2022-12-31,
14294,M,1967,2015-01-01,2022-12-31,
14295,M,1959,2015-01-01,2022-12-31,
14296,M,1948,2015-01-01,2022-12-31,
14297,M,1952,2015-01-01,2022-12-31,
14298,F,1950,2015-01-01,2022-12-31,
14299,M,1959,2015-01-01,2022-12-31,
14300,F,1955,2015-01-01,2022-12-31,
14301,F,1958,2015-01-01,2022-12-31,
14302,M,1969,2015-01-01,2022-12-31,
14303,F,1981,2015-01-01,2022-12-31,
14304,M,1956,2015-01-01,2022-12-31,
14305,F,1952,2015-01-01,2022-12-31,
14306,M,1946,2015-01-01,2022-12-31,
14307,M,1955,2015-01-01,2022-12-31,
14308,F,1941,2015-01-01,2022-12-31,
14309,M,1961,2015-01-01,2022-12-31,
14310,M,1951,2015-01-01,2022-12-31,
14311,F,1941,2015-01-01,2022-12-31,
14312,M,1938,2015-01-01,2021-11-02,2021-11-02
14313,F,1955,2015-01-01,2022-12-31,
14314,M,1941,2015-01-01,2022-12-31,
14315,M,1955,2015-01-01,2022-12-31,
14316,M,1949,2015-01-01,2022-12-31,
14317,M,1956,2015-01-01,2022-12-31,
14318,M,1962,2015-01-01,2022-12-31,
14319,F,1940,2015-01-01,2022-12-31,
14320,F,1972,2015-01-01,2022-12-31,
14321,F,1988,2015-01-01,2022-12-31,
14322,M,1978,2015-01-01,2022-12-31,
14323,F,1968,2015-01-01,2022-12-31,
14324,F,1929,2015-01-01,2022-12-31,
14325,F,1962,2015-01-01,2018-08-09,2018-08-09
14326,M,1954,2015-01-01,2022-12-31,
14327,M,1970,2015-01-01,2022-12-31,
14328,F,1952,2015-01-01,2022-12-31,
14329,M,1960,2015-01-01,2022-12-31,
14330,F,1937,2015-01-01,2022-12-31,
14331,F,1992,2015-01-01,2022-12-31,
14332,F,1952,2015-01-01,2022-12-31,
14333,M,1944,2015-01-01,2022-12-31,
14334,M,1957,2015-01-01,2022-12-31,
14335,M,1951,2015-01-01,2022-12-31,
14336,F,1949,2015-01-01,2022-12-31,
14337,F,1964,2015-01-01,2022-12-31,
14338,F,1936,2015-01-01,2022-12-31,
14339,M,1967,2015-01-01,2022-12-31,
14340,M,1957,2015-01-01,2022-12-31,
14341,F,1951,2015-01-01,2022-12-31,
14342,M,1939,2015-01-01,2022-12-31,
14343,M,1942,2015-01-01,2022-12-31,
14344,M,1959,2015-01-01,2022-12-31,
14345,F,1968,2015-01-01,2022-12-31,
14346,M,1970,2015-01-01,2022-12-31,
14347,M,1944,2015-01-01,2022-12-31,
14348,M,1946,2015-01-01,2022-12-31,
14349,F,1957,2015-01-01,2022-12-31,
14350,M,1960,2015-01-01,2022-12-31,
14351,F,1963,2015-01-01,2022-12-31,
14352,M,1967,2015-01-01,2022-12-31,
14353,M,1946,2015-01-01,2022-12-31,
14354,F,1942,2015-01-01,2022-12-31,
14355,F,1960,2015-01-01,2022-12-31,
14356,F,1942,2015-01-01,2022-12-31,
14357,M,1951,2015-01-01,2022-12-31,
14358,F,1958,2015-01-01,2022-12-31,
14359,M,1958,2015-01-01,2018-05-15,2018-05-15
14360,F,1954,2015-01-01,2022-12-31,
14361,F,1963,2015-01-01,2022-12-31,
14362,F,1960,2015-01-01,2022-12-31,
14363,F,1942,2015-01-01,2022-12-31,
14364,F,1973,2015-01-01,2022-12-31,
14365,F,1952,2015-01-01,2022-12-31,
14366,F,1963,2015-01-01,2022-12-31,
14367,M,1963,2015-01-01,2022-12-31,
14368,F,1978,2015-01-01,2022-12-31,
14369,F,1972,2015-01-01,2022-12-31,
14370,F,1954,2015-01-01,2022-12-31,
14371,M,1970,2015-01-01,2022-12-31,
14372,F,1926,2015-01-01,2022-12-31,
14373,F,1974,2015-01-01,2022-12-31,
14374,F,1947,2015-01-01,2022-12-31,
14375,F,1965,2015-01-01,2022-12-31,
14376,M,1961,2015-01-01,2022-12-31,
14377,M,1976,2015-01-01,2022-12-31,
14378,M,1953,2015-01-01,2022-12-31,
14379,M,1951,2015-01-01,2022-12-31,
14380,F,1977,2015-01-01,2022-12-31,
14381,F,1962,2015-01-01,2022-12-31,
14382,F,1971,2015-01-01,2022-12-31,
14383,M,1957,2015-01-01,2022-12-31,
14384,F,1967,2015-01-01,2022-12-31,
14385,F,1934,2015-01-01,2022-12-31,
14386,F,1962,2015-01-01,2022-12-31,
14387,M,1971,2015-01-01,2022-12-31,
14388,M,1936,2015-01-01,2022-12-31,
14389,M,1963,2015-01-01,2022-12-31,
14390,F,1940,2015-01-01,2022-12-31,
14391,F,1944,2015-01-01,2022-12-31,
14392,F,1966,2015-01-01,2022-12-31,
14393,M,1952,2015-01-01,2022-12-31,
14394,M,1942,2015-01-01,2022-12-31,
14395,F,1959,2015-01-01,2022-12-31,
14396,F,1936,2015-01-01,2022-12-31,
14397,M,1930,2015-01-01,2022-12-31,
14398,F,1953,2015-01-01,2022-12-31,
14399,F,1952,2015-01-01,2022-12-31,
14400,F,1969,2015-01-01,2022-12-31,
14401,F,1962,2015-01-01,2022-12-31,
14402,F,1959,2015-01-01,2022-12-31,
14403,F,1971,2015-01-01,2022-12-31,
14404,M,1958,2015-01-01,2022-12-31,
14405,F,1942,2015-01-01,2022-12-31,
14406,F,1959,2015-01-01,2022-12-31,
14407,F,1954,2015-01-01,2022-12-31,
14408,F,1958,2015-01-01,2022-12-31,
14409,F,1959,2015-01-01,2022-12-31,
14410,F,1933,2015-01-01,2022-12-31,
14411,M,1957,2015-01-01,2022-12-31,
14412,M,1955,2015-01-01,2022-12-31,
14413,F,1959,2015-01-01,2022-12-31,
14414,M,1939,2015-01-01,2022-12-31,
14415,F,1981,2015-01-01,2022-12-31,
14416,F,1950,2015-01-01,2022-12-31,
14417,F,1944,2015-01-01,2022-12-31,
14418,M,1955,2015-01-01,2022-12-31,
14419,F,1965,2015-01-01,2022-12-31,
14420,M,1960,2015-01-01,2022-12-31,
14421,F,1959,2015-01-01,2022-12-31,
14422,M,1966,2015-01-01,2022-12-31,
14423,F,1972,2015-01-01,2016-12-08,2016-12-08
14424,M,1962,2015-01-01,2022-12-31,
14425,M,1956,2015-01-01,2022-12-31,
14426,M,1946,2015-01-01,2022-12-31,
14427,F,1954,2015-01-01,2022-12-31,
14428,F,1954,2015-01-01,2022-12-31,
14429,M,1990,2015-01-01,2022-12-31,
14430,M,1971,2015-01-01,2022-12-31,
14431,F,1961,2015-01-01,2022-12-31,
14432,F,1933,2015-01-01,2022-12-31,
14433,F,1985,2015-01-01,2022-12-31,
14434,M,1943,2015-01-01,2022-12-31,
14435,M,1951,2015-01-01,2022-12-31,
14436,M,1968,2015-01-01,2022-12-31,
14437,M,1945,2015-01-01,2022-12-31,
14438,F,1956,2015-01-01,2022-12-31,
14439,F,1938,2015-01-01,2022-12-31,
14440,M,1968,2015-01-01,2022-12-31,
14441,F,1968,2015-01-01,2022-12-31,
14442,M,1970,2015-01-01,2022-12-31,
14443,M,1957,2015-01-01,2022-12-31,
14444,F,1959,2015-01-01,2022-12-31,
14445,M,1976,2015-01-01,2022-12-31,
14446,F,1968,2015-01-01,2022-12-31,
14447,F,1958,2015-01-01,2022-12-31,
14448,M,1964,2015-01-01,2022-12-31,
14449,F,1998,2015-01-01,2022-12-31,
14450,M,1957,2015-01-01,2022-12-31,
14451,F,1946,2015-01-01,2022-12-31,
14452,F,1947,2015-01-01,2022-12-31,
14453,M,1941,2015-01-01,2022-12-31,
14454,M,1960,2015-01-01,2022-12-31,
14455,M,1969,2015-01-01,2022-12-31,
14456,F,1950,2015-01-01,2022-12-31,
14457,F,1955,2015-01-01,2022-12-31,
14458,F,1949,2015-01-01,2022-12-31,
14459,F,1955,2015-01-01,2022-12-31,
14460,M,1960,2015-01-01,2022-12-31,
14461,M,1956,2015-01-01,2022-12-31,
14462,F,1943,2015-01-01,2022-12-31,
14463,M,1967,2015-01-01,2022-12-31,
14464,M,1962,2015-01-01,2022-12-31,
14465,F,1941,2015-01-01,2022-12-31,
14466,M,1957,2015-01-01,2022-12-31,
14467,M,1966,2015-01-01,2022-12-31,
14468,M,1941,2015-01-01,2022-12-31,
14469,M,1951,2015-01-01,2022-12-31,
14470,F,1965,2015-01-01,2022-12-31,
14471,M,1960,2015-01-01,2022-02-27,2022-02-27
14472,M,1977,2015-01-01,2022-12-31,
14473,F,1946,2015-01-01,2022-12-31,
14474,F,1946,2015-01-01,2022-12-31,
14475,F,1957,2015-01-01,2022-12-31,
14476,M,1958,2015-01-01,2022-12-31,
14477,M,1968,2015-01-01,2022-12-31,
14478,M,1941,2015-01-01,2022-12-31,
14479,M,1964,2015-01-01,2022-12-31,
14480,F,1936,2015-01-01,2022-12-31,
14481,M,1959,2015-01-01,2022-12-31,
14482,F,1935,2015-01-01,2022-12-31,
14483,F,1952,2015-01-01,2022-12-31,
14484,M,1949,2015-01-01,2022-12-31,
14485,F,1943,2015-01-01,2022-12-31,
14486,F,1968,2015-01-01,2022-12-31,
14487,M,1963,2015-01-01,2022-12-31,
14488,M,1967,2015-01-01,2022-12-31,
14489,F,1976,2015-01-01,2022-12-31,
14490,M,1955,2015-01-01,2022-12-31,
14491,M,1960,2015-01-01,2022-12-31,
14492,M,1942,2015-01-01,2022-12-31,
14493,M,1960,2015-01-01,2022-12-31,
14494,F,1967,2015-01-01,2022-12-31,
14495,F,1951,2015-01-01,2022-12-31,
14496,F,1967,2015-01-01,2022-12-31,
14497,M,1958,2015-01-01,2022-12-31,
14498,M,1968,2015-01-01,2022-12-31,
14499,F,1953,2015-01-01,2022-12-31,
14500,M,1965,2015-01-01,2022-12-31,
14501,M,1950,2015-01-01,2022-12-31,
14502,F,1952,2015-01-01,2022-12-31,
14503,M,1952,2015-01-01,2022-12-31,
14504,F,1943,2015-01-01,2022-12-31,
14505,F,1981,2015-01-01,2022-12-31,
14506,F,1952,2015-01-01,2022-12-31,
14507,M,1959,2015-01-01,2022-12-31,
14508,M,1921,2015-01-01,2022-12-31,
14509,M,1956,2015-01-01,2022-12-31,
14510,F,1956,2015-01-01,2022-12-31,
14511,M,1955,2015-01-01,2022-12-31,
14512,F,1979,2015-01-01,2022-12-31,
14513,M,1940,2015-01-01,2022-12-31,
14514,F,1949,2015-01-01,2022-12-31,
14515,F,1977,2015-01-01,2022-12-31,
14516,F,1980,2015-01-01,2022-12-31,
14517,F,1964,2015-01-01,2022-12-31,
14518,M,1957,2015-01-01,2022-12-31,
14519,F,1948,2015-01-01,2022-12-31,
14520,F,1965,2015-01-01,2022-12-31,
14521,F,1966,2015-01-01,2022-12-31,
14522,M,1948,2015-01-01,2022-07-03,2022-07-03
14523,F,1932,2015-01-01,2022-12-31,
14524,M,1968,2015-01-01,2022-12-31,
14525,M,1951,2015-01-01,2022-12-31,
14526,M,1974,2015-01-01,2022-12-31,
14527,M,1968,2015-01-01,2022-12-31,
14528,M,1949,2015-01-01,2022-12-31,
14529,F,1947,2015-01-01,2022-12-31,
14530,M,1926,2015-01-01,2022-12-31,
14531,F,1959,2015-01-01,2022-12-31,
14532,F,1969,2015-01-01,2022-12-31,
14533,M,1959,2015-01-01,2022-12-31,
14534,F,1955,2015-01-01,2022-12-31,
14535,M,1953,2015-01-01,2022-12-31,
14536,F,1970,2015-01-01,2022-12-31,
14537,F,1939,2015-01-01,2022-12-31,
14538,M,1952,2015-01-01,2022-12-31,
14539,M,1975,2015-01-01,2022-12-31,
14540,M,1942,2015-01-01,2022-12-31,
14541,M,1953,2015-01-01,2022-12-31,
14542,F,1967,2015-01-01,2022-12-31,
14543,F,1958,2015-01-01,2022-12-31,
14544,F,1973,2015-01-01,2022-12-31,
14545,M,1955,2015-01-01,2022-12-31,
14546,M,1941,2015-01-01,2022-12-31,
14547,M,1973,2015-01-01,2022-12-31,
14548,F,1964,2015-01-01,2022-12-31,
14549,F,1945,2015-01-01,2022-12-31,
14550,M,1962,2015-01-01,2022-12-31,
14551,F,1967,2015-01-01,2022-12-31,
14552,M,1958,2015-01-01,2022-12-31,
14553,F,1952,2015-01-01,2022-12-31,
14554,F,1981,2015-01-01,2022-12-31,
14555,M,1965,2015-01-01,2022-12-31,
14556,M,1972,2015-01-01,2022-12-31,
14557,F,1994,2015-01-01,2022-12-31,
14558,M,1956,2015-01-01,2022-12-31,
14559,M,1945,2015-01-01,2022-12-31,
14560,M,1969,2015-01-01,2022-12-31,
14561,F,1952,2015-01-01,2022-12-31,
14562,M,1962,2015-01-01,2022-12-31,
14563,F,1976,2015-01-01,2022-12-31,
14564,M,1958,2015-01-01,2022-12-31,
14565,M,1945,2015-01-01,2022-12-31,
14566,M,1959,2015-01-01,2022-12-31,
14567,M,1946,2015-01-01,2022-12-31,
14568,F,1975,2015-01-01,2022-12-31,
14569,F,1954,2015-01-01,2022-12-31,
14570,M,1966,2015-01-01,2022-12-31,
14571,M,1957,2015-01-01,2022-12-31,
14572,F,1966,2015-01-01,2022-12-31,
14573,M,1949,2015-01-01,2020-09-03,2020-09-03
14574,F,1948,2015-01-01,2022-12-31,
14575,F,1944,2015-01-01,2022-12-31,
14576,M,1952,2015-01-01,2022-12-31,
14577,F,1940,2015-01-01,2022-12-31,
14578,M,1958,2015-01-01,2022-12-31,
14579,F,1962,2015-01-01,2022-12-31,
14580,F,1951,2015-01-01,2022-12-31,
14581,F,1952,2015-01-01,2022-12-31,
14582,M,1970,2015-01-01,2022-12-31,
14583,M,1970,2015-01-01,2022-12-31,
14584,M,1964,2015-01-01,2022-12-31,
14585,M,1975,2015-01-01,2022-12-31,
14586,F,1962,2015-01-01,2022-12-31,
14587,M,1991,2015-01-01,2022-12-31,
14588,F,1971,2015-01-01,2022-12-31,
14589,M,1941,2015-01-01,2022-12-31,
14590,M,1950,2015-01-01,2022-12-31,
14591,M,1966,2015-01-01,2022-12-31,
14592,M,1990,2015-01-01,2022-12-31,
14593,F,1960,2015-01-01,2022-12-31,
14594,F,1938,2015-01-01,2022-12-31,
14595,M,1949,2015-01-01,2022-12-31,
14596,M,1950,2015-01-01,2022-12-31,
14597,F,1960,2015-01-01,2022-12-31,
14598,F,1966,2015-01-01,2022-12-31,
14599,M,1963,2015-01-01,2022-12-31,
14600,F,1958,2015-01-01,2022-12-31,
14601,M,1959,2015-01-01,2022-12-31,
14602,M,1941,2015-01-01,2022-12-31,
14603,M,1958,2015-01-01,2022-12-31,
14604,F,1952,2015-01-01,2022-12-31,
14605,F,1951,2015-01-01,2022-12-31,
14606,M,1954,2015-01-01,2022-12-31,
14607,F,1962,2015-01-01,2022-12-31,
14608,M,1970,2015-01-01,2022-12-31,
14609,M,1952,2015-01-01,2019-12-25,2019-12-25
14610,M,1989,2015-01-01,2022-12-31,
14611,F,1975,2015-01-01,2022-12-31,
14612,M,1937,2015-01-01,2022-12-31,
14613,M,1959,2015-01-01,2022-12-31,
14614,M,1948,2015-01-01,2022-12-31,
14615,F,1944,2015-01-01,2022-12-31,
14616,M,1972,2015-01-01,2022-12-31,
14617,M,1969,2015-01-01,2022-12-31,
14618,F,1953,2015-01-01,2022-12-31,
14619,M,1945,2015-01-01,2022-12-31,
14620,M,1976,2015-01-01,2022-12-31,
14621,M,1962,2015-01-01,2022-12-31,
14622,F,1979,2015-01-01,2022-12-31,
14623,F,1961,2015-01-01,2022-12-31,
14624,F,1938,2015-01-01,2022-12-31,
14625,M,1970,2015-01-01,2022-12-31,
14626,M,1950,2015-01-01,2022-12-31,
14627,M,1942,2015-01-01,2022-12-31,
14628,M,1961,2015-01-01,2022-12-31,
14629,M,1932,2015-01-01,2022-12-31,
14630,F,1955,2015-01-01,2022-12-31,
14631,F,1956,2015-01-01,2022-12-31,
14632,F,1947,2015-01-01,2022-12-31,
14633,M,1955,2015-01-01,2022-12-31,
14634,M,1954,2015-01-01,2022-12-31,
14635,M,1954,2015-01-01,2022-12-31,
14636,M,1953,2015-01-01,2022-12-31,
14637,F,1958,2015-01-01,2022-12-31,
14638,M,1962,2015-01-01,2022-12-31,
14639,M,1953,2015-01-01,2022-12-31,
14640,M,1970,2015-01-01,2022-12-31,
14641,F,1948,2015-01-01,2022-12-31,
14642,F,1962,2015-01-01,2022-12-31,
14643,M,1970,2015-01-01,2022-12-31,
14644,F,1980,2015-01-01,2022-12-31,
14645,M,1975,2015-01-01,2022-12-31,
14646,M,1975,2015-01-01,2022-12-31,
14647,M,1974,2015-01-01,2022-12-31,
14648,F,1937,2015-01-01,2022-12-31,
14649,M,1974,2015-01-01,2022-12-31,
14650,M,1942,2015-01-01,2022-12-31,
14651,M,1949,2015-01-01,2022-12-31,
14652,F,1960,2015-01-01,2022-12-31,
14653,F,1957,2015-01-01,2022-12-31,
14654,M,1957,2015-01-01,2022-12-31,
14655,M,1971,2015-01-01,2022-12-31,
14656,M,1954,2015-01-01,2022-12-31,
14657,F,1953,2015-01-01,2022-12-31,
14658,M,1952,2015-01-01,2022-12-31,
14659,F,1965,2015-01-01,2022-12-31,
14660,F,1962,2015-01-01,2022-12-31,
14661,M,1983,2015-01-01,2022-12-31,
14662,F,1969,2015-01-01,2022-12-31,
14663,F,1942,2015-01-01,2022-12-31,
14664,F,1937,2015-01-01,2022-12-31,
14665,M,1964,2015-01-01,2022-12-31,
14666,F,1954,2015-01-01,2022-12-31,
14667,M,1952,2015-01-01,2022-12-31,
14668,M,1963,2015-01-01,2022-12-31,
14669,F,1945,2015-01-01,2022-12-31,
14670,M,1973,2015-01-01,2022-12-31,
14671,M,1943,2015-01-01,2022-12-31,
14672,M,1954,2015-01-01,2022-12-31,
14673,F,1973,2015-01-01,2022-12-31,
14674,F,1934,2015-01-01,2022-12-31,
14675,M,1933,2015-01-01,2022-12-31,
14676,M,1960,2015-01-01,2022-12-31,
14677,M,1954,2015-01-01,2017-08-30,2017-08-30
14678,M,1954,2015-01-01,2022-12-31,
14679,F,1959,2015-01-01,2022-12-31,
14680,M,1972,2015-01-01,2022-12-31,
14681,F,1960,2015-01-01,2022-12-31,
14682,F,1926,2015-01-01,2022-12-31,
14683,M,1960,2015-01-01,2022-12-31,
14684,M,1937,2015-01-01,2022-12-31,
14685,F,1962,2015-01-01,2022-12-31,
14686,M,1965,2015-01-01,2022-12-31,
14687,F,1938,2015-01-01,2022-12-31,
14688,M,1966,2015-01-01,2022-12-31,
14689,M,1965,2015-01-01,2022-12-31,
14690,M,1952,2015-01-01,2022-12-31,
14691,M,1961,2015-01-01,2022-12-31,
14692,M,1963,2015-01-01,2022-12-31,
14693,F,1957,2015-01-01,2022-12-31,
14694,F,1961,2015-01-01,2022-12-31,
14695,F,1946,2015-01-01,2022-12-31,
14696,F,1939,2015-01-01,2022-12-31,
14697,M,1954,2015-01-01,2022-12-31,
14698,M,1951,2015-01-01,2022-12-31,
14699,F,1947,2015-01-01,2022-12-31,
14700,M,1934,2015-01-01,2022-12-31,
14701,F,1936,2015-01-01,2022-12-31,
14702,F,1944,2015-01-01,2022-12-31,
14703,M,1956,2015-01-01,2022-12-31,
14704,M,1959,2015-01-01,2022-12-31,
14705,F,1943,2015-01-01,2022-12-31,
14706,F,1927,2015-01-01,2022-12-31,
14707,F,1956,2015-01-01,2022-12-31,
14708,F,1990,2015-01-01,2022-12-31,
14709,F,1938,2015-01-01,2022-12-31,
14710,M,1971,2015-01-01,2022-12-31,
14711,M,1974,2015-01-01,2022-12-31,
14712,F,1966,2015-01-01,2022-12-31,
14713,F,1963,2015-01-01,2022-12-31,
14714,F,1961,2015-01-01,2022-12-31,
14715,F,1960,2015-01-01,2021-09-19,2021-09-19
14716,F,1969,2015-01-01,2022-12-31,
14717,F,1971,2015-01-01,2022-12-31,
14718,F,1953,2015-01-01,2022-12-31,
14719,M,1960,2015-01-01,2022-12-31,
14720,F,1939,2015-01-01,2022-12-31,
14721,F,1974,2015-01-01,2022-12-31,
14722,F,1958,2015-01-01,2022-12-31,
14723,F,1974,2015-01-01,2022-12-31,
14724,F,1956,2015-01-01,2022-12-31,
14725,M,1960,2015-01-01,2022-12-31,
14726,M,1959,2015-01-01,2022-12-31,
14727,F,1951,2015-01-01,2022-12-31,
14728,F,1975,2015-01-01,2022-12-31,
14729,M,1957,2015-01-01,2022-12-31,
14730,M,1939,2015-01-01,2022-12-31,
14731,F,1961,2015-01-01,2022-12-31,
14732,F,1961,2015-01-01,2022-12-31,
14733,M,1974,2015-01-01,2022-12-31,
14734,M,1950,2015-01-01,2022-12-31,
14735,F,1938,2015-01-01,2022-12-31,
14736,M,1964,2015-01-01,2022-12-31,
14737,M,1966,2015-01-01,2022-12-31,
14738,F,1957,2015-01-01,2022-12-31,
14739,M,1956,2015-01-01,2022-12-31,
14740,F,1944,2015-01-01,2022-12-31,
14741,F,1949,2015-01-01,2022-12-31,
14742,M,1964,2015-01-01,2022-12-31,
14743,M,1950,2015-01-01,2022-12-31,
14744,M,1948,2015-01-01,2022-12-31,
14745,M,1967,2015-01-01,2022-12-31,
14746,M,1953,2015-01-01,2022-12-31,
14747,F,1955,2015-01-01,2022-12-31,
14748,F,1941,2015-01-01,2022-12-31,
14749,F,1970,2015-01-01,2022-12-31,
14750,M,1973,2015-01-01,2022-12-31,
14751,F,1932,2015-01-01,2022-12-31,
14752,F,1941,2015-01-01,2022-12-31,
14753,F,1960,2015-01-01,2022-12-31,
14754,F,1933,2015-01-01,2022-12-31,
14755,F,1960,2015-01-01,2022-12-31,
14756,M,1951,2015-01-01,2022-12-31,
14757,F,1972,2015-01-01,2022-12-31,
14758,M,1953,2015-01-01,2022-12-31,
14759,M,1970,2015-01-01,2022-12-31,
14760,M,1954,2015-01-01,2022-12-31,
14761,F,1939,2015-01-01,2022-12-31,
14762,F,1946,2015-01-01,2022-12-31,
14763,M,1945,2015-01-01,2022-12-31,
14764,F,1947,2015-01-01,2022-12-31,
14765,F,1953,2015-01-01,2022-12-31,
14766,M,1941,2015-01-01,2020-11-18,2020-11-18
14767,F,1974,2015-01-01,2022-12-31,
14768,F,1965,2015-01-01,2022-12-31,
14769,M,1964,2015-01-01,2022-12-31,
14770,M,1945,2015-01-01,2022-12-31,
14771,F,1954,2015-01-01,2022-12-31,
14772,M,1954,2015-01-01,2022-12-31,
14773,M,1956,2015-01-01,2022-12-31,
14774,M,1965,2015-01-01,2022-12-31,
14775,F,1946,2015-01-01,2022-12-31,
14776,M,1976,2015-01-01,2022-12-31,
14777,F,1965,2015-01-01,2022-12-31,
14778,M,1958,2015-01-01,2022-12-31,
14779,M,1946,2015-01-01,2022-12-31,
14780,M,1964,2015-01-01,2022-12-31,
14781,F,1960,2015-01-01,2022-12-31,
14782,F,1929,2015-01-01,2022-12-31,
14783,F,1955,2015-01-01,2022-12-31,
14784,F,1960,2015-01-01,2022-12-31,
14785,M,1981,2015-01-01,2022-12-31,
14786,F,1963,2015-01-01,2022-12-31,
14787,M,1952,2015-01-01,2022-12-31,
14788,M,1958,2015-01-01,2022-12-31,
14789,M,1966,2015-01-01,2022-12-31,
14790,M,1967,2015-01-01,2022-12-31,
14791,M,1957,2015-01-01,2022-12-31,
14792,M,1948,2015-01-01,2020-01-08,2020-01-08
14793,F,1955,2015-01-01,2022-12-31,
14794,M,1961,2015-01-01,2022-12-31,
14795,F,1969,2015-01-01,2022-12-31,
14796,M,1971,2015-01-01,2022-12-31,
14797,F,1955,2015-01-01,2022-12-31,
14798,F,1955,2015-01-01,2022-12-31,
14799,F,1965,2015-01-01,2022-12-31,
14800,F,1980,2015-01-01,2022-12-31,
14801,F,1955,2015-01-01,2022-12-31,
14802,M,1966,2015-01-01,2022-12-31,
14803,M,1972,2015-01-01,2022-12-31,
14804,F,1959,2015-01-01,2022-12-31,
14805,M,1949,2015-01-01,2022-12-31,
14806,F,1962,2015-01-01,2022-12-31,
14807,M,1955,2015-01-01,2022-12-31,
14808,F,1955,2015-01-01,2022-12-31,
14809,F,1955,2015-01-01,2022-12-31,
14810,F,1954,2015-01-01,2022-12-31,
14811,M,1943,2015-01-01,2022-12-31,
14812,M,1953,2015-01-01,2022-12-31,
14813,M,1978,2015-01-01,2022-12-31,
14814,M,1970,2015-01-01,2022-12-31,
14815,M,1951,2015-01-01,2022-12-31,
14816,F,1952,2015-01-01,2022-12-31,
14817,M,1954,2015-01-01,2022-12-31,
14818,M,1953,2015-01-01,2022-12-31,
14819,M,1960,2015-01-01,2022-12-31,
14820,F,1936,2015-01-01,2022-12-31,
14821,F,1947,2015-01-01,2022-12-31,
14822,M,1956,2015-01-01,2022-12-31,
14823,F,1953,2015-01-01,2022-12-31,
14824,F,1960,2015-01-01,2022-12-31,
14825,M,1964,2015-01-01,2022-12-31,
14826,M,1974,2015-01-01,2022-12-31,
14827,M,1960,2015-01-01,2022-12-31,
14828,M,1967,2015-01-01,2022-12-31,
14829,M,1969,2015-01-01,2022-12-31,
14830,F,1954,2015-01-01,2022-12-31,
14831,M,1926,2015-01-01,2022-12-31,
14832,M,1956,2015-01-01,2022-12-31,
14833,M,1951,2015-01-01,2022-12-31,
14834,F,1971,2015-01-01,2022-12-31,
14835,M,1954,2015-01-01,2022-12-31,
14836,F,1978,2015-01-01,2022-12-31,
14837,M,1959,2015-01-01,2022-12-31,
14838,F,1960,2015-01-01,2022-12-31,
14839,F,1952,2015-01-01,2022-12-31,
14840,M,1946,2015-01-01,2022-12-31,
14841,F,1969,2015-01-01,2022-12-31,
14842,M,1981,2015-01-01,2022-12-31,
14843,M,1965,2015-01-01,2022-12-31,
14844,M,1949,2015-01-01,2022-12-31,
14845,F,1961,2015-01-01,2022-12-31,
14846,M,1967,2015-01-01,2022-12-31,
14847,F,1943,2015-01-01,2022-12-31,
14848,M,1954,2015-01-01,2022-12-31,
14849,F,1946,2015-01-01,2022-12-31,
14850,F,1967,2015-01-01,2022-12-31,
14851,F,1948,2015-01-01,2022-12-31,
14852,F,1963,2015-01-01,2022-12-31,
14853,M,1958,2015-01-01,2022-12-31,
14854,M,1958,2015-01-01,2022-12-31,
14855,M,1971,2015-01-01,2022-12-31,
14856,M,1963,2015-01-01,2022-12-31,
14857,F,1957,2015-01-01,2022-12-31,
14858,F,1960,2015-01-01,2022-12-31,
14859,M,1943,2015-01-01,2022-12-31,
14860,M,1951,2015-01-01,2022-12-31,
14861,M,1959,2015-01-01,2022-12-31,
14862,F,1954,2015-01-01,2022-12-31,
14863,F,1942,2015-01-01,2020-10-09,2020-10-09
14864,M,1950,2015-01-01,2022-12-31,
14865,M,1953,2015-01-01,2022-12-31,
14866,F,1953,2015-01-01,2022-12-31,
14867,F,1961,2015-01-01,2022-12-31,
14868,M,1980,2015-01-01,2022-12-31,
14869,F,1960,2015-01-01,2022-12-31,
14870,M,1951,2015-01-01,2022-12-31,
14871,M,1952,2015-01-01,2022-12-31,
14872,M,1964,2015-01-01,2022-12-31,
14873,F,1959,2015-01-01,2022-12-31,
14874,F,1943,2015-01-01,2022-12-31,
14875,M,1938,2015-01-01,2022-12-31,
14876,F,1940,2015-01-01,2022-12-31,
14877,M,1944,2015-01-01,2022-12-31,
14878,M,1951,2015-01-01,2022-12-31,
14879,M,1957,2015-01-01,2022-12-31,
14880,M,1951,2015-01-01,2022-12-31,
14881,M,1974,2015-01-01,2022-12-31,
14882,F,1975,2015-01-01,2022-12-31,
14883,F,1944,2015-01-01,2022-12-31,
14884,F,1958,2015-01-01,2022-12-31,
14885,M,1941,2015-01-01,2022-12-31,
14886,F,1951,2015-01-01,2022-12-31,
14887,M,1949,2015-01-01,2022-12-31,
14888,F,1964,2015-01-01,2022-12-31,
14889,M,1950,2015-01-01,2020-07-03,2020-07-03
14890,F,1971,2015-01-01,2022-12-31,
14891,F,1976,2015-01-01,2022-12-31,
14892,F,1959,2015-01-01,2022-12-31,
14893,F,1953,2015-01-01,2022-12-31,
14894,F,1975,2015-01-01,2022-12-31,
14895,M,1968,2015-01-01,2022-12-31,
14896,F,1975,2015-01-01,2022-12-31,
14897,M,1941,2015-01-01,2022-12-31,
14898,F,1964,2015-01-01,2022-12-31,
14899,M,1964,2015-01-01,2022-12-31,
14900,F,1959,2015-01-01,2022-12-31,
14901,M,1971,2015-01-01,2022-12-31,
14902,F,1949,2015-01-01,2022-12-31,
14903,M,1965,2015-01-01,2022-12-31,
14904,F,1975,2015-01-01,2022-12-31,
14905,M,1967,2015-01-01,2022-12-31,
14906,M,1925,2015-01-01,2019-07-11,2019-07-11
14907,M,1950,2015-01-01,2022-12-31,
14908,M,1965,2015-01-01,2022-12-31,
14909,F,1952,2015-01-01,2022-12-31,
14910,M,1976,2015-01-01,2022-12-31,
14911,M,1952,2015-01-01,2022-12-31,
14912,F,1960,2015-01-01,2022-12-31,
14913,M,1934,2015-01-01,2022-12-31,
14914,M,1967,2015-01-01,2022-12-31,
14915,M,1982,2015-01-01,2022-12-31,
14916,M,1955,2015-01-01,2022-12-31,
14917,F,1985,2015-01-01,2022-12-31,
14918,F,1960,2015-01-01,2022-12-31,
14919,M,1932,2015-01-01,2022-12-31,
14920,F,1967,2015-01-01,2022-12-31,
14921,F,1969,2015-01-01,2022-12-31,
14922,F,1961,2015-01-01,2022-12-31,
14923,M,1954,2015-01-01,2022-12-31,
14924,F,1959,2015-01-01,2022-12-31,
14925,F,1971,2015-01-01,2022-12-31,
14926,F,1962,2015-01-01,2022-12-31,
14927,M,1945,2015-01-01,2022-12-31,
14928,M,1961,2015-01-01,2022-12-31,
14929,M,1943,2015-01-01,2022-12-31,
14930,M,1966,2015-01-01,2022-12-31,
14931,F,1969,2015-01-01,2022-12-31,
14932,F,1953,2015-01-01,2022-12-31,
14933,F,1950,2015-01-01,2022-12-31,
14934,M,1930,2015-01-01,2020-08-28,2020-08-28
14935,M,1966,2015-01-01,2022-12-31,
14936,M,1958,2015-01-01,2022-12-31,
14937,M,1958,2015-01-01,2022-12-31,
14938,M,1942,2015-01-01,2022-12-31,
14939,F,1942,2015-01-01,2022-12-31,
14940,M,1954,2015-01-01,2022-12-31,
14941,F,1951,2015-01-01,2022-12-31,
14942,F,1933,2015-01-01,2021-02-17,2021-02-17
14943,M,1951,2015-01-01,2022-12-31,
14944,M,1944,2015-01-01,2022-12-31,
14945,M,1964,2015-01-01,2022-12-31,
14946,M,1957,2015-01-01,2022-12-31,
14947,M,1981,2015-01-01,2022-12-31,
14948,M,1938,2015-01-01,2022-12-31,
14949,F,1949,2015-01-01,2022-12-31,
14950,F,1966,2015-01-01,2022-12-31,
14951,M,1987,2015-01-01,2022-12-31,
14952,F,1962,2015-01-01,2022-12-31,
14953,M,1992,2015-01-01,2022-12-31,
14954,F,1963,2015-01-01,2022-12-31,
14955,F,1951,2015-01-01,2022-12-31,
14956,M,1972,2015-01-01,2022-12-31,
14957,F,1949,2015-01-01,2022-12-31,
14958,M,1972,2015-01-01,2022-12-31,
14959,F,1939,2015-01-01,2022-12-31,
14960,M,1973,2015-01-01,2022-12-31,
14961,M,1942,2015-01-01,2022-12-31,
14962,M,1961,2015-01-01,2022-12-31,
14963,F,1962,2015-01-01,2022-12-31,
14964,M,1969,2015-01-01,2022-12-31,
14965,F,1954,2015-01-01,2022-12-31,
14966,M,1960,2015-01-01,2022-12-31,
14967,F,1961,2015-01-01,2022-12-31,
14968,M,1965,2015-01-01,2022-12-31,
14969,F,1946,2015-01-01,2022-12-31,
14970,F,1957,2015-01-01,2022-12-31,
14971,M,1964,2015-01-01,2022-12-31,
14972,F,1968,2015-01-01,2022-12-31,
14973,M,1966,2015-01-01,2022-12-31,
14974,M,1954,2015-01-01,2022-12-31,
14975,F,1956,2015-01-01,2022-12-31,
14976,F,1974,2015-01-01,2022-12-31,
14977,F,1942,2015-01-01,2022-12-31,
14978,M,1963,2015-01-01,2022-12-31,
14979,F,1970,2015-01-01,2022-12-31,
14980,M,1956,2015-01-01,2022-12-31,
14981,F,1979,2015-01-01,2022-12-31,
14982,M,1935,2015-01-01,2022-09-01,2022-09-01
14983,M,1984,2015-01-01,2022-12-31,
14984,M,1961,2015-01-01,2022-12-31,
14985,F,1952,2015-01-01,2022-12-31,
14986,F,1959,2015-01-01,2022-12-31,
14987,M,1955,2015-01-01,2022-12-31,
14988,M,1964,2015-01-01,2022-12-31,
14989,M,1951,2015-01-01,2022-12-31,
14990,F,1961,2015-01-01,2022-12-31,
14991,F,1974,2015-01-01,2022-12-31,
14992,M,1966,2015-01-01,2022-12-31,
14993,M,1972,2015-01-01,2022-12-31,
14994,M,1949,2015-01-01,2022-12-31,
14995,M,1967,2015-01-01,2022-12-31,
14996,F,1947,2015-01-01,2022-12-31,
14997,M,1971,2015-01-01,2022-12-31,
14998,M,1954,2015-01-01,2022-12-31,
14999,M,1963,2015-01-01,2022-12-31,
15000,M,1963,2015-01-01,2022-12-31,
15001,F,1953,2015-01-01,2022-12-31,
15002,F,1932,2015-01-01,2022-12-31,
15003,F,1936,2015-01-01,2022-12-31,
15004,F,1954,2015-01-01,2022-12-31,
15005,M,1930,2015-01-01,2022-12-31,
15006,F,1979,2015-01-01,2022-12-31,
15007,M,1935,2015-01-01,2022-12-31,
15008,F,1960,2015-01-01,2022-12-31,
15009,F,1958,2015-01-01,2022-12-31,
15010,M,1964,2015-01-01,2022-12-31,
15011,M,1977,2015-01-01,2022-12-31,
15012,F,1967,2015-01-01,2022-12-31,
15013,M,1960,2015-01-01,2022-12-31,
15014,M,1956,2015-01-01,2022-12-31,
15015,M,1947,2015-01-01,2022-12-31,
15016,M,1950,2015-01-01,2022-12-31,
15017,F,1961,2015-01-01,2022-12-31,
15018,M,1961,2015-01-01,2022-12-31,
15019,M,1942,2015-01-01,2022-12-31,
15020,M,1961,2015-01-01,2022-12-31,
15021,F,1951,2015-01-01,2019-03-24,2019-03-24
15022,M,1946,2015-01-01,2022-12-31,
15023,M,1972,2015-01-01,2022-12-31,
15024,F,1965,2015-01-01,2022-12-31,
15025,M,1962,2015-01-01,2022-12-31,
15026,M,1965,2015-01-01,2022-12-31,
15027,M,1969,2015-01-01,2022-12-31,
15028,F,1949,2015-01-01,2022-12-31,
15029,M,1980,2015-01-01,2022-12-31,
15030,F,1950,2015-01-01,2022-12-31,
15031,M,1944,2015-01-01,2022-12-31,
15032,M,1954,2015-01-01,2022-12-31,
15033,F,1965,2015-01-01,2022-12-31,
15034,M,1954,2015-01-01,2022-12-31,
15035,M,1970,2015-01-01,2022-12-31,
15036,M,1957,2015-01-01,2022-12-31,
15037,F,1962,2015-01-01,2022-12-31,
15038,M,1964,2015-01-01,2022-12-31,
15039,F,1925,2015-01-01,2021-12-08,2021-12-08
15040,F,1970,2015-01-01,2022-12-31,
15041,M,1976,2015-01-01,2022-12-31,
15042,F,1968,2015-01-01,2022-12-31,
15043,F,1962,2015-01-01,2022-12-31,
15044,M,1974,2015-01-01,2022-12-31,
15045,M,1946,2015-01-01,2022-12-31,
15046,M,1966,2015-01-01,2022-12-31,
15047,F,1948,2015-01-01,2022-12-31,
15048,F,1981,2015-01-01,2022-12-31,
15049,M,1958,2015-01-01,2022-12-31,
15050,M,1947,2015-01-01,2022-12-31,
15051,F,1953,2015-01-01,2022-12-31,
15052,M,1978,2015-01-01,2022-12-31,
15053,F,1966,2015-01-01,2022-12-31,
15054,M,1960,2015-01-01,2022-12-31,
15055,M,1967,2015-01-01,2022-12-31,
15056,M,1946,2015-01-01,2022-12-31,
15057,M,1962,2015-01-01,2019-11-16,2019-11-16
15058,M,1932,2015-01-01,2022-12-31,
15059,F,1955,2015-01-01,2022-12-31,
15060,M,1966,2015-01-01,2022-12-31,
15061,F,1959,2015-01-01,2022-12-31,
15062,F,1942,2015-01-01,2022-12-31,
15063,M,1971,2015-01-01,2022-12-31,
15064,M,1944,2015-01-01,2022-12-31,
15065,M,1964,2015-01-01,2022-12-31,
15066,M,1967,2015-01-01,2022-12-31,
15067,M,1943,2015-01-01,2022-12-31,
15068,M,1939,2015-01-01,2022-12-31,
15069,M,1951,2015-01-01,2022-12-31,
15070,M,1947,2015-01-01,2022-02-05,2022-02-05
15071,F,1979,2015-01-01,2022-12-31,
15072,F,1963,2015-01-01,2022-12-31,
15073,F,1966,2015-01-01,2022-12-31,
15074,M,1964,2015-01-01,2022-12-31,
15075,M,1948,2015-01-01,2022-12-31,
15076,F,1970,2015-01-01,2022-12-31,
15077,F,1949,2015-01-01,2022-12-31,
15078,F,1967,2015-01-01,2022-12-31,
15079,M,1961,2015-01-01,2022-12-31,
15080,F,1961,2015-01-01,2022-12-31,
15081,M,1964,2015-01-01,2022-12-31,
15082,F,1966,2015-01-01,2022-12-31,
15083,F,1931,2015-01-01,2021-06-09,2021-06-09
15084,M,1953,2015-01-01,2022-12-31,
15085,M,1981,2015-01-01,2022-12-31,
15086,M,1951,2015-01-01,2022-12-31,
15087,M,1966,2015-01-01,2022-12-31,
15088,M,1965,2015-01-01,2022-12-31,
15089,F,1973,2015-01-01,2022-12-31,
15090,M,1925,2015-01-01,2022-12-31,
15091,F,1949,2015-01-01,2022-12-31,
15092,F,1952,2015-01-01,2022-12-31,
15093,F,1954,2015-01-01,2022-12-31,
15094,F,1939,2015-01-01,2022-12-31,
15095,M,1960,2015-01-01,2022-12-31,
15096,M,1954,2015-01-01,2022-12-31,
15097,M,1959,2015-01-01,2022-12-31,
15098,M,1981,2015-01-01,2022-12-31,
15099,M,1944,2015-01-01,2022-12-31,
15100,F,1958,2015-01-01,2022-12-31,
15101,M,1949,2015-01-01,2022-12-31,
15102,M,1970,2015-01-01,2022-12-31,
15103,F,1956,2015-01-01,2022-12-31,
15104,F,1955,2015-01-01,2022-12-31,
15105,M,1948,2015-01-01,2022-12-31,
15106,M,1944,2015-01-01,2022-12-31,
15107,F,1942,2015-01-01,2022-12-31,
15108,F,1960,2015-01-01,2022-12-31,
15109,M,1970,2015-01-01,2022-12-31,
15110,F,1965,2015-01-01,2022-12-31,
15111,F,1957,2015-01-01,2022-12-31,
15112,F,1979,2015-01-01,2022-12-31,
15113,F,1961,2015-01-01,2022-12-31,
15114,M,1963,2015-01-01,2022-12-31,
15115,F,1933,2015-01-01,2022-12-31,
15116,F,1960,2015-01-01,2022-12-31,
15117,F,1952,2015-01-01,2022-12-31,
15118,F,1933,2015-01-01,2020-10-28,2020-10-28
15119,F,1967,2015-01-01,2022-12-31,
15120,M,1943,2015-01-01,2022-12-31,
15121,F,1970,2015-01-01,2022-12-31,
15122,F,1940,2015-01-01,2022-12-31,
15123,M,1955,2015-01-01,2022-12-31,
15124,M,1967,2015-01-01,2022-12-31,
15125,M,1949,2015-01-01,2022-12-31,
15126,F,1947,2015-01-01,2022-12-31,
15127,F,1971,2015-01-01,2022-12-31,
15128,M,1954,2015-01-01,2022-12-31,
15129,M,1962,2015-01-01,2022-12-31,
15130,M,1968,2015-01-01,2022-12-31,
15131,F,1948,2015-01-01,2022-12-31,
15132,M,1970,2015-01-01,2022-12-31,
15133,M,1947,2015-01-01,2022-12-31,
15134,F,1958,2015-01-01,2022-12-31,
15135,F,1956,2015-01-01,2022-12-31,
15136,M,1946,2015-01-01,2022-12-31,
15137,F,1961,2015-01-01,2022-12-31,
15138,M,1968,2015-01-01,2022-12-31,
15139,M,1974,2015-01-01,2022-12-31,
15140,F,1981,2015-01-01,2022-12-31,
15141,M,1953,2015-01-01,2022-12-31,
15142,M,1953,2015-01-01,2022-12-31,
15143,F,1954,2015-01-01,2022-12-31,
15144,M,1940,2015-01-01,2022-12-31,
15145,F,1940,2015-01-01,2022-12-31,
15146,M,1949,2015-01-01,2022-12-31,
15147,M,1964,2015-01-01,2022-12-31,
15148,M,1976,2015-01-01,2022-12-31,
15149,F,1964,2015-01-01,2022-12-31,
15150,M,1975,2015-01-01,2022-12-31,
15151,M,1974,2015-01-01,2022-12-31,
15152,M,1972,2015-01-01,2022-12-31,
15153,M,1963,2015-01-01,2022-12-31,
15154,M,1950,2015-01-01,2022-12-31,
15155,M,1963,2015-01-01,2017-05-30,2017-05-30
15156,F,1967,2015-01-01,2022-12-31,
15157,F,1958,2015-01-01,2022-12-31,
15158,M,1978,2015-01-01,2022-12-31,
15159,M,1943,2015-01-01,2022-12-31,
15160,F,1944,2015-01-01,2022-12-31,
15161,M,1960,2015-01-01,2022-12-31,
15162,M,1986,2015-01-01,2022-12-31,
15163,F,1953,2015-01-01,2017-01-21,2017-01-21
15164,F,1950,2015-01-01,2022-12-31,
15165,M,1982,2015-01-01,2022-12-31,
15166,M,1944,2015-01-01,2022-12-31,
15167,F,1987,2015-01-01,2022-12-31,
15168,F,1980,2015-01-01,2022-12-31,
15169,F,1961,2015-01-01,2022-12-31,
15170,M,1964,2015-01-01,2022-12-31,
15171,M,1959,2015-01-01,2022-12-31,
15172,M,1945,2015-01-01,2022-12-31,
15173,M,1947,2015-01-01,2022-12-31,
15174,F,1955,2015-01-01,2022-12-31,
15175,F,1962,2015-01-01,2022-12-31,
15176,F,1942,2015-01-01,2022-12-31,
15177,M,1940,2015-01-01,2022-12-31,
15178,F,1942,2015-01-01,2022-12-31,
15179,F,1957,2015-01-01,2022-12-31,
15180,M,1972,2015-01-01,2022-12-31,
15181,M,1963,2015-01-01,2022-12-31,
15182,F,1967,2015-01-01,2022-12-31,
15183,M,1964,2015-01-01,2022-12-31,
15184,F,1947,2015-01-01,2022-12-31,
15185,F,1969,2015-01-01,2022-12-31,
15186,M,1957,2015-01-01,2022-12-31,
15187,F,1982,2015-01-01,2022-12-31,
15188,M,1949,2015-01-01,2022-12-31,
15189,M,1954,2015-01-01,2022-12-31,
15190,F,1976,2015-01-01,2022-12-31,
15191,M,1965,2015-01-01,2022-12-31,
15192,F,1952,2015-01-01,2022-12-31,
15193,F,1983,2015-01-01,2022-12-31,
15194,M,1953,2015-01-01,2022-12-31,
15195,F,1951,2015-01-01,2022-12-31,
15196,M,1963,2015-01-01,2022-12-31,
15197,M,1933,2015-01-01,2022-12-31,
15198,M,1963,2015-01-01,2022-12-31,
15199,M,1954,2015-01-01,2022-12-31,
15200,M,1921,2015-01-01,2022-12-31,
15201,M,1959,2015-01-01,2022-12-31,
15202,F,1949,2015-01-01,2022-12-31,
15203,M,1972,2015-01-01,2022-12-31,
15204,M,1969,2015-01-01,2022-12-31,
15205,M,1974,2015-01-01,2022-12-31,
15206,M,1964,2015-01-01,2022-12-31,
15207,M,1967,2015-01-01,2022-12-31,
15208,F,1929,2015-01-01,2019-12-05,2019-12-05
15209,M,1926,2015-01-01,2022-09-12,2022-09-12
15210,M,1967,2015-01-01,2022-12-31,
15211,F,1965,2015-01-01,2022-12-31,
15212,F,1954,2015-01-01,2022-12-31,
15213,M,1937,2015-01-01,2022-12-31,
15214,M,1973,2015-01-01,2022-12-31,
15215,M,1939,2015-01-01,2022-12-31,
15216,F,1966,2015-01-01,2022-12-31,
15217,F,1949,2015-01-01,2022-12-31,
15218,M,1960,2015-01-01,2022-12-31,
15219,F,1969,2015-01-01,2022-12-31,
15220,F,1960,2015-01-01,2022-12-31,
15221,M,1950,2015-01-01,2022-12-31,
15222,M,1956,2015-01-01,2022-12-31,
15223,F,1945,2015-01-01,2022-12-31,
15224,M,1958,2015-01-01,2022-12-31,
15225,M,1952,2015-01-01,2022-12-31,
15226,M,1957,2015-01-01,2022-12-31,
15227,F,1948,2015-01-01,2022-12-31,
15228,F,1959,2015-01-01,2022-12-31,
15229,F,1974,2015-01-01,2020-09-02,2020-09-02
15230,F,1934,2015-01-01,2022-12-31,
15231,M,1944,2015-01-01,2022-12-31,
15232,F,1945,2015-01-01,2022-12-31,
15233,F,1957,2015-01-01,2022-12-31,
15234,M,1946,2015-01-01,2022-12-31,
15235,M,1958,2015-01-01,2022-12-31,
15236,M,1966,2015-01-01,2017-07-22,2017-07-22
15237,M,1946,2015-01-01,2022-12-31,
15238,M,1957,2015-01-01,2022-12-31,
15239,M,1946,2015-01-01,2022-12-31,
15240,M,1966,2015-01-01,2022-12-31,
15241,M,1947,2015-01-01,2022-12-31,
15242,F,1954,2015-01-01,2022-12-31,
15243,F,1966,2015-01-01,2022-12-31,
15244,M,2006,2015-01-01,2022-12-31,
15245,M,1946,2015-01-01,2022-12-31,
15246,M,1959,2015-01-01,2022-12-31,
15247,F,1951,2015-01-01,2022-12-31,
15248,F,1963,2015-01-01,2022-12-31,
15249,F,1970,2015-01-01,2022-12-31,
15250,M,1949,2015-01-01,2022-12-31,
15251,M,1954,2015-01-01,2022-12-31,
15252,M,1976,2015-01-01,2022-12-31,
15253,M,1952,2015-01-01,2022-12-31,
15254,M,1960,2015-01-01,2022-12-31,
15255,F,1961,2015-01-01,2022-12-31,
15256,M,1960,2015-01-01,2022-12-31,
15257,F,1958,2015-01-01,2022-12-31,
15258,M,1956,2015-01-01,2022-12-31,
15259,F,1975,2015-01-01,2022-12-31,
15260,F,1952,2015-01-01,2022-12-31,
15261,M,1960,2015-01-01,2022-12-31,
15262,F,1945,2015-01-01,2022-12-31,
15263,F,1946,2015-01-01,2022-12-31,
15264,M,1955,2015-01-01,2022-12-31,
15265,M,1952,2015-01-01,2022-12-31,
15266,M,1935,2015-01-01,2022-12-31,
15267,M,1944,2015-01-01,2022-12-31,
15268,F,1971,2015-01-01,2022-12-31,
15269,M,1951,2015-01-01,2022-12-31,
15270,F,1939,2015-01-01,2022-12-31,
15271,F,1961,2015-01-01,2022-12-31,
15272,M,1963,2015-01-01,2022-12-31,
15273,F,1954,2015-01-01,2022-12-31,
15274,M,1945,2015-01-01,2022-12-31,
15275,M,1962,2015-01-01,2022-12-31,
15276,M,1958,2015-01-01,2022-12-31,
15277,F,1966,2015-01-01,2022-12-31,
15278,M,1957,2015-01-01,2022-12-31,
15279,F,1954,2015-01-01,2022-12-31,
15280,M,1974,2015-01-01,2022-12-31,
15281,M,1953,2015-01-01,2022-12-31,
15282,M,1974,2015-01-01,2022-12-31,
15283,M,1939,2015-01-01,2022-12-31,
15284,M,1948,2015-01-01,2022-12-31,
15285,M,1947,2015-01-01,2022-12-31,
15286,M,1977,2015-01-01,2022-12-31,
15287,F,1962,2015-01-01,2022-12-31,
15288,M,1952,2015-01-01,2022-12-31,
15289,F,1955,2015-01-01,2022-12-31,
15290,M,1935,2015-01-01,2022-12-31,
15291,F,1961,2015-01-01,2022-12-31,
15292,M,1940,2015-01-01,2022-12-31,
15293,F,1941,2015-01-01,2019-10-20,2019-10-20
15294,M,1960,2015-01-01,2022-12-31,
15295,M,1981,2015-01-01,2022-12-31,
15296,F,1950,2015-01-01,2022-12-31,
15297,F,1956,2015-01-01,2018-07-17,2018-07-17
15298,F,1946,2015-01-01,2022-12-31,
15299,F,1966,2015-01-01,2022-12-31,
15300,M,1969,2015-01-01,2022-12-31,
15301,M,1958,2015-01-01,2022-12-31,
15302,M,1955,2015-01-01,2022-12-31,
15303,M,1946,2015-01-01,2022-12-31,
15304,F,1974,2015-01-01,2022-12-31,
15305,M,1964,2015-01-01,2022-12-31,
15306,M,1946,2015-01-01,2022-12-31,
15307,F,1969,2015-01-01,2022-12-31,
15308,M,1959,2015-01-01,2022-12-31,
15309,F,1980,2015-01-01,2022-12-31,
15310,M,1955,2015-01-01,2022-12-31,
15311,F,1949,2015-01-01,2022-12-31,
15312,M,1953,2015-01-01,2022-12-31,
15313,F,1961,2015-01-01,2022-12-31,
15314,F,1940,2015-01-01,2022-12-31,
15315,M,1951,2015-01-01,2022-12-31,
15316,F,1977,2015-01-01,2022-12-31,
15317,M,1962,2015-01-01,2022-12-31,
15318,M,1957,2015-01-01,2022-12-31,
15319,M,1962,2015-01-01,2022-12-31,
15320,M,1964,2015-01-01,2022-12-31,
15321,F,1962,2015-01-01,2022-12-31,
15322,M,1961,2015-01-01,2022-12-31,
15323,M,1970,2015-01-01,2022-12-31,
15324,F,1975,2015-01-01,2022-12-31,
15325,M,1948,2015-01-01,2022-12-31,
15326,M,1939,2015-01-01,2022-12-31,
15327,M,1964,2015-01-01,2022-12-31,
15328,F,1966,2015-01-01,2022-12-31,
15329,M,1941,2015-01-01,2022-12-31,
15330,F,1956,2015-01-01,2022-12-31,
15331,F,1988,2015-01-01,2022-12-31,
15332,M,1956,2015-01-01,2022-12-31,
15333,M,1945,2015-01-01,2022-12-31,
15334,M,1961,2015-01-01,2022-12-31,
15335,M,1971,2015-01-01,2022-12-31,
15336,F,1960,2015-01-01,2022-12-31,
15337,F,1966,2015-01-01,2022-12-31,
15338,M,1955,2015-01-01,2022-12-31,
15339,F,1954,2015-01-01,2022-12-31,
15340,F,1968,2015-01-01,2022-12-31,
15341,F,1954,2015-01-01,2022-12-31,
15342,M,1959,2015-01-01,2022-12-31,
15343,M,1948,2015-01-01,2018-02-05,2018-02-05
15344,M,1950,2015-01-01,2022-12-31,
15345,F,1954,2015-01-01,2022-12-31,
15346,F,1956,2015-01-01,2022-12-31,
15347,M,1936,2015-01-01,2022-12-31,
15348,F,1975,2015-01-01,2022-12-31,
15349,M,1930,2015-01-01,2022-12-31,
15350,M,1939,2015-01-01,2022-12-31,
15351,F,1976,2015-01-01,2022-12-31,
15352,F,1955,2015-01-01,2022-12-31,
15353,M,1943,2015-01-01,2022-12-31,
15354,M,1972,2015-01-01,2022-12-31,
15355,M,1970,2015-01-01,2022-12-31,
15356,M,1972,2015-01-01,2022-12-31,
15357,F,1949,2015-01-01,2022-12-31,
15358,M,1966,2015-01-01,2022-12-31,
15359,F,1992,2015-01-01,2022-12-31,
15360,M,1946,2015-01-01,2022-03-23,2022-03-23
15361,F,1970,2015-01-01,2022-12-31,
15362,F,1954,2015-01-01,2022-12-31,
15363,M,1953,2015-01-01,2022-12-31,
15364,F,1979,2015-01-01,2022-12-31,
15365,M,1956,2015-01-01,2022-12-31,
15366,F,1956,2015-01-01,2022-12-31,
15367,M,1965,2015-01-01,2022-12-31,
15368,F,1947,2015-01-01,2022-12-31,
15369,F,1976,2015-01-01,2022-12-31,
15370,F,1970,2015-01-01,2022-12-31,
15371,M,1945,2015-01-01,2022-12-31,
15372,M,1963,2015-01-01,2022-12-31,
15373,M,1951,2015-01-01,2022-12-31,
15374,M,1958,2015-01-01,2022-12-31,
15375,F,1946,2015-01-01,2022-12-31,
15376,M,1931,2015-01-01,2022-12-31,
15377,M,1963,2015-01-01,2022-12-31,
15378,F,1967,2015-01-01,2019-01-02,2019-01-02
15379,F,1956,2015-01-01,2022-12-31,
15380,F,1970,2015-01-01,2022-12-31,
15381,F,1971,2015-01-01,2022-12-31,
15382,M,1936,2015-01-01,2020-07-03,2020-07-03
15383,F,1962,2015-01-01,2022-12-31,
15384,M,1954,2015-01-01,2022-12-31,
15385,M,1967,2015-01-01,2022-12-31,
15386,M,1968,2015-01-01,2022-12-31,
15387,M,1941,2015-01-01,2022-12-31,
15388,F,1964,2015-01-01,2022-12-31,
15389,M,1961,2015-01-01,2022-12-31,
15390,M,1961,2015-01-01,2022-12-31,
15391,M,1950,2015-01-01,2016-11-02,2016-11-02
15392,M,1966,2015-01-01,2022-12-31,
15393,F,1952,2015-01-01,2022-12-31,
15394,M,1970,2015-01-01,2022-12-31,
15395,M,1972,2015-01-01,2022-12-31,
15396,M,1972,2015-01-01,2022-12-31,
15397,M,1960,2015-01-01,2022-12-31,
15398,F,1949,2015-01-01,2022-12-31,
15399,M,1942,2015-01-01,2022-12-31,
15400,M,1950,2015-01-01,2022-12-31,
15401,M,1954,2015-01-01,2022-12-31,
15402,M,1938,2015-01-01,2022-07-15,2022-07-15
15403,F,1976,2015-01-01,2022-12-31,
15404,F,1952,2015-01-01,2022-12-31,
15405,M,1958,2015-01-01,2022-12-31,
15406,M,1951,2015-01-01,2022-12-31,
15407,M,1964,2015-01-01,2022-12-31,
15408,F,1951,2015-01-01,2022-12-31,
15409,F,1965,2015-01-01,2022-12-31,
15410,F,1944,2015-01-01,2022-12-31,
15411,M,1967,2015-01-01,2022-12-31,
15412,F,1967,2015-01-01,2022-12-31,
15413,F,1981,2015-01-01,2022-12-31,
15414,F,1933,2015-01-01,2022-12-31,
15415,F,1946,2015-01-01,2022-12-31,
15416,F,1946,2015-01-01,2022-12-31,
15417,F,1960,2015-01-01,2022-12-31,
15418,M,1962,2015-01-01,2022-12-31,
15419,M,1981,2015-01-01,2022-12-31,
15420,M,1958,2015-01-01,2022-12-31,
15421,M,1946,2015-01-01,2022-12-31,
15422,F,1956,2015-01-01,2022-12-31,
15423,F,1946,2015-01-01,2022-12-31,
15424,M,1964,2015-01-01,2022-12-31,
15425,M,1957,2015-01-01,2022-12-31,
15426,F,1937,2015-01-01,2022-12-31,
15427,F,1949,2015-01-01,2022-12-31,
15428,M,1948,2015-01-01,2022-12-31,
15429,M,1957,2015-01-01,2022-12-31,
15430,M,1954,2015-01-01,2022-12-31,
15431,F,1961,2015-01-01,2022-12-31,
15432,M,1957,2015-01-01,2022-12-31,
15433,M,1958,2015-01-01,2022-12-31,
15434,M,1946,2015-01-01,2022-12-31,
15435,F,1938,2015-01-01,2022-12-31,
15436,M,1948,2015-01-01,2022-12-31,
15437,F,1978,2015-01-01,2022-12-31,
15438,M,1966,2015-01-01,2022-12-31,
15439,M,1962,2015-01-01,2022-12-31,
15440,F,1973,2015-01-01,2022-12-31,
15441,F,1956,2015-01-01,2022-12-31,
15442,M,1950,2015-01-01,2021-03-02,2021-03-02
15443,M,1959,2015-01-01,2022-12-31,
15444,F,1952,2015-01-01,2022-12-31,
15445,M,1976,2015-01-01,2022-12-31,
15446,M,1956,2015-01-01,2022-12-31,
15447,F,1969,2015-01-01,2022-12-31,
15448,F,1950,2015-01-01,2022-12-31,
15449,F,1943,2015-01-01,2022-12-31,
15450,F,1953,2015-01-01,2022-12-31,
15451,M,1953,2015-01-01,2022-12-31,
15452,F,1943,2015-01-01,2022-12-31,
15453,M,1964,2015-01-01,2022-12-31,
15454,M,1946,2015-01-01,2022-07-02,2022-07-02
15455,F,1955,2015-01-01,2022-12-31,
15456,F,1952,2015-01-01,2022-12-31,
15457,M,1946,2015-01-01,2022-12-31,
15458,M,1954,2015-01-01,2022-12-31,
15459,F,1976,2015-01-01,2022-12-31,
15460,M,1964,2015-01-01,2022-12-31,
15461,F,1940,2015-01-01,2022-12-31,
15462,F,1975,2015-01-01,2022-12-31,
15463,F,1974,2015-01-01,2022-12-31,
15464,F,1963,2015-01-01,2022-12-31,
15465,F,1968,2015-01-01,2022-12-31,
15466,M,1939,2015-01-01,2022-12-31,
15467,F,1966,2015-01-01,2022-12-31,
15468,M,1964,2015-01-01,2022-12-31,
15469,M,1954,2015-01-01,2022-12-31,
15470,M,1962,2015-01-01,2022-12-31,
15471,M,1980,2015-01-01,2022-12-31,
15472,F,1951,2015-01-01,2022-12-31,
15473,M,1961,2015-01-01,2022-12-31,
15474,M,1966,2015-01-01,2022-12-31,
15475,F,1954,2015-01-01,2022-12-31,
15476,M,1945,2015-01-01,2022-12-31,
15477,F,1965,2015-01-01,2022-12-31,
15478,M,1954,2015-01-01,2022-12-31,
15479,M,1945,2015-01-01,2022-12-31,
15480,M,1949,2015-01-01,2022-12-31,
15481,M,1965,2015-01-01,2022-12-31,
15482,M,1950,2015-01-01,2022-12-31,
15483,F,1966,2015-01-01,2022-12-31,
15484,M,1963,2015-01-01,2022-12-31,
15485,F,1970,2015-01-01,2022-12-31,
15486,M,1972,2015-01-01,2022-12-31,
15487,M,1970,2015-01-01,2022-12-31,
15488,M,1968,2015-01-01,2022-12-31,
15489,F,1972,2015-01-01,2022-12-31,
15490,F,1967,2015-01-01,2022-12-31,
15491,F,1957,2015-01-01,2022-12-31,
15492,M,1963,2015-01-01,2022-12-31,
15493,F,1979,2015-01-01,2022-12-31,
15494,M,1959,2015-01-01,2022-12-31,
15495,F,1950,2015-01-01,2022-12-31,
15496,F,1941,2015-01-01,2022-12-31,
15497,M,1938,2015-01-01,2022-12-31,
15498,M,1943,2015-01-01,2022-12-31,
15499,M,1950,2015-01-01,2022-12-31,
15500,M,1938,2015-01-01,2016-12-25,2016-12-25
15501,M,1984,2015-01-01,2022-12-31,
15502,F,1952,2015-01-01,2022-12-31,
15503,F,1940,2015-01-01,2022-12-31,
15504,M,1955,2015-01-01,2022-12-31,
15505,F,1953,2015-01-01,2022-12-31,
15506,F,1959,2015-01-01,2022-12-31,
15507,F,1943,2015-01-01,2022-12-31,
15508,M,1942,2015-01-01,2022-12-31,
15509,F,1939,2015-01-01,2022-12-31,
15510,M,1967,2015-01-01,2022-12-31,
15511,F,1964,2015-01-01,2022-12-31,
15512,F,1960,2015-01-01,2022-12-31,
15513,F,1969,2015-01-01,2022-12-31,
15514,F,1939,2015-01-01,2022-12-31,
15515,M,1949,2015-01-01,2022-12-31,
15516,F,1952,2015-01-01,2022-12-31,
15517,M,1961,2015-01-01,2022-12-31,
15518,M,1956,2015-01-01,2022-12-31,
15519,F,1968,2015-01-01,2022-12-31,
15520,M,1965,2015-01-01,2022-12-31,
15521,F,1962,2015-01-01,2022-12-31,
15522,M,1967,2015-01-01,2022-12-31,
15523,M,1967,2015-01-01,2022-12-31,
15524,M,1926,2015-01-01,2022-12-31,
15525,M,1960,2015-01-01,2022-12-31,
15526,M,1948,2015-01-01,2022-12-31,
15527,M,1949,2015-01-01,2022-12-31,
15528,F,1975,2015-01-01,2022-12-31,
15529,M,1951,2015-01-01,2022-12-31,
15530,M,1951,2015-01-01,2022-12-31,
15531,M,1969,2015-01-01,2022-12-31,
15532,F,1953,2015-01-01,2022-12-31,
15533,M,1946,2015-01-01,2022-12-31,
15534,M,1949,2015-01-01,2022-12-31,
15535,F,1958,2015-01-01,2022-12-31,
15536,M,1968,2015-01-01,2022-12-31,
15537,F,1962,2015-01-01,2022-12-31,
15538,M,1981,2015-01-01,2022-12-31,
15539,M,1957,2015-01-01,2022-12-31,
15540,F,1942,2015-01-01,2022-12-31,
15541,F,1952,2015-01-01,2022-12-31,
15542,M,1944,2015-01-01,2022-12-31,
15543,M,1969,2015-01-01,2021-05-25,2021-05-25
15544,F,1956,2015-01-01,2022-12-31,
15545,F,1963,2015-01-01,2022-12-31,
15546,F,1958,2015-01-01,2022-12-31,
15547,F,1967,2015-01-01,2022-12-31,
15548,M,1956,2015-01-01,2022-12-31,
15549,M,1943,2015-01-01,2022-12-31,
15550,M,1959,2015-01-01,2018-07-13,2018-07-13
15551,M,1939,2015-01-01,2022-07-13,2022-07-13
15552,M,1942,2015-01-01,2022-12-31,
15553,M,1946,2015-01-01,2022-12-31,
15554,F,1964,2015-01-01,2022-12-31,
15555,F,1957,2015-01-01,2022-12-31,
15556,M,1941,2015-01-01,2022-12-31,
15557,F,1942,2015-01-01,2022-12-31,
15558,F,1945,2015-01-01,2022-12-31,
15559,F,1969,2015-01-01,2022-12-31,
15560,M,1935,2015-01-01,2022-12-31,
15561,F,1960,2015-01-01,2022-12-31,
15562,M,1962,2015-01-01,2022-12-31,
15563,F,1963,2015-01-01,2022-12-31,
15564,F,1948,2015-01-01,2022-12-31,
15565,M,1965,2015-01-01,2022-12-31,
15566,F,1985,2015-01-01,2022-12-31,
15567,M,1955,2015-01-01,2022-12-31,
15568,M,1956,2015-01-01,2022-12-31,
15569,M,1985,2015-01-01,2022-12-31,
15570,M,1953,2015-01-01,2022-12-31,
15571,F,1968,2015-01-01,2022-12-31,
15572,F,1972,2015-01-01,2022-12-31,
15573,M,1966,2015-01-01,2022-12-31,
15574,M,1939,2015-01-01,2022-12-31,
15575,M,1965,2015-01-01,2022-12-31,
15576,F,1966,2015-01-01,2022-12-31,
15577,F,1983,2015-01-01,2022-12-31,
15578,F,1950,2015-01-01,2022-12-31,
15579,F,1944,2015-01-01,2022-12-31,
15580,M,1973,2015-01-01,2022-12-31,
15581,M,1947,2015-01-01,2022-12-31,
15582,F,1932,2015-01-01,2022-12-31,
15583,M,1966,2015-01-01,2022-12-31,
15584,M,1962,2015-01-01,2022-12-31,
15585,M,1960,2015-01-01,2022-12-31,
15586,F,1965,2015-01-01,2022-12-31,
15587,F,1934,2015-01-01,2022-12-31,
15588,M,1975,2015-01-01,2022-12-31,
15589,M,1963,2015-01-01,2022-12-31,
15590,M,1957,2015-01-01,2022-12-31,
15591,M,1958,2015-01-01,2022-12-31,
15592,M,1958,2015-01-01,2022-12-31,
15593,F,1961,2015-01-01,2022-12-31,
15594,M,1970,2015-01-01,2022-12-31,
15595,M,1957,2015-01-01,2022-12-31,
15596,M,1968,2015-01-01,2022-12-31,
15597,F,1950,2015-01-01,2022-12-31,
15598,F,1936,2015-01-01,2022-12-31,
15599,M,1957,2015-01-01,2022-12-31,
15600,F,1962,2015-01-01,2022-12-31,
15601,F,1955,2015-01-01,2022-12-31,
15602,M,1960,2015-01-01,2022-12-31,
15603,M,1964,2015-01-01,2022-12-31,
15604,F,1977,2015-01-01,2022-12-31,
15605,M,1955,2015-01-01,2022-12-31,
15606,M,1960,2015-01-01,2022-12-31,
15607,M,1968,2015-01-01,2022-12-31,
15608,M,1980,2015-01-01,2022-12-31,
15609,F,1962,2015-01-01,2022-12-31,
15610,M,1938,2015-01-01,2022-12-31,
15611,F,1960,2015-01-01,2022-12-31,
15612,F,1933,2015-01-01,2022-12-31,
15613,M,1965,2015-01-01,2022-12-31,
15614,M,1949,2015-01-01,2022-12-31,
15615,F,1975,2015-01-01,2022-12-31,
15616,F,1961,2015-01-01,2022-12-31,
15617,F,1933,2015-01-01,2022-12-31,
15618,M,1938,2015-01-01,2022-12-31,
15619,F,1936,2015-01-01,2022-11-21,2022-11-21
15620,F,1949,2015-01-01,2022-12-31,
15621,F,1933,2015-01-01,2022-12-31,
15622,F,1964,2015-01-01,2022-12-31,
15623,M,1951,2015-01-01,2022-12-31,
15624,F,1956,2015-01-01,2022-12-31,
15625,F,1952,2015-01-01,2022-12-31,
15626,M,1956,2015-01-01,2022-12-31,
15627,F,1967,2015-01-01,2022-12-31,
15628,M,1939,2015-01-01,2022-12-31,
15629,M,1961,2015-01-01,2022-12-31,
15630,F,1962,2015-01-01,2022-12-31,
15631,F,1956,2015-01-01,2022-12-31,
15632,F,1954,2015-01-01,2022-12-31,
15633,M,1947,2015-01-01,2022-12-31,
15634,F,1978,2015-01-01,2022-12-31,
15635,M,1959,2015-01-01,2022-12-31,
15636,M,1989,2015-01-01,2022-12-31,
15637,M,1953,2015-01-01,2022-12-31,
15638,F,1927,2015-01-01,2022-12-31,
15639,M,1959,2015-01-01,2017-12-15,2017-12-15
15640,M,1979,2015-01-01,2022-12-31,
15641,M,1967,2015-01-01,2022-12-31,
15642,F,1951,2015-01-01,2019-10-02,2019-10-02
15643,F,1958,2015-01-01,2022-12-31,
15644,F,1973,2015-01-01,2022-12-31,
15645,F,1953,2015-01-01,2022-12-31,
15646,M,1965,2015-01-01,2022-12-31,
15647,M,1959,2015-01-01,2022-12-31,
15648,M,1958,2015-01-01,2022-12-31,
15649,M,1936,2015-01-01,2022-12-31,
15650,F,1958,2015-01-01,2022-12-31,
15651,F,1943,2015-01-01,2022-12-31,
15652,F,1951,2015-01-01,2022-12-31,
15653,M,1967,2015-01-01,2022-12-31,
15654,F,1962,2015-01-01,2022-12-31,
15655,F,1957,2015-01-01,2022-12-31,
15656,F,1958,2015-01-01,2022-12-31,
15657,M,1966,2015-01-01,2022-12-31,
15658,M,1938,2015-01-01,2022-12-31,
15659,F,1973,2015-01-01,2022-12-31,
15660,M,1964,2015-01-01,2022-12-31,
15661,M,1958,2015-01-01,2022-12-31,
15662,F,1957,2015-01-01,2022-12-31,
15663,F,1939,2015-01-01,2022-12-31,
15664,F,1946,2015-01-01,2022-12-31,
15665,M,1950,2015-01-01,2022-12-31,
15666,M,1978,2015-01-01,2022-12-31,
15667,M,1957,2015-01-01,2022-12-31,
15668,M,1958,2015-01-01,2022-12-31,
15669,M,1964,2015-01-01,2022-12-31,
15670,F,1929,2015-01-01,2022-12-31,
15671,F,1977,2015-01-01,2022-12-31,
15672,F,1959,2015-01-01,2022-12-31,
15673,F,1943,2015-01-01,2022-12-31,
15674,M,1950,2015-01-01,2022-12-31,
15675,F,1941,2015-01-01,2022-12-31,
15676,M,1953,2015-01-01,2022-12-31,
15677,M,1960,2015-01-01,2022-12-31,
15678,F,1955,2015-01-01,2022-12-31,
15679,M,1964,2015-01-01,2022-12-31,
15680,F,1945,2015-01-01,2022-12-31,
15681,F,1962,2015-01-01,2022-12-31,
15682,M,1958,2015-01-01,2022-12-31,
15683,F,1975,2015-01-01,2022-12-31,
15684,M,1949,2015-01-01,2022-12-31,
15685,F,1948,2015-01-01,2022-12-31,
15686,M,1956,2015-01-01,2022-12-31,
15687,M,1949,2015-01-01,2022-12-31,
15688,M,1964,2015-01-01,2022-12-31,
15689,M,1958,2015-01-01,2022-12-31,
15690,F,1964,2015-01-01,2022-12-31,
15691,F,1978,2015-01-01,2022-12-31,
15692,M,1974,2015-01-01,2022-12-31,
15693,M,1948,2015-01-01,2022-12-31,
15694,F,1964,2015-01-01,2022-12-31,
15695,F,1960,2015-01-01,2022-12-31,
15696,M,1957,2015-01-01,2022-12-31,
15697,M,1973,2015-01-01,2022-12-31,
15698,F,1962,2015-01-01,2022-12-31,
15699,F,1988,2015-01-01,2022-12-31,
15700,M,1967,2015-01-01,2022-12-31,
15701,F,1928,2015-01-01,2022-12-31,
15702,M,1971,2015-01-01,2022-12-31,
15703,M,1958,2015-01-01,2022-05-23,2022-05-23
15704,M,1978,2015-01-01,2022-12-31,
15705,F,1946,2015-01-01,2022-12-31,
15706,F,1952,2015-01-01,2022-12-31,
15707,M,1932,2015-01-01,2022-12-31,
15708,F,1951,2015-01-01,2022-12-31,
15709,M,1949,2015-01-01,2022-12-31,
15710,F,1944,2015-01-01,2022-12-31,
15711,M,1954,2015-01-01,2022-12-31,
15712,F,1955,2015-01-01,2022-12-31,
15713,M,1990,2015-01-01,2022-12-31,
15714,F,1972,2015-01-01,2022-12-31,
15715,M,1943,2015-01-01,2022-12-31,
15716,F,1962,2015-01-01,2022-12-31,
15717,M,1948,2015-01-01,2022-12-31,
15718,M,1961,2015-01-01,2022-12-31,
15719,M,1958,2015-01-01,2022-12-31,
15720,F,1954,2015-01-01,2022-12-31,
15721,M,1936,2015-01-01,2019-03-29,2019-03-29
15722,M,1960,2015-01-01,2022-12-31,
15723,M,1960,2015-01-01,2022-12-31,
15724,M,1941,2015-01-01,2022-12-31,
15725,M,1960,2015-01-01,2022-12-31,
15726,F,1934,2015-01-01,2022-12-31,
15727,M,1966,2015-01-01,2022-12-31,
15728,M,1966,2015-01-01,2022-12-31,
15729,F,1980,2015-01-01,2022-12-31,
15730,F,1951,2015-01-01,2022-12-31,
15731,M,1973,2015-01-01,2022-12-31,
15732,M,1952,2015-01-01,2022-12-31,
15733,F,1944,2015-01-01,2022-12-31,
15734,F,1957,2015-01-01,2022-12-31,
15735,F,1938,2015-01-01,2018-02-01,2018-02-01
15736,M,1975,2015-01-01,2022-12-31,
15737,M,1950,2015-01-01,2022-12-31,
15738,F,1932,2015-01-01,2022-12-31,
15739,M,1967,2015-01-01,2022-12-31,
15740,F,1942,2015-01-01,2022-12-31,
15741,M,1948,2015-01-01,2022-12-31,
15742,M,1950,2015-01-01,2022-12-31,
15743,F,1951,2015-01-01,2022-12-31,
15744,F,1963,2015-01-01,2022-12-31,
15745,M,1951,2015-01-01,2022-12-31,
15746,M,1973,2015-01-01,2022-12-31,
15747,M,1956,2015-01-01,2022-12-31,
15748,M,1963,2015-01-01,2022-12-31,
15749,M,1989,2015-01-01,2022-12-31,
15750,F,1948,2015-01-01,2022-12-31,
15751,F,1957,2015-01-01,2022-12-31,
15752,F,1964,2015-01-01,2022-12-31,
15753,F,1929,2015-01-01,2021-05-01,2021-05-01
15754,M,1954,2015-01-01,2022-12-31,
15755,M,1949,2015-01-01,2022-12-31,
15756,M,1945,2015-01-01,2022-12-31,
15757,F,1949,2015-01-01,2022-12-31,
15758,M,1950,2015-01-01,2022-12-31,
15759,M,1952,2015-01-01,2022-12-31,
15760,F,1944,2015-01-01,2022-12-31,
15761,M,1933,2015-01-01,2022-12-31,
15762,M,1956,2015-01-01,2022-12-31,
15763,F,1952,2015-01-01,2022-12-31,
15764,F,1961,2015-01-01,2022-12-31,
15765,M,1953,2015-01-01,2022-12-31,
15766,M,1953,2015-01-01,2022-12-31,
15767,M,1976,2015-01-01,2022-12-31,
15768,F,1959,2015-01-01,2022-12-31,
15769,M,1955,2015-01-01,2022-12-31,
15770,F,1960,2015-01-01,2022-12-31,
15771,F,1934,2015-01-01,2022-12-31,
15772,F,1959,2015-01-01,2022-12-31,
15773,F,1935,2015-01-01,2022-12-31,
15774,F,1939,2015-01-01,2022-12-31,
15775,F,1951,2015-01-01,2022-12-31,
15776,F,1946,2015-01-01,2022-12-31,
15777,M,1965,2015-01-01,2022-12-31,
15778,F,1962,2015-01-01,2022-12-31,
15779,M,1966,2015-01-01,2022-12-31,
15780,F,1953,2015-01-01,2022-12-31,
15781,M,1961,2015-01-01,2022-12-31,
15782,M,1960,2015-01-01,2022-12-31,
15783,F,1982,2015-01-01,2022-12-31,
15784,M,1967,2015-01-01,2022-12-31,
15785,M,1936,2015-01-01,2022-12-31,
15786,M,1950,2015-01-01,2022-12-31,
15787,F,1969,2015-01-01,2022-12-31,
15788,F,1939,2015-01-01,2022-12-31,
15789,M,1956,2015-01-01,2022-12-31,
15790,F,1942,2015-01-01,2022-12-31,
15791,F,1968,2015-01-01,2022-12-31,
15792,F,1949,2015-01-01,2022-12-31,
15793,F,1968,2015-01-01,2022-12-31,
15794,M,1970,2015-01-01,2022-12-31,
15795,M,1950,2015-01-01,2022-12-31,
15796,F,1941,2015-01-01,2022-12-31,
15797,M,1959,2015-01-01,2022-12-31,
15798,F,1957,2015-01-01,2022-12-31,
15799,M,1955,2015-01-01,2022-12-31,
15800,M,1955,2015-01-01,2022-12-31,
15801,F,1955,2015-01-01,2022-12-31,
15802,F,1983,2015-01-01,2022-12-31,
15803,F,1939,2015-01-01,2022-12-31,
15804,M,1965,2015-01-01,2022-12-31,
15805,M,1935,2015-01-01,2022-12-31,
15806,M,1961,2015-01-01,2022-12-31,
15807,F,1937,2015-01-01,2022-12-31,
15808,F,1970,2015-01-01,2022-12-31,
15809,M,1972,2015-01-01,2022-12-31,
15810,M,1978,2015-01-01,2022-12-31,
15811,M,1957,2015-01-01,2022-12-31,
15812,M,1968,2015-01-01,2022-12-31,
15813,M,1965,2015-01-01,2022-12-31,
15814,M,1932,2015-01-01,2022-12-31,
15815,F,1963,2015-01-01,2022-12-31,
15816,M,1952,2015-01-01,2022-12-31,
15817,M,1963,2015-01-01,2022-12-31,
15818,M,1958,2015-01-01,2022-12-31,
15819,F,1964,2015-01-01,2022-12-31,
15820,M,1973,2015-01-01,2022-12-31,
15821,M,1963,2015-01-01,2022-12-31,
15822,M,1972,2015-01-01,2022-12-31,
15823,F,1940,2015-01-01,2022-12-31,
15824,F,1954,2015-01-01,2022-12-31,
15825,M,1964,2015-01-01,2022-12-31,
15826,M,1959,2015-01-01,2022-12-31,
15827,M,1966,2015-01-01,2022-12-31,
15828,M,1981,2015-01-01,2022-12-31,
15829,F,1946,2015-01-01,2022-12-31,
15830,F,1969,2015-01-01,2022-12-31,
15831,M,1944,2015-01-01,2022-12-31,
15832,F,1977,2015-01-01,2022-12-31,
15833,F,1954,2015-01-01,2022-12-31,
15834,F,1971,2015-01-01,2022-12-31,
15835,M,1971,2015-01-01,2022-12-31,
15836,M,1985,2015-01-01,2022-12-31,
15837,M,1980,2015-01-01,2022-12-31,
15838,M,1956,2015-01-01,2022-12-31,
15839,M,1972,2015-01-01,2022-12-31,
15840,F,1951,2015-01-01,2022-12-31,
15841,M,1952,2015-01-01,2022-12-31,
15842,F,1963,2015-01-01,2022-12-31,
15843,M,1959,2015-01-01,2022-12-31,
15844,F,1980,2015-01-01,2022-12-31,
15845,M,1942,2015-01-01,2022-12-31,
15846,M,1957,2015-01-01,2020-01-16,2020-01-16
15847,M,1962,2015-01-01,2022-12-31,
15848,M,1950,2015-01-01,2022-12-31,
15849,M,1950,2015-01-01,2022-12-31,
15850,M,1947,2015-01-01,2022-12-31,
15851,F,1946,2015-01-01,2022-12-31,
15852,F,1953,2015-01-01,2022-12-31,
15853,M,1956,2015-01-01,2022-12-31,
15854,F,1966,2015-01-01,2022-12-31,
15855,M,1948,2015-01-01,2022-12-31,
15856,M,1962,2015-01-01,2022-12-31,
15857,F,1957,2015-01-01,2022-12-31,
15858,F,1958,2015-01-01,2022-12-31,
15859,M,1959,2015-01-01,2022-12-31,
15860,F,1993,2015-01-01,2022-12-31,
15861,M,1960,2015-01-01,2022-12-31,
15862,M,1946,2015-01-01,2022-12-31,
15863,F,1934,2015-01-01,2022-12-31,
15864,M,1948,2015-01-01,2022-12-31,
15865,M,1962,2015-01-01,2022-12-31,
15866,F,1936,2015-01-01,2022-04-15,2022-04-15
15867,F,1947,2015-01-01,2022-12-31,
15868,F,1957,2015-01-01,2022-12-31,
15869,M,1953,2015-01-01,2022-12-31,
15870,M,1948,2015-01-01,2022-12-31,
15871,F,1948,2015-01-01,2022-12-31,
15872,M,1949,2015-01-01,2022-12-31,
15873,F,1950,2015-01-01,2022-12-31,
15874,M,1951,2015-01-01,2022-12-31,
15875,F,1963,2015-01-01,2022-12-31,
15876,M,1947,2015-01-01,2022-12-31,
15877,F,1952,2015-01-01,2022-12-31,
15878,M,1972,2015-01-01,2022-12-31,
15879,M,1962,2015-01-01,2022-12-31,
15880,M,1967,2015-01-01,2022-12-31,
15881,F,1956,2015-01-01,2022-12-31,
15882,M,1964,2015-01-01,2022-12-31,
15883,M,1957,2015-01-01,2022-12-31,
15884,M,1959,2015-01-01,2022-12-31,
15885,F,1953,2015-01-01,2022-12-31,
15886,F,1955,2015-01-01,2022-12-31,
15887,F,1944,2015-01-01,2022-12-31,
15888,M,1976,2015-01-01,2022-12-31,
15889,M,1942,2015-01-01,2022-12-31,
15890,M,1965,2015-01-01,2022-12-31,
15891,M,1990,2015-01-01,2022-12-31,
15892,M,1962,2015-01-01,2022-12-31,
15893,M,1961,2015-01-01,2022-12-31,
15894,F,1943,2015-01-01,2022-12-31,
15895,M,1955,2015-01-01,2022-12-31,
15896,F,1933,2015-01-01,2022-12-31,
15897,M,1955,2015-01-01,2022-12-31,
15898,M,1976,2015-01-01,2022-12-31,
15899,M,1954,2015-01-01,2022-12-31,
15900,F,1954,2015-01-01,2022-12-31,
15901,M,1946,2015-01-01,2022-12-31,
15902,M,1942,2015-01-01,2022-12-31,
15903,M,1970,2015-01-01,2022-12-31,
15904,F,1979,2015-01-01,2022-12-31,
15905,M,1964,2015-01-01,2022-12-31,
15906,F,1956,2015-01-01,2022-12-31,
15907,M,1977,2015-01-01,2022-12-31,
15908,F,1956,2015-01-01,2022-12-31,
15909,M,1958,2015-01-01,2022-12-31,
15910,M,1951,2015-01-01,2022-12-31,
15911,M,1957,2015-01-01,2022-12-31,
15912,M,1948,2015-01-01,2021-02-06,2021-02-06
15913,F,1951,2015-01-01,2022-12-31,
15914,F,1960,2015-01-01,2022-12-31,
15915,M,1964,2015-01-01,2022-12-31,
15916,M,1964,2015-01-01,2022-12-31,
15917,M,1965,2015-01-01,2022-12-31,
15918,F,1949,2015-01-01,2022-12-31,
15919,F,1922,2015-01-01,2022-12-31,
15920,M,1943,2015-01-01,2022-12-31,
15921,F,1955,2015-01-01,2022-12-31,
15922,M,1966,2015-01-01,2022-12-31,
15923,M,1962,2015-01-01,2022-12-31,
15924,F,1956,2015-01-01,2022-12-31,
15925,M,1965,2015-01-01,2022-12-31,
15926,M,1956,2015-01-01,2022-12-31,
15927,M,1960,2015-01-01,2022-12-31,
15928,M,1960,2015-01-01,2022-12-31,
15929,M,1932,2015-01-01,2022-12-31,
15930,F,1967,2015-01-01,2022-12-31,
15931,M,1935,2015-01-01,2022-12-31,
15932,F,1964,2015-01-01,2022-12-31,
15933,F,1958,2015-01-01,2022-12-31,
15934,M,1954,2015-01-01,2022-12-31,
15935,F,1955,2015-01-01,2022-12-31,
15936,F,1959,2015-01-01,2022-12-31,
15937,M,1940,2015-01-01,2022-12-31,
15938,F,1950,2015-01-01,2022-12-31,
15939,F,1945,2015-01-01,2022-12-31,
15940,M,1951,2015-01-01,2022-12-31,
15941,M,1949,2015-01-01,2022-12-31,
15942,F,1954,2015-01-01,2022-12-31,
15943,F,1952,2015-01-01,2022-12-31,
15944,F,1968,2015-01-01,2022-12-31,
15945,F,1952,2015-01-01,2022-12-31,
15946,F,1982,2015-01-01,2022-12-31,
15947,F,1964,2015-01-01,2022-12-31,
15948,F,1943,2015-01-01,2022-12-31,
15949,F,1958,2015-01-01,2022-12-31,
15950,F,1954,2015-01-01,2022-12-31,
15951,M,1952,2015-01-01,2022-12-31,
15952,F,1967,2015-01-01,2022-12-31,
15953,M,1965,2015-01-01,2022-12-31,
15954,M,1965,2015-01-01,2022-12-31,
15955,F,1946,2015-01-01,2022-12-31,
15956,F,1954,2015-01-01,2019-07-30,2019-07-30
15957,F,1957,2015-01-01,2022-12-31,
15958,M,1948,2015-01-01,2022-12-31,
15959,M,1952,2015-01-01,2022-12-31,
15960,M,1961,2015-01-01,2022-12-31,
15961,M,1982,2015-01-01,2022-12-31,
15962,M,1975,2015-01-01,2022-12-31,
15963,F,1980,2015-01-01,2022-12-31,
15964,M,1980,2015-01-01,2022-12-31,
15965,M,1937,2015-01-01,2017-04-03,2017-04-03
15966,M,1953,2015-01-01,2022-12-31,
15967,M,1962,2015-01-01,2022-12-31,
15968,M,1961,2015-01-01,2022-12-31,
15969,M,1945,2015-01-01,2022-12-31,
15970,F,1959,2015-01-01,2022-12-31,
15971,F,1975,2015-01-01,2022-12-31,
15972,F,1956,2015-01-01,2022-12-31,
15973,F,1957,2015-01-01,2022-12-31,
15974,M,1945,2015-01-01,2022-12-31,
15975,F,1960,2015-01-01,2022-12-31,
15976,M,1958,2015-01-01,2022-12-31,
15977,M,1969,2015-01-01,2022-12-31,
15978,F,1960,2015-01-01,2022-12-31,
15979,F,1964,2015-01-01,2022-12-31,
15980,F,1956,2015-01-01,2022-12-31,
15981,M,1963,2015-01-01,2022-12-31,
15982,F,1961,2015-01-01,2022-12-31,
15983,F,1971,2015-01-01,2022-12-31,
15984,M,1977,2015-01-01,2022-12-31,
15985,F,1945,2015-01-01,2018-05-23,2018-05-23
15986,M,1949,2015-01-01,2022-12-31,
15987,M,1965,2015-01-01,2022-12-31,
15988,M,1962,2015-01-01,2022-12-31,
15989,M,1951,2015-01-01,2022-12-31,
15990,M,1964,2015-01-01,2022-12-31,
15991,M,1982,2015-01-01,2022-12-31,
15992,F,1974,2015-01-01,2022-12-31,
15993,F,1956,2015-01-01,2022-12-31,
15994,F,1954,2015-01-01,2022-12-31,
15995,M,1944,2015-01-01,2022-12-31,
15996,F,1970,2015-01-01,2022-12-31,
15997,F,1961,2015-01-01,2022-12-31,
15998,M,1934,2015-01-01,2022-12-31,
15999,F,1958,2015-01-01,2022-12-31,
16000,F,1941,2015-01-01,2022-12-31,
16001,M,1957,2015-01-01,2022-12-31,
16002,M,1982,2015-01-01,2022-12-31,
16003,M,1975,2015-01-01,2022-12-31,
16004,M,1970,2015-01-01,2022-12-31,
16005,F,1954,2015-01-01,2022-12-31,
16006,F,1942,2015-01-01,2022-12-31,
16007,M,1958,2015-01-01,2022-12-31,
16008,F,1952,2015-01-01,2022-12-31,
16009,F,1973,2015-01-01,2022-12-31,
16010,F,1957,2015-01-01,2022-12-31,
16011,M,1977,2015-01-01,2022-12-31,
16012,M,1949,2015-01-01,2022-12-31,
16013,M,1941,2015-01-01,2022-12-31,
16014,F,1951,2015-01-01,2022-12-31,
16015,M,1953,2015-01-01,2022-12-31,
16016,F,1967,2015-01-01,2022-12-31,
16017,F,1962,2015-01-01,2022-12-31,
16018,M,1960,2015-01-01,2022-12-31,
16019,F,1967,2015-01-01,2022-12-31,
16020,M,1946,2015-01-01,2022-12-31,
16021,F,1962,2015-01-01,2022-12-31,
16022,M,1949,2015-01-01,2022-12-31,
16023,M,1986,2015-01-01,2022-12-31,
16024,M,1971,2015-01-01,2022-12-31,
16025,M,1945,2015-01-01,2022-12-31,
16026,F,1956,2015-01-01,2022-12-31,
16027,M,1949,2015-01-01,2022-12-31,
16028,M,1944,2015-01-01,2022-12-31,
16029,F,1938,2015-01-01,2022-12-31,
16030,M,1923,2015-01-01,2022-12-31,
16031,M,1957,2015-01-01,2022-12-31,
16032,M,1967,2015-01-01,2022-12-31,
16033,F,1950,2015-01-01,2022-12-31,
16034,F,1966,2015-01-01,2022-12-31,
16035,M,1939,2015-01-01,2022-12-31,
16036,F,1952,2015-01-01,2022-12-31,
16037,M,1945,2015-01-01,2022-12-31,
16038,M,1977,2015-01-01,2022-12-31,
16039,F,1974,2015-01-01,2022-12-31,
16040,F,1971,2015-01-01,2022-12-31,
16041,F,1953,2015-01-01,2022-12-31,
16042,F,1959,2015-01-01,2022-12-31,
16043,M,1948,2015-01-01,2022-12-31,
16044,F,1946,2015-01-01,2022-12-31,
16045,F,1973,2015-01-01,2022-12-31,
16046,F,1955,2015-01-01,2022-12-31,
16047,M,1948,2015-01-01,2022-12-31,
16048,F,1946,2015-01-01,2022-12-31,
16049,F,1948,2015-01-01,2022-12-31,
16050,F,1959,2015-01-01,2022-12-31,
16051,M,1961,2015-01-01,2022-12-31,
16052,M,1949,2015-01-01,2022-12-31,
16053,F,1953,2015-01-01,2022-12-31,
16054,F,1956,2015-01-01,2022-12-31,
16055,M,1955,2015-01-01,2019-01-01,2019-01-01
16056,M,1979,2015-01-01,2022-12-31,
16057,M,1956,2015-01-01,2022-12-31,
16058,F,1969,2015-01-01,2022-12-31,
16059,M,1978,2015-01-01,2022-12-31,
16060,F,1960,2015-01-01,2022-12-31,
16061,M,1972,2015-01-01,2022-12-31,
16062,F,1969,2015-01-01,2022-12-31,
16063,M,1947,2015-01-01,2022-12-31,
16064,M,1960,2015-01-01,2022-12-31,
16065,F,1975,2015-01-01,2022-12-31,
16066,F,1966,2015-01-01,2022-12-31,
16067,F,1958,2015-01-01,2022-12-31,
16068,F,1951,2015-01-01,2022-12-31,
16069,M,1962,2015-01-01,2022-12-31,
16070,F,1968,2015-01-01,2022-12-31,
16071,F,1954,2015-01-01,2022-12-31,
16072,M,1990,2015-01-01,2022-12-31,
16073,F,1952,2015-01-01,2022-12-31,
16074,F,1959,2015-01-01,2022-12-31,
16075,F,1954,2015-01-01,2022-12-31,
16076,M,1956,2015-01-01,2022-12-31,
16077,F,1954,2015-01-01,2018-12-08,2018-12-08
16078,F,1959,2015-01-01,2022-12-31,
16079,M,1966,2015-01-01,2022-12-31,
16080,M,1968,2015-01-01,2022-12-31,
16081,M,1974,2015-01-01,2022-12-31,
16082,F,1946,2015-01-01,2022-12-31,
16083,F,1949,2015-01-01,2022-12-31,
16084,F,1948,2015-01-01,2022-12-31,
16085,M,1970,2015-01-01,2022-12-31,
16086,F,1980,2015-01-01,2022-12-31,
16087,M,1951,2015-01-01,2022-12-31,
16088,M,1966,2015-01-01,2022-12-31,
16089,F,1950,2015-01-01,2022-12-31,
16090,F,1953,2015-01-01,2022-12-31,
16091,M,1921,2015-01-01,2022-12-31,
16092,F,1976,2015-01-01,2022-12-31,
16093,M,1944,2015-01-01,2022-12-31,
16094,F,1977,2015-01-01,2022-12-31,
16095,M,1954,2015-01-01,2022-12-31,
16096,M,1935,2015-01-01,2022-12-31,
16097,M,1959,2015-01-01,2022-12-31,
16098,M,1969,2015-01-01,2022-12-31,
16099,F,1966,2015-01-01,2022-12-31,
16100,F,1961,2015-01-01,2022-12-31,
16101,M,1967,2015-01-01,2022-12-31,
16102,M,1950,2015-01-01,2018-03-30,2018-03-30
16103,F,1952,2015-01-01,2022-12-31,
16104,M,1982,2015-01-01,2022-12-31,
16105,F,1960,2015-01-01,2022-12-31,
16106,M,1955,2015-01-01,2022-12-31,
16107,M,1959,2015-01-01,2022-12-31,
16108,M,1957,2015-01-01,2022-12-31,
16109,F,1949,2015-01-01,2022-12-31,
16110,F,1965,2015-01-01,2022-12-31,
16111,F,1970,2015-01-01,2022-12-31,
16112,M,1964,2015-01-01,2022-12-31,
16113,F,1941,2015-01-01,2022-12-31,
16114,F,1962,2015-01-01,2022-12-31,
16115,M,1950,2015-01-01,2022-12-31,
16116,F,1957,2015-01-01,2022-12-31,
16117,F,1945,2015-01-01,2022-12-31,
16118,F,1965,2015-01-01,2022-12-31,
16119,F,1948,2015-01-01,2022-12-31,
16120,M,1971,2015-01-01,2022-12-31,
16121,M,1972,2015-01-01,2022-12-31,
16122,M,1983,2015-01-01,2022-12-31,
16123,M,1984,2015-01-01,2022-12-31,
16124,F,1949,2015-01-01,2022-12-31,
16125,M,1963,2015-01-01,2022-12-31,
16126,M,1949,2015-01-01,2022-12-31,
16127,M,1964,2015-01-01,2022-12-31,
16128,M,1959,2015-01-01,2022-12-31,
16129,F,1948,2015-01-01,2022-12-31,
16130,M,1960,2015-01-01,2022-12-31,
16131,M,1954,2015-01-01,2022-12-31,
16132,F,1950,2015-01-01,2017-11-02,2017-11-02
16133,F,1947,2015-01-01,2022-12-31,
16134,F,1945,2015-01-01,2022-12-31,
16135,F,1944,2015-01-01,2022-12-31,
16136,M,1946,2015-01-01,2022-12-31,
16137,M,1971,2015-01-01,2022-12-31,
16138,F,1971,2015-01-01,2022-12-31,
16139,M,1965,2015-01-01,2022-12-31,
16140,F,1956,2015-01-01,2022-12-31,
16141,F,1924,2015-01-01,2022-12-31,
16142,F,1956,2015-01-01,2022-12-31,
16143,M,1961,2015-01-01,2022-12-31,
16144,M,1953,2015-01-01,2022-12-31,
16145,M,1944,2015-01-01,2022-12-31,
16146,F,1965,2015-01-01,2022-12-31,
16147,F,1962,2015-01-01,2022-12-31,
16148,F,1942,2015-01-01,2022-12-31,
16149,M,1934,2015-01-01,2022-05-19,2022-05-19
16150,F,1954,2015-01-01,2022-12-31,
16151,M,1953,2015-01-01,2022-12-31,
16152,F,1948,2015-01-01,2022-12-31,
16153,M,1947,2015-01-01,2022-12-31,
16154,M,1963,2015-01-01,2022-12-31,
16155,F,1960,2015-01-01,2022-12-31,
16156,F,1971,2015-01-01,2022-12-31,
16157,F,1956,2015-01-01,2022-12-31,
16158,F,1962,2015-01-01,2022-12-31,
16159,F,1961,2015-01-01,2022-12-31,
16160,M,1963,2015-01-01,2022-12-31,
16161,M,1956,2015-01-01,2022-12-31,
16162,F,1968,2015-01-01,2022-12-31,
16163,M,1958,2015-01-01,2022-12-31,
16164,M,1961,2015-01-01,2022-12-31,
16165,F,1937,2015-01-01,2022-12-31,
16166,M,1953,2015-01-01,2022-12-31,
16167,F,1979,2015-01-01,2022-12-31,
16168,F,1952,2015-01-01,2022-12-31,
16169,F,1954,2015-01-01,2022-12-31,
16170,M,1954,2015-01-01,2022-12-31,
16171,M,1956,2015-01-01,2022-12-31,
16172,F,1963,2015-01-01,2022-12-31,
16173,M,1970,2015-01-01,2022-12-31,
16174,M,1942,2015-01-01,2022-12-31,
16175,F,1953,2015-01-01,2022-12-31,
16176,M,1954,2015-01-01,2022-12-31,
16177,F,1960,2015-01-01,2022-12-31,
16178,F,1971,2015-01-01,2022-12-31,
16179,M,1929,2015-01-01,2021-06-02,2021-06-02
16180,M,1956,2015-01-01,2022-12-31,
16181,F,1962,2015-01-01,2022-12-31,
16182,F,1953,2015-01-01,2022-12-31,
16183,F,1935,2015-01-01,2022-12-31,
16184,M,1971,2015-01-01,2022-12-31,
16185,F,1951,2015-01-01,2022-12-31,
16186,M,1966,2015-01-01,2022-12-31,
16187,M,1950,2015-01-01,2022-12-31,
16188,M,1963,2015-01-01,2022-12-31,
16189,F,1980,2015-01-01,2022-12-31,
16190,F,1965,2015-01-01,2022-12-31,
16191,M,1938,2015-01-01,2022-12-31,
16192,F,1942,2015-01-01,2022-12-31,
16193,F,1935,2015-01-01,2022-12-31,
16194,M,1945,2015-01-01,2022-12-31,
16195,M,1973,2015-01-01,2022-12-31,
16196,F,1977,2015-01-01,2022-12-31,
16197,M,1934,2015-01-01,2022-12-31,
16198,M,1951,2015-01-01,2022-12-31,
16199,M,1988,2015-01-01,2022-12-31,
16200,M,1973,2015-01-01,2022-12-31,
16201,F,1939,2015-01-01,2022-12-31,
16202,F,1943,2015-01-01,2022-12-31,
16203,M,1949,2015-01-01,2022-12-31,
16204,M,1962,2015-01-01,2022-12-31,
16205,F,1947,2015-01-01,2022-12-31,
16206,F,1950,2015-01-01,2022-12-31,
16207,M,1956,2015-01-01,2022-12-31,
16208,M,1958,2015-01-01,2022-12-31,
16209,M,1971,2015-01-01,2022-12-31,
16210,F,1968,2015-01-01,2022-12-31,
16211,F,1952,2015-01-01,2022-12-31,
16212,F,1938,2015-01-01,2022-12-31,
16213,M,1968,2015-01-01,2022-12-31,
16214,M,1967,2015-01-01,2022-12-31,
16215,M,1951,2015-01-01,2022-12-31,
16216,F,1930,2015-01-01,2022-12-31,
16217,M,1949,2015-01-01,2022-12-31,
16218,F,1966,2015-01-01,2022-12-31,
16219,F,1974,2015-01-01,2022-12-31,
16220,F,1926,2015-01-01,2022-12-31,
16221,M,1956,2015-01-01,2022-12-31,
16222,M,1952,2015-01-01,2022-12-31,
16223,M,1949,2015-01-01,2022-12-31,
16224,M,1940,2015-01-01,2022-12-31,
16225,F,1966,2015-01-01,2022-12-31,
16226,M,1925,2015-01-01,2022-12-31,
16227,M,1957,2015-01-01,2022-12-31,
16228,F,1968,2015-01-01,2022-12-31,
16229,F,1961,2015-01-01,2022-12-31,
16230,F,1955,2015-01-01,2022-12-31,
16231,M,1966,2015-01-01,2022-12-31,
16232,F,1935,2015-01-01,2022-12-31,
16233,M,1957,2015-01-01,2022-12-31,
16234,M,1931,2015-01-01,2022-12-31,
16235,F,1959,2015-01-01,2022-12-31,
16236,F,1944,2015-01-01,2022-12-31,
16237,M,1968,2015-01-01,2022-12-31,
16238,M,1943,2015-01-01,2022-12-31,
16239,M,1953,2015-01-01,2022-12-31,
16240,M,1962,2015-01-01,2022-12-31,
16241,M,1969,2015-01-01,2022-12-31,
16242,M,1963,2015-01-01,2022-12-31,
16243,M,1987,2015-01-01,2022-12-31,
16244,M,1958,2015-01-01,2022-12-31,
16245,M,1975,2015-01-01,2022-12-31,
16246,F,1952,2015-01-01,2022-12-31,
16247,M,1951,2015-01-01,2022-12-31,
16248,M,1972,2015-01-01,2022-12-31,
16249,F,1951,2015-01-01,2022-12-31,
16250,F,1963,2015-01-01,2022-12-31,
16251,M,1967,2015-01-01,2022-12-31,
16252,F,1955,2015-01-01,2022-12-31,
16253,M,1955,2015-01-01,2022-12-31,
16254,F,1946,2015-01-01,2022-12-31,
16255,M,1954,2015-01-01,2022-12-31,
16256,F,1952,2015-01-01,2022-12-31,
16257,F,1957,2015-01-01,2022-12-31,
16258,M,1955,2015-01-01,2022-12-31,
16259,M,1959,2015-01-01,2022-12-31,
16260,M,1966,2015-01-01,2022-12-31,
16261,F,1945,2015-01-01,2022-12-31,
16262,M,1933,2015-01-01,2022-12-31,
16263,F,1944,2015-01-01,2022-12-31,
16264,M,1947,2015-01-01,2022-12-31,
16265,M,1973,2015-01-01,2022-12-31,
16266,M,1950,2015-01-01,2022-12-31,
16267,M,1965,2015-01-01,2022-12-31,
16268,M,1981,2015-01-01,2022-12-31,
16269,F,1951,2015-01-01,2022-12-31,
16270,M,1948,2015-01-01,2022-12-31,
16271,F,1950,2015-01-01,2022-12-31,
16272,M,1953,2015-01-01,2017-04-28,2017-04-28
16273,M,1939,2015-01-01,2022-12-31,
16274,F,1958,2015-01-01,2022-12-31,
16275,F,1974,2015-01-01,2022-12-31,
16276,M,1938,2015-01-01,2022-12-31,
16277,M,1954,2015-01-01,2022-12-31,
16278,M,1950,2015-01-01,2022-12-31,
16279,F,1949,2015-01-01,2022-12-31,
16280,M,1947,2015-01-01,2022-12-31,
16281,M,1970,2015-01-01,2022-12-31,
16282,F,1949,2015-01-01,2022-12-31,
16283,M,1949,2015-01-01,2022-12-31,
16284,F,1948,2015-01-01,2022-12-31,
16285,M,1950,2015-01-01,2022-12-31,
16286,F,1970,2015-01-01,2022-12-31,
16287,F,1955,2015-01-01,2022-12-31,
16288,M,1967,2015-01-01,2022-12-31,
16289,M,1957,2015-01-01,2022-12-31,
16290,M,1950,2015-01-01,2022-12-31,
16291,M,1933,2015-01-01,2022-12-31,
16292,M,1950,2015-01-01,2022-12-31,
16293,M,1950,2015-01-01,2022-12-31,
16294,F,1950,2015-01-01,2022-12-31,
16295,M,1954,2015-01-01,2022-12-31,
16296,M,1942,2015-01-01,2022-12-31,
16297,F,1968,2015-01-01,2022-12-31,
16298,M,2004,2015-01-01,2022-12-31,
16299,M,1965,2015-01-01,2022-12-31,
16300,F,1986,2015-01-01,2022-12-31,
16301,M,1963,2015-01-01,2022-12-31,
16302,M,1981,2015-01-01,2022-12-31,
16303,M,1963,2015-01-01,2022-12-31,
16304,F,1955,2015-01-01,2022-12-31,
16305,M,1949,2015-01-01,2022-12-31,
16306,M,1960,2015-01-01,2022-12-31,
16307,M,1959,2015-01-01,2022-12-31,
16308,F,1963,2015-01-01,2022-12-31,
16309,F,1933,2015-01-01,2022-12-31,
16310,M,1967,2015-01-01,2022-12-31,
16311,M,1961,2015-01-01,2022-12-31,
16312,M,1947,2015-01-01,2022-12-31,
16313,M,1952,2015-01-01,2022-12-31,
16314,F,1956,2015-01-01,2022-12-31,
16315,M,1969,2015-01-01,2022-12-31,
16316,M,1959,2015-01-01,2022-12-31,
16317,F,1936,2015-01-01,2022-12-31,
16318,F,1939,2015-01-01,2019-07-15,2019-07-15
16319,F,1973,2015-01-01,2022-12-31,
16320,F,1963,2015-01-01,2022-12-31,
16321,M,1970,2015-01-01,2022-12-31,
16322,M,1944,2015-01-01,2022-12-31,
16323,F,1945,2015-01-01,2022-12-31,
16324,M,1951,2015-01-01,2022-12-31,
16325,F,1961,2015-01-01,2022-12-31,
16326,M,1937,2015-01-01,2022-12-31,
16327,M,1956,2015-01-01,2022-12-31,
16328,F,1972,2015-01-01,2022-12-31,
16329,M,1954,2015-01-01,2022-12-31,
16330,M,1940,2015-01-01,2022-12-31,
16331,F,1941,2015-01-01,2022-12-31,
16332,F,1953,2015-01-01,2022-12-31,
16333,M,1967,2015-01-01,2022-12-31,
16334,F,1973,2015-01-01,2022-12-31,
16335,F,1949,2015-01-01,2022-12-31,
16336,M,1962,2015-01-01,2022-12-31,
16337,F,1944,2015-01-01,2022-12-31,
16338,F,1953,2015-01-01,2022-12-31,
16339,F,1945,2015-01-01,2022-12-31,
16340,M,1954,2015-01-01,2022-12-31,
16341,M,1940,2015-01-01,2022-12-31,
16342,M,1951,2015-01-01,2022-12-31,
16343,F,1962,2015-01-01,2022-12-31,
16344,F,1989,2015-01-01,2022-12-31,
16345,F,1961,2015-01-01,2022-12-31,
16346,M,1947,2015-01-01,2022-12-31,
16347,F,1940,2015-01-01,2022-12-31,
16348,M,1962,2015-01-01,2022-12-31,
16349,F,1961,2015-01-01,2022-12-31,
16350,F,1961,2015-01-01,2022-12-31,
16351,F,1944,2015-01-01,2022-12-31,
16352,M,1960,2015-01-01,2022-12-31,
16353,M,1946,2015-01-01,2022-12-31,
16354,M,1964,2015-01-01,2022-12-31,
16355,M,1962,2015-01-01,2022-12-31,
16356,M,1953,2015-01-01,2022-12-31,
16357,F,1977,2015-01-01,2022-12-31,
16358,M,1957,2015-01-01,2022-12-31,
16359,M,1944,2015-01-01,2022-12-31,
16360,M,1950,2015-01-01,2022-12-31,
16361,F,1947,2015-01-01,2022-12-31,
16362,M,1962,2015-01-01,2022-12-31,
16363,M,1971,2015-01-01,2022-12-31,
16364,F,1954,2015-01-01,2022-12-31,
16365,M,1945,2015-01-01,2022-12-31,
16366,M,1971,2015-01-01,2022-12-31,
16367,M,1952,2015-01-01,2022-12-31,
16368,F,1953,2015-01-01,2022-12-31,
16369,F,1959,2015-01-01,2022-12-31,
16370,F,1992,2015-01-01,2022-12-31,
16371,M,1944,2015-01-01,2022-12-31,
16372,M,1976,2015-01-01,2022-12-31,
16373,M,1948,2015-01-01,2022-12-31,
16374,F,1957,2015-01-01,2022-12-31,
16375,F,1955,2015-01-01,2022-12-31,
16376,M,1959,2015-01-01,2022-12-31,
16377,M,1952,2015-01-01,2022-12-31,
16378,F,1968,2015-01-01,2022-12-31,
16379,M,1972,2015-01-01,2022-12-31,
16380,F,1965,2015-01-01,2022-12-31,
16381,F,1958,2015-01-01,2022-12-31,
16382,F,1968,2015-01-01,2022-12-31,
16383,M,1975,2015-01-01,2022-12-31,
16384,F,1959,2015-01-01,2022-12-31,
16385,F,1973,2015-01-01,2022-12-31,
16386,M,1949,2015-01-01,2022-12-31,
16387,F,1953,2015-01-01,2022-12-31,
16388,F,1958,2015-01-01,2022-12-31,
16389,F,1972,2015-01-01,2022-12-31,
16390,M,1962,2015-01-01,2022-12-31,
16391,M,1960,2015-01-01,2022-12-31,
16392,M,1958,2015-01-01,2022-12-31,
16393,M,1953,2015-01-01,2016-10-27,2016-10-27
16394,F,1931,2015-01-01,2022-12-31,
16395,F,1956,2015-01-01,2022-12-31,
16396,M,1957,2015-01-01,2022-12-31,
16397,F,1938,2015-01-01,2022-12-31,
16398,M,1967,2015-01-01,2022-12-31,
16399,F,1975,2015-01-01,2022-12-31,
16400,F,1972,2015-01-01,2022-12-31,
16401,F,1959,2015-01-01,2022-12-31,
16402,M,1949,2015-01-01,2022-12-31,
16403,F,1959,2015-01-01,2022-12-31,
16404,F,1961,2015-01-01,2022-12-31,
16405,M,1957,2015-01-01,2022-12-31,
16406,M,1956,2015-01-01,2022-12-31,
16407,M,1960,2015-01-01,2022-12-31,
16408,F,1965,2015-01-01,2022-12-31,
16409,F,1961,2015-01-01,2022-12-31,
16410,F,1950,2015-01-01,2022-12-31,
16411,M,1967,2015-01-01,2022-12-31,
16412,M,1935,2015-01-01,2022-12-31,
16413,M,1957,2015-01-01,2022-12-31,
16414,M,1965,2015-01-01,2022-12-31,
16415,M,1949,2015-01-01,2016-07-31,2016-07-31
16416,F,1988,2015-01-01,2022-12-31,
16417,M,1965,2015-01-01,2022-12-31,
16418,F,1954,2015-01-01,2022-12-31,
16419,F,1960,2015-01-01,2022-12-31,
16420,M,1955,2015-01-01,2022-12-31,
16421,F,1925,2015-01-01,2022-12-31,
16422,F,1959,2015-01-01,2022-12-31,
16423,M,1944,2015-01-01,2022-12-31,
16424,M,1950,2015-01-01,2022-12-31,
16425,M,1976,2015-01-01,2022-12-31,
16426,M,1925,2015-01-01,2022-12-31,
16427,M,1969,2015-01-01,2022-12-31,
16428,F,1953,2015-01-01,2022-12-31,
16429,M,1943,2015-01-01,2022-12-31,
16430,M,1948,2015-01-01,2022-12-31,
16431,M,1950,2015-01-01,2022-12-31,
16432,F,1955,2015-01-01,2022-12-31,
16433,M,1951,2015-01-01,2022-12-31,
16434,M,1963,2015-01-01,2022-12-31,
16435,M,1957,2015-01-01,2022-12-31,
16436,M,1941,2015-01-01,2022-12-31,
16437,F,1960,2015-01-01,2022-12-31,
16438,M,1946,2015-01-01,2022-12-31,
16439,F,1951,2015-01-01,2022-12-31,
16440,M,1945,2015-01-01,2022-12-31,
16441,M,1972,2015-01-01,2022-12-31,
16442,M,1958,2015-01-01,2022-12-31,
16443,M,1953,2015-01-01,2022-12-31,
16444,F,1969,2015-01-01,2022-12-31,
16445,F,1983,2015-01-01,2022-12-31,
16446,M,1962,2015-01-01,2022-12-31,
16447,M,1967,2015-01-01,2022-12-31,
16448,M,1976,2015-01-01,2022-12-31,
16449,F,1963,2015-01-01,2022-12-31,
16450,M,1947,2015-01-01,2022-12-31,
16451,F,1961,2015-01-01,2022-12-31,
16452,M,1975,2015-01-01,2022-12-31,
16453,M,1944,2015-01-01,2022-12-31,
16454,F,1941,2015-01-01,2022-12-31,
16455,F,1961,2015-01-01,2022-12-31,
16456,F,1939,2015-01-01,2022-12-31,
16457,M,1945,2015-01-01,2022-12-31,
16458,F,1959,2015-01-01,2022-12-31,
16459,F,1966,2015-01-01,2022-12-31,
16460,F,1964,2015-01-01,2022-12-31,
16461,F,1949,2015-01-01,2022-12-31,
16462,F,1950,2015-01-01,2022-12-31,
16463,M,1956,2015-01-01,2022-12-31,
16464,M,1953,2015-01-01,2022-12-31,
16465,F,1964,2015-01-01,2022-12-31,
16466,F,1956,2015-01-01,2022-12-31,
16467,F,1955,2015-01-01,2022-12-31,
16468,M,1921,2015-01-01,2022-12-31,
16469,M,1967,2015-01-01,2022-12-31,
16470,M,1944,2015-01-01,2022-12-31,
16471,F,1941,2015-01-01,2022-12-31,
16472,F,1968,2015-01-01,2022-12-31,
16473,F,1963,2015-01-01,2022-12-31,
16474,F,1962,2015-01-01,2022-12-31,
16475,F,1954,2015-01-01,2022-12-31,
16476,M,1968,2015-01-01,2022-12-31,
16477,F,1960,2015-01-01,2022-12-31,
16478,M,1923,2015-01-01,2022-12-31,
16479,F,1964,2015-01-01,2022-12-31,
16480,M,1978,2015-01-01,2022-12-31,
16481,M,1967,2015-01-01,2022-12-31,
16482,M,1953,2015-01-01,2022-12-31,
16483,M,1950,2015-01-01,2022-12-31,
16484,M,1954,2015-01-01,2022-12-31,
16485,M,1956,2015-01-01,2022-12-31,
16486,M,1969,2015-01-01,2022-12-31,
16487,M,1939,2015-01-01,2022-12-31,
16488,M,1951,2015-01-01,2022-12-31,
16489,F,1967,2015-01-01,2022-12-31,
16490,F,1950,2015-01-01,2022-12-31,
16491,M,1929,2015-01-01,2022-12-31,
16492,F,1963,2015-01-01,2022-12-31,
16493,F,1942,2015-01-01,2022-12-31,
16494,M,1941,2015-01-01,2022-12-31,
16495,F,1975,2015-01-01,2022-12-31,
16496,F,1960,2015-01-01,2022-12-31,
16497,F,1951,2015-01-01,2022-12-31,
16498,M,1954,2015-01-01,2022-12-31,
16499,F,1958,2015-01-01,2022-12-31,
16500,M,1962,2015-01-01,2022-12-31,
16501,F,1952,2015-01-01,2022-12-31,
16502,F,1955,2015-01-01,2022-12-31,
16503,F,1960,2015-01-01,2022-12-31,
16504,M,1957,2015-01-01,2022-12-31,
16505,M,1939,2015-01-01,2022-12-31,
16506,M,1953,2015-01-01,2022-12-31,
16507,M,1968,2015-01-01,2022-12-31,
16508,M,1963,2015-01-01,2022-12-31,
16509,M,1961,2015-01-01,2022-12-31,
16510,M,1960,2015-01-01,2022-12-31,
16511,M,1987,2015-01-01,2022-12-31,
16512,M,1937,2015-01-01,2022-12-31,
16513,F,1955,2015-01-01,2022-12-31,
16514,F,1954,2015-01-01,2022-12-31,
16515,M,1956,2015-01-01,2022-12-31,
16516,M,1951,2015-01-01,2022-12-31,
16517,M,1966,2015-01-01,2022-12-31,
16518,M,1963,2015-01-01,2022-12-31,
16519,F,1937,2015-01-01,2022-12-31,
16520,F,1937,2015-01-01,2022-12-31,
16521,F,1976,2015-01-01,2022-12-31,
16522,M,1965,2015-01-01,2022-12-31,
16523,F,1973,2015-01-01,2022-12-31,
16524,F,1956,2015-01-01,2022-12-31,
16525,M,1960,2015-01-01,2022-12-31,
16526,M,1950,2015-01-01,2022-12-31,
16527,F,1952,2015-01-01,2022-12-31,
16528,F,1933,2015-01-01,2022-12-31,
16529,F,1958,2015-01-01,2022-12-31,
16530,F,1942,2015-01-01,2022-12-31,
16531,F,1937,2015-01-01,2022-12-31,
16532,M,1951,2015-01-01,2022-12-31,
16533,M,1973,2015-01-01,2022-12-31,
16534,F,1980,2015-01-01,2022-12-31,
16535,M,1951,2015-01-01,2022-12-31,
16536,M,1943,2015-01-01,2022-12-31,
16537,M,1960,2015-01-01,2022-12-31,
16538,M,1962,2015-01-01,2022-12-31,
16539,F,1941,2015-01-01,2022-12-31,
16540,F,1965,2015-01-01,2022-12-31,
16541,F,1964,2015-01-01,2022-12-31,
16542,M,1955,2015-01-01,2022-12-31,
16543,M,1957,2015-01-01,2022-12-31,
16544,F,1965,2015-01-01,2022-12-31,
16545,M,1969,2015-01-01,2022-12-31,
16546,F,1952,2015-01-01,2019-12-10,2019-12-10
16547,F,1961,2015-01-01,2022-12-31,
16548,M,1946,2015-01-01,2022-12-31,
16549,F,1956,2015-01-01,2022-12-31,
16550,F,1935,2015-01-01,2022-12-31,
16551,F,1954,2015-01-01,2022-12-31,
16552,M,1949,2015-01-01,2022-12-31,
16553,M,1953,2015-01-01,2022-12-31,
16554,M,1952,2015-01-01,2022-12-31,
16555,F,1973,2015-01-01,2022-12-31,
16556,F,1948,2015-01-01,2022-12-31,
16557,M,1975,2015-01-01,2022-12-31,
16558,F,1956,2015-01-01,2022-12-31,
16559,M,1961,2015-01-01,2022-12-31,
16560,M,1983,2015-01-01,2022-12-31,
16561,M,1925,2015-01-01,2022-12-31,
16562,M,1961,2015-01-01,2017-05-28,2017-05-28
16563,F,1925,2015-01-01,2022-12-31,
16564,F,1950,2015-01-01,2022-12-31,
16565,F,1963,2015-01-01,2022-12-31,
16566,F,1954,2015-01-01,2022-12-31,
16567,F,1944,2015-01-01,2022-12-31,
16568,M,1975,2015-01-01,2022-12-31,
16569,F,1965,2015-01-01,2022-12-31,
16570,M,1985,2015-01-01,2022-12-31,
16571,F,1944,2015-01-01,2022-12-31,
16572,F,1977,2015-01-01,2022-12-31,
16573,F,1971,2015-01-01,2022-12-31,
16574,M,1959,2015-01-01,2022-12-31,
16575,M,1978,2015-01-01,2022-12-31,
16576,F,1956,2015-01-01,2022-12-31,
16577,M,1955,2015-01-01,2022-12-31,
16578,F,1954,2015-01-01,2022-12-31,
16579,M,1951,2015-01-01,2022-12-31,
16580,M,1942,2015-01-01,2022-12-31,
16581,M,1962,2015-01-01,2022-12-31,
16582,F,1970,2015-01-01,2022-12-31,
16583,F,1954,2015-01-01,2022-12-31,
16584,M,1967,2015-01-01,2022-12-31,
16585,M,1947,2015-01-01,2022-12-31,
16586,M,1980,2015-01-01,2022-12-31,
16587,F,1944,2015-01-01,2022-12-31,
16588,F,1956,2015-01-01,2022-12-31,
16589,M,1960,2015-01-01,2022-12-31,
16590,M,1948,2015-01-01,2022-12-31,
16591,F,1948,2015-01-01,2022-12-31,
16592,F,1956,2015-01-01,2022-12-31,
16593,F,1955,2015-01-01,2022-12-31,
16594,M,1967,2015-01-01,2022-12-31,
16595,F,1966,2015-01-01,2019-08-16,2019-08-16
16596,M,1955,2015-01-01,2022-12-31,
16597,M,1931,2015-01-01,2022-12-31,
16598,F,1955,2015-01-01,2022-12-31,
16599,M,1954,2015-01-01,2022-12-31,
16600,F,1946,2015-01-01,2022-12-31,
16601,M,1967,2015-01-01,2022-12-31,
16602,F,1956,2015-01-01,2022-12-31,
16603,F,1952,2015-01-01,2022-12-31,
16604,M,1962,2015-01-01,2022-12-31,
16605,M,1963,2015-01-01,2022-12-31,
16606,M,1949,2015-01-01,2022-12-31,
16607,F,1947,2015-01-01,2022-12-31,
16608,M,1961,2015-01-01,2022-12-31,
16609,M,1938,2015-01-01,2022-12-31,
16610,M,1968,2015-01-01,2022-12-31,
16611,M,1980,2015-01-01,2022-12-31,
16612,M,1943,2015-01-01,2022-12-31,
16613,M,1957,2015-01-01,2022-12-31,
16614,F,1961,2015-01-01,2022-12-31,
16615,M,1966,2015-01-01,2022-12-31,
16616,M,1948,2015-01-01,2022-12-31,
16617,F,1957,2015-01-01,2022-12-31,
16618,M,1976,2015-01-01,2022-12-31,
16619,M,1961,2015-01-01,2022-12-31,
16620,F,1960,2015-01-01,2022-12-31,
16621,F,1956,2015-01-01,2019-11-17,2019-11-17
16622,F,1953,2015-01-01,2022-12-31,
16623,M,1967,2015-01-01,2022-12-31,
16624,M,1937,2015-01-01,2022-12-31,
16625,M,1963,2015-01-01,2022-12-31,
16626,M,1940,2015-01-01,2022-12-31,
16627,M,1961,2015-01-01,2022-12-31,
16628,M,1953,2015-01-01,2022-12-31,
16629,F,1938,2015-01-01,2022-12-31,
16630,M,1964,2015-01-01,2022-12-31,
16631,M,1973,2015-01-01,2022-12-31,
16632,F,1961,2015-01-01,2022-12-31,
16633,M,1946,2015-01-01,2022-12-31,
16634,F,1948,2015-01-01,2022-12-31,
16635,M,1939,2015-01-01,2022-12-31,
16636,M,1941,2015-01-01,2022-12-31,
16637,F,1958,2015-01-01,2022-12-31,
16638,F,1962,2015-01-01,2022-12-31,
16639,F,1949,2015-01-01,2022-12-31,
16640,M,1966,2015-01-01,2022-12-31,
16641,M,1949,2015-01-01,2022-12-31,
16642,M,1959,2015-01-01,2022-12-31,
16643,F,1963,2015-01-01,2022-12-31,
16644,M,1970,2015-01-01,2022-12-31,
16645,F,1953,2015-01-01,2022-12-31,
16646,F,1967,2015-01-01,2022-12-31,
16647,F,1953,2015-01-01,2022-12-31,
16648,F,1956,2015-01-01,2022-12-31,
16649,M,1936,2015-01-01,2022-12-31,
16650,F,1947,2015-01-01,2022-12-31,
16651,M,1943,2015-01-01,2022-12-31,
16652,F,1947,2015-01-01,2022-12-31,
16653,M,1964,2015-01-01,2022-12-31,
16654,F,1963,2015-01-01,2022-12-31,
16655,M,1978,2015-01-01,2022-12-31,
16656,M,1952,2015-01-01,2022-12-31,
16657,F,1943,2015-01-01,2022-12-31,
16658,F,1960,2015-01-01,2022-12-31,
16659,M,1939,2015-01-01,2022-12-31,
16660,M,1952,2015-01-01,2022-12-31,
16661,M,1972,2015-01-01,2022-12-31,
16662,F,1961,2015-01-01,2022-12-31,
16663,M,1944,2015-01-01,2022-12-31,
16664,M,1948,2015-01-01,2022-12-31,
16665,F,1966,2015-01-01,2022-12-31,
16666,M,1960,2015-01-01,2022-12-31,
16667,M,1973,2015-01-01,2022-12-31,
16668,F,1962,2015-01-01,2022-12-31,
16669,M,1973,2015-01-01,2022-12-31,
16670,M,1951,2015-01-01,2022-12-31,
16671,F,1984,2015-01-01,2022-12-31,
16672,F,1945,2015-01-01,2022-12-31,
16673,F,1955,2015-01-01,2022-12-31,
16674,F,1956,2015-01-01,2022-12-31,
16675,F,1938,2015-01-01,2022-12-31,
16676,F,1948,2015-01-01,2017-05-15,2017-05-15
16677,M,1964,2015-01-01,2022-12-31,
16678,M,1942,2015-01-01,2022-12-31,
16679,F,1958,2015-01-01,2022-12-31,
16680,F,1960,2015-01-01,2022-12-31,
16681,M,1951,2015-01-01,2022-12-31,
16682,F,1974,2015-01-01,2022-12-31,
16683,F,1945,2015-01-01,2022-12-31,
16684,F,1955,2015-01-01,2022-12-31,
16685,M,1971,2015-01-01,2022-12-31,
16686,M,1953,2015-01-01,2022-12-31,
16687,F,1953,2015-01-01,2022-12-31,
16688,M,1956,2015-01-01,2022-12-31,
16689,M,1966,2015-01-01,2022-12-31,
16690,M,1968,2015-01-01,2022-12-31,
16691,M,1942,2015-01-01,2022-12-31,
16692,M,1952,2015-01-01,2022-12-31,
16693,F,1958,2015-01-01,2022-12-31,
16694,M,1959,2015-01-01,2022-12-31,
16695,M,1942,2015-01-01,2022-12-31,
16696,M,1985,2015-01-01,2022-12-31,
16697,M,1971,2015-01-01,2022-12-31,
16698,F,1951,2015-01-01,2022-12-31,
16699,F,1935,2015-01-01,2022-12-31,
16700,M,1968,2015-01-01,2022-12-31,
16701,F,1957,2015-01-01,2022-12-31,
16702,M,1942,2015-01-01,2022-12-31,
16703,F,1967,2015-01-01,2022-12-31,
16704,F,1948,2015-01-01,2022-12-31,
16705,M,1955,2015-01-01,2022-12-31,
16706,F,1944,2015-01-01,2022-12-31,
16707,F,1953,2015-01-01,2022-12-31,
16708,M,1953,2015-01-01,2022-12-31,
16709,M,1953,2015-01-01,2022-12-31,
16710,M,1958,2015-01-01,2022-12-31,
16711,F,1957,2015-01-01,2022-12-31,
16712,F,1964,2015-01-01,2022-12-31,
16713,F,1938,2015-01-01,2022-12-31,
16714,F,1978,2015-01-01,2022-12-31,
16715,F,1959,2015-01-01,2022-12-31,
16716,M,1938,2015-01-01,2022-12-31,
16717,F,1952,2015-01-01,2022-12-31,
16718,F,1970,2015-01-01,2022-12-31,
16719,M,1957,2015-01-01,2022-12-31,
16720,M,1958,2015-01-01,2022-12-31,
16721,F,1955,2015-01-01,2022-12-31,
16722,F,1962,2015-01-01,2022-12-31,
16723,M,2002,2015-01-01,2022-12-31,
16724,M,1969,2015-01-01,2022-12-31,
16725,M,1957,2015-01-01,2022-12-31,
16726,M,1953,2015-01-01,2022-12-31,
16727,M,1948,2015-01-01,2022-12-31,
16728,F,1966,2015-01-01,2022-12-31,
16729,M,1965,2015-01-01,2022-12-31,
16730,F,1953,2015-01-01,2022-12-31,
16731,M,1955,2015-01-01,2022-12-31,
16732,F,1951,2015-01-01,2022-12-31,
16733,F,1960,2015-01-01,2022-12-31,
16734,F,1944,2015-01-01,2022-12-31,
16735,M,1955,2015-01-01,2022-12-31,
16736,M,1965,2015-01-01,2022-12-31,
16737,M,1968,2015-01-01,2022-12-31,
16738,F,1948,2015-01-01,2022-12-31,
16739,F,1959,2015-01-01,2022-12-31,
16740,F,1947,2015-01-01,2022-12-31,
16741,M,1951,2015-01-01,2022-12-31,
16742,M,1986,2015-01-01,2022-12-31,
16743,M,1956,2015-01-01,2022-12-31,
16744,M,1966,2015-01-01,2022-12-31,
16745,M,1979,2015-01-01,2022-12-31,
16746,F,1980,2015-01-01,2022-12-31,
16747,M,1973,2015-01-01,2022-12-31,
16748,F,1976,2015-01-01,2022-12-31,
16749,M,1957,2015-01-01,2022-12-31,
16750,M,1937,2015-01-01,2022-12-31,
16751,F,1955,2015-01-01,2022-12-31,
16752,M,1978,2015-01-01,2022-12-31,
16753,M,1937,2015-01-01,2022-05-30,2022-05-30
16754,F,1995,2015-01-01,2022-12-31,
16755,M,1946,2015-01-01,2022-12-31,
16756,F,1965,2015-01-01,2022-12-31,
16757,M,1948,2015-01-01,2022-12-31,
16758,F,1945,2015-01-01,2022-12-31,
16759,F,1944,2015-01-01,2022-12-31,
16760,M,1982,2015-01-01,2022-12-31,
16761,F,1954,2015-01-01,2022-12-31,
16762,M,1942,2015-01-01,2022-12-31,
16763,F,1964,2015-01-01,2022-12-31,
16764,M,1927,2015-01-01,2018-06-03,2018-06-03
16765,M,1942,2015-01-01,2022-12-31,
16766,F,1941,2015-01-01,2022-12-31,
16767,F,1969,2015-01-01,2022-12-31,
16768,M,1950,2015-01-01,2022-12-31,
16769,F,1954,2015-01-01,2022-12-31,
16770,F,1945,2015-01-01,2022-12-31,
16771,F,1952,2015-01-01,2022-12-31,
16772,M,1966,2015-01-01,2022-12-31,
16773,F,1957,2015-01-01,2022-12-31,
16774,M,1959,2015-01-01,2022-12-31,
16775,F,1952,2015-01-01,2022-12-31,
16776,M,1941,2015-01-01,2017-12-04,2017-12-04
16777,F,1971,2015-01-01,2022-12-31,
16778,M,1958,2015-01-01,2022-12-31,
16779,M,1963,2015-01-01,2022-12-31,
16780,F,1970,2015-01-01,2022-12-31,
16781,F,1965,2015-01-01,2022-12-31,
16782,M,1999,2015-01-01,2022-12-31,
16783,F,1989,2015-01-01,2022-12-31,
16784,M,1957,2015-01-01,2022-12-31,
16785,F,1956,2015-01-01,2022-12-31,
16786,M,1967,2015-01-01,2022-12-31,
16787,M,1946,2015-01-01,2022-12-31,
16788,F,1963,2015-01-01,2022-12-31,
16789,M,1957,2015-01-01,2022-12-31,
16790,M,1964,2015-01-01,2022-12-31,
16791,M,1968,2015-01-01,2022-12-31,
16792,F,1957,2015-01-01,2022-12-31,
16793,F,1959,2015-01-01,2022-12-31,
16794,F,1937,2015-01-01,2021-05-20,2021-05-20
16795,F,1950,2015-01-01,2022-12-31,
16796,M,1939,2015-01-01,2022-12-31,
16797,F,1958,2015-01-01,2022-12-31,
16798,M,1961,2015-01-01,2022-12-31,
16799,M,1972,2015-01-01,2022-12-31,
16800,M,1943,2015-01-01,2022-12-31,
16801,M,1964,2015-01-01,2022-12-31,
16802,F,1936,2015-01-01,2022-12-31,
16803,F,1948,2015-01-01,2022-12-31,
16804,M,1959,2015-01-01,2022-12-31,
16805,M,1945,2015-01-01,2022-12-31,
16806,F,1960,2015-01-01,2022-12-31,
16807,M,1956,2015-01-01,2022-12-31,
16808,F,1965,2015-01-01,2022-12-31,
16809,F,1956,2015-01-01,2022-12-31,
16810,F,1960,2015-01-01,2022-12-31,
16811,F,1957,2015-01-01,2022-12-31,
16812,F,1949,2015-01-01,2022-12-31,
16813,M,1924,2015-01-01,2021-02-14,2021-02-14
16814,M,1970,2015-01-01,2022-12-31,
16815,M,1979,2015-01-01,2022-12-31,
16816,F,1963,2015-01-01,2022-12-31,
16817,F,1966,2015-01-01,2022-12-31,
16818,F,1976,2015-01-01,2022-12-31,
16819,M,1981,2015-01-01,2022-12-31,
16820,F,1975,2015-01-01,2022-12-31,
16821,M,1958,2015-01-01,2022-12-31,
16822,M,1958,2015-01-01,2022-12-31,
16823,M,1942,2015-01-01,2022-12-31,
16824,M,1974,2015-01-01,2018-10-27,2018-10-27
16825,M,1957,2015-01-01,2022-12-31,
16826,M,1963,2015-01-01,2022-12-31,
16827,F,1948,2015-01-01,2022-12-31,
16828,M,1953,2015-01-01,2022-12-31,
16829,F,1957,2015-01-01,2022-12-31,
16830,M,1960,2015-01-01,2022-12-31,
16831,M,1965,2015-01-01,2022-12-31,
16832,F,1955,2015-01-01,2022-12-31,
16833,F,1956,2015-01-01,2022-12-31,
16834,M,1957,2015-01-01,2022-12-31,
16835,F,1965,2015-01-01,2022-12-31,
16836,M,1948,2015-01-01,2022-12-31,
16837,M,1947,2015-01-01,2022-12-31,
16838,F,1949,2015-01-01,2022-12-31,
16839,F,1969,2015-01-01,2022-12-31,
16840,F,1957,2015-01-01,2022-12-31,
16841,F,1958,2015-01-01,2022-12-31,
16842,F,1940,2015-01-01,2022-12-31,
16843,M,1954,2015-01-01,2022-12-31,
16844,F,1969,2015-01-01,2022-12-31,
16845,M,1981,2015-01-01,2022-12-31,
16846,F,1952,2015-01-01,2022-12-31,
16847,M,1947,2015-01-01,2019-12-15,2019-12-15
16848,F,1954,2015-01-01,2022-12-31,
16849,M,1967,2015-01-01,2022-12-31,
16850,M,1954,2015-01-01,2022-12-31,
16851,F,1967,2015-01-01,2022-12-31,
16852,M,1950,2015-01-01,2022-12-31,
16853,F,1982,2015-01-01,2022-12-31,
16854,M,1968,2015-01-01,2022-12-31,
16855,M,1972,2015-01-01,2022-12-31,
16856,M,1931,2015-01-01,2021-03-12,2021-03-12
16857,M,1960,2015-01-01,2022-12-31,
16858,F,1968,2015-01-01,2022-12-31,
16859,M,1975,2015-01-01,2022-12-31,
16860,M,1972,2015-01-01,2022-12-31,
16861,F,1970,2015-01-01,2022-12-31,
16862,F,1947,2015-01-01,2022-12-31,
16863,F,1928,2015-01-01,2022-12-31,
16864,F,1990,2015-01-01,2022-12-31,
16865,M,1967,2015-01-01,2022-12-31,
16866,M,1953,2015-01-01,2022-12-31,
16867,F,1946,2015-01-01,2022-12-31,
16868,F,1959,2015-01-01,2022-12-31,
16869,M,1956,2015-01-01,2022-12-31,
16870,M,1952,2015-01-01,2022-12-31,
16871,F,1956,2015-01-01,2022-12-31,
16872,M,1944,2015-01-01,2022-12-31,
16873,F,1961,2015-01-01,2022-12-31,
16874,F,1969,2015-01-01,2022-12-31,
16875,M,1940,2015-01-01,2022-12-31,
16876,M,1952,2015-01-01,2022-12-31,
16877,F,1972,2015-01-01,2022-12-31,
16878,M,1941,2015-01-01,2022-12-31,
16879,M,1950,2015-01-01,2022-12-31,
16880,F,1934,2015-01-01,2022-12-31,
16881,M,1931,2015-01-01,2022-12-31,
16882,F,1955,2015-01-01,2022-12-31,
16883,M,1953,2015-01-01,2022-12-31,
16884,F,1951,2015-01-01,2022-12-31,
16885,M,1975,2015-01-01,2022-12-31,
16886,M,1940,2015-01-01,2022-12-31,
16887,F,1958,2015-01-01,2022-12-31,
16888,F,1989,2015-01-01,2022-12-31,
16889,M,1946,2015-01-01,2022-12-31,
16890,M,1982,2015-01-01,2022-12-31,
16891,M,1965,2015-01-01,2022-12-31,
16892,M,1963,2015-01-01,2022-12-31,
16893,M,1972,2015-01-01,2022-12-31,
16894,M,1974,2015-01-01,2022-12-31,
16895,F,1959,2015-01-01,2022-12-31,
16896,M,1961,2015-01-01,2022-12-31,
16897,F,1940,2015-01-01,2022-12-31,
16898,F,1940,2015-01-01,2022-12-31,
16899,F,1974,2015-01-01,2022-12-31,
16900,F,1991,2015-01-01,2022-12-31,
16901,F,1954,2015-01-01,2022-12-31,
16902,M,1966,2015-01-01,2022-12-31,
16903,F,1947,2015-01-01,2022-12-31,
16904,M,1955,2015-01-01,2022-12-31,
16905,M,1951,2015-01-01,2022-12-31,
16906,F,1953,2015-01-01,2022-12-31,
16907,M,1952,2015-01-01,2022-12-31,
16908,M,1954,2015-01-01,2022-12-31,
16909,F,1976,2015-01-01,2022-12-31,
16910,F,1952,2015-01-01,2022-12-31,
16911,F,1939,2015-01-01,2022-12-31,
16912,M,1963,2015-01-01,2022-12-31,
16913,M,1961,2015-01-01,2022-12-31,
16914,F,1949,2015-01-01,2022-12-31,
16915,M,1937,2015-01-01,2022-12-31,
16916,M,1973,2015-01-01,2022-12-31,
16917,M,1958,2015-01-01,2022-12-31,
16918,F,1967,2015-01-01,2022-12-31,
16919,F,1969,2015-01-01,2022-12-31,
16920,F,1954,2015-01-01,2022-12-31,
16921,M,1939,2015-01-01,2022-12-31,
16922,F,1949,2015-01-01,2022-12-31,
16923,M,1966,2015-01-01,2019-10-19,2019-10-19
16924,M,1937,2015-01-01,2022-12-31,
16925,M,1950,2015-01-01,2022-12-31,
16926,F,1972,2015-01-01,2022-12-31,
16927,F,1959,2015-01-01,2022-12-31,
16928,F,1940,2015-01-01,2022-12-31,
16929,M,1959,2015-01-01,2022-12-31,
16930,M,1955,2015-01-01,2022-12-31,
16931,F,1949,2015-01-01,2022-12-31,
16932,M,1955,2015-01-01,2022-12-31,
16933,M,1966,2015-01-01,2022-12-31,
16934,M,1958,2015-01-01,2022-12-31,
16935,M,1973,2015-01-01,2022-12-31,
16936,M,1959,2015-01-01,2022-12-31,
16937,M,1963,2015-01-01,2022-12-31,
16938,F,1969,2015-01-01,2022-12-31,
16939,M,1964,2015-01-01,2022-12-31,
16940,M,1971,2015-01-01,2022-12-31,
16941,F,1935,2015-01-01,2021-09-24,2021-09-24
16942,M,1958,2015-01-01,2022-12-31,
16943,M,1940,2015-01-01,2022-12-31,
16944,F,1951,2015-01-01,2022-12-31,
16945,M,1954,2015-01-01,2022-12-31,
16946,M,1959,2015-01-01,2022-12-31,
16947,M,1955,2015-01-01,2022-12-31,
16948,M,1976,2015-01-01,2022-12-31,
16949,F,1974,2015-01-01,2022-12-31,
16950,F,1985,2015-01-01,2022-12-31,
16951,M,1959,2015-01-01,2022-12-31,
16952,M,1933,2015-01-01,2022-12-31,
16953,M,1978,2015-01-01,2022-12-31,
16954,F,1959,2015-01-01,2022-12-31,
16955,M,1974,2015-01-01,2022-12-31,
16956,F,1947,2015-01-01,2022-12-31,
16957,F,1952,2015-01-01,2022-12-31,
16958,M,1942,2015-01-01,2022-12-31,
16959,M,1945,2015-01-01,2022-12-31,
16960,M,1959,2015-01-01,2022-12-31,
16961,F,1954,2015-01-01,2022-12-31,
16962,F,1970,2015-01-01,2022-12-31,
16963,F,1958,2015-01-01,2022-12-31,
16964,M,1965,2015-01-01,2022-12-31,
16965,M,1938,2015-01-01,2022-12-31,
16966,M,1959,2015-01-01,2022-12-31,
16967,M,1964,2015-01-01,2022-12-31,
16968,M,1938,2015-01-01,2022-12-31,
16969,F,1975,2015-01-01,2022-12-31,
16970,F,1981,2015-01-01,2022-12-31,
16971,F,1958,2015-01-01,2022-12-31,
16972,F,1966,2015-01-01,2022-12-31,
16973,F,1951,2015-01-01,2022-12-31,
16974,F,1942,2015-01-01,2022-12-31,
16975,M,1985,2015-01-01,2022-12-31,
16976,M,1975,2015-01-01,2022-12-31,
16977,F,1953,2015-01-01,2022-12-31,
16978,F,1937,2015-01-01,2022-12-31,
16979,M,1971,2015-01-01,2022-12-31,
16980,M,1957,2015-01-01,2020-09-05,2020-09-05
16981,F,1970,2015-01-01,2022-12-31,
16982,F,1958,2015-01-01,2022-12-31,
16983,F,1986,2015-01-01,2022-12-31,
16984,F,1960,2015-01-01,2022-12-31,
16985,F,1976,2015-01-01,2022-12-31,
16986,F,1970,2015-01-01,2022-12-31,
16987,F,1964,2015-01-01,2022-12-31,
16988,F,1952,2015-01-01,2022-12-31,
16989,M,1954,2015-01-01,2022-12-31,
16990,F,1969,2015-01-01,2022-12-31,
16991,F,1954,2015-01-01,2022-12-31,
16992,F,1965,2015-01-01,2022-12-31,
16993,M,1935,2015-01-01,2022-12-31,
16994,F,1959,2015-01-01,2022-12-31,
16995,F,1967,2015-01-01,2022-12-31,
16996,M,1965,2015-01-01,2022-12-31,
16997,M,1957,2015-01-01,2022-12-31,
16998,M,1963,2015-01-01,2022-12-31,
16999,F,1945,2015-01-01,2022-12-31,
17000,F,1983,2015-01-01,2022-12-31,
17001,M,1952,2015-01-01,2022-12-31,
17002,F,1963,2015-01-01,2022-12-31,
17003,M,1974,2015-01-01,2022-12-31,
17004,F,1954,2015-01-01,2022-12-31,
17005,M,1957,2015-01-01,2022-12-31,
17006,M,1952,2015-01-01,2022-12-31,
17007,M,1975,2015-01-01,2022-12-31,
17008,M,1953,2015-01-01,2022-12-31,
17009,F,1954,2015-01-01,2022-12-31,
17010,M,1949,2015-01-01,2022-12-31,
17011,F,1955,2015-01-01,2022-12-31,
17012,M,1977,2015-01-01,2022-12-31,
17013,F,1957,2015-01-01,2022-12-31,
17014,F,1979,2015-01-01,2022-12-31,
17015,M,1973,2015-01-01,2022-12-31,
17016,M,1961,2015-01-01,2022-12-31,
17017,F,1961,2015-01-01,2022-12-31,
17018,F,1966,2015-01-01,2022-12-31,
17019,F,1951,2015-01-01,2022-12-31,
17020,M,1961,2015-01-01,2022-12-31,
17021,M,1958,2015-01-01,2021-04-22,2021-04-22
17022,M,1941,2015-01-01,2020-07-19,2020-07-19
17023,M,1937,2015-01-01,2022-12-31,
17024,M,1949,2015-01-01,2022-12-31,
17025,M,1950,2015-01-01,2022-12-31,
17026,M,1938,2015-01-01,2022-12-31,
17027,M,1938,2015-01-01,2022-12-31,
17028,F,1969,2015-01-01,2022-12-31,
17029,M,1941,2015-01-01,2022-12-31,
17030,M,1955,2015-01-01,2022-12-31,
17031,M,1960,2015-01-01,2022-12-31,
17032,M,1949,2015-01-01,2022-12-31,
17033,F,1952,2015-01-01,2022-12-31,
17034,M,1949,2015-01-01,2022-12-31,
17035,M,1939,2015-01-01,2022-12-31,
17036,F,1962,2015-01-01,2022-12-31,
17037,M,1963,2015-01-01,2022-12-31,
17038,F,1956,2015-01-01,2022-12-31,
17039,M,1941,2015-01-01,2022-12-31,
17040,F,1968,2015-01-01,2022-12-31,
17041,F,1955,2015-01-01,2022-12-31,
17042,M,1953,2015-01-01,2022-12-31,
17043,M,1972,2015-01-01,2022-12-31,
17044,F,1945,2015-01-01,2022-12-31,
17045,F,1960,2015-01-01,2022-12-31,
17046,F,1939,2015-01-01,2022-12-31,
17047,M,1963,2015-01-01,2022-12-31,
17048,M,1954,2015-01-01,2022-12-31,
17049,F,1948,2015-01-01,2022-12-31,
17050,F,1970,2015-01-01,2022-12-31,
17051,M,1959,2015-01-01,2022-12-31,
17052,F,1954,2015-01-01,2022-12-31,
17053,F,1950,2015-01-01,2022-12-31,
17054,M,1964,2015-01-01,2022-12-31,
17055,M,1977,2015-01-01,2022-12-31,
17056,M,1978,2015-01-01,2022-12-31,
17057,F,1961,2015-01-01,2022-12-31,
17058,M,1967,2015-01-01,2022-12-31,
17059,F,1978,2015-01-01,2022-12-31,
17060,F,1970,2015-01-01,2022-12-31,
17061,M,1976,2015-01-01,2022-12-31,
17062,M,1969,2015-01-01,2022-12-31,
17063,M,1970,2015-01-01,2022-12-31,
17064,F,1978,2015-01-01,2022-12-31,
17065,M,1977,2015-01-01,2022-12-31,
17066,M,1962,2015-01-01,2022-12-31,
17067,M,1947,2015-01-01,2022-12-31,
17068,F,1946,2015-01-01,2022-12-31,
17069,M,1955,2015-01-01,2022-12-31,
17070,M,1951,2015-01-01,2022-12-31,
17071,F,1963,2015-01-01,2022-12-31,
17072,F,1968,2015-01-01,2022-12-31,
17073,F,1946,2015-01-01,2022-12-31,
17074,F,1945,2015-01-01,2022-12-31,
17075,M,1945,2015-01-01,2022-12-31,
17076,M,1941,2015-01-01,2022-12-31,
17077,M,1942,2015-01-01,2022-12-31,
17078,M,1968,2015-01-01,2022-12-31,
17079,F,1969,2015-01-01,2022-12-31,
17080,F,1953,2015-01-01,2022-12-31,
17081,F,1970,2015-01-01,2022-12-31,
17082,F,1953,2015-01-01,2022-12-31,
17083,M,1965,2015-01-01,2022-12-31,
17084,F,1947,2015-01-01,2022-12-31,
17085,F,1930,2015-01-01,2022-12-31,
17086,F,1980,2015-01-01,2022-12-31,
17087,F,1956,2015-01-01,2022-12-31,
17088,M,1973,2015-01-01,2022-12-31,
17089,F,1959,2015-01-01,2022-12-31,
17090,F,1964,2015-01-01,2022-12-31,
17091,F,1953,2015-01-01,2022-12-31,
17092,F,1963,2015-01-01,2022-12-31,
17093,M,1942,2015-01-01,2022-12-31,
17094,M,1961,2015-01-01,2022-12-31,
17095,M,1932,2015-01-01,2022-12-31,
17096,F,1964,2015-01-01,2022-12-31,
17097,M,1970,2015-01-01,2022-12-31,
17098,M,1971,2015-01-01,2022-12-31,
17099,M,1963,2015-01-01,2022-12-31,
17100,F,1996,2015-01-01,2022-12-31,
17101,F,1972,2015-01-01,2022-12-31,
17102,F,1968,2015-01-01,2022-12-31,
17103,M,1967,2015-01-01,2022-12-31,
17104,M,1948,2015-01-01,2022-12-31,
17105,M,1958,2015-01-01,2022-12-31,
17106,M,1945,2015-01-01,2022-12-31,
17107,M,1951,2015-01-01,2022-12-31,
17108,M,1936,2015-01-01,2022-12-31,
17109,F,1965,2015-01-01,2022-12-31,
17110,F,1957,2015-01-01,2022-12-31,
17111,F,1957,2015-01-01,2022-12-31,
17112,M,1974,2015-01-01,2022-12-31,
17113,M,1964,2015-01-01,2022-12-31,
17114,F,1953,2015-01-01,2022-12-31,
17115,F,1957,2015-01-01,2022-12-31,
17116,M,1958,2015-01-01,2022-12-31,
17117,M,1957,2015-01-01,2022-12-31,
17118,M,1965,2015-01-01,2022-12-31,
17119,M,1965,2015-01-01,2022-12-31,
17120,M,1969,2015-01-01,2022-12-31,
17121,F,1928,2015-01-01,2022-12-31,
17122,F,1969,2015-01-01,2022-12-31,
17123,M,1950,2015-01-01,2022-12-31,
17124,F,1966,2015-01-01,2022-12-31,
17125,M,1959,2015-01-01,2022-12-31,
17126,M,1949,2015-01-01,2021-07-15,2021-07-15
17127,M,1944,2015-01-01,2022-12-31,
17128,M,1960,2015-01-01,2022-12-31,
17129,M,1947,2015-01-01,2022-12-31,
17130,M,1954,2015-01-01,2022-12-31,
17131,F,1964,2015-01-01,2022-12-31,
17132,M,1968,2015-01-01,2022-12-31,
17133,F,1947,2015-01-01,2022-12-31,
17134,M,1967,2015-01-01,2022-12-31,
17135,F,1951,2015-01-01,2022-12-31,
17136,M,1949,2015-01-01,2022-12-31,
17137,M,1960,2015-01-01,2022-12-31,
17138,M,1962,2015-01-01,2022-12-31,
17139,F,1975,2015-01-01,2022-12-31,
17140,F,1947,2015-01-01,2022-12-31,
17141,F,1946,2015-01-01,2022-12-31,
17142,M,1950,2015-01-01,2022-12-31,
17143,F,1948,2015-01-01,2022-12-31,
17144,F,1973,2015-01-01,2022-12-31,
17145,M,1980,2015-01-01,2022-12-31,
17146,M,1959,2015-01-01,2022-12-31,
17147,F,1970,2015-01-01,2022-12-31,
17148,F,1943,2015-01-01,2022-12-31,
17149,M,1955,2015-01-01,2022-12-31,
17150,F,1945,2015-01-01,2022-12-31,
17151,M,1965,2015-01-01,2022-12-31,
17152,M,1968,2015-01-01,2022-12-31,
17153,M,1963,2015-01-01,2022-12-31,
17154,M,1954,2015-01-01,2022-12-31,
17155,M,1970,2015-01-01,2022-12-31,
17156,M,1950,2015-01-01,2022-12-31,
17157,F,1957,2015-01-01,2022-12-31,
17158,F,1971,2015-01-01,2022-12-31,
17159,F,1949,2015-01-01,2021-07-11,2021-07-11
17160,M,1956,2015-01-01,2022-12-31,
17161,F,1928,2015-01-01,2022-12-31,
17162,M,1972,2015-01-01,2022-12-31,
17163,M,1954,2015-01-01,2022-12-31,
17164,M,1973,2015-01-01,2022-12-31,
17165,F,1952,2015-01-01,2022-12-31,
17166,M,1950,2015-01-01,2022-12-31,
17167,M,1942,2015-01-01,2022-12-31,
17168,M,1980,2015-01-01,2022-12-31,
17169,F,1938,2015-01-01,2022-12-31,
17170,M,1941,2015-01-01,2022-12-31,
17171,M,1963,2015-01-01,2022-12-31,
17172,F,1975,2015-01-01,2022-12-31,
17173,M,1965,2015-01-01,2022-12-31,
17174,M,1971,2015-01-01,2022-12-31,
17175,M,1961,2015-01-01,2022-12-31,
17176,F,1947,2015-01-01,2022-12-31,
17177,M,1968,2015-01-01,2022-12-31,
17178,F,1949,2015-01-01,2022-12-31,
17179,F,1965,2015-01-01,2022-12-31,
17180,F,1976,2015-01-01,2022-12-31,
17181,M,1937,2015-01-01,2022-12-31,
17182,M,1967,2015-01-01,2022-12-31,
17183,M,1957,2015-01-01,2022-12-31,
17184,M,1974,2015-01-01,2022-12-31,
17185,F,1972,2015-01-01,2022-12-31,
17186,F,1961,2015-01-01,2022-12-31,
17187,M,1947,2015-01-01,2022-12-31,
17188,M,1953,2015-01-01,2022-12-31,
17189,F,1967,2015-01-01,2022-12-31,
17190,F,1960,2015-01-01,2022-12-31,
17191,M,1936,2015-01-01,2022-12-31,
17192,M,1968,2015-01-01,2022-12-31,
17193,M,1970,2015-01-01,2022-12-31,
17194,M,1956,2015-01-01,2022-12-31,
17195,F,1969,2015-01-01,2022-12-31,
17196,F,1945,2015-01-01,2022-12-31,
17197,M,1966,2015-01-01,2022-12-31,
17198,M,1948,2015-01-01,2022-12-31,
17199,M,1951,2015-01-01,2022-12-31,
17200,F,1960,2015-01-01,2022-12-31,
17201,F,1971,2015-01-01,2022-12-31,
17202,M,1927,2015-01-01,2022-12-31,
17203,M,1956,2015-01-01,2022-12-31,
17204,M,1938,2015-01-01,2021-12-17,2021-12-17
17205,F,1962,2015-01-01,2022-12-31,
17206,F,1962,2015-01-01,2022-12-31,
17207,M,1963,2015-01-01,2022-12-31,
17208,F,1956,2015-01-01,2022-12-31,
17209,F,1969,2015-01-01,2022-12-31,
17210,M,1942,2015-01-01,2022-12-31,
17211,M,1939,2015-01-01,2022-12-31,
17212,M,1937,2015-01-01,2022-12-31,
17213,F,1961,2015-01-01,2022-12-31,
17214,M,1969,2015-01-01,2022-12-31,
17215,F,1942,2015-01-01,2022-12-31,
17216,M,1959,2015-01-01,2022-12-31,
17217,F,1954,2015-01-01,2022-12-31,
17218,M,1973,2015-01-01,2022-12-31,
17219,F,1981,2015-01-01,2022-12-31,
17220,F,1945,2015-01-01,2022-12-31,
17221,M,1962,2015-01-01,2022-12-31,
17222,F,1972,2015-01-01,2018-12-04,2018-12-04
17223,M,1964,2015-01-01,2022-12-31,
17224,F,1956,2015-01-01,2022-12-31,
17225,M,1988,2015-01-01,2022-12-31,
17226,M,1945,2015-01-01,2022-12-31,
17227,M,1944,2015-01-01,2022-12-31,
17228,M,1932,2015-01-01,2022-12-31,
17229,F,1946,2015-01-01,2022-12-31,
17230,M,1957,2015-01-01,2022-12-31,
17231,F,1937,2015-01-01,2022-12-31,
17232,F,1963,2015-01-01,2022-12-31,
17233,M,1964,2015-01-01,2022-12-31,
17234,F,1948,2015-01-01,2022-12-31,
17235,F,1976,2015-01-01,2022-12-31,
17236,F,1960,2015-01-01,2022-12-31,
17237,F,1951,2015-01-01,2022-12-31,
17238,F,1952,2015-01-01,2022-12-31,
17239,M,1959,2015-01-01,2022-12-31,
17240,F,1940,2015-01-01,2022-12-31,
17241,M,1960,2015-01-01,2021-01-14,2021-01-14
17242,M,1979,2015-01-01,2022-12-31,
17243,M,1948,2015-01-01,2022-12-31,
17244,F,1937,2015-01-01,2022-12-31,
17245,F,1959,2015-01-01,2022-12-31,
17246,M,1975,2015-01-01,2022-12-31,
17247,F,1929,2015-01-01,2022-12-31,
17248,M,1958,2015-01-01,2022-12-31,
17249,F,1959,2015-01-01,2022-12-31,
17250,M,1954,2015-01-01,2021-05-13,2021-05-13
17251,M,1959,2015-01-01,2022-12-31,
17252,M,1942,2015-01-01,2022-12-31,
17253,M,1980,2015-01-01,2022-12-31,
17254,M,1958,2015-01-01,2018-08-31,2018-08-31
17255,F,1954,2015-01-01,2022-12-31,
17256,F,1941,2015-01-01,2022-12-31,
17257,M,1957,2015-01-01,2022-12-31,
17258,M,1966,2015-01-01,2022-12-31,
17259,M,1954,2015-01-01,2022-12-31,
17260,M,1929,2015-01-01,2022-12-31,
17261,F,1960,2015-01-01,2022-12-31,
17262,M,1938,2015-01-01,2022-12-31,
17263,M,1952,2015-01-01,2022-12-31,
17264,F,1988,2015-01-01,2022-12-31,
17265,M,1968,2015-01-01,2022-12-31,
17266,M,1987,2015-01-01,2022-12-31,
17267,F,1962,2015-01-01,2022-12-31,
17268,F,1950,2015-01-01,2022-12-31,
17269,M,1965,2015-01-01,2021-07-29,2021-07-29
17270,F,1938,2015-01-01,2022-12-31,
17271,M,1947,2015-01-01,2022-12-31,
17272,F,1944,2015-01-01,2022-12-31,
17273,M,1979,2015-01-01,2022-12-31,
17274,F,1941,2015-01-01,2022-12-31,
17275,F,1940,2015-01-01,2022-12-31,
17276,M,1966,2015-01-01,2022-12-31,
17277,M,1946,2015-01-01,2022-12-31,
17278,M,1966,2015-01-01,2022-12-31,
17279,M,1967,2015-01-01,2022-12-31,
17280,M,1952,2015-01-01,2022-12-31,
17281,M,1953,2015-01-01,2022-12-31,
17282,F,1970,2015-01-01,2022-12-31,
17283,F,1957,2015-01-01,2022-12-31,
17284,M,1968,2015-01-01,2022-12-31,
17285,F,1960,2015-01-01,2022-12-31,
17286,F,1950,2015-01-01,2022-12-31,
17287,F,1962,2015-01-01,2022-12-31,
17288,M,1968,2015-01-01,2022-12-31,
17289,M,1954,2015-01-01,2022-12-31,
17290,M,1962,2015-01-01,2022-12-31,
17291,F,1974,2015-01-01,2022-12-31,
17292,F,1956,2015-01-01,2022-12-31,
17293,F,1959,2015-01-01,2022-12-31,
17294,F,1945,2015-01-01,2022-12-31,
17295,M,1950,2015-01-01,2022-12-31,
17296,F,1956,2015-01-01,2022-12-31,
17297,F,1933,2015-01-01,2022-12-31,
17298,F,1948,2015-01-01,2020-03-27,2020-03-27
17299,F,1960,2015-01-01,2022-12-31,
17300,F,1975,2015-01-01,2022-12-31,
17301,F,1952,2015-01-01,2022-12-31,
17302,F,1952,2015-01-01,2022-12-31,
17303,M,1946,2015-01-01,2022-12-31,
17304,M,1966,2015-01-01,2022-12-31,
17305,M,1949,2015-01-01,2022-12-31,
17306,F,1950,2015-01-01,2022-12-31,
17307,F,1954,2015-01-01,2022-12-31,
17308,F,1974,2015-01-01,2022-12-31,
17309,M,1971,2015-01-01,2018-06-12,2018-06-12
17310,M,1940,2015-01-01,2022-08-06,2022-08-06
17311,M,1955,2015-01-01,2022-12-31,
17312,M,1942,2015-01-01,2019-04-20,2019-04-20
17313,M,1925,2015-01-01,2022-12-31,
17314,M,1960,2015-01-01,2022-12-31,
17315,F,1977,2015-01-01,2022-12-31,
17316,M,1944,2015-01-01,2022-12-31,
17317,F,1954,2015-01-01,2022-12-31,
17318,F,1953,2015-01-01,2022-12-31,
17319,M,1980,2015-01-01,2022-12-31,
17320,F,1949,2015-01-01,2022-12-31,
17321,M,1962,2015-01-01,2022-12-31,
17322,M,1940,2015-01-01,2022-12-31,
17323,M,1944,2015-01-01,2022-12-31,
17324,M,1959,2015-01-01,2022-12-31,
17325,F,1954,2015-01-01,2022-12-31,
17326,F,1961,2015-01-01,2022-12-31,
17327,F,1943,2015-01-01,2022-12-31,
17328,F,1947,2015-01-01,2022-12-31,
17329,F,1957,2015-01-01,2022-12-31,
17330,F,1975,2015-01-01,2022-12-31,
17331,F,1954,2015-01-01,2022-12-31,
17332,F,1941,2015-01-01,2022-12-31,
17333,M,1970,2015-01-01,2022-12-31,
17334,M,1973,2015-01-01,2022-12-31,
17335,F,1950,2015-01-01,2022-12-31,
17336,M,1954,2015-01-01,2022-12-31,
17337,F,1965,2015-01-01,2022-12-31,
17338,M,1952,2015-01-01,2022-12-31,
17339,M,1949,2015-01-01,2022-12-31,
17340,F,1939,2015-01-01,2022-12-31,
17341,F,1949,2015-01-01,2022-12-31,
17342,M,1947,2015-01-01,2022-12-31,
17343,M,1947,2015-01-01,2022-12-31,
17344,M,1957,2015-01-01,2022-12-31,
17345,F,1946,2015-01-01,2022-12-31,
17346,F,1971,2015-01-01,2022-12-31,
17347,M,1954,2015-01-01,2022-12-31,
17348,M,1946,2015-01-01,2022-12-31,
17349,F,1956,2015-01-01,2022-12-31,
17350,M,1957,2015-01-01,2022-12-31,
17351,M,1926,2015-01-01,2022-12-31,
17352,M,1955,2015-01-01,2022-12-31,
17353,M,1965,2015-01-01,2022-12-31,
17354,F,1951,2015-01-01,2022-12-31,
17355,F,1935,2015-01-01,2022-12-31,
17356,M,1947,2015-01-01,2020-01-17,2020-01-17
17357,F,1982,2015-01-01,2022-12-31,
17358,M,1952,2015-01-01,2022-12-31,
17359,M,1958,2015-01-01,2022-12-31,
17360,M,1958,2015-01-01,2022-12-31,
17361,F,1943,2015-01-01,2022-12-31,
17362,M,1961,2015-01-01,2022-12-31,
17363,F,1966,2015-01-01,2022-12-31,
17364,F,1947,2015-01-01,2022-12-31,
17365,F,1947,2015-01-01,2022-12-31,
17366,M,1979,2015-01-01,2022-12-31,
17367,F,1961,2015-01-01,2022-12-31,
17368,F,1948,2015-01-01,2022-12-31,
17369,F,1960,2015-01-01,2022-12-31,
17370,F,1954,2015-01-01,2022-12-31,
17371,F,1952,2015-01-01,2022-12-31,
17372,M,1956,2015-01-01,2022-12-31,
17373,M,1934,2015-01-01,2022-12-31,
17374,M,1962,2015-01-01,2022-12-31,
17375,M,1966,2015-01-01,2022-12-31,
17376,F,1961,2015-01-01,2022-12-31,
17377,M,1976,2015-01-01,2022-12-31,
17378,F,1945,2015-01-01,2022-12-31,
17379,F,1950,2015-01-01,2022-12-31,
17380,M,1964,2015-01-01,2022-12-31,
17381,M,1981,2015-01-01,2022-12-31,
17382,F,1946,2015-01-01,2022-12-31,
17383,M,1994,2015-01-01,2022-12-31,
17384,F,1949,2015-01-01,2022-12-31,
17385,M,1971,2015-01-01,2022-12-31,
17386,M,1945,2015-01-01,2022-12-31,
17387,F,1956,2015-01-01,2022-12-31,
17388,M,1960,2015-01-01,2022-12-31,
17389,F,1971,2015-01-01,2022-12-31,
17390,M,1960,2015-01-01,2022-12-31,
17391,M,1946,2015-01-01,2022-12-31,
17392,M,1966,2015-01-01,2022-12-31,
17393,F,1952,2015-01-01,2022-12-31,
17394,M,1944,2015-01-01,2022-12-31,
17395,M,1956,2015-01-01,2022-12-31,
17396,F,1969,2015-01-01,2022-12-31,
17397,F,1949,2015-01-01,2022-12-31,
17398,M,1950,2015-01-01,2022-12-31,
17399,M,1921,2015-01-01,2022-12-31,
17400,F,1963,2015-01-01,2022-12-31,
17401,M,1968,2015-01-01,2022-12-31,
17402,M,1960,2015-01-01,2022-12-31,
17403,M,1965,2015-01-01,2022-12-31,
17404,F,1949,2015-01-01,2022-12-31,
17405,M,1975,2015-01-01,2022-12-31,
17406,F,1966,2015-01-01,2022-12-31,
17407,F,1975,2015-01-01,2022-12-31,
17408,F,1976,2015-01-01,2022-12-31,
17409,F,1932,2015-01-01,2022-12-31,
17410,F,1982,2015-01-01,2022-12-31,
17411,F,1943,2015-01-01,2022-12-31,
17412,M,1939,2015-01-01,2022-12-31,
17413,M,1952,2015-01-01,2022-12-31,
17414,M,1949,2015-01-01,2022-12-31,
17415,M,1941,2015-01-01,2018-09-25,2018-09-25
17416,F,1938,2015-01-01,2022-12-31,
17417,F,1949,2015-01-01,2022-12-31,
17418,M,1970,2015-01-01,2022-12-31,
17419,M,1959,2015-01-01,2022-12-31,
17420,F,1955,2015-01-01,2022-12-31,
17421,F,1942,2015-01-01,2022-12-31,
17422,F,1968,2015-01-01,2022-12-31,
17423,M,1962,2015-01-01,2022-12-31,
17424,M,1966,2015-01-01,2022-12-31,
17425,F,1953,2015-01-01,2022-12-31,
17426,F,1958,2015-01-01,2022-12-31,
17427,M,1939,2015-01-01,2022-12-31,
17428,M,1978,2015-01-01,2022-12-31,
17429,M,1955,2015-01-01,2022-12-31,
17430,M,1958,2015-01-01,2022-12-31,
17431,F,1940,2015-01-01,2022-12-31,
17432,M,1967,2015-01-01,2022-12-31,
17433,F,1976,2015-01-01,2022-12-31,
17434,M,1961,2015-01-01,2022-12-31,
17435,F,1964,2015-01-01,2022-12-31,
17436,M,1982,2015-01-01,2022-12-31,
17437,M,1967,2015-01-01,2022-12-31,
17438,M,1935,2015-01-01,2022-12-31,
17439,M,1951,2015-01-01,2022-12-31,
17440,F,1980,2015-01-01,2022-12-31,
17441,F,1958,2015-01-01,2022-12-31,
17442,F,1955,2015-01-01,2022-12-31,
17443,F,1956,2015-01-01,2022-12-31,
17444,M,1945,2015-01-01,2022-12-31,
17445,M,1966,2015-01-01,2022-12-31,
17446,F,1961,2015-01-01,2022-12-31,
17447,F,1960,2015-01-01,2022-12-31,
17448,F,1971,2015-01-01,2022-12-31,
17449,M,1969,2015-01-01,2022-12-31,
17450,M,1972,2015-01-01,2022-12-31,
17451,M,1962,2015-01-01,2022-12-31,
17452,F,1950,2015-01-01,2022-12-31,
17453,M,1970,2015-01-01,2022-12-31,
17454,F,1980,2015-01-01,2022-12-31,
17455,F,1952,2015-01-01,2022-12-31,
17456,F,1949,2015-01-01,2022-12-31,
17457,F,1963,2015-01-01,2022-12-31,
17458,F,1932,2015-01-01,2022-12-31,
17459,M,1947,2015-01-01,2022-12-31,
17460,M,1953,2015-01-01,2022-12-31,
17461,M,1980,2015-01-01,2022-12-31,
17462,F,1973,2015-01-01,2022-12-31,
17463,M,1949,2015-01-01,2022-12-31,
17464,F,1946,2015-01-01,2022-12-31,
17465,F,1942,2015-01-01,2022-12-31,
17466,F,1959,2015-01-01,2022-12-31,
17467,F,1944,2015-01-01,2022-12-31,
17468,F,1974,2015-01-01,2022-12-31,
17469,F,1957,2015-01-01,2022-12-31,
17470,M,1940,2015-01-01,2022-12-31,
17471,F,1947,2015-01-01,2022-12-31,
17472,M,1942,2015-01-01,2022-12-31,
17473,F,1970,2015-01-01,2022-12-31,
17474,M,1964,2015-01-01,2022-12-31,
17475,F,1968,2015-01-01,2022-12-31,
17476,M,1955,2015-01-01,2022-12-31,
17477,M,1980,2015-01-01,2022-12-31,
17478,F,1961,2015-01-01,2022-12-31,
17479,M,1964,2015-01-01,2022-12-31,
17480,M,1960,2015-01-01,2022-12-31,
17481,F,1942,2015-01-01,2022-12-31,
17482,M,1956,2015-01-01,2022-12-31,
17483,F,1966,2015-01-01,2022-12-31,
17484,M,1954,2015-01-01,2022-12-31,
17485,M,1967,2015-01-01,2022-12-31,
17486,F,1951,2015-01-01,2022-12-31,
17487,M,1972,2015-01-01,2022-12-31,
17488,M,1947,2015-01-01,2022-12-31,
17489,M,1971,2015-01-01,2022-12-31,
17490,F,1959,2015-01-01,2022-12-31,
17491,M,1946,2015-01-01,2022-12-31,
17492,F,1960,2015-01-01,2022-12-31,
17493,M,1965,2015-01-01,2019-11-24,2019-11-24
17494,F,1983,2015-01-01,2022-12-31,
17495,M,1944,2015-01-01,2022-12-31,
17496,M,1965,2015-01-01,2022-12-31,
17497,M,1963,2015-01-01,2022-12-31,
17498,M,1971,2015-01-01,2022-12-31,
17499,F,1954,2015-01-01,2022-12-31,
17500,F,1974,2015-01-01,2022-12-31,
17501,M,1960,2015-01-01,2022-12-31,
17502,M,1962,2015-01-01,2022-12-31,
17503,F,1948,2015-01-01,2022-12-31,
17504,M,1951,2015-01-01,2022-12-31,
17505,M,1958,2015-01-01,2022-12-31,
17506,F,1948,2015-01-01,2022-12-31,
17507,F,1956,2015-01-01,2022-12-31,
17508,F,1956,2015-01-01,2022-12-31,
17509,M,1949,2015-01-01,2022-12-31,
17510,M,1953,2015-01-01,2022-12-31,
17511,F,1964,2015-01-01,2022-12-31,
17512,M,1960,2015-01-01,2022-12-31,
17513,M,1954,2015-01-01,2022-12-31,
17514,F,1949,2015-01-01,2022-12-31,
17515,F,1939,2015-01-01,2022-12-31,
17516,M,1956,2015-01-01,2022-12-31,
17517,F,1945,2015-01-01,2022-12-31,
17518,F,1972,2015-01-01,2022-12-31,
17519,M,1971,2015-01-01,2022-12-31,
17520,F,1952,2015-01-01,2022-12-31,
17521,M,1957,2015-01-01,2022-12-31,
17522,M,1943,2015-01-01,2022-12-31,
17523,F,1951,2015-01-01,2019-10-31,2019-10-31
17524,M,1968,2015-01-01,2022-12-31,
17525,M,1960,2015-01-01,2022-12-31,
17526,F,1944,2015-01-01,2022-12-31,
17527,M,1975,2015-01-01,2022-12-31,
17528,F,1955,2015-01-01,2022-12-31,
17529,F,1952,2015-01-01,2022-12-31,
17530,M,1968,2015-01-01,2022-12-31,
17531,M,1995,2015-01-01,2022-12-31,
17532,M,1945,2015-01-01,2022-12-31,
17533,M,1974,2015-01-01,2022-12-31,
17534,M,1978,2015-01-01,2022-12-31,
17535,F,1958,2015-01-01,2022-12-31,
17536,M,1966,2015-01-01,2022-12-31,
17537,M,1961,2015-01-01,2022-12-31,
17538,M,1971,2015-01-01,2022-12-31,
17539,F,1964,2015-01-01,2022-12-31,
17540,F,1968,2015-01-01,2022-12-31,
17541,F,1944,2015-01-01,2022-12-31,
17542,M,1975,2015-01-01,2022-12-31,
17543,F,1958,2015-01-01,2022-12-31,
17544,M,1954,2015-01-01,2022-12-31,
17545,M,1957,2015-01-01,2022-12-31,
17546,F,1953,2015-01-01,2022-12-31,
17547,M,1974,2015-01-01,2022-12-31,
17548,M,1942,2015-01-01,2022-12-31,
17549,M,1969,2015-01-01,2022-12-31,
17550,F,1974,2015-01-01,2022-12-31,
17551,F,1948,2015-01-01,2022-12-31,
17552,F,1972,2015-01-01,2022-12-31,
17553,M,1952,2015-01-01,2022-12-31,
17554,M,1952,2015-01-01,2022-12-31,
17555,F,1964,2015-01-01,2022-12-31,
17556,M,1962,2015-01-01,2022-12-31,
17557,M,1953,2015-01-01,2022-12-31,
17558,F,1947,2015-01-01,2022-12-31,
17559,F,1978,2015-01-01,2022-12-31,
17560,F,1968,2015-01-01,2022-12-31,
17561,M,1946,2015-01-01,2022-12-31,
17562,M,1979,2015-01-01,2022-12-31,
17563,M,1973,2015-01-01,2022-12-31,
17564,M,1946,2015-01-01,2022-12-31,
17565,F,1950,2015-01-01,2022-12-31,
17566,F,1962,2015-01-01,2022-12-31,
17567,M,1946,2015-01-01,2022-12-31,
17568,M,1971,2015-01-01,2022-12-31,
17569,M,1963,2015-01-01,2022-12-31,
17570,F,1952,2015-01-01,2022-12-31,
17571,F,1958,2015-01-01,2022-12-31,
17572,M,1969,2015-01-01,2022-12-31,
17573,M,1941,2015-01-01,2022-12-31,
17574,F,1960,2015-01-01,2022-12-31,
17575,F,1959,2015-01-01,2022-12-31,
17576,M,1976,2015-01-01,2022-12-31,
17577,F,1969,2015-01-01,2022-12-31,
17578,F,1968,2015-01-01,2022-12-31,
17579,M,1948,2015-01-01,2022-12-31,
17580,M,1955,2015-01-01,2022-12-31,
17581,M,1961,2015-01-01,2022-12-31,
17582,F,1975,2015-01-01,2022-12-31,
17583,M,1973,2015-01-01,2022-12-31,
17584,M,1960,2015-01-01,2022-12-31,
17585,M,1963,2015-01-01,2022-12-31,
17586,M,1942,2015-01-01,2022-12-31,
17587,F,1945,2015-01-01,2019-01-07,2019-01-07
17588,M,1955,2015-01-01,2022-12-31,
17589,M,1964,2015-01-01,2022-12-31,
17590,F,1983,2015-01-01,2022-12-31,
17591,M,1954,2015-01-01,2022-12-31,
17592,F,1938,2015-01-01,2022-12-31,
17593,M,1954,2015-01-01,2022-12-31,
17594,F,1964,2015-01-01,2022-12-31,
17595,M,1944,2015-01-01,2022-12-31,
17596,F,1963,2015-01-01,2022-12-31,
17597,F,1952,2015-01-01,2022-12-31,
17598,M,1949,2015-01-01,2022-12-31,
17599,M,1978,2015-01-01,2022-12-31,
17600,M,1949,2015-01-01,2022-12-31,
17601,F,1962,2015-01-01,2022-12-31,
17602,F,1960,2015-01-01,2022-12-31,
17603,F,1969,2015-01-01,2022-12-31,
17604,F,1963,2015-01-01,2022-12-31,
17605,F,1948,2015-01-01,2022-12-31,
17606,F,1950,2015-01-01,2022-12-31,
17607,M,1960,2015-01-01,2022-12-31,
17608,M,1944,2015-01-01,2022-12-31,
17609,F,1953,2015-01-01,2022-12-31,
17610,M,1958,2015-01-01,2022-12-31,
17611,F,1960,2015-01-01,2022-12-31,
17612,M,1945,2015-01-01,2022-12-31,
17613,M,1959,2015-01-01,2022-12-31,
17614,F,1974,2015-01-01,2022-12-31,
17615,M,1945,2015-01-01,2022-12-31,
17616,M,1962,2015-01-01,2022-12-31,
17617,M,1963,2015-01-01,2022-12-31,
17618,M,1931,2015-01-01,2018-05-08,2018-05-08
17619,F,1959,2015-01-01,2022-12-31,
17620,M,1977,2015-01-01,2022-12-31,
17621,M,1946,2015-01-01,2022-12-31,
17622,M,1954,2015-01-01,2022-12-31,
17623,M,1955,2015-01-01,2022-12-31,
17624,M,1942,2015-01-01,2022-12-31,
17625,M,1956,2015-01-01,2022-12-31,
17626,M,1962,2015-01-01,2022-12-31,
17627,M,1948,2015-01-01,2022-12-31,
17628,F,1944,2015-01-01,2022-12-31,
17629,F,1970,2015-01-01,2022-12-31,
17630,M,1948,2015-01-01,2022-12-31,
17631,M,1947,2015-01-01,2022-12-31,
17632,M,1947,2015-01-01,2022-12-31,
17633,M,1958,2015-01-01,2020-07-02,2020-07-02
17634,F,1962,2015-01-01,2022-12-31,
17635,M,1947,2015-01-01,2022-12-31,
17636,F,1978,2015-01-01,2022-12-31,
17637,F,1940,2015-01-01,2022-12-31,
17638,F,1956,2015-01-01,2022-12-31,
17639,M,1940,2015-01-01,2022-12-31,
17640,M,1963,2015-01-01,2022-12-31,
17641,F,1960,2015-01-01,2022-12-31,
17642,F,1961,2015-01-01,2022-12-31,
17643,M,1970,2015-01-01,2022-12-31,
17644,F,1948,2015-01-01,2022-12-31,
17645,F,1956,2015-01-01,2022-12-31,
17646,M,1959,2015-01-01,2022-12-31,
17647,F,1986,2015-01-01,2022-12-31,
17648,M,1957,2015-01-01,2022-12-31,
17649,M,1956,2015-01-01,2022-12-31,
17650,F,1936,2015-01-01,2022-12-31,
17651,F,1967,2015-01-01,2022-12-31,
17652,F,1934,2015-01-01,2022-12-31,
17653,M,1965,2015-01-01,2022-12-31,
17654,F,1953,2015-01-01,2022-12-31,
17655,F,1971,2015-01-01,2022-12-31,
17656,F,1962,2015-01-01,2022-12-31,
17657,M,1947,2015-01-01,2022-12-31,
17658,F,1950,2015-01-01,2022-12-31,
17659,F,1947,2015-01-01,2022-12-31,
17660,M,1965,2015-01-01,2022-12-31,
17661,M,1940,2015-01-01,2022-12-31,
17662,F,1973,2015-01-01,2022-12-31,
17663,M,1977,2015-01-01,2022-12-31,
17664,M,1940,2015-01-01,2022-12-31,
17665,M,1939,2015-01-01,2022-12-31,
17666,M,1964,2015-01-01,2022-12-31,
17667,F,1944,2015-01-01,2022-12-31,
17668,M,1940,2015-01-01,2022-12-31,
17669,M,1940,2015-01-01,2018-12-29,2018-12-29
17670,F,1966,2015-01-01,2022-12-31,
17671,F,1931,2015-01-01,2022-12-31,
17672,F,1955,2015-01-01,2022-12-31,
17673,F,1977,2015-01-01,2022-12-31,
17674,F,1972,2015-01-01,2022-12-31,
17675,M,1959,2015-01-01,2022-12-31,
17676,F,1983,2015-01-01,2022-12-31,
17677,M,1961,2015-01-01,2022-12-31,
17678,F,1947,2015-01-01,2022-12-31,
17679,M,1967,2015-01-01,2022-12-31,
17680,M,1957,2015-01-01,2022-12-31,
17681,F,1969,2015-01-01,2022-12-31,
17682,M,1962,2015-01-01,2022-12-31,
17683,F,1948,2015-01-01,2022-12-31,
17684,M,1939,2015-01-01,2022-12-31,
17685,F,1953,2015-01-01,2022-12-31,
17686,F,1966,2015-01-01,2022-12-31,
17687,M,1953,2015-01-01,2022-12-31,
17688,F,1955,2015-01-01,2022-12-31,
17689,F,1964,2015-01-01,2022-12-31,
17690,F,1968,2015-01-01,2022-12-31,
17691,M,1952,2015-01-01,2022-12-31,
17692,M,1956,2015-01-01,2022-12-31,
17693,F,1943,2015-01-01,2022-12-31,
17694,M,1962,2015-01-01,2022-12-31,
17695,M,1952,2015-01-01,2018-03-01,2018-03-01
17696,M,1970,2015-01-01,2022-12-31,
17697,F,1965,2015-01-01,2022-12-31,
17698,M,1984,2015-01-01,2022-12-31,
17699,M,1945,2015-01-01,2022-12-31,
17700,F,1955,2015-01-01,2022-12-31,
17701,F,1968,2015-01-01,2022-12-31,
17702,M,1970,2015-01-01,2022-12-31,
17703,F,1976,2015-01-01,2019-05-30,2019-05-30
17704,M,1972,2015-01-01,2022-12-31,
17705,M,1942,2015-01-01,2022-12-31,
17706,M,1964,2015-01-01,2022-12-31,
17707,M,1949,2015-01-01,2022-12-31,
17708,M,1949,2015-01-01,2022-12-31,
17709,F,1946,2015-01-01,2022-12-31,
17710,M,1961,2015-01-01,2022-12-31,
17711,M,1939,2015-01-01,2022-12-31,
17712,F,1984,2015-01-01,2022-12-31,
17713,M,1955,2015-01-01,2022-12-31,
17714,M,1965,2015-01-01,2022-12-31,
17715,F,1952,2015-01-01,2022-12-31,
17716,F,1969,2015-01-01,2022-12-31,
17717,M,1963,2015-01-01,2022-12-31,
17718,M,1957,2015-01-01,2022-12-31,
17719,M,1942,2015-01-01,2022-12-31,
17720,M,1972,2015-01-01,2022-12-31,
17721,M,1964,2015-01-01,2022-12-31,
17722,F,1954,2015-01-01,2022-12-31,
17723,M,1975,2015-01-01,2022-12-31,
17724,M,1952,2015-01-01,2022-12-31,
17725,F,1953,2015-01-01,2022-12-31,
17726,M,1962,2015-01-01,2022-12-31,
17727,F,1964,2015-01-01,2022-12-31,
17728,F,1932,2015-01-01,2022-12-31,
17729,F,1967,2015-01-01,2022-12-31,
17730,M,1955,2015-01-01,2022-12-31,
17731,M,1950,2015-01-01,2017-02-08,2017-02-08
17732,M,1948,2015-01-01,2022-12-31,
17733,F,1962,2015-01-01,2022-12-31,
17734,F,1961,2015-01-01,2022-12-31,
17735,M,1958,2015-01-01,2022-12-31,
17736,F,1960,2015-01-01,2022-12-31,
17737,M,1962,2015-01-01,2022-12-31,
17738,M,1973,2015-01-01,2022-12-31,
17739,M,1976,2015-01-01,2022-12-31,
17740,F,1950,2015-01-01,2022-12-31,
17741,F,1968,2015-01-01,2022-12-31,
17742,F,1967,2015-01-01,2022-12-31,
17743,M,1957,2015-01-01,2022-12-31,
17744,M,1960,2015-01-01,2022-12-31,
17745,F,1950,2015-01-01,2022-12-31,
17746,F,1970,2015-01-01,2022-12-31,
17747,M,1959,2015-01-01,2022-12-31,
17748,F,1960,2015-01-01,2022-12-31,
17749,M,1957,2015-01-01,2022-12-31,
17750,M,1949,2015-01-01,2022-12-31,
17751,F,1954,2015-01-01,2022-12-31,
17752,M,1960,2015-01-01,2022-12-31,
17753,F,1978,2015-01-01,2022-12-31,
17754,M,1966,2015-01-01,2022-12-31,
17755,M,1942,2015-01-01,2022-12-31,
17756,M,1955,2015-01-01,2022-12-31,
17757,F,1969,2015-01-01,2022-12-31,
17758,F,1960,2015-01-01,2022-12-31,
17759,F,1962,2015-01-01,2022-12-31,
17760,M,1963,2015-01-01,2022-12-31,
17761,M,1964,2015-01-01,2022-12-31,
17762,F,1956,2015-01-01,2022-12-31,
17763,M,1975,2015-01-01,2022-12-31,
17764,M,1969,2015-01-01,2022-12-31,
17765,F,1963,2015-01-01,2022-12-31,
17766,M,1951,2015-01-01,2022-12-31,
17767,M,1949,2015-01-01,2022-12-31,
17768,M,1935,2015-01-01,2022-12-31,
17769,F,1964,2015-01-01,2022-12-31,
17770,M,1978,2015-01-01,2022-12-31,
17771,M,1961,2015-01-01,2022-12-31,
17772,F,1930,2015-01-01,2022-12-31,
17773,M,1952,2015-01-01,2022-12-31,
17774,M,1958,2015-01-01,2022-12-31,
17775,M,1968,2015-01-01,2022-12-31,
17776,M,1971,2015-01-01,2022-12-31,
17777,M,1966,2015-01-01,2022-12-31,
17778,M,1936,2015-01-01,2022-12-31,
17779,F,1946,2015-01-01,2022-12-31,
17780,M,1936,2015-01-01,2022-12-31,
17781,M,1972,2015-01-01,2022-12-31,
17782,M,1974,2015-01-01,2022-12-31,
17783,M,1960,2015-01-01,2022-12-31,
17784,M,1946,2015-01-01,2022-12-31,
17785,F,1960,2015-01-01,2022-12-31,
17786,M,1969,2015-01-01,2022-12-31,
17787,F,1960,2015-01-01,2022-12-31,
17788,M,1958,2015-01-01,2022-12-31,
17789,M,1945,2015-01-01,2022-04-21,2022-04-21
17790,M,1979,2015-01-01,2022-12-31,
17791,F,1925,2015-01-01,2022-12-31,
17792,M,1977,2015-01-01,2022-12-31,
17793,M,1948,2015-01-01,2022-12-31,
17794,M,1963,2015-01-01,2022-12-31,
17795,F,1957,2015-01-01,2022-12-31,
17796,F,1960,2015-01-01,2022-12-31,
17797,M,1960,2015-01-01,2022-12-31,
17798,M,1956,2015-01-01,2022-12-31,
17799,M,1964,2015-01-01,2022-12-31,
17800,F,1937,2015-01-01,2022-12-31,
17801,F,1955,2015-01-01,2022-12-31,
17802,F,1967,2015-01-01,2022-12-31,
17803,M,1967,2015-01-01,2022-12-31,
17804,M,1955,2015-01-01,2022-12-31,
17805,M,1946,2015-01-01,2022-12-31,
17806,F,1959,2015-01-01,2022-12-31,
17807,M,1955,2015-01-01,2022-12-31,
17808,M,1948,2015-01-01,2022-12-31,
17809,F,1949,2015-01-01,2022-12-31,
17810,M,1961,2015-01-01,2022-12-31,
17811,F,1970,2015-01-01,2022-12-31,
17812,M,1940,2015-01-01,2022-12-31,
17813,F,1946,2015-01-01,2021-07-02,2021-07-02
17814,M,1972,2015-01-01,2022-12-31,
17815,F,1974,2015-01-01,2022-12-31,
17816,F,1969,2015-01-01,2022-12-31,
17817,M,1963,2015-01-01,2022-12-31,
17818,F,1951,2015-01-01,2022-12-31,
17819,M,1945,2015-01-01,2022-12-31,
17820,M,1940,2015-01-01,2022-12-31,
17821,M,1962,2015-01-01,2022-12-31,
17822,F,1940,2015-01-01,2022-12-31,
17823,F,1963,2015-01-01,2022-12-31,
17824,F,1956,2015-01-01,2022-12-31,
17825,M,1966,2015-01-01,2022-12-31,
17826,M,1957,2015-01-01,2022-12-31,
17827,F,1964,2015-01-01,2022-12-31,
17828,F,1975,2015-01-01,2022-12-31,
17829,F,1939,2015-01-01,2022-12-31,
17830,F,1983,2015-01-01,2022-12-31,
17831,M,1955,2015-01-01,2022-12-31,
17832,M,1971,2015-01-01,2022-12-31,
17833,F,1957,2015-01-01,2022-12-31,
17834,M,1962,2015-01-01,2022-12-31,
17835,M,1957,2015-01-01,2022-12-31,
17836,M,1962,2015-01-01,2022-12-31,
17837,F,1982,2015-01-01,2022-12-31,
17838,F,1944,2015-01-01,2022-12-31,
17839,M,1947,2015-01-01,2022-12-31,
17840,F,1959,2015-01-01,2022-12-31,
17841,M,1985,2015-01-01,2022-12-31,
17842,M,1962,2015-01-01,2022-12-31,
17843,F,1952,2015-01-01,2022-12-31,
17844,M,1964,2015-01-01,2022-12-31,
17845,M,1952,2015-01-01,2022-12-31,
17846,F,1959,2015-01-01,2022-12-31,
17847,F,1953,2015-01-01,2022-12-31,
17848,F,1933,2015-01-01,2022-12-31,
17849,M,1971,2015-01-01,2022-12-31,
17850,M,1943,2015-01-01,2022-12-31,
17851,F,1962,2015-01-01,2022-12-31,
17852,M,1959,2015-01-01,2022-12-31,
17853,M,1948,2015-01-01,2022-12-31,
17854,M,1953,2015-01-01,2022-12-31,
17855,F,1950,2015-01-01,2022-12-31,
17856,M,1969,2015-01-01,2022-12-31,
17857,F,1951,2015-01-01,2022-12-31,
17858,M,1923,2015-01-01,2022-12-31,
17859,F,1967,2015-01-01,2022-12-31,
17860,M,1926,2015-01-01,2022-05-02,2022-05-02
17861,F,1956,2015-01-01,2022-12-31,
17862,M,1961,2015-01-01,2022-12-31,
17863,M,1960,2015-01-01,2022-12-31,
17864,M,1983,2015-01-01,2022-12-31,
17865,M,1945,2015-01-01,2022-12-31,
17866,M,1974,2015-01-01,2022-12-31,
17867,M,1928,2015-01-01,2022-12-31,
17868,F,1961,2015-01-01,2022-12-31,
17869,M,1954,2015-01-01,2022-12-31,
17870,M,1949,2015-01-01,2022-12-31,
17871,F,1954,2015-01-01,2022-12-31,
17872,F,1948,2015-01-01,2022-12-31,
17873,M,1956,2015-01-01,2022-12-31,
17874,F,1946,2015-01-01,2022-12-31,
17875,M,1967,2015-01-01,2022-12-31,
17876,M,1983,2015-01-01,2022-12-31,
17877,M,1968,2015-01-01,2022-12-31,
17878,M,1968,2015-01-01,2022-12-31,
17879,F,1932,2015-01-01,2022-12-31,
17880,M,1940,2015-01-01,2022-12-31,
17881,M,1963,2015-01-01,2022-12-31,
17882,F,1959,2015-01-01,2022-12-31,
17883,M,1948,2015-01-01,2022-12-31,
17884,F,1959,2015-01-01,2022-12-31,
17885,M,1949,2015-01-01,2022-12-31,
17886,F,1958,2015-01-01,2022-12-31,
17887,M,1955,2015-01-01,2022-12-31,
17888,F,1955,2015-01-01,2022-12-31,
17889,F,1941,2015-01-01,2022-12-31,
17890,F,1960,2015-01-01,2022-12-31,
17891,F,1947,2015-01-01,2018-10-25,2018-10-25
17892,M,1940,2015-01-01,2022-12-31,
17893,F,1947,2015-01-01,2022-12-31,
17894,M,1935,2015-01-01,2022-12-31,
17895,F,1949,2015-01-01,2022-12-31,
17896,F,1936,2015-01-01,2022-12-31,
17897,M,1955,2015-01-01,2022-12-31,
17898,M,1959,2015-01-01,2022-12-31,
17899,M,1951,2015-01-01,2020-01-03,2020-01-03
17900,M,1947,2015-01-01,2022-12-31,
17901,M,1965,2015-01-01,2022-12-31,
17902,M,1955,2015-01-01,2022-12-31,
17903,F,1957,2015-01-01,2022-12-31,
17904,M,1951,2015-01-01,2022-12-31,
17905,F,1940,2015-01-01,2022-12-31,
17906,M,1949,2015-01-01,2022-12-31,
17907,M,1982,2015-01-01,2022-12-31,
17908,M,1966,2015-01-01,2022-12-31,
17909,F,1957,2015-01-01,2022-12-31,
17910,F,1953,2015-01-01,2022-12-31,
17911,M,1944,2015-01-01,2022-12-31,
17912,F,1959,2015-01-01,2022-12-31,
17913,F,1961,2015-01-01,2022-12-31,
17914,F,1956,2015-01-01,2022-12-31,
17915,M,1951,2015-01-01,2022-12-31,
17916,M,1941,2015-01-01,2022-12-31,
17917,F,1969,2015-01-01,2022-12-31,
17918,F,1972,2015-01-01,2022-12-31,
17919,F,1980,2015-01-01,2022-12-31,
17920,M,1954,2015-01-01,2022-12-31,
17921,M,1945,2015-01-01,2022-12-31,
17922,M,1971,2015-01-01,2022-12-31,
17923,F,1954,2015-01-01,2022-12-31,
17924,M,1955,2015-01-01,2016-04-24,2016-04-24
17925,F,1953,2015-01-01,2022-12-31,
17926,M,1965,2015-01-01,2022-12-31,
17927,F,1971,2015-01-01,2022-12-31,
17928,M,1947,2015-01-01,2020-02-28,2020-02-28
17929,F,1949,2015-01-01,2022-12-31,
17930,M,1971,2015-01-01,2022-12-31,
17931,M,1936,2015-01-01,2022-12-31,
17932,M,1979,2015-01-01,2022-12-31,
17933,F,1956,2015-01-01,2022-12-31,
17934,M,1941,2015-01-01,2022-12-31,
17935,F,1961,2015-01-01,2018-04-26,2018-04-26
17936,F,1953,2015-01-01,2022-12-31,
17937,M,1953,2015-01-01,2022-12-31,
17938,M,1959,2015-01-01,2022-12-31,
17939,F,1957,2015-01-01,2022-12-31,
17940,M,1965,2015-01-01,2022-12-31,
17941,M,1947,2015-01-01,2022-12-31,
17942,M,1956,2015-01-01,2022-12-31,
17943,M,1966,2015-01-01,2022-12-31,
17944,F,1957,2015-01-01,2022-12-31,
17945,F,1958,2015-01-01,2021-09-12,2021-09-12
17946,F,1956,2015-01-01,2022-12-31,
17947,F,1932,2015-01-01,2022-12-31,
17948,M,1965,2015-01-01,2022-12-31,
17949,M,1973,2015-01-01,2022-12-31,
17950,F,1953,2015-01-01,2022-12-31,
17951,M,1939,2015-01-01,2022-12-31,
17952,M,1949,2015-01-01,2022-12-31,
17953,M,1949,2015-01-01,2022-12-31,
17954,M,1979,2015-01-01,2022-12-31,
17955,M,1957,2015-01-01,2022-12-31,
17956,F,1992,2015-01-01,2022-12-31,
17957,F,1952,2015-01-01,2022-12-31,
17958,M,1974,2015-01-01,2022-12-31,
17959,F,1943,2015-01-01,2022-12-31,
17960,M,1952,2015-01-01,2022-12-31,
17961,M,1957,2015-01-01,2022-12-31,
17962,F,1957,2015-01-01,2022-12-31,
17963,M,1968,2015-01-01,2022-12-31,
17964,M,1969,2015-01-01,2022-12-31,
17965,F,1952,2015-01-01,2022-12-31,
17966,F,1965,2015-01-01,2022-12-31,
17967,F,1933,2015-01-01,2022-12-31,
17968,M,1966,2015-01-01,2022-12-31,
17969,M,1929,2015-01-01,2022-12-31,
17970,M,1971,2015-01-01,2022-12-31,
17971,M,1949,2015-01-01,2022-12-31,
17972,F,1952,2015-01-01,2022-08-16,2022-08-16
17973,F,1972,2015-01-01,2022-12-31,
17974,M,1947,2015-01-01,2022-12-31,
17975,F,1937,2015-01-01,2022-12-31,
17976,M,1948,2015-01-01,2022-12-31,
17977,M,1951,2015-01-01,2022-12-31,
17978,F,1951,2015-01-01,2022-12-31,
17979,M,1935,2015-01-01,2022-12-31,
17980,M,1971,2015-01-01,2022-12-31,
17981,M,1962,2015-01-01,2022-12-31,
17982,F,1943,2015-01-01,2022-12-31,
17983,M,1975,2015-01-01,2022-12-31,
17984,M,1960,2015-01-01,2022-12-31,
17985,F,1958,2015-01-01,2022-12-31,
17986,M,1973,2015-01-01,2022-12-31,
17987,M,1969,2015-01-01,2022-12-31,
17988,M,1940,2015-01-01,2022-12-31,
17989,F,1957,2015-01-01,2022-12-31,
17990,M,1967,2015-01-01,2022-12-31,
17991,F,1958,2015-01-01,2022-12-31,
17992,M,1959,2015-01-01,2022-12-31,
17993,M,1984,2015-01-01,2022-12-31,
17994,M,1951,2015-01-01,2022-03-01,2022-03-01
17995,F,1951,2015-01-01,2022-12-31,
17996,M,1949,2015-01-01,2022-12-31,
17997,M,1973,2015-01-01,2022-12-31,
17998,M,1969,2015-01-01,2022-12-31,
17999,M,1972,2015-01-01,2022-12-31,
18000,M,1945,2015-01-01,2022-12-31,
18001,F,1952,2015-01-01,2022-12-31,
18002,F,1972,2015-01-01,2022-12-31,
18003,M,1962,2015-01-01,2022-12-31,
18004,F,1956,2015-01-01,2022-12-31,
18005,F,1951,2015-01-01,2022-12-31,
18006,M,1958,2015-01-01,2022-12-31,
18007,M,1973,2015-01-01,2022-12-31,
18008,M,1946,2015-01-01,2022-12-31,
18009,F,1944,2015-01-01,2022-12-31,
18010,F,1964,2015-01-01,2022-12-31,
18011,M,1977,2015-01-01,2022-12-31,
18012,M,1965,2015-01-01,2022-12-31,
18013,M,1961,2015-01-01,2022-12-31,
18014,M,1970,2015-01-01,2022-12-31,
18015,M,1944,2015-01-01,2022-12-31,
18016,M,1945,2015-01-01,2022-12-31,
18017,M,1953,2015-01-01,2022-12-31,
18018,F,1957,2015-01-01,2022-12-31,
18019,F,1952,2015-01-01,2022-12-31,
18020,M,1968,2015-01-01,2022-12-31,
18021,F,1948,2015-01-01,2022-12-31,
18022,M,1985,2015-01-01,2022-12-31,
18023,M,1954,2015-01-01,2022-12-31,
18024,M,1973,2015-01-01,2022-12-31,
18025,F,1955,2015-01-01,2022-12-31,
18026,M,1966,2015-01-01,2022-12-31,
18027,M,1939,2015-01-01,2022-12-31,
18028,F,1952,2015-01-01,2022-12-31,
18029,M,1954,2015-01-01,2022-12-31,
18030,M,1970,2015-01-01,2022-12-31,
18031,M,1943,2015-01-01,2022-12-31,
18032,M,1941,2015-01-01,2022-12-31,
18033,M,1961,2015-01-01,2022-12-31,
18034,M,1961,2015-01-01,2022-12-31,
18035,M,1950,2015-01-01,2022-12-31,
18036,F,1939,2015-01-01,2022-12-31,
18037,M,1966,2015-01-01,2022-12-31,
18038,M,1964,2015-01-01,2022-12-31,
18039,M,1973,2015-01-01,2022-12-31,
18040,F,1958,2015-01-01,2022-12-31,
18041,F,1966,2015-01-01,2022-12-31,
18042,F,1937,2015-01-01,2022-12-31,
18043,F,1965,2015-01-01,2022-12-31,
18044,M,1944,2015-01-01,2022-12-31,
18045,F,1967,2015-01-01,2022-12-31,
18046,F,1951,2015-01-01,2022-12-31,
18047,F,1963,2015-01-01,2022-12-31,
18048,F,1960,2015-01-01,2022-12-31,
18049,F,1958,2015-01-01,2022-12-31,
18050,F,1956,2015-01-01,2022-12-31,
18051,M,1951,2015-01-01,2022-12-31,
18052,F,1954,2015-01-01,2022-12-31,
18053,F,1958,2015-01-01,2022-12-31,
18054,M,1967,2015-01-01,2022-12-31,
18055,F,1938,2015-01-01,2022-12-31,
18056,F,1949,2015-01-01,2022-12-31,
18057,F,1957,2015-01-01,2022-12-31,
18058,F,1947,2015-01-01,2022-12-31,
18059,M,1964,2015-01-01,2022-12-31,
18060,M,1925,2015-01-01,2022-12-31,
18061,M,1951,2015-01-01,2022-12-31,
18062,M,1954,2015-01-01,2022-12-31,
18063,F,1949,2015-01-01,2022-12-31,
18064,F,1925,2015-01-01,2022-12-31,
18065,F,1951,2015-01-01,2022-12-31,
18066,F,1948,2015-01-01,2022-12-31,
18067,M,1962,2015-01-01,2022-12-31,
18068,F,1962,2015-01-01,2022-12-31,
18069,M,1942,2015-01-01,2022-12-31,
18070,F,1965,2015-01-01,2022-12-31,
18071,M,1954,2015-01-01,2022-12-31,
18072,F,1965,2015-01-01,2022-12-31,
18073,F,1958,2015-01-01,2022-12-31,
18074,F,1949,2015-01-01,2022-12-31,
18075,F,1947,2015-01-01,2022-12-31,
18076,F,1980,2015-01-01,2022-12-31,
18077,F,1941,2015-01-01,2022-12-31,
18078,F,1975,2015-01-01,2022-12-31,
18079,M,1961,2015-01-01,2022-12-31,
18080,M,1953,2015-01-01,2022-12-31,
18081,M,1945,2015-01-01,2022-12-31,
18082,M,1968,2015-01-01,2022-12-31,
18083,M,1944,2015-01-01,2022-12-31,
18084,F,1962,2015-01-01,2022-12-31,
18085,M,1941,2015-01-01,2022-12-31,
18086,M,1972,2015-01-01,2022-12-31,
18087,M,1955,2015-01-01,2022-12-31,
18088,F,1935,2015-01-01,2022-12-31,
18089,M,1964,2015-01-01,2022-12-31,
18090,F,1953,2015-01-01,2017-02-14,2017-02-14
18091,M,1955,2015-01-01,2022-12-31,
18092,F,1980,2015-01-01,2022-12-31,
18093,F,1956,2015-01-01,2022-12-31,
18094,M,1943,2015-01-01,2022-12-31,
18095,F,1946,2015-01-01,2022-12-31,
18096,M,1971,2015-01-01,2022-12-31,
18097,M,1948,2015-01-01,2022-12-31,
18098,M,1944,2015-01-01,2022-12-31,
18099,F,1959,2015-01-01,2022-12-31,
18100,F,1945,2015-01-01,2022-12-31,
18101,M,1963,2015-01-01,2022-12-31,
18102,M,1957,2015-01-01,2022-12-31,
18103,F,1947,2015-01-01,2022-12-31,
18104,F,1974,2015-01-01,2022-12-31,
18105,M,1963,2015-01-01,2022-12-31,
18106,M,1953,2015-01-01,2022-12-31,
18107,M,1935,2015-01-01,2021-08-08,2021-08-08
18108,M,1942,2015-01-01,2022-12-31,
18109,F,1967,2015-01-01,2022-12-31,
18110,M,1946,2015-01-01,2022-12-31,
18111,M,1931,2015-01-01,2022-12-31,
18112,F,1963,2015-01-01,2022-12-31,
18113,F,1944,2015-01-01,2022-12-31,
18114,M,1955,2015-01-01,2022-12-31,
18115,F,1966,2015-01-01,2022-12-31,
18116,F,1960,2015-01-01,2022-12-31,
18117,F,1963,2015-01-01,2022-12-31,
18118,F,1965,2015-01-01,2022-12-31,
18119,M,1952,2015-01-01,2022-12-31,
18120,M,1962,2015-01-01,2022-12-31,
18121,F,1945,2015-01-01,2022-12-31,
18122,F,1954,2015-01-01,2022-12-31,
18123,F,1958,2015-01-01,2022-12-31,
18124,F,1976,2015-01-01,2022-12-31,
18125,F,1961,2015-01-01,2022-12-31,
18126,F,1970,2015-01-01,2022-12-31,
18127,M,1960,2015-01-01,2022-12-31,
18128,F,1957,2015-01-01,2022-12-31,
18129,M,1946,2015-01-01,2022-12-31,
18130,M,1949,2015-01-01,2022-12-31,
18131,F,1953,2015-01-01,2022-12-31,
18132,M,1960,2015-01-01,2022-12-31,
18133,M,1965,2015-01-01,2022-12-31,
18134,M,1967,2015-01-01,2022-12-31,
18135,F,1955,2015-01-01,2022-12-31,
18136,F,1952,2015-01-01,2022-12-31,
18137,F,1952,2015-01-01,2022-12-31,
18138,F,1964,2015-01-01,2022-12-31,
18139,F,1946,2015-01-01,2022-12-31,
18140,M,1931,2015-01-01,2022-12-31,
18141,M,1981,2015-01-01,2022-12-31,
18142,M,1969,2015-01-01,2022-12-31,
18143,F,1959,2015-01-01,2022-12-31,
18144,M,1957,2015-01-01,2022-12-31,
18145,F,1953,2015-01-01,2022-12-31,
18146,M,1940,2015-01-01,2022-12-31,
18147,M,1945,2015-01-01,2022-12-31,
18148,M,1966,2015-01-01,2022-12-31,
18149,F,1955,2015-01-01,2022-12-31,
18150,F,1930,2015-01-01,2022-12-31,
18151,F,1964,2015-01-01,2022-12-31,
18152,M,1930,2015-01-01,2022-12-31,
18153,F,1954,2015-01-01,2022-12-31,
18154,F,1957,2015-01-01,2022-12-31,
18155,M,1977,2015-01-01,2022-12-31,
18156,F,1944,2015-01-01,2016-06-29,2016-06-29
18157,F,1940,2015-01-01,2022-12-31,
18158,M,1960,2015-01-01,2022-12-31,
18159,M,1945,2015-01-01,2022-12-31,
18160,M,1931,2015-01-01,2022-12-31,
18161,M,1960,2015-01-01,2022-12-31,
18162,F,1936,2015-01-01,2022-12-31,
18163,F,1949,2015-01-01,2022-12-31,
18164,F,1949,2015-01-01,2022-12-31,
18165,M,1951,2015-01-01,2022-12-31,
18166,F,1943,2015-01-01,2022-12-31,
18167,F,1948,2015-01-01,2022-12-31,
18168,F,1952,2015-01-01,2022-12-31,
18169,M,1948,2015-01-01,2022-12-31,
18170,M,1947,2015-01-01,2022-12-31,
18171,F,1967,2015-01-01,2022-12-31,
18172,F,1968,2015-01-01,2022-12-31,
18173,M,1960,2015-01-01,2022-12-31,
18174,M,1953,2015-01-01,2022-12-31,
18175,F,1942,2015-01-01,2022-12-31,
18176,M,1949,2015-01-01,2022-12-31,
18177,M,1948,2015-01-01,2022-12-31,
18178,F,1950,2015-01-01,2021-06-01,2021-06-01
18179,F,1950,2015-01-01,2022-12-31,
18180,M,1948,2015-01-01,2022-12-31,
18181,F,1959,2015-01-01,2022-12-31,
18182,F,1966,2015-01-01,2022-12-31,
18183,F,1951,2015-01-01,2022-12-31,
18184,M,1929,2015-01-01,2018-03-26,2018-03-26
18185,M,1961,2015-01-01,2022-12-31,
18186,F,1943,2015-01-01,2022-12-31,
18187,F,1982,2015-01-01,2022-12-31,
18188,F,1965,2015-01-01,2022-12-31,
18189,M,1947,2015-01-01,2022-12-31,
18190,M,1957,2015-01-01,2022-12-31,
18191,F,1963,2015-01-01,2022-12-31,
18192,M,1952,2015-01-01,2022-12-31,
18193,F,1960,2015-01-01,2022-12-31,
18194,M,1947,2015-01-01,2022-12-31,
18195,M,1966,2015-01-01,2022-12-31,
18196,M,1952,2015-01-01,2022-12-31,
18197,F,1952,2015-01-01,2022-12-31,
18198,M,1966,2015-01-01,2022-12-31,
18199,M,1936,2015-01-01,2022-12-31,
18200,F,1946,2015-01-01,2022-12-31,
18201,M,1970,2015-01-01,2022-12-31,
18202,F,1932,2015-01-01,2022-12-31,
18203,M,1946,2015-01-01,2022-12-31,
18204,F,1955,2015-01-01,2022-12-31,
18205,M,1939,2015-01-01,2022-12-31,
18206,M,1952,2015-01-01,2022-12-31,
18207,M,1953,2015-01-01,2022-12-31,
18208,M,1960,2015-01-01,2022-12-31,
18209,M,1962,2015-01-01,2022-12-31,
18210,F,1957,2015-01-01,2022-12-31,
18211,F,1955,2015-01-01,2022-12-31,
18212,M,1958,2015-01-01,2022-12-31,
18213,M,1955,2015-01-01,2022-12-31,
18214,F,1955,2015-01-01,2022-12-31,
18215,M,1965,2015-01-01,2022-12-31,
18216,F,1949,2015-01-01,2022-12-31,
18217,F,1963,2015-01-01,2022-12-31,
18218,F,1984,2015-01-01,2022-12-31,
18219,F,1970,2015-01-01,2022-12-31,
18220,M,1965,2015-01-01,2022-12-31,
18221,M,1955,2015-01-01,2022-12-31,
18222,M,1958,2015-01-01,2022-12-31,
18223,M,1964,2015-01-01,2022-12-31,
18224,F,1963,2015-01-01,2022-12-31,
18225,F,1956,2015-01-01,2022-12-31,
18226,M,1979,2015-01-01,2022-12-31,
18227,M,1949,2015-01-01,2022-12-31,
18228,F,1952,2015-01-01,2022-12-31,
18229,F,1956,2015-01-01,2022-12-31,
18230,F,1966,2015-01-01,2022-12-31,
18231,F,1977,2015-01-01,2022-12-31,
18232,M,1935,2015-01-01,2022-12-31,
18233,M,1953,2015-01-01,2022-12-31,
18234,M,1948,2015-01-01,2022-12-31,
18235,M,1946,2015-01-01,2018-02-05,2018-02-05
18236,F,1967,2015-01-01,2022-12-31,
18237,F,1958,2015-01-01,2022-12-31,
18238,M,1966,2015-01-01,2022-12-31,
18239,F,1944,2015-01-01,2022-12-31,
18240,F,1970,2015-01-01,2022-12-31,
18241,M,1960,2015-01-01,2022-12-31,
18242,M,1964,2015-01-01,2022-12-31,
18243,F,1981,2015-01-01,2022-12-31,
18244,F,1953,2015-01-01,2022-12-31,
18245,F,1964,2015-01-01,2022-12-31,
18246,F,1931,2015-01-01,2022-12-31,
18247,F,1959,2015-01-01,2022-12-31,
18248,F,1965,2015-01-01,2022-12-31,
18249,M,1946,2015-01-01,2022-12-31,
18250,F,1958,2015-01-01,2022-12-31,
18251,M,1956,2015-01-01,2022-12-31,
18252,F,1963,2015-01-01,2022-12-31,
18253,M,1951,2015-01-01,2022-12-31,
18254,M,1965,2015-01-01,2022-12-31,
18255,M,1956,2015-01-01,2022-12-31,
18256,F,1949,2015-01-01,2022-12-31,
18257,M,1937,2015-01-01,2022-12-31,
18258,F,1970,2015-01-01,2022-12-31,
18259,F,1952,2015-01-01,2022-12-31,
18260,M,1961,2015-01-01,2022-12-31,
18261,F,1943,2015-01-01,2022-12-31,
18262,M,1952,2015-01-01,2022-12-31,
18263,M,1945,2015-01-01,2021-05-11,2021-05-11
18264,M,1947,2015-01-01,2022-12-31,
18265,F,1951,2015-01-01,2022-12-31,
18266,F,1939,2015-01-01,2022-12-31,
18267,F,1965,2015-01-01,2022-12-31,
18268,F,1958,2015-01-01,2022-12-31,
18269,M,1960,2015-01-01,2022-12-31,
18270,M,1973,2015-01-01,2022-12-31,
18271,M,1953,2015-01-01,2022-12-31,
18272,M,1961,2015-01-01,2022-12-31,
18273,M,1939,2015-01-01,2022-12-31,
18274,M,1944,2015-01-01,2022-12-31,
18275,M,1945,2015-01-01,2022-12-31,
18276,M,1956,2015-01-01,2022-12-31,
18277,M,1944,2015-01-01,2022-12-31,
18278,F,1959,2015-01-01,2022-12-31,
18279,M,1968,2015-01-01,2022-12-31,
18280,M,1942,2015-01-01,2022-12-31,
18281,F,1960,2015-01-01,2022-12-31,
18282,M,1976,2015-01-01,2022-12-31,
18283,M,1955,2015-01-01,2022-12-31,
18284,M,1969,2015-01-01,2022-12-31,
18285,M,1954,2015-01-01,2022-12-31,
18286,M,1982,2015-01-01,2022-12-31,
18287,F,1964,2015-01-01,2022-12-31,
18288,M,1958,2015-01-01,2022-12-31,
18289,M,1937,2015-01-01,2021-04-05,2021-04-05
18290,F,1943,2015-01-01,2022-12-31,
18291,F,1967,2015-01-01,2022-12-31,
18292,F,1950,2015-01-01,2022-12-31,
18293,M,1960,2015-01-01,2022-12-31,
18294,M,1972,2015-01-01,2022-12-31,
18295,F,1927,2015-01-01,2022-12-31,
18296,F,1963,2015-01-01,2022-12-31,
18297,M,1961,2015-01-01,2022-12-31,
18298,M,1973,2015-01-01,2022-12-31,
18299,M,1944,2015-01-01,2022-12-31,
18300,F,1945,2015-01-01,2022-12-31,
18301,F,1935,2015-01-01,2022-12-31,
18302,F,1961,2015-01-01,2022-12-31,
18303,F,1953,2015-01-01,2022-12-31,
18304,F,1953,2015-01-01,2022-12-31,
18305,M,1962,2015-01-01,2022-12-31,
18306,M,1950,2015-01-01,2022-12-31,
18307,M,1957,2015-01-01,2022-12-31,
18308,F,1957,2015-01-01,2022-12-31,
18309,F,1965,2015-01-01,2022-12-31,
18310,F,1958,2015-01-01,2022-12-31,
18311,F,1948,2015-01-01,2022-12-31,
18312,M,1947,2015-01-01,2022-12-31,
18313,M,1967,2015-01-01,2022-12-31,
18314,F,1974,2015-01-01,2022-12-31,
18315,F,1953,2015-01-01,2022-12-31,
18316,F,1951,2015-01-01,2022-12-31,
18317,M,1946,2015-01-01,2022-12-31,
18318,M,1935,2015-01-01,2019-06-22,2019-06-22
18319,M,1950,2015-01-01,2022-12-31,
18320,F,1964,2015-01-01,2022-12-31,
18321,M,1957,2015-01-01,2022-12-31,
18322,M,1987,2015-01-01,2022-12-31,
18323,M,1937,2015-01-01,2022-12-31,
18324,F,1961,2015-01-01,2022-12-31,
18325,M,1940,2015-01-01,2022-12-31,
18326,F,1955,2015-01-01,2022-12-31,
18327,M,1952,2015-01-01,2022-09-29,2022-09-29
18328,M,1975,2015-01-01,2022-12-31,
18329,F,1951,2015-01-01,2022-12-31,
18330,F,1973,2015-01-01,2022-12-31,
18331,M,1969,2015-01-01,2022-12-31,
18332,M,1942,2015-01-01,2022-12-31,
18333,M,1969,2015-01-01,2022-12-31,
18334,M,1954,2015-01-01,2022-12-31,
18335,M,1966,2015-01-01,2022-12-31,
18336,F,1973,2015-01-01,2022-12-31,
18337,M,1947,2015-01-01,2022-12-31,
18338,F,1957,2015-01-01,2022-12-31,
18339,M,1947,2015-01-01,2022-12-31,
18340,M,1937,2015-01-01,2016-04-21,2016-04-21
18341,M,1937,2015-01-01,2022-12-31,
18342,F,1947,2015-01-01,2022-12-31,
18343,M,1964,2015-01-01,2022-12-31,
18344,F,1929,2015-01-01,2022-12-31,
18345,M,1954,2015-01-01,2022-12-31,
18346,M,1950,2015-01-01,2022-12-31,
18347,M,1976,2015-01-01,2022-12-31,
18348,F,1956,2015-01-01,2022-12-31,
18349,M,1940,2015-01-01,2022-12-31,
18350,F,1971,2015-01-01,2022-12-31,
18351,M,1958,2015-01-01,2022-12-31,
18352,F,1966,2015-01-01,2022-12-31,
18353,M,1957,2015-01-01,2022-12-31,
18354,F,1956,2015-01-01,2022-12-31,
18355,M,1941,2015-01-01,2022-12-31,
18356,F,1961,2015-01-01,2022-12-31,
18357,F,1956,2015-01-01,2022-12-31,
18358,M,1955,2015-01-01,2022-12-31,
18359,F,1935,2015-01-01,2022-12-31,
18360,F,1960,2015-01-01,2022-12-31,
18361,F,1955,2015-01-01,2022-12-31,
18362,F,1963,2015-01-01,2022-12-31,
18363,M,1958,2015-01-01,2022-12-31,
18364,F,1959,2015-01-01,2022-12-31,
18365,M,1954,2015-01-01,2022-12-31,
18366,F,1960,2015-01-01,2022-12-31,
18367,M,1949,2015-01-01,2022-12-31,
18368,M,1952,2015-01-01,2022-12-31,
18369,F,1974,2015-01-01,2022-12-31,
18370,F,1976,2015-01-01,2022-12-31,
18371,M,1941,2015-01-01,2022-12-31,
18372,M,1966,2015-01-01,2022-12-31,
18373,M,1943,2015-01-01,2022-12-31,
18374,F,1956,2015-01-01,2022-12-31,
18375,F,1959,2015-01-01,2022-12-31,
18376,F,1945,2015-01-01,2022-12-31,
18377,F,1969,2015-01-01,2022-12-31,
18378,M,1982,2015-01-01,2022-12-31,
18379,F,1956,2015-01-01,2022-12-31,
18380,F,1945,2015-01-01,2022-12-31,
18381,M,1958,2015-01-01,2022-12-31,
18382,F,1958,2015-01-01,2022-12-31,
18383,F,1973,2015-01-01,2022-12-31,
18384,M,1958,2015-01-01,2022-12-31,
18385,F,1954,2015-01-01,2022-12-31,
18386,M,1945,2015-01-01,2022-12-31,
18387,F,1950,2015-01-01,2022-12-31,
18388,F,1974,2015-01-01,2022-12-31,
18389,F,1950,2015-01-01,2022-12-31,
18390,M,1967,2015-01-01,2022-12-31,
18391,F,1979,2015-01-01,2022-12-31,
18392,M,1959,2015-01-01,2022-12-31,
18393,M,1980,2015-01-01,2022-12-31,
18394,M,1956,2015-01-01,2022-12-31,
18395,M,1940,2015-01-01,2022-12-31,
18396,M,1958,2015-01-01,2022-12-31,
18397,F,1964,2015-01-01,2022-12-31,
18398,F,1964,2015-01-01,2022-12-31,
18399,M,1954,2015-01-01,2022-12-31,
18400,F,1983,2015-01-01,2022-12-31,
18401,M,1965,2015-01-01,2022-12-31,
18402,M,1973,2015-01-01,2022-12-31,
18403,F,1938,2015-01-01,2022-12-31,
18404,F,1931,2015-01-01,2017-12-22,2017-12-22
18405,F,1939,2015-01-01,2022-12-31,
18406,M,1977,2015-01-01,2022-12-31,
18407,M,1958,2015-01-01,2022-12-31,
18408,F,1949,2015-01-01,2022-12-31,
18409,M,1972,2015-01-01,2022-12-31,
18410,M,1950,2015-01-01,2022-12-31,
18411,M,1967,2015-01-01,2022-12-31,
18412,F,1947,2015-01-01,2022-12-31,
18413,M,1954,2015-01-01,2022-12-31,
18414,M,1936,2015-01-01,2019-07-13,2019-07-13
18415,M,1955,2015-01-01,2022-12-31,
18416,F,1955,2015-01-01,2022-12-31,
18417,F,1954,2015-01-01,2022-12-31,
18418,M,1951,2015-01-01,2022-12-31,
18419,F,1963,2015-01-01,2022-12-31,
18420,M,1943,2015-01-01,2022-12-31,
18421,M,1968,2015-01-01,2022-12-31,
18422,F,1945,2015-01-01,2022-12-31,
18423,F,1953,2015-01-01,2022-12-31,
18424,M,1939,2015-01-01,2022-12-31,
18425,M,1963,2015-01-01,2022-12-31,
18426,M,1950,2015-01-01,2022-12-31,
18427,M,1956,2015-01-01,2022-12-31,
18428,M,1944,2015-01-01,2022-12-31,
18429,F,1965,2015-01-01,2022-12-31,
18430,M,1961,2015-01-01,2022-12-31,
18431,M,1960,2015-01-01,2022-12-31,
18432,M,1967,2015-01-01,2022-12-31,
18433,M,1969,2015-01-01,2022-12-31,
18434,M,1940,2015-01-01,2022-12-31,
18435,F,1953,2015-01-01,2022-12-31,
18436,M,1971,2015-01-01,2022-12-31,
18437,M,1946,2015-01-01,2022-12-31,
18438,M,1948,2015-01-01,2022-12-31,
18439,M,1979,2015-01-01,2022-12-31,
18440,M,1955,2015-01-01,2022-12-31,
18441,F,1934,2015-01-01,2022-12-31,
18442,M,1944,2015-01-01,2022-12-31,
18443,M,1953,2015-01-01,2022-12-31,
18444,M,1958,2015-01-01,2022-12-31,
18445,F,1952,2015-01-01,2022-12-31,
18446,F,1987,2015-01-01,2022-12-31,
18447,F,1954,2015-01-01,2022-12-31,
18448,F,1967,2015-01-01,2022-12-31,
18449,M,1961,2015-01-01,2022-12-31,
18450,M,1954,2015-01-01,2019-07-01,2019-07-01
18451,M,1955,2015-01-01,2022-12-31,
18452,F,1959,2015-01-01,2022-12-31,
18453,M,1942,2015-01-01,2022-12-31,
18454,F,1963,2015-01-01,2022-12-31,
18455,F,1957,2015-01-01,2022-12-31,
18456,M,1927,2015-01-01,2022-12-31,
18457,F,1968,2015-01-01,2022-12-31,
18458,M,1962,2015-01-01,2022-12-31,
18459,M,1968,2015-01-01,2022-12-31,
18460,M,1982,2015-01-01,2022-12-31,
18461,M,1943,2015-01-01,2022-12-31,
18462,M,1958,2015-01-01,2022-12-31,
18463,M,1948,2015-01-01,2022-12-31,
18464,M,1955,2015-01-01,2022-12-31,
18465,F,1965,2015-01-01,2022-12-31,
18466,F,1963,2015-01-01,2022-12-31,
18467,F,1987,2015-01-01,2022-12-31,
18468,M,1929,2015-01-01,2022-12-31,
18469,M,1942,2015-01-01,2022-12-31,
18470,M,1957,2015-01-01,2022-12-31,
18471,M,1938,2015-01-01,2022-12-31,
18472,F,1964,2015-01-01,2022-12-31,
18473,M,1946,2015-01-01,2022-12-31,
18474,F,1961,2015-01-01,2022-12-31,
18475,M,1949,2015-01-01,2022-12-31,
18476,M,1976,2015-01-01,2022-12-31,
18477,F,1954,2015-01-01,2022-12-31,
18478,M,1946,2015-01-01,2022-12-31,
18479,F,1942,2015-01-01,2022-12-31,
18480,M,1943,2015-01-01,2022-12-31,
18481,M,1975,2015-01-01,2022-12-31,
18482,F,1954,2015-01-01,2022-12-31,
18483,M,1956,2015-01-01,2022-12-31,
18484,M,1956,2015-01-01,2022-12-31,
18485,M,1946,2015-01-01,2022-12-31,
18486,F,1958,2015-01-01,2022-12-31,
18487,M,1936,2015-01-01,2022-12-31,
18488,F,1952,2015-01-01,2022-12-31,
18489,F,1958,2015-01-01,2022-12-31,
18490,F,1931,2015-01-01,2022-12-31,
18491,F,1950,2015-01-01,2022-12-31,
18492,F,1939,2015-01-01,2022-12-31,
18493,M,1972,2015-01-01,2022-12-31,
18494,F,1952,2015-01-01,2022-12-31,
18495,M,1949,2015-01-01,2022-12-31,
18496,M,1991,2015-01-01,2022-12-31,
18497,F,1957,2015-01-01,2022-12-31,
18498,F,1965,2015-01-01,2022-12-31,
18499,F,1955,2015-01-01,2022-12-31,
18500,F,1932,2015-01-01,2022-12-31,
18501,M,1961,2015-01-01,2022-12-31,
18502,F,1959,2015-01-01,2022-12-31,
18503,F,1967,2015-01-01,2018-06-15,2018-06-15
18504,F,1965,2015-01-01,2022-12-31,
18505,F,1941,2015-01-01,2022-12-31,
18506,F,1949,2015-01-01,2022-12-31,
18507,M,1957,2015-01-01,2022-12-31,
18508,F,1955,2015-01-01,2022-12-31,
18509,F,1953,2015-01-01,2022-12-31,
18510,F,1941,2015-01-01,2022-12-31,
18511,F,1958,2015-01-01,2022-12-31,
18512,F,1947,2015-01-01,2022-12-31,
18513,M,1958,2015-01-01,2022-12-31,
18514,M,1933,2015-01-01,2022-12-31,
18515,M,1959,2015-01-01,2022-12-31,
18516,M,1953,2015-01-01,2022-12-31,
18517,M,1961,2015-01-01,2022-12-31,
18518,F,1961,2015-01-01,2022-12-31,
18519,M,1967,2015-01-01,2022-12-31,
18520,F,1964,2015-01-01,2022-12-31,
18521,M,1921,2015-01-01,2022-12-31,
18522,M,1965,2015-01-01,2022-12-31,
18523,M,1952,2015-01-01,2022-12-31,
18524,M,1938,2015-01-01,2022-12-31,
18525,F,1959,2015-01-01,2022-12-31,
18526,M,1950,2015-01-01,2022-12-31,
18527,F,1951,2015-01-01,2022-12-31,
18528,M,1969,2015-01-01,2022-12-31,
18529,F,1965,2015-01-01,2022-12-31,
18530,F,1942,2015-01-01,2022-12-31,
18531,F,1983,2015-01-01,2022-12-31,
18532,F,1958,2015-01-01,2022-12-31,
18533,M,1966,2015-01-01,2022-12-31,
18534,M,1963,2015-01-01,2022-12-31,
18535,M,1947,2015-01-01,2022-12-31,
18536,F,1972,2015-01-01,2022-12-31,
18537,M,1954,2015-01-01,2022-12-31,
18538,F,1950,2015-01-01,2022-12-31,
18539,F,1986,2015-01-01,2022-12-31,
18540,M,1942,2015-01-01,2022-12-31,
18541,M,1938,2015-01-01,2022-12-31,
18542,M,1945,2015-01-01,2022-12-31,
18543,M,1976,2015-01-01,2022-12-31,
18544,F,1950,2015-01-01,2022-12-31,
18545,M,1977,2015-01-01,2022-12-31,
18546,F,1944,2015-01-01,2022-12-31,
18547,M,1958,2015-01-01,2022-12-31,
18548,F,1955,2015-01-01,2022-12-31,
18549,M,1970,2015-01-01,2022-12-31,
18550,M,1962,2015-01-01,2022-12-31,
18551,F,1956,2015-01-01,2022-12-31,
18552,F,1956,2015-01-01,2022-12-31,
18553,M,1959,2015-01-01,2022-12-31,
18554,F,1951,2015-01-01,2022-12-31,
18555,F,1943,2015-01-01,2022-12-31,
18556,M,1960,2015-01-01,2022-12-31,
18557,F,1985,2015-01-01,2022-12-31,
18558,M,1970,2015-01-01,2022-12-31,
18559,F,1961,2015-01-01,2022-12-31,
18560,F,1955,2015-01-01,2022-12-31,
18561,F,1965,2015-01-01,2022-12-31,
18562,F,1944,2015-01-01,2022-12-31,
18563,M,1970,2015-01-01,2022-12-31,
18564,F,1975,2015-01-01,2022-12-31,
18565,M,1972,2015-01-01,2022-12-31,
18566,M,1950,2015-01-01,2022-12-31,
18567,M,1953,2015-01-01,2022-12-31,
18568,F,1948,2015-01-01,2022-12-31,
18569,F,1954,2015-01-01,2022-12-31,
18570,F,1954,2015-01-01,2022-12-31,
18571,M,1973,2015-01-01,2022-12-31,
18572,F,1965,2015-01-01,2022-12-31,
18573,M,1977,2015-01-01,2022-12-31,
18574,M,1953,2015-01-01,2022-12-31,
18575,M,1966,2015-01-01,2022-12-31,
18576,M,1961,2015-01-01,2022-12-31,
18577,M,1961,2015-01-01,2022-12-31,
18578,F,1954,2015-01-01,2022-12-31,
18579,F,1972,2015-01-01,2022-12-31,
18580,F,1953,2015-01-01,2022-12-31,
18581,M,1945,2015-01-01,2022-12-31,
18582,M,1973,2015-01-01,2022-12-31,
18583,M,1956,2015-01-01,2022-12-31,
18584,F,1959,2015-01-01,2022-12-31,
18585,M,1962,2015-01-01,2022-12-31,
18586,F,1951,2015-01-01,2022-12-31,
18587,F,1968,2015-01-01,2022-12-31,
18588,M,1971,2015-01-01,2022-12-31,
18589,M,1972,2015-01-01,2022-12-31,
18590,M,1948,2015-01-01,2022-12-31,
18591,F,1970,2015-01-01,2022-12-31,
18592,M,1962,2015-01-01,2022-12-31,
18593,F,1968,2015-01-01,2022-12-31,
18594,M,1948,2015-01-01,2021-10-24,2021-10-24
18595,F,1986,2015-01-01,2022-12-31,
18596,F,1962,2015-01-01,2022-12-31,
18597,F,1964,2015-01-01,2022-12-31,
18598,M,1972,2015-01-01,2022-12-31,
18599,M,1980,2015-01-01,2022-12-31,
18600,M,1939,2015-01-01,2022-12-31,
18601,M,1940,2015-01-01,2022-12-31,
18602,M,1959,2015-01-01,2022-12-31,
18603,M,1956,2015-01-01,2022-12-31,
18604,F,1967,2015-01-01,2022-12-31,
18605,F,1954,2015-01-01,2022-12-31,
18606,M,1952,2015-01-01,2022-12-31,
18607,M,1950,2015-01-01,2022-12-31,
18608,F,1975,2015-01-01,2022-12-31,
18609,M,1969,2015-01-01,2022-12-31,
18610,M,1927,2015-01-01,2022-12-31,
18611,M,1949,2015-01-01,2022-12-31,
18612,M,1941,2015-01-01,2022-12-31,
18613,M,1956,2015-01-01,2022-12-31,
18614,M,1951,2015-01-01,2022-12-31,
18615,M,1965,2015-01-01,2022-12-31,
18616,F,1941,2015-01-01,2022-12-31,
18617,M,1958,2015-01-01,2022-12-31,
18618,F,1967,2015-01-01,2022-12-31,
18619,F,1956,2015-01-01,2022-12-31,
18620,F,1944,2015-01-01,2022-12-31,
18621,M,1941,2015-01-01,2022-12-31,
18622,F,1972,2015-01-01,2022-12-31,
18623,M,1931,2015-01-01,2022-12-31,
18624,M,1952,2015-01-01,2022-12-31,
18625,M,1953,2015-01-01,2018-07-29,2018-07-29
18626,M,1996,2015-01-01,2022-12-31,
18627,F,1985,2015-01-01,2022-12-31,
18628,M,1921,2015-01-01,2022-12-31,
18629,F,1960,2015-01-01,2020-01-27,2020-01-27
18630,F,1936,2015-01-01,2022-12-31,
18631,M,1955,2015-01-01,2022-12-31,
18632,F,1957,2015-01-01,2022-12-31,
18633,F,1960,2015-01-01,2022-12-31,
18634,M,1979,2015-01-01,2022-12-31,
18635,M,1955,2015-01-01,2022-12-31,
18636,F,1960,2015-01-01,2022-12-31,
18637,M,1971,2015-01-01,2022-12-31,
18638,M,1944,2015-01-01,2022-12-31,
18639,M,1942,2015-01-01,2022-12-31,
18640,F,1968,2015-01-01,2022-12-31,
18641,M,1972,2015-01-01,2022-12-31,
18642,F,1949,2015-01-01,2022-12-31,
18643,F,1961,2015-01-01,2022-12-31,
18644,M,1944,2015-01-01,2022-12-31,
18645,M,1965,2015-01-01,2022-12-31,
18646,F,1975,2015-01-01,2022-12-31,
18647,M,1938,2015-01-01,2022-12-31,
18648,F,1974,2015-01-01,2022-12-31,
18649,M,1945,2015-01-01,2022-12-31,
18650,F,1940,2015-01-01,2022-12-31,
18651,F,1970,2015-01-01,2022-12-31,
18652,M,1959,2015-01-01,2022-12-31,
18653,F,1960,2015-01-01,2022-12-31,
18654,F,1928,2015-01-01,2019-10-02,2019-10-02
18655,F,1960,2015-01-01,2022-12-31,
18656,F,1944,2015-01-01,2022-12-31,
18657,F,1954,2015-01-01,2022-12-31,
18658,F,1967,2015-01-01,2022-12-31,
18659,M,1933,2015-01-01,2022-12-31,
18660,F,1953,2015-01-01,2022-12-31,
18661,F,1969,2015-01-01,2022-12-31,
18662,M,1963,2015-01-01,2022-12-31,
18663,F,1948,2015-01-01,2022-12-31,
18664,M,1987,2015-01-01,2022-12-31,
18665,M,1959,2015-01-01,2021-11-19,2021-11-19
18666,M,1968,2015-01-01,2022-12-31,
18667,F,1952,2015-01-01,2022-12-31,
18668,F,1956,2015-01-01,2022-12-31,
18669,M,1956,2015-01-01,2022-12-31,
18670,F,1945,2015-01-01,2022-12-31,
18671,M,1959,2015-01-01,2022-12-31,
18672,M,1966,2015-01-01,2022-12-31,
18673,M,1949,2015-01-01,2022-12-31,
18674,F,1964,2015-01-01,2022-12-31,
18675,M,1961,2015-01-01,2022-12-31,
18676,M,1963,2015-01-01,2022-12-31,
18677,M,1963,2015-01-01,2022-12-31,
18678,M,1948,2015-01-01,2022-12-31,
18679,F,1951,2015-01-01,2022-12-31,
18680,M,1968,2015-01-01,2022-12-31,
18681,F,1955,2015-01-01,2022-12-31,
18682,M,1936,2015-01-01,2022-12-31,
18683,F,1953,2015-01-01,2022-12-31,
18684,M,1947,2015-01-01,2022-12-31,
18685,M,1969,2015-01-01,2022-12-31,
18686,F,1956,2015-01-01,2022-12-31,
18687,F,1962,2015-01-01,2022-12-31,
18688,F,1937,2015-01-01,2022-12-31,
18689,F,1959,2015-01-01,2022-12-31,
18690,M,1947,2015-01-01,2022-12-31,
18691,F,1983,2015-01-01,2022-12-31,
18692,F,1962,2015-01-01,2016-08-13,2016-08-13
18693,F,1966,2015-01-01,2022-12-31,
18694,M,1925,2015-01-01,2022-12-31,
18695,M,1971,2015-01-01,2022-12-31,
18696,F,1955,2015-01-01,2022-12-31,
18697,F,1957,2015-01-01,2022-12-31,
18698,M,1962,2015-01-01,2017-09-21,2017-09-21
18699,M,1965,2015-01-01,2022-12-31,
18700,M,1951,2015-01-01,2022-12-31,
18701,F,1964,2015-01-01,2022-12-31,
18702,F,1971,2015-01-01,2022-12-31,
18703,F,1971,2015-01-01,2022-12-31,
18704,F,1963,2015-01-01,2022-12-31,
18705,F,1954,2015-01-01,2022-12-31,
18706,M,1931,2015-01-01,2022-12-31,
18707,M,1969,2015-01-01,2022-12-31,
18708,M,1982,2015-01-01,2022-12-31,
18709,F,1959,2015-01-01,2022-12-31,
18710,F,1952,2015-01-01,2022-12-31,
18711,M,1988,2015-01-01,2022-12-31,
18712,M,1985,2015-01-01,2022-12-31,
18713,F,1954,2015-01-01,2022-12-31,
18714,M,1973,2015-01-01,2022-12-31,
18715,F,1945,2015-01-01,2022-12-31,
18716,M,1968,2015-01-01,2022-12-31,
18717,F,1951,2015-01-01,2022-12-31,
18718,F,1957,2015-01-01,2022-12-31,
18719,M,1953,2015-01-01,2022-12-31,
18720,M,1995,2015-01-01,2022-12-31,
18721,F,1966,2015-01-01,2022-12-31,
18722,F,1940,2015-01-01,2022-12-31,
18723,F,1941,2015-01-01,2022-12-31,
18724,F,1964,2015-01-01,2022-12-31,
18725,M,1949,2015-01-01,2022-12-31,
18726,M,1968,2015-01-01,2022-12-31,
18727,M,1969,2015-01-01,2022-12-31,
18728,M,1956,2015-01-01,2022-12-31,
18729,F,1970,2015-01-01,2022-12-31,
18730,F,1944,2015-01-01,2022-12-31,
18731,F,1950,2015-01-01,2022-12-31,
18732,F,1965,2015-01-01,2022-12-31,
18733,M,1977,2015-01-01,2022-12-31,
18734,F,1962,2015-01-01,2022-12-31,
18735,F,1954,2015-01-01,2016-10-06,2016-10-06
18736,F,1958,2015-01-01,2022-12-31,
18737,F,1979,2015-01-01,2022-12-31,
18738,F,1966,2015-01-01,2022-12-31,
18739,F,1961,2015-01-01,2022-12-31,
18740,M,1966,2015-01-01,2022-12-31,
18741,M,1966,2015-01-01,2022-12-31,
18742,M,1958,2015-01-01,2022-12-31,
18743,M,1948,2015-01-01,2022-12-31,
18744,M,1957,2015-01-01,2022-12-31,
18745,M,1973,2015-01-01,2022-12-31,
18746,M,1927,2015-01-01,2022-12-31,
18747,F,1957,2015-01-01,2022-12-31,
18748,M,1955,2015-01-01,2022-12-31,
18749,F,1948,2015-01-01,2022-12-31,
18750,F,1947,2015-01-01,2022-12-31,
18751,M,1958,2015-01-01,2022-12-31,
18752,M,1977,2015-01-01,2022-12-31,
18753,M,1936,2015-01-01,2020-02-04,2020-02-04
18754,M,1977,2015-01-01,2022-12-31,
18755,M,1967,2015-01-01,2022-12-31,
18756,M,1944,2015-01-01,2022-12-31,
18757,F,1940,2015-01-01,2022-12-31,
18758,F,1960,2015-01-01,2022-12-31,
18759,M,1965,2015-01-01,2022-12-31,
18760,M,1946,2015-01-01,2022-12-31,
18761,M,1949,2015-01-01,2022-12-31,
18762,M,1936,2015-01-01,2022-12-31,
18763,M,1951,2015-01-01,2022-12-31,
18764,F,1973,2015-01-01,2022-12-31,
18765,M,1958,2015-01-01,2022-12-31,
18766,F,1976,2015-01-01,2022-12-31,
18767,M,1959,2015-01-01,2022-12-31,
18768,M,1945,2015-01-01,2022-12-31,
18769,M,1957,2015-01-01,2022-12-31,
18770,M,1980,2015-01-01,2022-12-31,
18771,M,1964,2015-01-01,2022-12-31,
18772,M,1957,2015-01-01,2022-12-31,
18773,M,1952,2015-01-01,2022-12-31,
18774,M,1975,2015-01-01,2022-12-31,
18775,M,1940,2015-01-01,2022-12-31,
18776,F,1950,2015-01-01,2022-12-31,
18777,F,1950,2015-01-01,2022-12-31,
18778,F,1963,2015-01-01,2022-12-31,
18779,F,1938,2015-01-01,2022-12-31,
18780,F,1959,2015-01-01,2022-12-31,
18781,F,1956,2015-01-01,2022-12-31,
18782,F,1964,2015-01-01,2022-12-31,
18783,F,1934,2015-01-01,2022-12-31,
18784,F,1966,2015-01-01,2022-12-31,
18785,F,1972,2015-01-01,2022-12-31,
18786,F,1958,2015-01-01,2022-12-31,
18787,M,1962,2015-01-01,2022-12-31,
18788,M,1970,2015-01-01,2022-12-31,
18789,F,1966,2015-01-01,2022-12-31,
18790,M,1951,2015-01-01,2022-12-31,
18791,M,1951,2015-01-01,2022-12-31,
18792,F,1942,2015-01-01,2022-12-31,
18793,M,1952,2015-01-01,2022-12-31,
18794,M,1967,2015-01-01,2022-12-31,
18795,F,1949,2015-01-01,2022-12-31,
18796,F,1979,2015-01-01,2022-12-31,
18797,M,1970,2015-01-01,2022-12-31,
18798,M,1942,2015-01-01,2022-12-31,
18799,M,1924,2015-01-01,2022-12-31,
18800,F,1940,2015-01-01,2022-12-31,
18801,M,1976,2015-01-01,2022-12-31,
18802,F,1964,2015-01-01,2022-12-31,
18803,F,1950,2015-01-01,2022-06-16,2022-06-16
18804,M,1951,2015-01-01,2022-12-31,
18805,M,1957,2015-01-01,2022-12-31,
18806,F,1946,2015-01-01,2022-12-31,
18807,M,1962,2015-01-01,2022-12-31,
18808,F,1976,2015-01-01,2022-12-31,
18809,F,1966,2015-01-01,2022-12-31,
18810,M,1960,2015-01-01,2022-12-31,
18811,M,1931,2015-01-01,2022-12-31,
18812,F,2000,2015-01-01,2022-12-31,
18813,F,1971,2015-01-01,2022-12-31,
18814,M,1954,2015-01-01,2022-12-31,
18815,F,1935,2015-01-01,2022-12-31,
18816,F,1974,2015-01-01,2022-12-31,
18817,M,1947,2015-01-01,2022-12-31,
18818,F,1972,2015-01-01,2022-12-31,
18819,M,1967,2015-01-01,2022-12-31,
18820,M,1959,2015-01-01,2022-12-31,
18821,F,1953,2015-01-01,2022-12-31,
18822,F,1954,2015-01-01,2022-12-31,
18823,M,1949,2015-01-01,2022-12-31,
18824,F,1958,2015-01-01,2022-12-31,
18825,F,1954,2015-01-01,2022-12-31,
18826,F,1960,2015-01-01,2022-12-31,
18827,M,1942,2015-01-01,2022-12-31,
18828,M,1961,2015-01-01,2017-02-23,2017-02-23
18829,F,1964,2015-01-01,2022-12-31,
18830,F,1937,2015-01-01,2022-12-31,
18831,M,1938,2015-01-01,2022-12-31,
18832,F,1946,2015-01-01,2022-12-31,
18833,M,1935,2015-01-01,2022-12-31,
18834,F,1975,2015-01-01,2022-12-31,
18835,M,1968,2015-01-01,2022-12-31,
18836,M,1961,2015-01-01,2022-12-31,
18837,F,1971,2015-01-01,2022-12-31,
18838,F,1953,2015-01-01,2022-12-31,
18839,M,1938,2015-01-01,2022-12-31,
18840,F,1955,2015-01-01,2022-12-31,
18841,F,1944,2015-01-01,2022-12-31,
18842,F,1954,2015-01-01,2022-12-31,
18843,M,1984,2015-01-01,2022-12-31,
18844,F,1956,2015-01-01,2022-12-31,
18845,F,1969,2015-01-01,2022-12-31,
18846,M,1938,2015-01-01,2022-12-31,
18847,F,1992,2015-01-01,2022-12-31,
18848,M,1962,2015-01-01,2022-12-31,
18849,F,1952,2015-01-01,2022-12-31,
18850,F,1957,2015-01-01,2022-12-31,
18851,F,1951,2015-01-01,2022-12-31,
18852,F,1947,2015-01-01,2022-12-31,
18853,F,1954,2015-01-01,2022-12-31,
18854,M,1955,2015-01-01,2022-12-31,
18855,F,1964,2015-01-01,2022-12-31,
18856,F,1952,2015-01-01,2022-12-31,
18857,M,1968,2015-01-01,2022-12-31,
18858,M,1980,2015-01-01,2022-12-31,
18859,M,1951,2015-01-01,2022-12-31,
18860,M,1958,2015-01-01,2022-12-31,
18861,M,1962,2015-01-01,2022-12-31,
18862,F,1958,2015-01-01,2022-12-31,
18863,F,1958,2015-01-01,2022-12-31,
18864,M,1960,2015-01-01,2022-12-31,
18865,F,1957,2015-01-01,2022-12-31,
18866,M,1967,2015-01-01,2022-12-31,
18867,F,1947,2015-01-01,2022-12-31,
18868,F,1967,2015-01-01,2022-12-31,
18869,M,1939,2015-01-01,2022-12-31,
18870,M,1948,2015-01-01,2022-12-31,
18871,F,1935,2015-01-01,2022-12-31,
18872,M,1963,2015-01-01,2022-12-31,
18873,F,1950,2015-01-01,2022-12-31,
18874,M,1959,2015-01-01,2022-12-31,
18875,M,1959,2015-01-01,2022-12-31,
18876,F,1963,2015-01-01,2022-12-31,
18877,M,1962,2015-01-01,2022-12-31,
18878,F,1954,2015-01-01,2022-12-31,
18879,M,1946,2015-01-01,2022-12-31,
18880,F,1951,2015-01-01,2022-12-31,
18881,M,1950,2015-01-01,2022-12-31,
18882,F,1969,2015-01-01,2022-12-31,
18883,F,1972,2015-01-01,2022-12-31,
18884,M,1944,2015-01-01,2022-12-31,
18885,F,1963,2015-01-01,2022-12-31,
18886,F,1966,2015-01-01,2022-12-31,
18887,M,1968,2015-01-01,2022-12-31,
18888,M,1945,2015-01-01,2022-12-31,
18889,M,1940,2015-01-01,2022-12-31,
18890,M,1979,2015-01-01,2022-12-31,
18891,M,1957,2015-01-01,2022-12-31,
18892,M,1964,2015-01-01,2022-12-31,
18893,F,1949,2015-01-01,2022-12-31,
18894,F,1954,2015-01-01,2022-12-31,
18895,M,1956,2015-01-01,2022-12-31,
18896,F,1964,2015-01-01,2022-12-31,
18897,M,1931,2015-01-01,2022-12-31,
18898,M,1956,2015-01-01,2022-12-31,
18899,F,1952,2015-01-01,2022-12-31,
18900,M,1948,2015-01-01,2022-12-31,
18901,F,1992,2015-01-01,2022-12-31,
18902,M,1960,2015-01-01,2022-12-31,
18903,F,1941,2015-01-01,2022-12-31,
18904,M,1953,2015-01-01,2022-12-31,
18905,F,1961,2015-01-01,2022-12-31,
18906,M,1962,2015-01-01,2022-12-31,
18907,M,1976,2015-01-01,2022-12-31,
18908,M,1949,2015-01-01,2022-12-31,
18909,M,1955,2015-01-01,2022-12-31,
18910,M,1952,2015-01-01,2022-12-31,
18911,F,1964,2015-01-01,2022-12-31,
18912,F,1981,2015-01-01,2022-12-31,
18913,F,1969,2015-01-01,2022-12-31,
18914,M,1958,2015-01-01,2022-12-31,
18915,M,1961,2015-01-01,2022-12-31,
18916,M,1954,2015-01-01,2022-12-31,
18917,M,1950,2015-01-01,2022-12-31,
18918,M,1949,2015-01-01,2022-12-31,
18919,M,1946,2015-01-01,2022-12-31,
18920,F,1952,2015-01-01,2022-12-31,
18921,M,1951,2015-01-01,2017-12-12,2017-12-12
18922,F,1943,2015-01-01,2022-12-31,
18923,M,1945,2015-01-01,2022-12-31,
18924,F,1969,2015-01-01,2022-12-31,
18925,M,1952,2015-01-01,2022-12-31,
18926,M,1963,2015-01-01,2022-12-31,
18927,M,1953,2015-01-01,2022-12-31,
18928,M,1958,2015-01-01,2022-12-31,
18929,M,1957,2015-01-01,2022-12-31,
18930,F,1934,2015-01-01,2022-12-31,
18931,M,1944,2015-01-01,2022-12-31,
18932,F,1957,2015-01-01,2022-12-31,
18933,M,1971,2015-01-01,2022-12-31,
18934,F,1957,2015-01-01,2022-12-31,
18935,M,1958,2015-01-01,2022-12-31,
18936,F,1966,2015-01-01,2022-12-31,
18937,M,1972,2015-01-01,2022-12-31,
18938,F,1953,2015-01-01,2022-12-31,
18939,F,1952,2015-01-01,2022-12-31,
18940,F,1986,2015-01-01,2022-12-31,
18941,M,1964,2015-01-01,2022-12-31,
18942,F,1959,2015-01-01,2022-12-31,
18943,M,1952,2015-01-01,2022-12-31,
18944,M,1958,2015-01-01,2022-12-31,
18945,M,1949,2015-01-01,2022-12-31,
18946,F,1962,2015-01-01,2022-12-31,
18947,M,1957,2015-01-01,2022-12-31,
18948,M,1964,2015-01-01,2022-12-31,
18949,M,1955,2015-01-01,2022-12-31,
18950,M,1973,2015-01-01,2022-12-31,
18951,F,1985,2015-01-01,2022-12-31,
18952,M,1989,2015-01-01,2022-12-31,
18953,F,1956,2015-01-01,2022-12-31,
18954,M,1971,2015-01-01,2022-12-31,
18955,M,1934,2015-01-01,2022-12-31,
18956,F,1952,2015-01-01,2022-12-31,
18957,M,1963,2015-01-01,2022-12-31,
18958,M,1961,2015-01-01,2022-12-31,
18959,M,1958,2015-01-01,2022-12-31,
18960,M,1953,2015-01-01,2022-12-31,
18961,M,1955,2015-01-01,2022-12-31,
18962,M,1960,2015-01-01,2022-12-31,
18963,M,1952,2015-01-01,2022-12-31,
18964,F,1955,2015-01-01,2022-12-31,
18965,F,1957,2015-01-01,2022-12-31,
18966,F,1954,2015-01-01,2022-12-31,
18967,M,1942,2015-01-01,2022-12-31,
18968,F,1947,2015-01-01,2022-12-31,
18969,M,1973,2015-01-01,2022-12-31,
18970,F,1956,2015-01-01,2022-12-31,
18971,M,1967,2015-01-01,2022-12-31,
18972,M,1940,2015-01-01,2022-12-31,
18973,M,1958,2015-01-01,2022-12-31,
18974,M,1976,2015-01-01,2022-12-31,
18975,M,1953,2015-01-01,2022-12-31,
18976,M,1960,2015-01-01,2022-12-31,
18977,M,1952,2015-01-01,2022-12-31,
18978,M,1952,2015-01-01,2022-12-31,
18979,M,1957,2015-01-01,2022-12-31,
18980,M,1979,2015-01-01,2022-12-31,
18981,F,1941,2015-01-01,2022-12-31,
18982,F,1943,2015-01-01,2022-12-31,
18983,F,1942,2015-01-01,2022-12-31,
18984,M,1955,2015-01-01,2022-12-31,
18985,F,1953,2015-01-01,2022-12-31,
18986,M,1976,2015-01-01,2022-12-31,
18987,M,1950,2015-01-01,2022-12-31,
18988,M,1963,2015-01-01,2022-12-31,
18989,F,1949,2015-01-01,2022-12-31,
18990,F,1939,2015-01-01,2022-12-31,
18991,F,1973,2015-01-01,2022-12-31,
18992,M,1967,2015-01-01,2022-12-31,
18993,M,1973,2015-01-01,2022-12-31,
18994,F,1941,2015-01-01,2022-12-31,
18995,F,1966,2015-01-01,2022-12-31,
18996,M,1960,2015-01-01,2022-12-31,
18997,F,1975,2015-01-01,2022-12-31,
18998,M,1956,2015-01-01,2022-12-31,
18999,F,1947,2015-01-01,2022-12-31,
19000,M,1962,2015-01-01,2022-12-31,
19001,M,1954,2015-01-01,2022-12-31,
19002,M,1953,2015-01-01,2022-12-31,
19003,M,1985,2015-01-01,2022-12-31,
19004,F,1976,2015-01-01,2022-12-31,
19005,M,1962,2015-01-01,2022-12-31,
19006,F,1969,2015-01-01,2022-12-31,
19007,M,1966,2015-01-01,2022-12-31,
19008,M,1958,2015-01-01,2022-12-31,
19009,F,1949,2015-01-01,2022-12-31,
19010,M,1973,2015-01-01,2022-12-31,
19011,F,1959,2015-01-01,2022-12-31,
19012,M,1955,2015-01-01,2022-12-31,
19013,M,1958,2015-01-01,2022-12-31,
19014,F,1954,2015-01-01,2022-12-31,
19015,F,1975,2015-01-01,2022-12-31,
19016,M,1956,2015-01-01,2022-12-31,
19017,F,1948,2015-01-01,2022-12-31,
19018,F,1961,2015-01-01,2022-12-31,
19019,M,1951,2015-01-01,2022-12-31,
19020,M,1962,2015-01-01,2022-12-31,
19021,M,1967,2015-01-01,2022-12-31,
19022,F,1952,2015-01-01,2022-12-31,
19023,F,1984,2015-01-01,2022-12-31,
19024,M,1982,2015-01-01,2022-12-31,
19025,F,1946,2015-01-01,2022-12-31,
19026,M,1956,2015-01-01,2022-12-31,
19027,M,1924,2015-01-01,2020-08-01,2020-08-01
19028,F,1967,2015-01-01,2022-12-31,
19029,F,1947,2015-01-01,2022-12-31,
19030,M,1956,2015-01-01,2022-12-31,
19031,M,1966,2015-01-01,2022-12-31,
19032,M,1972,2015-01-01,2022-12-31,
19033,M,1961,2015-01-01,2017-11-17,2017-11-17
19034,M,1957,2015-01-01,2022-12-31,
19035,F,1945,2015-01-01,2022-12-31,
19036,F,1952,2015-01-01,2022-12-31,
19037,M,1950,2015-01-01,2022-12-31,
19038,M,1967,2015-01-01,2022-12-31,
19039,M,1945,2015-01-01,2022-12-31,
19040,M,1973,2015-01-01,2022-12-31,
19041,M,1957,2015-01-01,2022-12-31,
19042,F,1938,2015-01-01,2022-12-31,
19043,M,1952,2015-01-01,2022-12-31,
19044,F,1963,2015-01-01,2022-12-31,
19045,M,1951,2015-01-01,2022-12-31,
19046,M,1972,2015-01-01,2022-12-31,
19047,M,1964,2015-01-01,2022-12-31,
19048,M,1957,2015-01-01,2022-12-31,
19049,M,1966,2015-01-01,2022-12-31,
19050,M,1941,2015-01-01,2022-12-31,
19051,M,1942,2015-01-01,2022-12-31,
19052,M,1954,2015-01-01,2022-12-31,
19053,M,1938,2015-01-01,2022-12-31,
19054,M,1969,2015-01-01,2022-12-31,
19055,M,1945,2015-01-01,2022-12-31,
19056,M,1968,2015-01-01,2022-12-31,
19057,F,1967,2015-01-01,2022-12-31,
19058,F,1966,2015-01-01,2022-12-31,
19059,M,1976,2015-01-01,2022-12-31,
19060,M,1956,2015-01-01,2022-12-31,
19061,M,1975,2015-01-01,2022-12-31,
19062,M,1950,2015-01-01,2022-12-31,
19063,F,1960,2015-01-01,2022-12-31,
19064,F,1954,2015-01-01,2022-12-31,
19065,M,1962,2015-01-01,2020-11-28,2020-11-28
19066,M,1957,2015-01-01,2022-12-31,
19067,F,1985,2015-01-01,2022-12-31,
19068,F,1943,2015-01-01,2022-12-31,
19069,F,1954,2015-01-01,2022-12-31,
19070,F,1970,2015-01-01,2022-12-31,
19071,F,1938,2015-01-01,2019-08-02,2019-08-02
19072,M,1956,2015-01-01,2022-12-31,
19073,F,1958,2015-01-01,2022-12-31,
19074,M,1961,2015-01-01,2022-12-31,
19075,F,1951,2015-01-01,2022-12-31,
19076,M,1954,2015-01-01,2022-12-31,
19077,F,1954,2015-01-01,2022-12-31,
19078,F,1963,2015-01-01,2022-12-31,
19079,M,1955,2015-01-01,2022-12-31,
19080,M,1986,2015-01-01,2022-12-31,
19081,F,1960,2015-01-01,2022-12-07,2022-12-07
19082,M,1960,2015-01-01,2022-12-31,
19083,M,1992,2015-01-01,2022-12-31,
19084,F,1945,2015-01-01,2022-12-31,
19085,F,1958,2015-01-01,2022-12-31,
19086,F,1957,2015-01-01,2022-12-31,
19087,M,1938,2015-01-01,2022-12-31,
19088,M,1956,2015-01-01,2022-12-31,
19089,M,1966,2015-01-01,2022-12-31,
19090,M,1959,2015-01-01,2022-12-31,
19091,M,1965,2015-01-01,2022-12-31,
19092,M,1951,2015-01-01,2022-12-31,
19093,F,1969,2015-01-01,2022-12-31,
19094,F,1954,2015-01-01,2022-12-31,
19095,M,1970,2015-01-01,2022-12-31,
19096,F,1961,2015-01-01,2022-12-31,
19097,F,1950,2015-01-01,2022-12-31,
19098,M,1953,2015-01-01,2022-12-31,
19099,M,1968,2015-01-01,2022-12-31,
19100,M,1956,2015-01-01,2022-12-31,
19101,F,1952,2015-01-01,2022-12-31,
19102,M,1969,2015-01-01,2022-12-31,
19103,F,1947,2015-01-01,2022-12-31,
19104,F,2002,2015-01-01,2022-12-31,
19105,M,1960,2015-01-01,2022-12-31,
19106,F,1941,2015-01-01,2022-12-31,
19107,M,1947,2015-01-01,2022-12-31,
19108,M,1947,2015-01-01,2022-12-31,
19109,F,1936,2015-01-01,2022-02-13,2022-02-13
19110,M,1959,2015-01-01,2022-12-31,
19111,F,1955,2015-01-01,2022-12-31,
19112,F,1943,2015-01-01,2022-12-31,
19113,M,1957,2015-01-01,2021-04-28,2021-04-28
19114,F,1965,2015-01-01,2022-12-31,
19115,M,1961,2015-01-01,2022-12-31,
19116,F,1948,2015-01-01,2022-12-31,
19117,M,1961,2015-01-01,2022-12-31,
19118,F,1954,2015-01-01,2022-12-31,
19119,F,1937,2015-01-01,2022-12-31,
19120,F,1943,2015-01-01,2022-12-31,
19121,M,1949,2015-01-01,2022-12-31,
19122,F,1967,2015-01-01,2022-12-31,
19123,F,1971,2015-01-01,2022-12-31,
19124,F,1954,2015-01-01,2022-12-31,
19125,M,1974,2015-01-01,2022-12-31,
19126,F,1951,2015-01-01,2022-12-31,
19127,F,1960,2015-01-01,2022-12-31,
19128,M,1961,2015-01-01,2022-12-31,
19129,M,1974,2015-01-01,2022-12-31,
19130,M,1963,2015-01-01,2022-12-31,
19131,M,1953,2015-01-01,2022-12-31,
19132,M,1942,2015-01-01,2022-12-31,
19133,F,1965,2015-01-01,2022-12-31,
19134,F,1971,2015-01-01,2022-12-31,
19135,F,1962,2015-01-01,2022-12-31,
19136,F,1982,2015-01-01,2022-12-31,
19137,F,1945,2015-01-01,2022-12-31,
19138,F,1950,2015-01-01,2022-12-31,
19139,M,1947,2015-01-01,2021-04-18,2021-04-18
19140,M,1973,2015-01-01,2022-12-31,
19141,M,1963,2015-01-01,2022-12-31,
19142,M,1948,2015-01-01,2022-12-31,
19143,M,1958,2015-01-01,2022-12-31,
19144,M,1951,2015-01-01,2022-12-31,
19145,M,1956,2015-01-01,2022-12-31,
19146,F,1968,2015-01-01,2022-12-31,
19147,M,1960,2015-01-01,2022-12-31,
19148,M,1953,2015-01-01,2022-12-31,
19149,F,1946,2015-01-01,2022-12-31,
19150,F,1949,2015-01-01,2022-12-31,
19151,F,1981,2015-01-01,2022-12-31,
19152,M,1959,2015-01-01,2022-12-31,
19153,M,1949,2015-01-01,2022-12-31,
19154,F,1952,2015-01-01,2022-12-31,
19155,F,1976,2015-01-01,2022-12-31,
19156,F,1980,2015-01-01,2022-12-31,
19157,F,1965,2015-01-01,2022-12-31,
19158,M,1956,2015-01-01,2022-12-31,
19159,F,1946,2015-01-01,2022-12-31,
19160,F,1948,2015-01-01,2022-12-31,
19161,M,1940,2015-01-01,2021-10-27,2021-10-27
19162,M,1945,2015-01-01,2022-12-31,
19163,M,1965,2015-01-01,2022-12-31,
19164,M,1968,2015-01-01,2022-12-31,
19165,M,1941,2015-01-01,2022-12-31,
19166,F,1957,2015-01-01,2022-12-31,
19167,F,1981,2015-01-01,2022-12-31,
19168,F,1932,2015-01-01,2022-12-31,
19169,F,1963,2015-01-01,2022-12-31,
19170,M,1962,2015-01-01,2022-12-31,
19171,F,1969,2015-01-01,2022-12-31,
19172,F,1960,2015-01-01,2022-12-31,
19173,M,1976,2015-01-01,2022-12-31,
19174,F,1963,2015-01-01,2022-12-31,
19175,M,1953,2015-01-01,2022-12-31,
19176,F,1980,2015-01-01,2022-12-31,
19177,M,1957,2015-01-01,2022-12-31,
19178,M,1956,2015-01-01,2022-12-31,
19179,F,1968,2015-01-01,2022-12-31,
19180,F,1956,2015-01-01,2022-12-31,
19181,M,1958,2015-01-01,2022-12-31,
19182,M,1975,2015-01-01,2022-12-31,
19183,M,1964,2015-01-01,2022-12-31,
19184,M,1946,2015-01-01,2022-12-31,
19185,F,1974,2015-01-01,2022-12-31,
19186,M,1973,2015-01-01,2022-12-31,
19187,M,1971,2015-01-01,2022-12-31,
19188,M,1972,2015-01-01,2022-12-31,
19189,M,1947,2015-01-01,2022-12-31,
19190,M,1964,2015-01-01,2022-12-31,
19191,F,1954,2015-01-01,2022-12-31,
19192,F,1954,2015-01-01,2022-12-31,
19193,F,1959,2015-01-01,2022-12-31,
19194,M,1947,2015-01-01,2022-12-31,
19195,F,1969,2015-01-01,2022-12-31,
19196,M,1969,2015-01-01,2022-12-31,
19197,F,1927,2015-01-01,2022-12-31,
19198,M,1967,2015-01-01,2022-12-31,
19199,F,1948,2015-01-01,2022-12-31,
19200,F,1969,2015-01-01,2022-12-31,
19201,F,1968,2015-01-01,2022-12-31,
19202,F,1962,2015-01-01,2022-12-31,
19203,M,1964,2015-01-01,2022-12-31,
19204,F,1933,2015-01-01,2022-12-31,
19205,M,1956,2015-01-01,2022-12-31,
19206,F,1950,2015-01-01,2022-12-31,
19207,F,1962,2015-01-01,2022-12-31,
19208,M,1971,2015-01-01,2022-12-31,
19209,F,1952,2015-01-01,2022-12-31,
19210,M,1949,2015-01-01,2022-12-31,
19211,F,1952,2015-01-01,2022-12-31,
19212,F,1948,2015-01-01,2022-12-31,
19213,M,1947,2015-01-01,2022-12-31,
19214,F,1950,2015-01-01,2022-12-31,
19215,F,1955,2015-01-01,2022-12-31,
19216,F,1966,2015-01-01,2022-12-31,
19217,M,1978,2015-01-01,2022-12-31,
19218,F,1965,2015-01-01,2022-12-31,
19219,M,1958,2015-01-01,2022-12-31,
19220,F,1973,2015-01-01,2022-12-31,
19221,M,1946,2015-01-01,2022-12-31,
19222,F,1975,2015-01-01,2022-12-31,
19223,F,1949,2015-01-01,2022-12-31,
19224,M,1979,2015-01-01,2022-12-31,
19225,M,1942,2015-01-01,2022-12-31,
19226,F,1974,2015-01-01,2022-12-31,
19227,M,1987,2015-01-01,2022-12-31,
19228,F,1944,2015-01-01,2022-12-31,
19229,M,1936,2015-01-01,2022-12-31,
19230,M,1970,2015-01-01,2022-12-31,
19231,F,1951,2015-01-01,2022-12-31,
19232,F,1960,2015-01-01,2022-12-31,
19233,M,1951,2015-01-01,2022-12-31,
19234,F,1948,2015-01-01,2022-12-31,
19235,M,1954,2015-01-01,2022-12-31,
19236,M,1958,2015-01-01,2022-12-31,
19237,F,1940,2015-01-01,2022-12-31,
19238,F,1941,2015-01-01,2022-12-31,
19239,F,1953,2015-01-01,2022-12-31,
19240,M,1942,2015-01-01,2022-12-31,
19241,M,1954,2015-01-01,2022-12-31,
19242,F,1962,2015-01-01,2022-12-31,
19243,M,1948,2015-01-01,2022-12-31,
19244,F,1921,2015-01-01,2022-12-31,
19245,M,1971,2015-01-01,2022-12-31,
19246,M,1949,2015-01-01,2022-12-31,
19247,F,1967,2015-01-01,2016-10-30,2016-10-30
19248,F,1957,2015-01-01,2022-12-31,
19249,M,1974,2015-01-01,2022-12-31,
19250,M,1970,2015-01-01,2022-12-31,
19251,M,1955,2015-01-01,2022-12-31,
19252,F,1962,2015-01-01,2022-12-31,
19253,M,1938,2015-01-01,2022-12-31,
19254,M,1951,2015-01-01,2022-12-31,
19255,F,1971,2015-01-01,2022-12-31,
19256,M,1930,2015-01-01,2022-12-31,
19257,M,1974,2015-01-01,2022-12-31,
19258,M,1981,2015-01-01,2022-12-31,
19259,F,1957,2015-01-01,2022-12-31,
19260,F,1966,2015-01-01,2022-12-31,
19261,M,1948,2015-01-01,2022-12-31,
19262,F,1953,2015-01-01,2022-12-31,
19263,M,1965,2015-01-01,2022-12-31,
19264,F,1958,2015-01-01,2022-12-31,
19265,M,1949,2015-01-01,2022-12-31,
19266,F,1976,2015-01-01,2022-12-31,
19267,F,1946,2015-01-01,2022-12-31,
19268,M,1975,2015-01-01,2022-12-31,
19269,M,1975,2015-01-01,2022-12-31,
19270,F,1979,2015-01-01,2022-12-31,
19271,F,1979,2015-01-01,2022-12-31,
19272,M,1972,2015-01-01,2022-12-31,
19273,F,1963,2015-01-01,2022-12-31,
19274,F,1935,2015-01-01,2022-12-31,
19275,F,1953,2015-01-01,2022-12-31,
19276,F,1965,2015-01-01,2022-12-31,
19277,M,1957,2015-01-01,2022-12-31,
19278,F,1943,2015-01-01,2022-12-31,
19279,M,1939,2015-01-01,2022-05-07,2022-05-07
19280,M,1972,2015-01-01,2022-12-31,
19281,M,1978,2015-01-01,2022-12-31,
19282,F,1952,2015-01-01,2022-12-31,
19283,M,1957,2015-01-01,2022-12-31,
19284,F,1951,2015-01-01,2022-12-31,
19285,M,1961,2015-01-01,2016-11-01,2016-11-01
19286,M,1953,2015-01-01,2022-12-31,
19287,M,1945,2015-01-01,2022-12-31,
19288,M,1951,2015-01-01,2022-12-31,
19289,M,1927,2015-01-01,2022-12-31,
19290,F,1954,2015-01-01,2022-12-31,
19291,M,1963,2015-01-01,2022-12-31,
19292,M,1965,2015-01-01,2022-12-31,
19293,M,1962,2015-01-01,2022-12-31,
19294,F,1956,2015-01-01,2022-12-31,
19295,M,1972,2015-01-01,2022-12-31,
19296,M,1983,2015-01-01,2022-12-31,
19297,M,1956,2015-01-01,2022-12-31,
19298,M,1967,2015-01-01,2022-12-31,
19299,M,1974,2015-01-01,2022-12-31,
19300,M,1963,2015-01-01,2022-12-31,
19301,M,1945,2015-01-01,2022-12-31,
19302,M,1958,2015-01-01,2022-12-31,
19303,F,1943,2015-01-01,2022-12-31,
19304,M,1952,2015-01-01,2022-12-31,
19305,M,1958,2015-01-01,2022-12-31,
19306,M,1937,2015-01-01,2022-12-31,
19307,F,1955,2015-01-01,2022-12-31,
19308,F,1956,2015-01-01,2022-12-31,
19309,M,1961,2015-01-01,2022-12-31,
19310,F,1957,2015-01-01,2022-12-31,
19311,F,1955,2015-01-01,2022-12-31,
19312,F,1945,2015-01-01,2022-12-31,
19313,M,1956,2015-01-01,2022-12-31,
19314,M,1968,2015-01-01,2022-12-31,
19315,F,1959,2015-01-01,2022-12-31,
19316,M,1945,2015-01-01,2022-12-31,
19317,F,1973,2015-01-01,2022-12-31,
19318,F,1955,2015-01-01,2022-12-31,
19319,F,1944,2015-01-01,2022-12-31,
19320,M,1967,2015-01-01,2022-12-31,
19321,M,1964,2015-01-01,2022-12-31,
19322,M,1971,2015-01-01,2022-12-31,
19323,F,1949,2015-01-01,2022-12-31,
19324,F,1959,2015-01-01,2022-12-31,
19325,M,1967,2015-01-01,2022-12-31,
19326,F,1958,2015-01-01,2022-12-31,
19327,M,1943,2015-01-01,2022-12-31,
19328,M,1960,2015-01-01,2022-12-31,
19329,M,1941,2015-01-01,2022-12-31,
19330,F,1980,2015-01-01,2022-12-31,
19331,F,1959,2015-01-01,2022-12-31,
19332,M,1945,2015-01-01,2022-12-31,
19333,M,1942,2015-01-01,2022-12-31,
19334,F,1964,2015-01-01,2022-12-31,
19335,M,1959,2015-01-01,2022-12-31,
19336,F,1952,2015-01-01,2022-12-31,
19337,M,1949,2015-01-01,2022-12-31,
19338,M,1947,2015-01-01,2022-12-31,
19339,M,1955,2015-01-01,2022-12-31,
19340,M,1949,2015-01-01,2022-12-31,
19341,F,1947,2015-01-01,2022-12-31,
19342,M,1974,2015-01-01,2022-12-31,
19343,M,1970,2015-01-01,2022-12-31,
19344,F,1971,2015-01-01,2022-12-31,
19345,F,1978,2015-01-01,2022-12-31,
19346,F,1972,2015-01-01,2022-12-31,
19347,M,1967,2015-01-01,2022-12-31,
19348,F,1963,2015-01-01,2022-12-31,
19349,M,1967,2015-01-01,2022-12-31,
19350,M,1957,2015-01-01,2022-12-31,
19351,M,1956,2015-01-01,2022-12-31,
19352,M,1958,2015-01-01,2022-12-31,
19353,F,1957,2015-01-01,2022-12-31,
19354,M,1954,2015-01-01,2022-12-31,
19355,M,1962,2015-01-01,2022-12-31,
19356,F,1927,2015-01-01,2022-12-31,
19357,M,1956,2015-01-01,2022-12-31,
19358,F,1930,2015-01-01,2022-12-31,
19359,F,1964,2015-01-01,2022-12-31,
19360,M,1940,2015-01-01,2022-12-31,
19361,F,1969,2015-01-01,2022-12-31,
19362,F,1959,2015-01-01,2022-12-31,
19363,M,1949,2015-01-01,2022-12-31,
19364,M,1957,2015-01-01,2022-12-31,
19365,F,1950,2015-01-01,2022-12-31,
19366,M,1929,2015-01-01,2022-12-31,
19367,F,1945,2015-01-01,2022-12-31,
19368,M,1969,2015-01-01,2022-12-31,
19369,M,1971,2015-01-01,2021-06-22,2021-06-22
19370,M,1934,2015-01-01,2022-12-31,
19371,M,1948,2015-01-01,2022-12-31,
19372,M,1966,2015-01-01,2022-12-31,
19373,F,1961,2015-01-01,2022-12-31,
19374,F,1968,2015-01-01,2022-12-31,
19375,F,1946,2015-01-01,2022-12-31,
19376,M,1943,2015-01-01,2022-12-31,
19377,F,1954,2015-01-01,2022-12-31,
19378,F,1949,2015-01-01,2022-12-31,
19379,M,1939,2015-01-01,2022-12-31,
19380,F,1956,2015-01-01,2022-12-31,
19381,F,1970,2015-01-01,2022-12-31,
19382,M,1951,2015-01-01,2022-12-31,
19383,M,1953,2015-01-01,2022-12-31,
19384,M,1960,2015-01-01,2022-12-31,
19385,M,1957,2015-01-01,2022-12-31,
19386,F,1961,2015-01-01,2022-12-31,
19387,F,1947,2015-01-01,2022-12-31,
19388,M,1944,2015-01-01,2022-12-31,
19389,F,1930,2015-01-01,2017-11-14,2017-11-14
19390,M,1947,2015-01-01,2022-12-31,
19391,M,1985,2015-01-01,2022-12-31,
19392,M,1956,2015-01-01,2022-12-31,
19393,F,1964,2015-01-01,2022-12-31,
19394,F,1952,2015-01-01,2022-12-31,
19395,F,1945,2015-01-01,2022-12-31,
19396,F,1953,2015-01-01,2022-12-31,
19397,F,1950,2015-01-01,2020-12-10,2020-12-10
19398,M,1972,2015-01-01,2022-12-31,
19399,F,1958,2015-01-01,2022-12-31,
19400,M,1953,2015-01-01,2020-05-19,2020-05-19
19401,F,1956,2015-01-01,2022-12-31,
19402,F,1964,2015-01-01,2022-12-31,
19403,M,1961,2015-01-01,2022-12-31,
19404,F,1953,2015-01-01,2022-12-31,
19405,F,1966,2015-01-01,2022-12-31,
19406,M,1961,2015-01-01,2022-12-31,
19407,F,1971,2015-01-01,2022-12-31,
19408,M,1951,2015-01-01,2022-12-31,
19409,F,1971,2015-01-01,2022-12-31,
19410,M,1946,2015-01-01,2022-12-31,
19411,M,1955,2015-01-01,2022-12-31,
19412,M,1937,2015-01-01,2022-12-31,
19413,M,1954,2015-01-01,2022-12-31,
19414,M,1949,2015-01-01,2022-12-31,
19415,M,1958,2015-01-01,2022-12-31,
19416,F,1964,2015-01-01,2022-12-31,
19417,M,1957,2015-01-01,2022-12-31,
19418,F,1956,2015-01-01,2022-12-31,
19419,F,1956,2015-01-01,2022-12-31,
19420,F,1972,2015-01-01,2022-12-31,
19421,M,1944,2015-01-01,2022-12-31,
19422,M,1950,2015-01-01,2022-12-31,
19423,M,1977,2015-01-01,2022-12-31,
19424,F,1957,2015-01-01,2022-12-31,
19425,F,1944,2015-01-01,2022-12-31,
19426,M,1952,2015-01-01,2022-12-31,
19427,F,1947,2015-01-01,2022-12-31,
19428,M,1962,2015-01-01,2022-12-31,
19429,F,1948,2015-01-01,2022-12-31,
19430,M,1962,2015-01-01,2022-12-31,
19431,M,1947,2015-01-01,2022-12-31,
19432,M,1944,2015-01-01,2022-12-31,
19433,M,1970,2015-01-01,2022-12-31,
19434,F,1967,2015-01-01,2022-12-31,
19435,F,1952,2015-01-01,2022-12-31,
19436,F,1957,2015-01-01,2022-12-31,
19437,F,1961,2015-01-01,2022-12-31,
19438,M,1976,2015-01-01,2022-12-31,
19439,M,1966,2015-01-01,2022-12-31,
19440,M,1954,2015-01-01,2022-12-31,
19441,M,1939,2015-01-01,2022-12-31,
19442,F,1957,2015-01-01,2022-12-31,
19443,M,1969,2015-01-01,2022-12-31,
19444,F,1953,2015-01-01,2022-12-31,
19445,M,1960,2015-01-01,2022-12-31,
19446,M,1947,2015-01-01,2022-12-31,
19447,M,1949,2015-01-01,2022-12-31,
19448,M,1950,2015-01-01,2022-12-31,
19449,M,1951,2015-01-01,2022-12-31,
19450,F,1947,2015-01-01,2022-12-31,
19451,M,1964,2015-01-01,2022-12-31,
19452,F,1941,2015-01-01,2022-12-31,
19453,F,1945,2015-01-01,2022-12-31,
19454,F,1955,2015-01-01,2022-12-31,
19455,M,1966,2015-01-01,2022-12-31,
19456,M,1943,2015-01-01,2022-12-31,
19457,F,1958,2015-01-01,2022-12-31,
19458,F,1968,2015-01-01,2022-12-31,
19459,M,1948,2015-01-01,2022-12-31,
19460,M,1942,2015-01-01,2022-12-31,
19461,F,1963,2015-01-01,2022-12-31,
19462,M,1944,2015-01-01,2022-12-31,
19463,F,1969,2015-01-01,2022-12-31,
19464,F,1938,2015-01-01,2022-12-31,
19465,F,1973,2015-01-01,2022-12-31,
19466,M,1975,2015-01-01,2022-12-31,
19467,M,1974,2015-01-01,2022-12-31,
19468,M,1952,2015-01-01,2022-12-31,
19469,M,1960,2015-01-01,2022-12-31,
19470,M,1942,2015-01-01,2022-12-31,
19471,M,1969,2015-01-01,2022-12-31,
19472,F,1965,2015-01-01,2022-12-31,
19473,F,1961,2015-01-01,2022-12-31,
19474,F,1951,2015-01-01,2022-12-31,
19475,F,1972,2015-01-01,2022-12-31,
19476,M,1972,2015-01-01,2022-12-31,
19477,M,1947,2015-01-01,2022-12-31,
19478,F,1977,2015-01-01,2022-12-31,
19479,F,1970,2015-01-01,2022-12-31,
19480,M,1948,2015-01-01,2022-12-31,
19481,M,1958,2015-01-01,2022-12-31,
19482,M,1961,2015-01-01,2022-12-31,
19483,M,1956,2015-01-01,2022-12-31,
19484,F,1974,2015-01-01,2022-12-31,
19485,M,1979,2015-01-01,2022-12-31,
19486,F,1954,2015-01-01,2022-12-31,
19487,M,1950,2015-01-01,2022-12-31,
19488,F,1956,2015-01-01,2022-12-31,
19489,M,1954,2015-01-01,2022-12-31,
19490,M,1942,2015-01-01,2022-12-31,
19491,F,1942,2015-01-01,2022-12-31,
19492,F,1946,2015-01-01,2022-12-31,
19493,F,1952,2015-01-01,2022-12-31,
19494,F,1964,2015-01-01,2022-12-31,
19495,F,1965,2015-01-01,2022-12-31,
19496,F,1944,2015-01-01,2022-12-31,
19497,F,1961,2015-01-01,2022-12-31,
19498,F,1966,2015-01-01,2022-12-31,
19499,F,1967,2015-01-01,2022-12-31,
19500,F,1962,2015-01-01,2022-12-31,
19501,F,1950,2015-01-01,2022-12-31,
19502,M,1969,2015-01-01,2022-12-31,
19503,F,1949,2015-01-01,2022-12-31,
19504,F,1965,2015-01-01,2022-12-31,
19505,F,1960,2015-01-01,2022-12-31,
19506,F,1922,2015-01-01,2022-12-31,
19507,F,1965,2015-01-01,2022-12-31,
19508,F,1968,2015-01-01,2022-12-31,
19509,M,1928,2015-01-01,2022-12-31,
19510,F,1955,2015-01-01,2022-12-31,
19511,F,1946,2015-01-01,2022-12-31,
19512,F,1929,2015-01-01,2022-12-31,
19513,F,1956,2015-01-01,2022-12-31,
19514,F,1964,2015-01-01,2022-12-31,
19515,M,1961,2015-01-01,2022-12-31,
19516,M,1938,2015-01-01,2022-12-31,
19517,F,1941,2015-01-01,2022-12-31,
19518,F,1951,2015-01-01,2022-12-31,
19519,F,1933,2015-01-01,2022-12-31,
19520,F,1952,2015-01-01,2022-12-31,
19521,M,1949,2015-01-01,2022-12-31,
19522,F,1961,2015-01-01,2022-12-31,
19523,M,1964,2015-01-01,2022-12-31,
19524,F,1966,2015-01-01,2022-12-31,
19525,M,1961,2015-01-01,2022-12-31,
19526,F,1944,2015-01-01,2022-12-31,
19527,M,1961,2015-01-01,2022-12-31,
19528,F,1966,2015-01-01,2022-12-31,
19529,M,1969,2015-01-01,2022-12-31,
19530,M,1954,2015-01-01,2022-12-31,
19531,M,1956,2015-01-01,2022-12-31,
19532,F,1981,2015-01-01,2022-12-31,
19533,F,1953,2015-01-01,2022-12-31,
19534,M,1958,2015-01-01,2022-12-31,
19535,F,1934,2015-01-01,2022-12-31,
19536,M,1944,2015-01-01,2022-12-31,
19537,M,1958,2015-01-01,2022-12-31,
19538,M,1972,2015-01-01,2022-12-31,
19539,M,1951,2015-01-01,2022-12-31,
19540,F,1954,2015-01-01,2022-12-31,
19541,M,1972,2015-01-01,2022-12-31,
19542,M,1950,2015-01-01,2022-12-31,
19543,M,1962,2015-01-01,2022-12-31,
19544,M,1949,2015-01-01,2022-12-31,
19545,F,1953,2015-01-01,2022-12-31,
19546,M,1945,2015-01-01,2022-12-31,
19547,F,1944,2015-01-01,2022-12-31,
19548,F,1948,2015-01-01,2022-12-31,
19549,M,1947,2015-01-01,2022-12-31,
19550,M,1958,2015-01-01,2022-12-31,
19551,M,1966,2015-01-01,2022-12-31,
19552,M,1926,2015-01-01,2022-12-31,
19553,M,1972,2015-01-01,2022-12-31,
19554,F,1948,2015-01-01,2022-12-31,
19555,F,1953,2015-01-01,2022-12-31,
19556,M,1962,2015-01-01,2022-12-31,
19557,F,1970,2015-01-01,2022-12-31,
19558,F,1960,2015-01-01,2017-11-05,2017-11-05
19559,F,1952,2015-01-01,2022-12-31,
19560,M,1956,2015-01-01,2022-12-31,
19561,F,1962,2015-01-01,2022-12-31,
19562,F,1952,2015-01-01,2022-12-31,
19563,F,1956,2015-01-01,2022-12-31,
19564,M,1958,2015-01-01,2022-12-31,
19565,F,1963,2015-01-01,2022-12-31,
19566,F,1966,2015-01-01,2022-12-31,
19567,F,1955,2015-01-01,2022-12-31,
19568,M,1950,2015-01-01,2022-12-31,
19569,M,1948,2015-01-01,2022-12-31,
19570,M,1941,2015-01-01,2022-12-31,
19571,M,1946,2015-01-01,2022-12-31,
19572,F,1942,2015-01-01,2022-12-31,
19573,M,1932,2015-01-01,2022-12-31,
19574,F,1953,2015-01-01,2022-12-31,
19575,M,1939,2015-01-01,2022-12-31,
19576,F,1947,2015-01-01,2022-12-31,
19577,F,1963,2015-01-01,2017-10-14,2017-10-14
19578,M,1945,2015-01-01,2022-12-31,
19579,F,1943,2015-01-01,2022-12-31,
19580,F,1952,2015-01-01,2022-12-31,
19581,F,1962,2015-01-01,2022-12-31,
19582,F,1968,2015-01-01,2022-12-31,
19583,F,1962,2015-01-01,2022-12-31,
19584,M,1956,2015-01-01,2022-12-31,
19585,M,1957,2015-01-01,2022-12-31,
19586,M,1956,2015-01-01,2022-12-31,
19587,F,1942,2015-01-01,2022-12-31,
19588,M,1969,2015-01-01,2022-12-31,
19589,F,1932,2015-01-01,2022-12-31,
19590,M,1964,2015-01-01,2022-12-31,
19591,M,1962,2015-01-01,2022-12-31,
19592,M,1962,2015-01-01,2022-12-31,
19593,F,1979,2015-01-01,2022-12-31,
19594,F,1965,2015-01-01,2022-12-31,
19595,M,1950,2015-01-01,2022-12-31,
19596,M,1947,2015-01-01,2022-12-31,
19597,F,1951,2015-01-01,2022-12-31,
19598,F,1970,2015-01-01,2022-12-31,
19599,M,1969,2015-01-01,2022-12-31,
19600,M,1974,2015-01-01,2022-12-31,
19601,F,1971,2015-01-01,2022-12-31,
19602,F,1943,2015-01-01,2022-12-31,
19603,M,1954,2015-01-01,2022-12-31,
19604,F,1946,2015-01-01,2022-12-31,
19605,M,1960,2015-01-01,2022-12-31,
19606,F,1941,2015-01-01,2022-12-31,
19607,M,1947,2015-01-01,2022-12-31,
19608,F,1949,2015-01-01,2022-12-31,
19609,M,1960,2015-01-01,2022-12-31,
19610,M,1945,2015-01-01,2022-12-31,
19611,M,1953,2015-01-01,2022-12-31,
19612,M,1967,2015-01-01,2022-12-31,
19613,F,1961,2015-01-01,2022-12-31,
19614,F,1944,2015-01-01,2022-12-31,
19615,M,1974,2015-01-01,2022-12-31,
19616,M,1967,2015-01-01,2022-12-31,
19617,F,1944,2015-01-01,2022-12-31,
19618,F,1925,2015-01-01,2019-06-19,2019-06-19
19619,F,1982,2015-01-01,2022-12-31,
19620,M,1958,2015-01-01,2022-12-31,
19621,M,1962,2015-01-01,2022-12-31,
19622,M,1947,2015-01-01,2022-12-31,
19623,M,1966,2015-01-01,2022-12-31,
19624,M,1961,2015-01-01,2022-12-31,
19625,M,1957,2015-01-01,2022-12-31,
19626,M,1962,2015-01-01,2022-12-31,
19627,F,1947,2015-01-01,2022-12-31,
19628,M,1963,2015-01-01,2022-12-31,
19629,M,1983,2015-01-01,2022-12-31,
19630,M,1975,2015-01-01,2022-12-31,
19631,M,1945,2015-01-01,2022-12-31,
19632,F,1952,2015-01-01,2022-12-31,
19633,F,1971,2015-01-01,2022-12-31,
19634,M,1970,2015-01-01,2022-12-31,
19635,M,1973,2015-01-01,2022-12-31,
19636,F,1976,2015-01-01,2022-12-31,
19637,F,1926,2015-01-01,2022-12-31,
19638,M,1961,2015-01-01,2022-12-31,
19639,M,1940,2015-01-01,2022-12-31,
19640,F,1947,2015-01-01,2022-12-31,
19641,F,1935,2015-01-01,2022-12-31,
19642,M,1955,2015-01-01,2022-12-31,
19643,F,1961,2015-01-01,2022-12-31,
19644,F,1959,2015-01-01,2022-12-31,
19645,M,1948,2015-01-01,2022-12-31,
19646,F,1929,2015-01-01,2022-12-31,
19647,F,1957,2015-01-01,2022-12-31,
19648,M,1967,2015-01-01,2022-12-31,
19649,F,1971,2015-01-01,2022-12-31,
19650,M,1958,2015-01-01,2022-12-31,
19651,M,1966,2015-01-01,2022-12-31,
19652,F,1950,2015-01-01,2022-12-31,
19653,F,1938,2015-01-01,2022-12-31,
19654,F,1962,2015-01-01,2022-12-31,
19655,F,1933,2015-01-01,2022-12-31,
19656,F,1963,2015-01-01,2022-12-31,
19657,F,1938,2015-01-01,2022-12-31,
19658,M,1960,2015-01-01,2022-12-31,
19659,F,1961,2015-01-01,2022-12-31,
19660,M,1941,2015-01-01,2022-12-31,
19661,M,1978,2015-01-01,2022-12-31,
19662,M,1974,2015-01-01,2022-12-31,
19663,M,1963,2015-01-01,2022-12-31,
19664,F,1950,2015-01-01,2022-12-31,
19665,M,1952,2015-01-01,2022-12-31,
19666,F,1960,2015-01-01,2022-12-31,
19667,M,1937,2015-01-01,2022-12-31,
19668,F,1967,2015-01-01,2022-12-31,
19669,F,1938,2015-01-01,2022-12-31,
19670,F,1954,2015-01-01,2022-12-31,
19671,M,1933,2015-01-01,2022-12-31,
19672,F,1942,2015-01-01,2022-12-31,
19673,F,1938,2015-01-01,2022-12-31,
19674,M,1971,2015-01-01,2022-12-31,
19675,F,1953,2015-01-01,2022-12-31,
19676,F,1956,2015-01-01,2022-12-31,
19677,F,1969,2015-01-01,2022-12-31,
19678,M,1944,2015-01-01,2022-12-31,
19679,F,1961,2015-01-01,2022-12-31,
19680,M,1962,2015-01-01,2022-12-31,
19681,M,1987,2015-01-01,2022-12-31,
19682,M,1940,2015-01-01,2022-12-31,
19683,M,1961,2015-01-01,2022-12-31,
19684,F,1961,2015-01-01,2022-12-31,
19685,F,1961,2015-01-01,2022-12-31,
19686,F,1971,2015-01-01,2022-12-31,
19687,F,1955,2015-01-01,2022-12-31,
19688,M,1953,2015-01-01,2022-12-31,
19689,F,1965,2015-01-01,2022-12-31,
19690,F,1974,2015-01-01,2022-12-31,
19691,F,1959,2015-01-01,2022-12-31,
19692,F,1944,2015-01-01,2022-12-31,
19693,F,1964,2015-01-01,2022-12-31,
19694,F,1945,2015-01-01,2022-12-31,
19695,M,1952,2015-01-01,2022-12-31,
19696,F,1982,2015-01-01,2022-12-31,
19697,F,1955,2015-01-01,2022-12-31,
19698,M,1970,2015-01-01,2022-12-31,
19699,F,1959,2015-01-01,2022-12-31,
19700,M,1951,2015-01-01,2022-12-31,
19701,F,1922,2015-01-01,2017-10-14,2017-10-14
19702,F,1944,2015-01-01,2022-12-31,
19703,M,1945,2015-01-01,2022-12-31,
19704,M,1964,2015-01-01,2022-12-31,
19705,M,1954,2015-01-01,2022-12-31,
19706,M,1952,2015-01-01,2022-12-31,
19707,F,1977,2015-01-01,2022-12-31,
19708,M,1964,2015-01-01,2022-12-31,
19709,F,1954,2015-01-01,2022-12-31,
19710,F,1959,2015-01-01,2022-12-31,
19711,M,1941,2015-01-01,2022-12-31,
19712,M,1951,2015-01-01,2022-12-31,
19713,M,1956,2015-01-01,2022-12-31,
19714,M,1960,2015-01-01,2022-12-31,
19715,F,1955,2015-01-01,2022-12-31,
19716,M,1937,2015-01-01,2022-12-31,
19717,M,1956,2015-01-01,2022-12-31,
19718,M,1959,2015-01-01,2022-12-31,
19719,M,1939,2015-01-01,2022-12-31,
19720,M,1978,2015-01-01,2022-12-31,
19721,F,1973,2015-01-01,2022-12-31,
19722,F,1975,2015-01-01,2022-12-31,
19723,F,1957,2015-01-01,2022-12-31,
19724,F,1968,2015-01-01,2022-12-31,
19725,M,1934,2015-01-01,2022-12-31,
19726,M,1953,2015-01-01,2022-12-31,
19727,M,1968,2015-01-01,2022-12-31,
19728,F,1930,2015-01-01,2022-12-31,
19729,M,1943,2015-01-01,2022-12-31,
19730,M,1975,2015-01-01,2022-12-31,
19731,F,1962,2015-01-01,2022-12-31,
19732,M,1968,2015-01-01,2022-12-31,
19733,M,1962,2015-01-01,2022-12-31,
19734,M,1973,2015-01-01,2022-12-31,
19735,M,1967,2015-01-01,2022-12-31,
19736,F,1971,2015-01-01,2022-12-31,
19737,F,1944,2015-01-01,2022-12-31,
19738,M,1964,2015-01-01,2022-12-31,
19739,M,1944,2015-01-01,2022-12-31,
19740,M,1964,2015-01-01,2022-12-31,
19741,F,1968,2015-01-01,2022-12-31,
19742,F,1956,2015-01-01,2022-12-31,
19743,F,1975,2015-01-01,2022-12-31,
19744,F,1940,2015-01-01,2022-12-31,
19745,F,1932,2015-01-01,2022-12-31,
19746,M,1958,2015-01-01,2022-12-31,
19747,M,1961,2015-01-01,2022-12-31,
19748,M,1983,2015-01-01,2022-12-31,
19749,F,1954,2015-01-01,2022-12-31,
19750,F,1954,2015-01-01,2022-12-31,
19751,F,1959,2015-01-01,2022-12-31,
19752,M,1932,2015-01-01,2022-12-31,
19753,F,1926,2015-01-01,2022-12-31,
19754,M,1957,2015-01-01,2022-12-31,
19755,F,1967,2015-01-01,2022-12-31,
19756,F,1964,2015-01-01,2022-12-31,
19757,F,1955,2015-01-01,2022-12-31,
19758,M,1931,2015-01-01,2022-12-31,
19759,F,1965,2015-01-01,2022-12-31,
19760,F,1962,2015-01-01,2022-12-31,
19761,M,1979,2015-01-01,2022-12-31,
19762,F,1978,2015-01-01,2022-12-31,
19763,F,1939,2015-01-01,2022-12-31,
19764,M,1945,2015-01-01,2022-12-31,
19765,M,1956,2015-01-01,2022-12-31,
19766,M,1951,2015-01-01,2022-12-31,
19767,M,1953,2015-01-01,2022-12-31,
19768,F,1972,2015-01-01,2022-12-31,
19769,M,1962,2015-01-01,2022-12-31,
19770,M,1952,2015-01-01,2020-12-21,2020-12-21
19771,M,1972,2015-01-01,2022-12-31,
19772,M,1983,2015-01-01,2022-12-31,
19773,M,1955,2015-01-01,2022-12-31,
19774,F,1971,2015-01-01,2022-12-31,
19775,F,1968,2015-01-01,2022-12-31,
19776,M,1938,2015-01-01,2022-12-31,
19777,M,1969,2015-01-01,2022-12-31,
19778,F,1950,2015-01-01,2022-12-31,
19779,M,1975,2015-01-01,2022-12-31,
19780,M,1945,2015-01-01,2022-12-31,
19781,F,1966,2015-01-01,2022-12-31,
19782,M,1955,2015-01-01,2022-12-31,
19783,M,1950,2015-01-01,2022-12-31,
19784,F,1947,2015-01-01,2022-12-31,
19785,F,1949,2015-01-01,2022-12-31,
19786,F,1973,2015-01-01,2022-12-31,
19787,F,1957,2015-01-01,2022-12-31,
19788,F,1955,2015-01-01,2022-12-31,
19789,F,1954,2015-01-01,2022-12-31,
19790,F,1970,2015-01-01,2022-12-31,
19791,F,1994,2015-01-01,2022-12-31,
19792,M,1968,2015-01-01,2022-12-31,
19793,M,1967,2015-01-01,2022-12-31,
19794,M,1965,2015-01-01,2022-12-31,
19795,F,1966,2015-01-01,2022-12-31,
19796,M,1938,2015-01-01,2022-12-31,
19797,M,1967,2015-01-01,2022-12-31,
19798,F,1976,2015-01-01,2022-12-31,
19799,M,1954,2015-01-01,2022-12-31,
19800,M,1969,2015-01-01,2022-12-31,
19801,F,1965,2015-01-01,2022-12-31,
19802,M,1969,2015-01-01,2022-12-31,
19803,M,1968,2015-01-01,2022-12-31,
19804,M,1961,2015-01-01,2022-12-31,
19805,M,1966,2015-01-01,2022-12-31,
19806,F,1955,2015-01-01,2022-12-31,
19807,F,1948,2015-01-01,2022-12-31,
19808,M,1950,2015-01-01,2022-12-31,
19809,F,1952,2015-01-01,2022-12-31,
19810,F,1963,2015-01-01,2022-12-31,
19811,M,1953,2015-01-01,2022-12-31,
19812,F,1945,2015-01-01,2022-12-31,
19813,M,1967,2015-01-01,2022-12-31,
19814,M,1987,2015-01-01,2022-12-31,
19815,F,1969,2015-01-01,2022-12-31,
19816,M,1953,2015-01-01,2022-12-31,
19817,M,1993,2015-01-01,2022-12-31,
19818,M,1952,2015-01-01,2022-12-31,
19819,F,1947,2015-01-01,2022-12-31,
19820,M,1942,2015-01-01,2022-12-31,
19821,M,1955,2015-01-01,2016-07-02,2016-07-02
19822,F,1946,2015-01-01,2022-12-31,
19823,M,1959,2015-01-01,2022-12-31,
19824,F,1963,2015-01-01,2022-12-31,
19825,F,1947,2015-01-01,2022-12-31,
19826,M,1931,2015-01-01,2022-12-31,
19827,M,1949,2015-01-01,2022-12-31,
19828,F,1949,2015-01-01,2022-12-31,
19829,M,1971,2015-01-01,2022-12-31,
19830,M,1958,2015-01-01,2022-12-31,
19831,M,1983,2015-01-01,2022-12-31,
19832,M,1936,2015-01-01,2022-12-31,
19833,F,1963,2015-01-01,2022-12-31,
19834,M,1950,2015-01-01,2022-12-31,
19835,F,1947,2015-01-01,2022-12-31,
19836,F,1967,2015-01-01,2022-12-31,
19837,M,1954,2015-01-01,2022-12-31,
19838,M,1970,2015-01-01,2022-12-31,
19839,M,1959,2015-01-01,2022-12-31,
19840,F,1974,2015-01-01,2022-12-31,
19841,M,1968,2015-01-01,2022-12-31,
19842,F,1961,2015-01-01,2022-12-31,
19843,M,1953,2015-01-01,2022-12-31,
19844,M,1967,2015-01-01,2022-12-31,
19845,F,1962,2015-01-01,2022-12-31,
19846,F,1955,2015-01-01,2022-12-31,
19847,M,1950,2015-01-01,2022-12-31,
19848,M,1956,2015-01-01,2022-12-31,
19849,F,1952,2015-01-01,2022-12-31,
19850,F,1953,2015-01-01,2022-12-31,
19851,M,1945,2015-01-01,2022-12-31,
19852,F,1972,2015-01-01,2022-12-31,
19853,F,1947,2015-01-01,2016-05-22,2016-05-22
19854,F,1966,2015-01-01,2022-12-31,
19855,M,1969,2015-01-01,2022-12-31,
19856,F,1955,2015-01-01,2022-12-31,
19857,F,1983,2015-01-01,2022-12-31,
19858,M,1964,2015-01-01,2022-12-31,
19859,M,1958,2015-01-01,2022-12-31,
19860,F,1951,2015-01-01,2022-12-31,
19861,M,1950,2015-01-01,2022-12-31,
19862,M,1962,2015-01-01,2022-12-31,
19863,M,1960,2015-01-01,2022-12-31,
19864,M,1956,2015-01-01,2022-12-31,
19865,F,1957,2015-01-01,2022-12-31,
19866,F,1949,2015-01-01,2022-12-31,
19867,F,1938,2015-01-01,2022-12-31,
19868,M,1948,2015-01-01,2022-12-31,
19869,F,1960,2015-01-01,2022-12-31,
19870,F,1949,2015-01-01,2022-12-31,
19871,M,1964,2015-01-01,2022-12-31,
19872,F,1975,2015-01-01,2022-12-31,
19873,M,1970,2015-01-01,2022-12-31,
19874,F,1942,2015-01-01,2022-12-31,
19875,M,1960,2015-01-01,2022-12-31,
19876,M,1949,2015-01-01,2022-12-31,
19877,M,1962,2015-01-01,2022-12-31,
19878,M,1954,2015-01-01,2022-12-31,
19879,M,1937,2015-01-01,2022-12-31,
19880,M,1936,2015-01-01,2022-12-31,
19881,F,1955,2015-01-01,2022-12-31,
19882,F,1945,2015-01-01,2022-12-31,
19883,M,1944,2015-01-01,2022-12-31,
19884,M,1952,2015-01-01,2022-12-31,
19885,M,1969,2015-01-01,2022-12-31,
19886,M,1970,2015-01-01,2022-12-31,
19887,F,1951,2015-01-01,2022-12-31,
19888,F,1945,2015-01-01,2022-12-31,
19889,M,1966,2015-01-01,2022-12-31,
19890,M,1958,2015-01-01,2022-12-31,
19891,M,1968,2015-01-01,2022-12-31,
19892,M,1930,2015-01-01,2022-12-31,
19893,M,1952,2015-01-01,2022-12-31,
19894,F,1942,2015-01-01,2022-12-31,
19895,F,1947,2015-01-01,2022-12-31,
19896,F,1959,2015-01-01,2022-12-31,
19897,M,1958,2015-01-01,2022-12-31,
19898,M,1940,2015-01-01,2022-12-31,
19899,F,1977,2015-01-01,2022-12-31,
19900,M,1963,2015-01-01,2022-12-31,
19901,M,1946,2015-01-01,2022-12-31,
19902,M,1979,2015-01-01,2022-12-31,
19903,F,1945,2015-01-01,2022-12-31,
19904,M,1924,2015-01-01,2022-12-31,
19905,F,1966,2015-01-01,2022-12-31,
19906,M,1952,2015-01-01,2022-12-31,
19907,M,1956,2015-01-01,2022-12-31,
19908,F,1971,2015-01-01,2022-12-31,
19909,F,1956,2015-01-01,2022-12-31,
19910,M,1955,2015-01-01,2022-12-31,
19911,M,1960,2015-01-01,2022-12-31,
19912,M,1967,2015-01-01,2022-12-31,
19913,F,1977,2015-01-01,2022-12-31,
19914,M,1985,2015-01-01,2022-12-31,
19915,M,1952,2015-01-01,2022-12-31,
19916,F,1941,2015-01-01,2022-12-31,
19917,M,1945,2015-01-01,2022-12-31,
19918,F,1945,2015-01-01,2022-12-31,
19919,F,1954,2015-01-01,2022-12-31,
19920,F,1942,2015-01-01,2022-12-31,
19921,M,1967,2015-01-01,2022-12-31,
19922,F,1988,2015-01-01,2022-12-31,
19923,F,1959,2015-01-01,2022-12-31,
19924,F,1954,2015-01-01,2022-12-31,
19925,F,1939,2015-01-01,2022-12-31,
19926,M,1971,2015-01-01,2022-12-31,
19927,F,1969,2015-01-01,2022-12-31,
19928,M,1951,2015-01-01,2022-12-31,
19929,M,1972,2015-01-01,2022-12-31,
19930,M,1944,2015-01-01,2022-12-31,
19931,F,1948,2015-01-01,2022-12-31,
19932,M,1964,2015-01-01,2022-12-31,
19933,F,1965,2015-01-01,2022-12-31,
19934,F,1964,2015-01-01,2022-12-31,
19935,F,1971,2015-01-01,2022-12-31,
19936,M,1963,2015-01-01,2022-12-31,
19937,M,1938,2015-01-01,2022-12-31,
19938,F,1964,2015-01-01,2022-12-31,
19939,M,1939,2015-01-01,2022-12-31,
19940,F,1941,2015-01-01,2022-12-31,
19941,M,1957,2015-01-01,2022-12-31,
19942,M,1952,2015-01-01,2022-12-31,
19943,F,1986,2015-01-01,2022-12-31,
19944,M,1946,2015-01-01,2022-12-31,
19945,M,1971,2015-01-01,2022-12-31,
19946,F,1964,2015-01-01,2022-12-31,
19947,F,1961,2015-01-01,2022-12-31,
19948,M,1962,2015-01-01,2022-12-31,
19949,F,1954,2015-01-01,2022-12-31,
19950,M,1953,2015-01-01,2022-12-31,
19951,M,1963,2015-01-01,2022-12-31,
19952,M,1944,2015-01-01,2022-12-31,
19953,M,1959,2015-01-01,2022-12-31,
19954,F,1964,2015-01-01,2022-12-31,
19955,F,1961,2015-01-01,2022-12-31,
19956,M,1965,2015-01-01,2022-12-31,
19957,M,1956,2015-01-01,2019-10-30,2019-10-30
19958,M,1958,2015-01-01,2022-12-31,
19959,M,1959,2015-01-01,2022-12-31,
19960,F,1958,2015-01-01,2022-12-31,
19961,F,1975,2015-01-01,2022-12-31,
19962,M,1944,2015-01-01,2022-12-31,
19963,M,1946,2015-01-01,2022-12-31,
19964,M,1952,2015-01-01,2017-03-06,2017-03-06
19965,M,1949,2015-01-01,2022-12-31,
19966,F,1957,2015-01-01,2022-12-31,
19967,M,1963,2015-01-01,2022-12-31,
19968,M,1954,2015-01-01,2022-12-31,
19969,M,1938,2015-01-01,2022-12-31,
19970,M,1982,2015-01-01,2022-12-31,
19971,F,1958,2015-01-01,2022-12-31,
19972,M,1959,2015-01-01,2022-12-31,
19973,M,1978,2015-01-01,2022-12-31,
19974,F,1935,2015-01-01,2022-12-31,
19975,F,1947,2015-01-01,2022-12-31,
19976,M,1959,2015-01-01,2022-12-31,
19977,F,1953,2015-01-01,2022-12-31,
19978,M,1955,2015-01-01,2022-12-31,
19979,F,1939,2015-01-01,2022-12-31,
19980,M,1957,2015-01-01,2022-12-31,
19981,M,1965,2015-01-01,2022-12-31,
19982,M,1945,2015-01-01,2022-12-31,
19983,F,1947,2015-01-01,2022-12-31,
19984,F,1951,2015-01-01,2022-12-31,
19985,M,1959,2015-01-01,2022-12-31,
19986,M,1973,2015-01-01,2022-12-31,
19987,F,1966,2015-01-01,2022-12-31,
19988,F,1955,2015-01-01,2022-12-31,
19989,F,1962,2015-01-01,2022-12-31,
19990,M,1948,2015-01-01,2022-12-31,
19991,F,1960,2015-01-01,2022-12-31,
19992,M,1944,2015-01-01,2022-12-31,
19993,F,1940,2015-01-01,2022-12-31,
19994,M,1942,2015-01-01,2022-12-31,
19995,F,1945,2015-01-01,2022-12-31,
19996,M,1951,2015-01-01,2022-12-31,
19997,F,1961,2015-01-01,2022-12-31,
19998,F,1954,2015-01-01,2022-12-31,
19999,M,1980,2015-01-01,2022-12-31,
20000,M,1952,2015-01-01,2022-12-31,
20001,F,1958,2015-01-01,2022-12-31,
20002,F,1956,2015-01-01,2022-12-31,
20003,F,1956,2015-01-01,2022-12-31,
20004,M,1962,2015-01-01,2022-12-31,
20005,F,1970,2015-01-01,2022-12-31,
20006,F,1956,2015-01-01,2022-12-31,
20007,M,1921,2015-01-01,2022-12-31,
20008,F,1967,2015-01-01,2019-10-27,2019-10-27
20009,M,1954,2015-01-01,2022-12-31,
20010,M,1959,2015-01-01,2022-12-31,
20011,M,1944,2015-01-01,2022-12-31,
20012,F,1965,2015-01-01,2022-12-31,
20013,F,1972,2015-01-01,2022-12-31,
20014,M,1973,2015-01-01,2022-12-31,
20015,F,1963,2015-01-01,2022-12-31,
20016,M,1946,2015-01-01,2022-12-31,
20017,M,1944,2015-01-01,2022-12-31,
20018,M,1961,2015-01-01,2022-12-31,
20019,M,1958,2015-01-01,2022-12-31,
20020,M,1951,2015-01-01,2022-12-31,
20021,M,1934,2015-01-01,2022-12-31,
20022,M,1959,2015-01-01,2022-12-31,
20023,M,1959,2015-01-01,2022-12-31,
20024,F,1946,2015-01-01,2022-12-31,
20025,F,1960,2015-01-01,2022-12-31,
20026,M,1937,2015-01-01,2022-12-31,
20027,F,1945,2015-01-01,2022-12-31,
20028,F,1971,2015-01-01,2022-12-31,
20029,F,1951,2015-01-01,2022-12-31,
20030,F,1969,2015-01-01,2022-12-31,
20031,F,1955,2015-01-01,2022-12-31,
20032,F,1955,2015-01-01,2022-12-31,
20033,F,1961,2015-01-01,2022-12-31,
20034,F,1952,2015-01-01,2022-12-31,
20035,F,1962,2015-01-01,2022-12-31,
20036,F,1959,2015-01-01,2022-12-31,
20037,F,1955,2015-01-01,2022-12-31,
20038,F,1958,2015-01-01,2022-12-31,
20039,M,1944,2015-01-01,2022-12-31,
20040,F,1951,2015-01-01,2022-12-31,
20041,F,1946,2015-01-01,2022-12-31,
20042,M,1961,2015-01-01,2022-12-31,
20043,M,1950,2015-01-01,2022-12-31,
20044,F,1943,2015-01-01,2022-12-31,
20045,M,1968,2015-01-01,2022-12-31,
20046,F,1942,2015-01-01,2022-12-31,
20047,F,1957,2015-01-01,2022-12-31,
20048,F,1947,2015-01-01,2022-12-31,
20049,F,1961,2015-01-01,2022-12-31,
20050,M,1963,2015-01-01,2022-12-31,
20051,F,1947,2015-01-01,2022-12-31,
20052,M,1960,2015-01-01,2022-12-31,
20053,M,1962,2015-01-01,2022-12-31,
20054,F,1953,2015-01-01,2022-12-31,
20055,M,1972,2015-01-01,2022-12-31,
20056,M,1964,2015-01-01,2022-12-31,
20057,F,1949,2015-01-01,2018-05-26,2018-05-26
20058,M,1954,2015-01-01,2022-12-31,
20059,M,1960,2015-01-01,2022-12-31,
20060,M,1973,2015-01-01,2022-12-31,
20061,F,1969,2015-01-01,2022-12-31,
20062,M,1960,2015-01-01,2022-12-31,
20063,M,1940,2015-01-01,2022-12-31,
20064,F,1955,2015-01-01,2022-12-31,
20065,F,1955,2015-01-01,2022-12-31,
20066,M,1966,2015-01-01,2022-12-31,
20067,F,1952,2015-01-01,2022-12-31,
20068,M,1927,2015-01-01,2022-12-31,
20069,M,1964,2015-01-01,2022-12-31,
20070,F,1943,2015-01-01,2022-12-31,
20071,F,1944,2015-01-01,2022-12-31,
20072,M,1938,2015-01-01,2022-12-31,
20073,F,1963,2015-01-01,2022-12-31,
20074,M,1967,2015-01-01,2022-12-31,
20075,F,1950,2015-01-01,2022-12-31,
20076,M,1962,2015-01-01,2022-12-31,
20077,F,1987,2015-01-01,2022-12-31,
20078,M,1966,2015-01-01,2022-12-31,
20079,M,1970,2015-01-01,2022-12-31,
20080,M,1950,2015-01-01,2022-12-31,
20081,M,1968,2015-01-01,2022-12-31,
20082,M,1950,2015-01-01,2022-12-31,
20083,F,1974,2015-01-01,2022-12-31,
20084,F,1968,2015-01-01,2022-12-31,
20085,F,1964,2015-01-01,2022-12-31,
20086,F,1958,2015-01-01,2022-12-31,
20087,M,1943,2015-01-01,2022-12-31,
20088,F,1938,2015-01-01,2022-12-31,
20089,F,1945,2015-01-01,2022-12-31,
20090,F,1974,2015-01-01,2022-12-31,
20091,M,1959,2015-01-01,2022-12-31,
20092,M,1947,2015-01-01,2022-12-31,
20093,F,1958,2015-01-01,2022-12-31,
20094,F,1970,2015-01-01,2022-12-31,
20095,F,1931,2015-01-01,2022-12-31,
20096,F,1950,2015-01-01,2022-12-31,
20097,F,1966,2015-01-01,2022-12-31,
20098,M,1965,2015-01-01,2022-12-31,
20099,F,1963,2015-01-01,2022-12-31,
20100,F,1946,2015-01-01,2022-12-31,
20101,M,1946,2015-01-01,2022-12-31,
20102,F,1953,2015-01-01,2022-12-31,
20103,F,1947,2015-01-01,2022-12-31,
20104,F,1965,2015-01-01,2022-12-31,
20105,M,1947,2015-01-01,2022-12-31,
20106,M,1936,2015-01-01,2022-12-31,
20107,F,1982,2015-01-01,2022-12-31,
20108,M,1948,2015-01-01,2022-12-31,
20109,F,1945,2015-01-01,2022-12-31,
20110,F,1950,2015-01-01,2022-12-31,
20111,M,1967,2015-01-01,2022-12-31,
20112,M,1950,2015-01-01,2022-12-31,
20113,M,1948,2015-01-01,2022-12-31,
20114,F,1964,2015-01-01,2017-09-16,2017-09-16
20115,M,1957,2015-01-01,2022-12-31,
20116,M,1972,2015-01-01,2022-12-31,
20117,F,1960,2015-01-01,2022-12-31,
20118,M,1955,2015-01-01,2022-12-31,
20119,M,1944,2015-01-01,2022-12-31,
20120,F,1954,2015-01-01,2022-12-31,
20121,F,1943,2015-01-01,2022-12-31,
20122,M,1953,2015-01-01,2022-12-31,
20123,M,1934,2015-01-01,2022-12-31,
20124,F,1966,2015-01-01,2022-12-31,
20125,F,1942,2015-01-01,2022-12-31,
20126,M,1960,2015-01-01,2022-12-31,
20127,M,1962,2015-01-01,2022-12-31,
20128,F,1974,2015-01-01,2022-12-31,
20129,M,1953,2015-01-01,2022-12-31,
20130,M,1983,2015-01-01,2022-12-31,
20131,F,1941,2015-01-01,2022-12-31,
20132,F,1958,2015-01-01,2022-12-31,
20133,M,1963,2015-01-01,2022-12-31,
20134,M,1951,2015-01-01,2022-12-31,
20135,F,1952,2015-01-01,2022-12-31,
20136,M,1957,2015-01-01,2022-12-31,
20137,F,1954,2015-01-01,2022-12-31,
20138,M,1982,2015-01-01,2022-12-31,
20139,F,1941,2015-01-01,2022-12-31,
20140,M,1948,2015-01-01,2022-12-31,
20141,F,1969,2015-01-01,2022-12-31,
20142,M,1962,2015-01-01,2022-12-31,
20143,M,1940,2015-01-01,2022-12-31,
20144,M,1959,2015-01-01,2022-12-31,
20145,M,1948,2015-01-01,2022-12-31,
20146,M,1964,2015-01-01,2022-12-31,
20147,M,1972,2015-01-01,2022-12-31,
20148,M,1946,2015-01-01,2022-12-31,
20149,F,1964,2015-01-01,2022-12-31,
20150,F,1921,2015-01-01,2022-12-31,
