id,drug,years,status,max_years
1,C,1.5564670431641519,1,3.5164353374436574
2,C,0.026064825834145235,1,5.0
3,C,1.3473328420194859,2,5.0
4,C,0.9856877770614788,2,5.0
5,C,0.018405613347316288,1,5.0
6,C,0.970348704634167,2,4.026155372895978
7,C,2.162197309456437,2,5.0
8,C,5.0,0,5.0
9,C,0.780130892194644,2,5.0
10,C,0.5886773333818212,2,5.0
11,C,5.0,0,5.0
12,C,3.3554784024473783,0,3.3554784024473783
13,C,5.0,0,5.0
14,C,0.773719602239984,2,5.0
15,C,4.345011754757842,2,5.0
16,C,5.0,0,5.0
17,C,5.0,0,5.0
18,C,3.934364004610151,2,5.0
19,C,0.09459517955342842,2,5.0
20,C,4.647359903179497,2,5.0
21,C,0.08584566496349053,2,5.0
22,C,0.4819370789093581,1,5.0
23,C,1.8143511934575878,2,3.5507866496227254
24,C,3.5888683226609297,0,3.5888683226609297
25,C,0.7058453824271559,2,4.350972043687095
26,C,2.940569282894734,2,3.2956477922848446
27,C,5.0,0,5.0
28,C,4.350665279657195,0,4.350665279657195
29,C,5.0,0,5.0
30,C,5.0,0,5.0
31,C,3.617883637719305,2,5.0
32,C,4.5158906043160005,0,4.5158906043160005
33,C,0.3830251314607309,2,4.3947029506629
34,C,1.0348430363530146,2,4.323049889255387
35,C,0.5405853729452331,1,3.4057909050739545
36,C,0.34045353129265643,1,3.532167146512145
37,C,1.036339411346327,2,4.855359646743335
38,C,2.2752744150445063,2,3.3813032985018876
39,C,3.7897174972542578,2,5.0
40,C,3.3598140833067043,0,3.3598140833067043
41,C,0.5140091921285278,1,4.202616793192833
42,C,5.0,0,5.0
43,C,1.409403415194051,2,3.8483962759396064
44,C,0.5181152426732835,2,5.0
45,C,2.2066980959518103,2,5.0
46,C,3.0893174695098486,0,3.0893174695098486
47,C,3.2499545564827557,0,3.2499545564827557
48,C,3.337439118885866,2,4.387394126698354
49,C,1.2081508333688387,2,4.451606722782376
50,C,2.09946881960168,1,5.0
51,C,0.550061431198618,2,5.0
52,C,4.197856421836977,0,4.197856421836977
53,C,0.2532531035084211,2,4.899033255347587
54,C,5.0,0,5.0
55,C,5.0,0,5.0
56,C,0.37875626788416955,2,5.0
57,C,5.0,0,5.0
58,C,0.9268178826132508,2,5.0
59,C,5.0,0,5.0
60,C,5.0,0,5.0
61,C,3.552771188122054,2,3.802342811900596
62,C,5.0,0,5.0
63,C,2.0419556551215594,2,3.614466240905349
64,C,3.4391804648659305,2,4.446428184355286
65,C,4.298299780122691,2,5.0
66,C,1.0123753676311198,2,4.759595804352089
67,C,5.0,0,5.0
68,C,3.156187396332696,2,3.6023700585558474
69,C,0.4217310449526172,2,5.0
70,C,2.3944337369667323,2,3.2746158322038883
71,C,4.696231517836351,0,4.696231517836351
72,C,2.67251558408929,2,4.354531686310558
73,C,1.2078459777683974,2,5.0
74,C,0.18391498742411,2,4.517393325176531
75,C,0.04988686674062391,2,5.0
76,C,1.1816585219572977,2,5.0
77,C,0.2534005312895159,2,4.85389984470463
78,C,3.4271427261220646,2,4.897714418012231
79,C,5.0,0,5.0
80,C,2.933197422287175,2,5.0
81,C,3.849623670699289,2,5.0
82,C,0.46305090321135395,2,5.0
83,C,0.9415152155507832,2,4.446805814989066
84,C,1.1149525994418137,1,5.0
85,C,1.332384040041492,1,5.0
86,C,0.34473462382192405,2,5.0
87,C,2.000717594828949,2,5.0
88,C,1.9650941152250425,2,3.3368278264506825
89,C,2.389323998517612,2,3.2601233837974206
90,C,5.0,0,5.0
91,C,4.9243376740778455,0,4.9243376740778455
92,C,3.839291557184967,0,3.839291557184967
93,C,3.600767390063674,0,3.600767390063674
94,C,0.009336804263489694,2,5.0
95,C,1.7446308489961209,2,4.394891088444421
96,C,1.8717967494894154,2,5.0
97,C,3.1049925387680406,0,3.1049925387680406
98,C,0.648013722170846,2,3.0467431478801705
99,C,5.0,0,5.0
100,C,2.5508583586180693,2,5.0
101,C,2.8689907127948158,2,4.959055020008995
102,C,5.0,0,5.0
103,C,2.394043295189943,2,5.0
104,C,0.984822061237675,2,5.0
105,C,3.703722787726715,0,3.703722787726715
106,C,4.42133094431937,2,5.0
107,C,3.951387167172196,2,4.787863351225541
108,C,5.0,0,5.0
109,C,5.0,0,5.0
110,C,2.418383831678761,2,5.0
111,C,2.0430409139928205,2,5.0
112,C,0.43262342705196605,2,5.0
113,C,4.556353018770782,2,5.0
114,C,5.0,0,5.0
115,C,0.9166074516804386,2,3.359795888227885
116,C,0.09364992006276046,2,5.0
117,C,0.3548387681228076,2,5.0
118,C,2.052438771153024,2,3.0380722584006192
119,C,4.096997937894309,0,4.096997937894309
120,C,2.867649732491297,2,4.402163848482196
121,C,3.0216325673073476,2,5.0
122,C,3.2637091429744904,2,3.3051626459556758
123,C,4.619750475746087,2,5.0
124,C,4.769422275945786,0,4.769422275945786
125,C,0.012640561049627238,2,5.0
126,C,3.831617002816548,2,4.045307395804279
127,C,0.9355537362701106,2,5.0
128,C,4.132502767447748,0,4.132502767447748
129,C,2.0918326958844076,2,3.0980647578679332
130,C,3.1958511510887826,1,4.385695996360688
131,C,0.4650709118363633,2,5.0
132,C,3.725834686320286,0,3.725834686320286
133,C,4.05551357514586,2,5.0
134,C,1.1857010053572017,2,5.0
135,C,1.6851737294567146,2,5.0
136,C,4.626134705851905,2,5.0
137,C,3.21521876718866,2,4.313994284848056
138,C,5.0,0,5.0
139,C,1.464350424673183,2,4.109054980125153
140,C,0.5614785868314681,2,5.0
141,C,0.3442665540297687,2,4.268643771129047
142,C,4.109253625010144,0,4.109253625010144
143,C,1.0912833021264252,2,5.0
144,C,2.866977196123781,2,5.0
145,C,0.7829627237450278,2,5.0
146,C,1.2365406219233879,2,5.0
147,C,5.0,0,5.0
148,C,2.2794992341984788,2,5.0
149,C,0.07220058843405179,2,5.0
150,C,1.5536968498250388,2,5.0
151,C,1.2061667269642748,2,5.0
152,C,1.1600451945444907,2,5.0
153,C,2.5679672162785967,2,5.0
154,C,4.478844787560709,2,5.0
155,C,0.6183329526839643,2,4.259519646594647
156,C,5.0,0,5.0
157,C,2.40229257832308,2,5.0
158,C,0.9572553176918335,2,5.0
159,C,0.54466369894356,2,5.0
160,C,3.196977680025902,0,3.196977680025902
161,C,5.0,0,5.0
162,C,0.9471367621718139,2,5.0
163,C,4.03780603836023,0,4.03780603836023
164,C,3.749363569788415,0,3.749363569788415
165,C,4.198342572291064,2,5.0
166,C,0.6260730145941656,2,5.0
167,C,0.814530029515892,1,5.0
168,C,3.666210537953194,1,5.0
169,C,5.0,0,5.0
170,C,4.0546753556845045,0,4.0546753556845045
171,C,0.002964316848951467,2,3.9682438969929037
172,C,2.3651004571185963,2,4.15315582578836
173,C,0.5247538982735879,2,3.00287116268803
174,C,4.752790017080518,0,4.752790017080518
175,C,5.0,0,5.0
176,C,2.419088851630728,2,5.0
177,C,0.8888499015687102,2,5.0
178,C,3.6191599788835567,0,3.6191599788835567
179,C,4.951352856941581,2,5.0
180,C,5.0,0,5.0
181,C,1.0547294184918319,2,4.501014412448276
182,C,3.8165172621924475,2,5.0
183,C,0.40307947109640985,2,4.3094776397017895
184,C,4.047153782107797,0,4.047153782107797
185,C,1.6158203634251942,2,5.0
186,C,2.081196497048689,2,5.0
187,C,5.0,0,5.0
188,C,4.0389988448382255,2,5.0
189,C,0.8397778409594919,2,3.2152829873675124
190,C,0.7598938108421469,2,4.952858737198781
191,C,1.5628646335353507,2,5.0
192,C,5.0,0,5.0
193,C,4.256648380792466,0,4.256648380792466
194,C,4.419630821478455,0,4.419630821478455
195,C,5.0,0,5.0
196,C,4.234522645704568,0,4.234522645704568
197,C,1.091226921425548,2,4.664033385095102
198,C,3.7251854262913673,0,3.7251854262913673
199,C,2.00562303672867,1,5.0
200,C,3.0908118693935682,2,3.675412174108554
201,C,0.1347488412074855,2,5.0
202,C,4.421053427749883,0,4.421053427749883
203,C,0.7399129691774147,2,5.0
204,C,1.0035486155728766,2,5.0
205,C,3.5315744353603344,2,3.6090883461904646
206,C,5.0,0,5.0
207,C,2.311852427626849,2,5.0
208,C,0.8636104202900559,2,5.0
209,C,2.4061449081901634,2,5.0
210,C,0.09813303265756677,2,3.1478330521486266
211,C,4.306737095556843,2,5.0
212,C,1.1375895184871132,2,4.1597940150562245
213,C,0.15324323913944776,2,3.2414825317735767
214,C,0.18872119946388355,2,5.0
215,C,1.2408597892824709,2,5.0
216,C,0.530843973601678,2,5.0
217,C,3.3747008688290467,0,3.3747008688290467
218,C,5.0,0,5.0
219,C,3.527941140570303,0,3.527941140570303
220,C,1.0512263971244158,2,5.0
221,C,0.19323882242908905,2,4.87262181115907
222,C,0.11792541774042081,2,5.0
223,C,3.515272416090443,2,5.0
224,C,4.26300205398567,2,5.0
225,C,5.0,0,5.0
226,C,1.0804026179643256,2,5.0
227,C,5.0,0,5.0
228,C,2.9776889633422394,2,5.0
229,C,3.744779082227825,2,4.189566088503509
230,C,5.0,0,5.0
231,C,2.649924048331072,2,5.0
232,C,2.048601775030981,2,5.0
233,C,2.257263352643068,2,3.1714330524615706
234,C,2.927118905440527,2,3.119337751649841
235,C,2.405676561206122,1,5.0
236,C,2.823174752092739,1,5.0
237,C,0.5719699692174386,2,5.0
238,C,4.183193934377381,0,4.183193934377381
239,C,5.0,0,5.0
240,C,3.031923637802054,2,5.0
241,C,5.0,0,5.0
242,C,1.5373292021641347,2,4.160046335944875
243,C,0.6505013164477166,2,5.0
244,C,0.1981018030100573,2,5.0
245,C,5.0,0,5.0
246,C,3.120832567101381,0,3.120832567101381
247,C,5.0,0,5.0
248,C,2.1681407426607167,2,5.0
249,C,5.0,0,5.0
250,C,3.821178236925416,0,3.821178236925416
251,C,2.1054786549096054,2,5.0
252,C,5.0,0,5.0
253,C,0.1251002841630134,2,5.0
254,C,5.0,0,5.0
255,C,5.0,0,5.0
256,C,3.311085970540982,2,5.0
257,C,5.0,0,5.0
258,C,1.0486109495789726,2,4.818952214766432
259,C,0.5030918776101847,2,5.0
260,C,1.7857823535307282,2,5.0
261,C,2.1168347003562276,1,5.0
262,C,3.217865124852016,2,5.0
263,C,1.0273214799239396,2,5.0
264,C,4.436000645045012,2,5.0
265,C,5.0,0,5.0
266,C,0.2690402994265799,2,5.0
267,C,3.5845418622076206,2,5.0
268,C,5.0,0,5.0
269,C,5.0,0,5.0
270,C,0.31980832500949347,1,4.106046054917142
271,C,5.0,0,5.0
272,C,0.18477066473128864,2,3.0355839307602777
273,C,3.5023780681617316,2,5.0
274,C,0.26173949722940987,2,4.030234428054971
275,C,1.6613228430868123,2,4.976833653223791
276,C,0.800440032299117,2,5.0
277,C,0.8926177540775656,2,5.0
278,C,5.0,0,5.0
279,C,5.0,0,5.0
280,C,4.026824885681642,1,4.682090483379667
281,C,1.4380751841077262,1,4.525724502102426
282,C,0.723324611886829,2,5.0
283,C,2.747241970775914,2,3.93211172985769
284,C,1.420269521614406,2,4.488207649125486
285,C,4.824603530139106,0,4.824603530139106
286,C,3.822689227572415,0,3.822689227572415
287,C,0.520640143503287,2,3.6236077521132484
288,C,2.670854262102605,2,3.6328997570440147
289,C,3.9308225268816512,2,5.0
290,C,1.241659104132757,2,3.847753920649459
291,C,3.9752018259480275,2,5.0
292,C,2.210367226076187,2,5.0
293,C,1.0897062612355846,2,5.0
294,C,0.09319627228272463,2,5.0
295,C,0.5807985035006956,2,4.062406308470337
296,C,1.1789476141271666,2,5.0
297,C,3.906007804464781,0,3.906007804464781
298,C,2.4495080386128163,2,5.0
299,C,0.2636289100123417,2,5.0
300,C,5.0,0,5.0
301,C,5.0,0,5.0
302,C,2.4749104895071574,2,3.8760896628621664
303,C,0.12521403019010427,2,4.320128961578835
304,C,1.3771241110959571,2,5.0
305,C,2.700503203633605,2,4.979296985397676
306,C,1.7407272900568462,2,3.7195346182288347
307,C,4.856680002315568,0,4.856680002315568
308,C,2.1585837250054807,2,5.0
309,C,2.6164636521917504,2,3.6776073691747015
310,C,4.403064761385219,0,4.403064761385219
311,C,5.0,0,5.0
312,C,3.1315132547845446,0,3.1315132547845446
313,C,3.303005234747278,0,3.303005234747278
314,C,2.965141038219532,2,4.161506973847476
315,C,1.1849994578877836,2,4.012936927115798
316,C,1.233638183489375,2,5.0
317,C,2.254747887544631,2,5.0
318,C,1.505987703388861,2,5.0
319,C,1.1451705142956863,2,3.3965320466374322
320,C,5.0,0,5.0
321,C,3.589169876353869,2,5.0
322,C,2.9446375893808785,2,4.141758568809593
323,C,2.3168622109724284,2,3.152335661072584
324,C,2.101909205653955,1,4.607612433026693
325,C,3.8417755713036716,2,5.0
326,C,4.6643620997761195,0,4.6643620997761195
327,C,1.1780784886608318,2,3.5792711717310155
328,C,4.642578828541463,2,5.0
329,C,5.0,0,5.0
330,C,0.06976462638388091,2,5.0
331,C,1.4870757533390202,1,4.750715430632088
332,C,4.1269302834188775,0,4.1269302834188775
333,C,5.0,0,5.0
334,C,0.04486164679167289,2,5.0
335,C,2.2424486736354496,2,5.0
336,C,4.2506731006581555,0,4.2506731006581555
337,C,5.0,0,5.0
338,C,1.3701368578049904,2,5.0
339,C,3.0174909709043636,2,4.034208700361367
340,C,4.1426226017570595,0,4.1426226017570595
341,C,2.7892603139783527,2,5.0
342,C,0.11367957838272842,1,3.4406623876328233
343,C,0.47679792854219616,2,5.0
344,C,3.5992036789551087,0,3.5992036789551087
345,C,0.07764176324842478,1,5.0
346,C,3.2518339199733686,2,3.7845818503741535
347,C,0.8262973930604677,2,4.783670449477439
348,C,5.0,0,5.0
349,C,1.3621553141205491,2,4.931995795293103
350,C,3.554469889620278,2,5.0
351,C,0.8973462863128595,2,4.444703693806151
352,C,3.259092474614431,0,3.259092474614431
353,C,2.129419777101511,2,3.9240613156604116
354,C,3.0318378998509736,0,3.0318378998509736
355,C,4.842314450139732,0,4.842314450139732
356,C,4.103747170353804,2,5.0
357,C,1.6921432012947688,2,5.0
358,C,3.2575167156930176,2,4.7326704850166985
359,C,5.0,0,5.0
360,C,3.9918958493466175,0,3.9918958493466175
361,C,1.6741261781524082,2,5.0
362,C,5.0,0,5.0
363,C,2.333165528829722,2,4.3685640762892675
364,C,0.8198356556279902,2,3.053784392956512
365,C,1.2021063478788663,2,5.0
366,C,0.1446194022062953,2,5.0
367,C,5.0,0,5.0
368,C,3.0779129470517623,2,5.0
369,C,0.9414623811994831,2,5.0
370,C,0.38747462148490364,2,3.784920962585538
371,C,1.3428167522939645,2,5.0
372,C,1.981306822284132,2,4.893653014800988
373,C,0.00968649080311986,2,3.9902307514677693
374,C,1.582611894882083,2,5.0
375,C,4.026871987361378,0,4.026871987361378
376,C,4.142794887053704,0,4.142794887053704
377,C,5.0,0,5.0
378,C,1.6251628291807156,1,5.0
379,C,0.9858503643283554,2,3.2187358159671167
380,C,5.0,0,5.0
381,C,2.891608663584191,2,5.0
382,C,0.16864596367597412,2,5.0
383,C,5.0,0,5.0
384,C,1.5545146229076803,2,3.905502368079735
385,C,2.6500899041601826,1,5.0
386,C,0.7426359228513656,2,4.244836371966828
387,C,1.285740437999122,2,5.0
388,C,5.0,0,5.0
389,C,0.31906301871820913,2,5.0
390,C,1.4245211393451598,2,3.067261765106645
391,C,2.2825951353813423,2,5.0
392,C,4.32179984658774,2,5.0
393,C,3.399454619452126,2,3.9923736599253
394,C,0.788843626164677,2,4.610432135752381
395,C,0.21817819621819157,2,4.603264249052541
396,C,4.266013808655564,2,5.0
397,C,4.148921508375931,2,4.9025325612471775
398,C,2.308336926424566,2,4.2188695505503375
399,C,2.991630312723836,2,5.0
400,C,2.829579217568831,2,3.2422669716947654
401,C,5.0,0,5.0
402,C,1.0758158251482497,2,4.492273185290404
403,C,2.192631962309006,2,3.1746106580010665
404,C,0.6393497119391414,2,5.0
405,C,4.1352785035207145,2,4.490042203767722
406,C,5.0,0,5.0
407,C,5.0,0,5.0
408,C,3.1415818398657724,2,4.083502974284194
409,C,0.5400235445059716,2,4.953196897982306
410,C,0.9764400399780243,2,5.0
411,C,1.5560743937215542,2,5.0
412,C,4.736686099636651,2,5.0
413,C,0.9749483662379127,2,5.0
414,C,1.7734916580010711,2,5.0
415,C,0.7659734455395185,2,3.532871541425184
416,C,5.0,0,5.0
417,C,5.0,0,5.0
418,C,1.0335059292090156,2,3.382000900126771
419,C,4.999056672756774,2,5.0
420,C,0.8313500248536216,2,5.0
421,C,0.38708913101307096,2,5.0
422,C,0.8064415293327591,2,3.967235413876464
423,C,3.1071329117360866,0,3.1071329117360866
424,C,3.329034783236688,2,4.437430272929367
425,C,3.420376541838741,2,5.0
426,C,1.3678290219259195,1,5.0
427,C,5.0,0,5.0
428,C,5.0,0,5.0
429,C,0.47937951200144335,2,5.0
430,C,2.5410767347745122,2,4.3671705071825615
431,C,5.0,0,5.0
432,C,3.445100352542132,2,5.0
433,C,5.0,0,5.0
434,C,4.622370655407564,0,4.622370655407564
435,C,0.03410261327126858,2,3.3644364769894137
436,C,3.061881414620599,0,3.061881414620599
437,C,2.1553137057528913,2,5.0
438,C,5.0,0,5.0
439,C,3.229624690277079,1,3.494307870413642
440,C,3.930009572691461,2,4.75338373332138
441,C,1.386825620561347,2,3.2063269175903475
442,C,3.46988684945126,2,5.0
443,C,2.36931578562664,2,4.134595714415997
444,C,1.0422443363218319,2,3.461988764344985
445,C,3.4877989829020812,0,3.4877989829020812
446,C,0.1394526465012198,2,3.7646643984547064
447,C,0.04939476932740345,2,4.04275428061662
448,C,3.953502334093905,0,3.953502334093905
449,C,2.966782639711523,2,3.414945044785102
450,C,3.0619875968328305,1,5.0
451,C,1.1745329825013198,2,5.0
452,C,5.0,0,5.0
453,C,1.9252827471960683,2,5.0
454,C,4.126070699890874,0,4.126070699890874
455,C,1.1090210966518483,2,5.0
456,C,3.3924039282467446,0,3.3924039282467446
457,C,1.1183164206216478,2,3.9548519915513216
458,C,4.021403591987954,2,5.0
459,C,0.8498148509832433,2,5.0
460,C,0.9869666979072519,2,5.0
461,C,3.6365123122981258,0,3.6365123122981258
462,C,3.3953278266617533,0,3.3953278266617533
463,C,0.3248670870542074,1,3.3665128491180236
464,C,0.18176843031229087,2,5.0
465,C,3.3118529490808006,0,3.3118529490808006
466,C,0.7062157023001434,2,4.247209777547095
467,C,4.626146896566554,0,4.626146896566554
468,C,2.683612411343601,2,5.0
469,C,3.5850817318841246,0,3.5850817318841246
470,C,5.0,0,5.0
471,C,0.39787325668241663,2,5.0
472,C,0.6096424239341574,2,5.0
473,C,0.8578917507947111,2,5.0
474,C,5.0,0,5.0
475,C,5.0,0,5.0
476,C,1.3375095921858124,2,5.0
477,C,2.826590613807074,2,5.0
478,C,0.18195142099126604,2,4.7710506883107655
479,C,2.667796794282804,2,3.8645786050555877
480,C,0.05250962214400638,2,5.0
481,C,3.095569922566619,0,3.095569922566619
482,C,0.2894991474832604,2,5.0
483,C,0.48289004993881407,1,5.0
484,C,0.2552104609102433,2,5.0
485,C,0.2737886334765459,2,3.493222767643226
486,C,1.99276444201326,2,5.0
487,C,5.0,0,5.0
488,C,0.22365821938477884,2,5.0
489,C,3.2035170984230343,2,5.0
490,C,1.6709781000380775,2,5.0
491,C,0.8588535442689167,2,4.588907788485312
492,C,4.20538423951046,2,4.864764081198331
493,C,0.6738967076121473,2,3.5636968369476856
494,C,1.1325622257229329,2,5.0
495,C,0.24475435442822582,2,3.1370695552088104
496,C,1.9566914307946972,2,4.217135083669059
497,C,3.773727577634553,0,3.773727577634553
498,C,3.592865622449908,2,5.0
499,C,0.10676185579146595,2,3.180840083092284
500,C,1.4993587514764044,2,4.295061144677965
501,C,4.1299277066752325,2,4.852321078326025
502,C,3.090045204813837,0,3.090045204813837
503,C,1.6712927962766304,2,5.0
504,C,4.344932816335825,2,5.0
505,C,4.189713728168981,0,4.189713728168981
506,C,3.3958092738085526,0,3.3958092738085526
507,C,3.4149972741801795,0,3.4149972741801795
508,C,2.2729024777791547,2,3.494932716941639
509,C,3.0775985624879705,2,4.494583561015768
510,C,3.379711983693904,2,5.0
511,C,0.05385601442248634,2,5.0
512,C,3.546306552560114,0,3.546306552560114
513,C,2.9595815493427553,2,3.37306390718554
514,C,1.1992341781286886,2,5.0
515,C,3.5568768790660057,0,3.5568768790660057
516,C,5.0,0,5.0
517,C,0.6288712195743863,2,5.0
518,C,1.4884081813886356,2,5.0
519,C,2.4064483807285497,2,4.266355493146967
520,C,1.323056627561485,2,5.0
521,C,1.3476282308841063,2,4.706885538950768
522,C,5.0,0,5.0
523,C,3.848352549238039,0,3.848352549238039
524,C,3.5811019720398263,0,3.5811019720398263
525,C,0.8753828951365713,2,5.0
526,C,5.0,0,5.0
527,C,5.0,0,5.0
528,C,3.876390228998953,2,5.0
529,C,3.5388006503282528,2,5.0
530,C,2.0161067148064125,2,4.729685206198677
531,C,0.28243253634852106,2,5.0
532,C,2.642830552862683,2,5.0
533,C,0.9061629896834195,2,5.0
534,C,0.2867439343825535,2,4.390853280827184
535,C,3.024952396749982,2,3.056712373967018
536,C,4.235431692461218,0,4.235431692461218
537,C,2.743514199431565,2,5.0
538,C,0.6226262691259382,2,5.0
539,C,5.0,0,5.0
540,C,5.0,0,5.0
541,C,1.1380101591566274,2,5.0
542,C,4.919829875430856,2,5.0
543,C,4.260790540572752,0,4.260790540572752
544,C,3.041529407920569,2,4.057467673504805
545,C,0.33983954548949197,2,5.0
546,C,3.666829094884899,2,5.0
547,C,0.3366427666079681,2,5.0
548,C,5.0,0,5.0
549,C,0.8503029065482249,2,5.0
550,C,2.347043017214543,1,4.125270300245297
551,C,0.33311252767562455,2,5.0
552,C,2.5864577754242446,2,4.496051611378861
553,C,3.0407914986674895,0,3.0407914986674895
554,C,5.0,0,5.0
555,C,0.7889298698480784,2,5.0
556,C,2.9534592228642595,2,5.0
557,C,3.104112384729657,0,3.104112384729657
558,C,0.44446399923292157,2,5.0
559,C,0.7861964877959645,2,4.007658056852412
560,C,1.145206372503079,2,4.613729147058406
561,C,2.3456719634593903,2,5.0
562,C,2.291119680514837,2,4.110817431296541
563,C,0.5003894544033395,2,5.0
564,C,0.9464455100835729,1,5.0
565,C,0.14122737604462338,2,5.0
566,C,0.6135947949357399,2,5.0
567,C,4.104090781066234,0,4.104090781066234
568,C,2.630449770561854,1,5.0
569,C,0.9739824166197067,2,5.0
570,C,2.082541217102968,2,4.933196230949756
571,C,0.8387026947662879,2,5.0
572,C,3.0207838960015754,2,3.7119012821663517
573,C,3.061152652582198,0,3.061152652582198
574,C,3.5036346166134846,0,3.5036346166134846
575,C,3.1945974963553683,2,5.0
576,C,0.5035200653666996,2,3.7305542042287065
577,C,1.0879015023915837,2,5.0
578,C,5.0,0,5.0
579,C,0.43846996512385833,2,4.586523709486132
580,C,5.0,0,5.0
581,C,3.701820154986728,0,3.701820154986728
582,C,0.7597743691874239,2,4.85074393387053
583,C,0.9675847637112788,2,5.0
584,C,1.0741668324833176,2,4.237529857735016
585,C,4.304426120718435,0,4.304426120718435
586,C,1.4343835183085096,2,3.6614711797879917
587,C,5.0,0,5.0
588,C,1.058338216438633,2,3.552207619674739
589,C,2.8674397901220523,2,4.36113527574026
590,C,5.0,0,5.0
591,C,0.12218484093236995,2,5.0
592,C,2.3759300236122667,2,5.0
593,C,3.317640663521392,2,5.0
594,C,5.0,0,5.0
595,C,5.0,0,5.0
596,C,1.6374078200728621,2,5.0
597,C,4.0459399606273205,0,4.0459399606273205
598,C,2.3586123241790973,2,5.0
599,C,3.2289384473281726,2,5.0
600,C,2.6023021057874156,2,5.0
601,C,0.3204872310033356,2,5.0
602,C,3.224897762013543,0,3.224897762013543
603,C,0.8273208685206378,2,5.0
604,C,1.8978836424334153,1,4.814864292648525
605,C,5.0,0,5.0
606,C,0.49069097060424427,1,5.0
607,C,1.1661752365295834,2,5.0
608,C,2.319294815603261,2,5.0
609,C,3.918889456312903,2,5.0
610,C,1.2365379479414644,2,5.0
611,C,3.19648912363434,0,3.19648912363434
612,C,0.1937231554132899,2,5.0
613,C,0.15458589387112284,2,5.0
614,C,5.0,0,5.0
615,C,2.366506151415926,2,5.0
616,C,4.934164750093732,0,4.934164750093732
617,C,5.0,0,5.0
618,C,0.2591648970442799,1,5.0
619,C,0.9742988344747049,2,3.794333712941074
620,C,1.3393078397076652,2,5.0
621,C,0.9317211920158751,2,4.2645944342874555
622,C,1.0871002373510616,2,4.147846791284239
623,C,0.6504621117639431,2,5.0
624,C,1.3341925482053731,2,5.0
625,C,5.0,0,5.0
626,C,0.8092391941175802,2,5.0
627,C,2.897204322067855,2,5.0
628,C,4.981229579754084,0,4.981229579754084
629,C,0.6158843143654646,2,3.3299091773216984
630,C,2.1278787559223074,2,5.0
631,C,3.028588613872528,0,3.028588613872528
632,C,2.4002532182142766,2,5.0
633,C,5.0,0,5.0
634,C,1.2449129347074936,2,5.0
635,C,0.8220787831695612,2,5.0
636,C,0.09538146244398646,2,5.0
637,C,1.3570425707838232,2,5.0
638,C,3.6502650068314884,0,3.6502650068314884
639,C,1.5844307497404035,2,5.0
640,C,0.5051515962172866,2,5.0
641,C,0.5870264478298605,2,4.816971505188066
642,C,3.5983450103387407,2,5.0
643,C,3.4629625361321437,2,5.0
644,C,1.0408803811888445,2,5.0
645,C,2.366201173583029,2,3.713542910314148
646,C,0.39923188491094636,2,4.057976450556302
647,C,0.39056198069662107,2,4.585224683474408
648,C,2.1284942797486677,2,3.3896518602410852
649,C,4.1140465627311045,1,5.0
650,C,2.402100638321617,2,5.0
651,C,4.563790922158082,0,4.563790922158082
652,C,5.0,0,5.0
653,C,0.04229571047830612,2,5.0
654,C,5.0,0,5.0
655,C,3.0193954735764263,2,3.337256465942583
656,C,4.213047785340235,2,5.0
657,C,3.151667144203496,0,3.151667144203496
658,C,0.3039447296289494,2,4.893596794560315
659,C,4.787982701986992,2,5.0
660,C,0.9117257607577054,2,5.0
661,C,1.9104645779563836,2,5.0
662,C,3.690651690850403,0,3.690651690850403
663,C,3.5019587925266427,2,5.0
664,C,1.8991343656383206,1,5.0
665,C,5.0,0,5.0
666,C,2.1150579957896536,2,4.856453899902295
667,C,1.9758383180407646,2,5.0
668,C,1.9172099736977888,2,3.3840326017705435
669,C,5.0,0,5.0
670,C,2.3007755691017753,2,4.291073658506671
671,C,4.578895978800548,2,5.0
672,C,0.5876211720983227,1,5.0
673,C,1.0953612754595738,2,5.0
674,C,0.5624031210006247,2,4.160535761620195
675,C,1.2698278422340334,2,4.042181157953222
676,C,5.0,0,5.0
677,C,5.0,0,5.0
678,C,0.8484166643684545,2,5.0
679,C,2.5055170300551164,2,5.0
680,C,0.6773985502163643,2,5.0
681,C,4.266978243962012,2,4.572526858479584
682,C,3.0487229567739456,2,5.0
683,C,3.4620828518075126,0,3.4620828518075126
684,C,1.7211524492987982,2,5.0
685,C,5.0,0,5.0
686,C,3.778788220594183,2,5.0
687,C,0.5556257594352932,1,4.403744606515183
688,C,0.07835984377831144,2,5.0
689,C,1.789758892886769,2,4.9796592357218765
690,C,5.0,0,5.0
691,C,2.950266156560594,2,5.0
692,C,0.13286737906916812,2,5.0
693,C,4.177086907002074,0,4.177086907002074
694,C,2.1536658122690238,1,4.601532549056452
695,C,4.641091879861847,2,5.0
696,C,4.200499357043869,0,4.200499357043869
697,C,2.743109488367437,2,5.0
698,C,0.5577329095540555,2,4.250849117129672
699,C,5.0,0,5.0
700,C,4.625806792436768,0,4.625806792436768
701,C,1.9717919556297547,2,5.0
702,C,3.1152194019183956,2,5.0
703,C,4.702732761727768,0,4.702732761727768
704,C,5.0,0,5.0
705,C,0.8624805922754378,2,5.0
706,C,2.1850940604002536,2,5.0
707,C,1.5383985400307707,2,4.296545772622466
708,C,5.0,0,5.0
709,C,1.974328354606562,2,4.241739627041163
710,C,1.7663436284987621,2,3.633775981620211
711,C,1.156580627629065,2,5.0
712,C,3.1861751225023074,2,5.0
713,C,2.429031021085523,1,5.0
714,C,2.486215502952854,2,4.327184111470183
715,C,2.4884571511038813,2,5.0
716,C,5.0,0,5.0
717,C,0.08728702972292077,1,3.6149198894713406
718,C,1.2913037914287961,2,5.0
719,C,3.0973310978558537,0,3.0973310978558537
720,C,0.25233067124460135,2,4.484285345047494
721,C,3.7687612992182156,2,4.34311557108737
722,C,0.19206950157094435,2,5.0
723,C,2.5308096943380365,2,5.0
724,C,1.751680592121175,2,5.0
725,C,0.225742306192987,2,3.605395959522971
726,C,5.0,0,5.0
727,C,3.5212711530262686,2,5.0
728,C,0.24171121181826838,2,5.0
729,C,3.7087976908266507,2,5.0
730,C,5.0,0,5.0
731,C,0.09985234996732738,2,5.0
732,C,2.551001398535204,2,5.0
733,C,1.7676351953959202,2,5.0
734,C,3.031458647141567,2,3.0611197055868957
735,C,5.0,0,5.0
736,C,3.6711077642706575,2,5.0
737,C,4.430259427210212,2,5.0
738,C,0.9470410858869848,2,5.0
739,C,4.2592562730995835,2,5.0
740,C,0.35003333676210246,2,5.0
741,C,5.0,0,5.0
742,C,3.203015114597655,2,5.0
743,C,2.3498395270522354,2,5.0
744,C,3.6485926576965997,2,3.9796682693536534
745,C,2.9495930264911108,2,3.5814549232354214
746,C,2.1370704734220896,2,5.0
747,C,3.106208293142024,2,3.7637436059483798
748,C,5.0,0,5.0
749,C,0.33141286729783037,1,5.0
750,C,3.42754812894937,0,3.42754812894937
751,C,2.3249403868217464,2,5.0
752,C,4.773156750620205,2,5.0
753,C,1.562124091729587,2,4.767642437237628
754,C,4.772903061871163,0,4.772903061871163
755,C,0.13862256140716575,2,3.1449444647080216
756,C,3.8694352411374218,0,3.8694352411374218
757,C,2.8795741724778243,2,4.804695124051935
758,C,5.0,0,5.0
759,C,2.6344906707348548,2,5.0
760,C,5.0,0,5.0
761,C,3.740748813026248,0,3.740748813026248
762,C,1.7742165350712715,2,3.5418555113455685
763,C,5.0,0,5.0
764,C,1.6061191584451888,2,5.0
765,C,4.066632570583754,2,5.0
766,C,2.4749233194605935,2,5.0
767,C,0.6935476135671411,2,3.812827848834204
768,C,1.4013303488584465,2,3.5056024587956336
769,C,4.908781604033178,2,5.0
770,C,1.5165717861173593,2,5.0
771,C,5.0,0,5.0
772,C,0.9564831458646366,2,5.0
773,C,3.1769695098852755,2,5.0
774,C,1.6845350811460718,1,4.759672866725782
775,C,1.739742916503804,2,5.0
776,C,4.418270364351814,0,4.418270364351814
777,C,3.5431055205076527,0,3.5431055205076527
778,C,3.683342021379754,2,5.0
779,C,0.2247925129535687,2,5.0
780,C,1.4076511948184525,1,5.0
781,C,3.8394315196606588,2,4.352410429346289
782,C,2.428287039326995,2,5.0
783,C,2.7851837771176373,2,5.0
784,C,1.6369374605271239,2,4.103135904843886
785,C,5.0,0,5.0
786,C,4.622923015602991,0,4.622923015602991
787,C,5.0,0,5.0
788,C,3.072592993104641,0,3.072592993104641
789,C,2.417457845648005,1,3.3568971182788845
790,C,0.5207508178855523,2,5.0
791,C,0.479640015184858,2,5.0
792,C,3.3231752269496035,0,3.3231752269496035
793,C,3.512751912991358,2,5.0
794,C,0.4803789866226761,2,5.0
795,C,0.5705226232376572,2,5.0
796,C,4.1184561331187135,2,5.0
797,C,0.7323396563119333,2,5.0
798,C,0.19042179859215203,2,4.121131534339867
799,C,4.651357889678448,2,4.79966989794133
800,C,4.928455614265927,0,4.928455614265927
801,C,5.0,0,5.0
802,C,2.0500063278834806,2,3.3643103806150276
803,C,3.9108924817594337,1,5.0
804,C,3.311409841072428,0,3.311409841072428
805,C,2.2402654474795334,2,4.441821255200545
806,C,5.0,0,5.0
807,C,4.621999425115208,0,4.621999425115208
808,C,3.535590266537859,1,3.7016945904606633
809,C,0.042666262130340325,2,5.0
810,C,1.6797079788017801,2,4.057904161267443
811,C,0.46201096279100035,2,5.0
812,C,0.3341665353566095,2,5.0
813,C,0.4942193406679358,2,5.0
814,C,2.4086268782708533,2,5.0
815,C,1.4295276784192152,2,5.0
816,C,0.7794383228399432,2,3.8517637843837256
817,C,4.1164990803287305,0,4.1164990803287305
818,C,0.21986779267357134,2,3.7998808904119703
819,C,4.595897895074802,2,5.0
820,C,0.10140899906253492,2,4.186581268809512
821,C,2.9926158893993193,2,5.0
822,C,1.8200280216219966,2,4.968575071337948
823,C,4.157592345106322,0,4.157592345106322
824,C,1.5478739555403718,2,4.876732669697101
825,C,2.045933889674917,2,5.0
826,C,3.4105590319463714,0,3.4105590319463714
827,C,3.2074978065295867,0,3.2074978065295867
828,C,3.679235639321748,0,3.679235639321748
829,C,0.24476087038134212,2,3.606571641938687
830,C,3.6839126941681872,2,5.0
831,C,2.012836752724304,2,5.0
832,C,1.2753270394408271,1,5.0
833,C,1.7985014469227152,2,3.259138647734156
834,C,1.9157617511008038,1,5.0
835,C,5.0,0,5.0
836,C,2.297793421972255,2,3.0650539882285512
837,C,3.425355052426313,2,5.0
838,C,3.4578341078868893,2,5.0
839,C,3.348514522244015,0,3.348514522244015
840,C,3.8337310346824394,2,5.0
841,C,3.6197772758894384,2,5.0
842,C,2.1011748425781387,2,3.405549270250234
843,C,4.2373745280464785,0,4.2373745280464785
844,C,4.864459273777555,0,4.864459273777555
845,C,2.2508650348176897,2,4.998300137077024
846,C,3.451408302396289,1,5.0
847,C,3.188399838463375,2,5.0
848,C,2.525665940691913,2,5.0
849,C,5.0,0,5.0
850,C,2.2458767643002653,1,3.407167515468052
851,C,5.0,0,5.0
852,C,3.7230062969692868,0,3.7230062969692868
853,C,1.2229320189583157,2,5.0
854,C,0.262122262664968,2,4.609083292892458
855,C,1.1114887923900627,2,5.0
856,C,2.5930008024204296,2,3.5430943544829727
857,C,4.312727843333487,2,5.0
858,C,2.5669329268114223,2,5.0
859,C,0.9700436079690726,2,5.0
860,C,5.0,0,5.0
861,C,0.9565658073971711,2,5.0
862,C,2.102835514769712,1,4.236226250163345
863,C,3.419213614033107,0,3.419213614033107
864,C,0.371991574358152,2,5.0
865,C,0.454374877635835,2,3.8678727576254697
866,C,0.613836085974995,2,5.0
867,C,0.8035717841454996,2,4.205456404423904
868,C,4.782951945098681,2,5.0
869,C,4.0730611152047596,2,4.5498145102512035
870,C,1.24696787327102,1,5.0
871,C,3.614240689199652,0,3.614240689199652
872,C,3.4042386421089277,2,4.131787158081776
873,C,3.9378528510169897,2,5.0
874,C,3.392708819687681,1,5.0
875,C,0.023319320858457764,2,3.101036177886881
876,C,3.164109354718296,0,3.164109354718296
877,C,4.770478855706868,0,4.770478855706868
878,C,0.27421982249204163,1,5.0
879,C,2.166833964672222,2,5.0
880,C,4.762416935198058,0,4.762416935198058
881,C,5.0,0,5.0
882,C,4.076170891363397,0,4.076170891363397
883,C,4.654477674491486,2,5.0
884,C,1.8148843290807193,2,4.47298774025611
885,C,5.0,0,5.0
886,C,4.262846383462331,2,5.0
887,C,3.947831471963351,0,3.947831471963351
888,C,2.7637229060687596,1,4.389923998492007
889,C,4.518245673392497,2,5.0
890,C,0.45573070727597886,2,5.0
891,C,0.9586418463396094,2,5.0
892,C,4.1542484451492365,0,4.1542484451492365
893,C,1.9065298786193163,2,5.0
894,C,2.3328596160302233,2,4.79203425888894
895,C,5.0,0,5.0
896,C,3.407373858471796,0,3.407373858471796
897,C,3.536968802292919,0,3.536968802292919
898,C,5.0,0,5.0
899,C,3.797119269333726,0,3.797119269333726
900,C,3.6956058011230515,2,5.0
901,C,5.0,0,5.0
902,C,1.5290078721353708,2,5.0
903,C,4.38423440786152,0,4.38423440786152
904,C,4.139884431987598,2,5.0
905,C,5.0,0,5.0
906,C,5.0,0,5.0
907,C,2.1905694860286475,2,5.0
908,C,2.5410219112911454,2,3.4374399276407166
909,C,1.1473914067571878,2,5.0
910,C,5.0,0,5.0
911,C,1.8334379192476014,1,5.0
912,C,0.9511625248482178,2,5.0
913,C,2.4962246539582527,2,5.0
914,C,2.50122365455483,2,5.0
915,C,2.3460112917774287,2,4.072443806081387
916,C,0.7668822108484906,2,5.0
917,C,4.798070453904767,0,4.798070453904767
918,C,5.0,0,5.0
919,C,1.3369762273837222,2,4.237678749964436
920,C,0.1049306983913265,2,5.0
921,C,0.5126825971196938,2,3.1519950206508587
922,C,3.107824036110013,2,5.0
923,C,1.487783284016246,2,4.917588523343217
924,C,4.4504727082861,0,4.4504727082861
925,C,3.259087076298282,2,5.0
926,C,1.9031703680988914,2,5.0
927,C,4.300713413884512,2,5.0
928,C,4.42735069365129,0,4.42735069365129
929,C,2.06954298746847,2,5.0
930,C,5.0,0,5.0
931,C,4.137813692489107,2,5.0
932,C,0.5533685938637706,2,4.768377511024689
933,C,0.8356505503757534,2,3.6017966974243354
934,C,5.0,0,5.0
935,C,0.23699649523620267,2,3.5920824832621143
936,C,3.8052300102108583,2,5.0
937,C,0.08178968287583487,2,5.0
938,C,4.909664764170859,0,4.909664764170859
939,C,1.8720538161176583,2,5.0
940,C,2.425268734349526,2,5.0
941,C,2.137089703444746,2,4.493480419096831
942,C,1.5096535918570515,2,3.0579670073446925
943,C,4.284883938420102,2,5.0
944,C,4.20755513225135,1,5.0
945,C,3.5857652908728554,0,3.5857652908728554
946,C,1.2049778137219467,2,5.0
947,C,3.309075583068515,0,3.309075583068515
948,C,3.0202023320195854,0,3.0202023320195854
949,C,0.21948345925730772,2,3.843725568449834
950,C,0.4663756285274371,2,3.1255081578551795
951,C,0.10310763841883941,2,5.0
952,C,3.02896904135609,2,5.0
953,C,5.0,0,5.0
954,C,5.0,0,5.0
955,C,5.0,0,5.0
956,C,1.0883423809528476,2,3.1708963644327213
957,C,3.0453372862839387,2,4.331321053054781
958,C,1.4339617671204712,2,5.0
959,C,5.0,0,5.0
960,C,1.7004076421703869,2,5.0
961,C,2.955246435421509,2,5.0
962,C,2.5462628272160464,2,5.0
963,C,5.0,0,5.0
964,C,5.0,0,5.0
965,C,4.548763301933729,0,4.548763301933729
966,C,0.21807616749833816,2,5.0
967,C,1.3245049564418432,1,4.84235233561582
968,C,0.37757932226325874,2,5.0
969,C,1.8704677158065321,2,5.0
970,C,2.3718896565830696,2,3.9306167477321137
971,C,2.1686069222780207,2,5.0
972,C,2.463169408682615,2,5.0
973,C,4.443531340294202,0,4.443531340294202
974,C,1.6008503253024131,1,4.307112679785239
975,C,2.6065800888333164,2,5.0
976,C,0.16096972426411707,2,3.9340857346173506
977,C,3.377696499612606,2,4.7380968495077305
978,C,3.3441807489888995,2,5.0
979,C,2.579591040159398,2,5.0
980,C,1.6871675423061532,2,5.0
981,C,5.0,0,5.0
982,C,0.575666482218159,1,5.0
983,C,4.06521363954598,0,4.06521363954598
984,C,2.6409542129003736,2,5.0
985,C,0.6892238590002635,2,5.0
986,C,5.0,0,5.0
987,C,1.887837857711195,2,3.160094038791916
988,C,5.0,0,5.0
989,C,0.45408903890655283,2,4.641975597647001
990,C,2.3266052249614453,1,5.0
991,C,1.4308716855946322,2,5.0
992,C,0.5909389731977865,2,3.160898536699574
993,C,4.649980086936285,1,5.0
994,C,3.5604410730366585,0,3.5604410730366585
995,C,0.28241258570641803,2,5.0
996,C,1.1146116648191633,1,5.0
997,C,0.11874535493542047,2,3.5706173022142598
998,C,1.2656163437631558,2,5.0
999,C,0.5734979089396864,2,5.0
1000,C,0.7906443397983012,2,5.0
1001,C,0.3391522086842388,2,5.0
1002,C,1.2418891842224058,2,4.519767547753277
1003,C,3.4264813106853174,0,3.4264813106853174
1004,C,2.5109433107752626,1,4.906844945152669
1005,C,2.5175876145398712,2,3.2422851176804035
1006,C,2.7662454555512372,1,5.0
1007,C,0.017626059848874602,1,4.3752474796847025
1008,C,2.8019875631596585,1,5.0
1009,C,3.868340395560484,0,3.868340395560484
1010,C,4.774054851134114,0,4.774054851134114
1011,C,5.0,0,5.0
1012,C,1.8921271695816924,2,3.772590940932858
1013,C,4.317534882340468,0,4.317534882340468
1014,C,5.0,0,5.0
1015,C,0.535136137544863,2,5.0
1016,C,1.8923489671619396,2,4.882321457011189
1017,C,2.615442205577129,2,5.0
1018,C,5.0,0,5.0
1019,C,1.6904316809150977,2,5.0
1020,C,0.018695052076852684,2,5.0
1021,C,3.7994633460681704,0,3.7994633460681704
1022,C,5.0,0,5.0
1023,C,3.4501356820751123,0,3.4501356820751123
1024,C,3.2166833094475953,0,3.2166833094475953
1025,C,5.0,0,5.0
1026,C,2.4848160045574104,2,3.0123982185322924
1027,C,4.424204159508624,2,5.0
1028,C,4.300854408919832,0,4.300854408919832
1029,C,0.6796433388119894,2,5.0
1030,C,5.0,0,5.0
1031,C,3.2581900914409925,2,3.2921035038829016
1032,C,0.5326586256679443,2,5.0
1033,C,4.7404125608904435,2,4.9777314530287
1034,C,1.0961851143006065,2,5.0
1035,C,1.9408323033303667,2,5.0
1036,C,3.155795187441653,2,5.0
1037,C,0.9846123171530032,2,3.685525542995263
1038,C,0.17321392418832351,2,5.0
1039,C,4.334453287940951,0,4.334453287940951
1040,C,0.011395362118319579,2,4.846778141595662
1041,C,5.0,0,5.0
1042,C,2.908144218769568,2,5.0
1043,C,1.6028277322423794,2,5.0
1044,C,5.0,0,5.0
1045,C,5.0,0,5.0
1046,C,1.3349181840583881,2,5.0
1047,C,0.7103198976091677,2,5.0
1048,C,5.0,0,5.0
1049,C,1.6889207249038742,2,4.488393532457261
1050,C,0.5752725971742834,2,5.0
1051,C,3.4113666000581837,0,3.4113666000581837
1052,C,4.845473051158337,0,4.845473051158337
1053,C,1.7415047711113978,2,5.0
1054,C,1.8169625971379688,2,5.0
1055,C,2.276285767829998,1,5.0
1056,C,1.1920904774714176,2,5.0
1057,C,2.7367467747716145,2,3.372521412007962
1058,C,4.432105944594977,0,4.432105944594977
1059,C,0.18284633766980582,2,3.7860012120637725
1060,C,1.6378888062005141,2,5.0
1061,C,1.2710897827589926,2,5.0
1062,C,1.1454986233656193,2,5.0
1063,C,3.2782980726817175,2,3.4234175129259894
1064,C,2.9496281717219675,2,5.0
1065,C,1.1776513759580904,2,5.0
1066,C,1.1833644747630565,2,3.782962375535496
1067,C,1.4762689539598872,2,5.0
1068,C,3.0263033194138846,0,3.0263033194138846
1069,C,2.343153007295198,2,5.0
1070,C,4.794503224427099,1,5.0
1071,C,0.8949178806397985,2,5.0
1072,C,1.0268549289383524,2,5.0
1073,C,1.725179515682332,2,4.834425209439598
1074,C,5.0,0,5.0
1075,C,0.2317223665348997,2,3.3658355740104775
1076,C,5.0,0,5.0
1077,C,3.77350376977235,2,5.0
1078,C,3.1902469832539566,2,5.0
1079,C,5.0,0,5.0
1080,C,5.0,0,5.0
1081,C,2.819383323578486,2,4.680819927921274
1082,C,5.0,0,5.0
1083,C,0.41121756750287874,2,5.0
1084,C,2.7311969890301984,2,5.0
1085,C,0.5139664078478835,2,5.0
1086,C,1.666304484380213,2,5.0
1087,C,0.7570045663513134,2,5.0
1088,C,5.0,0,5.0
1089,C,4.327195039137146,0,4.327195039137146
1090,C,0.2309834945791728,2,5.0
1091,C,2.0816766973474183,2,3.1361736741063213
1092,C,1.3116664132898244,1,5.0
1093,C,5.0,0,5.0
1094,C,1.5272717182952857,1,3.18492324781388
1095,C,0.22788675049976503,2,3.824583139908395
1096,C,3.2153399302674113,0,3.2153399302674113
1097,C,4.772701372473753,2,5.0
1098,C,3.6349088842220416,2,5.0
1099,C,2.1671218824583027,2,5.0
1100,C,2.759363273753358,2,3.8069829991732655
1101,C,2.5164880128769873,2,5.0
1102,C,2.872732284814226,2,3.0050405509187397
1103,C,1.115367877246503,2,3.495213807469392
1104,C,2.3172155880090393,2,5.0
1105,C,5.0,0,5.0
1106,C,1.7083542348484066,2,5.0
1107,C,5.0,0,5.0
1108,C,2.7811550839977435,2,5.0
1109,C,5.0,0,5.0
1110,C,2.502553158491921,2,5.0
1111,C,5.0,0,5.0
1112,C,0.0744545779054269,2,4.022183951732022
1113,C,4.602595663704795,0,4.602595663704795
1114,C,3.504644318542202,2,3.6022564546006586
1115,C,3.4201226911460165,0,3.4201226911460165
1116,C,1.9834639162306167,1,5.0
1117,C,5.0,0,5.0
1118,C,5.0,0,5.0
1119,C,0.340618794725407,2,5.0
1120,C,0.5777099997575071,2,4.560135448076349
1121,C,2.086905530172599,1,5.0
1122,C,2.768447915078663,2,5.0
1123,C,0.15765429371887912,2,3.909531563189435
1124,C,0.13133228296963403,2,5.0
1125,C,3.467572702112907,2,5.0
1126,C,3.619148188908869,0,3.619148188908869
1127,C,0.11701381050417828,2,5.0
1128,C,0.07415523610497067,1,3.141728813585496
1129,C,3.150517367801138,2,3.206951596612917
1130,C,2.3328688168663234,2,4.279655212990232
1131,C,3.7014077952487185,2,5.0
1132,C,5.0,0,5.0
1133,C,0.2049525396494221,2,5.0
1134,C,5.0,0,5.0
1135,C,0.8915787924110077,2,5.0
1136,C,0.8085341006394056,2,5.0
1137,C,5.0,0,5.0
1138,C,1.1974254479169992,2,5.0
1139,C,1.4889930417662738,2,5.0
1140,C,1.7709300796416476,2,5.0
1141,C,3.882268491780699,2,4.874241378349133
1142,C,3.433777654988035,0,3.433777654988035
1143,C,5.0,0,5.0
1144,C,4.565390466671963,2,4.938623152359494
1145,C,1.6690680180382649,2,5.0
1146,C,5.0,0,5.0
1147,C,1.6785610877923205,2,5.0
1148,C,5.0,0,5.0
1149,C,4.905721591972096,2,5.0
1150,C,5.0,0,5.0
1151,C,1.396485682208116,2,5.0
1152,C,0.3044327037903533,2,5.0
1153,C,3.3314751671842195,1,5.0
1154,C,4.746743335035216,0,4.746743335035216
1155,C,3.1300823869900114,0,3.1300823869900114
1156,C,2.2392824241446383,2,5.0
1157,C,1.4629204237315958,2,3.7709918657163595
1158,C,3.716935069332003,0,3.716935069332003
1159,C,2.20575960741981,2,5.0
1160,C,0.1751352902418367,2,4.153166102872891
1161,C,2.440899071989724,2,5.0
1162,C,1.7042812423066849,2,3.385257639357614
1163,C,4.463620777252648,1,5.0
1164,C,4.1724512162176755,0,4.1724512162176755
1165,C,3.7451719739738194,0,3.7451719739738194
1166,C,2.7479614550637113,2,5.0
1167,C,3.1268008334990087,2,5.0
1168,C,5.0,0,5.0
1169,C,0.4222577659904025,2,4.666502565644469
1170,C,3.1321329504798663,0,3.1321329504798663
1171,C,5.0,0,5.0
1172,C,5.0,0,5.0
1173,C,3.7958971967302624,0,3.7958971967302624
1174,C,5.0,0,5.0
1175,C,2.894741550829939,2,5.0
1176,C,1.6883076052022736,2,5.0
1177,C,4.389094571697501,1,5.0
1178,C,1.3980548629429792,2,5.0
1179,C,3.778139698332484,2,4.627429268828724
1180,C,0.36921776525180455,1,3.938063222480887
1181,C,0.9506171509653198,1,5.0
1182,C,0.648962182305661,2,5.0
1183,C,3.3774063847083515,0,3.3774063847083515
1184,C,3.9550873468571206,0,3.9550873468571206
1185,C,3.257310410402503,0,3.257310410402503
1186,C,0.05519661294793174,2,5.0
1187,C,5.0,0,5.0
1188,C,0.8746811335144152,2,5.0
1189,C,2.3583822965696544,2,5.0
1190,C,0.4961860670535738,2,5.0
1191,C,2.9394984676077236,2,5.0
1192,C,0.9298963264913375,2,3.385588866197297
1193,C,0.936628818617922,2,4.387043794396213
1194,C,5.0,0,5.0
1195,C,4.058119886266699,2,4.186770941503837
1196,C,3.6431183394288533,1,4.34541811127046
1197,C,5.0,0,5.0
1198,C,5.0,0,5.0
1199,C,4.530459053539135,0,4.530459053539135
1200,C,0.8170393740573144,2,5.0
1201,C,2.131316999652088,2,4.2600425858243645
1202,C,2.038328883266824,2,4.774841126045459
1203,C,3.5020538298538564,0,3.5020538298538564
1204,C,0.7594650030623495,2,4.879757105202063
1205,C,5.0,0,5.0
1206,C,0.010493899817119401,2,5.0
1207,C,5.0,0,5.0
1208,C,1.035863188269073,1,3.8615917683667664
1209,C,5.0,0,5.0
1210,C,2.6545056748150295,2,5.0
1211,C,3.943943813540118,2,4.3012707329593
1212,C,0.8911722141010583,2,5.0
1213,C,0.3601361017993583,2,5.0
1214,C,4.356318259886473,0,4.356318259886473
1215,C,3.4270339150273794,2,5.0
1216,C,1.468533205131321,2,3.1123854559249553
1217,C,5.0,0,5.0
1218,C,0.19326990949197553,2,3.8986446099257783
1219,C,2.13447735795515,1,5.0
1220,C,2.740152158135843,2,4.618833436294631
1221,C,2.4123023412434774,2,5.0
1222,C,2.362173033347119,2,5.0
1223,C,2.234409254488082,2,4.615068224568459
1224,C,0.9683910535754153,2,5.0
1225,C,2.593374231269577,2,4.597847311620518
1226,C,0.9841150293389165,2,5.0
1227,C,1.157576316809686,2,5.0
1228,C,5.0,0,5.0
1229,C,4.721965521323541,0,4.721965521323541
1230,C,2.7923955972494507,2,5.0
1231,C,3.140503795712553,2,4.636511007493043
1232,C,1.8457105604960296,2,3.2066512950034145
1233,C,0.4992038284117852,2,5.0
1234,C,2.22333529603827,2,3.135969237913155
1235,C,1.2774281977443604,2,5.0
1236,C,5.0,0,5.0
1237,C,1.6086184327863926,2,5.0
1238,C,1.3725307774021032,2,4.660627365725468
1239,C,0.7497577718629181,1,3.6887143558574875
1240,C,1.6034478335668259,2,4.151656610231107
1241,C,1.4189193878093427,2,4.975912094201076
1242,C,5.0,0,5.0
1243,C,2.9983585962842745,2,5.0
1244,C,3.5283386633316827,2,5.0
1245,C,3.5349236805255946,0,3.5349236805255946
1246,C,2.8560851232751445,2,4.999150108739499
1247,C,3.180982051687992,0,3.180982051687992
1248,C,4.862154458915814,0,4.862154458915814
1249,C,4.804038547339673,2,5.0
1250,C,1.5132541612760342,2,4.162204494139878
1251,C,0.008780806611617616,2,4.249505898571446
1252,C,0.18505404222465904,2,4.213756320196612
1253,C,0.9466338035531664,2,5.0
1254,C,1.2729609470842216,2,5.0
1255,C,5.0,0,5.0
1256,C,0.30209782683746506,2,4.792688188316774
1257,C,0.2304067164962126,2,5.0
1258,C,0.1228947829306135,2,4.244763149836963
1259,C,2.456558546588255,2,3.254835135474801
1260,C,5.0,0,5.0
1261,C,3.744038346943114,1,5.0
1262,C,0.015529160881348807,2,5.0
1263,C,0.9490027990680827,2,4.5740075369325295
1264,C,1.1583849797625438,2,5.0
1265,C,3.9047991765136647,2,5.0
1266,C,0.13026540191967853,2,5.0
1267,C,5.0,0,5.0
1268,C,0.7110308797414459,1,5.0
1269,C,0.4626195846587319,2,5.0
1270,C,0.8988131121589684,2,5.0
1271,C,4.306731103584612,0,4.306731103584612
1272,C,0.7944797167218222,2,3.53358091845956
1273,C,0.759950097515238,2,5.0
1274,C,3.9436058448848033,0,3.9436058448848033
1275,C,2.05856561548176,2,3.3446742861440306
1276,C,1.1364163714573625,2,5.0
1277,C,1.783667435818691,2,4.6410468242642136
1278,C,0.13829963106478121,2,4.506533772037205
1279,C,0.5113118023795711,2,4.889976962420678
1280,C,2.2930229292388935,1,4.570766619352867
1281,C,2.838595565963248,2,5.0
1282,C,5.0,0,5.0
1283,C,3.6463331527931127,2,5.0
1284,C,0.7124900307628111,2,5.0
1285,C,1.1463250683050472,2,5.0
1286,C,1.8579755083996141,1,3.0688368826391916
1287,C,3.14886651693468,1,5.0
1288,C,1.6425289398877734,2,5.0
1289,C,1.7020840242540594,2,4.069380293349886
1290,C,5.0,0,5.0
1291,C,0.09362134234479219,2,3.0946064569577025
1292,C,4.08244961294161,0,4.08244961294161
1293,C,5.0,0,5.0
1294,C,1.629215610602263,2,4.730551333730945
1295,C,0.5953532740246067,2,4.756886376388797
1296,C,0.2612717110564594,2,3.9295869187403567
1297,C,1.0704489249545888,2,5.0
1298,C,5.0,0,5.0
1299,C,0.32067204288259044,2,5.0
1300,C,5.0,0,5.0
1301,C,3.009434335650023,0,3.009434335650023
1302,C,5.0,0,5.0
1303,C,0.2590239724442406,2,5.0
1304,C,2.332781417654548,1,5.0
1305,C,5.0,0,5.0
1306,C,2.1750586475547653,2,5.0
1307,C,2.409661878724197,2,3.040190183263862
1308,C,3.0836937783793616,2,5.0
1309,C,0.8129906483276625,2,5.0
1310,C,0.41993889906565196,2,5.0
1311,C,1.796758961222036,2,5.0
1312,C,5.0,0,5.0
1313,C,1.5550835519505577,2,4.789861567070642
1314,C,3.0338811947907103,0,3.0338811947907103
1315,C,2.0863343732989716,2,5.0
1316,C,1.4117741065607037,2,3.2685628996486678
1317,C,3.2247398713950175,2,5.0
1318,C,1.7008498969155612,2,4.872116752330969
1319,C,2.4087275593348254,2,5.0
1320,C,2.6765964239056763,2,4.067066908308773
1321,C,1.1670778951072451,2,5.0
1322,C,4.68561521569589,0,4.68561521569589
1323,C,4.901403544960599,2,5.0
1324,C,0.9921720494621564,2,5.0
1325,C,3.1564270251099864,2,3.9223688820958316
1326,C,5.0,0,5.0
1327,C,5.0,0,5.0
1328,C,1.365673214863279,2,5.0
1329,C,0.2667882763509747,1,5.0
1330,C,4.917114686321486,2,5.0
1331,C,2.6937197752654365,2,3.5546297776831506
1332,C,5.0,0,5.0
1333,C,0.7212745298690589,2,5.0
1334,C,0.5632538327987486,2,5.0
1335,C,1.3914422310958334,2,3.4767936809244104
1336,C,0.5357712084895938,2,5.0
1337,C,4.324481532714739,0,4.324481532714739
1338,C,1.1431302019790632,2,5.0
1339,C,1.4858241047222998,2,5.0
1340,C,5.0,0,5.0
1341,C,0.9657855151901478,1,3.047252191903114
1342,C,5.0,0,5.0
1343,C,5.0,0,5.0
1344,C,4.420463934926089,0,4.420463934926089
1345,C,0.5754419339659166,1,5.0
1346,C,1.5489600745935992,2,5.0
1347,C,1.4031652206081602,2,4.350079162914609
1348,C,2.9395928936825646,2,4.109196035852673
1349,C,0.5578054393256898,1,5.0
1350,C,0.6533778523890323,1,4.161943007267331
1351,C,2.840556024610966,2,5.0
1352,C,0.14846273134326762,2,5.0
1353,C,3.683364330777457,0,3.683364330777457
1354,C,3.031909465663356,2,5.0
1355,C,3.4058628023085022,0,3.4058628023085022
1356,C,3.831958084754594,0,3.831958084754594
1357,C,2.3163098279147287,1,4.563225275650076
1358,C,0.01545960382284714,2,3.771475361181424
1359,C,5.0,0,5.0
1360,C,4.458827247851735,0,4.458827247851735
1361,C,2.8738917261676624,2,4.774864506932195
1362,C,3.435659159863872,0,3.435659159863872
1363,C,1.3478745374178407,2,3.865344304054992
1364,C,0.02603164110358151,2,4.58971119249696
1365,C,0.5167814489919851,2,5.0
1366,C,5.0,0,5.0
1367,C,0.05265953009449401,2,3.3720893371477736
1368,C,2.6713675041183493,2,5.0
1369,C,3.4200619468667366,0,3.4200619468667366
1370,C,5.0,0,5.0
1371,C,2.1389807670897882,2,5.0
1372,C,5.0,0,5.0
1373,C,5.0,0,5.0
1374,C,2.1944569202246504,2,3.9297142616152856
1375,C,3.7782516177402976,0,3.7782516177402976
1376,C,2.4907960235834015,2,4.518429344908266
1377,C,2.0445315647005198,2,3.2852188113201928
1378,C,0.47556794960370835,2,3.273683507213302
1379,C,3.971218487695976,2,5.0
1380,C,4.021295311636981,0,4.021295311636981
1381,C,3.728904363937329,0,3.728904363937329
1382,C,2.6574472947381054,2,3.083806674947331
1383,C,3.7987900199349007,2,5.0
1384,C,3.787098389845955,0,3.787098389845955
1385,C,5.0,0,5.0
1386,C,1.1563386417436965,2,4.835641842023438
1387,C,3.8883269041855084,0,3.8883269041855084
1388,C,1.3857038290543633,2,5.0
1389,C,4.974140362629934,2,5.0
1390,C,2.030001170204876,1,5.0
1391,C,5.0,0,5.0
1392,C,5.0,0,5.0
1393,C,3.6249162895234424,0,3.6249162895234424
1394,C,3.177331236827486,2,4.688357403404975
1395,C,3.0163329081235237,0,3.0163329081235237
1396,C,4.908711553832928,0,4.908711553832928
1397,C,4.612639999809217,0,4.612639999809217
1398,C,2.8968380164520147,2,4.303682493268685
1399,C,4.209174381219666,2,5.0
1400,C,3.8405092475248583,0,3.8405092475248583
1401,C,0.9087421313207517,1,5.0
1402,C,4.695434939208698,2,5.0
1403,C,0.11604517434129051,2,5.0
1404,C,2.3184441233365676,2,5.0
1405,C,2.6315317768659994,2,5.0
1406,C,4.233056515775835,0,4.233056515775835
1407,C,0.1626915771294307,2,4.288575351138933
1408,C,0.2702827931092622,1,5.0
1409,C,3.2020213415953873,2,5.0
1410,C,0.053906385446465206,2,5.0
1411,C,0.94695871551126,2,5.0
1412,C,3.419783806580706,2,5.0
1413,C,1.2355875598688912,2,5.0
1414,C,4.316503691744225,2,5.0
1415,C,1.9426203798214532,2,5.0
1416,C,3.1329691140168032,0,3.1329691140168032
1417,C,3.1935636190861127,1,3.747964007045143
1418,C,4.1446477898415,0,4.1446477898415
1419,C,4.2587675212302605,0,4.2587675212302605
1420,C,1.0150478395862712,2,5.0
1421,C,4.48298275614415,0,4.48298275614415
1422,C,0.48017749493301504,2,5.0
1423,C,4.008923727265935,0,4.008923727265935
1424,C,0.18221979600541421,2,5.0
1425,C,2.4960868895068358,2,5.0
1426,C,5.0,0,5.0
1427,C,4.405394096461393,0,4.405394096461393
1428,C,0.6495120695422146,2,4.793483042171877
1429,C,3.4641112457786205,2,3.8393310470164197
1430,C,2.583713777680928,2,5.0
1431,C,0.9929842196880263,2,5.0
1432,C,3.4191494909235125,0,3.4191494909235125
1433,C,3.087073197599607,1,5.0
1434,C,3.162953691065515,2,4.128184840490912
1435,C,1.349828360326021,2,5.0
1436,C,1.2121660477609433,2,5.0
1437,C,3.752375277628004,0,3.752375277628004
1438,C,4.063388885124005,0,4.063388885124005
1439,C,3.9690430211087797,0,3.9690430211087797
1440,C,2.132827034085876,2,5.0
1441,C,3.669351258370341,2,5.0
1442,C,0.4541116113689415,2,4.942911438600727
1443,C,0.30071778482802436,2,5.0
1444,C,4.9406135827157875,0,4.9406135827157875
1445,C,4.341907048970756,0,4.341907048970756
1446,C,1.7441336072512186,2,5.0
1447,C,0.8291714837210387,2,4.078972623689624
1448,C,0.08068485665933042,2,4.617681923811958
1449,C,2.4226683512132676,2,5.0
1450,C,1.689531977501862,2,5.0
1451,C,2.728780022609865,2,5.0
1452,C,3.9953936361793714,0,3.9953936361793714
1453,C,3.3810028351855097,2,4.398391276325226
1454,C,4.25731730162437,2,5.0
1455,C,0.7582808607121395,2,5.0
1456,C,5.0,0,5.0
1457,C,0.3628378542627957,2,3.692512534624278
1458,C,1.0952920221002658,2,5.0
1459,C,0.9442564746663802,2,3.0068533850789985
1460,C,0.11976464220238939,2,5.0
1461,C,1.102972023892662,1,4.061095960991523
1462,C,2.6305307466523846,2,5.0
1463,C,2.0630196161159513,2,4.4504159604287565
1464,C,0.24209427078462087,2,5.0
1465,C,1.8029582401332374,2,5.0
1466,C,0.9235264329551421,2,5.0
1467,C,1.613085238956247,2,5.0
1468,C,1.3954427103237295,2,5.0
1469,C,0.7193302249103423,2,3.593594669869877
1470,C,1.4652355013178644,1,5.0
1471,C,1.932485360268251,2,5.0
1472,C,3.5742313089796514,0,3.5742313089796514
1473,C,2.472704053371884,2,3.222099793054118
1474,C,2.823033615508929,2,4.917601162147591
1475,C,0.34550962816879965,2,5.0
1476,C,4.052950445092057,0,4.052950445092057
1477,C,0.2726612045235314,1,5.0
1478,C,1.4583408503592852,2,5.0
1479,C,2.180219321318359,2,5.0
1480,C,4.621877825950892,2,5.0
1481,C,2.4831568032244,2,5.0
1482,C,3.4582088333437415,0,3.4582088333437415
1483,C,0.6008407895098952,2,5.0
1484,C,1.7075827031694795,2,5.0
1485,C,2.416418374413256,2,5.0
1486,C,4.815217388351806,0,4.815217388351806
1487,C,4.190564033375327,1,5.0
1488,C,0.13906738187412268,2,5.0
1489,C,5.0,0,5.0
1490,C,4.251177937146208,0,4.251177937146208
1491,C,2.3874332048851814,2,5.0
1492,C,3.85222784514829,0,3.85222784514829
1493,C,1.1504927259394373,2,5.0
1494,C,3.3763018404380585,0,3.3763018404380585
1495,C,5.0,0,5.0
1496,C,0.07686488664895073,1,4.877894708816713
1497,C,4.070300693975372,0,4.070300693975372
1498,C,4.769634334348616,2,5.0
1499,C,4.456781963904474,2,5.0
1500,C,3.362418129255561,2,5.0
1501,C,1.2838602533866996,2,3.33577769572017
1502,C,1.56302767092917,2,4.923333009840048
1503,C,4.283759360519626,0,4.283759360519626
1504,C,0.04099712525102517,2,5.0
1505,C,5.0,0,5.0
1506,C,3.8368947556694293,0,3.8368947556694293
1507,C,1.8147805173432927,2,5.0
1508,C,0.9579303249276061,2,5.0
1509,C,1.8305585087212888,2,5.0
1510,C,5.0,0,5.0
1511,C,1.5873476941874498,2,5.0
1512,C,0.27749141004953903,2,3.231674385899279
1513,C,2.9785098962938794,2,3.058734479593834
1514,C,4.284028226658139,2,5.0
1515,C,5.0,0,5.0
1516,C,5.0,0,5.0
1517,C,1.2903302934485181,2,3.0365573770189465
1518,C,0.4707671664249479,2,5.0
1519,C,1.2228231511688301,2,5.0
1520,C,1.7009345440214962,2,5.0
1521,C,0.5382574029603577,2,3.3186963689773674
1522,C,2.5987887696113985,2,5.0
1523,C,0.06152538153524023,2,5.0
1524,C,2.318485441536932,2,5.0
1525,C,2.0541798889540748,2,4.189480358353698
1526,C,2.5194099972371133,2,4.368730516125936
1527,C,0.9518318196253752,2,5.0
1528,C,1.061452269511421,2,5.0
1529,C,3.0850678912258296,1,5.0
1530,C,5.0,0,5.0
1531,C,0.850056687865953,2,5.0
1532,C,0.4434870165761299,2,4.203070091141609
1533,C,4.249611958405897,2,5.0
1534,C,1.31785205955391,1,5.0
1535,C,5.0,0,5.0
1536,C,0.9166813413489778,2,3.7403345841426945
1537,C,0.8407595849910118,2,5.0
1538,C,0.24041606672729152,1,5.0
1539,C,3.1074669694748156,2,3.259188030816074
1540,C,3.6694694824471314,0,3.6694694824471314
1541,C,2.0636179782948667,2,5.0
1542,C,0.19115288273255784,2,5.0
1543,C,5.0,0,5.0
1544,C,5.0,0,5.0
1545,C,1.459770683814323,2,3.854824814988875
1546,C,2.54494863494576,2,4.861421874520139
1547,C,3.1288781364239835,1,5.0
1548,C,0.37348951792668333,2,5.0
1549,C,5.0,0,5.0
1550,C,2.4142490760934687,2,5.0
1551,C,1.9987616656449538,2,5.0
1552,C,1.8031231033933743,2,3.0184669889479077
1553,C,2.7777325583636694,2,5.0
1554,C,0.5338780420994347,2,5.0
1555,C,0.5364737263845477,2,3.660554614215605
1556,C,3.2985285256535297,2,4.431584588100036
1557,C,5.0,0,5.0
1558,C,3.1010214984553253,0,3.1010214984553253
1559,C,5.0,0,5.0
1560,C,0.7264418324388264,1,3.0576407924551496
1561,C,3.8624890509105976,0,3.8624890509105976
1562,C,4.051977677874372,2,5.0
1563,C,3.264826323482991,0,3.264826323482991
1564,C,1.603278346630521,2,5.0
1565,C,1.988163407975538,2,5.0
1566,C,0.16087059759039588,2,3.439040259010895
1567,C,3.006048887308897,2,4.169328155754522
1568,C,0.3056630396023061,2,5.0
1569,C,2.9129386954534384,2,3.134038014700338
1570,C,1.566356370129268,2,3.545388219076344
1571,C,5.0,0,5.0
1572,C,4.01283161611506,2,5.0
1573,C,0.032364252415445965,2,3.40547972168548
1574,C,0.12985623575686236,2,3.2650788540090936
1575,C,3.0814080895972293,1,3.411145308515442
1576,C,0.3423077189014095,1,4.9832483216867125
1577,C,3.563096629660298,1,4.834750224389693
1578,C,0.08501198947008928,2,4.705103617604581
1579,C,4.406544114936891,0,4.406544114936891
1580,C,0.36394417375965815,2,5.0
1581,C,1.1431620041134811,2,5.0
1582,C,0.9653130980006631,2,5.0
1583,C,0.4870598997167687,1,5.0
1584,C,5.0,0,5.0
1585,C,3.2832262400387155,2,4.1731196405616915
1586,C,1.4379923649098245,2,5.0
1587,C,5.0,0,5.0
1588,C,5.0,0,5.0
1589,C,2.1506382483952033,2,4.828908963094191
1590,C,5.0,0,5.0
1591,C,4.9730703597123975,0,4.9730703597123975
1592,C,0.5081639248141493,1,4.075479020363708
1593,C,3.59415737839308,2,5.0
1594,C,3.6244433643129015,0,3.6244433643129015
1595,C,0.63915850338917,2,4.681485656629372
1596,C,1.397768169191931,2,4.6312439541429065
1597,C,1.4633680458111942,1,3.4991766646028575
1598,C,0.17021375731714836,2,5.0
1599,C,2.101125581136316,2,3.263675401619536
1600,C,1.619999143784827,2,5.0
1601,C,0.10689060461787207,2,5.0
1602,C,3.1938562955266643,2,4.268746120416133
1603,C,0.9214507676061814,2,4.898795488036022
1604,C,1.1346109220826484,2,5.0
1605,C,5.0,0,5.0
1606,C,2.8652580591880996,2,5.0
1607,C,5.0,0,5.0
1608,C,3.007176738079968,0,3.007176738079968
1609,C,1.7272371414743268,2,3.8688357668343354
1610,C,0.7205446095499941,2,4.242145542527959
1611,C,2.9822317040600357,2,4.385640525974242
1612,C,1.1853868710502777,2,5.0
1613,C,3.0897118320546104,1,5.0
1614,C,0.1845676413908478,2,4.417617918880483
1615,C,0.9336387802982662,2,5.0
1616,C,1.5645959705626826,2,5.0
1617,C,4.481096355168731,2,5.0
1618,C,4.362055956515393,2,4.9229421905837745
1619,C,3.9878949359895492,2,5.0
1620,C,3.6267713080715724,0,3.6267713080715724
1621,C,3.594497267762467,2,5.0
1622,C,4.571362578493218,2,4.675144098941735
1623,C,3.1853259322592957,2,5.0
1624,C,3.880609366257575,2,5.0
1625,C,2.604303188934798,2,5.0
1626,C,1.1198258514935724,2,3.6362323119972704
1627,C,4.553598852618965,0,4.553598852618965
1628,C,0.22155555389268633,2,5.0
1629,C,0.8739875187678002,2,5.0
1630,C,4.039832245787161,2,5.0
1631,C,3.8451601705892973,0,3.8451601705892973
1632,C,2.7354090817182755,2,5.0
1633,C,0.09327312599797166,2,5.0
1634,C,1.756039992146136,2,5.0
1635,C,5.0,0,5.0
1636,C,2.758359485395507,2,3.6525326295583813
1637,C,3.712150864508549,0,3.712150864508549
1638,C,3.603372717824558,0,3.603372717824558
1639,C,1.70785228782001,2,5.0
1640,C,1.1880397684760164,2,4.320314707000257
1641,C,5.0,0,5.0
1642,C,0.7171522354391319,2,5.0
1643,C,2.7854038294192507,2,4.1916859465239344
1644,C,4.202634838486235,2,5.0
1645,C,0.4172090172241689,2,5.0
1646,C,1.95848780535444,2,3.039979908321249
1647,C,3.7417191801996283,0,3.7417191801996283
1648,C,0.18771798677066442,2,5.0
1649,C,3.1358938950028477,0,3.1358938950028477
1650,C,3.413580255755443,2,5.0
1651,C,5.0,0,5.0
1652,C,5.0,0,5.0
1653,C,5.0,0,5.0
1654,C,2.6573221776210043,2,5.0
1655,C,2.3246453686223014,1,3.228297885530213
1656,C,2.351582947604754,2,3.031950705230703
1657,C,3.7351168581351817,2,5.0
1658,C,2.793843716180923,2,5.0
1659,C,2.3923649407759844,2,5.0
1660,C,1.3620167904190574,2,5.0
1661,C,5.0,0,5.0
1662,C,4.0937711767682865,0,4.0937711767682865
1663,C,2.3997496644038496,2,5.0
1664,C,0.4805416725193693,2,5.0
1665,C,5.0,0,5.0
1666,C,1.5063714434825344,2,5.0
1667,C,1.6656981078658353,1,5.0
1668,C,4.673344672110288,2,4.935803415206289
1669,C,0.4849488114484248,2,3.197835604245265
1670,C,5.0,0,5.0
1671,C,0.4061962446086839,2,5.0
1672,C,1.740013274112449,2,3.368577261553567
1673,C,1.2241761892239158,2,5.0
1674,C,2.3888997864360895,2,5.0
1675,C,2.5045971637674755,2,5.0
1676,C,3.9696835538790705,2,5.0
1677,C,3.189392098842998,1,5.0
1678,C,0.9975143348377643,2,5.0
1679,C,1.0913010033155444,2,5.0
1680,C,3.2217243676594665,0,3.2217243676594665
1681,C,0.03771601429718907,2,5.0
1682,C,4.678520105180185,0,4.678520105180185
1683,C,3.808264841786877,0,3.808264841786877
1684,C,0.7492325893597894,2,4.667281599679228
1685,C,5.0,0,5.0
1686,C,5.0,0,5.0
1687,C,2.9154653611223424,1,5.0
1688,C,0.9401817947212199,2,5.0
1689,C,3.677187363449897,0,3.677187363449897
1690,C,4.165063885317801,2,5.0
1691,C,0.351676441111818,2,3.657931757745524
1692,C,0.23591259743947812,2,3.964485274171809
1693,C,0.9104891214562199,2,5.0
1694,C,4.388694042616073,2,5.0
1695,C,4.560823217813429,1,5.0
1696,C,3.367989866105424,2,5.0
1697,C,2.4690804095925682,2,5.0
1698,C,4.348975162355137,1,5.0
1699,C,5.0,0,5.0
1700,C,4.272548170709473,2,5.0
1701,C,2.576477052572662,2,5.0
1702,C,0.5060141684870526,1,5.0
1703,C,0.2610858386472896,2,3.6352654620903553
1704,C,3.274299240743071,0,3.274299240743071
1705,C,3.08635111989281,0,3.08635111989281
1706,C,0.05300880286380473,2,5.0
1707,C,5.0,0,5.0
1708,C,2.4398324309761077,2,5.0
1709,C,1.6496527766123956,2,5.0
1710,C,4.874031361157044,0,4.874031361157044
1711,C,0.11811930433040287,2,4.9331320960029705
1712,C,1.6951587162319741,2,4.843892711135746
1713,C,2.7257617441201365,2,5.0
1714,C,0.504943648499601,2,3.2965763440697327
1715,C,1.5390700043696197,2,5.0
1716,C,4.265331560876705,2,4.970493675480857
1717,C,2.2038103393564703,2,4.698553931805478
1718,C,4.351282444875086,2,5.0
1719,C,3.164350868159734,2,5.0
1720,C,1.977988957561352,2,5.0
1721,C,0.07414463401015038,2,5.0
1722,C,1.7934532301524397,2,5.0
1723,C,3.456416846790822,0,3.456416846790822
1724,C,3.749597185050267,2,5.0
1725,C,4.004915216641301,2,4.462311132221896
1726,C,0.018333295834363064,2,5.0
1727,C,3.4681504425078105,2,5.0
1728,C,5.0,0,5.0
1729,C,2.0284176364438316,2,4.113310853625595
1730,C,3.0072903058704945,0,3.0072903058704945
1731,C,2.1402314535605718,2,5.0
1732,C,3.202594423149091,2,3.363474421950198
1733,C,3.5433378991079567,2,4.163251344887116
1734,C,2.2679159839636425,2,4.07124330803928
1735,C,5.0,0,5.0
1736,C,3.031629849273069,1,3.9848038431906128
1737,C,2.801894374704985,1,5.0
1738,C,5.0,0,5.0
1739,C,3.8898004009537335,1,5.0
1740,C,4.45904092339926,2,5.0
1741,C,0.22593470701959434,2,5.0
1742,C,0.1074913802548437,2,3.909278729560708
1743,C,5.0,0,5.0
1744,C,4.0699450184616115,2,5.0
1745,C,3.5609942544582576,2,5.0
1746,C,4.3195312959629755,0,4.3195312959629755
1747,C,3.915864707421072,2,5.0
1748,C,0.0828442261613937,2,5.0
1749,C,2.5630689255462547,2,5.0
1750,C,2.9313249005212554,1,5.0
1751,C,5.0,0,5.0
1752,C,3.194314621594629,0,3.194314621594629
1753,C,4.236282689719145,0,4.236282689719145
1754,C,0.4697029590036211,2,5.0
1755,C,2.2009063423004678,2,5.0
1756,C,0.8042006024186601,2,5.0
1757,C,3.2634429527622117,0,3.2634429527622117
1758,C,1.0782485414149598,2,5.0
1759,C,3.210738225799839,2,5.0
1760,C,0.08872318709131488,2,5.0
1761,C,0.2934235114136784,2,5.0
1762,C,0.7000212027860926,2,3.827097149951022
1763,C,4.011754859359525,2,5.0
1764,C,4.351398467949521,0,4.351398467949521
1765,C,5.0,0,5.0
1766,C,4.478548690746315,0,4.478548690746315
1767,C,4.212520282459373,2,5.0
1768,C,5.0,0,5.0
1769,C,2.5634554865728467,2,5.0
1770,C,5.0,0,5.0
1771,C,3.2585911590397565,2,5.0
1772,C,1.7241302383309047,2,3.511282138529412
1773,C,4.908710254180221,0,4.908710254180221
1774,C,0.2934868346717416,2,3.4937231488399147
1775,C,4.0240432299466375,2,4.775006704192891
1776,C,2.451507339329801,2,3.631259947810669
1777,C,4.372121765673518,2,5.0
1778,C,0.6176512897563683,2,5.0
1779,C,0.36674428852714663,2,5.0
1780,C,1.5668538251443405,1,4.019393859856069
1781,C,0.14283080846555465,2,4.033009222165177
1782,C,4.910612544301604,1,5.0
1783,C,0.7773395035719526,2,5.0
1784,C,0.4438682538785815,2,4.876115650094874
1785,C,3.314945787649497,2,5.0
1786,C,4.090692152196263,2,5.0
1787,C,3.452719027061761,0,3.452719027061761
1788,C,3.862775695689376,2,4.145944466104362
1789,C,4.896371294353163,0,4.896371294353163
1790,C,3.386902357794291,2,5.0
1791,C,0.5087594829345257,2,5.0
1792,C,1.1407112215332118,2,3.3577444079621674
1793,C,1.234301471804159,1,4.833649394031352
1794,C,2.7606948407647423,2,5.0
1795,C,1.3624284690971473,2,5.0
1796,C,0.042755223930916006,2,3.3847359546105666
1797,C,2.7946848031405307,2,5.0
1798,C,3.2887882619238265,0,3.2887882619238265
1799,C,1.9329029609461124,2,3.5789051971635724
1800,C,1.1446516284883435,2,4.746073614684624
1801,C,3.7428885537179646,2,5.0
1802,C,0.4810937790026515,2,5.0
1803,C,3.315440562874143,2,4.787804796900321
1804,C,0.3188397304895619,2,5.0
1805,C,3.0266590539211324,1,4.389380299241898
1806,C,2.3518347467350558,2,5.0
1807,C,1.9020060287556244,2,3.3816876944333254
1808,C,1.396916922934925,2,3.3619983063113743
1809,C,2.972397337546225,2,5.0
1810,C,1.070431233435426,1,5.0
1811,C,3.479241841809789,2,4.6127457036909725
1812,C,0.26115808208185615,2,3.2471143348196394
1813,C,1.1279141826725132,2,5.0
1814,C,2.5078977809319576,2,4.456619533790983
1815,C,4.9180299253660795,2,5.0
1816,C,3.09286921336186,0,3.09286921336186
1817,C,3.9620991083345936,0,3.9620991083345936
1818,C,0.3887660483444237,2,4.553586470398642
1819,C,0.15056715222286388,2,5.0
1820,C,3.7563372888176962,2,5.0
1821,C,0.3417970089745787,2,3.394645901585327
1822,C,3.510980450640951,0,3.510980450640951
1823,C,2.713940847281598,2,4.601463988604962
1824,C,0.08658981272646465,2,3.71780472476944
1825,C,5.0,0,5.0
1826,C,3.5651538943615986,2,5.0
1827,C,5.0,0,5.0
1828,C,4.088182468503483,0,4.088182468503483
1829,C,0.8870985699783572,1,5.0
1830,C,2.377626615907141,2,5.0
1831,C,2.435065573036601,2,5.0
1832,C,2.2837899910848023,2,4.889846167210919
1833,C,4.98758574681343,2,5.0
1834,C,3.2462774861854498,2,3.6864600669243597
1835,C,4.773778506429991,2,5.0
1836,C,0.8000041363602236,2,3.7487188015431485
1837,C,0.9799422235599229,2,4.030618241003412
1838,C,3.153376095492044,0,3.153376095492044
1839,C,1.537010265020371,2,5.0
1840,C,2.050737530771042,2,5.0
1841,C,2.619682094213377,2,5.0
1842,C,0.5055657010946231,2,3.2397275804052827
1843,C,0.561637937108447,1,4.489137771618373
1844,C,4.6262124159274025,1,5.0
1845,C,1.1469246179008892,2,5.0
1846,C,2.7387657995511345,2,5.0
1847,C,2.0250824559812517,2,5.0
1848,C,1.7189007954008362,2,5.0
1849,C,1.3981145037406428,2,4.248281512524478
1850,C,2.151645029054777,2,3.8389001368752873
1851,C,5.0,0,5.0
1852,C,0.7024190896837595,2,5.0
1853,C,3.065779237676632,0,3.065779237676632
1854,C,5.0,0,5.0
1855,C,0.7038373975394505,1,5.0
1856,C,1.330967814816089,2,5.0
1857,C,0.2946996731294997,2,5.0
1858,C,4.313975829197789,2,4.778358469472314
1859,C,0.7279970264258813,2,5.0
1860,C,4.961956802880659,0,4.961956802880659
1861,C,4.593644531384121,2,5.0
1862,C,3.0983832372588895,2,4.525535956286555
1863,C,4.7955303701639815,2,5.0
1864,C,1.994538033904084,2,5.0
1865,C,5.0,0,5.0
1866,C,0.28598093888718523,2,4.275166811906475
1867,C,3.946697595269434,2,4.1012726744447745
1868,C,5.0,0,5.0
1869,C,3.53270722431015,0,3.53270722431015
1870,C,2.1404054494961766,2,4.541009490248478
1871,C,1.9595367769441279,2,5.0
1872,C,2.3706149827177665,2,5.0
1873,C,0.5595834011453797,2,4.733254703190232
1874,C,3.9487477194933125,0,3.9487477194933125
1875,C,4.850919979547075,1,5.0
1876,C,2.395513535878309,2,5.0
1877,C,4.263024295515022,2,5.0
1878,C,1.616183102233253,1,5.0
1879,C,1.1333430914540323,2,5.0
1880,C,2.368884699997776,2,3.8349359865663706
1881,C,0.8902066682432248,2,5.0
1882,C,3.7957277988004825,2,4.559569924103011
1883,C,1.558144045061629,2,5.0
1884,C,4.473004208623777,2,4.834678254716929
1885,C,4.441657441230573,0,4.441657441230573
1886,C,0.900058681908707,2,4.897916394734542
1887,C,3.677180734093193,2,4.460886098646836
1888,C,1.806227314715335,2,3.185563962900825
1889,C,1.490122889623429,2,4.16113599907286
1890,C,2.3561918065805982,2,3.1297752254802083
1891,C,5.0,0,5.0
1892,C,2.686837418332508,2,5.0
1893,C,0.057461388111196283,2,5.0
1894,C,3.632898553301266,0,3.632898553301266
1895,C,3.0192027752454047,0,3.0192027752454047
1896,C,1.7846929591355667,2,5.0
1897,C,3.6355258318711927,0,3.6355258318711927
1898,C,5.0,0,5.0
1899,C,5.0,0,5.0
1900,C,2.975959866721573,2,5.0
1901,C,0.4611676767801881,2,4.755154677589378
1902,C,3.9566747305530363,2,3.9871376175631266
1903,C,5.0,0,5.0
1904,C,3.037449283939896,2,4.704081280821802
1905,C,0.5543541772707041,2,5.0
1906,C,0.7529754492021381,2,5.0
1907,C,1.353422544522968,2,5.0
1908,C,1.0265665687148438,2,3.873384410693368
1909,C,3.705013290755739,2,5.0
1910,C,3.579461987978389,2,4.357776374653494
1911,C,3.9189508955427748,2,5.0
1912,C,0.805340518264781,1,3.8371767980555966
1913,C,2.8652907732084936,2,3.7458198657571913
1914,C,0.9344761653818838,2,3.636314036503596
1915,C,0.10195913521971059,2,5.0
1916,C,1.3716479569374083,2,3.3892818354604555
1917,C,0.47159278772954166,2,5.0
1918,C,5.0,0,5.0
1919,C,5.0,0,5.0
1920,C,1.337789021609688,2,5.0
1921,C,1.6422263963114454,2,5.0
1922,C,5.0,0,5.0
1923,C,4.735451005812065,0,4.735451005812065
1924,C,5.0,0,5.0
1925,C,2.949621039172183,2,5.0
1926,C,1.0962581762742258,2,5.0
1927,C,5.0,0,5.0
1928,C,5.0,0,5.0
1929,C,2.670230035827104,2,5.0
1930,C,4.541439829281498,2,5.0
1931,C,0.5335139011427077,2,5.0
1932,C,4.1481666995241735,2,4.624428129887889
1933,C,5.0,0,5.0
1934,C,2.3196304790738305,1,5.0
1935,C,1.6465767990698943,2,5.0
1936,C,5.0,0,5.0
1937,C,2.707110777823292,2,5.0
1938,C,4.1287361556458935,2,5.0
1939,C,1.8559973939977583,1,3.4532985893358226
1940,C,3.523970556474234,0,3.523970556474234
1941,C,3.815054202030485,0,3.815054202030485
1942,C,3.7336528961214626,0,3.7336528961214626
1943,C,3.662824063826793,0,3.662824063826793
1944,C,1.6837434028571998,2,4.0040642675449964
1945,C,1.9623352391117574,1,5.0
1946,C,3.1941041472919967,2,4.339076377226055
1947,C,0.6334648364962039,2,5.0
1948,C,0.5129886839876088,2,5.0
1949,C,5.0,0,5.0
1950,C,5.0,0,5.0
1951,C,2.8996380295352813,2,5.0
1952,C,3.3153823335446946,0,3.3153823335446946
1953,C,5.0,0,5.0
1954,C,1.111796018555129,2,4.4026921806426795
1955,C,0.01712194121812493,2,4.429520584187942
1956,C,3.0979369452472034,2,5.0
1957,C,1.4468421023373912,2,5.0
1958,C,3.211265448785203,2,5.0
1959,C,5.0,0,5.0
1960,C,4.089013264230147,2,5.0
1961,C,3.417656242857404,1,5.0
1962,C,3.023075443841459,0,3.023075443841459
1963,C,0.5668621618504679,2,4.929942985595515
1964,C,0.2647817314648894,2,5.0
1965,C,4.267755964534861,0,4.267755964534861
1966,C,1.7586366716625366,2,4.310049185167746
1967,C,1.5218007450824,2,5.0
1968,C,3.7751355323093065,0,3.7751355323093065
1969,C,3.5499725338556853,1,5.0
1970,C,0.2194608580104611,2,5.0
1971,C,0.6338779232724653,2,5.0
1972,C,5.0,0,5.0
1973,C,2.1124805092876184,2,5.0
1974,C,4.165655570879537,0,4.165655570879537
1975,C,3.889771695061907,2,5.0
1976,C,1.4846835272875438,2,5.0
1977,C,0.08090192405986978,2,5.0
1978,C,0.9734452660038765,2,5.0
1979,C,1.2322375364145228,2,5.0
1980,C,2.855365670528863,2,3.529020867016693
1981,C,5.0,0,5.0
1982,C,4.039039373412252,0,4.039039373412252
1983,C,2.362587582939694,2,3.9055011934154993
1984,C,0.9992860047639194,2,5.0
1985,C,0.03986946773050088,2,5.0
1986,C,4.836071805829324,0,4.836071805829324
1987,C,5.0,0,5.0
1988,C,3.4064076462593276,2,5.0
1989,C,1.432416756958951,2,5.0
1990,C,3.9323098919255015,0,3.9323098919255015
1991,C,5.0,0,5.0
1992,C,0.14667938359953528,2,5.0
1993,C,4.462571926956624,0,4.462571926956624
1994,C,2.0180453185449108,2,5.0
1995,C,1.0967988967253128,2,5.0
1996,C,3.6640355064775125,2,5.0
1997,C,3.8398517879443705,0,3.8398517879443705
1998,C,1.6227044128803123,2,5.0
1999,C,3.7157502996209644,2,5.0
2000,C,0.7595194357979603,2,4.333133283856183
2001,C,4.845922241385899,2,5.0
2002,C,5.0,0,5.0
2003,C,0.5906849945842079,2,5.0
2004,C,4.752855206131855,2,5.0
2005,C,5.0,0,5.0
2006,C,4.210617222210873,2,5.0
2007,C,5.0,0,5.0
2008,C,3.2110463533812674,0,3.2110463533812674
2009,C,3.240336817707359,2,3.4528704220983903
2010,C,5.0,0,5.0
2011,C,4.6931721415704875,2,5.0
2012,C,3.458925869275633,0,3.458925869275633
2013,C,0.7051164773534501,2,3.9995212228645123
2014,C,3.1093625345068268,2,4.916021027836049
2015,C,0.9401972626492117,2,5.0
2016,C,0.2796653208697727,2,3.0719974662147194
2017,C,5.0,0,5.0
2018,C,0.8259669778650867,2,3.0613116998899828
2019,C,1.1612293110527843,2,5.0
2020,C,5.0,0,5.0
2021,C,1.1210277735791283,2,3.4683548449378976
2022,C,2.0272894933325043,2,3.283537144706303
2023,C,2.7040394412176707,2,5.0
2024,C,3.9937249144384634,1,5.0
2025,C,2.7883415353519636,1,4.5458570516569
2026,C,5.0,0,5.0
2027,C,5.0,0,5.0
2028,C,4.400830838267067,0,4.400830838267067
2029,C,3.5334792926821534,1,4.570865476021112
2030,C,3.2086958671366617,0,3.2086958671366617
2031,C,5.0,0,5.0
2032,C,2.035884799691709,2,3.6892144619491045
2033,C,5.0,0,5.0
2034,C,3.0905492794036236,2,3.604801027956455
2035,C,2.415493087938464,2,5.0
2036,C,4.307190995892453,0,4.307190995892453
2037,C,0.487421816374396,2,5.0
2038,C,0.5445552028242763,2,5.0
2039,C,2.6392899290844034,1,3.3473674290163915
2040,C,2.2095735807356642,2,5.0
2041,C,2.841345509975305,2,5.0
2042,C,5.0,0,5.0
2043,C,2.375981678450079,2,5.0
2044,C,2.570112444571603,2,3.0977576207571653
2045,C,2.3189310282998843,2,5.0
2046,C,5.0,0,5.0
2047,C,1.6242655204229173,1,5.0
2048,C,1.975642168297959,2,3.3435478537954575
2049,C,0.4368711661974412,2,3.5571555846937475
2050,C,3.1777726732434526,0,3.1777726732434526
2051,C,5.0,0,5.0
2052,C,0.4007564293205245,2,4.4256799610226345
2053,C,4.381611480511907,2,5.0
2054,C,3.5015816264811663,2,5.0
2055,C,2.703351740029173,2,5.0
2056,C,3.158906740814958,1,4.294235707989639
2057,C,4.269361160889635,2,5.0
2058,C,3.4736581042918733,0,3.4736581042918733
2059,C,2.8922689517416056,2,3.912809406075285
2060,C,4.171666534712022,0,4.171666534712022
2061,C,0.2078926326333709,2,5.0
2062,C,0.6504061160626282,2,4.232412063792105
2063,C,1.406506507438336,2,4.175997711116848
2064,C,5.0,0,5.0
2065,C,3.274130100524949,2,5.0
2066,C,1.8743729383053644,2,5.0
2067,C,2.320801384910947,2,5.0
2068,C,0.04304556675953297,2,5.0
2069,C,2.9812302250509277,2,5.0
2070,C,0.9922618805106647,1,3.938133595609722
2071,C,4.057452658829147,0,4.057452658829147
2072,C,0.8873806675797254,1,5.0
2073,C,3.13404462179994,0,3.13404462179994
2074,C,2.6714067614507537,2,5.0
2075,C,2.756179172516825,2,4.048856324531087
2076,C,3.044166076005843,0,3.044166076005843
2077,C,0.469193024134399,2,3.394597576661181
2078,C,5.0,0,5.0
2079,C,0.7967792374548562,2,5.0
2080,C,0.9999865146794712,1,4.694512856829883
2081,C,2.7195000757845995,2,5.0
2082,C,1.5619086221305747,2,4.240141777322952
2083,C,1.353813538442936,2,4.2495229237492556
2084,C,0.006265465149046291,2,5.0
2085,C,0.2066355813435397,2,3.3690807462636405
2086,C,5.0,0,5.0
2087,C,2.4011798640394626,2,5.0
2088,C,2.6762942753071925,2,5.0
2089,C,3.1566308451938685,2,4.311513709017133
2090,C,4.298805534654791,2,5.0
2091,C,0.22576994932008357,2,5.0
2092,C,1.3835493646745067,2,5.0
2093,C,1.5981943802706147,2,5.0
2094,C,5.0,0,5.0
2095,C,3.01035996294226,2,5.0
2096,C,4.992684704896229,2,5.0
2097,C,5.0,0,5.0
2098,C,3.908039903892154,2,5.0
2099,C,5.0,0,5.0
2100,C,0.7344713008216146,2,4.154696275499116
2101,C,1.4450747596269617,2,5.0
2102,C,3.128261741410153,2,5.0
2103,C,2.849436925134222,2,4.498727403147167
2104,C,3.870511135407405,2,5.0
2105,C,5.0,0,5.0
2106,C,0.368294507324089,2,3.621280883594916
2107,C,1.044147960307054,1,5.0
2108,C,4.0731384644481,2,4.77406564684139
2109,C,5.0,0,5.0
2110,C,2.0949571888586815,2,5.0
2111,C,1.739035922744145,2,5.0
2112,C,4.699429388174486,0,4.699429388174486
2113,C,4.974681516860605,0,4.974681516860605
2114,C,0.5720768093618117,2,5.0
2115,C,5.0,0,5.0
2116,C,3.63009212231538,0,3.63009212231538
2117,C,1.547119374988415,2,5.0
2118,C,5.0,0,5.0
2119,C,5.0,0,5.0
2120,C,0.2948450909991469,2,5.0
2121,C,1.4495483558118036,2,5.0
2122,C,3.854485501926785,0,3.854485501926785
2123,C,1.8419815236222314,2,5.0
2124,C,0.6592573905376923,2,5.0
2125,C,2.47786849585278,2,5.0
2126,C,5.0,0,5.0
2127,C,3.97546527252685,0,3.97546527252685
2128,C,3.2532522284063847,2,3.798886262757339
2129,C,0.696728289730287,2,3.47471915791343
2130,C,5.0,0,5.0
2131,C,5.0,0,5.0
2132,C,0.6153655468423616,1,5.0
2133,C,3.1563218153103145,0,3.1563218153103145
2134,C,3.560790816611201,0,3.560790816611201
2135,C,4.422583652315253,2,5.0
2136,C,3.264831307367536,2,5.0
2137,C,5.0,0,5.0
2138,C,1.7011856468368736,2,3.2266029367336193
2139,C,5.0,0,5.0
2140,C,1.4372471144214485,1,5.0
2141,C,3.7920643815739044,2,4.616759801780226
2142,C,2.470949423266036,2,5.0
2143,C,0.7663874192275958,2,5.0
2144,C,3.9450279128352457,0,3.9450279128352457
2145,C,4.645891640591371,2,5.0
2146,C,0.7237543220022101,2,4.433467086573309
2147,C,0.7808847722070081,1,5.0
2148,C,3.516063492689663,2,5.0
2149,C,5.0,0,5.0
2150,C,1.0839967615845283,2,4.07242796014575
2151,C,3.653566784949458,2,5.0
2152,C,1.7486252702347145,1,5.0
2153,C,2.5916336939691726,2,5.0
2154,C,3.4113810284343637,2,5.0
2155,C,0.677451931594727,2,3.4385932683580402
2156,C,0.6574785072021994,2,5.0
2157,C,1.252753228445125,1,5.0
2158,C,0.01273735377261375,2,4.029254181218896
2159,C,5.0,0,5.0
2160,C,2.3003314572181615,2,5.0
2161,C,0.5958136197441001,1,3.818779686755154
2162,C,2.6009773839687584,2,3.5300921154818052
2163,C,0.857838657638452,1,3.5318684427943237
2164,C,3.7298858195113396,2,4.037958373637153
2165,C,0.26281944745288566,2,5.0
2166,C,5.0,0,5.0
2167,C,2.3931021621901114,2,5.0
2168,C,1.617610080420714,2,3.779934150455393
2169,C,1.6462859872755387,2,5.0
2170,C,3.2041243027446424,2,5.0
2171,C,5.0,0,5.0
2172,C,2.6504862597210312,2,4.095213205669957
2173,C,1.2520231491917138,2,4.946438466947347
2174,C,0.37018804185090437,1,3.870353590773036
2175,C,5.0,0,5.0
2176,C,1.4028748831986264,1,3.41814686930749
2177,C,0.36057641170849475,2,5.0
2178,C,5.0,0,5.0
2179,C,1.1751976044482035,2,4.231796080794897
2180,C,0.9377379958691245,2,5.0
2181,C,0.3886734595177939,2,4.8833580288441745
2182,C,2.391018417087515,2,5.0
2183,C,0.05657712708729197,2,5.0
2184,C,4.134377037033428,0,4.134377037033428
2185,C,2.962362213202799,2,5.0
2186,C,5.0,0,5.0
2187,C,0.1617398592695287,2,5.0
2188,C,2.921330452470586,2,3.9584245124989743
2189,C,3.4691715877523093,2,5.0
2190,C,0.5096227321267957,2,3.66758956928254
2191,C,4.7636702661279,0,4.7636702661279
2192,C,4.557910703222697,2,5.0
2193,C,5.0,0,5.0
2194,C,3.3525179471655213,1,5.0
2195,C,0.13017365008438958,1,4.8332170366756255
2196,C,1.267240607370582,2,5.0
2197,C,5.0,0,5.0
2198,C,5.0,0,5.0
2199,C,0.3415948605038975,2,4.827207370064794
2200,C,3.5494183796675065,0,3.5494183796675065
2201,C,1.7083496951973596,2,5.0
2202,C,3.176190622967441,0,3.176190622967441
2203,C,3.3809923368880903,0,3.3809923368880903
2204,C,0.5299847422331537,2,5.0
2205,C,2.5235913595345965,2,3.1527174660885455
2206,C,3.324580832042838,0,3.324580832042838
2207,C,2.75069162384458,2,4.711626809695982
2208,C,1.8770634161069053,1,5.0
2209,C,0.48469649062026754,1,3.397578094747644
2210,C,1.5219914573235147,2,5.0
2211,C,4.926250031073314,0,4.926250031073314
2212,C,5.0,0,5.0
2213,C,3.2453055255069927,0,3.2453055255069927
2214,C,0.26283340100911873,2,5.0
2215,C,3.752783318031218,0,3.752783318031218
2216,C,2.100097811761003,2,4.75279386488722
2217,C,5.0,0,5.0
2218,C,0.26194594769298185,2,5.0
2219,C,2.6254359439676653,2,4.583852749060897
2220,C,4.347284711486322,2,5.0
2221,C,3.696608867931141,0,3.696608867931141
2222,C,4.4846116728742444,0,4.4846116728742444
2223,C,4.810170758887689,2,5.0
2224,C,0.7405722246203965,2,3.724960528303193
2225,C,3.252881499209607,0,3.252881499209607
2226,C,0.16896407093131077,2,5.0
2227,C,4.875952493442254,0,4.875952493442254
2228,C,5.0,0,5.0
2229,C,1.5849343330208825,2,5.0
2230,C,4.531435391200063,0,4.531435391200063
2231,C,0.24207887286253618,2,5.0
2232,C,3.103398197850437,0,3.103398197850437
2233,C,1.3817579581574517,2,3.9599361530604904
2234,C,0.30307740145663253,2,5.0
2235,C,0.4738932220430482,2,4.694200838599906
2236,C,2.04888262298195,2,5.0
2237,C,3.575281900352679,0,3.575281900352679
2238,C,1.9121327229085852,2,4.647981842029507
2239,C,5.0,0,5.0
2240,C,3.0036378119309197,2,5.0
2241,C,5.0,0,5.0
2242,C,3.816021229783524,2,4.498743714604145
2243,C,3.839882939012258,0,3.839882939012258
2244,C,4.578847152250111,0,4.578847152250111
2245,C,1.4976390526541128,2,3.8413391528674383
2246,C,3.406706512124816,0,3.406706512124816
2247,C,2.250387745011392,2,3.295262365415029
2248,C,4.529894885018765,0,4.529894885018765
2249,C,0.7693037919523575,2,5.0
2250,C,1.7175696372242335,2,5.0
2251,C,2.081400729303971,2,5.0
2252,C,0.45478701331851534,2,5.0
2253,C,0.1897576294489477,1,5.0
2254,C,4.295097639095827,0,4.295097639095827
2255,C,2.6918690863734778,2,5.0
2256,C,3.1335888924313684,0,3.1335888924313684
2257,C,0.1971165956188414,2,3.0991179631593315
2258,C,0.9574816352575823,2,5.0
2259,C,1.0707908533904664,2,5.0
2260,C,0.6183532123514033,2,3.7805577772859222
2261,C,1.1115535307993123,1,4.332339863892817
2262,C,5.0,0,5.0
2263,C,1.315674117630337,2,4.115719737614256
2264,C,5.0,0,5.0
2265,C,0.7084294183909282,2,4.8767988373769295
2266,C,1.5793466142012849,1,5.0
2267,C,3.1373664552087073,2,3.42093832396752
2268,C,0.16281809405972045,2,5.0
2269,C,0.2533407592108776,1,3.9672248203555274
2270,C,0.15881970490558386,2,5.0
2271,C,3.0440691314086528,2,5.0
2272,C,5.0,0,5.0
2273,C,0.5335076921943698,2,3.7825280593319386
2274,C,5.0,0,5.0
2275,C,0.2249683886931845,2,5.0
2276,C,5.0,0,5.0
2277,C,3.226946569552662,2,4.605625854479495
2278,C,0.9693288047339488,2,5.0
2279,C,0.28684829827738767,2,5.0
2280,C,2.4010579941375707,2,5.0
2281,C,3.6107666231326174,2,5.0
2282,C,1.5260470081488793,2,3.538130876850478
2283,C,0.21894058843980552,2,5.0
2284,C,0.7575247478621298,2,5.0
2285,C,1.4910825197763997,2,3.324667262913322
2286,C,3.260639058563429,0,3.260639058563429
2287,C,1.1373747778096108,2,5.0
2288,C,0.33053251483278895,1,5.0
2289,C,0.09966559478151436,2,3.221052445437146
2290,C,5.0,0,5.0
2291,C,3.119364731693248,0,3.119364731693248
2292,C,1.776712142357756,2,3.7368562189057695
2293,C,4.324158783439659,2,5.0
2294,C,2.20918079599275,2,4.729504771736474
2295,C,2.7163881110739156,2,3.532204132961441
2296,C,4.222199964320213,0,4.222199964320213
2297,C,0.6469744867835787,2,3.7284700922789082
2298,C,0.6472141898637853,2,5.0
2299,C,3.333426374903025,0,3.333426374903025
2300,C,5.0,0,5.0
2301,C,4.124406683323918,0,4.124406683323918
2302,C,0.27690032416705146,2,5.0
2303,C,4.655070759423722,2,5.0
2304,C,2.6870307744603528,2,5.0
2305,C,5.0,0,5.0
2306,C,0.48749686208575826,1,3.685099976204823
2307,C,2.322832484708943,2,5.0
2308,C,1.1148616243031804,2,5.0
2309,C,2.371127827519985,1,5.0
2310,C,4.537601729112975,2,5.0
2311,C,0.6492185159264552,2,5.0
2312,C,3.375098107559057,2,5.0
2313,C,4.576867444017383,2,5.0
2314,C,2.1794729333164713,2,5.0
2315,C,5.0,0,5.0
2316,C,5.0,0,5.0
2317,C,0.8534312519940485,2,5.0
2318,C,0.9794868215151205,2,5.0
2319,C,1.5307997854872701,2,5.0
2320,C,0.2157296555074627,2,5.0
2321,C,5.0,0,5.0
2322,C,1.6551510127605753,2,3.8657280728331695
2323,C,0.8552657099198739,2,3.5888346846225954
2324,C,1.8333673844534253,1,4.239716844272993
2325,C,3.1345965021268825,2,5.0
2326,C,3.791827982490929,2,5.0
2327,C,5.0,0,5.0
2328,C,5.0,0,5.0
2329,C,0.7915619633884475,1,5.0
2330,C,1.0506355168694803,2,3.167370937223768
2331,C,4.617313150500963,0,4.617313150500963
2332,C,2.3417227280558195,2,5.0
2333,C,3.234938120752453,0,3.234938120752453
2334,C,1.2518372284555963,1,5.0
2335,C,3.4335425911094193,2,5.0
2336,C,1.4964313110952825,2,5.0
2337,C,5.0,0,5.0
2338,C,0.7371459205310031,2,5.0
2339,C,0.5071380663976621,2,3.822465642143348
2340,C,1.3436013178445765,2,5.0
2341,C,0.7540992330483456,2,5.0
2342,C,1.2643774421466005,2,5.0
2343,C,1.411137713362476,2,5.0
2344,C,4.472152084418895,0,4.472152084418895
2345,C,5.0,0,5.0
2346,C,4.3603808917336435,0,4.3603808917336435
2347,C,0.6464435557396452,2,3.8729872196065704
2348,C,3.3066589134191853,2,3.525166836159875
2349,C,5.0,0,5.0
2350,C,4.810603109958526,0,4.810603109958526
2351,C,0.9967394223833984,2,5.0
2352,C,0.6309718076992642,2,5.0
2353,C,0.7958249472959714,2,5.0
2354,C,3.6303545502162273,0,3.6303545502162273
2355,C,5.0,0,5.0
2356,C,3.204967892668819,2,5.0
2357,C,1.7920426720261489,2,5.0
2358,C,0.26744391129847966,2,3.3299787430386303
2359,C,5.0,0,5.0
2360,C,2.443859717841696,2,3.4601991438826176
2361,C,0.03381480403843741,2,5.0
2362,C,1.7734048928972588,1,5.0
2363,C,0.88977228008118,2,3.5288959202845995
2364,C,4.805566405837251,0,4.805566405837251
2365,C,5.0,0,5.0
2366,C,0.5498158987115611,2,5.0
2367,C,1.023608045022185,2,5.0
2368,C,3.420188339639386,2,5.0
2369,C,1.6879558167134285,2,5.0
2370,C,5.0,0,5.0
2371,C,0.58066080595578,2,4.008682002647404
2372,C,2.1262209037321775,2,5.0
2373,C,0.04930097910622531,1,4.1513159607861105
2374,C,1.7998279881506876,2,5.0
2375,C,3.8900921327964078,2,5.0
2376,C,0.18412736976979896,2,5.0
2377,C,1.853538021599455,2,5.0
2378,C,0.08535439021069484,2,4.650915435142337
2379,C,5.0,0,5.0
2380,C,0.8411529317599822,2,4.484153523524597
2381,C,0.5702334727418915,2,5.0
2382,C,0.5029134818312292,2,4.007389785697377
2383,C,3.158028955708927,0,3.158028955708927
2384,C,5.0,0,5.0
2385,C,5.0,0,5.0
2386,C,4.294306575185329,0,4.294306575185329
2387,C,1.9588722479419687,2,4.063939016655099
2388,C,5.0,0,5.0
2389,C,2.0067824194897836,2,3.4911258806335637
2390,C,2.1839266698830118,2,3.439276212535705
2391,C,0.9323128360826309,2,5.0
2392,C,5.0,0,5.0
2393,C,0.3559230909850811,2,3.852222232783857
2394,C,1.0684979316945662,2,5.0
2395,C,0.13151270217606,2,4.496831954680394
2396,C,0.7449597299407837,2,5.0
2397,C,0.22270348202051318,2,5.0
2398,C,0.5662960816846515,2,5.0
2399,C,4.992279979432595,2,5.0
2400,C,3.2726730327369404,2,5.0
2401,C,0.35469841426919513,2,5.0
2402,C,1.8136604847678226,2,3.2135111722624345
2403,C,4.935755849843387,1,5.0
2404,C,0.06315148567271868,2,5.0
2405,C,5.0,0,5.0
2406,C,4.6242161804756625,1,4.944876324501179
2407,C,5.0,0,5.0
2408,C,2.029164563254872,2,4.684451145211442
2409,C,4.442533168282667,2,5.0
2410,C,3.0228331774619277,1,4.479464188050536
2411,C,1.8072753530812502,2,3.4713935394901303
2412,C,5.0,0,5.0
2413,C,3.281800045840249,2,3.5051020093972842
2414,C,2.4358302162303564,2,4.665858733519494
2415,C,4.237519509916543,2,5.0
2416,C,0.11139786784563618,2,5.0
2417,C,3.9108847597196372,0,3.9108847597196372
2418,C,2.3345070947165465,2,3.030681531548111
2419,C,5.0,0,5.0
2420,C,3.208171219230241,0,3.208171219230241
2421,C,2.6288561087833635,1,3.909484619355541
2422,C,4.580624893652386,2,5.0
2423,C,5.0,0,5.0
2424,C,3.3546166402193176,0,3.3546166402193176
2425,C,1.226460173451234,2,3.6073355281474324
2426,C,3.796806631895733,0,3.796806631895733
2427,C,2.2782907401348176,2,5.0
2428,C,5.0,0,5.0
2429,C,1.9605899387548107,2,3.6503151918116004
2430,C,0.03629074923816667,2,5.0
2431,C,4.4612776666866925,0,4.4612776666866925
2432,C,3.44700359144893,2,5.0
2433,C,4.078388031543618,2,5.0
2434,C,3.1390080576292627,0,3.1390080576292627
2435,C,1.2997552196628501,2,5.0
2436,C,2.7060129545972655,2,4.396043708195276
2437,C,3.443580752122997,2,5.0
2438,C,4.16058683151841,2,4.190439297929444
2439,C,3.872396161789164,0,3.872396161789164
2440,C,4.100543243457013,0,4.100543243457013
2441,C,5.0,0,5.0
2442,C,2.9350607091628955,2,4.245556753060496
2443,C,2.4244693372509962,2,5.0
2444,C,5.0,0,5.0
2445,C,3.8651123743875075,2,5.0
2446,C,0.0784387451523288,2,5.0
2447,C,4.020462595828898,2,5.0
2448,C,2.551704880478577,2,5.0
2449,C,0.9986135185818926,2,5.0
2450,C,4.7355014125413115,2,5.0
2451,C,2.093102483290219,2,5.0
2452,C,0.5011868927127153,2,5.0
2453,C,2.3293340441671555,2,5.0
2454,C,5.0,0,5.0
2455,C,5.0,0,5.0
2456,C,0.15723780887995087,2,5.0
2457,C,4.129197242477926,2,5.0
2458,C,3.701448355599296,1,5.0
2459,C,3.3698800162215337,0,3.3698800162215337
2460,C,0.11944318571748193,1,4.181126991430743
2461,C,4.202870698477187,2,5.0
2462,C,1.9579009956790763,1,4.203347164326996
2463,C,5.0,0,5.0
2464,C,3.531379153556386,2,5.0
2465,C,0.13300328385115456,2,5.0
2466,C,5.0,0,5.0
2467,C,2.4743306632435176,2,5.0
2468,C,4.328943949040815,2,4.926197949484438
2469,C,5.0,0,5.0
2470,C,0.04890630327503281,2,5.0
2471,C,1.9430043961165122,1,5.0
2472,C,1.6333479883381559,2,4.717880063569373
2473,C,5.0,0,5.0
2474,C,3.915065933435191,2,4.065687834269091
2475,C,5.0,0,5.0
2476,C,0.31671003666421405,2,4.40854963893805
2477,C,4.639549418254131,2,5.0
2478,C,5.0,0,5.0
2479,C,5.0,0,5.0
2480,C,0.46845498755537535,1,5.0
2481,C,5.0,0,5.0
2482,C,5.0,0,5.0
2483,C,0.45360530322699916,2,5.0
2484,C,2.011289541360692,1,3.582368006692999
2485,C,0.5818094814211286,2,3.0043969015653005
2486,C,1.1357394659021385,2,3.203059662946173
2487,C,0.3908629750203552,2,5.0
2488,C,5.0,0,5.0
2489,C,1.0596389092088057,2,5.0
2490,C,3.4787047127479402,2,3.613290165989124
2491,C,2.9122271671145956,2,4.536136751688708
2492,C,4.5891902432737455,0,4.5891902432737455
2493,C,3.8041389014293174,1,3.907791822993906
2494,C,2.9409374562285167,1,3.407204627479863
2495,C,1.8508493297277608,1,5.0
2496,C,5.0,0,5.0
2497,C,4.1107834960123535,2,5.0
2498,C,1.590462719380486,2,4.984879078369382
2499,C,2.0903401249974425,2,5.0
2500,C,1.4029477453942165,2,3.424203309421622
2501,D,3.341532395152313,0,3.341532395152313
2502,D,0.5447007897989702,1,4.424094923213792
2503,D,4.669338134010401,1,5.0
2504,D,0.38746173826369534,2,5.0
2505,D,3.8710304142636844,0,3.8710304142636844
2506,D,4.6345038366739315,0,4.6345038366739315
2507,D,5.0,0,5.0
2508,D,3.6603454960663453,0,3.6603454960663453
2509,D,1.9971309105084476,2,5.0
2510,D,4.223801952722691,2,5.0
2511,D,0.962169321110678,2,5.0
2512,D,5.0,0,5.0
2513,D,0.09579893851147153,2,5.0
2514,D,1.5550223356012636,1,5.0
2515,D,4.557478091902731,0,4.557478091902731
2516,D,3.4211465649299244,2,5.0
2517,D,5.0,0,5.0
2518,D,5.0,0,5.0
2519,D,4.120638457614723,0,4.120638457614723
2520,D,0.15926657960849028,2,4.870874210363496
2521,D,3.2137294200945306,0,3.2137294200945306
2522,D,4.632551571538919,0,4.632551571538919
2523,D,2.333823776652078,2,5.0
2524,D,3.4078252947230867,1,5.0
2525,D,2.072040326435612,2,5.0
2526,D,5.0,0,5.0
2527,D,0.3734053696010711,2,4.376669447841362
2528,D,5.0,0,5.0
2529,D,4.959675610933788,0,4.959675610933788
2530,D,5.0,0,5.0
2531,D,5.0,0,5.0
2532,D,0.7598867820081467,2,5.0
2533,D,0.558030261051505,1,5.0
2534,D,5.0,0,5.0
2535,D,5.0,0,5.0
2536,D,0.7224336656312373,1,3.674409180262081
2537,D,0.03214780527161609,2,5.0
2538,D,0.5023461532502048,1,4.458661278209635
2539,D,1.009289346207829,2,5.0
2540,D,0.2301477625602495,2,5.0
2541,D,0.5110190421270989,2,5.0
2542,D,0.3221370553191617,2,5.0
2543,D,0.42867939670227084,2,5.0
2544,D,0.8859658096736661,2,5.0
2545,D,2.7579736748187225,2,5.0
2546,D,5.0,0,5.0
2547,D,3.744982670896763,0,3.744982670896763
2548,D,3.103151708801426,0,3.103151708801426
2549,D,5.0,0,5.0
2550,D,0.6937444616126817,1,3.579597469697872
2551,D,5.0,0,5.0
2552,D,2.396191274695572,2,3.8866328874266016
2553,D,0.5818986426037575,2,5.0
2554,D,2.767478573120206,2,5.0
2555,D,3.09015503119959,0,3.09015503119959
2556,D,5.0,0,5.0
2557,D,3.378773818577506,2,5.0
2558,D,5.0,0,5.0
2559,D,3.909558836494403,2,5.0
2560,D,4.025259864120104,0,4.025259864120104
2561,D,5.0,0,5.0
2562,D,2.9853902584273118,1,5.0
2563,D,2.3684315838071535,2,5.0
2564,D,2.6574723102153026,2,3.0860063010313605
2565,D,2.273150615166609,2,4.225576795702566
2566,D,4.960391604282944,0,4.960391604282944
2567,D,5.0,0,5.0
2568,D,1.9342299897178998,2,5.0
2569,D,3.3153393874681436,1,4.089243579772011
2570,D,4.51147571768251,0,4.51147571768251
2571,D,1.6558757816724268,2,5.0
2572,D,0.17632634038450393,2,3.5303994303074564
2573,D,2.612126965490153,2,5.0
2574,D,0.6856327053694439,2,5.0
2575,D,3.137507573686548,0,3.137507573686548
2576,D,5.0,0,5.0
2577,D,0.42019892450729773,2,4.311070747132646
2578,D,5.0,0,5.0
2579,D,2.082134942619907,2,3.702693468197798
2580,D,4.607124273935568,0,4.607124273935568
2581,D,2.6695006743254206,2,5.0
2582,D,5.0,0,5.0
2583,D,1.4051868097035187,2,4.668495152365404
2584,D,1.076164319550428,1,5.0
2585,D,1.038082163354619,1,5.0
2586,D,4.139352739794724,2,5.0
2587,D,0.7773950701440345,2,4.950874462153366
2588,D,5.0,0,5.0
2589,D,5.0,0,5.0
2590,D,2.0518773222797546,2,5.0
2591,D,0.20767568799415498,2,5.0
2592,D,4.083725462386798,2,4.368382331032901
2593,D,5.0,0,5.0
2594,D,3.757019557048993,2,5.0
2595,D,1.424171725956793,2,3.1128302019745764
2596,D,2.2070957111335217,2,4.6330389182805245
2597,D,0.7659241127241971,2,3.3766768456284986
2598,D,5.0,0,5.0
2599,D,1.2041236261157737,2,5.0
2600,D,0.19047183728181805,2,3.6972552152029063
2601,D,0.23718020324763942,2,3.9275998231386606
2602,D,2.534110478307052,2,5.0
2603,D,5.0,0,5.0
2604,D,2.7839497074808324,2,5.0
2605,D,4.343369786984951,2,5.0
2606,D,3.962171016452136,2,5.0
2607,D,0.7149493325413787,2,5.0
2608,D,1.766761328481431,2,5.0
2609,D,5.0,0,5.0
2610,D,0.3445629220489003,2,5.0
2611,D,3.91709673072836,0,3.91709673072836
2612,D,5.0,0,5.0
2613,D,3.850923136019008,0,3.850923136019008
2614,D,3.4137703885240085,2,5.0
2615,D,5.0,0,5.0
2616,D,0.25984777699558564,2,5.0
2617,D,3.386261552019069,0,3.386261552019069
2618,D,4.327813648820851,2,5.0
2619,D,3.741239503167585,0,3.741239503167585
2620,D,5.0,0,5.0
2621,D,4.532831673981511,2,5.0
2622,D,4.71007772866768,2,5.0
2623,D,2.6366209941916576,1,5.0
2624,D,1.0663294315067458,1,5.0
2625,D,2.730501490140197,2,3.32456720689692
2626,D,2.010848169668897,2,3.365644287587528
2627,D,0.3408992006753805,2,5.0
2628,D,5.0,0,5.0
2629,D,3.2568258742565854,0,3.2568258742565854
2630,D,3.351870627219111,0,3.351870627219111
2631,D,4.085959969435825,0,4.085959969435825
2632,D,5.0,0,5.0
2633,D,4.835858027802839,0,4.835858027802839
2634,D,2.746123269225217,2,5.0
2635,D,5.0,0,5.0
2636,D,5.0,0,5.0
2637,D,1.4510956385167386,2,5.0
2638,D,1.4174854246371509,1,3.7111326784728766
2639,D,3.1717393674744105,0,3.1717393674744105
2640,D,4.802613870585014,0,4.802613870585014
2641,D,0.41248607980302854,1,5.0
2642,D,3.158064089460871,2,5.0
2643,D,3.737231676295737,0,3.737231676295737
2644,D,4.4316722299427305,2,4.487784980090109
2645,D,4.033793781597635,0,4.033793781597635
2646,D,4.889128505008839,2,5.0
2647,D,2.3956032375585106,2,5.0
2648,D,4.394077192767592,0,4.394077192767592
2649,D,4.875260596095642,2,5.0
2650,D,4.868058586890983,0,4.868058586890983
2651,D,3.2935382763344383,1,4.921758351103652
2652,D,0.707648845686057,1,5.0
2653,D,4.206896216360979,0,4.206896216360979
2654,D,5.0,0,5.0
2655,D,3.1874229674939816,2,5.0
2656,D,0.49838936944479745,1,5.0
2657,D,4.062419959751104,2,5.0
2658,D,2.268374363686569,2,4.103766926006193
2659,D,4.722357036082083,0,4.722357036082083
2660,D,0.9739757404187118,2,4.1978926345714935
2661,D,1.9622712488261616,2,5.0
2662,D,0.09542652743585636,2,5.0
2663,D,3.317395462218264,0,3.317395462218264
2664,D,1.1261490576829047,2,4.214249752789617
2665,D,0.72384320143711,2,4.501786280567895
2666,D,3.0301111380984054,2,4.139451759938232
2667,D,5.0,0,5.0
2668,D,5.0,0,5.0
2669,D,1.4374384015956052,2,3.359160459653368
2670,D,3.518383562082872,0,3.518383562082872
2671,D,2.489450943041557,2,5.0
2672,D,1.2253748342384079,1,5.0
2673,D,4.621182846362306,0,4.621182846362306
2674,D,2.1574771828236723,2,3.198146893978486
2675,D,0.06528267146386704,2,5.0
2676,D,5.0,0,5.0
2677,D,0.892035086323461,2,4.195604824766029
2678,D,3.219372915450772,0,3.219372915450772
2679,D,0.48419555967021993,1,5.0
2680,D,5.0,0,5.0
2681,D,0.9963070654934353,2,5.0
2682,D,3.1374311467910547,1,4.667665477046966
2683,D,3.1553480582839093,0,3.1553480582839093
2684,D,2.7351757735745674,2,5.0
2685,D,4.125786308844986,2,5.0
2686,D,0.13870468893837454,2,5.0
2687,D,4.429535494383597,0,4.429535494383597
2688,D,4.971449417966971,2,5.0
2689,D,1.4153318844614524,2,5.0
2690,D,3.193373539855697,2,5.0
2691,D,1.3989017669494561,2,3.1485360812497314
2692,D,1.1361137633407792,1,5.0
2693,D,1.695573282120733,2,5.0
2694,D,0.593985673034809,1,5.0
2695,D,3.5084700447039565,0,3.5084700447039565
2696,D,4.016401570268648,0,4.016401570268648
2697,D,5.0,0,5.0
2698,D,5.0,0,5.0
2699,D,5.0,0,5.0
2700,D,0.5176386205713904,2,4.699239382483779
2701,D,4.354209536488044,2,5.0
2702,D,0.14149917023157366,2,4.98904578892951
2703,D,1.5088691621838715,2,3.643592704641866
2704,D,0.07297345551601074,1,3.161049280702587
2705,D,5.0,0,5.0
2706,D,4.312955768618249,0,4.312955768618249
2707,D,0.9732672382177243,2,3.1717221022455027
2708,D,5.0,0,5.0
2709,D,1.9136411135778801,2,5.0
2710,D,5.0,0,5.0
2711,D,4.937490903139538,0,4.937490903139538
2712,D,3.542194935407383,0,3.542194935407383
2713,D,5.0,0,5.0
2714,D,2.106860484452414,2,3.833371585422337
2715,D,4.644441264237011,0,4.644441264237011
2716,D,2.417174662261493,2,5.0
2717,D,0.18538750861431882,2,5.0
2718,D,5.0,0,5.0
2719,D,2.5124329373387924,2,5.0
2720,D,5.0,0,5.0
2721,D,0.32885081705557795,1,5.0
2722,D,1.9312789689961996,2,4.321152302777557
2723,D,1.6147227778527278,2,5.0
2724,D,5.0,0,5.0
2725,D,4.5759648851023185,2,5.0
2726,D,5.0,0,5.0
2727,D,0.4179691216142042,2,5.0
2728,D,0.3282671662699705,1,4.684297961218078
2729,D,4.894410385585899,2,5.0
2730,D,3.2846608893705653,0,3.2846608893705653
2731,D,4.233075338796642,0,4.233075338796642
2732,D,4.286102324564498,0,4.286102324564498
2733,D,3.41702827861182,2,5.0
2734,D,0.34623177825387397,2,5.0
2735,D,5.0,0,5.0
2736,D,0.33157709090352006,2,5.0
2737,D,0.6420066808847628,2,5.0
2738,D,3.999181038189907,0,3.999181038189907
2739,D,4.892699843173739,0,4.892699843173739
2740,D,5.0,0,5.0
2741,D,3.1294061776589697,2,5.0
2742,D,3.7899518390412403,0,3.7899518390412403
2743,D,2.6822759230355064,1,5.0
2744,D,1.9663728431577299,2,3.330664833193545
2745,D,3.005971115336808,2,3.3795970763647025
2746,D,0.358782275537248,2,3.6472989459945353
2747,D,1.1772815515105346,2,3.3771298395692897
2748,D,1.1333896558763488,1,4.1649806915829135
2749,D,4.500073463366258,0,4.500073463366258
2750,D,5.0,0,5.0
2751,D,3.487333031913689,0,3.487333031913689
2752,D,4.09063890381891,1,5.0
2753,D,2.4303166916225396,2,3.644245227851478
2754,D,3.639764931398903,0,3.639764931398903
2755,D,5.0,0,5.0
2756,D,3.288505368213528,2,5.0
2757,D,1.5739341267584157,1,5.0
2758,D,3.398500883691373,0,3.398500883691373
2759,D,0.7821280027601999,2,5.0
2760,D,5.0,0,5.0
2761,D,3.622464417042006,2,5.0
2762,D,4.622291082645844,0,4.622291082645844
2763,D,5.0,0,5.0
2764,D,5.0,0,5.0
2765,D,1.4661451451103746,1,3.626718894486451
2766,D,5.0,0,5.0
2767,D,5.0,0,5.0
2768,D,4.121915252345938,2,5.0
2769,D,3.00080459053523,0,3.00080459053523
2770,D,5.0,0,5.0
2771,D,0.5062843473481251,2,3.7495819048529655
2772,D,1.9024207967887874,2,5.0
2773,D,1.1618545408262628,2,5.0
2774,D,1.4388635840859232,2,5.0
2775,D,4.588915593846227,0,4.588915593846227
2776,D,0.02050695376537983,1,4.983730371533295
2777,D,0.5299958507144124,1,5.0
2778,D,5.0,0,5.0
2779,D,1.0922805072973862,1,4.670960664247907
2780,D,5.0,0,5.0
2781,D,0.13391540404132304,2,5.0
2782,D,4.737696744961181,0,4.737696744961181
2783,D,5.0,0,5.0
2784,D,0.6971118877991921,2,5.0
2785,D,0.9401794281996839,1,5.0
2786,D,5.0,0,5.0
2787,D,2.6935918362376077,2,5.0
2788,D,2.8841091099992906,1,5.0
2789,D,5.0,0,5.0
2790,D,5.0,0,5.0
2791,D,5.0,0,5.0
2792,D,5.0,0,5.0
2793,D,3.8731742447916595,2,5.0
2794,D,0.8135096096515659,1,5.0
2795,D,5.0,0,5.0
2796,D,3.6036243267818904,0,3.6036243267818904
2797,D,1.4405616765252824,2,5.0
2798,D,3.8651568560268377,0,3.8651568560268377
2799,D,5.0,0,5.0
2800,D,2.278789352982691,2,4.4223505349365695
2801,D,5.0,0,5.0
2802,D,2.003392816156357,2,5.0
2803,D,5.0,0,5.0
2804,D,3.9508729262919076,0,3.9508729262919076
2805,D,3.017118067855853,0,3.017118067855853
2806,D,5.0,0,5.0
2807,D,1.7729384140746183,1,3.968797184841757
2808,D,5.0,0,5.0
2809,D,4.285140239202027,2,5.0
2810,D,2.647818294648379,2,5.0
2811,D,0.4205950426020961,2,5.0
2812,D,0.48101813123280746,1,5.0
2813,D,0.16583449986838572,1,5.0
2814,D,5.0,0,5.0
2815,D,5.0,0,5.0
2816,D,5.0,0,5.0
2817,D,1.55081596229907,2,5.0
2818,D,1.5366218094265662,2,3.0790381399270714
2819,D,5.0,0,5.0
2820,D,1.1242081035528173,2,3.2806659471015465
2821,D,4.4671390784599305,0,4.4671390784599305
2822,D,0.4832302167922006,2,5.0
2823,D,0.10865114967482051,2,3.4152660380086126
2824,D,4.354024468639464,0,4.354024468639464
2825,D,2.4656403115216734,2,3.743991993543581
2826,D,5.0,0,5.0
2827,D,1.1842380752005321,2,5.0
2828,D,0.2621674674077503,2,5.0
2829,D,2.3959317037810415,2,3.471386478978944
2830,D,5.0,0,5.0
2831,D,5.0,0,5.0
2832,D,3.920464508889864,0,3.920464508889864
2833,D,0.7353767218141668,1,4.62149331890865
2834,D,5.0,0,5.0
2835,D,4.033583071345391,2,5.0
2836,D,3.043299691442527,0,3.043299691442527
2837,D,5.0,0,5.0
2838,D,5.0,0,5.0
2839,D,1.1621229671268989,2,3.2827659853673596
2840,D,5.0,0,5.0
2841,D,4.0123853210476526,0,4.0123853210476526
2842,D,2.0699903840791727,2,4.5244497092140765
2843,D,5.0,0,5.0
2844,D,5.0,0,5.0
2845,D,3.0773035649100686,1,5.0
2846,D,3.863877683897405,2,5.0
2847,D,3.8632659999353014,2,5.0
2848,D,1.764039191567286,1,4.7503747853177005
2849,D,1.9684752515673036,2,5.0
2850,D,5.0,0,5.0
2851,D,2.117646788222993,2,4.87617677200564
2852,D,2.0315002414301,2,5.0
2853,D,4.541762182736173,2,5.0
2854,D,0.4501238369436661,2,4.17639990071241
2855,D,1.9144256274569187,2,4.712380444781465
2856,D,1.0746593996907254,2,3.122341585185673
2857,D,3.2341378464294896,0,3.2341378464294896
2858,D,5.0,0,5.0
2859,D,1.1763658356023845,2,5.0
2860,D,4.342927760976793,2,5.0
2861,D,3.146926663626822,2,5.0
2862,D,0.14812440242083555,2,5.0
2863,D,3.906747439830073,0,3.906747439830073
2864,D,3.097072466615903,2,5.0
2865,D,0.7005444101051034,2,5.0
2866,D,5.0,0,5.0
2867,D,2.0169306552321857,2,5.0
2868,D,1.482637057772546,2,3.674393995526226
2869,D,0.42208052055014816,2,4.073300045444473
2870,D,3.3006770386255173,0,3.3006770386255173
2871,D,3.3035093512236466,2,5.0
2872,D,0.27622638133943095,1,5.0
2873,D,4.694721497691827,0,4.694721497691827
2874,D,5.0,0,5.0
2875,D,5.0,0,5.0
2876,D,4.103448981437319,0,4.103448981437319
2877,D,0.13784146682365064,2,4.673721829615795
2878,D,1.8465511751909558,1,3.0908066271458265
2879,D,0.22141565483522688,2,5.0
2880,D,0.0891415467187111,2,4.332119281198084
2881,D,5.0,0,5.0
2882,D,0.7338267364265207,1,5.0
2883,D,0.2475014574371121,2,4.409041737639043
2884,D,3.510987988699514,0,3.510987988699514
2885,D,5.0,0,5.0
2886,D,0.536941848385976,2,3.729514640520901
2887,D,5.0,0,5.0
2888,D,3.0606534651389707,1,5.0
2889,D,0.07106482719054588,2,4.57979651455133
2890,D,5.0,0,5.0
2891,D,2.3319485354247522,2,5.0
2892,D,5.0,0,5.0
2893,D,1.6449978347614325,2,5.0
2894,D,2.885556288274837,2,3.1626053028734713
2895,D,2.003925909974771,2,3.3577394138426024
2896,D,3.033021126615369,0,3.033021126615369
2897,D,2.545522860435472,2,5.0
2898,D,5.0,0,5.0
2899,D,3.364541357342766,0,3.364541357342766
2900,D,5.0,0,5.0
2901,D,3.642101802154701,2,5.0
2902,D,0.2363396245398988,2,5.0
2903,D,3.254119438322374,0,3.254119438322374
2904,D,0.4207356619602822,2,5.0
2905,D,4.1072821650888045,0,4.1072821650888045
2906,D,0.22229583566735128,2,4.570625399919907
2907,D,2.57680609654938,2,3.362475887756253
2908,D,3.3306861506314758,0,3.3306861506314758
2909,D,5.0,0,5.0
2910,D,4.031040652878365,2,5.0
2911,D,0.033081813833692145,2,5.0
2912,D,4.4730307781636,2,5.0
2913,D,1.9649622455214881,2,4.406737399402623
2914,D,5.0,0,5.0
2915,D,3.1623009591184523,2,5.0
2916,D,5.0,0,5.0
2917,D,2.8934174177329304,1,4.108771624073999
2918,D,4.771026310309168,2,5.0
2919,D,3.0364357049200486,0,3.0364357049200486
2920,D,5.0,0,5.0
2921,D,0.10301882238141394,1,5.0
2922,D,0.15960093150541654,1,5.0
2923,D,0.9424037334517836,2,5.0
2924,D,3.786032499012046,2,5.0
2925,D,3.2819391632818236,2,4.605486518632771
2926,D,3.0717074495442693,0,3.0717074495442693
2927,D,5.0,0,5.0
2928,D,4.122305732113227,0,4.122305732113227
2929,D,1.1213324478328532,2,3.4359776671617595
2930,D,4.868655945683107,0,4.868655945683107
2931,D,4.811070349051084,2,5.0
2932,D,3.046350466114358,0,3.046350466114358
2933,D,2.1233295359581232,2,5.0
2934,D,2.5751219449858382,2,5.0
2935,D,4.1499174333571265,0,4.1499174333571265
2936,D,3.383670834729462,0,3.383670834729462
2937,D,0.14537720937892734,2,5.0
2938,D,3.57025978650046,2,5.0
2939,D,5.0,0,5.0
2940,D,2.2883937647687342,2,5.0
2941,D,5.0,0,5.0
2942,D,0.7324892060116072,2,5.0
2943,D,3.1268980347310555,2,3.538113324517611
2944,D,3.6762735954361014,0,3.6762735954361014
2945,D,5.0,0,5.0
2946,D,5.0,0,5.0
2947,D,0.15982590458352525,2,5.0
2948,D,4.395687707951513,2,5.0
2949,D,3.186698949769537,0,3.186698949769537
2950,D,5.0,0,5.0
2951,D,0.45376263943122325,2,5.0
2952,D,3.2076034912062203,0,3.2076034912062203
2953,D,4.392006040802194,0,4.392006040802194
2954,D,1.2976584755108074,2,3.1729243607344615
2955,D,4.405687810147988,0,4.405687810147988
2956,D,4.496384730950732,0,4.496384730950732
2957,D,5.0,0,5.0
2958,D,3.5150660452185676,2,5.0
2959,D,2.726459749921539,2,5.0
2960,D,4.214806694259327,2,5.0
2961,D,3.4739809436050066,1,5.0
2962,D,2.91793415619185,2,4.711787607845652
2963,D,5.0,0,5.0
2964,D,2.075462927442795,2,5.0
2965,D,4.617720230009302,2,5.0
2966,D,5.0,0,5.0
2967,D,0.41433527031130174,2,5.0
2968,D,1.0851732932667095,2,5.0
2969,D,0.6696064374953935,2,3.714590599847118
2970,D,0.03908437472281795,2,5.0
2971,D,1.2582324344406313,2,5.0
2972,D,5.0,0,5.0
2973,D,4.957615183018001,0,4.957615183018001
2974,D,5.0,0,5.0
2975,D,3.145856118317702,0,3.145856118317702
2976,D,5.0,0,5.0
2977,D,5.0,0,5.0
2978,D,3.8848334461505054,0,3.8848334461505054
2979,D,3.4401527214595746,1,5.0
2980,D,2.1256615695481247,2,5.0
2981,D,4.187305631543185,2,5.0
2982,D,3.6399624550863607,2,4.613445252417596
2983,D,2.2734106293550034,2,3.0821019972642474
2984,D,5.0,0,5.0
2985,D,0.01741752674444808,2,4.4236164487375085
2986,D,3.3590612751044056,0,3.3590612751044056
2987,D,4.234952747989247,2,5.0
2988,D,1.247371233283789,2,5.0
2989,D,1.9067420740126315,2,4.265500820947435
2990,D,0.35070143983194546,2,5.0
2991,D,1.0264597390814376,2,4.428474937383701
2992,D,2.1487066806661588,2,5.0
2993,D,1.8593454845538775,2,3.3152463272182433
2994,D,4.626685824060309,0,4.626685824060309
2995,D,3.5720593819291198,2,4.5191832911854775
2996,D,3.4833897324111893,0,3.4833897324111893
2997,D,1.106812730775827,2,4.352010962676852
2998,D,5.0,0,5.0
2999,D,4.195681644332577,0,4.195681644332577
3000,D,4.271384438239146,0,4.271384438239146
3001,D,0.7614500468940485,2,5.0
3002,D,0.6909376950043962,2,5.0
3003,D,0.7953585260349159,1,3.187609469936778
3004,D,5.0,0,5.0
3005,D,4.583642261288862,0,4.583642261288862
3006,D,5.0,0,5.0
3007,D,1.139605853371494,2,5.0
3008,D,5.0,0,5.0
3009,D,5.0,0,5.0
3010,D,0.7270937322833967,2,5.0
3011,D,0.7907779928879227,2,5.0
3012,D,3.3786391606925523,2,4.0551969646618655
3013,D,3.2530391194540833,2,4.428657940180172
3014,D,1.1336058751886005,2,5.0
3015,D,2.378244613827151,2,4.060635980239244
3016,D,3.4200041843542093,2,5.0
3017,D,0.44915467471732606,1,5.0
3018,D,1.2153788049100227,2,5.0
3019,D,5.0,0,5.0
3020,D,1.3057573282107489,1,4.446575030638002
3021,D,4.646303820305419,2,5.0
3022,D,4.4062714539748935,2,5.0
3023,D,5.0,0,5.0
3024,D,4.808725212357727,0,4.808725212357727
3025,D,2.973188708278536,1,5.0
3026,D,5.0,0,5.0
3027,D,4.6724225333883584,0,4.6724225333883584
3028,D,1.3229849616305156,2,5.0
3029,D,1.2142836351275388,2,5.0
3030,D,0.8277332390476111,2,3.3524102057368523
3031,D,5.0,0,5.0
3032,D,2.892180196361418,1,5.0
3033,D,5.0,0,5.0
3034,D,4.943023052758494,0,4.943023052758494
3035,D,1.1154695537667096,2,5.0
3036,D,3.4983636014382724,2,5.0
3037,D,5.0,0,5.0
3038,D,2.654587277181451,2,4.574056386670521
3039,D,0.44528446459619037,2,3.687678787554651
3040,D,5.0,0,5.0
3041,D,5.0,0,5.0
3042,D,5.0,0,5.0
3043,D,5.0,0,5.0
3044,D,5.0,0,5.0
3045,D,5.0,0,5.0
3046,D,4.04444856579161,0,4.04444856579161
3047,D,3.0753255415388048,2,3.53513306069803
3048,D,5.0,0,5.0
3049,D,3.7777592600556726,0,3.7777592600556726
3050,D,3.315209502446157,0,3.315209502446157
3051,D,3.120326951927697,2,5.0
3052,D,3.997790139722852,2,5.0
3053,D,0.737507777946616,2,4.901542699002559
3054,D,5.0,0,5.0
3055,D,0.522114007015784,2,5.0
3056,D,2.991040935936931,2,5.0
3057,D,3.265581118028884,0,3.265581118028884
3058,D,5.0,0,5.0
3059,D,4.976087612521811,0,4.976087612521811
3060,D,3.8736673536740707,0,3.8736673536740707
3061,D,2.6870980830454996,2,5.0
3062,D,2.740103009149914,2,5.0
3063,D,3.645988328754848,0,3.645988328754848
3064,D,2.3325398216032034,2,5.0
3065,D,2.860309937777616,2,5.0
3066,D,2.1839106399711943,2,5.0
3067,D,1.7323996500158527,2,3.6354036172395188
3068,D,5.0,0,5.0
3069,D,1.6082574299929386,2,5.0
3070,D,5.0,0,5.0
3071,D,3.3497615614735663,0,3.3497615614735663
3072,D,2.5320882807065526,2,4.515732012191313
3073,D,1.223290859082146,2,4.783870399805905
3074,D,3.9798348672211112,0,3.9798348672211112
3075,D,5.0,0,5.0
3076,D,4.043249367797047,0,4.043249367797047
3077,D,2.9735732589442767,2,3.350905722392636
3078,D,3.2490328493679046,0,3.2490328493679046
3079,D,1.1887682640284287,2,5.0
3080,D,1.3785333063462633,2,5.0
3081,D,0.9167879786500643,1,5.0
3082,D,4.635760546864076,0,4.635760546864076
3083,D,5.0,0,5.0
3084,D,3.279581676181175,0,3.279581676181175
3085,D,2.347644709824801,2,5.0
3086,D,1.999801883828539,2,5.0
3087,D,5.0,0,5.0
3088,D,5.0,0,5.0
3089,D,2.3982866913926144,2,3.8362394815197
3090,D,3.200163845010426,0,3.200163845010426
3091,D,5.0,0,5.0
3092,D,0.06755026443549911,2,4.246098333907122
3093,D,5.0,0,5.0
3094,D,5.0,0,5.0
3095,D,5.0,0,5.0
3096,D,0.32757601904040334,2,5.0
3097,D,1.2285367574526302,2,5.0
3098,D,1.9826975925632753,1,4.387815916176976
3099,D,3.886980063513456,0,3.886980063513456
3100,D,4.370701028310853,2,5.0
3101,D,3.716948042537803,2,4.5651361293367305
3102,D,4.480344807861743,0,4.480344807861743
3103,D,0.4691626241409375,1,3.44286820598602
3104,D,0.6140205112390017,2,5.0
3105,D,0.28141458099081507,1,3.622109457960383
3106,D,5.0,0,5.0
3107,D,1.0597679617163063,1,4.261023405505864
3108,D,5.0,0,5.0
3109,D,1.8385573557481165,2,5.0
3110,D,5.0,0,5.0
3111,D,0.05500111717510379,2,4.744531367674632
3112,D,3.8067701257414974,2,5.0
3113,D,5.0,0,5.0
3114,D,4.855674551220802,2,5.0
3115,D,5.0,0,5.0
3116,D,4.975111879171531,0,4.975111879171531
3117,D,5.0,0,5.0
3118,D,0.4256061493547172,2,3.0126090490960546
3119,D,0.9833130051957489,2,5.0
3120,D,3.3834771833496955,0,3.3834771833496955
3121,D,3.646560904640294,0,3.646560904640294
3122,D,2.5526654843695087,1,5.0
3123,D,5.0,0,5.0
3124,D,5.0,0,5.0
3125,D,5.0,0,5.0
3126,D,2.0480012452941256,1,5.0
3127,D,0.3756325671388683,1,3.692231416122457
3128,D,4.002205805897654,2,5.0
3129,D,3.5074201224207875,2,5.0
3130,D,5.0,0,5.0
3131,D,5.0,0,5.0
3132,D,4.942645355191592,0,4.942645355191592
3133,D,3.7917712201951415,0,3.7917712201951415
3134,D,0.14972581533560206,2,5.0
3135,D,2.793278773379764,2,3.861530441762423
3136,D,5.0,0,5.0
3137,D,0.18022552915250226,2,5.0
3138,D,5.0,0,5.0
3139,D,3.783484569310357,0,3.783484569310357
3140,D,0.026780522855824464,2,5.0
3141,D,3.1414842785383943,2,5.0
3142,D,0.12153490232995387,1,4.12295187312364
3143,D,4.2582336387979645,1,5.0
3144,D,3.0599948082356243,0,3.0599948082356243
3145,D,1.7079894507763738,2,4.701657143425281
3146,D,5.0,0,5.0
3147,D,2.139555185853553,2,5.0
3148,D,3.0601828728593956,2,5.0
3149,D,0.9952145924558463,2,5.0
3150,D,0.4852539585258662,2,3.1778217966528155
3151,D,4.300069080299739,0,4.300069080299739
3152,D,2.9632864633654172,2,5.0
3153,D,3.142989350192046,2,5.0
3154,D,4.057275491934091,0,4.057275491934091
3155,D,5.0,0,5.0
3156,D,5.0,0,5.0
3157,D,5.0,0,5.0
3158,D,5.0,0,5.0
3159,D,5.0,0,5.0
3160,D,4.304489230041318,0,4.304489230041318
3161,D,3.654275288394105,0,3.654275288394105
3162,D,3.4838869109833333,0,3.4838869109833333
3163,D,5.0,0,5.0
3164,D,0.35705565115251636,2,5.0
3165,D,5.0,0,5.0
3166,D,5.0,0,5.0
3167,D,2.403335674933413,2,5.0
3168,D,2.8812036862173653,2,3.524509126360828
3169,D,5.0,0,5.0
3170,D,2.192045589872151,2,3.1630717876625374
3171,D,2.9002778191414156,2,4.819141847566168
3172,D,5.0,0,5.0
3173,D,5.0,0,5.0
3174,D,3.3793969176413015,2,3.663189357665424
3175,D,3.2044066900354142,0,3.2044066900354142
3176,D,0.06362692061468002,2,5.0
3177,D,5.0,0,5.0
3178,D,0.6145409736683033,1,5.0
3179,D,0.7472007083617774,2,5.0
3180,D,1.8666675728760616,2,3.359442971034381
3181,D,5.0,0,5.0
3182,D,3.3676355491537397,2,5.0
3183,D,0.3355069978149918,2,4.14909432206588
3184,D,3.932461933907651,2,5.0
3185,D,2.469985279063074,1,3.3376263994526143
3186,D,2.898043559769725,1,4.4354939524729335
3187,D,2.6336196908262295,2,5.0
3188,D,3.098109808790474,0,3.098109808790474
3189,D,2.874518377587836,2,3.4676830810692416
3190,D,0.5200195454757957,1,5.0
3191,D,5.0,0,5.0
3192,D,0.5524901143455743,2,3.930206202117289
3193,D,5.0,0,5.0
3194,D,5.0,0,5.0
3195,D,3.403749190792741,0,3.403749190792741
3196,D,5.0,0,5.0
3197,D,5.0,0,5.0
3198,D,3.933045267297217,0,3.933045267297217
3199,D,4.261786706285213,0,4.261786706285213
3200,D,5.0,0,5.0
3201,D,1.5314384461615618,2,4.0373534632611765
3202,D,5.0,0,5.0
3203,D,2.780018510272306,2,5.0
3204,D,1.9482506191306148,2,5.0
3205,D,3.6490079299702947,0,3.6490079299702947
3206,D,5.0,0,5.0
3207,D,3.041478709848397,2,5.0
3208,D,4.227056441625538,2,5.0
3209,D,1.6340061194555153,2,5.0
3210,D,3.4547461105229247,1,3.7377837049171285
3211,D,0.8488612256837562,2,4.021409208044716
3212,D,5.0,0,5.0
3213,D,5.0,0,5.0
3214,D,5.0,0,5.0
3215,D,0.571748641380363,1,5.0
3216,D,3.7942744185006605,2,4.076238342238717
3217,D,3.7106193670309198,0,3.7106193670309198
3218,D,2.675864912918064,2,5.0
3219,D,3.3732900090403164,0,3.3732900090403164
3220,D,0.20903850972134055,2,4.744450814877979
3221,D,2.1108606320181433,1,3.1781727502698143
3222,D,5.0,0,5.0
3223,D,5.0,0,5.0
3224,D,5.0,0,5.0
3225,D,5.0,0,5.0
3226,D,4.023477292693049,0,4.023477292693049
3227,D,3.936090345171399,0,3.936090345171399
3228,D,1.6494194566083717,2,3.215298600124898
3229,D,3.328865125139851,0,3.328865125139851
3230,D,5.0,0,5.0
3231,D,2.3812652779380614,2,5.0
3232,D,5.0,0,5.0
3233,D,1.8098744782967917,2,5.0
3234,D,4.4350465357935,0,4.4350465357935
3235,D,3.597717761785394,0,3.597717761785394
3236,D,4.54734321174561,0,4.54734321174561
3237,D,5.0,0,5.0
3238,D,2.7093573804064266,2,5.0
3239,D,5.0,0,5.0
3240,D,3.0787847810782445,0,3.0787847810782445
3241,D,1.64431409809906,1,3.530742097755619
3242,D,0.38045156691948306,2,5.0
3243,D,5.0,0,5.0
3244,D,3.6655921265687765,0,3.6655921265687765
3245,D,5.0,0,5.0
3246,D,5.0,0,5.0
3247,D,4.577953393095348,2,5.0
3248,D,5.0,0,5.0
3249,D,5.0,0,5.0
3250,D,4.696667317943945,0,4.696667317943945
3251,D,2.990678497725189,2,5.0
3252,D,5.0,0,5.0
3253,D,3.519752136509904,2,5.0
3254,D,5.0,0,5.0
3255,D,4.144630012941526,2,5.0
3256,D,5.0,0,5.0
3257,D,3.108336959247628,0,3.108336959247628
3258,D,0.20655778417299456,2,5.0
3259,D,5.0,0,5.0
3260,D,5.0,0,5.0
3261,D,4.868559082150173,2,5.0
3262,D,2.5462430374653278,2,4.057416272234955
3263,D,5.0,0,5.0
3264,D,0.11171054262347271,2,5.0
3265,D,1.0624515547414295,1,4.288020196895048
3266,D,1.2445550919175221,2,3.6025127753088144
3267,D,3.522769427874417,2,4.544895274535993
3268,D,0.15065890986377575,2,4.592602512895562
3269,D,2.075715743097462,2,3.9430467916609886
3270,D,3.6522629997448592,2,4.3566020666596135
3271,D,1.985212945991041,2,5.0
3272,D,4.404264492564423,0,4.404264492564423
3273,D,5.0,0,5.0
3274,D,2.168038088980938,2,5.0
3275,D,1.3777412061286667,2,5.0
3276,D,5.0,0,5.0
3277,D,5.0,0,5.0
3278,D,5.0,0,5.0
3279,D,5.0,0,5.0
3280,D,5.0,0,5.0
3281,D,5.0,0,5.0
3282,D,5.0,0,5.0
3283,D,1.4632926182261206,2,5.0
3284,D,1.4532570998455072,2,5.0
3285,D,5.0,0,5.0
3286,D,3.6154501768001013,0,3.6154501768001013
3287,D,0.20329176698059137,2,5.0
3288,D,1.3854006631076625,1,5.0
3289,D,3.2138683032891007,2,3.7479153818861506
3290,D,3.0995117334384177,0,3.0995117334384177
3291,D,0.7903650619884965,2,5.0
3292,D,5.0,0,5.0
3293,D,4.891680591412759,2,5.0
3294,D,5.0,0,5.0
3295,D,1.0692221269847508,1,5.0
3296,D,2.9317959306353605,2,4.729269215461223
3297,D,3.981564656392632,2,5.0
3298,D,5.0,0,5.0
3299,D,2.753645779940564,2,3.616332771461133
3300,D,0.49535059188658803,2,5.0
3301,D,2.2375760413035906,1,3.0224149748563414
3302,D,5.0,0,5.0
3303,D,2.57180151855281,2,3.6260785842826677
3304,D,0.039707494620191026,2,3.8339403911841186
3305,D,2.6772134703339674,2,5.0
3306,D,3.9171120847884593,0,3.9171120847884593
3307,D,3.596106909930232,0,3.596106909930232
3308,D,5.0,0,5.0
3309,D,4.564981585947945,0,4.564981585947945
3310,D,1.3798568599438896,2,3.2308448727395223
3311,D,5.0,0,5.0
3312,D,2.4988771396662934,1,3.2646485938798304
3313,D,3.039600877172345,0,3.039600877172345
3314,D,4.234262015983078,2,5.0
3315,D,5.0,0,5.0
3316,D,1.882025474050049,2,5.0
3317,D,2.683156796677171,2,5.0
3318,D,3.6311762206522302,0,3.6311762206522302
3319,D,4.859255409024139,0,4.859255409024139
3320,D,4.975230664048624,0,4.975230664048624
3321,D,3.394267841537792,1,5.0
3322,D,5.0,0,5.0
3323,D,4.0996727705705505,1,4.2610623539042285
3324,D,5.0,0,5.0
3325,D,2.0430157565528972,2,5.0
3326,D,2.1880537012570827,2,5.0
3327,D,5.0,0,5.0
3328,D,1.4690926427947353,2,5.0
3329,D,0.7378797970405525,2,4.955828759508735
3330,D,2.1085628199470117,2,3.7874646780497176
3331,D,5.0,0,5.0
3332,D,3.269831053516596,2,5.0
3333,D,0.9790349263104544,2,5.0
3334,D,3.230084948423369,2,5.0
3335,D,0.7067711192737076,2,5.0
3336,D,3.152810600462983,0,3.152810600462983
3337,D,2.044542236205793,2,4.150517422373799
3338,D,3.8744066713204113,0,3.8744066713204113
3339,D,3.48458521296515,0,3.48458521296515
3340,D,4.383240360411634,0,4.383240360411634
3341,D,5.0,0,5.0
3342,D,2.886769369339647,2,5.0
3343,D,5.0,0,5.0
3344,D,2.482603186821399,2,5.0
3345,D,5.0,0,5.0
3346,D,1.9950874892953463,2,4.144611781681754
3347,D,1.7698305899905569,2,5.0
3348,D,5.0,0,5.0
3349,D,0.4562645752519914,1,4.871000958119584
3350,D,5.0,0,5.0
3351,D,3.3118726588085057,0,3.3118726588085057
3352,D,4.9843824525325315,2,5.0
3353,D,5.0,0,5.0
3354,D,3.1187375787821714,2,5.0
3355,D,2.9154836523186614,1,4.008953715138314
3356,D,2.6896152097926094,2,3.754819783759358
3357,D,4.67097634833218,2,5.0
3358,D,1.8793775682949048,2,3.4058844619344644
3359,D,3.953534974717234,0,3.953534974717234
3360,D,2.5906274855511207,1,5.0
3361,D,1.7617889766159198,2,5.0
3362,D,4.875100095535566,0,4.875100095535566
3363,D,3.6700681031353604,1,5.0
3364,D,2.6487343709288393,1,5.0
3365,D,5.0,0,5.0
3366,D,0.9739782480361455,2,3.7693970003208017
3367,D,4.354260500843072,1,5.0
3368,D,5.0,0,5.0
3369,D,0.1008813136185684,1,5.0
3370,D,0.13450773287148857,2,5.0
3371,D,1.2366809134050842,1,5.0
3372,D,5.0,0,5.0
3373,D,4.006271145085224,0,4.006271145085224
3374,D,5.0,0,5.0
3375,D,2.95091380568238,2,5.0
3376,D,5.0,0,5.0
3377,D,3.5279123790715836,0,3.5279123790715836
3378,D,3.384903351137175,2,5.0
3379,D,1.399035477038971,2,5.0
3380,D,3.8873624020477955,0,3.8873624020477955
3381,D,3.685209752720819,2,4.932567070572569
3382,D,0.677445831262246,2,4.1126977486703105
3383,D,2.2607657957314884,2,3.9908338089946827
3384,D,4.449171434479624,0,4.449171434479624
3385,D,3.9128862813244885,0,3.9128862813244885
3386,D,3.7345021157816407,0,3.7345021157816407
3387,D,0.9481762715433508,2,3.947375849525093
3388,D,1.270985585519034,2,5.0
3389,D,5.0,0,5.0
3390,D,1.4535655441893316,1,3.3729643590013905
3391,D,1.434506799581627,2,5.0
3392,D,0.9711543270274308,2,4.250092317359145
3393,D,0.21017763592270877,1,4.925770737099699
3394,D,0.1793830940975099,2,5.0
3395,D,0.8936924441263361,2,4.24481470831427
3396,D,4.721513740584937,0,4.721513740584937
3397,D,5.0,0,5.0
3398,D,4.373694416107586,0,4.373694416107586
3399,D,5.0,0,5.0
3400,D,4.335552623281538,0,4.335552623281538
3401,D,3.5479762693787387,2,4.8979924722500545
3402,D,2.63113030616035,2,5.0
3403,D,4.279741140353018,2,4.626465512550206
3404,D,2.69480977691564,2,3.9817493621865845
3405,D,4.816757782155955,1,5.0
3406,D,4.352409629368992,0,4.352409629368992
3407,D,2.666928820794843,2,5.0
3408,D,5.0,0,5.0
3409,D,0.45544696285515246,2,5.0
3410,D,3.083625941721393,0,3.083625941721393
3411,D,0.23254713235687527,2,5.0
3412,D,5.0,0,5.0
3413,D,0.015031223186136604,2,3.202116769953884
3414,D,0.4817083109505564,2,3.0943456030769085
3415,D,1.2984743835943213,1,5.0
3416,D,0.21560055324652125,2,5.0
3417,D,5.0,0,5.0
3418,D,0.05032928548613743,2,5.0
3419,D,1.5763824085777178,2,5.0
3420,D,0.8838785389433805,2,3.8344663172588955
3421,D,5.0,0,5.0
3422,D,5.0,0,5.0
3423,D,0.6046282072181892,2,5.0
3424,D,0.7638086713594568,2,3.241551424044713
3425,D,4.34972118496742,1,5.0
3426,D,2.6839182026984205,1,5.0
3427,D,0.22575217673311024,2,4.509291862818828
3428,D,4.236600885123789,2,5.0
3429,D,3.0734064072428624,2,5.0
3430,D,0.5095450467676427,2,3.5998817569439616
3431,D,5.0,0,5.0
3432,D,3.900056403501195,2,5.0
3433,D,2.5205876124916076,2,4.111173948426627
3434,D,5.0,0,5.0
3435,D,0.2583782257804398,2,4.618875479536577
3436,D,5.0,0,5.0
3437,D,1.2876978152612295,2,5.0
3438,D,2.4733043896083977,2,4.870774262852376
3439,D,5.0,0,5.0
3440,D,0.691157892524607,2,5.0
3441,D,5.0,0,5.0
3442,D,2.626042824610845,2,5.0
3443,D,0.5482847762636514,2,5.0
3444,D,0.4863786108176043,2,5.0
3445,D,5.0,0,5.0
3446,D,3.600125057962339,0,3.600125057962339
3447,D,2.8220750389614895,2,4.4735639025372205
3448,D,0.6483535106904816,1,5.0
3449,D,1.3454141847814793,2,4.69136901068361
3450,D,0.9335302407215167,2,5.0
3451,D,3.6624395458155767,2,4.815130857801887
3452,D,0.9257513024689139,1,5.0
3453,D,3.1552574291063213,0,3.1552574291063213
3454,D,4.3892740731039055,0,4.3892740731039055
3455,D,3.3680928947107502,0,3.3680928947107502
3456,D,0.01994449903503829,1,5.0
3457,D,1.967585073952739,2,3.706978642397693
3458,D,4.0197001117842035,0,4.0197001117842035
3459,D,5.0,0,5.0
3460,D,5.0,0,5.0
3461,D,2.793716731524439,2,5.0
3462,D,5.0,0,5.0
3463,D,5.0,0,5.0
3464,D,5.0,0,5.0
3465,D,3.4769153946671008,0,3.4769153946671008
3466,D,1.5335802693889036,1,5.0
3467,D,3.2388843951175024,0,3.2388843951175024
3468,D,0.966452023033994,2,3.879122458013283
3469,D,2.049796076669269,2,5.0
3470,D,5.0,0,5.0
3471,D,0.07371055814862594,2,5.0
3472,D,5.0,0,5.0
3473,D,4.1750174722252975,0,4.1750174722252975
3474,D,0.8752079405216838,2,5.0
3475,D,1.2367045969150754,2,5.0
3476,D,2.106539876509787,2,3.777701297308453
3477,D,1.465437003271346,2,5.0
3478,D,1.9056604436345455,1,4.214364640226722
3479,D,5.0,0,5.0
3480,D,3.1846002092313372,2,5.0
3481,D,5.0,0,5.0
3482,D,5.0,0,5.0
3483,D,5.0,0,5.0
3484,D,4.722564083535239,0,4.722564083535239
3485,D,4.098393744592472,0,4.098393744592472
3486,D,0.2270166905154751,1,3.495146466311259
3487,D,5.0,0,5.0
3488,D,0.27004284716751065,1,5.0
3489,D,5.0,0,5.0
3490,D,4.4659757176787345,1,5.0
3491,D,2.592941555389377,2,5.0
3492,D,0.7491331698872432,2,3.6381805449530873
3493,D,3.6376362944307257,0,3.6376362944307257
3494,D,3.676159684460771,0,3.676159684460771
3495,D,0.5735827338779719,2,5.0
3496,D,1.8000521486122998,2,5.0
3497,D,5.0,0,5.0
3498,D,5.0,0,5.0
3499,D,5.0,0,5.0
3500,D,5.0,0,5.0
3501,D,5.0,0,5.0
3502,D,5.0,0,5.0
3503,D,5.0,0,5.0
3504,D,0.9815909889714869,2,3.209497243068189
3505,D,2.267610801886462,1,4.894514312191748
3506,D,5.0,0,5.0
3507,D,5.0,0,5.0
3508,D,4.782158530047938,0,4.782158530047938
3509,D,4.964544253257551,2,5.0
3510,D,0.9103591849129885,2,5.0
3511,D,5.0,0,5.0
3512,D,5.0,0,5.0
3513,D,5.0,0,5.0
3514,D,4.580126199775926,1,5.0
3515,D,0.032441226363666975,2,5.0
3516,D,3.620599106013276,0,3.620599106013276
3517,D,5.0,0,5.0
3518,D,5.0,0,5.0
3519,D,5.0,0,5.0
3520,D,2.377829513801747,1,5.0
3521,D,5.0,0,5.0
3522,D,5.0,0,5.0
3523,D,2.7615090593821363,2,3.1814218035788153
3524,D,3.998237342383192,0,3.998237342383192
3525,D,0.9403149427895978,2,5.0
3526,D,3.6547948658061356,1,4.9720262359657745
3527,D,2.5362109446796137,2,3.649021693565126
3528,D,0.2628598789368349,2,5.0
3529,D,5.0,0,5.0
3530,D,2.586562907650875,2,5.0
3531,D,4.214409235944269,0,4.214409235944269
3532,D,1.771802216463044,1,5.0
3533,D,4.96449060043246,2,5.0
3534,D,5.0,0,5.0
3535,D,1.442681995048137,1,4.350460814007195
3536,D,5.0,0,5.0
3537,D,2.4419857999436614,1,5.0
3538,D,4.014845365681902,2,4.462086499079115
3539,D,1.1057698042282602,2,5.0
3540,D,5.0,0,5.0
3541,D,4.790656452054256,2,5.0
3542,D,5.0,0,5.0
3543,D,4.038048710194049,0,4.038048710194049
3544,D,5.0,0,5.0
3545,D,4.954457841916903,0,4.954457841916903
3546,D,2.8717083301626927,2,5.0
3547,D,0.6981685687138781,2,3.842366154198621
3548,D,1.299591431497739,1,5.0
3549,D,3.4378391371982877,0,3.4378391371982877
3550,D,4.404711689220992,0,4.404711689220992
3551,D,5.0,0,5.0
3552,D,5.0,0,5.0
3553,D,2.446141844627831,2,3.2828944942861766
3554,D,5.0,0,5.0
3555,D,4.3284762045538585,0,4.3284762045538585
3556,D,1.5147568181581506,1,5.0
3557,D,4.9789192139039375,2,5.0
3558,D,1.6659575968795373,2,3.9671479434219856
3559,D,0.41437264903621424,2,5.0
3560,D,4.720470473874733,0,4.720470473874733
3561,D,2.186284082788097,2,5.0
3562,D,3.101843754866488,1,4.362131504049788
3563,D,2.9072678644676473,2,5.0
3564,D,3.495781101891012,0,3.495781101891012
3565,D,1.2922454361777038,2,5.0
3566,D,1.3608478900093595,2,4.722247330611401
3567,D,3.9708691484396557,0,3.9708691484396557
3568,D,4.296532780831762,0,4.296532780831762
3569,D,5.0,0,5.0
3570,D,3.9481106358730114,0,3.9481106358730114
3571,D,1.690669101410736,2,5.0
3572,D,4.888352311697082,0,4.888352311697082
3573,D,1.0746923399573585,1,3.5772913208351858
3574,D,5.0,0,5.0
3575,D,4.60819624904102,0,4.60819624904102
3576,D,4.592910327970615,1,5.0
3577,D,4.336003293252797,0,4.336003293252797
3578,D,0.8943391921755028,1,5.0
3579,D,5.0,0,5.0
3580,D,1.0129127923922363,2,5.0
3581,D,1.2380253884789887,2,5.0
3582,D,5.0,0,5.0
3583,D,4.617086438371602,2,5.0
3584,D,1.3671461934647087,2,5.0
3585,D,3.479479363635183,0,3.479479363635183
3586,D,3.3654567292270983,2,4.876811451703193
3587,D,3.131284382365491,0,3.131284382365491
3588,D,5.0,0,5.0
3589,D,1.8150170025587853,2,5.0
3590,D,1.0995951528605938,1,5.0
3591,D,5.0,0,5.0
3592,D,2.018202268051575,2,5.0
3593,D,3.103304519474392,0,3.103304519474392
3594,D,0.27300054904578247,2,5.0
3595,D,3.637431049399228,0,3.637431049399228
3596,D,4.989033454109113,0,4.989033454109113
3597,D,3.063544071994477,0,3.063544071994477
3598,D,5.0,0,5.0
3599,D,2.992090362240987,2,3.9447221002732267
3600,D,1.3488188344183274,2,4.5786692131903965
3601,D,4.263549198529281,0,4.263549198529281
3602,D,1.9773288639042719,2,5.0
3603,D,1.3251850951371311,2,5.0
3604,D,1.2502387784762623,2,3.375630868614747
3605,D,3.2431325524088193,0,3.2431325524088193
3606,D,1.2883159058983773,2,4.002450732961852
3607,D,2.704350294600319,1,5.0
3608,D,1.747407239667975,2,5.0
3609,D,1.7878089581336143,1,4.435065951761665
3610,D,2.146346373887455,2,4.302642659994199
3611,D,3.8124042614494105,0,3.8124042614494105
3612,D,0.8095389393331116,2,5.0
3613,D,3.48079121378648,0,3.48079121378648
3614,D,4.997764860009474,1,5.0
3615,D,5.0,0,5.0
3616,D,0.8209647729818214,2,4.2685884182411975
3617,D,5.0,0,5.0
3618,D,0.047834277306781275,2,5.0
3619,D,1.670175098060595,2,5.0
3620,D,4.207734201851686,0,4.207734201851686
3621,D,0.3937429109892608,2,5.0
3622,D,3.777192771854542,0,3.777192771854542
3623,D,1.2998686219477693,2,5.0
3624,D,3.1283177413708647,0,3.1283177413708647
3625,D,1.9414654426068156,2,5.0
3626,D,4.3144289361183175,0,4.3144289361183175
3627,D,1.3531050950062038,2,5.0
3628,D,0.09553159892929614,2,5.0
3629,D,0.8567376702489976,2,5.0
3630,D,1.7007950639707214,2,3.63582822361784
3631,D,1.327446750594238,2,5.0
3632,D,3.040863435969001,0,3.040863435969001
3633,D,3.1363227589705285,2,3.3252324463683713
3634,D,5.0,0,5.0
3635,D,0.9147775435147582,2,4.325213077140754
3636,D,0.4110886325697579,2,5.0
3637,D,2.6306794668754363,2,4.550151128141024
3638,D,4.716933572809513,0,4.716933572809513
3639,D,3.0076410058474154,0,3.0076410058474154
3640,D,0.099730667343011,2,5.0
3641,D,5.0,0,5.0
3642,D,3.69706130853012,0,3.69706130853012
3643,D,0.19882937414347565,1,3.750188972987464
3644,D,2.53537241679676,2,5.0
3645,D,5.0,0,5.0
3646,D,3.3643359119555734,2,5.0
3647,D,2.893322177228359,2,5.0
3648,D,0.6954497709777204,2,5.0
3649,D,3.207698226366722,0,3.207698226366722
3650,D,4.3127792342064115,2,5.0
3651,D,5.0,0,5.0
3652,D,3.6716643525202914,0,3.6716643525202914
3653,D,1.2921883754932488,2,5.0
3654,D,5.0,0,5.0
3655,D,0.04563556223811375,2,4.826563846562852
3656,D,3.630484646030818,2,5.0
3657,D,1.7608939118415987,2,5.0
3658,D,2.658073620638288,2,4.4347469023590165
3659,D,0.314185598046,2,3.5715958049632377
3660,D,0.8032389221814665,1,5.0
3661,D,2.041292310683648,2,5.0
3662,D,5.0,0,5.0
3663,D,0.6517061584997799,2,4.197617879509538
3664,D,3.0597975852841426,2,4.09989421201402
3665,D,4.388551066544928,0,4.388551066544928
3666,D,5.0,0,5.0
3667,D,4.560377738086486,2,5.0
3668,D,1.3968777989349133,2,5.0
3669,D,0.11608874505045981,2,3.439818106950955
3670,D,2.8148182588280553,2,5.0
3671,D,4.46716733561729,0,4.46716733561729
3672,D,3.2605671425951197,0,3.2605671425951197
3673,D,1.1465748055334846,2,5.0
3674,D,3.83877384080649,0,3.83877384080649
3675,D,0.18268124771268604,2,5.0
3676,D,1.7197152840082723,2,5.0
3677,D,2.9704906145307217,2,4.379714941763021
3678,D,3.1415222926048014,2,5.0
3679,D,1.9904905919964633,2,5.0
3680,D,1.873240151110494,2,3.657374814243332
3681,D,3.725838993417503,2,4.377782801044086
3682,D,5.0,0,5.0
3683,D,1.434101828095055,1,5.0
3684,D,5.0,0,5.0
3685,D,4.380147337478467,0,4.380147337478467
3686,D,5.0,0,5.0
3687,D,5.0,0,5.0
3688,D,5.0,0,5.0
3689,D,3.9278541435437884,0,3.9278541435437884
3690,D,5.0,0,5.0
3691,D,3.387843961985974,0,3.387843961985974
3692,D,3.0816326417264213,0,3.0816326417264213
3693,D,5.0,0,5.0
3694,D,4.590051345724782,2,5.0
3695,D,0.5446172288139428,2,5.0
3696,D,4.70169364994354,1,5.0
3697,D,1.828542311621078,2,5.0
3698,D,0.6647310962462597,2,5.0
3699,D,2.3672580097790505,2,3.6864561986673805
3700,D,4.514596151036367,0,4.514596151036367
3701,D,0.2157917477758754,2,5.0
3702,D,3.1052521164174447,1,5.0
3703,D,2.1114067275794386,2,5.0
3704,D,0.5230440577459441,1,5.0
3705,D,5.0,0,5.0
3706,D,4.421835205641535,2,5.0
3707,D,0.23085375490717283,2,4.939543337660689
3708,D,0.5031312970357571,2,3.6232298306254935
3709,D,5.0,0,5.0
3710,D,4.406248558519818,2,5.0
3711,D,5.0,0,5.0
3712,D,2.3817786684292512,1,5.0
3713,D,3.6783161133092013,0,3.6783161133092013
3714,D,3.419987591428166,2,5.0
3715,D,0.8485377325391856,2,5.0
3716,D,3.238924273766969,0,3.238924273766969
3717,D,3.585645133736532,2,5.0
3718,D,2.161951813610523,2,3.9446527342784643
3719,D,5.0,0,5.0
3720,D,5.0,0,5.0
3721,D,0.0034335484846122794,2,5.0
3722,D,3.1448839347488433,0,3.1448839347488433
3723,D,5.0,0,5.0
3724,D,3.7990735049839186,0,3.7990735049839186
3725,D,4.42585085888412,1,5.0
3726,D,5.0,0,5.0
3727,D,0.705320875264728,1,5.0
3728,D,4.654190986090156,2,5.0
3729,D,3.255296656464808,2,5.0
3730,D,0.2538849175528031,2,5.0
3731,D,5.0,0,5.0
3732,D,3.8491247622283087,0,3.8491247622283087
3733,D,4.9852585554289846,0,4.9852585554289846
3734,D,5.0,0,5.0
3735,D,3.4693074478337964,0,3.4693074478337964
3736,D,4.664450956701685,0,4.664450956701685
3737,D,1.2868212221752495,2,5.0
3738,D,5.0,0,5.0
3739,D,4.38369638921131,2,4.7894101615583855
3740,D,2.9841334002243234,2,3.4677265394440684
3741,D,4.327086976376792,0,4.327086976376792
3742,D,3.8660105947558683,0,3.8660105947558683
3743,D,3.4342351935994926,0,3.4342351935994926
3744,D,4.644046358159178,0,4.644046358159178
3745,D,3.4316746765438317,2,5.0
3746,D,0.48294710018452947,1,5.0
3747,D,3.0991608462818254,0,3.0991608462818254
3748,D,1.231699782103849,2,3.478853792602848
3749,D,2.2047633997616036,2,3.705823224108162
3750,D,0.15422028349164565,2,3.7283865807323213
3751,D,3.769278588393423,2,5.0
3752,D,5.0,0,5.0
3753,D,2.024172882336686,2,3.817069132892301
3754,D,3.1008544116631955,0,3.1008544116631955
3755,D,3.658844510402248,2,4.1356013972853765
3756,D,2.3863094997148293,2,3.94091428259583
3757,D,2.9965560312639146,2,5.0
3758,D,5.0,0,5.0
3759,D,3.6088930439979574,0,3.6088930439979574
3760,D,5.0,0,5.0
3761,D,4.94324161878568,2,5.0
3762,D,3.541843369904231,0,3.541843369904231
3763,D,5.0,0,5.0
3764,D,3.2632688874937155,0,3.2632688874937155
3765,D,2.4450338319050897,2,3.9624886431448014
3766,D,1.375521449978054,2,3.2608144535224497
3767,D,5.0,0,5.0
3768,D,1.9264293989640917,2,5.0
3769,D,3.1680057733079217,0,3.1680057733079217
3770,D,1.6990139363486305,2,5.0
3771,D,2.083356890479744,2,5.0
3772,D,5.0,0,5.0
3773,D,4.522590912629964,1,5.0
3774,D,3.0048520460872488,2,5.0
3775,D,1.0040857789066004,2,5.0
3776,D,4.742997158067113,0,4.742997158067113
3777,D,0.007401078510116251,2,3.516498226069947
3778,D,3.8088271542386787,2,5.0
3779,D,4.3014894857647175,0,4.3014894857647175
3780,D,0.519546353037591,2,3.783638787187087
3781,D,2.3024569383869498,2,3.114526617624793
3782,D,0.027026005285818253,2,5.0
3783,D,2.6748034774077145,2,5.0
3784,D,5.0,0,5.0
3785,D,3.4590147429067235,0,3.4590147429067235
3786,D,0.34173421333174475,1,5.0
3787,D,2.3928852309807476,2,5.0
3788,D,5.0,0,5.0
3789,D,5.0,0,5.0
3790,D,3.49302697332012,2,5.0
3791,D,5.0,0,5.0
3792,D,2.689314315299382,1,3.8996281689034777
3793,D,5.0,0,5.0
3794,D,0.7574120521275942,1,5.0
3795,D,0.07304188741073475,2,5.0
3796,D,2.99844883206365,2,3.8181032435064948
3797,D,2.94191305837387,1,5.0
3798,D,1.5344797472499658,2,3.230953349059137
3799,D,3.03794559488562,2,4.598187424549463
3800,D,0.44258700041920407,2,3.266689990908826
3801,D,4.576395118004003,0,4.576395118004003
3802,D,5.0,0,5.0
3803,D,5.0,0,5.0
3804,D,0.25568843430664095,1,5.0
3805,D,0.6101749692953171,2,5.0
3806,D,3.110918667212689,0,3.110918667212689
3807,D,5.0,0,5.0
3808,D,5.0,0,5.0
3809,D,4.1880192409654695,0,4.1880192409654695
3810,D,0.007557587312204292,2,4.277846251467455
3811,D,4.046191720465921,2,4.94538522242844
3812,D,3.194642255128948,0,3.194642255128948
3813,D,1.0690936226791428,2,5.0
3814,D,1.9516017919015531,2,5.0
3815,D,4.364169509860755,0,4.364169509860755
3816,D,5.0,0,5.0
3817,D,3.4739343251592225,0,3.4739343251592225
3818,D,1.2693459171398465,2,5.0
3819,D,0.9878926848617818,2,3.245410050991305
3820,D,5.0,0,5.0
3821,D,4.707549110813816,0,4.707549110813816
3822,D,2.831431504855117,2,5.0
3823,D,3.7184270730006603,2,5.0
3824,D,1.7289559247243014,1,5.0
3825,D,1.3117672395393802,2,5.0
3826,D,2.6272679932719134,2,5.0
3827,D,4.528801946814505,0,4.528801946814505
3828,D,5.0,0,5.0
3829,D,4.00874615795726,1,5.0
3830,D,5.0,0,5.0
3831,D,3.3422841353671084,0,3.3422841353671084
3832,D,4.455123051365611,0,4.455123051365611
3833,D,5.0,0,5.0
3834,D,0.026344609398096516,2,5.0
3835,D,2.515705237360219,2,4.106771366238117
3836,D,0.2769826988358144,2,5.0
3837,D,3.4554396481620966,0,3.4554396481620966
3838,D,4.132622390511259,0,4.132622390511259
3839,D,1.3347970735133383,2,5.0
3840,D,0.25926390463656496,2,5.0
3841,D,3.007149237647883,0,3.007149237647883
3842,D,5.0,0,5.0
3843,D,4.744625119894816,0,4.744625119894816
3844,D,3.9172854619779915,0,3.9172854619779915
3845,D,0.5703947592821411,1,4.429249632129378
3846,D,3.9938221143929282,0,3.9938221143929282
3847,D,5.0,0,5.0
3848,D,0.5971984886282025,2,4.00122215162272
3849,D,3.11514086136772,1,5.0
3850,D,5.0,0,5.0
3851,D,5.0,0,5.0
3852,D,0.2448889201574952,1,5.0
3853,D,5.0,0,5.0
3854,D,2.222469451130646,2,3.6493062295198477
3855,D,4.869369267868972,0,4.869369267868972
3856,D,4.389000221211582,0,4.389000221211582
3857,D,0.22271119130723963,1,5.0
3858,D,5.0,0,5.0
3859,D,0.0724860375961381,1,5.0
3860,D,5.0,0,5.0
3861,D,3.5642684140005647,0,3.5642684140005647
3862,D,4.415469339420404,0,4.415469339420404
3863,D,5.0,0,5.0
3864,D,4.731778959537761,0,4.731778959537761
3865,D,4.079164797782328,0,4.079164797782328
3866,D,1.6345712317397427,1,5.0
3867,D,4.348040542201114,2,5.0
3868,D,1.7243947097847538,2,5.0
3869,D,5.0,0,5.0
3870,D,2.002127184587765,2,4.045591496914072
3871,D,1.1551139713023648,2,5.0
3872,D,5.0,0,5.0
3873,D,5.0,0,5.0
3874,D,5.0,0,5.0
3875,D,5.0,0,5.0
3876,D,3.233662119937019,0,3.233662119937019
3877,D,0.7301710692523699,2,5.0
3878,D,4.565334884901025,0,4.565334884901025
3879,D,3.6389949904143566,2,5.0
3880,D,4.745263762749014,0,4.745263762749014
3881,D,5.0,0,5.0
3882,D,0.6737012121941492,2,5.0
3883,D,5.0,0,5.0
3884,D,3.7330835668485776,0,3.7330835668485776
3885,D,3.6674516182701886,0,3.6674516182701886
3886,D,4.574366949164146,1,5.0
3887,D,1.5419308372629548,2,5.0
3888,D,0.5029855319194599,2,5.0
3889,D,3.974184682530306,2,5.0
3890,D,2.2320286258871365,2,5.0
3891,D,5.0,0,5.0
3892,D,0.06886702359733941,1,5.0
3893,D,3.796285360001414,0,3.796285360001414
3894,D,4.595261041911286,0,4.595261041911286
3895,D,0.279506598370955,1,5.0
3896,D,2.8530394044002354,1,3.9953593748232255
3897,D,3.949259417556288,0,3.949259417556288
3898,D,2.186726492681561,2,5.0
3899,D,0.6798273029351106,2,5.0
3900,D,1.6417588279693531,2,3.3213487597054194
3901,D,5.0,0,5.0
3902,D,1.1385645071583403,2,5.0
3903,D,5.0,0,5.0
3904,D,3.4346398775695484,2,4.437991295851706
3905,D,5.0,0,5.0
3906,D,3.739423307258374,2,4.705191492166346
3907,D,4.095597941598262,0,4.095597941598262
3908,D,1.2816317417295358,2,3.4303325911754814
3909,D,5.0,0,5.0
3910,D,1.9178980950183515,2,3.2456755151799177
3911,D,5.0,0,5.0
3912,D,5.0,0,5.0
3913,D,5.0,0,5.0
3914,D,4.449303447509706,1,5.0
3915,D,4.375141574474131,0,4.375141574474131
3916,D,1.6682209048908967,2,5.0
3917,D,5.0,0,5.0
3918,D,5.0,0,5.0
3919,D,1.9643121651509452,2,4.418494057637897
3920,D,3.4340426073346917,2,5.0
3921,D,4.713472266206269,0,4.713472266206269
3922,D,3.1165167726918437,2,3.6416837135792015
3923,D,0.8231561928653547,2,4.082608036373125
3924,D,0.25563962740416657,2,4.193066211637274
3925,D,4.1190140319346185,0,4.1190140319346185
3926,D,5.0,0,5.0
3927,D,5.0,0,5.0
3928,D,1.5450230672258078,2,5.0
3929,D,1.4759941210742578,2,4.67741645523895
3930,D,3.8750266118917187,0,3.8750266118917187
3931,D,1.8787777269168637,2,5.0
3932,D,2.58183370844084,2,5.0
3933,D,3.190943945390205,2,5.0
3934,D,3.039006759188311,0,3.039006759188311
3935,D,1.1953321533068662,2,4.465319014988648
3936,D,3.0244146573519766,0,3.0244146573519766
3937,D,5.0,0,5.0
3938,D,0.44883361697896607,1,3.001823666954261
3939,D,2.3371540312884287,2,3.281611812443993
3940,D,3.5924978939948984,0,3.5924978939948984
3941,D,3.941797932579909,2,5.0
3942,D,2.3774599132502736,2,5.0
3943,D,1.2093569647670945,1,5.0
3944,D,3.006616167705033,0,3.006616167705033
3945,D,1.9695585253945769,2,5.0
3946,D,4.0209894145639264,0,4.0209894145639264
3947,D,5.0,0,5.0
3948,D,5.0,0,5.0
3949,D,1.2837310980152594,1,4.880056360019299
3950,D,0.09107410453252766,2,5.0
3951,D,2.6792252635469347,2,3.6355781279525425
3952,D,3.3490326935603694,2,4.588392447489879
3953,D,3.2974661974729242,0,3.2974661974729242
3954,D,5.0,0,5.0
3955,D,5.0,0,5.0
3956,D,4.774887524828948,0,4.774887524828948
3957,D,5.0,0,5.0
3958,D,1.5289858326524066,2,4.401168822518542
3959,D,5.0,0,5.0
3960,D,0.17975840861076484,2,3.148394766169022
3961,D,3.310621075577076,0,3.310621075577076
3962,D,1.4950469745062942,2,5.0
3963,D,4.547120263316088,0,4.547120263316088
3964,D,5.0,0,5.0
3965,D,3.631184554990062,2,5.0
3966,D,0.2990008438299587,2,5.0
3967,D,2.6221242861460516,2,4.738866486091672
3968,D,0.3206570341778357,2,5.0
3969,D,5.0,0,5.0
3970,D,0.7330681427958029,2,5.0
3971,D,5.0,0,5.0
3972,D,2.3736341580182283,2,5.0
3973,D,0.7989488064598297,2,5.0
3974,D,3.4645134312298294,0,3.4645134312298294
3975,D,4.958133583447006,0,4.958133583447006
3976,D,3.769581270708756,2,5.0
3977,D,1.6050215843458784,2,5.0
3978,D,3.6997779234408767,0,3.6997779234408767
3979,D,0.023048053956603982,2,5.0
3980,D,0.8360703541410671,2,3.240488286744556
3981,D,1.235927728732151,2,5.0
3982,D,3.412903805454479,2,5.0
3983,D,5.0,0,5.0
3984,D,5.0,0,5.0
3985,D,2.5504883132330445,2,3.7300107623502265
3986,D,0.3344437367138952,1,5.0
3987,D,1.6820538983647242,2,3.832659970245009
3988,D,1.3013761329514668,2,5.0
3989,D,2.8926349139342067,1,5.0
3990,D,2.047093230480508,2,5.0
3991,D,2.4878142934419363,2,5.0
3992,D,5.0,0,5.0
3993,D,2.0865192622850426,2,5.0
3994,D,3.6213509584742294,0,3.6213509584742294
3995,D,2.77050807121859,2,5.0
3996,D,3.666970653866509,2,3.7684037069810112
3997,D,4.46869216219296,2,5.0
3998,D,3.2568861249752556,0,3.2568861249752556
3999,D,1.2101382777680312,2,5.0
4000,D,1.9494345468492877,2,3.434717229219074
4001,D,5.0,0,5.0
4002,D,0.4352577501652134,2,5.0
4003,D,5.0,0,5.0
4004,D,4.74850959488812,0,4.74850959488812
4005,D,4.343619732545912,0,4.343619732545912
4006,D,4.878334697823217,0,4.878334697823217
4007,D,4.682342671032584,0,4.682342671032584
4008,D,1.8940175834083888,2,3.2651071960865856
4009,D,1.6077502621087083,2,3.2944428470658655
4010,D,1.8496862125329503,1,3.0546454749425864
4011,D,3.3614725322180847,0,3.3614725322180847
4012,D,4.15408227539148,2,5.0
4013,D,5.0,0,5.0
4014,D,1.5487842784044676,2,4.078382680624301
4015,D,4.959078272151673,2,5.0
4016,D,1.193467685945222,2,5.0
4017,D,2.2717456029828025,1,5.0
4018,D,5.0,0,5.0
4019,D,5.0,0,5.0
4020,D,3.51563971890741,0,3.51563971890741
4021,D,4.291980659062043,0,4.291980659062043
4022,D,4.6067985261377755,0,4.6067985261377755
4023,D,0.9742114397564546,2,5.0
4024,D,5.0,0,5.0
4025,D,3.661395373356006,0,3.661395373356006
4026,D,4.322572617182406,2,5.0
4027,D,5.0,0,5.0
4028,D,2.201674435862589,1,4.784694248587391
4029,D,4.782101761204563,0,4.782101761204563
4030,D,5.0,0,5.0
4031,D,4.263946546932638,0,4.263946546932638
4032,D,4.757453036861697,2,5.0
4033,D,4.427652035132822,2,5.0
4034,D,1.289375732813283,1,5.0
4035,D,5.0,0,5.0
4036,D,3.543005318392127,0,3.543005318392127
4037,D,4.07955201858484,0,4.07955201858484
4038,D,3.5096371619115607,0,3.5096371619115607
4039,D,3.4376094711543654,0,3.4376094711543654
4040,D,1.2123604570637914,1,4.928285347747682
4041,D,3.456858941111694,0,3.456858941111694
4042,D,5.0,0,5.0
4043,D,5.0,0,5.0
4044,D,0.4917492190070474,2,3.7825815533773484
4045,D,2.4201960164938936,2,5.0
4046,D,0.120242790495017,2,5.0
4047,D,5.0,0,5.0
4048,D,0.5597470177935292,2,5.0
4049,D,5.0,0,5.0
4050,D,0.04824493612036902,2,5.0
4051,D,0.323444504364895,2,3.99356667279412
4052,D,1.365180956628354,2,3.431380525501078
4053,D,2.7342399396390964,2,3.2705950107797346
4054,D,0.29566872971816993,2,5.0
4055,D,3.8887738310356754,2,5.0
4056,D,3.7618598920064628,0,3.7618598920064628
4057,D,1.1743841746842048,2,5.0
4058,D,2.2808986688096033,2,5.0
4059,D,5.0,0,5.0
4060,D,5.0,0,5.0
4061,D,0.30019075190158784,1,5.0
4062,D,3.1277466807839107,2,5.0
4063,D,2.340429687265043,2,4.980920007037537
4064,D,4.506073533602749,0,4.506073533602749
4065,D,0.09718578359495593,2,5.0
4066,D,0.6792569911961744,2,5.0
4067,D,5.0,0,5.0
4068,D,0.9965668502966736,1,3.13368253523058
4069,D,5.0,0,5.0
4070,D,4.731184062789597,0,4.731184062789597
4071,D,0.6903479842162181,2,5.0
4072,D,3.634782900248248,0,3.634782900248248
4073,D,1.0418706289665336,2,5.0
4074,D,5.0,0,5.0
4075,D,1.0790740894861546,2,3.2928173042170807
4076,D,3.24225514013318,2,5.0
4077,D,3.9014400561755345,2,4.029333149451279
4078,D,5.0,0,5.0
4079,D,2.1888672962902684,1,5.0
4080,D,4.202943062810815,2,5.0
4081,D,1.3729216702027174,2,3.954808479057674
4082,D,1.1052219887025014,2,5.0
4083,D,5.0,0,5.0
4084,D,0.5646389870931838,2,3.6985791673910957
4085,D,4.786024136654846,0,4.786024136654846
4086,D,4.362083785643851,0,4.362083785643851
4087,D,2.2807902815745424,2,5.0
4088,D,1.741927617599715,2,3.123309492963155
4089,D,4.52075419454216,2,5.0
4090,D,2.7164992232394995,1,3.473789203420092
4091,D,3.3828710097997776,0,3.3828710097997776
4092,D,0.14458437035435145,2,5.0
4093,D,4.072484833749011,2,5.0
4094,D,3.5225982487245693,0,3.5225982487245693
4095,D,1.4410547224985675,2,5.0
4096,D,5.0,0,5.0
4097,D,4.1675375663183605,0,4.1675375663183605
4098,D,5.0,0,5.0
4099,D,4.821243962861751,2,5.0
4100,D,0.47446582307186425,2,4.6834905715414905
4101,D,2.8757919223846864,2,3.0102692458692277
4102,D,5.0,0,5.0
4103,D,5.0,0,5.0
4104,D,3.951458398353822,2,5.0
4105,D,5.0,0,5.0
4106,D,5.0,0,5.0
4107,D,3.8065494457483218,0,3.8065494457483218
4108,D,3.873749541250119,0,3.873749541250119
4109,D,3.7671478092229203,2,5.0
4110,D,1.0053435557160253,2,5.0
4111,D,2.7790639077714165,2,3.471159024295071
4112,D,5.0,0,5.0
4113,D,1.5593862918802295,2,5.0
4114,D,0.7703338869760811,2,5.0
4115,D,5.0,0,5.0
4116,D,3.2725198859236992,2,3.972618340057165
4117,D,3.934784987102918,0,3.934784987102918
4118,D,1.1445402099532813,1,4.898628019929385
4119,D,4.5308349954341605,0,4.5308349954341605
4120,D,3.3268064619507,0,3.3268064619507
4121,D,0.5705503720512005,2,4.794403189040919
4122,D,4.087623969945783,2,5.0
4123,D,4.3307897931186625,2,5.0
4124,D,1.0016692445894277,2,5.0
4125,D,5.0,0,5.0
4126,D,0.21860129612212106,2,5.0
4127,D,3.5512031642889053,0,3.5512031642889053
4128,D,5.0,0,5.0
4129,D,4.997295696479087,1,5.0
4130,D,5.0,0,5.0
4131,D,4.839161192840876,2,5.0
4132,D,1.2160100736655652,2,4.4656852277614245
4133,D,0.5426306696835056,2,4.158385691215736
4134,D,4.502097539392095,0,4.502097539392095
4135,D,5.0,0,5.0
4136,D,0.2457978861534257,2,5.0
4137,D,0.2307344179712619,2,5.0
4138,D,5.0,0,5.0
4139,D,0.7132394931252946,2,5.0
4140,D,1.8669316051203744,2,3.8732574938582234
4141,D,4.030055836187035,2,5.0
4142,D,0.7214381292416552,2,3.4387596165714975
4143,D,2.156161127323414,2,5.0
4144,D,2.497796612252182,2,4.085001952964143
4145,D,1.0441813907177686,2,5.0
4146,D,4.161042650366538,0,4.161042650366538
4147,D,5.0,0,5.0
4148,D,5.0,0,5.0
4149,D,2.7365156713909915,2,5.0
4150,D,5.0,0,5.0
4151,D,4.235728419893716,0,4.235728419893716
4152,D,5.0,0,5.0
4153,D,2.0753129257353518,2,3.9295088125470268
4154,D,4.9420782714599785,0,4.9420782714599785
4155,D,5.0,0,5.0
4156,D,3.4065095422444847,0,3.4065095422444847
4157,D,5.0,0,5.0
4158,D,2.4744660376388636,2,5.0
4159,D,0.4264965480973132,2,4.407336085048515
4160,D,3.1115014283275673,0,3.1115014283275673
4161,D,3.8754040460817283,0,3.8754040460817283
4162,D,0.5338669777522796,2,5.0
4163,D,5.0,0,5.0
4164,D,1.6119822503867158,1,4.433321427896058
4165,D,5.0,0,5.0
4166,D,2.0359986098776646,2,5.0
4167,D,2.835033801036611,2,5.0
4168,D,0.6665767014936715,2,3.594955886737942
4169,D,3.1966774575728163,0,3.1966774575728163
4170,D,3.8807990844118896,2,4.355510942021535
4171,D,4.335287819061283,0,4.335287819061283
4172,D,4.975985982291528,2,5.0
4173,D,0.8201208385746249,2,3.7294843026807714
4174,D,1.4535249920438984,2,3.0164112049646636
4175,D,0.9119139619912585,2,4.663360753579765
4176,D,0.9704073269829627,1,4.452602756819819
4177,D,3.157312496708961,2,5.0
4178,D,4.047309652143512,0,4.047309652143512
4179,D,3.1243349049062625,0,3.1243349049062625
4180,D,3.124313590240021,0,3.124313590240021
4181,D,4.607858889153662,2,5.0
4182,D,2.058642053970016,2,4.614975153008455
4183,D,0.6015920212645116,2,3.5270669102292507
4184,D,0.5435509724347963,2,5.0
4185,D,5.0,0,5.0
4186,D,1.5215354172899218,2,5.0
4187,D,3.5545450299357193,2,5.0
4188,D,3.007422361463143,0,3.007422361463143
4189,D,5.0,0,5.0
4190,D,0.5226454164867407,2,5.0
4191,D,0.24647569109068518,2,4.880938082943846
4192,D,3.727766287588376,2,5.0
4193,D,1.0300191578681304,2,5.0
4194,D,4.528137326187472,0,4.528137326187472
4195,D,3.083682992427353,0,3.083682992427353
4196,D,0.9096964489818431,2,5.0
4197,D,5.0,0,5.0
4198,D,3.4422891778629916,2,5.0
4199,D,1.3840231041665105,2,5.0
4200,D,5.0,0,5.0
4201,D,5.0,0,5.0
4202,D,5.0,0,5.0
4203,D,2.951878219006484,2,3.025886397105489
4204,D,4.353315091136142,2,4.3733110051445525
4205,D,5.0,0,5.0
4206,D,4.903474089326415,0,4.903474089326415
4207,D,1.1679841016963894,2,4.6758625861614656
4208,D,3.2942723863700167,2,5.0
4209,D,3.550606767847015,0,3.550606767847015
4210,D,5.0,0,5.0
4211,D,4.487380775802723,2,5.0
4212,D,4.711442058626722,0,4.711442058626722
4213,D,4.141929872580786,0,4.141929872580786
4214,D,0.9098328633231542,1,3.834512457762611
4215,D,5.0,0,5.0
4216,D,3.2630675224483587,0,3.2630675224483587
4217,D,0.11153780712277911,2,4.827020799179202
4218,D,4.810127478286784,2,5.0
4219,D,2.110816507926439,2,5.0
4220,D,0.317045498075289,2,3.2945039102303655
4221,D,3.185393324614926,0,3.185393324614926
4222,D,0.6088638843219676,2,5.0
4223,D,0.8856858925386006,2,3.6561659002851457
4224,D,2.2584117950108404,2,5.0
4225,D,5.0,0,5.0
4226,D,5.0,0,5.0
4227,D,4.14158856711839,2,4.678578951758985
4228,D,0.18695376401087077,1,4.8878130252337675
4229,D,2.3236043312893577,2,3.732296575992944
4230,D,5.0,0,5.0
4231,D,1.7477052151563,2,5.0
4232,D,5.0,0,5.0
4233,D,0.9026618373597025,2,5.0
4234,D,3.928243074437595,0,3.928243074437595
4235,D,4.775904376583474,2,5.0
4236,D,4.807123314962792,0,4.807123314962792
4237,D,5.0,0,5.0
4238,D,4.188787178708351,2,5.0
4239,D,5.0,0,5.0
4240,D,0.9574204777101453,2,5.0
4241,D,5.0,0,5.0
4242,D,2.9960502829658227,2,5.0
4243,D,4.371362677745675,2,5.0
4244,D,2.0099068172085826,2,4.48056288440074
4245,D,4.3890148450881545,0,4.3890148450881545
4246,D,4.018364992026671,0,4.018364992026671
4247,D,2.8612136117577456,1,5.0
4248,D,4.850504044011411,2,5.0
4249,D,3.3939312209907535,2,5.0
4250,D,0.4438722121705053,2,5.0
4251,D,1.3994341339293688,2,4.247722260777855
4252,D,3.784565485753621,2,5.0
4253,D,2.65318485503183,2,5.0
4254,D,1.0248648289486535,1,5.0
4255,D,3.336528747007085,0,3.336528747007085
4256,D,2.1967708195466664,1,5.0
4257,D,2.2478766329585294,2,5.0
4258,D,5.0,0,5.0
4259,D,4.4228239293375395,2,5.0
4260,D,3.1379040010186534,2,5.0
4261,D,4.707786284080789,2,5.0
4262,D,3.924143582933806,1,5.0
4263,D,2.180628685964532,2,5.0
4264,D,2.915209383945285,2,5.0
4265,D,2.4787737764739632,2,5.0
4266,D,1.1340013307306234,2,5.0
4267,D,2.3800477494433827,2,5.0
4268,D,0.09391757229968166,2,5.0
4269,D,0.9515925106727726,2,4.142643587712339
4270,D,5.0,0,5.0
4271,D,0.012613929575132517,1,3.065399568184989
4272,D,5.0,0,5.0
4273,D,3.0689809612840895,0,3.0689809612840895
4274,D,3.260466026881685,0,3.260466026881685
4275,D,1.0230588041036484,2,5.0
4276,D,4.188104777481652,0,4.188104777481652
4277,D,0.16878599964184365,2,5.0
4278,D,4.595435240619951,1,5.0
4279,D,1.0797231555870712,2,5.0
4280,D,4.216771065061588,2,5.0
4281,D,2.482618275478089,2,5.0
4282,D,5.0,0,5.0
4283,D,5.0,0,5.0
4284,D,4.1925411503978784,0,4.1925411503978784
4285,D,1.83164439693663,2,4.32021489587549
4286,D,1.9538633634890095,2,5.0
4287,D,4.901024173446404,0,4.901024173446404
4288,D,0.7833771215912584,2,5.0
4289,D,1.6972033571586853,2,4.583906326133322
4290,D,3.6333743341790026,2,5.0
4291,D,0.3652463074744077,2,5.0
4292,D,4.406469092838251,0,4.406469092838251
4293,D,3.0867602484390027,2,3.4740370921762143
4294,D,3.6334705730297996,2,5.0
4295,D,2.301559998151382,1,5.0
4296,D,3.6075570739666487,1,5.0
4297,D,3.1497809438056925,0,3.1497809438056925
4298,D,4.946024199390484,0,4.946024199390484
4299,D,1.4265743663120374,1,3.029906059562177
4300,D,2.7667836477002368,2,5.0
4301,D,5.0,0,5.0
4302,D,5.0,0,5.0
4303,D,4.17447234347329,0,4.17447234347329
4304,D,0.3228119019811544,2,5.0
4305,D,2.8065710371339865,2,5.0
4306,D,4.320868651286681,0,4.320868651286681
4307,D,5.0,0,5.0
4308,D,0.27223335765727924,2,5.0
4309,D,1.9272945194794042,2,5.0
4310,D,4.958485005321206,0,4.958485005321206
4311,D,3.011085301492915,0,3.011085301492915
4312,D,0.6535450644467534,2,5.0
4313,D,3.3535776028967232,2,5.0
4314,D,5.0,0,5.0
4315,D,2.0780954191368135,2,5.0
4316,D,0.5396183461058077,2,5.0
4317,D,3.8621677087526907,2,5.0
4318,D,5.0,0,5.0
4319,D,1.7730474205824547,2,4.399744710468374
4320,D,5.0,0,5.0
4321,D,0.45105241599421525,2,5.0
4322,D,3.958458280608428,0,3.958458280608428
4323,D,5.0,0,5.0
4324,D,3.082607067417796,1,3.28882044010133
4325,D,5.0,0,5.0
4326,D,4.856946500996728,0,4.856946500996728
4327,D,5.0,0,5.0
4328,D,4.440383849042858,2,5.0
4329,D,5.0,0,5.0
4330,D,3.0956985803066015,2,5.0
4331,D,3.3274824133275263,2,5.0
4332,D,3.2574948633512064,2,5.0
4333,D,1.2661474055745654,2,5.0
4334,D,3.1263144011700543,0,3.1263144011700543
4335,D,3.2021448454266945,2,5.0
4336,D,0.7783425097310406,2,3.826434001842782
4337,D,3.6198849245046207,0,3.6198849245046207
4338,D,5.0,0,5.0
4339,D,3.157428306969165,1,5.0
4340,D,5.0,0,5.0
4341,D,2.572656513693918,2,5.0
4342,D,0.21377794368840822,2,5.0
4343,D,3.893329880830798,0,3.893329880830798
4344,D,2.9794579951938367,2,4.1738033751061625
4345,D,5.0,0,5.0
4346,D,5.0,0,5.0
4347,D,1.4752390522484147,2,4.627381496473373
4348,D,5.0,0,5.0
4349,D,3.1241372040371607,0,3.1241372040371607
4350,D,5.0,0,5.0
4351,D,5.0,0,5.0
4352,D,2.6189423318166023,2,3.174762534911962
4353,D,2.0739479534597356,2,4.6964828222502
4354,D,5.0,0,5.0
4355,D,1.1814344007972162,2,5.0
4356,D,0.3221797861972896,2,5.0
4357,D,0.9812776430555098,2,5.0
4358,D,5.0,0,5.0
4359,D,0.1567156404800178,2,5.0
4360,D,4.492523820431306,1,5.0
4361,D,0.8175889259690482,2,5.0
4362,D,4.466489245173964,0,4.466489245173964
4363,D,2.314473538395434,2,3.6220965374704934
4364,D,1.5920635599532025,1,3.323279423432216
4365,D,5.0,0,5.0
4366,D,4.827323119699891,0,4.827323119699891
4367,D,3.9565698974694548,0,3.9565698974694548
4368,D,1.1333089477607947,2,5.0
4369,D,3.4560422272397426,0,3.4560422272397426
4370,D,2.6365418520150525,1,4.04893539148047
4371,D,0.9004342508196367,2,5.0
4372,D,5.0,0,5.0
4373,D,5.0,0,5.0
4374,D,4.5316494069645366,2,5.0
4375,D,5.0,0,5.0
4376,D,5.0,0,5.0
4377,D,5.0,0,5.0
4378,D,0.062300645487573504,2,5.0
4379,D,2.1727147321689775,2,4.55799956282959
4380,D,5.0,0,5.0
4381,D,5.0,0,5.0
4382,D,4.8822227613274025,2,5.0
4383,D,4.516606156776087,2,5.0
4384,D,3.655392144274878,2,5.0
4385,D,5.0,0,5.0
4386,D,2.600796324829839,2,5.0
4387,D,1.7662906459225391,2,5.0
4388,D,5.0,0,5.0
4389,D,2.192144950167835,2,5.0
4390,D,1.4161575682307557,2,5.0
4391,D,4.032918171328436,0,4.032918171328436
4392,D,3.932032126901758,1,5.0
4393,D,1.762018441259324,2,5.0
4394,D,0.9119886369101537,2,4.19270369246952
4395,D,0.015828492749237283,2,3.134787213612974
4396,D,5.0,0,5.0
4397,D,1.8599729265957647,2,5.0
4398,D,0.11666338350589128,2,5.0
4399,D,3.5149737736432574,1,4.144827734884081
4400,D,5.0,0,5.0
4401,D,5.0,0,5.0
4402,D,1.0324713671598007,2,5.0
4403,D,1.2415962409940766,2,3.2290829618712706
4404,D,2.2739977176723962,2,5.0
4405,D,5.0,0,5.0
4406,D,5.0,0,5.0
4407,D,0.09855636855657329,2,5.0
4408,D,2.0075298213372545,2,3.854167315582963
4409,D,1.042410390649073,2,5.0
4410,D,0.39926968391507245,2,5.0
4411,D,2.966900943232857,2,4.771485778966272
4412,D,1.2563581218173183,2,5.0
4413,D,5.0,0,5.0
4414,D,3.78421047732647,0,3.78421047732647
4415,D,4.033810588266791,1,5.0
4416,D,2.1985078083957243,2,5.0
4417,D,0.9006283136724386,2,4.526861722633044
4418,D,0.9336033551249364,2,5.0
4419,D,2.2145296567006914,2,3.190429053740544
4420,D,3.596958415614398,0,3.596958415614398
4421,D,2.041498297208586,2,5.0
4422,D,5.0,0,5.0
4423,D,4.121183606877346,0,4.121183606877346
4424,D,0.9913808850021033,2,5.0
4425,D,2.1291331113339256,2,5.0
4426,D,5.0,0,5.0
4427,D,3.122863233542145,2,5.0
4428,D,4.9042174597549675,2,5.0
4429,D,5.0,0,5.0
4430,D,5.0,0,5.0
4431,D,5.0,0,5.0
4432,D,5.0,0,5.0
4433,D,2.544457206042254,2,5.0
4434,D,1.771461780472877,2,5.0
4435,D,3.4674386538105715,1,5.0
4436,D,1.4952757781405208,2,3.8020102800745055
4437,D,5.0,0,5.0
4438,D,4.6385653492341365,0,4.6385653492341365
4439,D,2.7484921020270674,1,5.0
4440,D,2.008440362628596,2,3.9190948440830122
4441,D,5.0,0,5.0
4442,D,0.7340733964422459,2,4.01811439582393
4443,D,1.4050157681731714,2,5.0
4444,D,0.378049914914887,2,5.0
4445,D,1.4578350269059612,2,5.0
4446,D,3.320600640415733,2,5.0
4447,D,2.9969991347593035,1,5.0
4448,D,1.039677761980146,1,5.0
4449,D,5.0,0,5.0
4450,D,4.887763073586106,2,5.0
4451,D,4.194857724931495,0,4.194857724931495
4452,D,5.0,0,5.0
4453,D,0.8906168585352982,1,5.0
4454,D,5.0,0,5.0
4455,D,4.929448510147953,0,4.929448510147953
4456,D,2.4762175655417598,2,4.377862101320995
4457,D,2.116242488688907,2,4.847105413723801
4458,D,4.18924154027008,0,4.18924154027008
4459,D,3.7209953967809892,2,5.0
4460,D,4.9535774017801915,1,5.0
4461,D,0.6948596885019461,1,5.0
4462,D,3.469605100603655,0,3.469605100603655
4463,D,3.9025483639468015,1,5.0
4464,D,5.0,0,5.0
4465,D,4.894588098109798,0,4.894588098109798
4466,D,3.3194740663468885,2,5.0
4467,D,4.027964173537767,2,4.2848423646941995
4468,D,2.5400389835724093,2,3.4863816665931338
4469,D,2.885171905011599,2,3.6400348974490333
4470,D,5.0,0,5.0
4471,D,5.0,0,5.0
4472,D,1.6662453680498277,2,3.5055613500765306
4473,D,4.426774204419234,2,5.0
4474,D,4.8755095855362285,2,5.0
4475,D,4.551115157521039,0,4.551115157521039
4476,D,2.225787072685476,2,3.2683958742409813
4477,D,5.0,0,5.0
4478,D,3.2460868294498435,1,3.4368647622428212
4479,D,4.743727412634701,0,4.743727412634701
4480,D,3.8443777927443765,0,3.8443777927443765
4481,D,4.612898503305285,2,5.0
4482,D,5.0,0,5.0
4483,D,3.545162373841884,0,3.545162373841884
4484,D,4.383311302880349,0,4.383311302880349
4485,D,2.2584765859631597,2,5.0
4486,D,3.2451582354870987,2,4.284811241626128
4487,D,1.3647541277245603,2,5.0
4488,D,3.497918605628507,0,3.497918605628507
4489,D,0.4684964818646285,2,4.862966821921134
4490,D,5.0,0,5.0
4491,D,0.4998631260681103,1,5.0
4492,D,5.0,0,5.0
4493,D,5.0,0,5.0
4494,D,1.2205517761174505,2,3.6145986903508
4495,D,0.077735621834444,2,4.875742151698994
4496,D,5.0,0,5.0
4497,D,5.0,0,5.0
4498,D,0.5324529860100848,1,5.0
4499,D,5.0,0,5.0
4500,D,5.0,0,5.0
4501,D,3.872802140354261,0,3.872802140354261
4502,D,5.0,0,5.0
4503,D,3.414490846909334,0,3.414490846909334
4504,D,0.18622983310157176,1,3.2661653457650752
4505,D,4.4768933124170225,0,4.4768933124170225
4506,D,4.120775365373334,2,4.480299395873436
4507,D,5.0,0,5.0
4508,D,3.3070582404555435,2,5.0
4509,D,3.088774183658908,2,5.0
4510,D,3.8543374833455033,2,3.879100733344588
4511,D,5.0,0,5.0
4512,D,0.2174914062356073,2,3.497627352080637
4513,D,0.5159982795805284,2,5.0
4514,D,4.327372343148016,0,4.327372343148016
4515,D,5.0,0,5.0
4516,D,2.2518227584445585,1,4.210038196049794
4517,D,5.0,0,5.0
4518,D,5.0,0,5.0
4519,D,2.839760403245899,2,4.607081453674544
4520,D,4.0391357993037,2,5.0
4521,D,0.8029842482378297,2,5.0
4522,D,5.0,0,5.0
4523,D,5.0,0,5.0
4524,D,0.3807985921839377,2,5.0
4525,D,1.6599209534436985,2,5.0
4526,D,0.989905758324642,2,5.0
4527,D,3.971632407660273,0,3.971632407660273
4528,D,0.5623492987335407,2,5.0
4529,D,1.4025269582124396,2,3.3634749791244256
4530,D,3.9165832543314965,0,3.9165832543314965
4531,D,1.8323356509487714,2,5.0
4532,D,5.0,0,5.0
4533,D,2.320721974457886,2,5.0
4534,D,1.3817352985582705,2,4.9944910478647095
4535,D,4.470665650490902,0,4.470665650490902
4536,D,3.4678624064642065,0,3.4678624064642065
4537,D,3.05323512335306,0,3.05323512335306
4538,D,3.6438287494964836,2,5.0
4539,D,0.3735761863010847,2,5.0
4540,D,2.9244451074571276,1,5.0
4541,D,3.3254453287180494,2,5.0
4542,D,2.0245280521776876,2,4.439183806927102
4543,D,5.0,0,5.0
4544,D,4.145492102797544,2,5.0
4545,D,4.180496036280919,2,5.0
4546,D,3.2981870264317408,0,3.2981870264317408
4547,D,0.8648782355447856,1,5.0
4548,D,4.8023250321873086,0,4.8023250321873086
4549,D,0.7806672410520508,2,4.100344793325197
4550,D,5.0,0,5.0
4551,D,0.9141973588888491,2,5.0
4552,D,4.2126568135610585,2,5.0
4553,D,0.472284622163129,1,5.0
4554,D,0.1012460869784534,1,5.0
4555,D,4.737067372482844,0,4.737067372482844
4556,D,5.0,0,5.0
4557,D,5.0,0,5.0
4558,D,1.2032124764541945,1,5.0
4559,D,3.808653874455546,0,3.808653874455546
4560,D,0.8378856306196932,2,5.0
4561,D,3.7368101576651584,0,3.7368101576651584
4562,D,3.078790375844955,0,3.078790375844955
4563,D,0.2435779708732493,2,3.5141761300154366
4564,D,5.0,0,5.0
4565,D,2.0752794141454016,1,5.0
4566,D,5.0,0,5.0
4567,D,5.0,0,5.0
4568,D,3.6834522782755377,0,3.6834522782755377
4569,D,1.807536601031721,2,3.0183285467954697
4570,D,5.0,0,5.0
4571,D,2.4149938190126754,2,4.460110319243886
4572,D,0.4690242114963873,2,5.0
4573,D,4.162102646911061,0,4.162102646911061
4574,D,2.3839187930112513,2,4.194366115441831
4575,D,3.7925165148715796,0,3.7925165148715796
4576,D,1.5542725936575554,2,5.0
4577,D,1.7581667030842445,2,5.0
4578,D,3.686211200683597,0,3.686211200683597
4579,D,2.7448213644753183,2,5.0
4580,D,0.0013676984798151862,2,5.0
4581,D,3.533329693404178,2,4.053196756455952
4582,D,0.4558362932060307,2,5.0
4583,D,2.1675754307187356,2,5.0
4584,D,5.0,0,5.0
4585,D,1.9900039610622515,2,5.0
4586,D,5.0,0,5.0
4587,D,3.9080863729941866,1,5.0
4588,D,2.160804524405441,2,5.0
4589,D,3.7810866983858724,2,5.0
4590,D,0.6177848450172048,2,5.0
4591,D,0.9396487152587178,2,5.0
4592,D,2.394459950557129,2,5.0
4593,D,5.0,0,5.0
4594,D,5.0,0,5.0
4595,D,3.0504285536620457,0,3.0504285536620457
4596,D,0.9347624911571136,1,4.250998364879355
4597,D,2.270056329908698,2,5.0
4598,D,3.61392633870175,1,4.610477665739778
4599,D,3.1923155001037835,0,3.1923155001037835
4600,D,5.0,0,5.0
4601,D,3.9948469785397274,0,3.9948469785397274
4602,D,3.743891227985294,2,5.0
4603,D,0.03479765223098486,2,5.0
4604,D,5.0,0,5.0
4605,D,5.0,0,5.0
4606,D,4.489804365008356,2,4.6411152825093245
4607,D,2.398502582525774,2,3.127681989217348
4608,D,5.0,0,5.0
4609,D,2.008569878908788,2,5.0
4610,D,5.0,0,5.0
4611,D,1.5628066367764049,2,4.152471593300264
4612,D,3.012563055256647,0,3.012563055256647
4613,D,3.723443549448355,0,3.723443549448355
4614,D,5.0,0,5.0
4615,D,0.5313000593840412,2,5.0
4616,D,5.0,0,5.0
4617,D,0.7052191745703978,2,4.997527987301527
4618,D,1.684199467285533,2,5.0
4619,D,0.36591880761276113,2,5.0
4620,D,1.6429689647615784,2,5.0
4621,D,0.1075035600982043,2,3.669909655110739
4622,D,3.1776668355283295,0,3.1776668355283295
4623,D,3.9730806172123696,0,3.9730806172123696
4624,D,2.906822647405437,2,4.202625122391554
4625,D,2.1129996171236822,2,4.661687125456444
4626,D,5.0,0,5.0
4627,D,3.4222865118189127,0,3.4222865118189127
4628,D,5.0,0,5.0
4629,D,0.9062359557345109,1,3.5179476567418106
4630,D,1.6096691127649445,2,5.0
4631,D,5.0,0,5.0
4632,D,2.774966349092488,2,5.0
4633,D,4.856803751525759,0,4.856803751525759
4634,D,4.80449117381975,2,5.0
4635,D,2.463907351466754,2,3.4047115832776793
4636,D,0.9844351550515681,2,3.462419042193813
4637,D,5.0,0,5.0
4638,D,3.992331608195439,0,3.992331608195439
4639,D,3.4417691505063996,0,3.4417691505063996
4640,D,0.15901766661195468,2,5.0
4641,D,3.971575299018268,2,5.0
4642,D,5.0,0,5.0
4643,D,5.0,0,5.0
4644,D,0.22827541267162194,2,5.0
4645,D,5.0,0,5.0
4646,D,3.6846625167090874,0,3.6846625167090874
4647,D,3.3422617526853915,2,4.002535909770788
4648,D,5.0,0,5.0
4649,D,4.192098250964735,0,4.192098250964735
4650,D,5.0,0,5.0
4651,D,4.209749791060864,0,4.209749791060864
4652,D,3.6426667258434318,2,4.20383090081401
4653,D,5.0,0,5.0
4654,D,0.8754497904970987,2,5.0
4655,D,2.7769811832528886,2,5.0
4656,D,2.455361291463125,2,5.0
4657,D,2.938054209547541,2,5.0
4658,D,0.31893548334382127,2,5.0
4659,D,2.3592310963152445,2,5.0
4660,D,2.07620346417457,2,5.0
4661,D,1.7094722926110248,2,4.760457182515012
4662,D,4.737849323530565,1,5.0
4663,D,1.4843613369198034,2,5.0
4664,D,2.4021729343785254,2,4.204522253711097
4665,D,5.0,0,5.0
4666,D,4.689901574898034,0,4.689901574898034
4667,D,5.0,0,5.0
4668,D,3.7123417484104517,0,3.7123417484104517
4669,D,3.4723957432391246,0,3.4723957432391246
4670,D,1.1410677818254231,2,3.7292704852153538
4671,D,3.7346044258399065,1,5.0
4672,D,5.0,0,5.0
4673,D,1.3087431631813315,2,5.0
4674,D,3.9875287935405823,0,3.9875287935405823
4675,D,4.477417612160561,0,4.477417612160561
4676,D,3.4922732438023925,0,3.4922732438023925
4677,D,4.060661530399407,0,4.060661530399407
4678,D,4.853143052983786,2,5.0
4679,D,0.8754249216214562,2,5.0
4680,D,3.898691035225938,2,5.0
4681,D,0.17776201265543515,2,3.20810119348468
4682,D,1.4547496155351594,2,4.6832294830350385
4683,D,4.705191836560856,0,4.705191836560856
4684,D,5.0,0,5.0
4685,D,3.6620839270278256,0,3.6620839270278256
4686,D,0.464279150591841,2,4.900181191301789
4687,D,0.31615965743778257,2,3.602122083131555
4688,D,1.7991980801968697,2,5.0
4689,D,1.4398170520045057,2,5.0
4690,D,5.0,0,5.0
4691,D,5.0,0,5.0
4692,D,4.900147373527937,1,5.0
4693,D,4.250533680096268,2,5.0
4694,D,3.7334344977269747,2,5.0
4695,D,1.37778858258546,2,5.0
4696,D,5.0,0,5.0
4697,D,5.0,0,5.0
4698,D,1.1879756163340032,2,5.0
4699,D,3.6737687905697824,2,5.0
4700,D,3.948378087036423,0,3.948378087036423
4701,D,5.0,0,5.0
4702,D,4.930878261442654,0,4.930878261442654
4703,D,3.7741494337851833,2,5.0
4704,D,5.0,0,5.0
4705,D,2.825038660525367,2,3.157458376961212
4706,D,0.6952208154054054,1,5.0
4707,D,5.0,0,5.0
4708,D,3.093282809769992,0,3.093282809769992
4709,D,0.4807585646394049,2,5.0
4710,D,2.5043988338271754,1,4.5323607192146715
4711,D,1.395978970190778,2,5.0
4712,D,4.938367472652288,0,4.938367472652288
4713,D,5.0,0,5.0
4714,D,0.6775823149974819,2,5.0
4715,D,1.4419045257425351,2,5.0
4716,D,3.1454159189056754,2,5.0
4717,D,5.0,0,5.0
4718,D,5.0,0,5.0
4719,D,5.0,0,5.0
4720,D,0.9147286997682388,1,5.0
4721,D,3.9013964625295228,0,3.9013964625295228
4722,D,5.0,0,5.0
4723,D,5.0,0,5.0
4724,D,3.2863427275494512,2,5.0
4725,D,1.6339707700017851,2,5.0
4726,D,0.11957842398387773,1,5.0
4727,D,5.0,0,5.0
4728,D,0.7979983028983454,2,5.0
4729,D,2.9125747721971766,2,5.0
4730,D,5.0,0,5.0
4731,D,5.0,0,5.0
4732,D,3.8660794105264387,0,3.8660794105264387
4733,D,5.0,0,5.0
4734,D,2.3743940322219155,2,5.0
4735,D,1.7320171437023906,2,5.0
4736,D,5.0,0,5.0
4737,D,1.1856752448733767,2,5.0
4738,D,0.14227513144856277,1,4.914190341317536
4739,D,0.27067483988551483,2,4.989100695677388
4740,D,1.2941151672086761,2,5.0
4741,D,3.945690840567715,0,3.945690840567715
4742,D,3.7169724466447205,0,3.7169724466447205
4743,D,5.0,0,5.0
4744,D,0.7159177456077114,2,5.0
4745,D,3.921400706953701,2,5.0
4746,D,4.2617770334450285,0,4.2617770334450285
4747,D,2.282950054547271,2,4.900292328693357
4748,D,3.573248535345832,0,3.573248535345832
4749,D,3.999829307427921,2,5.0
4750,D,1.4144336756504752,2,5.0
4751,D,5.0,0,5.0
4752,D,5.0,0,5.0
4753,D,5.0,0,5.0
4754,D,1.2038508295548644,1,5.0
4755,D,0.9778796150850986,1,5.0
4756,D,1.9236226396692417,2,3.121667952390603
4757,D,5.0,0,5.0
4758,D,3.29290057459367,0,3.29290057459367
4759,D,5.0,0,5.0
4760,D,4.87428893173211,0,4.87428893173211
4761,D,3.757735164588997,0,3.757735164588997
4762,D,4.601332566641936,0,4.601332566641936
4763,D,3.4925994596096177,0,3.4925994596096177
4764,D,5.0,0,5.0
4765,D,0.09179850154520657,1,5.0
4766,D,5.0,0,5.0
4767,D,4.6551465894004345,0,4.6551465894004345
4768,D,4.812169259279033,0,4.812169259279033
4769,D,3.1155408934937086,2,5.0
4770,D,5.0,0,5.0
4771,D,1.8415632865330387,1,4.535615379907861
4772,D,1.3306763908425128,2,3.1893652724078625
4773,D,2.023141404301959,2,5.0
4774,D,0.5034822094481838,2,3.0826909325420067
4775,D,5.0,0,5.0
4776,D,3.2928955697795494,0,3.2928955697795494
4777,D,4.351805892076695,2,4.433880285119872
4778,D,1.7033327486261152,2,4.8394225254271275
4779,D,2.2837236674395296,1,4.056396341884676
4780,D,5.0,0,5.0
4781,D,0.05999522397115717,2,5.0
4782,D,4.1530677425914,0,4.1530677425914
4783,D,0.26130801329844655,2,5.0
4784,D,3.4370499434423785,0,3.4370499434423785
4785,D,1.4400754867155356,2,5.0
4786,D,3.367620639324695,2,5.0
4787,D,4.82886954195758,0,4.82886954195758
4788,D,0.17110035178556746,2,3.2844669733366842
4789,D,5.0,0,5.0
4790,D,5.0,0,5.0
4791,D,1.4249808620169409,2,3.2957816230429327
4792,D,2.1345845607405933,2,4.837968662237778
4793,D,4.983421626729049,2,5.0
4794,D,5.0,0,5.0
4795,D,3.590486593541887,0,3.590486593541887
4796,D,1.6850257600127425,2,5.0
4797,D,5.0,0,5.0
4798,D,2.65165693751139,1,5.0
4799,D,4.233224573304066,0,4.233224573304066
4800,D,5.0,0,5.0
4801,D,1.7722844986054047,2,4.767715019068145
4802,D,0.9793984999491095,2,4.504334376761827
4803,D,4.321194887150745,2,4.4594327651726
4804,D,3.1975010668419657,0,3.1975010668419657
4805,D,0.5326240444544466,2,5.0
4806,D,3.6418206835376052,0,3.6418206835376052
4807,D,3.893227483578787,2,5.0
4808,D,4.965098627235944,2,5.0
4809,D,5.0,0,5.0
4810,D,0.4856838764945636,2,4.1903313610246915
4811,D,2.3704533841198736,1,5.0
4812,D,5.0,0,5.0
4813,D,0.4064778734956564,2,5.0
4814,D,5.0,0,5.0
4815,D,4.853621078174413,1,5.0
4816,D,2.1653474362990472,1,3.276757939542469
4817,D,1.0922333487499063,2,4.776079508389163
4818,D,1.5216344279874643,1,5.0
4819,D,2.3728893942553273,1,5.0
4820,D,4.313436587622472,0,4.313436587622472
4821,D,5.0,0,5.0
4822,D,2.6575786412496623,1,4.408720095581982
4823,D,5.0,0,5.0
4824,D,0.5237403253314797,2,4.669704389467254
4825,D,3.8667549968249855,1,5.0
4826,D,2.1246910775995995,2,5.0
4827,D,4.210877827428938,2,5.0
4828,D,2.299666610937768,1,3.816184037539532
4829,D,0.6519147714566907,2,5.0
4830,D,4.879555316336642,0,4.879555316336642
4831,D,0.6442708223430997,2,4.372803631361459
4832,D,4.251597421201438,2,5.0
4833,D,0.671884610068403,2,5.0
4834,D,2.2855126615812185,2,3.7881573617657684
4835,D,4.117929388325056,2,5.0
4836,D,1.0415991656565813,2,5.0
4837,D,1.4219783949234603,2,5.0
4838,D,0.2296593341581077,2,5.0
4839,D,3.346850422309557,0,3.346850422309557
4840,D,1.7709208646495576,2,5.0
4841,D,2.44168747651464,2,4.305227783855081
4842,D,1.5715156742617469,2,5.0
4843,D,5.0,0,5.0
4844,D,5.0,0,5.0
4845,D,3.0854323444501333,0,3.0854323444501333
4846,D,1.0574604588953316,2,3.1509593158540374
4847,D,3.0078712567321144,2,5.0
4848,D,4.030061705742972,2,5.0
4849,D,3.2664233187326004,0,3.2664233187326004
4850,D,5.0,0,5.0
4851,D,2.792197308172285,2,5.0
4852,D,5.0,0,5.0
4853,D,5.0,0,5.0
4854,D,2.796728412245033,2,5.0
4855,D,5.0,0,5.0
4856,D,0.5397334192081193,2,4.916241252330467
4857,D,2.0420946928512684,2,5.0
4858,D,1.5723424575311733,2,5.0
4859,D,5.0,0,5.0
4860,D,5.0,0,5.0
4861,D,4.208411411861479,0,4.208411411861479
4862,D,2.884254871881992,2,4.562883446731425
4863,D,5.0,0,5.0
4864,D,1.7882767910395203,2,3.8164609889024654
4865,D,3.1710699157467177,2,3.8010660396469764
4866,D,5.0,0,5.0
4867,D,3.446982288653959,0,3.446982288653959
4868,D,2.7376286014841273,2,5.0
4869,D,0.3144344859128911,2,3.030838629818356
4870,D,5.0,0,5.0
4871,D,2.2993461689532997,2,5.0
4872,D,1.8711871345649989,2,5.0
4873,D,2.772598346949414,2,3.0151148273528245
4874,D,3.79354549755231,0,3.79354549755231
4875,D,0.287468351430364,2,3.9439801625827733
4876,D,3.2991692229469165,2,4.948144749405615
4877,D,0.9673844595489195,2,5.0
4878,D,5.0,0,5.0
4879,D,1.720210712029244,2,5.0
4880,D,4.9265600724497345,0,4.9265600724497345
4881,D,0.9502541674204475,2,3.46925440039074
4882,D,5.0,0,5.0
4883,D,3.1433878068421857,2,5.0
4884,D,2.1576653555442036,2,5.0
4885,D,3.2128820742572994,0,3.2128820742572994
4886,D,1.5381526955650255,2,5.0
4887,D,5.0,0,5.0
4888,D,3.651490018409027,2,5.0
4889,D,5.0,0,5.0
4890,D,5.0,0,5.0
4891,D,1.3014144584359448,1,5.0
4892,D,3.4091269993532265,2,4.600309772317574
4893,D,0.8479975179034387,2,5.0
4894,D,3.7995433075768266,0,3.7995433075768266
4895,D,3.542037893982417,0,3.542037893982417
4896,D,5.0,0,5.0
4897,D,0.3113557612655274,2,5.0
4898,D,5.0,0,5.0
4899,D,0.2362167410954629,2,3.3861064654463293
4900,D,0.5983369804250406,2,5.0
4901,D,1.1401919033473331,2,3.178028275497613
4902,D,5.0,0,5.0
4903,D,0.9777357151146242,1,3.965282788653829
4904,D,0.4844773674711683,2,5.0
4905,D,3.533384556606713,2,5.0
4906,D,2.9371558839007945,2,3.741835829574677
4907,D,0.4469613549388645,2,5.0
4908,D,0.27185632954356864,1,5.0
4909,D,0.9800396195907348,2,5.0
4910,D,3.3193517422934686,2,4.7860907068287295
4911,D,2.4888833098078114,2,4.793807713352668
4912,D,3.7967658600368583,0,3.7967658600368583
4913,D,5.0,0,5.0
4914,D,5.0,0,5.0
4915,D,1.9877698635990937,2,5.0
4916,D,2.8023247538361145,2,3.477835900606998
4917,D,5.0,0,5.0
4918,D,1.6061804284862775,2,4.6392609760814025
4919,D,5.0,0,5.0
4920,D,0.07922426543942213,2,4.527248156999391
4921,D,1.5381614386872475,2,4.4057930898874895
4922,D,3.5474837801787706,0,3.5474837801787706
4923,D,2.086938488836889,2,5.0
4924,D,1.5480837930003308,2,5.0
4925,D,0.6858758591242239,2,4.082532271011091
4926,D,3.8839310086470893,0,3.8839310086470893
4927,D,4.791474710260929,0,4.791474710260929
4928,D,3.7632414374338135,1,5.0
4929,D,5.0,0,5.0
4930,D,5.0,0,5.0
4931,D,0.5098241992506318,2,5.0
4932,D,1.6226974862335712,2,5.0
4933,D,5.0,0,5.0
4934,D,5.0,0,5.0
4935,D,5.0,0,5.0
4936,D,2.389061190546595,2,5.0
4937,D,4.546535213321809,2,5.0
4938,D,5.0,0,5.0
4939,D,4.2969250237031655,0,4.2969250237031655
4940,D,5.0,0,5.0
4941,D,0.4998252090644714,2,5.0
4942,D,5.0,0,5.0
4943,D,3.2740420036034386,2,4.571247536963334
4944,D,1.6068776416500057,2,5.0
4945,D,5.0,0,5.0
4946,D,5.0,0,5.0
4947,D,5.0,0,5.0
4948,D,3.5325571606563537,0,3.5325571606563537
4949,D,0.19130264286939824,2,3.2090436669122115
4950,D,0.8058315022600168,2,4.595522055384482
4951,D,1.2708688168373579,1,5.0
4952,D,3.0584883027654217,2,5.0
4953,D,2.677660102176291,2,5.0
4954,D,1.48391054853331,2,3.161640004284078
4955,D,3.764032739722953,2,5.0
4956,D,4.124808867202005,2,5.0
4957,D,1.183430957170077,2,3.5115494409739925
4958,D,4.295073708856363,0,4.295073708856363
4959,D,0.4921061207671262,2,4.08575011964834
4960,D,3.9152643818140875,0,3.9152643818140875
4961,D,3.6323804040613035,0,3.6323804040613035
4962,D,5.0,0,5.0
4963,D,5.0,0,5.0
4964,D,4.987451596094068,0,4.987451596094068
4965,D,0.6674396595433143,2,5.0
4966,D,5.0,0,5.0
4967,D,3.9412460559543705,0,3.9412460559543705
4968,D,5.0,0,5.0
4969,D,4.902676777221691,0,4.902676777221691
4970,D,5.0,0,5.0
4971,D,3.054091594683983,1,5.0
4972,D,3.478917236263175,0,3.478917236263175
4973,D,1.647903094102193,2,5.0
4974,D,0.1846451829880391,2,5.0
4975,D,4.253713922708,0,4.253713922708
4976,D,5.0,0,5.0
4977,D,1.8557562269992298,2,5.0
4978,D,4.548217964406689,0,4.548217964406689
4979,D,4.086262803804673,0,4.086262803804673
4980,D,5.0,0,5.0
4981,D,5.0,0,5.0
4982,D,2.4097099373945565,2,5.0
4983,D,5.0,0,5.0
4984,D,1.4847516629292639,1,5.0
4985,D,3.4759528807324953,0,3.4759528807324953
4986,D,0.7229430937636186,1,5.0
4987,D,2.617218783814039,2,3.9581447835792885
4988,D,5.0,0,5.0
4989,D,5.0,0,5.0
4990,D,3.2005284809713483,0,3.2005284809713483
4991,D,2.1196334816181692,2,4.2949771651991835
4992,D,0.14166519824403606,2,5.0
4993,D,3.5087557675033696,2,5.0
4994,D,1.1117190908048715,2,5.0
4995,D,5.0,0,5.0
4996,D,3.491187722706539,2,3.7729276360773785
4997,D,5.0,0,5.0
4998,D,5.0,0,5.0
4999,D,2.5614072269532393,2,3.7690844078498724
5000,D,4.616394031508423,2,5.0
