pid,arm,sglt2,index_date,age,female,htn,ihd,hf,ckd,met,ins,end_date,reason,time,event,time_itt,event_itt
10007,SGLT2i,1,2020-05-26,61,0,1,0,1,0,1,0,2020-10-23,stop,150,0,949,0
10008,DPP4i,0,2020-08-30,79,0,1,1,1,0,0,0,2022-12-31,study_end,853,0,853,0
10009,DPP4i,0,2018-09-19,57,1,1,0,0,0,1,0,2019-08-20,stop,335,0,1564,0
10011,DPP4i,0,2020-05-13,67,0,1,1,0,0,1,0,2022-12-31,study_end,962,0,962,0
10013,SGLT2i,1,2019-09-02,50,0,1,0,0,0,1,0,2022-12-31,study_end,1216,0,1216,0
10015,DPP4i,0,2018-08-08,52,1,1,0,0,0,0,0,2019-01-05,stop,150,0,1606,0
10017,SGLT2i,1,2018-06-01,69,0,1,0,0,0,1,0,2020-01-16,stop,594,0,1674,0
10018,DPP4i,0,2019-05-29,48,0,1,1,0,0,1,0,2019-09-26,stop,120,0,1312,0
10019,SGLT2i,1,2018-12-19,58,0,0,0,0,1,1,0,2020-11-29,stop,711,0,1473,0
10020,DPP4i,0,2019-10-24,46,0,1,1,1,0,1,1,2021-07-08,stop,623,0,1164,0
10023,DPP4i,0,2021-01-21,71,0,1,0,1,0,1,0,2022-12-31,study_end,709,0,709,0
10025,SGLT2i,1,2018-10-28,79,0,1,1,0,0,1,0,2019-11-07,stop,375,0,1035,1
10026,DPP4i,0,2016-10-29,84,1,1,0,1,0,0,0,2020-02-12,stop,1201,0,2254,0
10028,DPP4i,0,2021-07-25,58,0,0,0,0,0,0,1,2022-12-31,study_end,524,0,524,0
10029,DPP4i,0,2016-06-23,56,1,1,0,0,0,1,0,2020-08-01,stop,1500,0,2382,0
10032,DPP4i,0,2016-07-21,63,0,0,0,0,0,1,0,2019-05-05,stop,1018,0,2354,0
10033,DPP4i,0,2019-06-07,77,0,0,0,1,0,1,0,2020-06-10,stop,369,0,1303,0
10034,DPP4i,0,2021-05-05,65,1,0,0,0,0,1,0,2022-02-26,stop,297,0,605,0
10035,DPP4i,0,2021-10-12,45,1,0,0,0,0,1,1,2022-12-31,study_end,445,0,445,0
10036,DPP4i,0,2018-03-11,67,0,1,0,0,0,1,0,2018-08-30,switch,172,0,1756,0
10037,DPP4i,0,2021-09-11,65,0,1,0,1,0,1,0,2022-10-01,stop,385,0,476,0
10038,DPP4i,0,2020-06-13,68,0,0,0,0,1,0,1,2022-01-29,hhf,595,1,595,1
10040,DPP4i,0,2019-05-16,52,0,1,0,0,0,0,0,2019-08-15,switch,91,0,1325,0
10042,DPP4i,0,2020-07-13,65,1,1,0,0,0,1,0,2021-01-12,hhf,183,1,183,1
10043,SGLT2i,1,2019-09-27,64,0,1,0,0,0,1,0,2022-02-10,switch,867,0,1191,0
10045,DPP4i,0,2019-07-11,54,0,0,0,0,0,1,1,2022-12-31,study_end,1269,0,1269,0
10046,SGLT2i,1,2019-04-07,57,0,1,1,0,0,0,0,2020-06-18,stop,438,0,1364,0
10048,DPP4i,0,2020-06-10,63,1,0,0,0,0,1,0,2022-12-31,study_end,934,0,934,0
10049,DPP4i,0,2018-10-29,58,1,1,0,0,0,1,0,2022-12-31,study_end,1524,0,1524,0
10051,SGLT2i,1,2021-03-03,52,0,1,0,0,0,1,0,2022-10-25,death,601,0,601,0
10052,SGLT2i,1,2019-11-13,63,1,0,0,0,0,1,0,2022-12-31,study_end,1144,0,1144,0
10053,DPP4i,0,2019-08-26,65,0,0,0,0,0,1,0,2022-12-31,study_end,1223,0,1223,0
10054,SGLT2i,1,2019-08-28,40,0,1,0,1,0,1,0,2022-12-31,study_end,1221,0,1221,0
10057,DPP4i,0,2018-08-04,65,0,1,0,0,1,1,0,2020-01-13,stop,527,0,1174,1
10059,SGLT2i,1,2020-07-04,56,0,0,0,0,0,1,0,2022-12-31,study_end,910,0,910,0
10060,SGLT2i,1,2021-08-03,48,1,1,0,0,0,1,1,2022-12-31,study_end,515,0,515,0
10062,DPP4i,0,2020-12-08,64,0,1,0,0,1,1,0,2022-05-03,stop,511,0,753,0
10068,DPP4i,0,2020-09-05,76,1,0,0,0,0,0,0,2021-03-19,switch,195,0,847,0
10069,DPP4i,0,2017-06-03,66,1,1,0,1,0,1,0,2017-10-31,stop,150,0,696,1
10070,DPP4i,0,2016-09-01,42,0,0,0,0,0,1,0,2016-11-30,stop,90,0,2312,0
10075,SGLT2i,1,2019-06-17,46,0,1,0,0,0,1,0,2021-11-04,stop,871,0,1293,0
10076,DPP4i,0,2021-10-17,72,1,1,1,0,0,1,0,2022-12-31,study_end,440,0,440,0
10077,DPP4i,0,2018-05-24,46,1,1,0,0,0,1,0,2022-12-31,study_end,1682,0,1682,0
10078,DPP4i,0,2020-01-13,62,0,1,0,0,0,1,0,2022-12-31,study_end,1083,0,1083,0
10080,DPP4i,0,2019-02-16,56,1,0,0,0,0,0,0,2019-10-19,stop,245,0,1414,0
10081,DPP4i,0,2016-10-16,83,0,1,0,0,0,0,0,2017-01-14,stop,90,0,2267,0
10082,DPP4i,0,2020-04-29,44,0,1,0,0,0,0,0,2022-12-31,study_end,976,0,976,0
10083,SGLT2i,1,2018-08-07,41,1,1,0,0,0,1,0,2022-12-31,study_end,1607,0,1607,0
10085,DPP4i,0,2016-01-13,54,0,1,0,0,0,1,0,2017-06-13,stop,517,0,2544,0
10089,DPP4i,0,2019-04-23,67,1,1,0,0,0,1,0,2020-03-20,stop,332,0,1348,0
10091,DPP4i,0,2019-03-16,42,1,1,0,0,0,1,1,2019-09-13,stop,181,0,1386,0
10092,DPP4i,0,2018-01-11,77,0,1,0,0,0,1,0,2021-10-24,switch,1382,0,1815,0
10095,DPP4i,0,2018-05-20,66,0,1,0,0,0,1,0,2022-07-18,stop,1520,0,1686,0
10098,DPP4i,0,2016-08-23,60,1,1,0,0,1,0,0,2020-09-29,stop,1498,0,2321,0
10099,SGLT2i,1,2018-03-29,54,1,0,0,0,0,1,0,2022-07-22,switch,1576,0,1738,0
10100,DPP4i,0,2021-10-20,68,0,1,0,0,0,1,0,2022-12-31,study_end,437,0,437,0
10103,DPP4i,0,2021-10-05,69,0,0,0,1,0,0,1,2022-12-31,study_end,452,0,452,0
10106,DPP4i,0,2017-01-18,64,0,1,0,0,0,1,0,2018-09-01,stop,591,0,2173,0
10107,DPP4i,0,2021-01-08,54,0,1,0,0,0,0,0,2021-12-09,stop,335,0,722,0
10108,DPP4i,0,2021-11-03,45,1,1,0,0,0,1,0,2022-12-31,study_end,423,0,423,0
10109,SGLT2i,1,2020-01-02,56,0,1,1,0,0,1,0,2022-10-05,stop,1007,0,1094,0
10112,DPP4i,0,2021-04-13,61,0,1,0,0,0,1,0,2022-09-15,stop,520,0,627,0
10113,DPP4i,0,2020-09-18,90,1,1,0,1,1,1,0,2021-10-21,death,398,0,398,0
10121,DPP4i,0,2017-08-15,52,0,0,0,0,0,1,0,2017-12-28,switch,135,0,1964,0
10122,SGLT2i,1,2019-12-13,57,0,1,0,0,0,1,0,2020-10-21,stop,313,0,1114,0
10125,DPP4i,0,2016-05-03,78,1,1,0,0,0,1,0,2020-05-07,stop,1465,0,2433,0
10128,DPP4i,0,2019-05-18,76,0,1,0,0,0,1,0,2022-12-31,study_end,1323,0,1323,0
10129,DPP4i,0,2020-01-15,60,1,0,0,0,0,1,0,2022-12-31,study_end,1081,0,1081,0
10131,SGLT2i,1,2020-10-04,47,0,1,0,0,0,1,1,2022-12-31,study_end,818,0,818,0
10134,DPP4i,0,2021-06-20,73,0,0,0,1,0,1,0,2021-11-17,stop,150,0,442,0
10137,SGLT2i,1,2021-07-02,35,0,0,0,0,0,1,0,2022-12-31,study_end,547,0,547,0
10140,SGLT2i,1,2021-12-20,52,0,1,0,0,0,1,0,2022-12-31,study_end,376,0,376,0
10141,DPP4i,0,2016-05-28,51,1,1,0,0,0,1,0,2019-02-23,stop,1001,0,2408,0
10142,DPP4i,0,2021-03-21,53,0,1,0,0,0,1,0,2021-08-18,stop,150,0,650,0
10144,DPP4i,0,2017-03-05,92,0,1,0,0,0,1,0,2022-12-31,study_end,2127,0,2127,0
10145,SGLT2i,1,2021-01-03,59,0,1,0,0,0,1,0,2022-12-31,study_end,727,0,727,0
10148,DPP4i,0,2020-10-03,56,0,1,0,0,0,1,0,2022-12-31,study_end,819,0,819,0
10149,SGLT2i,1,2020-11-27,62,1,0,0,0,0,1,0,2022-12-31,study_end,764,0,764,0
10150,DPP4i,0,2021-10-29,52,0,1,0,0,0,1,0,2022-12-31,study_end,428,0,428,0
10154,DPP4i,0,2021-01-20,75,1,0,1,0,0,1,0,2021-04-20,stop,90,0,710,0
10156,DPP4i,0,2017-09-27,32,1,0,0,0,0,1,0,2022-12-31,study_end,1921,0,1921,0
10157,DPP4i,0,2017-03-30,72,1,1,0,0,0,0,0,2022-03-02,stop,1798,0,2102,0
10158,DPP4i,0,2019-12-15,55,0,0,0,0,0,1,0,2021-01-08,stop,390,0,1112,0
10159,DPP4i,0,2020-02-22,66,0,1,0,0,0,0,0,2022-12-31,study_end,1043,0,1043,0
10160,DPP4i,0,2021-11-09,50,0,1,0,0,0,1,0,2022-12-31,study_end,417,0,417,0
10161,SGLT2i,1,2021-09-16,46,1,0,0,0,0,1,0,2022-12-31,study_end,471,0,471,0
10163,DPP4i,0,2017-07-04,63,1,1,1,0,0,1,0,2017-12-01,stop,150,0,2006,0
10164,DPP4i,0,2019-05-14,78,0,1,0,0,0,1,0,2022-06-23,stop,1136,0,1327,0
10165,SGLT2i,1,2020-05-03,49,1,0,0,0,0,1,1,2022-12-31,study_end,972,0,972,0
10167,DPP4i,0,2018-06-20,79,1,0,1,0,1,1,0,2022-12-31,study_end,1655,0,1655,0
10170,DPP4i,0,2017-10-24,50,1,1,0,0,0,1,0,2018-08-21,stop,301,0,1894,0
10172,DPP4i,0,2017-05-20,62,0,1,0,0,0,0,0,2017-12-22,switch,216,0,2051,0
10173,DPP4i,0,2019-06-14,74,0,1,0,0,0,1,1,2022-12-31,study_end,1296,0,1296,0
10175,DPP4i,0,2017-07-01,73,0,1,0,0,0,1,0,2022-02-11,stop,1686,0,2009,0
10177,DPP4i,0,2016-04-24,62,0,1,0,0,0,1,0,2022-03-13,stop,2149,0,2442,0
10178,DPP4i,0,2018-11-22,53,1,1,0,0,0,1,1,2022-12-31,study_end,1500,0,1500,0
10179,DPP4i,0,2019-10-08,83,1,0,0,1,0,1,0,2022-12-31,study_end,1180,0,1180,0
10185,DPP4i,0,2020-08-27,44,0,0,0,0,0,1,0,2022-12-31,study_end,856,0,856,0
10187,DPP4i,0,2020-07-13,85,1,1,0,1,1,1,0,2021-01-09,hhf,180,1,180,1
10191,DPP4i,0,2019-10-10,58,0,1,0,0,0,1,0,2022-12-31,study_end,1178,0,1178,0
10194,DPP4i,0,2016-08-31,66,0,1,0,0,0,1,0,2017-08-02,stop,336,0,2313,0
10199,SGLT2i,1,2018-06-05,42,0,0,0,0,0,1,0,2022-12-31,study_end,1670,0,1670,0
10200,DPP4i,0,2021-12-26,61,0,1,0,0,0,1,0,2022-12-31,study_end,370,0,370,0
10201,SGLT2i,1,2021-11-22,37,0,0,0,0,1,1,0,2022-06-01,stop,191,0,404,0
10202,DPP4i,0,2018-10-02,51,0,1,1,0,1,1,1,2019-10-22,hhf,385,1,385,1
10203,DPP4i,0,2018-06-23,64,1,0,0,0,0,1,0,2020-05-20,death,697,0,697,0
10204,SGLT2i,1,2021-09-21,62,0,1,0,0,0,1,0,2022-12-31,study_end,466,0,466,0
10205,DPP4i,0,2016-08-02,54,1,0,0,0,0,1,0,2022-02-13,stop,2021,0,2342,0
10206,DPP4i,0,2018-01-16,52,1,1,0,0,0,1,1,2022-12-31,study_end,1810,0,1810,0
10207,DPP4i,0,2018-11-21,62,1,0,0,0,0,0,0,2021-03-14,stop,844,0,1501,0
10209,DPP4i,0,2018-01-22,69,1,0,1,0,0,1,0,2019-04-21,stop,454,0,1804,0
10211,SGLT2i,1,2021-11-01,73,0,1,1,0,0,1,0,2022-08-24,stop,296,0,425,0
10215,DPP4i,0,2016-08-22,72,0,1,0,0,0,0,0,2017-02-22,stop,184,0,2322,0
10217,DPP4i,0,2021-09-12,69,0,1,1,0,0,0,1,2021-10-28,hhf,46,1,46,1
10219,DPP4i,0,2018-06-10,57,1,1,0,0,0,1,0,2022-12-31,study_end,1665,0,1665,0
10222,DPP4i,0,2020-06-08,94,1,1,1,1,0,1,0,2021-01-04,hhf,210,1,210,1
10223,DPP4i,0,2021-10-26,79,1,1,0,0,0,1,0,2022-12-31,study_end,431,0,431,0
10226,SGLT2i,1,2021-10-29,31,0,0,0,0,0,1,0,2022-12-31,study_end,428,0,428,0
10227,DPP4i,0,2017-10-29,73,1,1,0,0,0,1,0,2022-12-31,study_end,1889,0,1889,0
10229,DPP4i,0,2017-10-14,58,1,0,0,0,0,1,0,2018-09-18,stop,339,0,1904,0
10230,DPP4i,0,2016-02-27,68,1,1,0,0,0,1,0,2018-05-21,stop,814,0,2499,0
10232,DPP4i,0,2018-03-08,51,1,0,0,0,0,1,0,2022-12-31,study_end,1759,0,1759,0
10235,DPP4i,0,2020-03-30,38,0,0,0,0,0,1,0,2021-05-16,stop,412,0,1006,0
10236,DPP4i,0,2017-11-21,71,0,0,0,0,0,1,0,2018-12-08,stop,382,0,1866,0
10238,DPP4i,0,2020-02-15,52,0,1,0,0,0,1,0,2020-07-14,stop,150,0,1050,0
10240,DPP4i,0,2021-11-27,64,1,0,0,0,0,1,0,2022-08-01,stop,247,0,399,0
10241,SGLT2i,1,2017-02-10,65,1,1,0,0,0,1,0,2022-12-31,study_end,2150,0,2150,0
10243,DPP4i,0,2018-01-14,76,0,1,0,0,1,0,0,2018-06-13,stop,150,0,1099,0
10249,SGLT2i,1,2019-03-31,53,0,0,0,0,0,1,0,2022-12-14,switch,1354,0,1371,0
10250,DPP4i,0,2016-11-16,57,1,0,0,0,0,1,0,2019-05-24,switch,919,0,2236,0
10252,DPP4i,0,2017-12-17,54,0,1,0,0,0,1,0,2022-11-14,stop,1793,0,1840,0
10254,DPP4i,0,2016-10-27,65,1,0,1,1,0,1,0,2020-04-20,switch,1271,0,2256,0
10255,DPP4i,0,2018-03-26,74,1,1,0,0,0,1,0,2022-12-09,stop,1719,0,1741,0
10259,DPP4i,0,2019-06-14,76,1,1,0,0,0,1,0,2022-11-26,hhf,1261,1,1261,1
10260,DPP4i,0,2018-02-26,61,0,0,0,0,0,1,0,2019-08-08,stop,528,0,1769,0
10264,SGLT2i,1,2017-08-23,55,0,1,0,0,0,1,0,2018-07-31,stop,342,0,1956,0
10267,DPP4i,0,2018-11-12,66,1,1,1,0,0,1,0,2022-12-31,study_end,1510,0,1510,0
10268,DPP4i,0,2021-01-20,76,0,1,0,0,0,1,0,2022-12-31,study_end,710,0,710,0
10269,DPP4i,0,2019-07-27,44,0,1,0,0,0,0,0,2020-04-02,stop,250,0,1253,0
10272,DPP4i,0,2020-02-05,57,1,0,0,0,0,0,0,2021-02-05,switch,366,0,1060,0
10273,DPP4i,0,2019-09-14,53,0,1,0,0,0,1,0,2022-12-31,study_end,1204,0,1204,0
10274,DPP4i,0,2021-05-13,74,0,1,0,1,0,1,0,2022-12-31,study_end,597,0,597,0
10275,DPP4i,0,2018-12-30,79,0,0,0,0,0,0,0,2020-06-13,stop,531,0,1189,1
10276,DPP4i,0,2018-09-08,63,1,0,0,0,0,1,0,2022-12-31,study_end,1575,0,1575,0
10282,DPP4i,0,2017-12-01,42,0,1,0,0,0,1,0,2019-08-05,switch,612,0,1856,0
10284,DPP4i,0,2018-06-26,47,1,0,0,0,0,1,0,2019-09-21,death,452,0,452,0
10285,SGLT2i,1,2018-11-21,55,0,0,0,0,0,1,0,2020-04-09,stop,505,0,1501,0
10288,DPP4i,0,2016-12-22,76,1,1,1,0,1,1,0,2016-12-26,death,4,0,4,0
10289,DPP4i,0,2020-07-12,65,1,0,0,0,0,1,0,2022-12-31,study_end,902,0,902,0
10291,DPP4i,0,2018-01-23,80,1,1,0,0,0,0,1,2020-01-12,stop,719,0,1241,1
10292,SGLT2i,1,2021-10-26,54,0,1,0,0,0,1,0,2022-12-31,study_end,431,0,431,0
10294,DPP4i,0,2020-10-03,71,1,0,0,0,0,1,0,2022-09-20,stop,717,0,819,0
10296,DPP4i,0,2020-11-16,48,0,0,0,0,0,1,0,2022-12-31,study_end,775,0,775,0
10297,DPP4i,0,2017-12-08,50,0,0,0,0,0,1,0,2022-06-13,stop,1648,0,1849,0
10302,DPP4i,0,2017-05-01,48,1,0,0,0,0,1,0,2022-12-31,study_end,2070,0,2070,0
10304,SGLT2i,1,2018-07-12,41,1,1,0,0,0,1,0,2019-06-11,stop,334,0,1633,0
10305,DPP4i,0,2018-07-09,59,1,0,0,0,0,0,0,2020-11-23,stop,868,0,1636,0
10306,DPP4i,0,2019-09-26,68,0,0,0,0,0,0,0,2020-08-26,stop,335,0,1192,0
10309,DPP4i,0,2019-05-10,61,0,0,0,0,0,1,0,2020-10-10,stop,519,0,1331,0
10310,DPP4i,0,2017-08-15,71,1,1,0,0,0,0,0,2022-12-31,study_end,1964,0,1964,0
10313,DPP4i,0,2020-01-05,64,1,1,0,0,0,1,0,2022-12-31,study_end,1091,0,1091,0
10314,SGLT2i,1,2019-06-14,64,1,1,0,0,0,1,0,2020-01-28,stop,228,0,1296,0
10315,DPP4i,0,2016-03-23,50,1,0,0,0,0,1,0,2017-05-30,stop,433,0,2474,0
10317,DPP4i,0,2016-09-17,78,0,0,0,1,0,0,0,2016-12-16,stop,90,0,2296,0
10320,DPP4i,0,2019-07-27,73,1,0,0,0,1,1,0,2022-12-31,study_end,1253,0,1253,0
10322,DPP4i,0,2016-07-10,63,1,1,0,0,0,0,0,2016-11-07,stop,120,0,2365,0
10325,SGLT2i,1,2017-04-04,76,0,1,1,0,0,1,0,2017-08-02,stop,120,0,2097,0
10327,SGLT2i,1,2020-06-15,32,1,0,0,0,0,1,1,2022-05-31,stop,715,0,929,0
10329,DPP4i,0,2019-08-09,61,1,0,0,0,0,1,0,2022-12-31,study_end,1240,0,1240,0
10330,SGLT2i,1,2019-08-13,50,0,1,0,0,0,1,0,2020-09-05,stop,389,0,1236,0
10331,DPP4i,0,2017-02-12,63,0,1,0,0,0,1,0,2017-07-04,switch,142,0,2148,0
10333,SGLT2i,1,2017-12-08,55,0,0,1,0,0,0,0,2018-04-10,stop,123,0,1849,0
10335,DPP4i,0,2017-12-15,89,0,1,0,0,0,1,0,2020-02-05,hhf,782,1,782,1
10338,SGLT2i,1,2021-03-20,63,0,0,1,0,0,0,0,2022-12-31,study_end,651,0,651,0
10341,DPP4i,0,2017-06-13,77,1,1,0,0,1,1,0,2020-09-17,hhf,1192,1,1192,1
10342,DPP4i,0,2019-08-09,51,1,1,0,0,0,1,1,2020-01-06,stop,150,0,1240,0
10344,DPP4i,0,2017-05-10,50,0,1,0,0,1,1,0,2022-06-17,stop,1864,0,2061,0
10345,DPP4i,0,2019-01-20,50,0,1,0,0,0,1,0,2020-04-30,stop,466,0,1441,0
10347,DPP4i,0,2019-02-04,43,1,1,0,0,0,1,1,2022-12-31,study_end,1426,0,1426,0
10348,SGLT2i,1,2021-02-07,61,1,1,0,0,0,1,0,2022-12-31,study_end,692,0,692,0
10349,SGLT2i,1,2021-08-12,54,0,1,1,0,0,1,0,2021-11-10,stop,90,0,506,0
10350,DPP4i,0,2019-09-13,80,1,0,0,0,0,0,0,2022-12-31,study_end,1205,0,1205,0
10351,DPP4i,0,2017-04-06,67,1,1,0,0,0,1,0,2017-12-03,stop,241,0,2095,0
10352,DPP4i,0,2019-02-25,61,1,0,0,0,0,1,0,2020-04-24,stop,424,0,1405,0
10353,DPP4i,0,2018-11-15,44,1,1,0,0,0,1,0,2021-11-24,stop,1105,0,1507,0
10355,DPP4i,0,2020-12-01,65,0,1,0,1,0,0,1,2022-05-26,stop,541,0,760,0
10357,SGLT2i,1,2019-08-20,67,1,1,0,0,0,1,0,2020-03-01,stop,194,0,1229,0
10358,DPP4i,0,2017-02-08,78,0,0,0,0,0,0,1,2017-07-26,death,168,0,168,0
10362,DPP4i,0,2018-07-11,63,1,0,0,0,0,1,1,2020-05-16,stop,675,0,1634,0
10363,DPP4i,0,2017-03-06,95,0,1,0,0,0,1,0,2018-02-06,stop,337,0,2126,0
10365,DPP4i,0,2019-11-27,58,0,1,0,0,0,1,0,2022-12-31,study_end,1130,0,1130,0
10366,DPP4i,0,2020-05-05,61,0,1,0,0,0,1,0,2022-12-31,study_end,970,0,970,0
10367,DPP4i,0,2018-12-09,83,0,0,1,0,0,1,0,2019-05-08,stop,150,0,1483,0
10368,DPP4i,0,2019-12-12,84,1,1,0,0,1,0,0,2020-05-10,stop,150,0,1115,0
10369,SGLT2i,1,2021-04-16,54,1,0,0,0,0,1,0,2022-12-31,study_end,624,0,624,0
10370,SGLT2i,1,2020-04-12,64,1,1,0,0,0,1,0,2020-07-11,stop,90,0,993,0
10372,DPP4i,0,2020-03-14,61,0,1,0,1,0,1,0,2022-12-31,study_end,1022,0,1022,0
10373,DPP4i,0,2019-08-31,61,0,0,0,0,0,1,0,2020-05-01,stop,244,0,1218,0
10374,DPP4i,0,2016-10-25,48,1,0,0,0,0,0,0,2017-06-26,stop,244,0,2258,0
10376,DPP4i,0,2016-02-26,58,1,1,0,0,0,1,0,2016-07-31,stop,156,0,2500,0
10377,DPP4i,0,2020-06-19,50,1,1,0,0,0,1,0,2022-12-31,study_end,925,0,925,0
10378,DPP4i,0,2021-11-05,52,1,0,1,0,0,1,0,2022-12-31,study_end,421,0,421,0
10380,DPP4i,0,2017-11-03,64,1,0,0,0,0,1,0,2018-05-06,stop,184,0,1884,0
10381,DPP4i,0,2017-10-02,73,0,1,1,0,1,1,0,2020-03-25,stop,905,0,1916,0
10382,DPP4i,0,2017-10-01,67,0,1,1,0,0,0,0,2022-12-31,study_end,1917,0,1917,0
10390,SGLT2i,1,2021-08-22,60,0,1,0,0,0,1,0,2022-12-31,study_end,496,0,496,0
10392,DPP4i,0,2019-06-08,63,1,1,0,0,0,1,1,2022-12-31,study_end,1302,0,1302,0
10393,DPP4i,0,2019-08-04,73,1,0,0,0,1,1,0,2020-01-01,stop,150,0,1245,0
10395,DPP4i,0,2020-01-10,59,0,1,0,0,0,1,0,2022-08-27,stop,960,0,1086,0
10396,DPP4i,0,2016-05-14,50,0,0,0,0,0,0,0,2018-08-04,stop,812,0,2422,0
10398,DPP4i,0,2019-05-14,72,0,0,0,0,1,1,1,2020-06-25,switch,408,0,1327,0
10400,DPP4i,0,2020-01-29,59,0,1,0,0,0,1,0,2020-10-04,stop,249,0,1067,0
10403,DPP4i,0,2018-10-12,84,1,1,0,0,0,0,0,2020-10-28,stop,747,0,1541,0
10404,DPP4i,0,2018-07-30,54,1,1,0,0,0,0,0,2022-12-21,switch,1605,0,1615,0
10405,DPP4i,0,2018-10-01,69,0,1,0,0,1,1,0,2019-07-13,stop,285,0,1552,0
10409,DPP4i,0,2016-05-21,53,1,0,1,0,0,1,1,2022-12-31,study_end,2415,0,2415,0
10411,DPP4i,0,2016-11-03,93,0,0,0,1,0,1,0,2017-05-29,stop,207,0,2249,0
10412,DPP4i,0,2018-06-02,64,0,1,0,0,0,1,0,2022-12-31,study_end,1673,0,1673,0
10415,SGLT2i,1,2018-08-20,60,1,1,0,0,0,1,0,2019-09-19,stop,395,0,1594,0
10419,DPP4i,0,2018-05-23,60,0,1,0,0,0,1,0,2018-07-06,switch,44,0,1683,0
10420,DPP4i,0,2018-07-11,55,1,0,0,0,0,1,0,2020-04-09,stop,638,0,1634,0
10421,DPP4i,0,2019-12-12,62,1,1,0,0,0,1,0,2022-12-31,study_end,1115,0,1115,0
10423,SGLT2i,1,2021-05-06,64,0,0,0,0,0,1,1,2022-12-31,study_end,604,0,604,0
10424,DPP4i,0,2020-06-12,63,0,0,0,0,0,1,0,2021-12-17,hhf,553,1,553,1
10425,DPP4i,0,2018-02-11,59,1,0,0,0,0,1,0,2022-12-31,study_end,1784,0,1784,0
10426,SGLT2i,1,2021-05-29,63,0,1,0,0,0,1,0,2022-12-31,study_end,581,0,581,0
10429,DPP4i,0,2016-07-04,46,1,1,0,0,0,1,0,2018-08-29,stop,786,0,2371,0
10431,DPP4i,0,2018-10-31,60,0,1,0,0,0,1,1,2022-12-31,study_end,1522,0,1522,0
10433,DPP4i,0,2017-07-06,48,1,1,0,0,0,1,0,2021-11-13,stop,1591,0,2004,0
10439,SGLT2i,1,2020-09-06,56,1,0,0,0,0,1,0,2022-12-31,study_end,846,0,846,0
10442,DPP4i,0,2020-05-12,62,1,1,0,0,0,0,0,2022-12-31,study_end,963,0,963,0
10443,DPP4i,0,2020-06-26,38,1,0,0,0,0,1,0,2022-12-31,study_end,918,0,918,0
10446,DPP4i,0,2021-04-02,56,1,1,0,1,0,1,0,2022-12-31,study_end,638,0,638,0
10447,SGLT2i,1,2019-07-20,53,1,1,0,0,0,1,0,2020-03-27,stop,251,0,1260,0
10449,SGLT2i,1,2019-06-10,66,1,1,0,0,0,1,0,2022-12-31,study_end,1300,0,1300,0
10452,DPP4i,0,2016-05-05,70,1,1,0,0,0,1,0,2020-07-30,stop,1547,0,2431,0
10456,DPP4i,0,2019-10-12,56,1,0,0,0,0,1,0,2020-02-09,stop,120,0,1176,0
10458,DPP4i,0,2017-09-20,67,1,1,0,0,0,0,0,2022-12-31,study_end,1928,0,1928,0
10459,DPP4i,0,2020-05-19,76,0,1,1,0,0,0,0,2022-12-31,study_end,956,0,956,0
10461,DPP4i,0,2021-04-01,95,0,1,1,1,0,1,0,2022-06-06,hhf,431,1,431,1
10462,DPP4i,0,2021-04-21,39,1,0,0,0,0,0,0,2022-12-31,study_end,619,0,619,0
10464,DPP4i,0,2021-07-28,88,1,1,1,0,0,1,0,2022-12-31,study_end,521,0,521,0
10465,DPP4i,0,2017-06-02,67,0,1,0,0,0,0,0,2018-01-22,hhf,234,1,234,1
10466,DPP4i,0,2021-08-04,72,1,1,1,0,0,1,0,2022-12-31,study_end,514,0,514,0
10467,DPP4i,0,2018-05-16,75,1,1,0,0,0,1,0,2021-10-02,stop,1235,0,1690,0
10470,DPP4i,0,2021-10-08,56,0,1,1,0,0,0,0,2022-03-07,stop,150,0,449,0
10471,SGLT2i,1,2020-12-19,67,1,1,0,0,0,1,0,2022-02-06,switch,414,0,742,0
10474,DPP4i,0,2020-08-24,69,1,0,0,0,0,1,0,2021-07-14,switch,324,0,859,0
10476,SGLT2i,1,2020-07-04,60,1,0,0,0,0,1,0,2022-12-31,study_end,910,0,910,0
10480,DPP4i,0,2020-06-19,54,0,1,0,0,0,1,0,2022-12-31,study_end,925,0,925,0
10484,SGLT2i,1,2021-11-26,56,0,0,0,0,0,0,0,2022-12-31,study_end,400,0,400,0
10488,DPP4i,0,2017-07-09,54,1,0,1,0,1,0,0,2017-11-06,stop,120,0,2001,0
10492,DPP4i,0,2018-10-22,62,1,1,0,0,0,1,0,2020-03-20,switch,515,0,1531,0
10496,DPP4i,0,2018-06-30,59,0,1,0,0,0,0,1,2019-01-30,hhf,214,1,214,1
10498,SGLT2i,1,2021-03-12,45,0,0,0,0,0,1,0,2022-07-29,stop,504,0,659,0
10500,DPP4i,0,2019-08-12,52,1,1,0,0,0,0,0,2021-07-29,stop,717,0,1237,0
10501,DPP4i,0,2020-05-02,61,0,1,0,0,0,1,1,2022-12-31,study_end,973,0,973,0
10503,DPP4i,0,2020-12-12,55,0,1,0,0,0,1,0,2022-12-31,study_end,749,0,749,0
10505,DPP4i,0,2016-11-05,53,0,0,0,0,0,1,0,2017-12-22,switch,412,0,2247,0
10509,SGLT2i,1,2021-09-14,68,0,1,1,1,0,1,0,2022-02-11,stop,150,0,473,0
10511,DPP4i,0,2019-09-28,67,0,0,0,0,0,1,1,2022-12-31,study_end,1190,0,1190,0
10514,SGLT2i,1,2019-09-12,41,0,0,0,0,0,1,0,2022-12-31,study_end,1206,0,1206,0
10516,DPP4i,0,2020-05-18,74,0,0,0,0,0,0,0,2020-12-20,stop,216,0,957,0
10518,DPP4i,0,2020-01-24,49,1,1,0,0,0,1,0,2022-04-22,stop,819,0,1072,0
10521,DPP4i,0,2016-11-02,51,0,0,0,1,0,1,0,2018-07-29,stop,634,0,2250,0
10526,DPP4i,0,2018-10-26,59,1,1,0,0,0,1,0,2022-12-31,study_end,1527,0,1527,0
10527,DPP4i,0,2018-01-04,59,0,1,0,0,1,1,0,2018-08-17,switch,225,0,1822,0
10528,DPP4i,0,2021-04-06,71,0,1,0,0,0,1,0,2022-10-27,stop,569,0,634,0
10531,DPP4i,0,2019-10-15,68,1,0,0,0,0,0,0,2022-10-18,stop,1099,0,1173,0
10532,DPP4i,0,2016-12-31,57,1,0,0,0,0,1,0,2022-06-17,switch,1994,0,2191,0
10534,DPP4i,0,2019-12-09,73,0,1,0,0,1,1,1,2022-02-24,death,808,0,808,0
10535,DPP4i,0,2017-08-26,61,0,0,0,1,1,1,1,2018-09-20,switch,390,0,1953,0
10536,DPP4i,0,2019-02-15,67,1,0,0,0,0,1,0,2020-09-11,hhf,574,1,574,1
10538,DPP4i,0,2018-06-27,30,0,0,0,0,0,1,0,2020-03-03,switch,615,0,1648,0
10539,DPP4i,0,2018-01-03,51,0,1,0,0,0,1,0,2018-07-03,stop,181,0,1823,0
10541,DPP4i,0,2020-02-25,66,0,1,0,0,1,1,0,2022-12-31,study_end,1040,0,1040,0
10544,SGLT2i,1,2019-10-16,71,0,0,1,0,0,1,0,2022-12-31,study_end,1172,0,1172,0
10546,DPP4i,0,2020-06-04,78,1,1,0,0,0,1,0,2020-11-01,stop,150,0,940,0
10548,DPP4i,0,2020-04-29,33,0,1,0,0,0,0,0,2022-12-31,study_end,976,0,976,0
10549,DPP4i,0,2020-05-15,70,1,1,1,0,0,1,0,2020-08-13,stop,90,0,960,0
10553,DPP4i,0,2016-03-01,51,0,0,0,0,0,1,0,2018-11-23,stop,997,0,2496,0
10558,SGLT2i,1,2020-01-13,57,1,1,0,0,0,1,0,2021-10-26,stop,652,0,1083,0
10559,SGLT2i,1,2019-01-07,43,0,1,0,0,0,1,0,2019-12-13,stop,340,0,1454,0
10560,DPP4i,0,2021-06-16,51,1,0,0,0,0,1,0,2022-12-31,study_end,563,0,563,0
10561,DPP4i,0,2018-07-17,53,1,1,0,0,0,1,0,2018-12-14,stop,150,0,1628,0
10565,DPP4i,0,2017-07-22,66,0,1,0,0,0,0,0,2020-08-21,stop,1126,0,1988,0
10566,DPP4i,0,2018-11-07,44,1,0,0,0,0,1,0,2019-04-06,stop,150,0,1515,0
10570,DPP4i,0,2021-05-28,62,1,0,0,0,0,1,0,2022-12-31,study_end,582,0,582,0
10573,SGLT2i,1,2021-04-11,51,0,1,0,0,0,1,0,2021-12-23,switch,256,0,629,0
10574,DPP4i,0,2019-11-26,68,1,1,0,0,0,1,0,2021-05-26,stop,547,0,1131,0
10576,DPP4i,0,2018-01-26,95,1,1,0,0,1,1,0,2018-04-26,stop,90,0,461,0
10577,DPP4i,0,2020-03-22,36,1,1,0,0,0,1,0,2022-12-31,study_end,1014,0,1014,0
10579,DPP4i,0,2016-06-15,42,0,1,1,0,0,1,0,2022-12-31,study_end,2390,0,2390,0
10580,DPP4i,0,2020-08-24,76,0,1,0,1,0,1,0,2022-12-31,study_end,859,0,859,0
10581,DPP4i,0,2017-12-24,61,0,0,0,0,0,1,0,2021-10-02,stop,1378,0,1833,0
10587,DPP4i,0,2016-10-07,71,0,1,0,0,0,0,0,2018-02-26,switch,507,0,2276,0
10589,SGLT2i,1,2021-05-30,54,0,1,0,0,0,1,0,2022-12-31,study_end,580,0,580,0
10593,SGLT2i,1,2021-12-30,49,1,1,0,0,0,1,0,2022-12-31,study_end,366,0,366,0
10594,DPP4i,0,2021-10-26,50,0,1,0,0,0,0,0,2022-12-31,study_end,431,0,431,0
10596,DPP4i,0,2018-04-05,64,1,0,0,0,0,1,0,2021-01-18,stop,1019,0,1731,0
10597,DPP4i,0,2019-08-16,52,0,0,0,0,0,1,0,2022-12-31,study_end,1233,0,1233,0
10598,DPP4i,0,2016-06-30,39,0,1,0,0,0,0,0,2018-09-20,switch,812,0,2375,0
10599,DPP4i,0,2019-01-31,76,1,1,1,0,0,0,0,2022-01-06,stop,1071,0,1430,0
10600,DPP4i,0,2019-10-09,74,0,1,0,0,0,1,0,2021-03-08,switch,516,0,1179,0
10604,SGLT2i,1,2021-10-05,39,0,0,0,0,0,0,0,2022-12-31,study_end,452,0,452,0
10605,DPP4i,0,2018-04-09,55,1,1,0,0,0,1,0,2022-12-31,study_end,1727,0,1727,0
10607,DPP4i,0,2021-12-16,81,0,1,0,0,0,1,0,2022-04-15,stop,120,0,380,0
10608,SGLT2i,1,2020-10-30,47,0,1,0,0,0,0,0,2022-12-31,study_end,792,0,792,0
10609,DPP4i,0,2016-10-03,77,1,1,0,1,0,1,0,2022-12-31,study_end,2280,0,2280,0
10610,SGLT2i,1,2021-11-26,70,0,1,0,0,0,0,0,2022-12-31,study_end,400,0,400,0
10616,DPP4i,0,2016-08-31,78,0,1,0,0,1,1,0,2019-10-06,stop,1131,0,2313,0
10617,SGLT2i,1,2017-11-25,49,1,0,0,0,0,1,0,2019-01-15,stop,416,0,1862,0
10621,DPP4i,0,2019-02-13,60,0,0,0,0,0,1,0,2020-04-23,stop,435,0,1417,0
10622,SGLT2i,1,2018-11-04,33,0,0,0,0,0,1,0,2022-12-31,study_end,1518,0,1518,0
10623,DPP4i,0,2018-01-19,57,0,0,0,0,0,1,0,2018-02-10,switch,22,0,1807,0
10624,DPP4i,0,2020-04-09,25,1,1,0,0,0,1,0,2021-05-27,stop,413,0,996,0
10627,DPP4i,0,2017-02-19,81,1,1,1,0,0,0,0,2018-01-25,stop,340,0,2141,0
10628,DPP4i,0,2016-04-17,60,1,1,0,0,0,1,0,2016-09-14,stop,150,0,2449,0
10629,DPP4i,0,2017-01-17,57,1,1,0,0,0,0,0,2018-05-14,stop,482,0,2174,0
10631,DPP4i,0,2018-08-27,83,0,1,0,0,0,0,0,2019-09-01,stop,370,0,1040,0
10632,SGLT2i,1,2021-10-03,61,1,0,0,0,0,1,0,2022-12-31,study_end,454,0,454,0
10633,DPP4i,0,2020-08-07,49,0,0,1,0,0,1,0,2021-10-11,stop,430,0,876,0
10634,SGLT2i,1,2017-02-17,63,1,1,0,1,0,0,0,2017-06-17,stop,120,0,2143,0
10636,SGLT2i,1,2021-06-02,40,1,0,1,0,0,0,0,2022-12-31,study_end,577,0,577,0
10637,DPP4i,0,2018-05-29,66,1,1,0,1,0,1,0,2022-12-31,study_end,1677,0,1677,0
10638,DPP4i,0,2017-05-22,62,0,1,0,1,1,0,0,2017-07-31,hhf,70,1,70,1
10640,DPP4i,0,2018-10-21,56,0,0,0,0,0,1,0,2022-12-31,study_end,1532,0,1532,0
10641,DPP4i,0,2016-09-03,77,1,1,0,0,0,1,0,2021-07-20,stop,1781,0,2310,0
10642,DPP4i,0,2020-03-08,60,0,1,0,0,0,1,0,2022-12-31,study_end,1028,0,1028,0
10644,DPP4i,0,2016-04-03,76,0,1,1,0,0,1,0,2022-12-31,study_end,2463,0,2463,0
10645,DPP4i,0,2021-02-13,53,0,1,0,0,0,1,0,2022-12-31,study_end,686,0,686,0
10648,DPP4i,0,2020-02-08,79,1,1,1,0,0,1,0,2022-05-18,death,830,0,830,0
10649,DPP4i,0,2021-03-15,48,0,1,0,0,0,1,0,2022-12-31,study_end,656,0,656,0
10654,DPP4i,0,2020-06-05,72,0,1,0,0,0,1,0,2022-12-31,study_end,939,0,939,0
10655,DPP4i,0,2019-04-22,50,1,0,0,0,0,1,1,2022-12-31,study_end,1349,0,1349,0
10656,DPP4i,0,2019-09-22,75,1,1,0,0,0,1,0,2022-12-31,study_end,1196,0,1196,0
10657,DPP4i,0,2020-07-04,56,1,1,0,0,0,1,0,2022-12-31,study_end,910,0,910,0
10660,SGLT2i,1,2021-03-14,59,0,1,0,0,0,1,0,2021-11-23,stop,254,0,657,0
10661,DPP4i,0,2019-03-16,60,0,1,0,0,0,1,0,2020-08-03,stop,506,0,1386,0
10662,DPP4i,0,2021-03-14,54,1,1,0,0,0,0,0,2021-08-03,switch,142,0,657,0
10665,DPP4i,0,2016-07-19,61,1,0,0,0,0,0,0,2022-06-03,stop,2145,0,2356,0
10667,DPP4i,0,2020-01-07,48,0,1,0,1,0,1,0,2020-12-26,stop,354,0,1089,0
10668,DPP4i,0,2017-05-10,57,0,1,0,0,0,1,0,2022-12-31,study_end,2061,0,2061,0
10669,DPP4i,0,2018-03-09,77,1,1,1,0,0,1,0,2019-03-23,stop,379,0,1758,0
10670,DPP4i,0,2016-10-29,50,0,1,0,0,0,1,0,2018-04-01,stop,519,0,2254,0
10671,DPP4i,0,2021-04-05,62,1,0,0,0,0,1,0,2022-06-11,stop,432,0,635,0
10672,DPP4i,0,2016-02-07,65,0,1,0,0,0,1,0,2020-08-16,stop,1652,0,2519,0
10673,DPP4i,0,2017-05-22,59,0,0,1,0,0,0,0,2022-12-03,stop,2021,0,2049,0
10674,DPP4i,0,2020-11-08,84,1,1,0,0,0,1,0,2022-04-10,stop,518,0,783,0
10676,DPP4i,0,2018-06-06,58,0,0,0,0,0,1,1,2021-05-17,stop,1076,0,1669,0
10677,DPP4i,0,2020-06-22,67,0,1,0,1,1,1,1,2021-08-22,stop,426,0,922,0
10678,SGLT2i,1,2018-07-20,54,0,0,0,0,0,1,0,2022-01-25,stop,1285,0,1625,0
10681,DPP4i,0,2017-11-29,69,1,0,0,0,0,1,0,2018-02-27,stop,90,0,1858,0
10684,DPP4i,0,2018-12-16,57,1,0,0,0,0,1,0,2019-07-19,stop,215,0,1476,0
10685,DPP4i,0,2018-06-16,34,0,0,0,0,0,1,0,2018-11-30,stop,167,0,1659,0
10686,DPP4i,0,2021-11-22,61,1,1,0,0,1,1,0,2022-12-31,study_end,404,0,404,0
10690,DPP4i,0,2021-03-01,95,0,1,0,0,0,1,0,2022-11-07,stop,616,0,670,0
10691,SGLT2i,1,2021-01-19,49,0,0,0,0,0,1,1,2022-12-31,study_end,711,0,711,0
10698,DPP4i,0,2020-09-04,55,0,1,0,0,0,1,0,2022-12-03,stop,820,0,848,0
10699,DPP4i,0,2018-07-05,65,0,0,0,0,0,1,1,2020-08-13,stop,770,0,1640,0
10702,DPP4i,0,2016-12-17,56,1,1,0,0,0,1,0,2019-10-27,stop,1044,0,2205,0
10703,DPP4i,0,2018-10-18,74,0,1,0,0,0,1,0,2019-03-17,stop,150,0,1535,0
10705,DPP4i,0,2017-01-19,50,0,1,0,0,0,1,0,2019-02-22,stop,764,0,2172,0
10707,DPP4i,0,2016-12-05,58,0,1,1,0,0,0,0,2018-04-27,stop,508,0,1083,0
10710,DPP4i,0,2016-04-26,30,0,1,0,0,0,1,0,2022-12-11,stop,2420,0,2440,0
10713,SGLT2i,1,2021-05-22,43,0,1,0,0,0,1,0,2022-12-31,study_end,588,0,588,0
10715,DPP4i,0,2018-01-04,61,1,0,1,0,0,0,0,2019-12-09,stop,704,0,1822,0
10716,DPP4i,0,2017-04-13,37,0,0,0,0,0,1,0,2022-05-08,stop,1851,0,2088,0
10719,DPP4i,0,2018-11-30,61,1,0,0,0,0,1,0,2020-12-30,stop,761,0,1492,0
10720,DPP4i,0,2019-12-18,70,0,1,0,0,0,1,0,2022-06-29,hhf,924,1,924,1
10722,DPP4i,0,2021-05-21,44,1,1,0,0,0,1,0,2021-08-09,switch,80,0,589,0
10723,SGLT2i,1,2020-02-22,67,1,0,0,0,0,1,0,2022-12-31,study_end,1043,0,1043,0
10724,DPP4i,0,2019-09-06,53,0,0,0,0,0,1,1,2020-01-04,stop,120,0,1212,0
10726,DPP4i,0,2018-06-22,66,0,0,0,0,0,1,0,2022-12-31,study_end,1653,0,1653,0
10727,DPP4i,0,2018-03-13,67,0,1,0,0,0,1,0,2020-07-28,stop,868,0,1754,0
10730,DPP4i,0,2020-10-31,60,1,0,0,0,0,1,0,2022-04-12,switch,528,0,791,0
10732,DPP4i,0,2021-04-12,90,1,1,0,0,0,1,0,2021-12-24,stop,256,0,628,0
10733,DPP4i,0,2020-10-30,68,0,1,0,0,0,0,0,2022-12-31,study_end,792,0,792,0
10734,SGLT2i,1,2018-08-15,40,0,1,0,0,0,1,0,2022-12-31,study_end,1599,0,1599,0
10735,SGLT2i,1,2020-10-08,36,0,0,0,0,0,1,0,2022-12-31,study_end,814,0,814,0
10737,DPP4i,0,2017-04-07,42,1,1,0,0,0,0,1,2022-12-31,study_end,2094,0,2094,0
10738,SGLT2i,1,2021-07-10,69,1,1,0,0,0,0,0,2022-12-31,study_end,539,0,539,0
10739,DPP4i,0,2020-02-29,45,1,1,0,0,0,0,0,2022-12-31,study_end,1036,0,1036,0
10740,DPP4i,0,2017-09-04,58,1,0,0,0,0,1,0,2021-10-28,stop,1515,0,1944,0
10741,DPP4i,0,2017-12-04,63,1,0,0,0,0,0,1,2018-03-04,stop,90,0,1853,0
10746,DPP4i,0,2016-03-19,75,0,0,0,1,0,0,0,2017-05-29,stop,436,0,2478,0
10747,DPP4i,0,2017-01-14,60,0,1,0,1,0,1,0,2017-06-13,stop,150,0,2177,0
10749,DPP4i,0,2019-11-27,65,0,1,0,0,0,1,0,2020-02-25,stop,90,0,1130,0
10750,SGLT2i,1,2019-10-17,58,0,1,0,0,0,1,0,2022-12-31,study_end,1171,0,1171,0
10751,SGLT2i,1,2020-04-08,79,0,1,0,1,0,1,0,2022-03-05,stop,696,0,997,0
10753,DPP4i,0,2020-12-20,61,1,0,0,0,0,0,0,2022-12-31,study_end,741,0,741,0
10754,DPP4i,0,2017-04-01,49,0,0,0,0,0,1,0,2022-12-31,study_end,2100,0,2100,0
10757,DPP4i,0,2019-02-02,55,0,0,1,0,0,1,0,2021-11-02,stop,1004,0,1428,0
10758,DPP4i,0,2019-04-09,59,1,0,0,0,0,0,0,2020-03-10,stop,336,0,1362,0
10759,SGLT2i,1,2020-05-07,53,1,0,0,1,0,1,0,2022-11-15,switch,922,0,968,0
10760,DPP4i,0,2019-03-01,65,1,1,0,0,0,1,0,2022-12-31,study_end,1401,0,1401,0
10762,DPP4i,0,2019-08-15,76,0,0,0,0,0,1,0,2022-12-18,stop,1221,0,1234,0
10763,SGLT2i,1,2021-03-25,71,0,1,0,0,0,0,0,2022-12-31,study_end,646,0,646,0
10769,SGLT2i,1,2020-11-15,65,1,1,0,0,0,1,0,2022-08-01,switch,624,0,776,0
10772,DPP4i,0,2017-06-02,46,1,1,0,0,0,1,0,2019-12-02,stop,913,0,2038,0
10773,DPP4i,0,2018-02-21,61,0,1,0,0,0,0,0,2018-05-22,stop,90,0,1774,0
10776,SGLT2i,1,2020-08-31,38,1,0,0,0,0,1,0,2022-12-31,study_end,852,0,852,0
10778,DPP4i,0,2021-03-16,65,0,1,0,0,0,1,0,2022-05-27,stop,437,0,655,0
10780,SGLT2i,1,2021-04-26,58,1,1,0,0,0,1,0,2021-05-09,switch,13,0,614,0
10784,DPP4i,0,2018-12-08,74,1,0,0,0,1,1,0,2022-12-31,study_end,1484,0,1484,0
10786,SGLT2i,1,2019-04-05,57,0,1,0,0,0,1,0,2020-03-06,stop,336,0,1366,0
10787,DPP4i,0,2020-03-29,63,1,1,0,0,0,1,0,2020-08-26,stop,150,0,1007,0
10788,SGLT2i,1,2020-01-23,73,1,1,0,0,1,1,0,2022-12-31,study_end,1073,0,1073,0
10789,DPP4i,0,2021-03-06,64,0,1,0,0,0,1,0,2022-12-31,study_end,665,0,665,0
10790,DPP4i,0,2016-02-02,67,1,1,0,0,0,0,0,2022-08-14,stop,2385,0,2478,1
10791,DPP4i,0,2019-07-30,81,0,0,0,0,0,1,0,2022-12-31,study_end,1250,0,1250,0
10792,DPP4i,0,2021-05-28,65,0,0,0,1,0,1,0,2022-12-31,study_end,582,0,582,0
10794,DPP4i,0,2019-03-06,74,0,1,0,1,0,0,0,2022-08-25,stop,1268,0,1396,0
10795,DPP4i,0,2016-10-16,42,0,1,0,0,0,0,0,2017-03-15,stop,150,0,2267,0
10796,DPP4i,0,2018-02-27,58,0,1,1,0,0,1,0,2019-11-07,stop,618,0,1768,0
10798,DPP4i,0,2018-08-04,43,1,0,0,0,0,0,0,2019-08-05,stop,366,0,1610,0
10799,DPP4i,0,2017-05-12,48,0,0,0,0,0,1,0,2018-01-11,switch,244,0,2059,0
10801,DPP4i,0,2021-05-01,52,0,1,0,0,0,1,1,2022-12-31,study_end,609,0,609,0
10802,DPP4i,0,2019-02-22,72,0,1,1,0,0,1,0,2022-12-31,study_end,1408,0,1408,0
10803,DPP4i,0,2017-04-27,41,0,1,1,0,0,1,0,2022-12-31,study_end,2074,0,2074,0
10806,DPP4i,0,2021-06-14,58,0,1,0,0,0,1,0,2022-12-31,study_end,565,0,565,0
10807,DPP4i,0,2020-03-02,67,0,0,0,0,0,0,0,2020-11-09,stop,252,0,1034,0
10808,DPP4i,0,2021-01-29,62,1,1,0,0,0,1,0,2021-04-09,switch,70,0,701,0
10809,DPP4i,0,2017-03-26,95,1,1,0,0,0,1,0,2017-11-08,death,227,0,227,0
10810,DPP4i,0,2021-01-23,72,0,1,0,0,1,1,0,2022-07-28,stop,551,0,707,0
10811,DPP4i,0,2018-02-27,58,0,1,0,0,0,1,0,2020-05-07,stop,800,0,1768,0
10812,DPP4i,0,2021-09-28,44,1,0,0,0,0,0,0,2022-12-31,study_end,459,0,459,0
10813,DPP4i,0,2021-03-21,72,0,1,0,0,0,0,0,2022-12-31,study_end,650,0,650,0
10815,SGLT2i,1,2018-07-02,60,0,1,0,0,0,1,0,2022-12-31,study_end,1643,0,1643,0
10817,DPP4i,0,2017-09-27,58,1,1,0,0,0,1,0,2021-12-01,stop,1526,0,1921,0
10819,DPP4i,0,2019-11-11,55,1,0,0,0,0,1,0,2021-05-18,stop,554,0,1146,0
10820,DPP4i,0,2018-07-11,62,1,1,0,0,0,1,0,2020-08-21,stop,772,0,1634,0
10821,DPP4i,0,2021-04-26,68,1,1,0,1,0,1,0,2022-12-31,study_end,614,0,614,0
10822,DPP4i,0,2020-05-22,83,0,1,1,0,0,1,0,2022-01-18,stop,606,0,953,0
10823,DPP4i,0,2019-05-08,63,0,0,0,0,0,1,1,2022-12-31,study_end,1333,0,1333,0
10825,SGLT2i,1,2021-01-06,87,0,1,0,0,0,1,0,2022-12-31,study_end,724,0,724,0
10827,DPP4i,0,2019-02-09,72,0,0,0,0,0,0,0,2019-07-09,stop,150,0,1421,0
10829,DPP4i,0,2018-04-03,46,1,1,0,0,0,1,1,2022-12-31,study_end,1733,0,1733,0
10831,SGLT2i,1,2021-07-07,67,0,1,0,0,0,1,0,2022-12-31,study_end,542,0,542,0
10832,DPP4i,0,2020-05-26,59,0,1,0,0,0,1,0,2022-12-31,study_end,949,0,949,0
10833,DPP4i,0,2020-04-06,53,1,1,0,0,0,1,1,2022-01-12,stop,646,0,999,0
10836,DPP4i,0,2018-02-17,61,0,1,0,1,0,1,0,2022-12-31,study_end,1778,0,1778,0
10837,DPP4i,0,2019-05-16,47,0,0,0,0,0,1,0,2022-12-31,study_end,1325,0,1325,0
10842,DPP4i,0,2020-01-26,64,0,1,0,0,0,1,0,2021-11-03,switch,647,0,1070,0
10845,DPP4i,0,2017-02-28,66,0,1,0,0,0,1,0,2022-12-31,study_end,2132,0,2132,0
10849,DPP4i,0,2020-11-15,83,0,1,0,0,0,0,0,2021-11-26,stop,376,0,776,0
10851,DPP4i,0,2021-01-04,52,0,1,0,0,0,1,0,2022-12-31,study_end,726,0,726,0
10854,DPP4i,0,2016-03-09,49,0,0,0,0,0,1,0,2016-11-07,stop,243,0,2488,0
10857,DPP4i,0,2021-02-08,65,1,1,0,0,0,1,0,2022-06-11,stop,488,0,691,0
10858,DPP4i,0,2017-10-24,46,0,1,0,0,0,0,0,2018-02-21,stop,120,0,1894,0
10859,DPP4i,0,2017-08-03,65,0,0,0,0,0,1,0,2018-10-09,stop,432,0,1976,0
10862,DPP4i,0,2021-04-03,59,1,1,0,0,0,1,0,2022-12-31,study_end,637,0,637,0
10865,DPP4i,0,2021-07-20,79,0,0,1,0,0,1,0,2021-12-17,stop,150,0,529,0
10867,DPP4i,0,2017-10-27,56,1,1,0,0,0,1,0,2022-12-31,study_end,1891,0,1891,0
10868,DPP4i,0,2017-10-05,68,1,1,0,0,0,1,0,2018-01-03,stop,90,0,1913,0
10871,DPP4i,0,2020-06-21,52,0,1,0,0,0,1,0,2020-10-19,stop,120,0,923,0
10873,SGLT2i,1,2020-03-14,55,0,1,0,0,1,1,0,2022-12-11,stop,1002,0,1022,0
10874,SGLT2i,1,2020-03-07,51,0,0,0,0,0,1,0,2022-12-19,stop,1017,0,1029,0
10876,DPP4i,0,2021-03-01,55,1,1,1,0,0,1,0,2022-12-31,study_end,670,0,670,0
10877,SGLT2i,1,2020-11-29,51,1,0,0,0,0,1,0,2021-08-07,stop,251,0,762,0
10879,DPP4i,0,2021-02-18,66,0,0,0,0,1,1,0,2022-02-14,switch,361,0,681,0
10881,DPP4i,0,2020-10-20,42,0,0,0,0,0,0,0,2021-03-19,stop,150,0,802,0
10884,DPP4i,0,2020-12-03,70,1,1,0,0,1,1,1,2022-12-31,study_end,758,0,758,0
10886,DPP4i,0,2017-08-10,60,0,0,0,0,1,1,0,2022-12-31,study_end,1969,0,1969,0
10887,SGLT2i,1,2019-12-28,44,0,0,0,0,0,1,0,2022-12-31,study_end,1099,0,1099,0
10888,DPP4i,0,2021-04-25,54,1,0,0,0,0,0,0,2022-12-31,study_end,615,0,615,0
10889,DPP4i,0,2016-03-10,55,0,0,0,0,0,1,0,2019-03-06,stop,1091,0,2487,0
10891,SGLT2i,1,2016-09-18,56,1,0,0,0,1,1,0,2019-06-25,stop,1010,0,2295,0
10893,DPP4i,0,2019-03-29,67,0,1,0,0,0,1,0,2019-08-26,stop,150,0,1373,0
10894,DPP4i,0,2017-09-02,40,1,0,0,0,0,1,0,2018-06-20,stop,291,0,1946,0
10897,DPP4i,0,2021-04-23,60,1,1,0,1,0,1,0,2022-12-31,study_end,617,0,617,0
10899,DPP4i,0,2017-05-27,62,1,1,0,0,0,1,0,2018-08-20,stop,450,0,2044,0
10902,DPP4i,0,2019-02-28,40,1,1,0,0,0,1,0,2021-06-13,stop,836,0,1402,0
10906,DPP4i,0,2021-01-22,50,1,0,0,0,0,1,0,2022-12-31,study_end,708,0,708,0
10907,DPP4i,0,2018-08-31,47,1,0,0,0,0,1,0,2022-12-31,study_end,1583,0,1583,0
10911,DPP4i,0,2016-02-23,41,1,0,0,0,0,1,0,2016-05-11,switch,78,0,2503,0
10912,DPP4i,0,2017-05-03,61,0,0,0,0,0,1,0,2020-07-01,stop,1155,0,2068,0
10914,DPP4i,0,2017-12-26,59,1,0,0,0,0,1,0,2021-10-04,stop,1378,0,1831,0
10915,DPP4i,0,2018-08-13,60,0,1,0,0,0,1,0,2019-07-20,stop,341,0,1601,0
10917,DPP4i,0,2019-02-07,64,0,1,0,0,0,1,0,2019-05-08,stop,90,0,1423,0
10920,SGLT2i,1,2021-05-31,60,0,1,0,0,0,1,0,2022-12-31,study_end,579,0,579,0
10921,DPP4i,0,2021-07-15,47,0,1,0,0,0,1,0,2022-12-31,study_end,534,0,534,0
10922,SGLT2i,1,2019-09-29,70,1,1,0,1,0,1,0,2019-12-28,stop,90,0,1189,0
10924,DPP4i,0,2017-10-18,74,0,0,0,0,0,1,0,2019-11-14,stop,757,0,1900,0
10926,DPP4i,0,2020-02-18,40,1,0,0,0,0,1,1,2022-12-31,study_end,1047,0,1047,0
10927,SGLT2i,1,2021-01-26,65,0,0,1,0,0,1,0,2022-12-31,study_end,704,0,704,0
10928,DPP4i,0,2021-07-20,39,0,1,0,0,0,1,0,2022-12-31,study_end,529,0,529,0
10929,DPP4i,0,2016-07-28,44,0,0,0,0,0,1,0,2022-12-31,study_end,2347,0,2347,0
10930,SGLT2i,1,2020-08-10,55,1,1,0,0,0,1,0,2021-02-10,stop,184,0,873,0
10933,DPP4i,0,2021-05-04,86,0,1,0,1,1,1,0,2022-05-01,death,362,0,362,0
10934,DPP4i,0,2020-10-12,42,1,0,1,0,0,1,0,2022-04-16,stop,551,0,810,0
10936,DPP4i,0,2016-11-15,61,0,0,0,0,0,1,0,2022-12-31,study_end,2237,0,2237,0
10937,DPP4i,0,2020-05-16,72,0,0,0,0,0,1,0,2020-10-13,stop,150,0,959,0
10941,DPP4i,0,2020-09-28,86,1,0,0,0,1,1,0,2020-10-09,death,11,0,11,0
10942,SGLT2i,1,2019-06-20,45,1,1,0,0,0,0,0,2022-12-31,study_end,1290,0,1290,0
10943,DPP4i,0,2020-11-24,65,1,1,0,0,0,1,0,2022-12-31,study_end,767,0,767,0
10945,DPP4i,0,2016-06-14,53,1,1,0,0,0,1,0,2019-06-21,stop,1102,0,2391,0
10946,DPP4i,0,2018-04-20,59,0,1,0,0,0,1,0,2019-10-15,switch,543,0,1716,0
10947,DPP4i,0,2016-08-10,40,1,0,0,0,0,1,1,2018-10-16,stop,797,0,2334,0
10948,DPP4i,0,2019-02-01,67,0,0,0,0,0,1,0,2019-07-01,stop,150,0,1429,0
10949,DPP4i,0,2016-08-29,37,0,0,0,0,0,1,0,2017-07-16,switch,321,0,2315,0
10951,DPP4i,0,2017-10-05,68,0,1,0,0,0,0,0,2018-11-04,switch,395,0,1913,0
10952,DPP4i,0,2018-09-03,63,1,1,0,1,0,1,0,2022-12-31,study_end,1580,0,1580,0
10954,SGLT2i,1,2019-08-08,59,0,0,0,0,0,1,0,2020-01-05,stop,150,0,1241,0
10955,SGLT2i,1,2021-09-30,47,1,1,0,0,0,1,0,2022-02-27,stop,150,0,457,0
10956,DPP4i,0,2020-11-22,52,0,1,0,0,0,0,0,2022-12-31,study_end,769,0,769,0
10957,DPP4i,0,2021-03-24,51,0,0,0,0,0,1,0,2022-12-31,study_end,647,0,647,0
10958,DPP4i,0,2021-05-23,81,0,0,0,1,0,0,1,2022-12-31,study_end,587,0,587,0
10960,DPP4i,0,2020-04-22,45,0,0,0,1,0,1,0,2022-12-31,study_end,983,0,983,0
10966,DPP4i,0,2021-01-19,75,0,1,0,0,0,0,0,2022-12-31,study_end,711,0,711,0
10967,SGLT2i,1,2020-03-06,72,1,0,0,0,0,1,0,2021-09-28,stop,571,0,1030,0
10968,DPP4i,0,2018-02-11,62,0,0,0,0,0,1,0,2018-04-21,switch,69,0,1784,0
10970,DPP4i,0,2021-08-25,69,0,0,0,0,0,1,0,2022-12-31,study_end,493,0,493,0
10971,DPP4i,0,2017-11-18,69,0,0,0,0,0,1,0,2022-06-29,switch,1684,0,1869,0
10972,DPP4i,0,2017-09-14,59,0,1,0,0,1,1,0,2019-09-11,stop,727,0,1934,0
10975,DPP4i,0,2016-08-02,63,1,1,0,0,0,1,0,2016-12-02,stop,122,0,2342,0
10977,SGLT2i,1,2018-08-15,59,0,0,0,0,0,0,0,2019-07-22,stop,341,0,1599,0
10979,DPP4i,0,2021-03-04,45,0,1,0,0,0,0,0,2022-12-31,study_end,667,0,667,0
10980,SGLT2i,1,2020-06-28,50,1,1,1,0,0,1,0,2022-12-31,study_end,916,0,916,0
10981,DPP4i,0,2019-08-28,64,1,0,0,0,0,1,0,2022-12-31,study_end,1221,0,1221,0
10982,SGLT2i,1,2021-02-02,69,1,1,0,0,0,0,0,2021-06-02,stop,120,0,697,0
10984,DPP4i,0,2019-04-15,74,1,1,0,0,0,1,0,2020-01-09,stop,269,0,1356,0
10986,SGLT2i,1,2018-02-11,71,1,1,0,0,0,1,1,2021-11-05,death,1363,0,1363,0
10987,DPP4i,0,2021-01-15,69,1,1,0,0,0,1,0,2022-02-11,stop,392,0,715,0
10988,SGLT2i,1,2021-12-24,42,0,0,0,0,0,1,0,2022-04-30,stop,127,0,372,0
10989,DPP4i,0,2019-08-25,46,0,0,0,0,0,1,1,2020-01-22,stop,150,0,1224,0
10991,DPP4i,0,2016-01-01,69,1,0,0,0,0,1,0,2022-12-31,study_end,2556,0,2556,0
10992,DPP4i,0,2020-07-31,58,1,1,0,0,0,1,0,2022-12-31,study_end,883,0,883,0
10993,DPP4i,0,2020-10-29,88,0,1,0,0,0,1,0,2022-12-31,study_end,793,0,793,0
10995,DPP4i,0,2017-07-24,63,0,1,0,0,0,1,0,2022-12-31,study_end,1986,0,1986,0
10996,DPP4i,0,2019-08-16,45,0,0,0,0,0,0,0,2021-06-13,switch,667,0,1233,0
10997,DPP4i,0,2017-05-02,53,0,1,1,0,1,0,0,2017-10-05,hhf,156,1,156,1
10999,DPP4i,0,2016-11-13,41,0,1,0,0,0,0,0,2021-10-18,switch,1800,0,2239,0
11003,SGLT2i,1,2019-10-19,51,0,1,0,0,0,1,0,2022-12-13,stop,1151,0,1169,0
11005,DPP4i,0,2016-08-28,58,1,0,0,0,0,1,0,2018-12-19,stop,843,0,2316,0
11006,DPP4i,0,2021-05-30,57,0,0,0,0,0,1,0,2021-08-28,stop,90,0,580,0
11007,DPP4i,0,2016-11-19,60,1,0,0,0,0,1,0,2018-11-27,stop,738,0,2233,0
11010,SGLT2i,1,2021-02-07,49,1,1,0,0,0,1,0,2022-12-31,study_end,692,0,692,0
11016,DPP4i,0,2017-04-12,74,0,1,0,0,0,0,0,2022-12-31,study_end,2089,0,2089,0
11018,DPP4i,0,2017-11-16,66,1,1,0,0,0,1,0,2018-04-15,stop,150,0,1871,0
11020,DPP4i,0,2019-05-01,59,1,1,0,0,0,1,0,2022-12-31,study_end,1340,0,1340,0
11021,DPP4i,0,2021-01-17,48,0,1,0,0,0,1,1,2022-12-31,study_end,713,0,713,0
11022,DPP4i,0,2018-03-16,90,0,0,0,0,0,1,0,2018-12-14,stop,273,0,1751,0
11023,SGLT2i,1,2017-01-25,60,0,1,1,0,0,1,0,2022-08-28,stop,2041,0,2166,0
11026,DPP4i,0,2020-10-03,77,1,1,0,0,0,1,0,2022-12-31,study_end,819,0,819,0
11029,DPP4i,0,2020-12-13,61,1,1,0,0,0,0,0,2021-04-12,stop,120,0,748,0
11031,DPP4i,0,2021-10-17,54,0,1,1,0,0,1,0,2022-12-31,study_end,440,0,440,0
11033,DPP4i,0,2021-07-05,38,1,1,0,0,0,1,0,2022-12-31,study_end,544,0,544,0
11038,DPP4i,0,2016-07-27,48,1,0,0,1,0,0,0,2016-09-26,switch,61,0,2348,0
11040,DPP4i,0,2021-08-05,52,1,0,0,0,0,1,0,2022-12-31,study_end,513,0,513,0
11045,DPP4i,0,2018-11-05,52,0,1,0,0,0,1,0,2022-09-04,switch,1399,0,1517,0
11046,SGLT2i,1,2021-12-28,56,0,1,0,0,0,1,0,2022-12-31,study_end,368,0,368,0
11047,SGLT2i,1,2017-09-02,63,1,1,0,0,0,1,0,2020-05-23,stop,994,0,1946,0
11049,SGLT2i,1,2019-04-12,48,0,0,0,0,0,1,0,2019-12-10,stop,242,0,1359,0
11050,SGLT2i,1,2019-11-28,58,0,1,0,0,0,1,0,2020-11-24,switch,362,0,1129,0
11051,DPP4i,0,2020-04-23,58,0,1,0,0,0,0,0,2021-01-21,stop,273,0,982,0
11053,DPP4i,0,2016-01-08,43,1,0,0,0,0,0,0,2017-12-20,stop,712,0,2549,0
11054,DPP4i,0,2016-01-16,58,0,1,0,0,0,1,0,2016-07-11,death,177,0,177,0
11056,SGLT2i,1,2020-01-07,57,0,1,0,0,0,1,0,2022-12-31,study_end,1089,0,1089,0
11057,DPP4i,0,2018-04-02,65,0,1,0,0,0,1,0,2021-03-05,stop,1068,0,1734,0
11058,DPP4i,0,2019-04-07,68,0,1,0,0,0,1,0,2021-04-08,death,732,0,732,0
11065,DPP4i,0,2018-12-26,68,0,1,0,0,0,0,1,2019-08-30,stop,247,0,1466,0
11069,SGLT2i,1,2020-04-22,66,1,1,0,1,0,0,0,2020-08-20,stop,120,0,983,0
11070,DPP4i,0,2020-11-03,60,0,0,1,0,0,1,0,2022-12-31,study_end,788,0,788,0
11072,DPP4i,0,2016-10-11,57,0,1,0,0,0,1,0,2017-08-18,stop,311,0,2272,0
11073,DPP4i,0,2019-07-21,54,0,1,0,0,0,1,0,2022-12-31,study_end,1259,0,1259,0
11074,SGLT2i,1,2020-10-28,50,1,0,0,0,0,1,0,2022-12-31,study_end,794,0,794,0
11076,DPP4i,0,2021-12-26,54,1,1,0,0,0,1,0,2022-03-26,stop,90,0,370,0
11077,DPP4i,0,2017-06-11,49,0,1,0,0,0,1,0,2019-05-23,stop,711,0,2029,0
11079,DPP4i,0,2020-10-06,50,0,1,0,0,0,1,0,2020-12-18,switch,73,0,816,0
11080,DPP4i,0,2017-05-28,48,1,1,0,0,0,1,0,2018-11-08,stop,529,0,2043,0
11081,DPP4i,0,2018-10-19,35,0,0,0,0,0,1,0,2022-04-02,switch,1261,0,1534,0
11082,DPP4i,0,2018-12-27,84,1,1,0,0,0,1,0,2018-12-29,death,2,0,2,0
11083,DPP4i,0,2016-07-05,63,1,0,0,0,0,1,0,2017-12-12,stop,525,0,2370,0
11084,DPP4i,0,2016-10-27,64,1,1,0,0,0,1,0,2020-08-03,stop,1376,0,2256,0
11088,DPP4i,0,2021-10-28,95,1,1,0,0,0,1,0,2022-12-31,study_end,429,0,429,0
11089,DPP4i,0,2016-05-30,63,1,1,0,0,0,1,0,2020-06-20,stop,1482,0,2406,0
11090,DPP4i,0,2016-02-28,50,1,1,0,0,0,1,0,2016-06-27,stop,120,0,2498,0
11091,DPP4i,0,2019-01-10,49,0,1,0,0,0,1,0,2021-04-13,stop,824,0,1451,0
11092,SGLT2i,1,2021-11-25,74,1,1,0,0,0,0,0,2022-02-23,stop,90,0,401,0
11094,DPP4i,0,2021-05-14,24,1,0,0,0,0,1,0,2022-12-31,study_end,596,0,596,0
11098,DPP4i,0,2021-11-09,52,0,1,0,0,0,0,0,2022-10-14,stop,339,0,417,0
11102,DPP4i,0,2018-05-11,66,1,1,0,0,0,1,0,2022-12-31,study_end,1695,0,1695,0
11103,DPP4i,0,2018-10-28,71,1,1,0,0,0,1,0,2022-12-31,study_end,1525,0,1525,0
11104,DPP4i,0,2016-03-08,59,0,1,0,0,0,1,0,2019-11-15,hhf,1347,1,1347,1
11106,DPP4i,0,2019-03-05,56,0,0,0,0,0,0,0,2020-11-18,stop,624,0,1397,0
11107,SGLT2i,1,2020-01-31,50,0,1,0,0,0,1,0,2022-12-08,stop,1042,0,1065,0
11108,SGLT2i,1,2018-05-30,77,1,1,0,0,0,1,0,2018-10-27,stop,150,0,1676,0
11110,DPP4i,0,2017-09-30,55,0,1,0,0,1,1,0,2021-08-21,stop,1421,0,1918,0
11111,DPP4i,0,2020-11-30,58,0,1,0,0,0,1,0,2022-08-07,stop,615,0,761,0
11113,DPP4i,0,2017-10-19,94,0,1,0,1,0,1,0,2018-05-17,hhf,210,1,210,1
11114,DPP4i,0,2020-06-01,70,1,1,0,0,0,1,0,2022-12-31,study_end,943,0,943,0
11115,SGLT2i,1,2016-06-22,62,0,0,0,0,0,0,0,2018-01-30,death,587,0,587,0
11116,DPP4i,0,2019-06-15,71,1,0,0,0,0,0,1,2022-10-18,stop,1221,0,1295,0
11117,DPP4i,0,2021-11-25,72,1,0,0,0,0,1,0,2022-10-30,stop,339,0,401,0
11120,DPP4i,0,2017-10-31,48,1,1,0,0,0,1,0,2019-05-25,stop,571,0,1887,0
11121,SGLT2i,1,2018-08-25,63,1,0,0,0,0,1,0,2019-10-25,stop,426,0,1589,0
11122,DPP4i,0,2019-03-19,68,1,1,0,0,0,1,0,2022-12-31,study_end,1383,0,1383,0
11123,DPP4i,0,2021-01-29,55,1,1,1,0,0,1,0,2021-08-10,stop,193,0,701,0
11125,DPP4i,0,2021-10-02,52,1,1,0,0,0,1,0,2022-12-31,study_end,455,0,455,0
11126,DPP4i,0,2020-08-15,52,0,0,0,0,0,1,0,2021-05-20,switch,278,0,868,0
11127,DPP4i,0,2020-05-09,47,1,0,0,0,0,0,1,2022-12-31,study_end,966,0,966,0
11130,DPP4i,0,2016-08-07,51,0,1,0,1,0,1,0,2017-12-31,stop,511,0,2337,0
11136,DPP4i,0,2019-02-16,68,1,0,1,0,0,1,0,2019-12-27,switch,314,0,1414,0
11137,DPP4i,0,2016-12-16,56,0,1,0,0,0,1,0,2017-08-30,switch,257,0,2206,0
11141,SGLT2i,1,2021-08-25,69,1,0,0,0,0,1,0,2022-12-31,study_end,493,0,493,0
11142,DPP4i,0,2019-02-07,59,0,1,1,0,0,1,1,2019-07-07,stop,150,0,1423,0
11143,DPP4i,0,2021-02-10,65,0,1,1,0,0,1,0,2021-07-10,stop,150,0,689,0
11146,DPP4i,0,2017-09-08,55,0,1,0,0,0,1,0,2022-12-31,study_end,1940,0,1940,0
11147,DPP4i,0,2017-01-08,46,0,0,0,0,1,1,0,2017-09-04,switch,239,0,2183,0
11151,DPP4i,0,2019-05-15,61,1,1,0,1,0,1,1,2021-10-05,stop,874,0,1326,0
11153,DPP4i,0,2017-09-02,53,0,0,0,0,0,1,0,2019-04-21,switch,596,0,1946,0
11154,DPP4i,0,2020-02-09,71,0,1,0,0,0,1,0,2022-12-31,study_end,1056,0,1056,0
11155,DPP4i,0,2017-07-11,53,0,0,1,0,0,1,0,2017-07-24,switch,13,0,1999,0
11158,DPP4i,0,2017-07-06,83,0,1,0,0,1,1,0,2022-03-20,death,1718,0,1718,0
11160,DPP4i,0,2021-03-20,67,0,1,1,0,0,1,0,2022-12-31,study_end,651,0,651,0
11162,SGLT2i,1,2021-02-20,74,0,0,0,0,0,0,0,2021-10-21,stop,243,0,679,0
11163,SGLT2i,1,2021-01-31,55,0,1,0,0,0,0,0,2022-12-31,study_end,699,0,699,0
11168,SGLT2i,1,2020-02-05,53,1,1,0,0,0,1,1,2021-07-20,stop,531,0,1060,0
11170,DPP4i,0,2018-01-25,71,1,1,0,0,0,1,0,2019-03-11,death,410,0,410,0
11176,DPP4i,0,2020-02-29,62,0,0,0,0,0,1,0,2020-06-28,stop,120,0,1036,0
11177,DPP4i,0,2019-01-21,51,1,0,0,0,0,1,0,2022-12-31,study_end,1440,0,1440,0
11178,DPP4i,0,2016-10-29,61,0,1,0,1,0,1,0,2020-05-17,stop,1296,0,2254,0
11181,DPP4i,0,2018-04-10,60,0,1,0,0,0,1,0,2018-07-09,stop,90,0,1726,0
11183,SGLT2i,1,2019-10-12,69,1,1,1,0,0,1,0,2020-10-20,switch,374,0,1176,0
11185,SGLT2i,1,2019-03-17,55,0,1,0,0,0,1,0,2022-12-31,study_end,1385,0,1385,0
11186,SGLT2i,1,2018-11-15,54,0,1,0,0,0,1,0,2018-11-19,switch,4,0,1507,0
11188,DPP4i,0,2018-10-28,82,0,1,0,0,0,1,0,2019-11-18,hhf,386,1,386,1
11189,DPP4i,0,2018-07-01,70,0,0,0,0,0,0,0,2019-07-13,stop,377,0,1146,1
11190,DPP4i,0,2020-09-10,51,0,1,0,0,0,1,0,2021-03-04,switch,175,0,842,0
11192,DPP4i,0,2018-03-26,62,1,1,0,1,0,1,0,2020-05-25,stop,791,0,864,1
11197,DPP4i,0,2017-02-11,61,1,1,0,0,0,1,0,2019-12-21,stop,1043,0,2149,0
11198,SGLT2i,1,2021-02-08,65,1,1,0,0,0,1,1,2022-12-04,stop,664,0,691,0
11199,DPP4i,0,2020-07-04,78,0,1,1,0,0,1,0,2022-12-31,study_end,910,0,910,0
11200,SGLT2i,1,2021-11-04,59,1,1,1,0,0,1,0,2022-12-31,study_end,422,0,422,0
11202,DPP4i,0,2021-08-18,75,1,1,0,0,0,1,0,2021-12-16,stop,120,0,500,0
11205,DPP4i,0,2017-01-27,63,0,1,1,0,0,1,0,2017-06-13,stop,137,0,2164,0
11207,DPP4i,0,2016-05-04,76,1,1,0,0,0,0,0,2016-09-01,stop,120,0,2432,0
11211,SGLT2i,1,2019-04-03,60,0,0,0,0,0,1,0,2020-02-14,stop,317,0,1368,0
11212,DPP4i,0,2018-12-18,87,1,1,1,1,0,1,0,2020-12-01,switch,714,0,1474,0
11213,DPP4i,0,2020-02-07,53,1,0,0,0,0,1,0,2022-12-31,study_end,1058,0,1058,0
11215,DPP4i,0,2020-09-28,70,1,1,0,0,0,1,0,2022-10-28,switch,760,0,824,0
11218,DPP4i,0,2019-01-03,59,0,1,0,0,1,1,0,2022-12-31,study_end,1458,0,1458,0
11220,DPP4i,0,2020-05-24,34,1,1,0,0,0,1,0,2021-01-19,stop,240,0,951,0
11221,SGLT2i,1,2021-07-14,41,1,0,0,0,0,1,0,2022-03-17,stop,246,0,535,0
11224,DPP4i,0,2017-04-30,72,0,1,0,0,0,1,1,2022-12-31,study_end,2071,0,2071,0
11225,SGLT2i,1,2016-06-22,63,0,1,0,0,0,1,0,2016-09-20,stop,90,0,2383,0
11228,DPP4i,0,2018-10-26,63,0,1,0,0,0,1,0,2020-10-30,hhf,735,1,735,1
11229,DPP4i,0,2019-07-03,60,0,0,1,0,0,1,0,2020-12-14,switch,530,0,1277,0
11230,SGLT2i,1,2019-11-30,43,0,1,0,0,0,1,0,2022-12-31,study_end,1127,0,1127,0
11232,DPP4i,0,2021-03-13,49,0,1,0,0,0,0,0,2022-12-31,study_end,658,0,658,0
11233,DPP4i,0,2019-12-25,50,1,1,0,0,0,1,0,2022-12-31,study_end,1102,0,1102,0
11235,DPP4i,0,2019-07-20,61,1,0,0,1,0,1,1,2019-12-23,stop,156,0,481,1
11237,DPP4i,0,2020-11-30,44,0,0,0,1,1,1,0,2022-12-31,study_end,761,0,761,0
11239,DPP4i,0,2017-11-26,87,1,1,0,0,1,0,0,2018-04-12,hhf,137,1,137,1
11241,DPP4i,0,2016-08-27,46,1,0,0,0,0,1,0,2018-02-04,stop,526,0,2317,0
11242,DPP4i,0,2018-05-13,60,1,0,1,0,0,1,0,2018-08-11,stop,90,0,1693,0
11243,DPP4i,0,2018-10-17,61,0,1,0,0,0,1,0,2022-12-31,study_end,1536,0,1536,0
11244,SGLT2i,1,2020-08-19,46,1,0,0,0,1,0,0,2022-09-06,stop,748,0,864,0
11245,DPP4i,0,2017-06-29,75,0,0,1,0,1,1,0,2018-09-19,stop,447,0,2011,0
11246,DPP4i,0,2017-10-01,51,1,1,0,0,0,1,0,2019-10-11,stop,740,0,1917,0
11249,DPP4i,0,2020-01-28,58,1,1,0,0,0,0,0,2022-12-31,study_end,1068,0,1068,0
11250,DPP4i,0,2018-08-18,68,0,1,1,0,0,1,0,2022-12-31,study_end,1596,0,1596,0
11252,DPP4i,0,2019-02-19,64,0,0,1,0,0,1,0,2020-01-27,stop,342,0,1411,0
11253,DPP4i,0,2019-09-10,32,0,1,0,0,0,0,0,2019-10-18,switch,38,0,1208,0
11254,SGLT2i,1,2021-06-28,64,0,0,0,0,0,1,0,2021-10-26,stop,120,0,551,0
11256,DPP4i,0,2017-08-29,36,1,0,0,0,0,1,0,2019-12-09,stop,832,0,1950,0
11257,DPP4i,0,2018-10-30,39,0,1,0,0,0,1,0,2021-11-29,stop,1126,0,1523,0
11259,DPP4i,0,2017-12-23,66,0,1,0,0,0,0,0,2020-08-01,stop,952,0,1834,0
11262,SGLT2i,1,2020-06-04,70,1,0,0,0,0,1,0,2022-12-31,study_end,940,0,940,0
11266,DPP4i,0,2021-08-11,70,0,1,0,0,0,1,0,2022-12-31,study_end,507,0,507,0
11267,DPP4i,0,2016-09-21,62,1,0,0,0,0,0,0,2022-12-31,study_end,2292,0,2292,0
11268,DPP4i,0,2019-07-03,31,0,0,0,0,0,1,0,2021-12-22,stop,903,0,1277,0
11269,DPP4i,0,2021-04-06,58,0,1,0,0,0,1,0,2022-12-31,study_end,634,0,634,0
11271,DPP4i,0,2017-11-01,49,1,0,1,1,0,1,0,2018-01-30,stop,90,0,1886,0
11272,DPP4i,0,2018-06-08,36,1,0,0,0,0,1,0,2020-08-22,stop,806,0,1667,0
11274,DPP4i,0,2018-09-04,67,0,0,0,0,0,1,0,2019-11-11,stop,433,0,1579,0
11275,SGLT2i,1,2018-06-07,41,1,0,0,0,0,1,0,2021-03-18,stop,1015,0,1668,0
11276,DPP4i,0,2021-09-01,48,0,1,0,0,0,1,0,2022-01-29,stop,150,0,291,0
11277,DPP4i,0,2019-07-10,57,1,1,0,0,0,1,0,2020-06-10,switch,336,0,1270,0
11280,SGLT2i,1,2021-09-29,77,0,1,0,0,0,1,0,2022-12-31,study_end,458,0,458,0
11281,DPP4i,0,2016-05-04,77,1,1,0,0,1,0,0,2020-05-26,stop,1483,0,2432,0
11285,SGLT2i,1,2021-11-22,46,1,1,0,0,0,1,0,2022-12-31,study_end,404,0,404,0
11286,SGLT2i,1,2018-11-25,34,0,0,0,0,0,1,0,2022-12-31,study_end,1497,0,1497,0
11287,DPP4i,0,2016-10-26,58,0,0,0,0,0,0,0,2022-12-31,study_end,2257,0,2257,0
11290,SGLT2i,1,2021-09-22,60,0,1,0,0,0,1,0,2022-05-23,stop,243,0,465,0
11291,DPP4i,0,2017-12-10,47,1,1,1,0,0,0,0,2021-12-30,stop,1481,0,1847,0
11292,DPP4i,0,2020-09-20,42,0,0,0,0,0,0,0,2022-12-31,study_end,832,0,832,0
11294,DPP4i,0,2019-02-17,70,1,1,0,0,1,1,1,2022-12-31,study_end,1413,0,1413,0
11297,DPP4i,0,2017-07-01,41,0,1,0,0,0,1,0,2018-12-13,stop,530,0,2009,0
11299,DPP4i,0,2019-03-04,34,0,0,0,0,0,1,0,2020-01-21,stop,323,0,1398,0
11300,DPP4i,0,2018-08-31,47,1,1,0,0,0,1,0,2022-12-31,study_end,1583,0,1583,0
11301,DPP4i,0,2019-05-02,55,1,1,0,0,0,1,0,2022-12-31,study_end,1339,0,1339,0
11303,SGLT2i,1,2017-07-26,43,0,1,0,0,0,0,0,2018-07-01,stop,340,0,1984,0
11305,DPP4i,0,2021-09-21,42,1,1,0,0,0,1,0,2022-12-31,study_end,466,0,466,0
11306,DPP4i,0,2020-05-17,42,1,0,0,1,0,1,0,2020-05-30,switch,13,0,958,0
11308,DPP4i,0,2017-10-11,48,0,0,0,0,0,1,0,2019-06-20,stop,617,0,1907,0
11311,DPP4i,0,2016-06-23,54,0,1,0,0,0,1,0,2021-07-13,stop,1846,0,2382,0
11314,SGLT2i,1,2021-11-17,58,0,1,0,0,0,0,0,2022-03-23,stop,126,0,409,0
11315,DPP4i,0,2019-03-23,87,1,1,0,0,1,1,0,2019-10-26,switch,217,0,1379,0
11316,DPP4i,0,2017-01-12,89,0,1,0,0,0,1,1,2019-04-20,death,828,0,828,0
11317,DPP4i,0,2018-12-24,68,1,1,0,0,0,1,0,2022-02-19,stop,1153,0,1468,0
11318,DPP4i,0,2019-02-15,57,0,1,1,0,0,0,0,2022-12-31,study_end,1415,0,1415,0
11321,DPP4i,0,2016-07-16,82,0,1,0,0,0,1,0,2017-10-06,stop,447,0,2359,0
11323,DPP4i,0,2019-07-02,77,1,1,0,0,0,0,1,2020-12-01,stop,518,0,1278,0
11324,DPP4i,0,2019-04-13,80,0,0,0,0,0,1,0,2019-09-10,stop,150,0,1358,0
11327,DPP4i,0,2019-01-14,58,1,0,0,0,0,1,0,2021-05-04,stop,841,0,1447,0
11329,DPP4i,0,2017-07-19,83,1,0,0,0,0,1,0,2021-09-28,death,1532,0,1532,0
11330,DPP4i,0,2019-09-05,63,0,0,0,0,0,0,0,2022-01-15,stop,863,0,921,0
11332,DPP4i,0,2016-02-21,59,0,0,0,0,0,1,0,2017-07-31,stop,526,0,2505,0
11334,DPP4i,0,2021-10-29,68,0,1,0,0,0,1,0,2022-12-31,study_end,428,0,428,0
11337,DPP4i,0,2020-01-11,61,0,1,1,0,0,1,0,2021-08-27,stop,594,0,1085,0
11338,SGLT2i,1,2021-11-19,77,1,1,0,0,0,1,0,2022-12-31,study_end,407,0,407,0
11339,DPP4i,0,2021-10-07,66,0,1,0,0,0,1,0,2022-05-13,stop,218,0,450,0
11341,DPP4i,0,2017-04-17,59,0,0,0,0,0,0,0,2020-11-26,stop,1319,0,2084,0
11343,SGLT2i,1,2020-10-14,62,0,0,0,0,0,0,0,2022-12-31,study_end,808,0,808,0
11346,DPP4i,0,2016-03-07,80,1,1,0,1,0,1,0,2016-11-09,stop,247,0,885,0
11347,DPP4i,0,2021-09-09,32,0,1,0,0,0,1,0,2022-12-31,study_end,478,0,478,0
11348,DPP4i,0,2020-09-15,53,0,0,0,0,0,1,1,2022-12-31,study_end,837,0,837,0
11349,DPP4i,0,2019-01-21,35,0,0,0,0,0,1,0,2022-12-31,study_end,1440,0,1440,0
11351,DPP4i,0,2017-08-27,44,0,1,0,0,0,1,0,2022-12-31,study_end,1952,0,1952,0
11354,SGLT2i,1,2018-02-20,56,0,0,0,0,0,1,0,2022-12-31,study_end,1775,0,1775,0
11355,DPP4i,0,2019-12-24,52,1,0,0,0,1,1,0,2020-03-23,stop,90,0,1103,0
11357,SGLT2i,1,2018-12-12,69,1,0,0,0,0,1,0,2020-09-12,stop,640,0,1480,0
11358,DPP4i,0,2021-10-06,72,1,1,0,1,0,0,0,2022-12-31,study_end,451,0,451,0
11360,DPP4i,0,2016-06-11,61,0,0,0,0,0,1,0,2019-10-29,stop,1235,0,2394,0
11361,DPP4i,0,2020-02-23,71,1,1,0,0,0,0,0,2021-05-03,stop,435,0,462,1
11362,SGLT2i,1,2020-05-18,55,1,0,0,0,0,1,0,2020-10-15,stop,150,0,957,0
11363,SGLT2i,1,2019-04-12,72,1,1,0,0,0,1,0,2019-09-09,stop,150,0,1359,0
11365,SGLT2i,1,2021-03-24,52,0,0,0,0,0,1,0,2022-12-31,study_end,647,0,647,0
11367,DPP4i,0,2018-10-16,50,1,1,0,0,0,0,0,2019-10-06,stop,355,0,1537,0
11368,DPP4i,0,2019-09-02,47,0,0,0,0,0,1,0,2022-12-31,study_end,1216,0,1216,0
11370,SGLT2i,1,2020-03-05,61,1,0,0,0,0,1,1,2022-12-31,study_end,1031,0,1031,0
11371,DPP4i,0,2016-09-16,72,0,1,0,0,1,0,1,2020-01-15,stop,1216,0,2297,0
11373,DPP4i,0,2021-03-01,62,0,0,0,0,0,1,0,2022-12-31,study_end,670,0,670,0
11374,DPP4i,0,2016-08-05,52,0,0,0,0,0,1,0,2018-11-24,stop,841,0,2339,0
11379,DPP4i,0,2020-06-30,70,1,1,0,0,0,0,0,2022-12-31,study_end,914,0,914,0
11380,DPP4i,0,2021-08-11,52,0,1,0,0,0,1,0,2022-12-31,study_end,507,0,507,0
11382,DPP4i,0,2021-05-19,60,1,1,0,0,0,1,0,2022-12-31,study_end,591,0,591,0
11383,DPP4i,0,2021-01-13,59,1,0,0,0,0,0,0,2022-12-31,study_end,717,0,717,0
11385,DPP4i,0,2020-01-10,53,0,1,0,0,0,1,0,2020-05-13,stop,124,0,1086,0
11386,DPP4i,0,2019-02-14,58,1,0,1,0,0,1,1,2020-01-10,stop,330,0,1416,0
11387,DPP4i,0,2020-05-14,85,0,1,0,0,0,0,0,2021-10-13,stop,517,0,961,0
11388,DPP4i,0,2019-05-13,64,1,1,0,0,0,1,0,2022-08-10,stop,1185,0,1328,0
11390,DPP4i,0,2021-01-31,70,0,1,0,0,0,1,1,2022-12-31,study_end,699,0,699,0
11391,DPP4i,0,2016-08-08,54,1,1,0,0,0,0,0,2020-08-18,stop,1471,0,2336,0
11394,SGLT2i,1,2021-03-10,68,0,0,0,0,0,1,0,2021-05-05,switch,56,0,661,0
11400,DPP4i,0,2018-03-12,63,0,1,0,0,0,1,0,2021-11-19,stop,1348,0,1755,0
11401,DPP4i,0,2016-08-18,54,0,1,0,0,0,0,0,2022-12-31,study_end,2326,0,2326,0
11402,DPP4i,0,2019-01-13,44,1,0,1,0,0,1,0,2021-08-06,stop,936,0,1448,0
11403,DPP4i,0,2021-01-11,45,0,0,0,0,0,1,0,2022-12-31,study_end,719,0,719,0
11404,DPP4i,0,2020-11-28,95,0,0,0,0,0,1,0,2022-12-31,study_end,763,0,763,0
11408,DPP4i,0,2017-12-09,77,0,0,0,0,0,0,0,2019-06-08,stop,546,0,1848,0
11410,DPP4i,0,2021-07-14,62,0,1,0,0,0,0,0,2022-03-17,stop,246,0,535,0
11411,DPP4i,0,2021-12-06,41,1,1,0,0,0,1,0,2022-12-31,study_end,390,0,390,0
11413,DPP4i,0,2020-02-02,61,0,1,0,0,0,1,0,2022-12-31,study_end,1063,0,1063,0
11415,DPP4i,0,2018-03-09,81,0,1,0,0,0,0,0,2019-08-31,stop,540,0,1758,0
11418,DPP4i,0,2020-05-05,71,1,1,0,0,0,1,0,2022-07-20,stop,806,0,970,0
11419,DPP4i,0,2021-11-16,74,1,1,0,0,0,1,0,2022-12-31,study_end,410,0,410,0
11425,DPP4i,0,2019-07-09,45,1,1,0,0,0,0,0,2022-04-30,stop,1026,0,1271,0
11427,DPP4i,0,2020-07-25,72,1,1,0,0,0,0,0,2022-12-31,study_end,889,0,889,0
11428,DPP4i,0,2019-10-03,61,0,1,0,0,0,1,0,2020-03-01,stop,150,0,1185,0
11431,DPP4i,0,2018-10-24,54,0,1,0,0,0,0,0,2020-03-01,switch,494,0,1529,0
11432,DPP4i,0,2020-07-17,71,1,1,0,0,0,0,0,2022-03-24,stop,615,0,897,0
11433,DPP4i,0,2016-10-02,39,1,0,0,0,0,1,0,2017-03-01,stop,150,0,2281,0
11434,DPP4i,0,2020-12-20,69,1,0,1,0,0,1,0,2022-12-31,study_end,741,0,741,0
11435,DPP4i,0,2018-04-23,50,1,1,0,0,0,1,1,2020-11-27,stop,949,0,1713,0
11437,SGLT2i,1,2019-09-28,63,0,0,0,0,0,0,0,2022-12-31,study_end,1190,0,1190,0
11443,SGLT2i,1,2017-12-12,53,1,1,0,0,0,1,0,2018-07-13,switch,213,0,1845,0
11445,SGLT2i,1,2020-11-04,51,1,1,0,1,1,1,0,2020-11-11,hhf,7,1,7,1
11448,DPP4i,0,2017-03-14,67,0,0,0,0,0,1,0,2017-03-15,death,1,0,1,0
11449,DPP4i,0,2018-03-25,54,0,1,0,0,0,1,0,2022-04-03,stop,1470,0,1742,0
11451,SGLT2i,1,2021-10-07,50,1,0,0,0,0,1,0,2022-12-31,study_end,450,0,450,0
11452,DPP4i,0,2017-12-28,56,0,0,0,0,0,1,0,2022-04-25,stop,1579,0,1829,0
11456,DPP4i,0,2021-06-11,76,0,0,0,1,0,1,0,2022-10-09,hhf,485,1,485,1
11458,DPP4i,0,2018-03-17,67,0,1,0,0,0,0,0,2021-10-29,stop,1322,0,1750,0
11461,DPP4i,0,2019-02-18,62,0,1,0,0,0,1,0,2021-05-26,stop,828,0,1412,0
11462,DPP4i,0,2021-12-25,53,0,0,0,0,0,1,1,2022-12-31,study_end,371,0,371,0
11464,DPP4i,0,2017-09-11,47,0,1,0,0,0,1,0,2022-07-07,stop,1760,0,1937,0
11466,DPP4i,0,2018-05-25,79,0,1,0,1,0,0,0,2022-03-17,stop,1392,0,1681,0
11467,SGLT2i,1,2020-08-26,57,0,0,1,0,0,1,1,2022-12-29,stop,855,0,857,0
11468,DPP4i,0,2017-07-23,48,0,0,0,0,0,1,1,2019-01-28,switch,554,0,1987,0
11469,DPP4i,0,2019-01-28,62,1,1,0,0,0,1,0,2022-12-31,study_end,1433,0,1433,0
11471,DPP4i,0,2019-11-01,62,0,1,0,0,0,0,0,2021-01-08,stop,434,0,1156,0
11473,DPP4i,0,2020-02-21,59,0,1,0,0,0,1,0,2020-06-20,stop,120,0,1044,0
11475,DPP4i,0,2021-04-30,57,0,0,0,0,0,1,1,2022-01-01,stop,246,0,610,0
11477,SGLT2i,1,2020-07-07,50,0,0,0,0,0,1,1,2022-12-31,study_end,907,0,907,0
11479,DPP4i,0,2019-01-21,55,1,1,1,0,0,0,0,2022-05-26,stop,1221,0,1440,0
11480,SGLT2i,1,2020-10-26,57,1,0,0,0,0,1,0,2022-03-09,stop,499,0,796,0
11481,DPP4i,0,2020-01-25,61,0,0,0,0,0,1,0,2022-02-27,stop,764,0,1071,0
11482,DPP4i,0,2021-03-29,54,0,1,0,0,0,1,0,2022-04-01,stop,368,0,642,0
11484,DPP4i,0,2016-03-21,51,1,0,0,0,0,0,0,2022-09-07,stop,2361,0,2476,0
11485,DPP4i,0,2021-08-18,61,0,1,0,0,0,1,0,2022-11-29,stop,468,0,500,0
11488,DPP4i,0,2021-12-18,63,1,0,0,0,1,0,0,2022-12-31,study_end,378,0,378,0
11490,DPP4i,0,2016-05-06,41,0,0,0,0,0,1,0,2020-03-31,stop,1425,0,2430,0
11492,DPP4i,0,2019-06-14,76,0,0,0,0,0,1,0,2019-09-12,stop,90,0,1296,0
11495,DPP4i,0,2018-07-18,39,0,1,0,0,0,1,0,2019-01-15,stop,181,0,1627,0
11497,DPP4i,0,2019-02-07,51,0,1,0,0,0,1,0,2022-03-13,stop,1130,0,1423,0
11498,DPP4i,0,2017-02-28,57,0,1,0,0,0,1,0,2017-07-28,stop,150,0,2132,0
11500,DPP4i,0,2019-08-09,57,1,0,0,0,0,1,0,2022-07-19,stop,1075,0,1240,0
11501,DPP4i,0,2020-05-29,70,0,1,1,0,1,0,0,2022-12-31,study_end,946,0,946,0
11502,DPP4i,0,2020-09-18,41,0,1,0,0,0,0,0,2022-12-31,study_end,834,0,834,0
11503,DPP4i,0,2018-02-06,69,1,1,0,0,0,1,0,2021-07-26,stop,1266,0,1789,0
11507,DPP4i,0,2019-05-09,42,0,1,0,0,0,1,0,2022-07-22,stop,1170,0,1332,0
11508,DPP4i,0,2016-11-18,60,1,1,0,0,0,1,0,2022-12-31,study_end,2234,0,2234,0
11509,DPP4i,0,2019-03-05,91,1,1,0,1,0,1,0,2021-05-02,death,789,0,789,0
11510,SGLT2i,1,2020-11-15,69,0,1,0,0,0,0,0,2021-03-15,stop,120,0,776,0
11513,SGLT2i,1,2021-08-27,71,0,1,0,0,1,0,1,2022-12-31,study_end,491,0,491,0
11515,DPP4i,0,2019-02-16,64,1,1,0,0,0,1,0,2019-08-16,stop,181,0,1414,0
11518,SGLT2i,1,2020-12-14,40,1,0,0,0,0,1,0,2022-12-31,study_end,747,0,747,0
11524,DPP4i,0,2018-11-08,49,0,1,0,0,0,1,1,2019-09-29,stop,325,0,1514,0
11525,DPP4i,0,2021-06-30,62,0,0,0,0,0,1,0,2022-12-31,study_end,549,0,549,0
11526,DPP4i,0,2019-03-28,46,0,0,0,0,0,1,0,2022-01-14,stop,1023,0,1374,0
11528,DPP4i,0,2020-11-26,59,1,0,0,0,0,1,0,2022-12-31,study_end,765,0,765,0
11530,DPP4i,0,2017-07-13,59,1,1,0,0,0,0,0,2022-12-31,study_end,1997,0,1997,0
11531,DPP4i,0,2021-04-28,56,0,0,0,0,0,1,0,2021-08-25,switch,119,0,612,0
11532,SGLT2i,1,2021-06-25,70,0,0,0,0,0,1,0,2022-05-22,stop,331,0,554,0
11534,DPP4i,0,2019-08-12,71,1,1,0,0,0,1,0,2022-12-31,study_end,1237,0,1237,0
11535,DPP4i,0,2018-01-09,62,0,1,0,0,0,0,0,2020-06-30,stop,903,0,1817,0
11539,DPP4i,0,2019-08-07,41,1,0,0,0,0,1,0,2022-12-31,study_end,1242,0,1242,0
11540,SGLT2i,1,2018-10-17,54,0,0,0,0,0,1,1,2019-04-20,stop,185,0,1536,0
11544,SGLT2i,1,2019-01-13,72,1,0,0,0,0,1,0,2019-05-13,stop,120,0,1448,0
11546,DPP4i,0,2016-08-04,59,0,1,0,0,0,1,0,2019-04-23,stop,992,0,2340,0
11548,DPP4i,0,2019-10-13,60,1,1,0,0,0,0,0,2022-12-31,study_end,1175,0,1175,0
11550,SGLT2i,1,2019-08-01,73,0,1,0,0,0,0,0,2022-12-24,stop,1241,0,1248,0
11551,SGLT2i,1,2017-06-19,68,1,1,0,0,0,0,0,2019-11-01,stop,865,0,2021,0
11552,DPP4i,0,2019-07-26,58,0,0,0,0,0,1,0,2019-12-23,stop,150,0,1254,0
11555,DPP4i,0,2018-10-04,63,0,1,0,0,0,1,0,2022-12-31,study_end,1549,0,1549,0
11556,DPP4i,0,2018-09-20,52,1,1,1,0,0,1,0,2022-12-31,study_end,1563,0,1563,0
11558,DPP4i,0,2017-04-26,52,1,1,0,0,0,1,0,2019-03-15,stop,688,0,2075,0
11560,DPP4i,0,2016-01-05,65,1,1,0,0,0,1,0,2020-09-05,stop,1705,0,2552,0
11561,DPP4i,0,2020-11-07,55,1,1,0,0,0,1,0,2022-12-31,study_end,784,0,784,0
11562,DPP4i,0,2016-03-24,66,0,1,0,0,0,1,0,2016-06-22,stop,90,0,2473,0
11563,DPP4i,0,2020-05-08,70,0,0,0,0,0,0,1,2021-04-12,hhf,339,1,339,1
11565,DPP4i,0,2018-02-14,67,0,1,0,0,0,1,0,2022-12-31,study_end,1781,0,1781,0
11567,SGLT2i,1,2021-08-26,33,0,0,0,0,0,1,0,2022-12-31,study_end,492,0,492,0
11574,DPP4i,0,2017-12-17,50,0,0,0,0,0,1,0,2022-12-31,study_end,1840,0,1840,0
11575,DPP4i,0,2020-08-31,46,0,0,0,0,0,0,0,2021-09-22,stop,387,0,852,0
11579,DPP4i,0,2016-07-28,80,1,1,0,1,0,1,0,2021-12-14,stop,1965,0,2347,0
11581,DPP4i,0,2016-03-23,86,0,1,0,0,0,1,0,2022-10-10,stop,2392,0,2474,0
11586,DPP4i,0,2020-01-30,64,0,0,0,0,0,1,0,2022-12-31,study_end,1066,0,1066,0
11587,DPP4i,0,2021-10-28,71,0,1,0,0,0,1,0,2022-12-31,study_end,429,0,429,0
11597,DPP4i,0,2019-03-17,72,1,1,0,0,0,1,1,2022-12-31,study_end,1385,0,1385,0
11598,SGLT2i,1,2021-10-18,33,0,0,0,0,0,1,0,2022-12-31,study_end,439,0,439,0
11600,DPP4i,0,2017-09-26,71,0,0,0,0,0,1,0,2020-02-05,stop,862,0,1922,0
11601,SGLT2i,1,2019-06-22,58,0,1,0,0,0,1,0,2020-03-15,stop,267,0,1288,0
11603,DPP4i,0,2017-11-14,58,0,1,0,0,0,1,0,2020-06-22,stop,951,0,1873,0
11604,DPP4i,0,2020-04-27,55,1,1,0,0,0,1,0,2022-12-31,study_end,978,0,978,0
11605,DPP4i,0,2016-02-18,68,0,1,0,0,0,1,0,2017-01-13,stop,330,0,2508,0
11606,DPP4i,0,2017-08-24,65,1,1,0,0,0,1,0,2018-08-29,switch,370,0,1955,0
11608,DPP4i,0,2016-10-28,51,0,1,0,0,0,1,0,2017-03-27,stop,150,0,2255,0
11613,DPP4i,0,2021-12-18,64,0,0,0,0,0,1,0,2022-09-27,stop,283,0,378,0
11617,DPP4i,0,2021-05-01,75,0,1,1,0,0,1,0,2022-12-31,study_end,609,0,609,0
11618,DPP4i,0,2017-08-01,73,1,1,0,0,0,1,0,2022-12-31,study_end,1978,0,1978,0
11619,DPP4i,0,2021-12-14,56,0,1,0,0,0,1,0,2022-12-31,study_end,382,0,382,0
11620,DPP4i,0,2021-03-19,48,1,1,0,0,0,1,1,2022-12-31,study_end,652,0,652,0
11626,SGLT2i,1,2018-10-05,64,0,0,0,0,0,0,0,2019-06-07,stop,245,0,1548,0
11628,DPP4i,0,2021-02-25,69,1,1,0,0,0,1,0,2022-05-26,switch,455,0,674,0
11629,DPP4i,0,2017-08-08,53,0,0,0,0,0,1,0,2021-06-29,stop,1421,0,1971,0
11630,DPP4i,0,2018-03-04,70,0,1,0,0,0,1,1,2018-05-06,switch,63,0,1763,0
11631,DPP4i,0,2018-09-05,47,0,1,0,0,0,1,0,2021-07-10,stop,1039,0,1578,0
11632,DPP4i,0,2020-09-12,47,1,0,0,0,0,1,0,2022-12-31,study_end,840,0,840,0
11635,DPP4i,0,2018-07-25,64,1,1,0,0,0,1,0,2019-10-06,stop,438,0,1620,0
11636,DPP4i,0,2016-10-16,87,1,0,0,0,0,1,0,2022-01-08,stop,1910,0,2267,0
11637,DPP4i,0,2021-06-10,83,0,1,0,0,0,1,0,2022-10-21,stop,498,0,569,0
11638,DPP4i,0,2021-01-13,64,0,0,0,0,0,1,0,2021-12-01,stop,322,0,717,0
11639,DPP4i,0,2017-03-09,31,0,0,0,0,0,0,0,2018-06-06,switch,454,0,2123,0
11640,SGLT2i,1,2017-06-02,32,0,0,0,0,0,1,0,2020-04-05,stop,1038,0,2038,0
11641,DPP4i,0,2020-10-29,75,0,1,1,0,0,1,0,2022-12-31,study_end,793,0,793,0
11644,DPP4i,0,2017-06-06,53,1,0,0,0,0,1,0,2018-02-01,stop,240,0,2034,0
11645,SGLT2i,1,2021-09-29,50,1,0,0,0,0,1,0,2022-12-31,study_end,458,0,458,0
11647,DPP4i,0,2016-11-16,67,0,1,0,1,0,1,0,2018-01-09,hhf,419,1,419,1
11648,DPP4i,0,2019-06-30,62,0,0,0,0,0,1,0,2022-12-31,study_end,1280,0,1280,0
11655,DPP4i,0,2021-02-10,77,1,1,0,0,0,1,1,2021-12-23,stop,316,0,689,0
11656,DPP4i,0,2021-04-18,70,0,1,0,0,1,1,0,2021-08-16,stop,120,0,622,0
11657,DPP4i,0,2019-11-13,68,0,1,0,1,0,0,0,2022-12-31,study_end,1144,0,1144,0
11662,DPP4i,0,2017-12-24,75,0,1,0,0,0,1,0,2019-08-04,stop,588,0,1833,0
11664,DPP4i,0,2017-10-24,69,0,1,0,0,0,1,0,2021-07-19,stop,1364,0,1894,0
11665,DPP4i,0,2020-11-09,46,1,1,0,0,0,1,0,2021-12-12,stop,398,0,782,0
11666,DPP4i,0,2018-03-19,69,0,1,0,0,0,1,0,2018-08-16,stop,150,0,1748,0
11667,DPP4i,0,2021-06-12,40,1,0,1,0,0,1,0,2022-06-30,stop,383,0,567,0
11671,DPP4i,0,2016-03-29,77,0,0,1,0,0,1,0,2021-10-26,stop,2037,0,2468,0
11675,DPP4i,0,2021-08-03,66,0,0,0,0,0,1,0,2022-12-31,study_end,515,0,515,0
11678,DPP4i,0,2016-06-25,56,1,1,0,0,0,1,0,2020-09-16,stop,1544,0,2380,0
11679,DPP4i,0,2018-04-15,69,0,1,0,0,0,0,0,2020-04-01,stop,717,0,1721,0
11682,SGLT2i,1,2019-04-13,60,0,1,0,0,0,1,0,2021-09-15,stop,886,0,1358,0
11683,DPP4i,0,2016-10-15,61,1,1,0,0,0,1,0,2019-09-04,stop,1054,0,1561,1
11686,DPP4i,0,2020-04-09,72,0,0,0,0,0,0,0,2022-12-31,study_end,996,0,996,0
11687,DPP4i,0,2021-07-02,66,1,1,0,1,0,1,0,2022-12-31,study_end,547,0,547,0
11688,DPP4i,0,2019-08-16,67,0,0,0,0,0,1,0,2022-12-31,study_end,1233,0,1233,0
11689,SGLT2i,1,2020-02-01,62,1,0,1,0,0,1,0,2021-05-27,stop,481,0,1064,0
11691,DPP4i,0,2021-01-08,56,0,1,0,0,0,1,0,2022-12-31,study_end,722,0,722,0
11694,DPP4i,0,2017-02-03,66,0,1,0,1,0,1,0,2021-02-27,stop,1485,0,2157,0
11696,DPP4i,0,2016-10-15,35,1,1,0,0,0,1,0,2017-01-13,stop,90,0,2268,0
11697,DPP4i,0,2016-07-11,72,0,1,0,0,0,1,0,2018-01-15,stop,553,0,1906,0
11700,SGLT2i,1,2018-06-22,63,0,0,0,0,0,1,0,2020-03-13,stop,630,0,1653,0
11702,DPP4i,0,2018-07-31,67,0,1,1,0,0,1,0,2018-10-29,stop,90,0,1614,0
11703,DPP4i,0,2020-01-17,58,0,1,0,0,0,1,0,2022-12-31,study_end,1079,0,1079,0
11704,DPP4i,0,2020-10-30,62,0,1,0,0,0,1,0,2021-07-13,stop,256,0,792,0
11706,DPP4i,0,2017-10-26,72,0,0,0,1,0,1,0,2020-04-02,switch,889,0,1892,0
11707,DPP4i,0,2021-12-20,65,0,0,1,0,0,1,0,2022-12-31,study_end,376,0,376,0
11709,DPP4i,0,2021-12-16,62,1,0,0,0,0,1,0,2022-04-26,hhf,131,1,131,1
11710,DPP4i,0,2016-12-10,66,1,1,0,0,0,1,0,2018-05-24,stop,530,0,2212,0
11711,DPP4i,0,2016-05-20,68,0,0,0,0,0,1,0,2017-12-07,stop,566,0,2416,0
11712,DPP4i,0,2019-06-16,78,0,1,1,0,0,1,0,2022-04-21,switch,1040,0,1294,0
11714,SGLT2i,1,2021-12-06,65,1,1,0,0,0,1,0,2022-12-31,study_end,390,0,390,0
11715,DPP4i,0,2021-03-08,73,0,1,0,0,0,1,1,2021-07-11,stop,125,0,385,1
11717,DPP4i,0,2019-04-24,82,1,1,0,1,0,1,1,2020-05-08,hhf,380,1,380,1
11718,DPP4i,0,2019-06-19,44,1,1,0,0,0,1,0,2019-11-16,stop,150,0,1291,0
11719,DPP4i,0,2018-05-29,76,1,1,0,1,0,1,0,2018-10-04,switch,128,0,132,1
11722,DPP4i,0,2017-11-21,51,0,0,0,0,0,1,0,2022-12-31,study_end,1866,0,1866,0
11723,DPP4i,0,2021-07-04,53,0,0,0,0,0,1,0,2022-12-31,study_end,545,0,545,0
11724,DPP4i,0,2020-04-19,70,0,1,0,0,0,0,0,2022-12-31,study_end,986,0,986,0
11727,DPP4i,0,2021-09-16,51,0,0,0,0,0,1,0,2022-12-31,study_end,471,0,471,0
11728,DPP4i,0,2018-03-15,76,1,1,1,1,0,1,0,2019-05-19,stop,430,0,1752,0
11731,SGLT2i,1,2018-05-25,43,0,0,0,0,0,0,0,2019-03-17,stop,296,0,1681,0
11733,DPP4i,0,2019-05-21,61,0,1,0,0,0,1,0,2022-02-03,switch,989,0,1320,0
11734,DPP4i,0,2018-07-20,80,0,0,0,0,0,1,0,2022-12-31,study_end,1625,0,1625,0
11736,SGLT2i,1,2018-06-10,43,1,1,0,0,0,1,0,2022-09-01,stop,1544,0,1665,0
11738,DPP4i,0,2017-07-16,49,0,0,0,0,0,1,0,2017-12-19,stop,156,0,1994,0
11739,DPP4i,0,2019-07-31,87,1,1,0,0,1,1,0,2022-12-31,study_end,1249,0,1249,0
11740,DPP4i,0,2020-05-12,38,0,0,0,0,0,1,0,2022-12-31,study_end,963,0,963,0
11743,DPP4i,0,2021-01-29,59,1,0,0,0,0,0,0,2021-07-08,stop,160,0,701,0
11744,SGLT2i,1,2021-09-09,59,1,1,0,0,0,1,0,2022-12-29,stop,476,0,478,0
11747,DPP4i,0,2020-08-30,52,1,0,0,0,0,1,0,2022-12-31,study_end,853,0,853,0
11751,DPP4i,0,2019-05-10,55,1,1,1,0,0,0,0,2021-04-29,stop,720,0,1331,0
11753,SGLT2i,1,2020-07-09,59,1,1,1,1,0,0,0,2022-11-04,stop,848,0,905,0
11754,DPP4i,0,2020-11-16,73,1,1,1,0,0,1,0,2021-07-17,stop,243,0,775,0
11755,DPP4i,0,2016-05-26,74,1,0,0,0,0,1,0,2018-11-13,stop,901,0,2410,0
11758,DPP4i,0,2019-04-05,53,0,0,0,0,0,0,1,2021-08-12,stop,860,0,1366,0
11761,DPP4i,0,2020-03-02,46,0,0,1,0,0,0,0,2022-12-31,study_end,1034,0,1034,0
11763,DPP4i,0,2018-05-21,65,0,0,0,0,0,0,0,2022-12-31,study_end,1685,0,1685,0
11764,DPP4i,0,2021-11-18,62,0,0,0,1,0,1,0,2022-12-31,study_end,408,0,408,0
11765,DPP4i,0,2021-06-27,48,1,0,0,0,0,1,0,2022-12-05,stop,526,0,552,0
11768,DPP4i,0,2018-10-28,73,0,0,1,0,0,1,0,2019-05-07,stop,191,0,1525,0
11770,DPP4i,0,2017-12-30,50,0,1,0,0,0,1,0,2018-04-29,stop,120,0,1827,0
11771,SGLT2i,1,2019-06-11,64,0,1,0,0,0,1,0,2022-12-31,study_end,1299,0,1299,0
11772,SGLT2i,1,2021-02-08,42,1,1,0,0,0,0,0,2022-12-31,study_end,691,0,691,0
11773,SGLT2i,1,2021-10-06,62,1,1,0,0,0,0,0,2022-12-31,study_end,451,0,451,0
11775,DPP4i,0,2021-12-03,55,1,1,0,0,0,1,0,2022-02-28,switch,87,0,393,0
11777,DPP4i,0,2020-04-09,79,0,1,1,0,0,1,0,2020-06-01,switch,53,0,996,0
11780,DPP4i,0,2021-09-01,84,0,0,1,0,1,1,0,2022-12-31,study_end,486,0,486,0
11781,DPP4i,0,2021-07-07,93,1,1,0,0,0,1,0,2021-10-05,stop,90,0,542,0
11787,DPP4i,0,2019-02-23,72,0,1,0,0,0,0,0,2022-12-31,study_end,1407,0,1407,0
11789,DPP4i,0,2020-08-29,73,1,1,0,0,1,1,0,2021-01-26,stop,150,0,854,0
11790,DPP4i,0,2021-11-24,53,1,0,0,0,0,1,0,2022-12-31,study_end,402,0,402,0
11793,SGLT2i,1,2019-07-27,62,1,1,0,0,0,0,0,2022-12-31,study_end,1253,0,1253,0
11794,DPP4i,0,2019-06-20,56,0,1,1,0,0,1,0,2022-12-31,study_end,1290,0,1290,0
11795,DPP4i,0,2017-08-31,61,0,1,0,0,0,1,0,2018-04-28,stop,240,0,1948,0
11797,DPP4i,0,2020-08-26,63,0,1,0,0,0,1,0,2022-12-31,study_end,857,0,857,0
11799,DPP4i,0,2017-05-27,77,1,1,0,0,0,1,0,2019-11-16,stop,903,0,1801,0
11801,DPP4i,0,2019-01-10,76,0,1,0,0,0,0,0,2021-12-01,stop,1056,0,1451,0
11802,DPP4i,0,2021-06-29,61,0,0,0,0,0,1,0,2022-12-31,study_end,550,0,550,0
11803,DPP4i,0,2017-10-10,79,0,0,0,0,0,1,1,2021-10-22,stop,1473,0,1908,0
11808,DPP4i,0,2018-10-03,59,1,0,0,0,0,1,0,2021-07-06,stop,1007,0,1550,0
11812,DPP4i,0,2018-04-07,74,0,0,0,0,1,1,0,2018-05-09,death,32,0,32,0
11814,DPP4i,0,2020-01-22,42,0,1,0,0,0,1,0,2020-06-08,switch,138,0,1074,0
11815,DPP4i,0,2017-05-28,60,0,0,0,0,0,0,0,2019-02-05,stop,618,0,2043,0
11816,DPP4i,0,2020-05-01,70,1,1,0,0,0,1,0,2020-07-30,stop,90,0,974,0
11817,DPP4i,0,2017-01-31,86,0,1,1,1,0,1,0,2017-07-27,switch,177,0,1907,0
11818,DPP4i,0,2019-06-05,61,0,1,0,0,0,1,0,2019-10-05,stop,122,0,1305,0
11820,DPP4i,0,2020-02-24,69,0,1,0,0,0,1,0,2021-07-21,stop,513,0,1041,0
11824,DPP4i,0,2017-10-09,55,1,1,0,0,0,0,0,2021-07-26,stop,1386,0,1909,0
11825,SGLT2i,1,2018-07-05,68,1,1,0,0,0,1,0,2019-01-29,stop,208,0,1640,0
11826,DPP4i,0,2021-03-03,46,0,1,0,0,0,1,0,2022-12-31,study_end,668,0,668,0
11827,DPP4i,0,2016-08-16,81,1,0,0,0,0,1,0,2018-07-26,stop,709,0,2328,0
11828,DPP4i,0,2019-08-26,69,1,1,1,0,0,1,0,2022-12-31,study_end,1223,0,1223,0
11829,DPP4i,0,2019-03-05,53,1,1,0,0,0,1,1,2022-12-31,study_end,1397,0,1397,0
11831,DPP4i,0,2021-05-14,54,1,1,1,1,0,1,0,2022-12-31,study_end,596,0,596,0
11832,DPP4i,0,2020-03-11,59,0,1,0,0,0,1,0,2022-02-15,switch,706,0,1025,0
11833,DPP4i,0,2021-06-26,79,1,1,0,1,1,1,0,2021-11-25,stop,152,0,553,0
11835,DPP4i,0,2017-10-22,69,0,1,0,0,0,0,0,2022-12-31,study_end,1896,0,1896,0
11837,SGLT2i,1,2018-06-12,60,0,0,0,0,0,0,0,2019-02-14,stop,247,0,1663,0
11841,DPP4i,0,2017-10-03,67,0,1,0,0,0,1,0,2020-01-09,stop,828,0,1915,0
11843,DPP4i,0,2018-08-24,86,0,0,1,0,0,1,0,2019-08-01,death,342,0,342,0
11845,DPP4i,0,2017-08-27,53,0,1,0,0,0,1,0,2020-04-25,switch,972,0,1952,0
11846,DPP4i,0,2018-08-06,75,1,1,0,0,0,1,0,2019-01-09,stop,156,0,1608,0
11847,SGLT2i,1,2020-04-07,54,0,0,1,0,0,1,0,2022-05-12,stop,765,0,998,0
11848,DPP4i,0,2020-11-09,75,1,1,0,0,0,1,0,2021-09-16,stop,311,0,782,0
11852,DPP4i,0,2021-12-02,48,1,1,0,0,0,1,0,2022-12-31,study_end,394,0,394,0
11858,DPP4i,0,2020-02-11,77,1,1,1,0,0,1,0,2020-10-27,stop,259,0,850,0
11859,SGLT2i,1,2017-11-17,43,0,0,0,0,0,1,0,2020-09-14,stop,1032,0,1870,0
11862,DPP4i,0,2021-11-02,56,0,1,0,0,0,1,0,2022-04-01,stop,150,0,424,0
11864,DPP4i,0,2018-10-04,64,0,1,0,0,0,0,0,2022-12-31,study_end,1549,0,1549,0
11866,DPP4i,0,2017-05-24,50,1,1,0,0,0,1,0,2022-12-31,study_end,2047,0,2047,0
11867,SGLT2i,1,2020-06-21,44,0,0,0,0,0,1,0,2021-12-01,stop,528,0,923,0
11868,SGLT2i,1,2021-06-24,53,1,1,0,0,0,1,0,2022-12-31,study_end,555,0,555,0
11869,DPP4i,0,2016-06-25,46,0,0,0,0,0,1,0,2018-01-04,switch,558,0,2380,0
11871,DPP4i,0,2021-08-05,48,1,0,0,0,0,1,0,2022-01-02,stop,150,0,513,0
11874,SGLT2i,1,2019-10-18,65,0,1,1,0,0,1,0,2021-01-20,stop,460,0,1170,0
11875,DPP4i,0,2018-04-28,63,0,1,0,0,0,1,0,2018-09-25,stop,150,0,1708,0
11876,DPP4i,0,2020-08-02,55,0,1,0,0,0,1,0,2022-10-03,stop,792,0,881,0
11877,DPP4i,0,2018-06-18,51,0,1,1,0,0,1,0,2019-01-21,stop,217,0,1657,0
11878,DPP4i,0,2020-09-30,54,1,1,0,0,0,1,0,2022-12-31,study_end,822,0,822,0
11879,DPP4i,0,2020-02-07,50,1,0,0,0,0,1,0,2021-10-19,switch,620,0,1058,0
11880,DPP4i,0,2017-03-29,80,0,0,1,0,0,1,0,2020-12-24,stop,1366,0,2103,0
11885,DPP4i,0,2017-05-08,50,1,0,0,0,0,1,0,2022-12-31,study_end,2063,0,2063,0
11888,DPP4i,0,2020-08-04,58,0,1,0,0,0,0,0,2021-07-17,switch,347,0,879,0
11890,DPP4i,0,2020-06-13,65,1,1,0,0,0,1,1,2022-12-31,study_end,931,0,931,0
11891,DPP4i,0,2018-05-18,75,1,1,1,0,0,1,0,2021-08-22,hhf,1192,1,1192,1
11892,DPP4i,0,2016-08-14,69,0,1,0,0,0,1,0,2022-12-31,study_end,2330,0,2330,0
11893,DPP4i,0,2019-10-13,60,0,1,0,0,0,0,1,2021-02-20,stop,496,0,1144,0
11896,DPP4i,0,2016-09-18,76,1,1,0,0,0,1,0,2022-12-31,study_end,2295,0,2295,0
11897,DPP4i,0,2020-06-13,73,1,0,1,0,0,1,0,2021-11-23,stop,528,0,931,0
11902,DPP4i,0,2017-09-05,55,0,1,0,0,0,1,0,2022-11-29,stop,1911,0,1943,0
11903,SGLT2i,1,2021-05-07,52,0,1,0,0,0,1,0,2022-12-31,study_end,603,0,603,0
11904,SGLT2i,1,2020-03-14,48,1,1,0,0,0,1,0,2021-02-11,stop,334,0,1022,0
11905,DPP4i,0,2021-06-17,57,1,1,0,0,0,1,0,2022-02-05,switch,233,0,562,0
11907,DPP4i,0,2019-02-02,52,1,0,0,0,0,1,0,2020-02-23,stop,386,0,1428,0
11908,DPP4i,0,2021-12-08,60,0,0,0,0,0,1,0,2022-12-31,study_end,388,0,388,0
11911,DPP4i,0,2020-11-03,63,1,0,0,0,0,1,0,2022-12-31,study_end,788,0,788,0
11915,SGLT2i,1,2021-09-03,71,0,1,0,0,0,1,0,2022-12-31,study_end,484,0,484,0
11917,SGLT2i,1,2018-09-29,57,1,1,0,0,0,0,0,2021-11-17,stop,1145,0,1554,0
11922,DPP4i,0,2021-08-05,66,1,1,0,0,0,1,0,2022-12-31,study_end,513,0,513,0
11928,DPP4i,0,2016-01-22,77,0,1,0,0,0,1,0,2017-04-28,stop,462,0,2535,0
11930,DPP4i,0,2021-05-06,74,0,1,0,0,0,0,0,2022-12-31,study_end,604,0,604,0
11931,DPP4i,0,2020-08-28,71,1,0,0,0,0,1,1,2022-02-25,stop,546,0,855,0
11932,DPP4i,0,2017-04-21,59,0,0,0,0,0,1,0,2019-01-21,stop,640,0,2080,0
11934,DPP4i,0,2018-01-25,65,1,0,0,0,0,0,0,2021-08-25,stop,1308,0,1801,0
11935,DPP4i,0,2021-03-19,90,1,1,1,0,1,1,0,2021-03-27,death,8,0,8,0
11936,DPP4i,0,2018-02-15,78,1,1,0,0,0,1,0,2022-12-31,study_end,1780,0,1780,0
11937,DPP4i,0,2017-12-13,47,1,0,1,0,0,1,0,2021-03-06,stop,1179,0,1844,0
11938,DPP4i,0,2020-02-16,76,1,1,1,0,0,1,1,2022-12-31,study_end,1049,0,1049,0
11939,DPP4i,0,2021-05-12,69,1,0,0,0,1,1,0,2022-12-31,study_end,598,0,598,0
11940,SGLT2i,1,2019-03-15,45,1,1,0,0,0,0,0,2021-03-18,stop,734,0,1387,0
11942,DPP4i,0,2020-06-17,49,1,0,0,0,0,1,0,2022-06-30,stop,743,0,927,0
11945,DPP4i,0,2019-10-22,64,0,0,0,0,0,0,0,2020-12-31,stop,436,0,1166,0
11947,DPP4i,0,2016-08-12,37,1,1,0,0,0,1,1,2016-11-09,switch,89,0,2332,0
11948,DPP4i,0,2019-07-08,66,0,0,0,1,0,1,0,2021-07-02,switch,725,0,1272,0
11949,SGLT2i,1,2018-01-04,70,1,1,1,0,0,1,0,2018-09-07,stop,246,0,1822,0
11950,DPP4i,0,2016-01-11,79,0,1,0,0,0,1,0,2016-03-13,hhf,62,1,62,1
11952,DPP4i,0,2017-01-29,60,1,0,1,0,0,1,0,2022-12-31,study_end,2162,0,2162,0
11955,DPP4i,0,2016-10-26,80,0,0,1,0,0,1,0,2022-12-31,study_end,2257,0,2257,0
11957,SGLT2i,1,2021-11-25,54,0,1,1,0,0,1,0,2022-12-31,study_end,401,0,401,0
11959,DPP4i,0,2021-05-27,69,0,1,0,0,0,1,0,2022-12-31,study_end,583,0,583,0
11960,DPP4i,0,2017-06-21,52,0,0,0,0,0,1,0,2017-12-23,switch,185,0,2019,0
11961,DPP4i,0,2018-03-11,53,0,1,0,1,0,1,0,2020-10-16,switch,950,0,1756,0
11962,DPP4i,0,2016-04-15,42,0,0,0,0,0,0,0,2016-12-16,stop,245,0,2451,0
11965,DPP4i,0,2021-11-05,72,0,1,1,0,0,0,0,2022-04-04,stop,150,0,421,0
11966,DPP4i,0,2018-10-20,46,0,1,0,0,0,1,0,2019-06-27,stop,250,0,1533,0
11967,DPP4i,0,2018-02-04,74,1,1,0,1,0,1,0,2019-09-21,hhf,594,1,594,1
11968,DPP4i,0,2020-05-23,60,1,1,0,0,0,1,0,2022-12-31,study_end,952,0,952,0
11969,DPP4i,0,2020-09-06,60,0,0,1,1,0,1,0,2022-10-11,stop,765,0,846,0
11971,DPP4i,0,2021-03-08,73,0,1,0,0,0,1,0,2021-07-06,stop,120,0,663,0
11972,DPP4i,0,2021-03-21,48,1,1,0,1,0,1,1,2022-12-31,study_end,650,0,650,0
11973,DPP4i,0,2021-10-12,70,0,0,0,0,0,1,0,2022-12-31,study_end,445,0,445,0
11980,DPP4i,0,2019-05-21,56,0,0,0,0,0,0,0,2019-10-18,stop,150,0,1320,0
11981,DPP4i,0,2021-03-31,48,1,1,0,1,0,1,0,2021-12-01,switch,245,0,640,0
11983,DPP4i,0,2019-08-30,70,0,1,0,0,0,1,0,2021-08-18,hhf,719,1,719,1
11984,DPP4i,0,2019-04-09,67,0,1,1,0,0,1,0,2020-10-27,stop,567,0,1362,0
11985,DPP4i,0,2019-01-18,27,1,1,0,0,0,1,0,2022-12-31,study_end,1443,0,1443,0
11988,DPP4i,0,2016-03-25,54,1,0,0,0,0,1,0,2017-08-19,switch,512,0,2472,0
11989,DPP4i,0,2019-03-31,68,1,1,0,0,0,1,0,2021-11-08,stop,953,0,1371,0
11990,DPP4i,0,2021-05-08,57,0,1,1,0,0,1,0,2021-08-06,stop,90,0,602,0
11992,DPP4i,0,2016-08-02,46,1,0,0,0,0,1,0,2018-09-01,stop,760,0,2342,0
11994,DPP4i,0,2020-07-03,66,1,1,1,0,0,1,0,2021-05-03,stop,304,0,911,0
11996,SGLT2i,1,2020-07-03,55,0,0,0,0,0,1,0,2022-12-31,study_end,911,0,911,0
11997,DPP4i,0,2017-06-07,64,1,0,1,0,1,1,1,2017-08-21,death,75,0,75,0
11998,DPP4i,0,2021-07-22,74,0,1,0,0,0,0,1,2022-12-31,study_end,527,0,527,0
11999,DPP4i,0,2016-02-20,75,0,0,0,0,0,1,0,2020-10-17,stop,1701,0,2506,0
12000,DPP4i,0,2019-03-01,61,1,1,0,0,0,1,0,2022-02-17,stop,1084,0,1401,0
12002,DPP4i,0,2020-06-03,50,0,0,0,0,0,1,0,2022-12-31,study_end,941,0,941,0
12003,DPP4i,0,2016-06-19,65,0,1,0,0,0,1,0,2017-11-27,stop,526,0,2386,0
12005,DPP4i,0,2017-11-15,57,0,1,0,0,0,1,0,2019-05-16,stop,547,0,1872,0
12006,DPP4i,0,2019-09-09,43,1,0,0,0,0,1,0,2021-02-18,stop,528,0,1209,0
12009,DPP4i,0,2021-06-12,69,0,1,0,0,0,1,0,2022-12-31,study_end,567,0,567,0
12010,DPP4i,0,2021-09-25,49,0,0,1,0,0,0,0,2022-12-31,study_end,462,0,462,0
12012,DPP4i,0,2016-10-05,62,0,1,0,0,0,1,0,2019-03-24,stop,900,0,2278,0
12013,DPP4i,0,2021-11-30,59,1,1,0,0,0,0,0,2022-12-31,study_end,396,0,396,0
12014,DPP4i,0,2020-10-03,78,1,0,0,0,0,1,0,2022-02-26,switch,511,0,819,0
12018,SGLT2i,1,2021-12-26,63,0,0,0,0,0,1,0,2022-12-31,study_end,370,0,370,0
12021,DPP4i,0,2016-08-08,70,0,0,0,0,0,1,0,2022-12-31,study_end,2336,0,2336,0
12022,SGLT2i,1,2018-11-17,81,0,1,1,1,0,0,0,2020-07-07,hhf,598,1,598,1
12024,DPP4i,0,2021-03-12,80,0,1,1,0,0,0,0,2022-12-31,study_end,659,0,659,0
12028,DPP4i,0,2019-04-04,55,1,1,0,0,0,1,0,2022-12-31,study_end,1367,0,1367,0
12029,DPP4i,0,2021-08-13,61,0,1,0,0,0,1,0,2022-12-31,study_end,505,0,505,0
12031,DPP4i,0,2020-09-16,58,1,0,0,0,0,1,0,2021-03-19,stop,184,0,836,0
12032,DPP4i,0,2017-12-04,51,0,1,0,0,0,1,0,2019-12-24,switch,750,0,1853,0
12033,SGLT2i,1,2017-06-25,84,1,1,1,0,0,1,0,2018-08-07,switch,408,0,2015,0
12035,DPP4i,0,2021-12-08,43,0,0,0,0,0,1,0,2022-12-31,study_end,388,0,388,0
12036,DPP4i,0,2019-05-13,45,1,0,0,0,0,1,0,2022-12-31,study_end,1328,0,1328,0
12037,DPP4i,0,2021-02-20,69,0,0,0,0,1,1,0,2022-12-31,study_end,679,0,679,0
12038,DPP4i,0,2016-03-16,75,1,1,0,0,0,1,0,2019-09-15,stop,1278,0,2481,0
12041,DPP4i,0,2021-05-17,57,1,1,0,0,0,1,0,2022-12-31,study_end,593,0,593,0
12042,DPP4i,0,2016-05-09,40,0,0,1,1,0,1,0,2019-03-17,stop,1042,0,2427,0
12044,SGLT2i,1,2019-03-21,58,0,0,0,0,0,0,0,2022-12-31,study_end,1381,0,1381,0
12045,DPP4i,0,2018-08-19,47,1,1,0,0,0,1,1,2022-12-31,study_end,1595,0,1595,0
12048,DPP4i,0,2017-05-06,60,0,0,0,0,0,1,0,2022-12-31,study_end,2065,0,2065,0
12052,DPP4i,0,2020-11-03,38,0,0,0,0,0,1,0,2021-05-11,stop,189,0,788,0
12054,SGLT2i,1,2019-07-24,62,0,1,0,0,0,1,0,2022-12-31,study_end,1256,0,1256,0
12055,DPP4i,0,2017-10-15,41,1,1,1,0,0,0,0,2021-02-09,stop,1213,0,1903,0
12056,DPP4i,0,2016-08-31,65,1,1,0,0,0,1,0,2017-09-03,stop,368,0,2313,0
12059,DPP4i,0,2018-04-25,66,1,1,0,0,1,1,0,2022-12-31,study_end,1711,0,1711,0
12065,DPP4i,0,2016-05-27,42,0,1,0,0,0,1,0,2022-12-31,study_end,2409,0,2409,0
12066,DPP4i,0,2018-07-12,53,0,0,1,0,0,1,0,2019-10-01,stop,446,0,1633,0
12071,DPP4i,0,2021-12-31,44,1,0,0,0,0,0,0,2022-10-13,stop,286,0,365,0
12072,DPP4i,0,2021-06-05,60,0,1,1,0,0,1,0,2021-11-02,stop,150,0,574,0
12073,DPP4i,0,2016-05-28,94,0,1,0,0,0,1,1,2020-04-20,death,1423,0,1423,0
12075,DPP4i,0,2021-01-21,55,1,0,0,0,0,0,0,2022-12-31,study_end,709,0,709,0
12076,DPP4i,0,2019-08-21,57,0,0,0,0,0,1,0,2022-12-31,study_end,1228,0,1228,0
12077,DPP4i,0,2020-03-30,89,0,1,1,0,0,1,0,2022-12-31,study_end,1006,0,1006,0
12078,SGLT2i,1,2020-05-02,70,0,1,0,1,0,0,0,2022-12-31,study_end,973,0,973,0
12080,DPP4i,0,2019-12-19,73,1,1,0,0,0,0,0,2022-12-25,stop,1102,0,1108,0
12083,DPP4i,0,2020-10-10,65,0,1,0,0,0,1,0,2022-12-31,study_end,812,0,812,0
12085,DPP4i,0,2018-07-12,63,1,1,0,0,0,0,0,2019-01-08,stop,180,0,1633,0
12086,DPP4i,0,2020-12-05,41,1,0,0,0,0,1,0,2022-12-31,study_end,756,0,756,0
12087,SGLT2i,1,2021-11-24,52,0,0,0,0,0,1,0,2022-12-29,stop,400,0,402,0
12090,DPP4i,0,2019-06-08,51,0,1,0,0,0,0,0,2020-05-08,stop,335,0,1302,0
12093,DPP4i,0,2018-06-20,57,1,1,0,0,0,1,1,2021-04-29,stop,1044,0,1655,0
12094,DPP4i,0,2019-10-28,68,0,1,1,0,0,1,0,2021-07-21,stop,632,0,1160,0
12095,DPP4i,0,2021-03-06,65,1,1,0,0,0,1,0,2021-03-29,switch,23,0,665,0
12098,SGLT2i,1,2018-05-12,78,0,1,0,0,0,1,0,2022-12-31,study_end,1694,0,1694,0
12099,DPP4i,0,2016-11-21,44,0,0,0,0,0,0,0,2017-04-20,stop,150,0,2231,0
12100,DPP4i,0,2016-07-17,49,0,0,0,0,0,1,0,2022-11-20,stop,2317,0,2358,0
12101,DPP4i,0,2017-09-06,43,0,1,0,0,0,1,0,2021-10-20,stop,1505,0,1942,0
12103,DPP4i,0,2016-03-05,59,0,1,0,0,0,0,0,2016-08-02,stop,150,0,2492,0
12105,DPP4i,0,2018-01-06,70,0,1,0,0,0,1,0,2020-11-04,stop,1033,0,1820,0
12106,DPP4i,0,2019-07-15,52,0,0,0,0,1,1,1,2019-11-13,switch,121,0,1265,0
12108,DPP4i,0,2020-12-20,79,0,1,0,0,0,0,0,2022-08-06,stop,594,0,741,0
12109,DPP4i,0,2021-12-04,56,1,1,0,0,0,1,0,2022-12-31,study_end,392,0,392,0
12110,DPP4i,0,2020-01-22,79,0,1,1,0,0,1,0,2020-04-21,stop,90,0,1074,0
12111,DPP4i,0,2016-11-27,45,1,0,0,0,0,1,0,2017-06-06,stop,191,0,2225,0
12112,DPP4i,0,2016-05-18,52,0,1,0,0,0,1,0,2017-02-19,stop,277,0,2418,0
12114,DPP4i,0,2019-07-20,36,0,1,0,0,0,1,0,2022-12-31,study_end,1260,0,1260,0
12115,DPP4i,0,2021-04-05,71,1,0,0,0,0,1,0,2022-12-31,study_end,635,0,635,0
12116,SGLT2i,1,2019-10-15,69,1,0,0,0,1,1,0,2022-12-31,study_end,1173,0,1173,0
12121,DPP4i,0,2019-04-28,53,1,1,0,0,0,1,0,2019-10-06,switch,161,0,1343,0
12122,DPP4i,0,2019-08-07,66,0,1,0,0,0,1,0,2022-08-26,switch,1115,0,1242,0
12123,DPP4i,0,2018-07-18,72,0,1,0,0,0,1,0,2022-12-31,study_end,1627,0,1627,0
12125,SGLT2i,1,2018-06-03,48,1,1,0,0,0,1,0,2018-10-01,stop,120,0,1672,0
12126,DPP4i,0,2016-12-30,58,0,1,0,0,0,1,0,2018-12-23,stop,723,0,2192,0
12127,SGLT2i,1,2018-06-24,62,0,0,0,0,0,1,0,2018-11-21,stop,150,0,1651,0
12128,DPP4i,0,2019-04-10,87,1,1,0,0,0,1,0,2021-05-17,stop,768,0,1361,0
12130,DPP4i,0,2021-08-23,58,1,0,0,0,0,0,0,2022-12-31,study_end,495,0,495,0
12132,SGLT2i,1,2019-12-19,56,0,1,0,0,0,1,0,2020-12-20,switch,367,0,1108,0
12133,DPP4i,0,2016-09-17,56,0,0,0,0,0,0,0,2022-12-31,study_end,2296,0,2296,0
12137,SGLT2i,1,2021-12-17,41,1,0,0,0,0,1,0,2022-12-31,study_end,379,0,379,0
12139,DPP4i,0,2017-10-27,58,0,1,0,0,0,1,0,2018-05-02,stop,187,0,1891,0
12141,SGLT2i,1,2017-12-17,34,1,0,0,0,0,1,0,2018-03-12,switch,85,0,1840,0
12143,DPP4i,0,2016-10-13,63,1,1,0,0,0,1,0,2017-09-05,switch,327,0,2270,0
12144,DPP4i,0,2020-06-17,68,1,1,0,1,0,0,0,2020-09-15,stop,90,0,927,0
12145,DPP4i,0,2021-11-18,67,1,1,0,0,0,1,0,2022-12-31,study_end,408,0,408,0
12146,DPP4i,0,2017-09-15,65,0,1,0,0,0,1,1,2019-06-15,switch,638,0,1933,0
12147,DPP4i,0,2019-08-05,62,1,0,0,0,0,1,0,2022-12-16,stop,1229,0,1244,0
12148,SGLT2i,1,2021-06-01,68,0,1,0,0,0,1,0,2022-12-31,study_end,578,0,578,0
12151,DPP4i,0,2018-06-02,48,1,1,0,0,0,1,0,2022-01-31,stop,1339,0,1673,0
12152,DPP4i,0,2016-12-06,66,1,1,1,0,0,1,0,2017-08-09,stop,246,0,2216,0
12153,DPP4i,0,2018-01-12,55,1,1,0,0,0,0,0,2021-04-15,stop,1189,0,1814,0
12155,DPP4i,0,2017-08-18,75,0,0,1,0,0,1,0,2018-01-15,stop,150,0,1961,0
12156,DPP4i,0,2017-09-10,64,0,1,1,0,0,1,0,2021-07-09,stop,1398,0,1938,0
12158,DPP4i,0,2018-07-04,78,0,1,0,0,0,1,0,2021-04-16,stop,1017,0,1337,0
12159,DPP4i,0,2017-06-29,44,0,0,0,0,0,1,0,2018-05-05,stop,310,0,2011,0
12160,DPP4i,0,2020-04-09,73,1,1,1,0,0,1,0,2020-08-27,switch,140,0,996,0
12162,DPP4i,0,2018-09-15,67,0,1,0,0,0,0,0,2019-09-30,hhf,380,1,380,1
12163,DPP4i,0,2018-04-21,68,0,1,1,0,0,0,0,2019-03-20,stop,333,0,1715,0
12165,SGLT2i,1,2020-11-12,49,1,1,0,0,0,0,0,2022-01-22,stop,436,0,779,0
12166,DPP4i,0,2018-12-21,60,1,1,0,0,0,1,0,2022-01-11,stop,1117,0,1471,0
12167,SGLT2i,1,2021-10-15,45,0,1,0,1,0,1,0,2022-12-31,study_end,442,0,442,0
12168,DPP4i,0,2016-11-01,78,0,1,0,0,0,0,0,2017-12-08,switch,402,0,2251,0
12169,DPP4i,0,2019-04-21,73,0,1,0,0,0,1,0,2021-06-08,stop,779,0,1350,0
12170,DPP4i,0,2021-12-17,66,0,1,0,0,0,1,0,2022-12-31,study_end,379,0,379,0
12173,DPP4i,0,2021-07-04,42,0,1,0,0,0,1,0,2022-12-31,study_end,545,0,545,0
12174,DPP4i,0,2016-06-30,49,1,1,0,0,0,1,0,2022-11-21,stop,2335,0,2375,0
12176,DPP4i,0,2017-07-11,68,1,1,0,0,0,1,0,2022-12-31,study_end,1999,0,1999,0
12177,DPP4i,0,2020-02-19,60,1,0,0,0,0,1,0,2021-04-15,switch,421,0,1046,0
12180,DPP4i,0,2017-12-10,63,1,0,1,0,0,1,1,2021-12-03,hhf,1454,1,1454,1
12182,DPP4i,0,2019-04-10,65,1,1,0,0,0,1,0,2020-10-05,switch,544,0,1361,0
12183,SGLT2i,1,2019-08-29,84,0,1,0,0,0,1,0,2022-08-14,stop,1081,0,1220,0
12185,DPP4i,0,2019-02-16,61,0,0,0,0,0,1,1,2022-09-23,switch,1315,0,1414,0
12189,DPP4i,0,2017-03-03,46,1,1,0,0,0,1,0,2018-03-09,stop,371,0,2129,0
12190,DPP4i,0,2016-08-12,47,0,1,0,0,0,1,0,2018-03-27,stop,592,0,2332,0
12191,DPP4i,0,2020-12-05,73,1,0,0,0,0,1,0,2022-11-27,stop,722,0,756,0
12193,SGLT2i,1,2019-04-29,52,0,1,0,0,0,0,0,2022-12-31,study_end,1342,0,1342,0
12195,DPP4i,0,2021-05-19,62,0,0,0,0,0,0,1,2022-12-31,study_end,591,0,591,0
12197,DPP4i,0,2019-12-05,48,0,0,0,0,0,1,0,2022-08-26,stop,995,0,1122,0
12198,DPP4i,0,2020-11-08,47,1,0,1,0,0,1,0,2022-12-31,study_end,783,0,783,0
12199,DPP4i,0,2021-05-25,62,0,1,0,0,0,1,0,2022-12-31,study_end,585,0,585,0
12200,DPP4i,0,2016-08-03,72,0,0,1,0,0,1,0,2017-06-19,switch,320,0,2341,0
12201,SGLT2i,1,2017-10-15,51,0,1,0,0,0,1,0,2021-12-09,stop,1516,0,1884,1
12202,DPP4i,0,2019-07-08,49,1,1,0,0,0,1,0,2022-12-31,study_end,1272,0,1272,0
12204,DPP4i,0,2018-04-08,55,0,1,0,0,0,0,0,2022-12-31,study_end,1728,0,1728,0
12205,DPP4i,0,2017-11-26,63,1,1,0,0,0,1,0,2020-04-14,stop,870,0,1861,0
12212,DPP4i,0,2020-12-26,63,1,1,0,1,0,1,0,2022-12-31,study_end,735,0,735,0
12214,DPP4i,0,2019-04-29,71,0,1,0,1,0,0,0,2022-12-31,study_end,1342,0,1342,0
12215,DPP4i,0,2017-04-06,59,0,0,0,0,0,1,0,2020-10-09,stop,1282,0,2095,0
12216,DPP4i,0,2020-01-17,69,1,1,1,0,1,1,0,2022-10-23,switch,1010,0,1079,0
12217,DPP4i,0,2020-10-13,52,0,1,0,0,1,0,0,2021-11-12,stop,395,0,809,0
12219,DPP4i,0,2017-09-11,59,1,1,0,0,1,1,0,2020-01-04,stop,845,0,1937,0
12221,DPP4i,0,2019-02-28,64,0,1,0,0,0,1,0,2022-12-31,study_end,1402,0,1402,0
12222,DPP4i,0,2017-11-30,64,0,1,0,0,0,1,0,2018-04-29,stop,150,0,1857,0
12224,DPP4i,0,2021-03-23,75,0,1,0,0,0,1,0,2022-03-21,stop,363,0,648,0
12229,DPP4i,0,2019-01-11,54,1,1,0,0,0,1,0,2022-12-31,study_end,1450,0,1450,0
12231,DPP4i,0,2018-05-18,52,1,1,0,0,0,1,0,2022-12-31,study_end,1688,0,1688,0
12233,DPP4i,0,2020-01-21,67,0,1,0,0,0,0,1,2022-04-20,switch,820,0,1075,0
12236,DPP4i,0,2016-08-12,56,0,0,0,0,0,1,0,2017-05-17,switch,278,0,2332,0
12238,DPP4i,0,2018-12-28,47,0,1,1,0,0,1,0,2019-10-16,stop,292,0,1464,0
12241,DPP4i,0,2016-12-14,60,0,1,0,0,0,0,0,2019-06-08,stop,906,0,2208,0
12242,DPP4i,0,2019-10-18,48,0,1,0,0,0,0,0,2022-12-31,study_end,1170,0,1170,0
12244,DPP4i,0,2018-07-01,52,1,0,0,0,0,1,0,2022-09-27,stop,1549,0,1644,0
12245,DPP4i,0,2018-02-14,53,1,0,0,0,0,1,0,2018-05-15,stop,90,0,1781,0
12249,SGLT2i,1,2019-08-13,81,1,1,0,0,0,1,0,2022-12-31,study_end,1236,0,1236,0
12250,DPP4i,0,2018-05-07,68,0,1,0,0,0,1,0,2022-12-31,study_end,1699,0,1699,0
12251,DPP4i,0,2019-10-04,79,0,1,0,0,0,1,0,2020-03-02,stop,150,0,1184,0
12252,DPP4i,0,2016-07-04,51,0,1,0,0,0,1,0,2017-05-25,stop,325,0,2371,0
12254,DPP4i,0,2016-09-27,73,1,1,0,0,0,1,1,2017-12-07,stop,436,0,2286,0
12255,DPP4i,0,2021-07-17,52,0,0,0,0,0,1,0,2021-11-14,stop,120,0,532,0
12256,DPP4i,0,2017-08-08,72,1,1,0,0,0,1,0,2022-06-14,stop,1771,0,1971,0
12257,DPP4i,0,2021-11-24,56,0,1,0,0,0,1,0,2022-12-31,study_end,402,0,402,0
12258,DPP4i,0,2019-01-05,56,0,1,0,0,0,1,0,2022-12-31,study_end,1456,0,1456,0
12259,DPP4i,0,2016-12-09,77,0,1,1,1,0,1,0,2019-02-09,stop,792,0,1070,0
12264,DPP4i,0,2019-11-09,41,0,1,0,0,0,1,1,2020-09-14,stop,310,0,1148,0
12266,DPP4i,0,2017-06-09,51,0,0,0,0,0,1,0,2022-12-31,study_end,2031,0,2031,0
12267,DPP4i,0,2018-04-21,81,1,0,0,0,0,1,0,2022-12-31,study_end,1715,0,1715,0
12269,DPP4i,0,2020-09-29,65,1,1,0,0,0,0,0,2022-12-31,study_end,823,0,823,0
12270,DPP4i,0,2020-01-02,68,0,0,0,0,0,0,0,2020-08-30,stop,241,0,1094,0
12272,DPP4i,0,2017-01-09,53,0,1,0,0,0,1,0,2018-10-21,switch,650,0,2182,0
12273,SGLT2i,1,2020-05-01,63,1,0,0,0,0,1,0,2022-12-31,study_end,974,0,974,0
12275,DPP4i,0,2018-02-08,70,1,1,0,0,0,1,0,2019-02-22,switch,379,0,1787,0
12277,DPP4i,0,2017-01-16,67,1,1,0,0,0,0,0,2017-06-15,stop,150,0,2175,0
12278,DPP4i,0,2017-02-17,28,0,0,0,0,0,1,0,2019-06-14,stop,847,0,2143,0
12279,DPP4i,0,2019-05-20,71,0,1,0,0,0,1,1,2021-10-10,stop,874,0,1321,0
12280,DPP4i,0,2021-03-15,52,1,1,0,0,0,0,0,2021-08-24,stop,162,0,656,0
12281,DPP4i,0,2021-05-27,41,0,1,0,0,0,1,0,2022-12-31,study_end,583,0,583,0
12282,DPP4i,0,2019-10-17,72,1,1,0,0,0,1,0,2020-11-26,stop,406,0,1171,0
12283,SGLT2i,1,2020-01-14,61,1,0,0,0,0,1,0,2022-12-31,study_end,1082,0,1082,0
12284,DPP4i,0,2019-04-14,68,0,1,0,1,0,0,0,2022-12-31,study_end,1357,0,1357,0
12286,SGLT2i,1,2019-01-22,50,0,1,0,0,0,1,0,2021-02-23,switch,763,0,1439,0
12287,DPP4i,0,2018-09-28,55,0,1,0,0,0,1,0,2019-07-23,switch,298,0,1555,0
12288,DPP4i,0,2019-12-11,45,1,1,0,0,0,1,0,2022-12-31,study_end,1116,0,1116,0
12290,DPP4i,0,2016-12-07,59,1,1,0,0,0,0,0,2022-12-31,study_end,2215,0,2215,0
12292,DPP4i,0,2018-11-26,82,1,1,0,1,1,1,0,2020-12-06,stop,741,0,1496,0
12293,DPP4i,0,2016-11-07,58,0,0,0,0,0,1,0,2020-06-21,stop,1322,0,2245,0
12294,DPP4i,0,2020-01-07,74,0,1,0,0,0,1,0,2022-01-04,stop,728,0,1089,0
12296,DPP4i,0,2021-06-26,75,0,1,0,1,0,1,0,2022-05-27,stop,335,0,413,1
12297,DPP4i,0,2016-11-05,67,0,1,0,1,0,1,0,2020-04-25,stop,1267,0,2247,0
12298,DPP4i,0,2020-05-25,88,0,1,0,0,0,1,0,2021-09-14,switch,477,0,950,0
12299,DPP4i,0,2017-08-02,76,0,1,1,0,0,0,0,2020-12-18,stop,1234,0,1977,0
12300,SGLT2i,1,2019-05-08,70,0,0,1,0,0,1,0,2019-08-06,stop,90,0,1333,0
12301,DPP4i,0,2021-08-10,50,0,0,0,0,0,0,0,2022-12-31,study_end,508,0,508,0
12303,DPP4i,0,2020-11-16,52,1,1,0,0,0,1,0,2022-12-31,study_end,775,0,775,0
12304,DPP4i,0,2018-10-14,52,0,1,0,0,0,1,0,2019-01-27,death,105,0,105,0
12310,DPP4i,0,2018-11-07,61,0,1,0,0,0,1,0,2022-12-31,study_end,1515,0,1515,0
12313,DPP4i,0,2017-11-15,42,0,0,0,0,0,1,0,2021-04-29,switch,1261,0,1872,0
12314,SGLT2i,1,2021-11-01,49,1,1,0,0,0,0,0,2022-12-31,study_end,425,0,425,0
12315,SGLT2i,1,2021-05-27,56,0,1,0,0,0,0,0,2022-12-31,study_end,583,0,583,0
12317,DPP4i,0,2019-03-13,57,0,0,0,0,0,0,0,2022-12-31,study_end,1389,0,1389,0
12318,DPP4i,0,2018-09-18,70,0,1,0,0,0,0,1,2019-02-15,stop,150,0,1565,0
12320,DPP4i,0,2020-07-13,57,0,0,0,0,0,1,0,2022-09-22,stop,801,0,901,0
12323,DPP4i,0,2021-08-27,54,0,0,0,0,1,1,0,2022-12-31,study_end,491,0,491,0
12324,DPP4i,0,2016-11-18,69,1,1,0,0,0,1,0,2017-03-18,stop,120,0,2234,0
12326,DPP4i,0,2019-05-02,85,0,1,0,0,0,1,0,2022-12-31,study_end,1339,0,1339,0
12327,DPP4i,0,2016-06-07,59,1,1,0,0,0,1,0,2020-06-20,stop,1474,0,2398,0
12329,DPP4i,0,2020-09-12,66,1,1,1,0,0,0,0,2022-12-31,study_end,840,0,840,0
12330,SGLT2i,1,2020-07-10,62,1,1,0,0,0,1,0,2021-06-09,stop,334,0,904,0
12331,DPP4i,0,2018-11-27,74,1,1,0,0,0,1,0,2019-03-27,stop,120,0,1495,0
12332,DPP4i,0,2018-05-17,60,0,1,0,0,0,0,0,2019-06-25,stop,404,0,1689,0
12334,DPP4i,0,2020-03-12,51,0,1,0,0,0,1,0,2022-08-15,switch,886,0,1024,0
12335,SGLT2i,1,2018-11-24,69,0,0,0,0,0,1,0,2022-03-16,stop,1208,0,1498,0
12336,DPP4i,0,2020-09-15,87,0,1,0,0,0,0,0,2022-02-25,hhf,528,1,528,1
12338,DPP4i,0,2021-04-22,44,1,0,0,0,0,1,0,2022-12-31,study_end,618,0,618,0
12339,DPP4i,0,2017-08-01,64,1,1,0,0,0,0,0,2018-09-04,switch,399,0,1978,0
12340,DPP4i,0,2018-09-29,62,1,0,0,0,0,1,0,2021-04-01,stop,915,0,1554,0
12341,DPP4i,0,2020-03-24,61,0,1,0,0,0,1,0,2022-12-31,study_end,1012,0,1012,0
12342,DPP4i,0,2019-07-27,71,0,0,1,0,0,1,0,2021-05-02,stop,645,0,1253,0
12343,DPP4i,0,2021-02-10,63,1,0,0,1,0,1,0,2021-06-11,stop,121,0,689,0
12344,DPP4i,0,2019-05-10,59,0,0,0,0,0,1,0,2022-04-28,switch,1084,0,1331,0
12345,DPP4i,0,2018-07-07,47,1,1,0,0,0,0,0,2022-12-31,study_end,1638,0,1638,0
12346,DPP4i,0,2016-04-29,80,0,0,0,0,0,1,0,2017-06-24,stop,421,0,2437,0
12348,SGLT2i,1,2020-11-22,59,0,0,0,0,0,1,0,2021-11-28,stop,371,0,769,0
12353,DPP4i,0,2019-04-01,34,0,0,1,0,0,1,0,2020-07-10,stop,466,0,1370,0
12354,DPP4i,0,2020-12-19,65,1,0,0,0,0,1,0,2022-12-31,study_end,742,0,742,0
12355,DPP4i,0,2020-03-27,53,1,1,0,0,0,0,0,2022-12-31,study_end,1009,0,1009,0
12357,DPP4i,0,2021-09-30,54,0,1,0,0,0,1,0,2022-12-31,study_end,457,0,457,0
12358,DPP4i,0,2019-07-17,63,1,1,0,0,0,1,0,2020-01-28,death,195,0,195,0
12360,SGLT2i,1,2018-07-20,61,0,1,0,0,0,1,0,2021-07-23,stop,1099,0,1625,0
12361,DPP4i,0,2021-01-05,71,0,0,0,0,0,1,0,2022-05-10,death,490,0,490,0
12364,SGLT2i,1,2019-07-22,47,0,1,1,0,0,1,0,2021-07-21,stop,730,0,1258,0
12366,DPP4i,0,2021-11-13,51,0,1,0,1,0,1,0,2022-12-31,study_end,413,0,413,0
12367,DPP4i,0,2016-11-26,72,1,0,1,0,0,1,0,2022-12-31,study_end,2226,0,2226,0
12368,DPP4i,0,2021-03-23,53,0,0,0,0,0,1,0,2022-12-31,study_end,648,0,648,0
12369,DPP4i,0,2020-01-14,47,0,1,0,0,0,1,0,2021-06-16,stop,519,0,1082,0
12373,DPP4i,0,2019-06-29,43,1,0,0,0,0,1,0,2022-12-31,study_end,1281,0,1281,0
12374,DPP4i,0,2019-01-27,74,0,1,0,0,0,1,0,2020-03-28,stop,426,0,1434,0
12377,DPP4i,0,2019-09-04,51,0,0,0,0,0,1,0,2020-11-06,stop,429,0,1214,0
12379,DPP4i,0,2019-09-05,82,0,0,0,0,0,1,1,2022-01-19,stop,867,0,1213,0
12380,DPP4i,0,2021-09-04,63,0,1,0,0,0,1,0,2022-12-31,study_end,483,0,483,0
12381,SGLT2i,1,2020-04-01,79,1,1,1,0,1,1,1,2022-04-05,stop,734,0,1004,0
12382,DPP4i,0,2019-09-27,58,1,1,0,0,0,1,0,2021-03-17,switch,537,0,1191,0
12384,DPP4i,0,2017-02-02,29,0,0,0,0,0,1,0,2018-04-10,stop,432,0,2158,0
12392,DPP4i,0,2016-03-10,55,1,1,0,0,0,1,0,2022-12-31,study_end,2487,0,2487,0
12395,DPP4i,0,2017-03-29,66,0,1,0,0,0,1,0,2021-08-08,stop,1593,0,2103,0
12397,DPP4i,0,2020-05-13,47,0,0,0,0,0,1,0,2022-12-31,study_end,962,0,962,0
12399,DPP4i,0,2016-12-11,64,1,0,0,0,0,0,0,2018-06-29,switch,565,0,2211,0
12401,DPP4i,0,2018-09-27,76,1,1,0,1,0,1,0,2019-08-01,stop,308,0,681,0
12404,DPP4i,0,2021-10-02,36,0,0,0,0,0,1,0,2022-12-31,study_end,455,0,455,0
12410,DPP4i,0,2017-08-31,57,0,1,0,0,0,1,0,2018-08-22,stop,356,0,1948,0
12412,DPP4i,0,2017-05-24,61,0,1,0,0,0,1,1,2022-12-31,study_end,2047,0,2047,0
12413,SGLT2i,1,2021-04-04,46,0,1,0,0,0,1,0,2022-12-31,study_end,636,0,636,0
12414,DPP4i,0,2017-12-20,56,0,1,0,0,0,1,0,2022-10-25,stop,1770,0,1837,0
12415,DPP4i,0,2020-12-03,80,0,1,0,0,1,1,0,2022-12-31,study_end,758,0,758,0
12416,DPP4i,0,2021-05-11,51,1,0,0,0,0,1,0,2022-12-31,study_end,599,0,599,0
12417,DPP4i,0,2018-12-06,72,1,1,0,0,0,1,0,2021-12-03,stop,1093,0,1486,0
12418,DPP4i,0,2018-04-26,52,0,0,0,0,0,1,0,2019-11-10,stop,563,0,1710,0
12419,DPP4i,0,2020-03-03,41,0,0,0,0,0,1,0,2020-11-23,stop,265,0,1033,0
12420,DPP4i,0,2020-06-18,87,0,1,1,0,0,1,0,2022-12-31,study_end,926,0,926,0
12422,SGLT2i,1,2021-12-17,73,0,0,1,0,0,1,0,2022-12-31,study_end,379,0,379,0
12423,DPP4i,0,2016-06-23,57,1,1,1,0,0,1,0,2017-02-20,stop,242,0,2382,0
12424,DPP4i,0,2018-01-11,59,0,0,0,0,0,1,0,2022-12-31,study_end,1815,0,1815,0
12426,DPP4i,0,2019-12-10,48,1,1,0,0,0,1,0,2022-12-31,study_end,1117,0,1117,0
12428,SGLT2i,1,2018-03-15,65,1,1,0,0,0,1,0,2022-04-08,stop,1485,0,1752,0
12429,DPP4i,0,2017-02-16,38,0,0,0,0,0,0,0,2017-11-23,stop,280,0,2144,0
12430,DPP4i,0,2021-04-15,67,1,1,0,0,0,1,0,2022-09-21,stop,524,0,625,0
12431,DPP4i,0,2016-07-08,65,0,1,0,0,0,1,0,2019-12-29,stop,1269,0,2367,0
12434,DPP4i,0,2020-10-20,58,0,1,0,0,0,1,0,2021-09-28,stop,343,0,802,0
12435,SGLT2i,1,2021-02-03,69,1,1,0,0,0,1,0,2021-07-03,stop,150,0,696,0
12436,DPP4i,0,2018-02-03,48,0,1,0,0,0,1,0,2018-08-11,stop,189,0,1792,0
12439,DPP4i,0,2017-02-27,66,1,1,0,0,0,1,0,2018-12-21,switch,662,0,2133,0
12440,DPP4i,0,2020-10-06,66,0,1,0,0,1,1,0,2021-01-04,stop,90,0,816,0
12442,DPP4i,0,2019-09-10,66,0,1,0,0,0,1,0,2022-12-31,study_end,1208,0,1208,0
12444,SGLT2i,1,2021-01-08,53,1,0,0,0,0,0,0,2022-12-31,study_end,722,0,722,0
12448,DPP4i,0,2018-01-19,78,1,1,0,0,1,0,0,2021-06-02,switch,1230,0,1294,0
12449,DPP4i,0,2020-11-12,93,1,1,0,1,0,1,0,2021-03-12,stop,120,0,376,1
12450,DPP4i,0,2019-12-11,60,1,1,0,0,0,1,0,2020-05-09,stop,150,0,1116,0
12452,SGLT2i,1,2021-08-15,63,1,1,0,0,0,0,0,2022-05-04,switch,262,0,503,0
12453,DPP4i,0,2018-02-27,64,1,0,1,0,0,1,1,2019-08-12,stop,531,0,1768,0
12455,DPP4i,0,2018-02-12,73,0,1,0,0,1,1,0,2022-12-31,study_end,1783,0,1783,0
12456,DPP4i,0,2017-04-02,85,0,1,0,0,1,1,0,2017-10-21,stop,202,0,2099,0
12457,DPP4i,0,2018-07-29,63,0,1,0,0,0,1,0,2018-11-27,stop,121,0,1616,0
12459,DPP4i,0,2019-07-19,71,1,1,0,0,0,1,0,2020-06-18,stop,335,0,1261,0
12460,DPP4i,0,2018-04-20,62,1,1,0,0,0,1,0,2022-12-31,study_end,1716,0,1716,0
12461,DPP4i,0,2017-07-31,81,1,1,0,0,0,1,1,2018-11-28,stop,485,0,1979,0
12462,DPP4i,0,2021-11-19,40,0,0,0,0,0,1,0,2022-07-01,stop,224,0,407,0
12465,DPP4i,0,2021-07-14,59,1,1,0,0,1,1,0,2022-12-31,study_end,535,0,535,0
12466,DPP4i,0,2019-09-14,55,1,1,0,0,0,1,0,2020-03-21,switch,189,0,1204,0
12467,DPP4i,0,2021-08-17,64,0,1,1,0,0,1,0,2022-12-31,study_end,501,0,501,0
12469,DPP4i,0,2016-10-08,70,0,1,0,0,0,1,0,2022-10-31,switch,2214,0,2275,0
12472,DPP4i,0,2020-09-07,78,0,0,1,0,0,1,0,2022-12-31,study_end,845,0,845,0
12473,DPP4i,0,2021-07-03,43,1,1,0,0,0,1,0,2022-12-31,study_end,546,0,546,0
12474,DPP4i,0,2021-11-14,89,1,0,0,0,0,0,0,2022-12-31,study_end,412,0,412,0
12477,SGLT2i,1,2020-03-22,63,1,0,0,0,0,1,0,2022-12-31,study_end,1014,0,1014,0
12478,SGLT2i,1,2021-06-02,52,1,0,0,0,0,1,0,2022-01-28,stop,240,0,577,0
12479,DPP4i,0,2016-12-10,35,0,0,0,0,0,1,0,2018-08-03,stop,601,0,2212,0
12480,DPP4i,0,2018-06-18,75,0,0,0,0,0,1,0,2019-04-17,switch,303,0,1657,0
12482,DPP4i,0,2020-10-03,58,0,1,0,0,0,1,0,2021-12-13,stop,436,0,819,0
12483,SGLT2i,1,2020-11-01,63,1,1,1,0,0,1,0,2022-12-13,stop,772,0,790,0
12487,DPP4i,0,2020-08-05,61,1,1,1,0,1,1,0,2022-12-31,study_end,878,0,878,0
12489,DPP4i,0,2019-12-16,75,0,1,0,0,0,1,0,2022-04-02,hhf,838,1,838,1
12490,DPP4i,0,2019-11-19,47,1,1,0,0,0,0,0,2021-01-28,stop,436,0,1138,0
12491,DPP4i,0,2019-05-06,53,1,0,0,0,0,1,0,2022-12-31,study_end,1335,0,1335,0
12493,SGLT2i,1,2021-01-29,64,1,0,0,0,0,1,0,2022-11-25,stop,665,0,701,0
12494,DPP4i,0,2021-11-03,55,0,1,0,0,0,1,0,2022-12-31,study_end,423,0,423,0
12495,DPP4i,0,2018-02-12,58,0,1,0,0,0,1,0,2021-04-11,stop,1154,0,1783,0
12496,DPP4i,0,2021-07-05,51,1,0,0,0,0,1,0,2022-12-31,study_end,544,0,544,0
12497,DPP4i,0,2020-08-04,40,0,0,0,0,0,0,0,2022-12-31,study_end,879,0,879,0
12502,DPP4i,0,2017-07-21,70,0,1,0,0,0,1,0,2018-08-30,stop,405,0,1989,0
12503,DPP4i,0,2017-05-10,65,0,0,0,0,0,1,0,2017-08-08,stop,90,0,2061,0
12507,SGLT2i,1,2018-12-06,59,0,1,0,0,0,1,0,2022-12-31,study_end,1486,0,1486,0
12510,DPP4i,0,2021-11-01,56,1,1,0,0,0,1,0,2022-12-31,study_end,425,0,425,0
12513,DPP4i,0,2016-04-21,56,1,1,0,0,0,0,0,2017-10-07,stop,534,0,2445,0
12514,DPP4i,0,2019-08-03,85,1,1,1,0,0,1,0,2020-04-02,stop,243,0,1246,0
12516,DPP4i,0,2018-04-26,51,0,0,0,0,0,0,0,2022-12-31,study_end,1710,0,1710,0
12517,DPP4i,0,2018-10-18,63,1,1,0,0,0,1,0,2022-12-31,study_end,1535,0,1535,0
12518,DPP4i,0,2020-07-19,56,0,1,0,0,0,1,0,2022-12-31,study_end,895,0,895,0
12519,DPP4i,0,2019-09-29,49,0,1,0,0,0,1,0,2020-01-24,switch,117,0,1189,0
12520,DPP4i,0,2016-12-15,63,0,0,0,0,0,1,0,2022-12-31,study_end,2207,0,2207,0
12521,DPP4i,0,2017-02-06,41,0,1,0,0,0,1,0,2019-02-22,stop,746,0,2154,0
12522,DPP4i,0,2016-09-18,61,1,1,0,0,0,0,0,2020-10-26,stop,1499,0,2295,0
12523,DPP4i,0,2018-01-03,58,1,1,0,0,0,1,0,2018-07-28,switch,206,0,1823,0
12524,DPP4i,0,2017-05-25,70,1,1,0,0,1,1,1,2021-09-27,stop,1586,0,1841,0
12525,DPP4i,0,2020-12-25,50,0,1,0,0,0,1,0,2021-11-29,stop,339,0,736,0
12530,DPP4i,0,2020-05-22,63,1,1,0,0,0,0,0,2022-12-31,study_end,953,0,953,0
12531,DPP4i,0,2018-11-29,72,1,1,0,0,0,1,0,2022-12-31,study_end,1493,0,1493,0
12532,DPP4i,0,2017-09-04,69,0,1,1,0,0,0,0,2019-04-19,switch,592,0,1944,0
12534,DPP4i,0,2020-05-26,67,1,1,0,0,0,0,0,2022-12-31,study_end,949,0,949,0
12535,DPP4i,0,2021-09-26,48,0,0,0,0,0,0,0,2022-12-31,study_end,461,0,461,0
12536,DPP4i,0,2018-07-31,56,1,1,0,0,0,0,0,2020-12-26,stop,879,0,1614,0
12539,DPP4i,0,2018-12-27,66,1,1,0,0,1,1,0,2019-05-01,switch,125,0,1289,0
12543,DPP4i,0,2019-03-30,53,0,0,1,0,0,1,0,2022-12-31,study_end,1372,0,1372,0
12545,SGLT2i,1,2021-02-08,67,0,1,0,0,0,1,0,2022-12-31,study_end,691,0,691,0
12548,DPP4i,0,2017-05-17,53,0,0,0,0,0,1,0,2022-06-09,switch,1849,0,2054,0
12551,DPP4i,0,2019-03-07,66,0,0,0,0,0,0,0,2020-11-08,stop,612,0,1395,0
12555,DPP4i,0,2021-09-27,55,0,1,0,0,0,1,0,2022-12-31,study_end,460,0,460,0
12556,DPP4i,0,2016-05-18,64,0,1,1,0,0,1,0,2017-08-25,hhf,464,1,464,1
12557,DPP4i,0,2020-12-25,47,0,0,0,0,0,1,0,2022-12-21,stop,726,0,736,0
12558,SGLT2i,1,2021-08-13,78,0,1,1,0,1,1,0,2022-01-10,stop,150,0,290,0
12560,DPP4i,0,2018-08-12,77,0,1,0,0,0,0,0,2022-10-29,switch,1539,0,1602,0
12561,DPP4i,0,2018-03-04,70,0,0,1,0,0,1,0,2022-12-31,study_end,1763,0,1763,0
12562,SGLT2i,1,2019-04-25,42,0,0,0,0,0,1,0,2022-12-12,stop,1327,0,1346,0
12565,DPP4i,0,2021-04-21,66,0,1,1,0,0,1,1,2022-12-31,study_end,619,0,619,0
12568,DPP4i,0,2021-07-12,66,1,1,0,0,0,1,0,2022-08-04,stop,388,0,537,0
12571,DPP4i,0,2019-01-17,45,0,0,1,0,0,1,0,2021-07-02,switch,897,0,1444,0
12573,DPP4i,0,2017-03-21,54,0,1,1,0,0,1,0,2018-02-21,stop,337,0,2111,0
12574,DPP4i,0,2020-12-25,55,0,1,0,0,0,1,0,2021-11-10,switch,320,0,736,0
12577,DPP4i,0,2017-02-18,46,0,1,0,0,0,1,0,2017-11-14,stop,269,0,2142,0
12578,DPP4i,0,2017-10-24,69,0,1,1,0,0,1,1,2020-08-14,stop,1025,0,1894,0
12579,DPP4i,0,2017-08-30,67,1,0,0,0,0,1,0,2022-12-31,study_end,1949,0,1949,0
12580,DPP4i,0,2017-04-05,60,1,0,0,0,0,1,0,2022-12-31,study_end,2096,0,2096,0
12582,DPP4i,0,2016-03-07,65,0,1,0,0,1,0,0,2017-02-18,stop,348,0,2417,0
12585,DPP4i,0,2019-06-08,48,0,1,0,0,0,1,0,2022-12-31,study_end,1302,0,1302,0
12586,DPP4i,0,2021-10-26,61,1,0,0,0,0,0,0,2022-12-31,study_end,431,0,431,0
12587,SGLT2i,1,2019-06-22,43,0,0,1,0,0,1,0,2019-09-20,stop,90,0,1288,0
12588,DPP4i,0,2021-12-02,68,0,0,0,0,0,1,0,2022-05-01,stop,150,0,394,0
12589,SGLT2i,1,2021-03-14,55,0,1,0,0,0,1,0,2022-12-31,study_end,657,0,657,0
12591,DPP4i,0,2020-02-24,55,1,1,0,0,0,1,0,2022-12-31,study_end,1041,0,1041,0
12594,DPP4i,0,2019-06-07,76,0,1,0,0,0,1,0,2020-02-05,stop,243,0,1303,0
12595,DPP4i,0,2019-02-18,38,1,0,0,0,0,1,0,2019-06-18,stop,120,0,1412,0
12596,DPP4i,0,2019-09-05,60,0,0,1,0,0,1,0,2022-12-31,study_end,1213,0,1213,0
12597,DPP4i,0,2020-08-14,75,0,1,0,0,0,1,0,2022-12-31,study_end,869,0,869,0
12598,DPP4i,0,2021-08-10,49,1,0,0,0,0,1,0,2022-04-10,stop,243,0,508,0
12602,SGLT2i,1,2019-06-20,65,0,1,0,0,0,1,0,2021-01-02,stop,562,0,1290,0
12604,DPP4i,0,2017-05-22,72,1,0,1,0,1,1,0,2017-09-19,stop,120,0,2049,0
12605,DPP4i,0,2018-02-04,55,0,1,0,0,0,0,0,2019-01-06,stop,336,0,1791,0
12607,SGLT2i,1,2021-03-03,81,1,0,0,0,0,1,0,2022-12-31,study_end,668,0,668,0
12608,SGLT2i,1,2018-05-15,58,1,1,0,0,0,1,0,2021-11-20,stop,1285,0,1691,0
12610,DPP4i,0,2016-02-29,45,0,1,0,0,0,1,1,2017-08-08,stop,526,0,2497,0
12612,DPP4i,0,2021-07-03,63,1,1,1,0,0,1,0,2022-07-26,stop,388,0,546,0
12614,DPP4i,0,2021-02-09,91,1,1,0,0,0,0,0,2021-07-09,stop,150,0,690,0
12617,DPP4i,0,2020-05-07,67,0,0,0,0,0,1,0,2022-12-31,study_end,968,0,968,0
12618,DPP4i,0,2020-11-23,72,1,1,0,0,0,1,0,2022-12-31,study_end,768,0,768,0
12620,SGLT2i,1,2021-01-06,68,1,1,0,0,0,0,0,2021-09-07,stop,244,0,273,1
12624,SGLT2i,1,2019-09-03,50,0,0,0,0,0,1,0,2022-12-31,stop,1215,0,1215,0
12628,DPP4i,0,2019-08-11,64,0,1,0,0,0,1,1,2022-08-19,stop,1104,0,1238,0
12630,DPP4i,0,2016-08-14,67,0,0,0,0,1,1,0,2018-10-01,stop,778,0,2330,0
12631,DPP4i,0,2020-10-18,73,1,1,0,0,0,1,0,2021-02-15,stop,120,0,804,0
12633,SGLT2i,1,2021-07-15,50,0,1,0,0,0,1,0,2022-12-31,study_end,534,0,534,0
12635,DPP4i,0,2021-03-24,57,0,0,1,0,0,0,0,2022-06-13,stop,446,0,647,0
12636,DPP4i,0,2017-02-05,52,1,1,0,0,0,1,0,2020-06-18,stop,1229,0,2155,0
12640,DPP4i,0,2020-01-22,76,1,0,1,0,0,1,1,2022-12-31,study_end,1074,0,1074,0
12641,DPP4i,0,2018-03-30,76,0,1,1,0,0,1,0,2022-08-25,stop,1609,0,1737,0
12642,SGLT2i,1,2020-03-25,51,1,0,0,0,0,0,0,2022-12-31,study_end,1011,0,1011,0
12648,DPP4i,0,2018-12-19,68,1,0,0,0,0,1,0,2019-03-19,stop,90,0,1473,0
12650,SGLT2i,1,2020-07-01,59,0,1,0,0,0,1,0,2022-12-31,study_end,913,0,913,0
12651,DPP4i,0,2020-03-12,76,1,1,1,0,0,1,0,2022-06-06,stop,816,0,1024,0
12652,DPP4i,0,2020-05-23,44,1,1,0,0,0,1,0,2022-08-07,stop,806,0,952,0
12653,DPP4i,0,2017-07-21,28,1,1,0,1,1,1,0,2020-06-26,stop,1071,0,1989,0
12654,DPP4i,0,2021-08-24,48,0,1,1,0,0,1,0,2021-12-22,stop,120,0,494,0
12655,DPP4i,0,2020-10-22,75,1,1,0,0,0,1,1,2021-02-19,stop,120,0,800,0
12656,SGLT2i,1,2020-06-09,58,0,1,1,0,0,1,0,2022-12-31,study_end,935,0,935,0
12657,DPP4i,0,2021-10-16,81,1,1,0,0,0,1,0,2022-12-31,study_end,441,0,441,0
12658,DPP4i,0,2021-06-12,57,1,1,0,0,0,0,0,2022-12-31,study_end,567,0,567,0
12659,DPP4i,0,2020-09-27,73,0,1,0,0,0,0,0,2022-12-31,study_end,825,0,825,0
12660,DPP4i,0,2019-01-16,57,1,0,0,0,0,1,0,2021-06-11,switch,877,0,1445,0
12661,DPP4i,0,2019-09-03,37,1,1,0,0,0,1,0,2022-12-31,study_end,1215,0,1215,0
12662,DPP4i,0,2017-07-28,64,0,1,0,0,0,1,0,2021-02-10,stop,1293,0,1982,0
12664,DPP4i,0,2016-04-15,70,0,0,0,0,0,1,0,2016-09-12,stop,150,0,2451,0
12665,SGLT2i,1,2020-09-04,54,1,0,1,0,0,1,0,2022-08-24,switch,719,0,848,0
12667,DPP4i,0,2016-04-24,66,0,1,0,0,0,1,0,2016-09-21,stop,150,0,2442,0
12668,SGLT2i,1,2019-06-06,58,0,0,0,0,0,1,0,2020-02-03,stop,242,0,1304,0
12669,DPP4i,0,2021-06-25,68,0,1,0,0,0,1,0,2022-12-12,stop,535,0,554,0
12671,DPP4i,0,2019-07-06,80,0,1,0,0,0,1,1,2022-12-31,study_end,1274,0,1274,0
12673,DPP4i,0,2018-08-06,54,0,1,1,0,0,1,0,2019-07-11,stop,339,0,1608,0
12675,SGLT2i,1,2019-08-18,50,0,1,0,0,0,1,0,2019-12-16,stop,120,0,1231,0
12676,DPP4i,0,2019-06-19,55,1,1,0,0,0,0,0,2022-12-31,study_end,1291,0,1291,0
12680,DPP4i,0,2016-09-16,59,1,1,0,0,0,1,0,2019-01-09,stop,845,0,2297,0
12681,DPP4i,0,2016-09-16,69,1,1,1,0,0,1,0,2018-02-23,stop,525,0,2030,1
12682,SGLT2i,1,2020-02-13,60,0,0,0,0,1,1,0,2020-10-15,stop,245,0,929,0
12683,DPP4i,0,2019-06-20,56,1,0,0,0,0,1,0,2019-11-17,stop,150,0,1290,0
12685,DPP4i,0,2017-06-20,70,1,0,1,0,1,1,0,2019-12-21,death,914,0,914,0
12686,DPP4i,0,2018-01-05,92,0,1,0,0,0,1,0,2019-09-26,stop,629,0,1821,0
12687,DPP4i,0,2016-04-05,57,1,1,0,0,0,1,1,2017-02-06,death,307,0,307,0
12688,DPP4i,0,2016-06-19,58,1,1,0,0,0,1,0,2016-09-17,stop,90,0,2386,0
12689,SGLT2i,1,2017-07-28,71,0,1,1,0,0,1,0,2018-02-03,stop,190,0,1982,0
12690,DPP4i,0,2018-11-21,58,0,1,0,0,0,1,0,2019-04-20,stop,150,0,1501,0
12691,DPP4i,0,2021-10-21,66,0,1,0,0,0,1,0,2022-12-31,study_end,436,0,436,0
12692,DPP4i,0,2019-06-30,53,1,1,0,0,0,1,0,2019-10-28,stop,120,0,1280,0
12694,DPP4i,0,2020-09-16,65,1,0,0,0,0,1,0,2022-12-31,study_end,836,0,836,0
12695,DPP4i,0,2021-07-09,51,0,1,0,0,0,1,0,2022-12-31,study_end,540,0,540,0
12696,DPP4i,0,2017-01-26,50,1,1,0,0,1,1,0,2021-08-20,stop,1667,0,2165,0
12699,DPP4i,0,2017-06-20,54,0,1,0,0,0,1,0,2022-12-31,study_end,2020,0,2020,0
12701,DPP4i,0,2019-09-08,67,1,1,1,0,0,1,0,2022-12-31,study_end,1210,0,1210,0
12702,SGLT2i,1,2020-06-11,60,0,0,0,0,0,1,0,2022-12-31,study_end,933,0,933,0
12703,SGLT2i,1,2020-11-06,62,1,1,0,0,1,1,0,2022-12-12,stop,766,0,785,0
12704,DPP4i,0,2016-07-10,45,0,0,0,0,0,1,0,2017-07-04,stop,359,0,2365,0
12706,DPP4i,0,2019-01-28,79,1,1,0,0,0,1,0,2019-12-29,stop,335,0,1433,0
12708,DPP4i,0,2016-05-06,41,0,1,0,0,0,1,0,2021-07-16,stop,1897,0,2430,0
12710,DPP4i,0,2021-03-11,52,0,1,1,0,0,1,0,2022-12-31,study_end,660,0,660,0
12711,SGLT2i,1,2020-06-20,59,0,1,0,0,0,1,0,2022-12-31,study_end,924,0,924,0
12712,DPP4i,0,2018-09-17,72,0,0,0,0,0,1,0,2019-05-19,stop,244,0,1566,0
12715,DPP4i,0,2016-12-08,73,1,1,0,0,0,1,0,2017-05-13,stop,156,0,2214,0
12716,DPP4i,0,2021-09-08,45,1,0,0,0,0,1,0,2022-12-31,study_end,479,0,479,0
12720,DPP4i,0,2021-07-03,51,1,0,0,0,0,1,1,2021-11-30,stop,150,0,546,0
12723,DPP4i,0,2020-12-04,54,0,1,0,0,0,1,0,2022-12-31,study_end,757,0,757,0
12725,DPP4i,0,2019-07-24,65,0,1,0,0,0,1,0,2019-11-21,stop,120,0,1256,0
12726,DPP4i,0,2020-06-10,68,0,1,0,0,0,1,0,2022-12-31,study_end,934,0,934,0
12728,SGLT2i,1,2018-10-08,66,1,0,0,1,0,1,0,2018-12-14,switch,67,0,1545,0
12729,DPP4i,0,2016-03-02,53,0,0,0,0,0,1,0,2017-09-15,stop,562,0,2495,0
12731,DPP4i,0,2016-05-12,59,1,1,0,0,0,1,0,2022-12-31,study_end,2424,0,2424,0
12732,DPP4i,0,2020-07-04,52,0,0,0,0,0,0,0,2020-11-27,switch,146,0,910,0
12736,DPP4i,0,2019-09-21,65,0,1,0,0,0,1,1,2022-12-31,study_end,1197,0,1197,0
12737,DPP4i,0,2021-06-24,83,0,1,0,0,0,1,0,2022-12-31,study_end,555,0,555,0
12738,SGLT2i,1,2021-09-13,43,0,0,0,0,0,1,0,2022-12-31,study_end,474,0,474,0
12739,DPP4i,0,2019-06-09,69,0,1,1,0,0,1,0,2022-12-31,study_end,1301,0,1301,0
12740,DPP4i,0,2018-02-09,41,0,0,0,0,0,1,0,2018-06-09,stop,120,0,1786,0
12742,DPP4i,0,2020-04-26,42,0,1,0,0,0,1,0,2022-12-31,study_end,979,0,979,0
12743,DPP4i,0,2019-10-29,53,0,0,1,0,0,0,0,2022-12-31,study_end,1159,0,1159,0
12744,DPP4i,0,2020-12-22,70,0,1,0,0,0,0,0,2022-12-31,study_end,739,0,739,0
12745,DPP4i,0,2016-03-24,31,1,1,0,0,0,1,1,2021-06-29,stop,1923,0,2473,0
12746,DPP4i,0,2021-12-11,72,1,0,0,0,0,1,0,2022-12-31,study_end,385,0,385,0
12748,SGLT2i,1,2017-03-11,65,1,0,0,0,0,1,0,2019-08-20,stop,892,0,2121,0
12749,DPP4i,0,2021-07-05,85,0,0,1,0,1,1,0,2022-12-31,study_end,544,0,544,0
12750,DPP4i,0,2020-10-31,87,1,1,0,0,0,1,0,2021-10-23,stop,357,0,791,0
12751,DPP4i,0,2018-08-21,57,0,1,1,0,0,1,0,2018-12-23,stop,124,0,1593,0
12752,DPP4i,0,2020-11-27,55,1,0,0,0,0,1,0,2022-12-18,stop,751,0,764,0
12754,DPP4i,0,2020-10-10,85,0,1,0,1,0,1,0,2022-12-31,study_end,812,0,812,0
12758,DPP4i,0,2017-12-21,80,1,1,1,0,0,0,0,2019-01-08,hhf,383,1,383,1
12760,SGLT2i,1,2020-06-30,54,0,1,0,0,0,1,0,2020-11-27,stop,150,0,914,0
12761,DPP4i,0,2017-09-19,61,1,0,0,0,0,1,0,2018-05-24,stop,247,0,1929,0
12763,DPP4i,0,2020-12-12,48,1,1,0,0,0,0,0,2021-03-12,stop,90,0,749,0
12764,DPP4i,0,2020-07-22,45,0,0,0,0,0,1,0,2022-10-19,stop,819,0,892,0
12765,DPP4i,0,2020-01-14,50,0,1,0,0,0,1,0,2022-12-31,study_end,1082,0,1082,0
12766,SGLT2i,1,2021-07-13,41,1,0,0,0,0,1,0,2022-12-31,study_end,536,0,536,0
12768,SGLT2i,1,2020-12-28,57,0,0,0,0,0,0,0,2022-07-14,stop,563,0,733,0
12769,DPP4i,0,2018-08-19,58,0,1,0,0,0,0,0,2022-05-16,stop,1366,0,1595,0
12771,DPP4i,0,2021-02-27,57,1,1,0,0,0,1,0,2022-12-31,study_end,672,0,672,0
12773,DPP4i,0,2020-07-25,53,0,0,0,0,1,1,0,2021-06-13,stop,323,0,889,0
12774,DPP4i,0,2021-08-20,60,1,1,0,0,0,1,0,2022-12-31,study_end,498,0,498,0
12776,DPP4i,0,2018-01-26,82,0,1,0,0,0,0,0,2018-10-03,stop,250,0,1800,0
12777,SGLT2i,1,2017-12-21,62,0,1,0,0,0,1,1,2019-09-07,stop,625,0,1836,0
12779,DPP4i,0,2020-10-21,70,0,1,0,1,0,0,0,2022-07-22,switch,639,0,801,0
12780,DPP4i,0,2016-05-04,53,1,0,0,0,0,1,0,2019-01-23,hhf,994,1,994,1
12782,DPP4i,0,2019-05-13,62,1,1,1,0,0,1,0,2022-12-31,study_end,1328,0,1328,0
12783,DPP4i,0,2016-05-15,62,1,1,0,0,0,1,0,2020-02-21,stop,1377,0,2421,0
12784,DPP4i,0,2020-06-24,52,0,0,0,0,0,1,0,2020-11-21,stop,150,0,920,0
12785,DPP4i,0,2021-02-09,95,1,1,0,0,0,1,0,2022-12-31,study_end,690,0,690,0
12786,DPP4i,0,2021-10-08,64,0,1,1,0,0,1,0,2021-12-11,death,64,0,64,0
12787,DPP4i,0,2019-10-30,60,1,0,0,0,0,0,0,2020-03-28,stop,150,0,1158,0
12788,SGLT2i,1,2018-09-20,60,0,1,0,0,0,1,0,2022-12-31,study_end,1563,0,1563,0
12789,DPP4i,0,2017-09-03,53,0,1,0,0,0,1,0,2019-05-15,stop,619,0,1945,0
12790,DPP4i,0,2019-04-29,71,1,1,0,0,0,1,0,2022-12-31,study_end,1342,0,1342,0
12792,DPP4i,0,2021-06-15,88,0,1,0,1,0,0,1,2022-11-25,stop,528,0,564,0
12793,DPP4i,0,2019-11-12,63,1,1,0,0,0,1,0,2020-02-10,stop,90,0,1145,0
12794,SGLT2i,1,2018-01-20,54,0,0,0,0,0,1,0,2022-12-31,study_end,1806,0,1806,0
12796,DPP4i,0,2018-05-27,52,0,1,1,0,0,1,0,2019-04-23,stop,331,0,1679,0
12798,DPP4i,0,2019-03-12,55,1,1,0,0,0,1,0,2019-11-09,stop,242,0,1390,0
12799,DPP4i,0,2019-05-21,56,1,0,0,1,0,1,0,2022-12-31,study_end,1320,0,1320,0
12800,DPP4i,0,2021-01-09,60,1,0,0,0,0,0,0,2022-12-31,study_end,721,0,721,0
12802,DPP4i,0,2020-10-09,67,0,1,0,0,0,1,0,2022-08-22,switch,682,0,813,0
12804,SGLT2i,1,2019-01-20,67,1,0,0,0,0,1,0,2021-05-18,stop,849,0,1441,0
12807,DPP4i,0,2018-11-25,53,1,1,0,0,0,1,0,2019-11-11,switch,351,0,1497,0
12808,DPP4i,0,2019-05-29,64,0,1,0,0,0,1,0,2022-12-31,study_end,1312,0,1312,0
12812,DPP4i,0,2019-10-25,30,1,0,0,0,0,1,0,2022-12-31,study_end,1163,0,1163,0
12814,DPP4i,0,2021-08-10,55,0,1,0,0,0,1,0,2022-12-31,study_end,508,0,508,0
12815,DPP4i,0,2020-05-01,69,1,1,0,0,0,1,0,2020-08-29,stop,120,0,591,1
12817,DPP4i,0,2018-06-27,75,1,0,0,0,0,1,0,2020-07-24,stop,758,0,1648,0
12819,SGLT2i,1,2017-04-21,44,0,1,0,0,0,0,0,2019-03-22,stop,700,0,2080,0
12820,DPP4i,0,2017-09-08,59,1,1,0,1,0,1,0,2022-12-31,study_end,1940,0,1940,0
12821,SGLT2i,1,2021-05-15,59,0,1,0,0,0,1,0,2022-12-31,study_end,595,0,595,0
12822,DPP4i,0,2017-12-31,91,0,1,0,0,0,0,1,2020-04-15,death,836,0,836,0
12823,DPP4i,0,2019-12-30,60,0,0,0,0,0,0,0,2022-12-31,study_end,1097,0,1097,0
12826,DPP4i,0,2020-12-31,82,0,1,0,0,0,1,0,2022-12-31,study_end,730,0,730,0
12827,DPP4i,0,2019-04-19,68,1,1,0,0,0,1,0,2019-10-20,stop,184,0,1352,0
12828,DPP4i,0,2018-03-23,83,1,0,1,0,0,1,0,2022-11-05,switch,1688,0,1744,0
12830,SGLT2i,1,2020-06-30,83,0,1,0,0,0,0,0,2022-04-22,stop,661,0,914,0
12831,DPP4i,0,2016-05-10,76,0,1,1,1,0,1,0,2016-09-07,stop,120,0,2037,0
12833,DPP4i,0,2021-12-15,67,1,1,0,0,0,1,0,2022-12-31,study_end,381,0,381,0
12834,DPP4i,0,2016-09-30,49,1,1,0,0,0,1,0,2017-06-01,stop,244,0,2283,0
12837,DPP4i,0,2020-02-09,47,1,0,0,0,0,1,0,2022-12-31,study_end,1056,0,1056,0
12839,DPP4i,0,2019-05-27,56,1,1,0,0,0,1,0,2019-08-25,stop,90,0,1314,0
12841,SGLT2i,1,2020-12-12,67,1,1,0,0,0,1,0,2021-05-11,stop,150,0,749,0
12842,DPP4i,0,2020-05-22,56,1,1,1,0,0,1,0,2022-12-31,study_end,953,0,953,0
12843,DPP4i,0,2016-05-17,80,0,0,0,0,0,1,0,2018-09-20,stop,856,0,2419,0
12846,DPP4i,0,2017-08-08,73,1,1,0,0,0,0,0,2021-10-06,stop,1520,0,1971,0
12848,DPP4i,0,2016-11-18,74,0,1,0,0,0,1,0,2022-01-11,stop,1880,0,2234,0
12850,DPP4i,0,2021-05-03,24,1,1,0,0,0,0,0,2022-12-31,study_end,607,0,607,0
12851,DPP4i,0,2021-10-09,74,1,1,0,0,0,1,0,2022-12-31,study_end,448,0,448,0
12852,DPP4i,0,2021-01-02,36,0,0,0,0,0,1,0,2022-12-04,stop,701,0,728,0
12853,DPP4i,0,2018-02-25,49,0,1,0,0,0,1,0,2019-05-17,stop,446,0,1770,0
12857,DPP4i,0,2018-02-15,45,0,1,1,0,0,0,0,2022-12-31,study_end,1780,0,1780,0
12859,DPP4i,0,2020-10-20,53,1,0,0,0,0,1,1,2022-12-31,study_end,802,0,802,0
12860,DPP4i,0,2020-04-26,44,0,0,0,0,0,1,0,2022-10-30,stop,917,0,979,0
12862,SGLT2i,1,2021-02-22,60,0,0,0,0,0,1,0,2022-12-31,study_end,677,0,677,0
12865,DPP4i,0,2021-04-21,67,1,0,0,0,0,0,1,2022-12-31,study_end,619,0,619,0
12867,SGLT2i,1,2019-05-22,48,0,1,0,0,0,1,0,2019-10-19,stop,150,0,1319,0
12868,DPP4i,0,2019-02-02,93,0,1,1,0,1,1,1,2019-07-02,stop,150,0,994,1
12870,SGLT2i,1,2021-01-29,75,0,1,0,0,0,1,0,2022-12-31,study_end,701,0,701,0
12871,DPP4i,0,2019-01-24,56,0,0,0,0,0,1,0,2022-11-19,stop,1395,0,1437,0
12873,SGLT2i,1,2021-05-23,69,1,1,0,0,0,1,0,2022-12-31,study_end,587,0,587,0
12874,DPP4i,0,2017-12-24,49,0,1,0,0,0,1,0,2020-09-05,stop,986,0,1833,0
12875,SGLT2i,1,2019-02-05,47,0,0,0,0,0,0,0,2022-12-31,study_end,1425,0,1425,0
12876,SGLT2i,1,2021-10-24,73,0,1,1,0,0,1,0,2022-12-31,study_end,433,0,433,0
12877,SGLT2i,1,2019-11-08,52,0,0,0,0,0,1,0,2020-02-06,stop,90,0,1149,0
12879,SGLT2i,1,2020-08-02,82,1,0,0,0,0,1,0,2020-10-31,stop,90,0,881,0
12880,SGLT2i,1,2021-06-09,60,0,0,0,0,0,1,0,2022-04-25,stop,320,0,570,0
12882,DPP4i,0,2017-11-08,59,0,0,0,0,0,0,0,2022-12-31,study_end,1879,0,1879,0
12885,DPP4i,0,2021-01-09,30,0,0,0,0,0,1,0,2022-12-31,study_end,721,0,721,0
12888,DPP4i,0,2019-05-29,45,0,1,0,1,0,1,1,2021-06-23,stop,756,0,1312,0
12890,DPP4i,0,2019-05-27,57,0,1,0,0,0,0,0,2022-12-31,study_end,1314,0,1314,0
12892,DPP4i,0,2017-06-28,66,0,1,0,0,0,0,0,2022-12-31,study_end,2012,0,2012,0
12893,DPP4i,0,2018-05-19,58,0,1,0,0,0,1,0,2022-12-31,study_end,1687,0,1687,0
12895,DPP4i,0,2018-04-16,62,0,1,0,0,0,1,0,2022-04-24,stop,1469,0,1720,0
12896,DPP4i,0,2017-06-28,70,1,0,0,0,0,1,0,2022-12-31,study_end,2012,0,2012,0
12897,SGLT2i,1,2018-08-17,60,1,1,1,1,0,1,0,2019-04-21,stop,247,0,1597,0
12900,DPP4i,0,2016-12-07,57,1,1,0,1,0,0,0,2017-11-20,stop,348,0,2215,0
12903,SGLT2i,1,2019-03-16,66,0,1,0,0,0,1,0,2021-06-10,stop,817,0,1386,0
12904,SGLT2i,1,2020-08-05,62,0,0,0,0,0,1,0,2022-12-31,study_end,878,0,878,0
12906,DPP4i,0,2021-08-24,61,0,1,0,0,0,1,0,2022-12-31,study_end,494,0,494,0
12907,DPP4i,0,2018-03-02,63,0,1,0,0,0,1,0,2020-11-30,stop,1004,0,1765,0
12915,SGLT2i,1,2021-06-15,37,1,0,0,0,0,1,0,2021-10-13,stop,120,0,564,0
12916,DPP4i,0,2017-12-23,68,0,0,0,0,0,1,0,2020-07-05,switch,925,0,1834,0
12917,DPP4i,0,2021-10-31,70,0,0,0,0,0,1,0,2022-12-31,study_end,426,0,426,0
12918,DPP4i,0,2020-11-24,62,0,0,0,0,0,1,0,2022-12-31,study_end,767,0,767,0
12920,DPP4i,0,2020-02-21,76,0,1,0,0,0,1,0,2022-12-31,study_end,1044,0,1044,0
12921,DPP4i,0,2019-04-27,53,0,1,0,0,0,1,0,2020-02-28,hhf,307,1,307,1
12922,DPP4i,0,2016-07-21,60,1,0,0,0,0,0,0,2022-12-31,study_end,2354,0,2354,0
12923,DPP4i,0,2019-10-28,63,1,1,0,0,0,0,0,2022-12-31,study_end,1160,0,1160,0
12926,SGLT2i,1,2020-05-25,59,0,1,1,0,0,0,1,2022-12-31,study_end,950,0,950,0
12931,DPP4i,0,2016-01-27,71,0,1,0,0,0,1,0,2016-12-01,switch,309,0,2530,0
12935,SGLT2i,1,2021-08-05,43,1,1,0,0,0,0,0,2022-12-31,study_end,513,0,513,0
12936,DPP4i,0,2018-07-04,61,0,0,0,0,0,1,0,2021-01-12,stop,923,0,1641,0
12942,DPP4i,0,2019-07-05,83,0,0,0,0,0,1,0,2022-12-31,study_end,1275,0,1275,0
12943,DPP4i,0,2020-07-06,56,1,1,0,0,1,1,1,2022-12-31,study_end,908,0,908,0
12944,DPP4i,0,2017-10-25,58,0,1,0,0,0,1,0,2021-07-05,stop,1349,0,1893,0
12945,DPP4i,0,2021-09-19,65,0,1,1,0,0,1,0,2022-12-31,study_end,468,0,468,0
12946,DPP4i,0,2020-08-06,44,1,1,0,0,0,1,0,2021-01-03,stop,150,0,877,0
12947,DPP4i,0,2016-03-06,65,1,1,1,0,0,1,0,2018-12-30,stop,1029,0,2491,0
12948,SGLT2i,1,2018-08-12,64,1,1,0,0,0,1,0,2022-12-31,study_end,1602,0,1602,0
12949,DPP4i,0,2021-01-25,44,1,1,0,0,0,1,0,2022-12-31,study_end,705,0,705,0
12951,SGLT2i,1,2021-02-02,52,1,1,0,0,0,1,0,2021-07-02,stop,150,0,697,0
12953,DPP4i,0,2021-08-31,61,0,1,0,0,0,0,0,2022-12-31,study_end,487,0,487,0
12955,SGLT2i,1,2021-03-26,73,0,1,1,0,1,1,0,2021-07-24,stop,120,0,645,0
12958,DPP4i,0,2020-07-26,61,0,0,0,1,0,1,0,2020-11-23,stop,120,0,888,0
12959,SGLT2i,1,2016-05-29,51,1,0,0,0,0,1,0,2019-06-17,switch,1114,0,2407,0
12961,DPP4i,0,2019-11-26,46,1,0,0,0,0,1,0,2020-08-23,switch,271,0,1131,0
12962,DPP4i,0,2021-08-05,74,1,1,0,0,0,0,0,2022-04-04,stop,242,0,513,0
12964,DPP4i,0,2021-09-03,59,0,1,0,0,1,1,0,2022-01-31,stop,150,0,484,0
12966,DPP4i,0,2020-06-20,34,0,0,1,0,0,0,0,2022-12-31,study_end,924,0,924,0
12969,SGLT2i,1,2018-03-09,45,0,0,0,0,0,1,0,2022-12-31,study_end,1758,0,1758,0
12970,DPP4i,0,2020-01-14,62,0,1,0,0,0,1,1,2022-12-31,study_end,1082,0,1082,0
12971,DPP4i,0,2021-02-28,68,1,1,0,0,0,1,0,2022-12-31,study_end,671,0,671,0
12972,DPP4i,0,2017-08-14,95,1,0,0,1,0,1,0,2018-08-03,death,354,0,354,0
12973,SGLT2i,1,2021-03-14,68,0,1,0,0,0,1,0,2022-03-23,stop,374,0,657,0
12975,DPP4i,0,2017-10-16,68,0,0,0,0,0,1,0,2018-12-17,stop,427,0,1902,0
12976,DPP4i,0,2018-12-19,66,0,1,1,0,0,1,0,2022-12-31,study_end,1473,0,1473,0
12977,DPP4i,0,2019-09-13,65,1,1,0,0,0,0,0,2022-11-07,stop,1151,0,1205,0
12981,DPP4i,0,2018-11-10,82,1,1,0,0,0,1,0,2019-12-12,hhf,397,1,397,1
12983,DPP4i,0,2021-09-05,50,0,1,0,0,0,0,0,2022-12-31,study_end,482,0,482,0
12984,SGLT2i,1,2016-05-30,57,0,0,0,0,0,1,0,2022-11-09,stop,2354,0,2406,0
12988,SGLT2i,1,2021-11-21,62,0,0,0,0,0,0,0,2022-12-31,study_end,405,0,405,0
12990,DPP4i,0,2019-08-19,44,1,0,0,0,0,1,0,2020-08-20,stop,367,0,1230,0
12991,DPP4i,0,2020-09-15,59,0,1,0,0,0,1,0,2020-11-29,switch,75,0,837,0
12992,DPP4i,0,2020-12-20,64,1,0,0,0,0,1,0,2022-12-31,study_end,741,0,741,0
12993,DPP4i,0,2016-10-27,57,0,0,0,0,0,1,0,2017-03-02,stop,126,0,2256,0
12995,DPP4i,0,2016-04-11,57,0,0,0,0,0,1,0,2018-09-06,switch,878,0,2455,0
12996,DPP4i,0,2021-10-27,51,1,1,0,0,0,1,0,2022-12-31,study_end,430,0,430,0
12998,DPP4i,0,2021-08-22,64,1,1,0,0,0,0,0,2022-12-31,study_end,496,0,496,0
13000,SGLT2i,1,2021-01-29,60,0,0,0,0,0,1,0,2022-12-31,study_end,701,0,701,0
13001,DPP4i,0,2017-01-01,77,1,0,0,0,0,1,0,2022-09-02,stop,2070,0,2190,0
13003,DPP4i,0,2021-09-08,44,0,1,0,0,0,1,0,2022-06-26,switch,291,0,479,0
13004,DPP4i,0,2016-06-09,51,0,0,0,0,0,1,0,2022-12-31,study_end,2396,0,2396,0
13005,DPP4i,0,2018-07-30,37,0,0,0,0,0,1,0,2021-01-28,stop,913,0,1615,0
13006,DPP4i,0,2016-02-20,73,0,0,0,0,0,0,0,2016-10-22,stop,245,0,2506,0
13007,DPP4i,0,2020-04-24,71,0,1,0,0,0,1,1,2022-12-31,study_end,981,0,981,0
13009,DPP4i,0,2019-06-10,47,0,1,0,0,0,0,0,2022-12-31,study_end,1300,0,1300,0
13011,DPP4i,0,2020-04-25,60,1,1,0,0,0,1,0,2022-12-31,study_end,980,0,980,0
13013,SGLT2i,1,2020-12-14,44,0,1,0,0,0,0,0,2021-03-14,stop,90,0,747,0
13014,DPP4i,0,2021-03-10,67,1,0,0,0,0,0,0,2022-12-31,study_end,661,0,661,0
13016,DPP4i,0,2016-12-22,69,0,0,0,0,0,1,0,2017-03-22,stop,90,0,2200,0
13017,DPP4i,0,2016-05-09,49,1,1,1,0,0,1,0,2022-12-31,study_end,2427,0,2427,0
13018,DPP4i,0,2019-08-14,57,1,1,0,1,0,0,0,2020-02-16,death,186,0,186,0
13019,DPP4i,0,2019-01-13,83,0,1,1,0,0,0,0,2022-12-31,study_end,1448,0,1448,0
13020,DPP4i,0,2017-01-07,57,1,0,0,0,0,1,0,2022-06-03,stop,1973,0,2184,0
13023,DPP4i,0,2020-01-16,73,1,0,0,0,0,1,0,2020-05-26,switch,131,0,1080,0
13025,DPP4i,0,2019-05-27,65,0,1,0,1,0,1,0,2022-09-03,stop,1195,0,1314,0
13028,SGLT2i,1,2021-09-12,45,1,1,1,1,0,1,0,2022-02-25,switch,166,0,475,0
13029,DPP4i,0,2016-07-21,54,1,1,0,0,1,1,1,2016-12-18,stop,150,0,2354,0
13031,DPP4i,0,2020-05-14,75,0,0,0,0,0,1,0,2022-12-31,study_end,961,0,961,0
13032,DPP4i,0,2019-07-25,57,0,1,0,0,0,1,0,2022-12-31,study_end,1255,0,1255,0
13034,SGLT2i,1,2021-08-04,69,0,1,0,0,0,1,0,2022-01-01,stop,150,0,514,0
13035,DPP4i,0,2021-03-05,59,0,0,0,0,0,1,1,2022-12-31,study_end,666,0,666,0
13037,DPP4i,0,2020-02-25,52,1,1,0,0,0,1,0,2022-12-31,study_end,1040,0,1040,0
13041,SGLT2i,1,2020-06-09,47,1,0,0,0,0,1,0,2020-10-07,stop,120,0,935,0
13044,DPP4i,0,2018-06-10,74,0,1,0,0,0,1,0,2019-11-25,stop,533,0,1665,0
13045,DPP4i,0,2019-10-10,57,0,1,0,0,0,1,0,2022-12-31,study_end,1178,0,1178,0
13046,DPP4i,0,2019-06-14,50,1,1,0,0,0,1,0,2022-12-31,study_end,1296,0,1296,0
13047,DPP4i,0,2016-05-15,68,1,0,0,0,0,1,0,2018-05-08,stop,723,0,2421,0
13048,DPP4i,0,2021-10-27,61,0,0,0,0,0,1,1,2022-12-31,study_end,430,0,430,0
13049,DPP4i,0,2019-01-10,71,0,1,0,0,0,1,0,2019-05-14,stop,124,0,1451,0
13050,DPP4i,0,2020-07-31,83,0,1,0,0,0,0,0,2022-12-31,study_end,883,0,883,0
13051,DPP4i,0,2018-06-20,79,1,1,1,0,0,1,1,2022-04-21,stop,1401,0,1655,0
13052,DPP4i,0,2016-01-14,50,1,0,0,0,0,1,0,2016-07-30,death,198,0,198,0
13053,DPP4i,0,2016-09-07,69,0,1,0,0,0,1,0,2017-09-02,stop,360,0,2306,0
13056,DPP4i,0,2020-07-22,78,0,1,1,0,0,1,0,2021-10-07,stop,442,0,892,0
13060,DPP4i,0,2018-07-20,70,0,1,1,0,0,1,0,2022-12-31,study_end,1625,0,1625,0
13061,DPP4i,0,2021-08-07,69,0,1,0,0,0,1,1,2022-12-31,study_end,511,0,511,0
13062,DPP4i,0,2018-03-19,52,0,1,0,0,0,1,0,2018-08-16,stop,150,0,1748,0
13064,DPP4i,0,2018-05-20,41,1,1,0,0,1,1,0,2018-08-18,stop,90,0,1686,0
13065,DPP4i,0,2021-03-01,69,1,1,0,0,0,0,0,2021-12-09,stop,283,0,670,0
13066,DPP4i,0,2021-11-05,75,1,0,0,0,0,1,0,2022-12-31,study_end,421,0,421,0
13067,DPP4i,0,2018-09-15,65,1,1,0,0,0,1,0,2022-12-31,study_end,1568,0,1568,0
13068,DPP4i,0,2018-09-19,51,0,1,0,0,0,1,0,2022-12-31,study_end,1564,0,1564,0
13070,DPP4i,0,2021-04-22,39,0,0,0,0,0,0,0,2022-12-31,study_end,618,0,618,0
13075,DPP4i,0,2017-12-26,51,0,0,1,1,0,1,0,2018-05-25,stop,150,0,1831,0
13077,DPP4i,0,2016-09-25,62,0,1,0,1,0,1,0,2022-12-31,study_end,2288,0,2288,0
13078,DPP4i,0,2017-03-08,85,1,1,0,0,0,1,0,2022-12-31,study_end,2124,0,2124,0
13079,DPP4i,0,2017-02-09,62,1,0,0,0,0,1,0,2018-03-23,switch,407,0,2151,0
13086,DPP4i,0,2020-06-03,49,0,0,0,0,0,1,0,2020-09-01,stop,90,0,941,0
13091,DPP4i,0,2016-09-27,66,1,0,0,0,0,1,1,2021-10-21,stop,1850,0,2286,0
13092,SGLT2i,1,2021-06-12,57,1,0,0,0,0,1,0,2022-12-31,study_end,567,0,567,0
13093,DPP4i,0,2018-08-03,79,1,1,1,0,0,0,0,2020-11-02,stop,822,0,1611,0
13094,DPP4i,0,2019-01-15,49,1,1,0,0,1,1,0,2022-02-24,stop,1136,0,1446,0
13096,SGLT2i,1,2021-07-05,41,0,1,0,0,0,1,0,2022-12-31,study_end,544,0,544,0
13098,DPP4i,0,2020-04-05,46,1,1,0,0,0,1,0,2022-12-31,study_end,1000,0,1000,0
13099,SGLT2i,1,2019-12-02,65,1,0,0,0,0,1,0,2022-07-08,stop,949,0,1125,0
13102,DPP4i,0,2017-05-04,69,1,1,0,0,0,1,0,2017-08-02,stop,90,0,2067,0
13103,SGLT2i,1,2021-10-20,55,0,1,0,0,0,1,0,2022-12-31,study_end,437,0,437,0
13105,SGLT2i,1,2018-12-02,59,0,1,0,0,0,1,0,2020-08-13,stop,620,0,1490,0
13106,SGLT2i,1,2019-05-02,64,0,0,0,0,0,1,0,2022-12-31,study_end,1339,0,1339,0
13107,DPP4i,0,2018-04-16,55,1,0,0,0,0,1,0,2022-07-07,stop,1543,0,1720,0
13108,DPP4i,0,2018-11-20,51,0,1,0,0,0,1,0,2019-09-22,stop,306,0,1502,0
13112,DPP4i,0,2016-04-16,82,1,1,0,0,0,0,0,2022-12-31,study_end,2450,0,2450,0
13113,DPP4i,0,2021-08-13,59,0,1,0,0,0,1,0,2022-12-31,study_end,505,0,505,0
13114,DPP4i,0,2019-05-31,55,1,0,0,0,0,1,0,2021-05-06,stop,706,0,1310,0
13115,SGLT2i,1,2019-10-07,60,1,1,0,0,0,1,0,2022-12-31,study_end,1181,0,1181,0
13117,DPP4i,0,2019-07-27,46,1,0,0,0,0,1,0,2020-08-02,stop,372,0,1253,0
13119,DPP4i,0,2019-05-29,39,0,0,0,0,0,0,0,2022-12-31,study_end,1312,0,1312,0
13120,SGLT2i,1,2021-03-05,67,0,0,0,0,0,1,0,2022-12-31,study_end,666,0,666,0
13122,DPP4i,0,2019-11-27,53,0,1,0,1,0,1,0,2020-02-25,stop,90,0,1130,0
13124,DPP4i,0,2016-04-07,41,1,0,0,0,0,1,0,2019-10-27,stop,1298,0,2459,0
13125,DPP4i,0,2017-09-17,64,0,1,1,0,0,1,0,2020-10-07,stop,1116,0,1931,0
13126,DPP4i,0,2016-02-28,70,0,1,0,0,1,1,0,2020-11-06,stop,1713,0,2498,0
13127,DPP4i,0,2016-12-10,53,0,1,0,1,0,0,0,2017-03-10,stop,90,0,2212,0
13131,DPP4i,0,2016-04-18,60,0,1,0,0,0,1,0,2016-10-09,death,174,0,174,0
13133,DPP4i,0,2018-05-19,67,0,1,0,0,0,1,1,2019-10-26,stop,525,0,1687,0
13136,DPP4i,0,2021-08-31,48,0,1,1,0,0,1,0,2022-12-31,stop,487,0,487,0
13138,SGLT2i,1,2017-12-20,45,0,1,0,0,0,1,0,2021-01-13,stop,1120,0,1837,0
13140,DPP4i,0,2017-04-24,60,1,0,0,0,0,1,0,2017-10-13,stop,172,0,2077,0
13143,DPP4i,0,2019-11-18,35,1,1,0,0,0,1,0,2020-03-18,stop,121,0,1139,0
13145,DPP4i,0,2017-04-16,46,1,1,0,0,0,1,1,2022-12-31,study_end,2085,0,2085,0
13146,SGLT2i,1,2019-06-15,54,1,1,0,0,0,1,0,2022-12-31,study_end,1295,0,1295,0
13147,DPP4i,0,2018-09-11,63,1,1,0,0,0,1,0,2020-08-24,stop,713,0,1572,0
13149,DPP4i,0,2018-05-10,79,0,1,0,0,1,1,0,2019-10-21,switch,529,0,1696,0
13150,DPP4i,0,2021-12-07,47,1,1,0,0,0,1,0,2022-12-31,study_end,389,0,389,0
13152,SGLT2i,1,2020-09-02,67,0,0,1,0,0,1,0,2022-02-07,stop,523,0,850,0
13153,DPP4i,0,2016-09-26,74,0,1,1,0,0,1,0,2020-02-17,death,1239,0,1239,0
13155,DPP4i,0,2019-02-13,63,1,1,0,0,0,1,0,2020-03-02,stop,383,0,1417,0
13156,DPP4i,0,2017-03-15,63,1,0,1,0,0,0,0,2022-12-31,study_end,2117,0,2117,0
13158,DPP4i,0,2018-02-22,56,1,1,0,0,0,1,0,2018-07-22,stop,150,0,1773,0
13159,DPP4i,0,2016-10-11,59,0,1,0,0,0,1,0,2021-06-12,switch,1705,0,2272,0
13160,DPP4i,0,2019-11-30,89,1,1,0,0,0,1,0,2022-12-31,study_end,1127,0,1127,0
13162,DPP4i,0,2021-08-03,66,1,0,1,0,0,1,0,2021-11-01,stop,90,0,515,0
13163,SGLT2i,1,2021-02-10,59,0,1,0,0,0,1,0,2022-12-31,study_end,689,0,689,0
13164,DPP4i,0,2017-06-12,48,1,0,0,0,0,1,0,2020-01-27,stop,959,0,2028,0
13165,DPP4i,0,2020-03-06,53,1,1,0,0,0,1,0,2022-12-31,study_end,1030,0,1030,0
13166,DPP4i,0,2020-04-18,65,1,1,0,0,0,1,0,2022-12-31,study_end,987,0,987,0
13167,DPP4i,0,2020-07-22,43,0,0,0,0,0,1,0,2021-03-21,stop,242,0,892,0
13168,DPP4i,0,2018-12-17,86,0,1,0,0,0,0,0,2019-08-19,stop,245,0,1475,0
13169,DPP4i,0,2021-09-18,63,0,1,0,0,0,1,0,2022-12-31,study_end,469,0,469,0
13170,DPP4i,0,2017-08-04,60,1,0,0,0,0,0,0,2020-07-07,switch,1068,0,1975,0
13171,DPP4i,0,2017-12-06,64,0,1,0,0,0,1,0,2020-03-08,stop,823,0,1851,0
13173,SGLT2i,1,2018-11-30,50,0,0,0,0,0,1,0,2021-02-10,stop,803,0,1492,0
13174,DPP4i,0,2018-01-19,65,0,1,0,1,0,0,0,2022-02-23,stop,1496,0,1807,0
13175,DPP4i,0,2017-06-14,77,1,0,0,1,0,1,0,2022-12-31,study_end,2026,0,2026,0
13178,DPP4i,0,2020-02-09,82,0,1,0,0,0,1,0,2022-12-31,study_end,1056,0,1056,0
13179,DPP4i,0,2017-11-05,62,0,0,0,0,0,1,0,2019-04-18,stop,529,0,1882,0
13180,DPP4i,0,2017-04-29,53,0,1,0,0,0,1,0,2019-01-03,stop,614,0,2072,0
13183,DPP4i,0,2019-12-09,63,1,1,0,0,0,1,0,2021-11-19,stop,711,0,1118,0
13184,DPP4i,0,2017-09-19,64,1,0,0,0,0,1,0,2018-01-17,stop,120,0,1929,0
13186,DPP4i,0,2018-09-13,62,1,0,0,0,0,1,1,2021-02-04,stop,875,0,1570,0
13189,DPP4i,0,2016-11-17,55,1,1,1,0,0,1,0,2018-02-26,hhf,466,1,466,1
13190,DPP4i,0,2016-11-12,44,0,1,0,0,0,0,0,2017-04-11,stop,150,0,2240,0
13191,SGLT2i,1,2019-12-13,56,0,1,0,0,0,1,0,2022-03-01,stop,809,0,1114,0
13195,DPP4i,0,2018-12-18,58,0,1,0,0,1,1,0,2020-01-12,stop,390,0,1474,0
13197,DPP4i,0,2021-03-06,85,0,1,0,0,0,0,0,2022-12-31,study_end,665,0,665,0
13198,DPP4i,0,2018-02-21,69,0,1,1,0,0,1,0,2020-11-28,switch,1011,0,1774,0
13199,DPP4i,0,2016-05-24,56,1,0,0,0,0,1,0,2019-07-28,stop,1160,0,2412,0
13200,DPP4i,0,2019-05-15,56,0,0,1,1,0,1,0,2022-12-31,study_end,1326,0,1326,0
13206,DPP4i,0,2016-10-19,61,0,0,0,0,0,1,0,2020-10-01,stop,1443,0,2264,0
13207,SGLT2i,1,2021-12-16,79,1,0,0,0,0,1,0,2022-12-31,study_end,380,0,380,0
13209,DPP4i,0,2017-05-20,47,1,1,0,0,0,1,0,2018-12-23,switch,582,0,2051,0
13210,SGLT2i,1,2020-10-11,47,1,1,1,0,0,1,0,2022-12-12,stop,792,0,811,0
13214,DPP4i,0,2017-05-28,37,0,1,0,0,0,1,0,2019-04-23,stop,695,0,2043,0
13218,DPP4i,0,2016-10-18,73,0,1,1,0,1,0,0,2019-11-10,stop,1118,0,1863,1
13219,DPP4i,0,2018-02-05,37,0,0,0,0,0,1,1,2018-10-10,stop,247,0,1790,0
13220,DPP4i,0,2020-02-22,57,0,1,0,0,0,1,0,2022-08-26,switch,916,0,1043,0
13223,DPP4i,0,2016-05-20,68,0,1,0,0,0,0,0,2016-12-29,stop,223,0,2416,0
13225,DPP4i,0,2018-02-13,79,0,1,0,0,0,0,0,2022-12-31,study_end,1782,0,1782,0
13228,DPP4i,0,2017-08-31,50,1,1,0,0,0,1,0,2018-01-28,stop,150,0,1948,0
13230,SGLT2i,1,2017-11-01,57,0,1,0,0,0,1,0,2021-12-08,stop,1498,0,1886,0
13231,DPP4i,0,2018-12-12,63,1,1,0,0,0,1,0,2022-12-31,study_end,1480,0,1480,0
13233,DPP4i,0,2021-03-30,69,0,1,0,0,0,1,0,2022-12-31,study_end,641,0,641,0
13234,DPP4i,0,2020-05-11,30,0,1,0,0,0,1,0,2021-10-17,stop,524,0,964,0
13238,DPP4i,0,2021-01-17,52,1,0,0,0,0,1,0,2022-09-30,stop,621,0,713,0
13239,SGLT2i,1,2017-02-21,58,1,1,0,0,0,1,1,2022-12-26,stop,2134,0,2139,0
13246,DPP4i,0,2021-11-04,71,0,1,0,0,0,1,0,2022-02-02,stop,90,0,422,0
13247,DPP4i,0,2019-11-18,68,1,1,0,0,0,1,0,2022-12-31,study_end,1139,0,1139,0
13248,SGLT2i,1,2020-11-26,55,1,1,0,0,0,1,1,2021-02-24,stop,90,0,765,0
13249,DPP4i,0,2016-12-05,53,0,1,0,0,0,1,0,2022-12-31,study_end,2217,0,2217,0
13252,SGLT2i,1,2021-10-12,48,1,0,1,0,0,0,0,2022-12-31,study_end,445,0,445,0
13253,DPP4i,0,2019-11-23,78,0,1,0,1,1,0,0,2022-02-26,stop,826,0,1134,0
13254,DPP4i,0,2018-11-21,54,0,1,0,0,0,1,0,2019-02-03,death,74,0,74,0
13255,DPP4i,0,2018-08-27,69,0,1,0,0,0,1,0,2021-12-03,stop,1194,0,1587,0
13256,DPP4i,0,2021-02-16,73,1,1,0,0,0,1,0,2022-12-31,study_end,683,0,683,0
13258,DPP4i,0,2018-11-04,70,1,1,0,0,0,0,0,2022-10-28,stop,1454,0,1518,0
13259,DPP4i,0,2017-04-28,60,1,1,0,0,0,1,1,2022-12-31,study_end,2073,0,2073,0
13260,DPP4i,0,2019-05-21,75,1,1,0,0,0,1,1,2022-06-17,stop,1123,0,1320,0
13263,DPP4i,0,2021-02-25,74,1,1,1,0,0,0,0,2022-12-31,study_end,674,0,674,0
13265,DPP4i,0,2018-07-09,59,0,1,0,0,0,1,1,2022-12-31,study_end,1636,0,1636,0
13266,DPP4i,0,2018-08-31,68,1,1,1,0,0,1,0,2019-03-17,switch,198,0,1583,0
13267,SGLT2i,1,2020-05-18,56,1,1,0,0,0,1,0,2022-12-31,study_end,957,0,957,0
13269,DPP4i,0,2020-06-02,46,0,1,0,0,0,1,1,2022-12-31,study_end,942,0,942,0
13270,DPP4i,0,2019-05-13,56,0,0,0,0,0,1,0,2019-09-10,stop,120,0,1328,0
13271,DPP4i,0,2020-10-09,53,0,1,0,0,0,1,0,2022-12-31,study_end,813,0,813,0
13272,DPP4i,0,2018-08-09,57,0,1,0,0,0,1,0,2018-10-07,switch,59,0,1605,0
13274,DPP4i,0,2020-08-12,49,0,0,0,0,0,1,0,2022-12-31,study_end,871,0,871,0
13276,DPP4i,0,2019-05-29,66,1,1,0,0,0,0,0,2021-09-07,stop,832,0,1312,0
13277,DPP4i,0,2018-08-06,84,0,0,0,0,0,1,0,2020-05-02,death,635,0,635,0
13278,DPP4i,0,2021-06-17,71,1,0,0,0,0,1,0,2022-12-31,study_end,562,0,562,0
13279,DPP4i,0,2020-02-25,73,0,1,0,0,0,1,0,2022-02-17,stop,723,0,1040,0
13280,DPP4i,0,2020-09-29,67,1,1,0,0,0,0,0,2022-12-19,stop,811,0,823,0
13281,DPP4i,0,2017-04-01,56,0,1,0,0,0,1,0,2019-06-12,stop,802,0,2100,0
13288,DPP4i,0,2019-12-03,35,0,0,0,0,0,1,0,2020-08-05,stop,246,0,1124,0
13289,DPP4i,0,2020-10-28,57,0,1,0,0,0,1,0,2022-12-07,stop,770,0,794,0
13292,DPP4i,0,2020-10-26,74,1,0,0,0,0,0,1,2022-12-31,study_end,796,0,796,0
13294,DPP4i,0,2018-09-20,61,0,1,0,0,0,0,0,2019-02-17,stop,150,0,1563,0
13298,SGLT2i,1,2020-10-06,53,1,1,0,0,0,0,0,2022-03-20,stop,530,0,816,0
13300,DPP4i,0,2019-01-07,75,0,0,0,0,0,0,1,2022-12-31,study_end,1454,0,1454,0
13301,SGLT2i,1,2021-12-27,75,0,0,0,1,0,1,0,2022-12-31,study_end,369,0,369,0
13302,DPP4i,0,2018-08-11,53,0,0,0,0,0,1,0,2022-12-31,study_end,1603,0,1603,0
13304,SGLT2i,1,2020-06-15,57,1,1,0,0,0,1,1,2020-12-16,stop,184,0,929,0
13305,DPP4i,0,2017-09-10,63,1,0,0,0,0,0,0,2022-12-31,study_end,1938,0,1938,0
13306,DPP4i,0,2017-12-05,83,1,1,0,0,0,1,0,2019-05-19,stop,530,0,1852,0
13308,SGLT2i,1,2019-11-28,49,1,0,0,0,0,0,0,2020-03-27,stop,120,0,1129,0
13309,DPP4i,0,2017-02-06,68,0,0,0,0,1,1,1,2019-04-17,switch,800,0,1041,0
13317,DPP4i,0,2016-07-24,66,0,1,0,0,0,1,1,2022-12-31,study_end,2351,0,2351,0
13318,DPP4i,0,2021-03-13,69,0,0,0,0,0,1,1,2022-12-31,study_end,658,0,658,0
13320,SGLT2i,1,2019-05-05,69,0,1,0,0,0,1,0,2021-08-17,switch,835,0,1336,0
13321,DPP4i,0,2019-08-12,59,1,0,0,0,1,1,0,2021-11-10,stop,821,0,1237,0
13322,DPP4i,0,2020-12-02,55,0,1,0,0,0,1,0,2021-02-07,switch,67,0,759,0
13323,SGLT2i,1,2020-02-19,64,1,0,0,0,0,1,0,2021-05-25,stop,461,0,1046,0
13324,DPP4i,0,2016-09-08,63,1,1,0,0,0,1,0,2022-12-31,study_end,2305,0,2305,0
13325,DPP4i,0,2020-06-19,77,1,1,0,0,0,1,0,2021-01-01,death,196,0,196,0
13326,DPP4i,0,2021-03-20,47,0,0,0,0,0,1,0,2022-12-31,study_end,651,0,651,0
13327,SGLT2i,1,2021-03-18,67,0,1,1,0,0,1,0,2022-12-31,study_end,653,0,653,0
13329,DPP4i,0,2021-09-14,50,1,1,0,0,0,1,0,2022-02-11,stop,150,0,473,0
13330,DPP4i,0,2021-05-08,51,1,0,0,0,0,1,0,2022-12-31,study_end,602,0,602,0
13333,SGLT2i,1,2019-07-27,57,0,1,0,0,0,1,0,2022-11-22,stop,1214,0,1253,0
13335,DPP4i,0,2019-09-01,52,1,0,0,0,0,0,0,2022-12-31,study_end,1217,0,1217,0
13338,DPP4i,0,2018-06-29,62,0,0,0,0,0,0,0,2018-10-27,stop,120,0,1646,0
13342,DPP4i,0,2018-08-29,65,0,0,0,0,0,1,0,2018-11-27,stop,90,0,742,0
13344,DPP4i,0,2021-08-21,62,1,1,0,0,0,0,0,2022-12-31,study_end,497,0,497,0
13345,DPP4i,0,2020-01-16,60,1,0,0,0,0,0,1,2021-12-31,stop,715,0,1080,0
13349,DPP4i,0,2016-12-07,66,1,1,0,0,0,0,0,2018-10-22,stop,684,0,2215,0
13350,DPP4i,0,2021-05-19,80,1,1,0,0,0,1,1,2022-05-22,stop,368,0,591,0
13352,DPP4i,0,2017-07-29,77,0,1,0,0,0,0,0,2018-01-03,hhf,158,1,158,1
13354,DPP4i,0,2019-09-25,57,0,0,0,0,0,0,0,2020-03-29,stop,186,0,1193,0
13355,DPP4i,0,2019-11-27,78,0,0,0,0,0,1,0,2022-12-31,study_end,1130,0,1130,0
13357,DPP4i,0,2017-10-11,69,1,1,0,0,0,0,0,2018-01-08,switch,89,0,1907,0
13358,SGLT2i,1,2017-11-13,47,1,0,1,0,0,1,0,2022-11-22,switch,1835,0,1874,0
13359,DPP4i,0,2017-07-04,50,0,0,0,0,0,1,0,2022-12-31,study_end,2006,0,2006,0
13360,DPP4i,0,2021-07-28,64,1,1,0,0,0,1,0,2021-11-04,switch,99,0,521,0
13364,DPP4i,0,2019-04-20,53,0,1,0,0,0,0,0,2020-03-12,stop,327,0,1351,0
13366,DPP4i,0,2019-11-03,61,1,1,0,0,0,1,0,2022-12-31,study_end,1154,0,1154,0
13367,DPP4i,0,2019-01-13,69,1,0,1,0,0,1,0,2019-09-18,stop,248,0,1448,0
13369,DPP4i,0,2016-04-15,42,1,1,0,0,0,1,0,2018-12-21,stop,980,0,2451,0
13370,DPP4i,0,2021-07-17,54,0,0,0,0,0,0,0,2022-12-31,study_end,532,0,532,0
13371,SGLT2i,1,2020-03-12,54,1,0,0,0,0,1,0,2022-12-31,study_end,1024,0,1024,0
13372,SGLT2i,1,2019-02-17,54,0,0,1,0,0,1,0,2021-05-29,death,832,0,832,0
13373,DPP4i,0,2020-04-26,95,1,1,0,1,1,1,0,2020-07-25,stop,90,0,135,1
13374,DPP4i,0,2017-02-16,50,0,0,0,0,0,1,0,2022-12-31,study_end,2144,0,2144,0
13377,DPP4i,0,2018-06-27,69,0,0,0,0,0,0,0,2022-12-31,study_end,1648,0,1648,0
13379,DPP4i,0,2021-03-26,54,1,0,0,0,0,0,0,2022-12-31,study_end,645,0,645,0
13380,DPP4i,0,2021-08-18,73,0,1,0,0,0,1,1,2022-12-31,study_end,500,0,500,0
13382,DPP4i,0,2016-12-27,72,0,1,0,0,0,0,0,2022-12-31,study_end,2195,0,2195,0
13383,DPP4i,0,2021-10-25,67,1,0,0,0,0,1,0,2022-12-31,study_end,432,0,432,0
13390,DPP4i,0,2017-06-17,66,0,1,0,0,0,1,0,2020-08-18,switch,1158,0,2023,0
13391,DPP4i,0,2018-04-06,52,1,0,0,0,0,1,0,2021-01-20,stop,1020,0,1730,0
13397,SGLT2i,1,2019-07-15,46,1,1,0,0,0,1,0,2022-12-31,study_end,1265,0,1265,0
13398,DPP4i,0,2017-03-04,80,1,1,0,0,0,1,0,2018-11-28,stop,634,0,728,0
13399,DPP4i,0,2020-08-15,76,0,1,0,0,0,0,0,2021-01-12,stop,150,0,868,0
13400,DPP4i,0,2020-12-01,72,0,1,0,0,0,1,0,2021-04-23,death,143,0,143,0
13401,DPP4i,0,2021-06-25,55,1,1,0,0,0,1,0,2021-11-22,stop,150,0,554,0
13402,DPP4i,0,2019-03-29,83,0,1,0,0,0,0,0,2022-12-31,study_end,1373,0,1373,0
13403,SGLT2i,1,2020-07-21,67,0,1,0,0,0,1,0,2021-09-24,stop,430,0,595,1
13405,DPP4i,0,2020-12-10,55,1,0,0,0,0,0,0,2022-12-14,stop,734,0,751,0
13406,DPP4i,0,2017-02-28,65,1,1,0,0,0,1,0,2017-07-28,stop,150,0,2132,0
13407,DPP4i,0,2018-12-13,70,0,1,0,0,0,1,1,2022-12-31,study_end,1479,0,1479,0
13408,SGLT2i,1,2021-04-05,58,1,1,0,0,0,1,0,2022-12-31,study_end,635,0,635,0
13410,SGLT2i,1,2017-03-25,61,0,1,0,0,0,1,0,2018-10-22,stop,576,0,2107,0
13411,DPP4i,0,2021-10-05,51,1,1,0,0,0,0,0,2022-03-04,stop,150,0,452,0
13412,DPP4i,0,2021-01-28,66,0,1,0,1,1,1,0,2021-05-06,switch,98,0,202,0
13413,DPP4i,0,2021-02-01,71,0,1,0,0,0,1,0,2021-12-29,switch,331,0,698,0
13414,DPP4i,0,2021-12-15,41,0,0,0,0,0,0,0,2022-12-31,study_end,381,0,381,0
13418,DPP4i,0,2020-10-13,46,1,1,0,0,0,1,0,2022-12-31,study_end,809,0,809,0
13420,DPP4i,0,2018-12-04,64,1,0,0,0,0,1,0,2022-06-20,stop,1294,0,1488,0
13421,DPP4i,0,2018-09-05,66,0,0,0,0,0,1,0,2022-12-31,study_end,1578,0,1578,0
13424,DPP4i,0,2019-06-07,39,1,0,0,0,0,0,0,2021-12-18,stop,925,0,1303,0
13427,DPP4i,0,2019-04-04,64,0,0,0,0,0,1,1,2022-12-31,study_end,1367,0,1367,0
13428,DPP4i,0,2020-10-13,62,0,0,0,0,0,1,0,2022-12-31,study_end,809,0,809,0
13430,DPP4i,0,2019-05-07,58,1,0,0,0,0,1,0,2021-12-26,stop,964,0,1212,0
13432,DPP4i,0,2020-06-25,44,0,1,0,0,0,1,0,2022-10-23,stop,850,0,919,0
13434,SGLT2i,1,2017-12-21,50,1,1,0,0,0,1,0,2018-05-23,stop,153,0,1836,0
13436,DPP4i,0,2019-11-23,86,1,1,0,0,1,1,0,2022-12-31,study_end,1134,0,1134,0
13437,DPP4i,0,2019-10-06,65,0,1,1,0,0,1,0,2022-10-31,stop,1121,0,1182,0
13438,DPP4i,0,2020-02-07,73,1,0,1,0,0,1,0,2022-12-31,study_end,1058,0,1058,0
13439,SGLT2i,1,2021-01-28,40,1,0,0,0,0,1,0,2021-09-03,stop,218,0,702,0
13442,DPP4i,0,2018-08-13,61,0,1,0,0,0,1,0,2021-03-28,stop,958,0,1601,0
13443,DPP4i,0,2016-01-23,67,1,1,0,0,0,1,0,2019-05-30,switch,1223,0,1949,1
13445,SGLT2i,1,2019-07-02,35,0,1,0,0,0,1,0,2020-06-14,stop,348,0,1278,0
13446,DPP4i,0,2020-11-06,48,1,1,0,0,0,1,0,2022-01-17,stop,437,0,785,0
13450,DPP4i,0,2021-05-20,42,0,1,0,0,0,1,0,2022-08-28,stop,465,0,590,0
13451,DPP4i,0,2021-07-31,55,1,1,0,0,0,0,0,2022-12-31,study_end,518,0,518,0
13455,DPP4i,0,2016-05-30,62,1,1,0,0,0,1,0,2022-12-31,study_end,2406,0,2406,0
13456,SGLT2i,1,2020-08-24,50,1,1,0,1,0,1,0,2021-04-21,stop,240,0,859,0
13457,DPP4i,0,2016-02-01,81,1,1,0,0,0,1,0,2016-11-23,hhf,296,1,296,1
13458,DPP4i,0,2018-04-04,76,1,0,1,0,0,1,0,2022-05-01,stop,1488,0,1732,0
13459,DPP4i,0,2020-01-22,52,1,0,0,0,0,0,0,2022-12-31,study_end,1074,0,1074,0
13460,DPP4i,0,2020-02-10,65,1,0,0,0,0,0,0,2022-12-31,study_end,1055,0,1055,0
13461,DPP4i,0,2021-10-25,67,0,0,0,0,0,0,0,2022-08-22,stop,301,0,432,0
13464,DPP4i,0,2017-12-15,79,0,0,0,0,1,0,0,2022-12-31,study_end,1842,0,1842,0
13466,DPP4i,0,2019-08-24,56,0,1,0,0,0,1,0,2020-02-04,switch,164,0,1225,0
13467,DPP4i,0,2021-07-25,45,1,1,0,0,0,1,0,2022-12-31,study_end,524,0,524,0
13469,DPP4i,0,2016-10-22,70,0,1,0,0,0,0,0,2018-03-31,stop,525,0,2261,0
13475,SGLT2i,1,2019-09-26,58,0,1,1,0,0,1,0,2020-02-23,stop,150,0,1192,0
13479,DPP4i,0,2020-12-15,62,0,1,0,0,0,1,0,2022-11-25,stop,710,0,746,0
13481,DPP4i,0,2020-09-07,44,0,0,0,0,0,1,0,2022-12-31,study_end,845,0,845,0
13482,DPP4i,0,2017-10-25,75,1,1,0,0,1,1,0,2018-09-22,switch,332,0,647,1
13483,DPP4i,0,2019-05-23,57,0,1,0,0,0,1,0,2019-12-10,death,201,0,201,0
13484,DPP4i,0,2016-09-17,48,0,1,0,0,0,1,0,2020-08-24,stop,1437,0,2296,0
13485,DPP4i,0,2016-12-31,42,1,0,0,0,0,0,0,2020-12-31,switch,1461,0,2191,0
13486,SGLT2i,1,2020-08-20,42,1,1,0,0,1,1,0,2022-12-31,study_end,863,0,863,0
13487,DPP4i,0,2017-09-07,63,0,1,0,0,0,0,0,2022-07-10,stop,1767,0,1941,0
13489,DPP4i,0,2018-05-12,56,0,0,0,0,0,0,0,2018-09-09,stop,120,0,1694,0
13490,DPP4i,0,2016-03-25,74,0,1,0,0,0,1,0,2019-06-19,stop,1181,0,2472,0
13493,DPP4i,0,2016-12-03,67,0,1,0,0,0,1,0,2019-09-01,stop,1002,0,2219,0
13494,DPP4i,0,2021-01-03,69,1,0,0,0,0,1,0,2021-09-05,stop,245,0,727,0
13495,DPP4i,0,2021-02-17,76,1,1,0,0,0,1,0,2022-12-31,study_end,682,0,682,0
13496,DPP4i,0,2021-03-13,47,0,1,0,0,0,1,0,2022-12-31,study_end,658,0,658,0
13498,DPP4i,0,2020-10-23,83,1,1,0,0,0,1,0,2022-12-31,study_end,799,0,799,0
13499,DPP4i,0,2019-08-26,37,0,0,0,0,0,1,0,2022-12-31,study_end,1223,0,1223,0
13501,SGLT2i,1,2021-10-10,77,0,0,0,0,0,1,0,2022-12-31,study_end,447,0,447,0
13504,DPP4i,0,2019-07-28,69,0,1,1,0,0,1,0,2020-03-28,death,244,0,244,0
13505,DPP4i,0,2016-10-24,69,1,1,0,0,0,1,0,2018-10-11,stop,717,0,2259,0
13507,DPP4i,0,2017-04-11,65,1,1,0,0,0,1,0,2022-12-31,study_end,2090,0,2090,0
13508,DPP4i,0,2017-02-21,60,0,1,0,0,0,1,0,2019-03-26,hhf,763,1,763,1
13509,DPP4i,0,2016-07-02,75,0,1,0,0,0,0,0,2016-10-16,hhf,106,1,106,1
13511,DPP4i,0,2018-11-09,70,1,1,0,0,0,1,0,2019-09-01,death,296,0,296,0
13512,DPP4i,0,2021-10-08,69,0,1,0,0,0,0,0,2022-01-12,switch,96,0,449,0
13513,DPP4i,0,2018-05-20,50,0,0,0,0,0,1,0,2018-10-17,stop,150,0,1686,0
13514,DPP4i,0,2017-12-08,43,1,1,0,0,0,1,1,2021-08-20,stop,1351,0,1849,0
13515,DPP4i,0,2018-02-13,78,0,0,1,0,1,1,0,2018-03-27,switch,42,0,886,0
13516,DPP4i,0,2021-07-04,34,0,0,0,0,0,0,0,2022-12-31,study_end,545,0,545,0
13518,DPP4i,0,2020-07-14,84,0,1,1,0,0,0,0,2022-12-31,study_end,900,0,900,0
13520,DPP4i,0,2020-04-22,63,0,1,0,0,0,1,0,2021-03-27,stop,339,0,983,0
13522,DPP4i,0,2020-10-23,70,0,1,0,0,0,1,0,2021-12-15,stop,418,0,799,0
13523,DPP4i,0,2016-02-25,57,1,1,0,0,0,0,0,2022-12-31,study_end,2501,0,2501,0
13524,DPP4i,0,2020-02-25,53,1,1,0,0,0,1,0,2022-12-31,study_end,1040,0,1040,0
13525,SGLT2i,1,2021-05-18,39,1,0,0,0,0,1,0,2021-09-15,stop,120,0,592,0
13526,DPP4i,0,2021-01-22,43,1,0,0,0,0,0,0,2022-12-31,study_end,708,0,708,0
13527,DPP4i,0,2016-03-11,72,0,1,0,0,0,1,0,2017-05-15,stop,430,0,2486,0
13528,DPP4i,0,2019-04-04,63,0,0,0,0,1,1,0,2022-12-31,study_end,1367,0,1367,0
13529,DPP4i,0,2019-09-17,61,1,1,0,0,0,1,0,2020-08-02,stop,320,0,1201,0
13530,SGLT2i,1,2016-11-08,55,1,1,0,0,0,1,0,2022-01-11,stop,1890,0,2244,0
13532,DPP4i,0,2020-10-28,63,0,1,0,0,1,1,0,2022-12-31,study_end,794,0,794,0
13533,DPP4i,0,2018-03-25,53,0,1,0,0,0,0,1,2022-12-31,study_end,1742,0,1742,0
13534,DPP4i,0,2019-09-07,36,1,0,0,0,0,1,0,2022-11-24,stop,1174,0,1211,0
13535,SGLT2i,1,2019-10-27,45,0,0,0,0,0,1,1,2022-12-31,study_end,1161,0,1161,0
13536,SGLT2i,1,2017-11-15,53,1,1,0,0,0,1,0,2022-07-25,stop,1713,0,1872,0
13537,DPP4i,0,2019-10-09,77,0,1,0,0,1,0,0,2022-12-31,study_end,1179,0,1179,0
13538,DPP4i,0,2020-02-06,69,0,1,0,0,1,1,0,2020-05-08,death,92,0,92,0
13540,DPP4i,0,2018-04-10,69,0,0,0,0,0,0,0,2022-12-31,study_end,1726,0,1726,0
13541,SGLT2i,1,2021-12-18,44,1,1,0,0,0,1,0,2022-10-15,stop,301,0,378,0
13542,DPP4i,0,2021-05-24,75,0,0,0,0,0,1,0,2022-12-31,study_end,586,0,586,0
13544,DPP4i,0,2019-08-25,71,1,1,1,0,0,1,0,2021-02-01,stop,526,0,1224,0
13545,SGLT2i,1,2018-10-28,59,0,1,0,0,0,1,0,2019-03-27,stop,150,0,1525,0
13548,DPP4i,0,2018-05-02,62,0,1,0,0,0,1,0,2020-04-17,stop,716,0,1704,0
13552,SGLT2i,1,2021-01-02,73,0,0,0,0,0,1,0,2022-12-31,study_end,728,0,728,0
13553,SGLT2i,1,2020-09-02,66,0,1,0,1,0,1,0,2022-12-31,study_end,850,0,850,0
13555,DPP4i,0,2020-08-02,53,0,0,0,0,0,1,1,2022-12-31,study_end,881,0,881,0
13556,DPP4i,0,2019-11-02,74,0,1,1,0,0,1,0,2020-03-31,stop,150,0,1155,0
13559,DPP4i,0,2021-03-01,50,0,1,0,0,0,1,0,2022-12-31,study_end,670,0,670,0
13564,DPP4i,0,2019-04-13,68,1,1,0,0,0,1,0,2022-12-31,study_end,1358,0,1358,0
13566,DPP4i,0,2019-08-26,58,1,1,0,0,0,1,1,2021-08-05,switch,710,0,1223,0
13567,DPP4i,0,2019-05-17,39,0,0,0,0,0,1,0,2021-08-24,stop,830,0,1324,0
13568,DPP4i,0,2019-10-18,55,0,1,0,0,0,1,0,2022-04-05,stop,900,0,1170,0
13571,DPP4i,0,2020-04-08,48,1,1,0,0,0,1,0,2022-12-31,study_end,997,0,997,0
13572,DPP4i,0,2018-12-18,81,0,1,1,0,0,1,0,2019-04-17,stop,120,0,1474,0
13573,SGLT2i,1,2020-10-21,51,0,1,1,0,0,1,0,2022-12-31,study_end,801,0,801,0
13575,DPP4i,0,2021-06-01,73,1,0,0,0,0,1,0,2022-12-31,study_end,578,0,578,0
13576,DPP4i,0,2021-04-01,30,0,0,0,0,0,1,0,2022-12-31,study_end,639,0,639,0
13577,DPP4i,0,2020-09-20,58,0,1,0,0,0,1,0,2022-12-31,study_end,832,0,832,0
13578,SGLT2i,1,2021-06-15,58,0,1,1,0,0,0,1,2022-12-31,study_end,564,0,564,0
13579,DPP4i,0,2021-05-21,78,0,1,0,0,0,1,0,2022-12-31,study_end,589,0,589,0
13581,DPP4i,0,2018-05-08,52,1,1,0,0,0,1,0,2022-12-31,study_end,1698,0,1698,0
13582,DPP4i,0,2021-01-16,61,1,0,1,0,0,1,0,2022-12-31,study_end,714,0,714,0
13584,SGLT2i,1,2021-09-14,72,1,1,0,0,0,1,0,2022-12-31,study_end,473,0,473,0
13588,DPP4i,0,2018-03-05,44,1,1,0,0,0,1,1,2020-03-27,stop,753,0,1762,0
13589,DPP4i,0,2019-12-07,52,1,1,0,0,0,1,0,2020-08-07,stop,244,0,1120,0
13590,DPP4i,0,2021-01-19,49,1,1,0,0,0,0,1,2022-12-31,study_end,711,0,711,0
13591,DPP4i,0,2017-01-01,51,1,1,0,0,0,0,0,2017-04-01,stop,90,0,2190,0
13592,DPP4i,0,2016-10-28,85,1,1,0,1,1,1,0,2017-03-27,stop,150,0,2106,0
13594,DPP4i,0,2019-11-29,38,1,0,0,0,0,1,1,2020-03-28,stop,120,0,1128,0
13596,SGLT2i,1,2021-08-18,77,0,0,0,0,0,1,0,2022-12-31,study_end,500,0,500,0
13600,DPP4i,0,2020-07-23,66,1,1,0,0,0,1,0,2022-12-31,study_end,891,0,891,0
13603,DPP4i,0,2019-08-20,37,1,1,0,0,0,1,0,2020-01-17,stop,150,0,1229,0
13605,SGLT2i,1,2021-08-08,53,1,1,1,0,0,1,0,2022-12-31,study_end,510,0,510,0
13607,DPP4i,0,2018-01-10,56,1,0,0,0,0,1,0,2018-09-08,stop,241,0,1816,0
13608,DPP4i,0,2016-03-21,67,0,1,0,0,0,1,0,2021-02-04,switch,1781,0,2476,0
13609,DPP4i,0,2017-10-25,78,0,1,1,0,0,0,0,2022-12-31,study_end,1893,0,1893,0
13611,DPP4i,0,2020-10-05,59,1,1,0,0,0,1,0,2021-06-05,stop,243,0,817,0
13614,DPP4i,0,2021-08-20,52,0,1,0,0,0,1,0,2022-12-31,study_end,498,0,498,0
13616,DPP4i,0,2019-09-07,26,0,0,0,0,0,1,0,2022-12-31,study_end,1211,0,1211,0
13618,SGLT2i,1,2017-12-04,58,0,1,0,0,0,1,0,2022-12-31,study_end,1853,0,1853,0
13620,DPP4i,0,2018-01-08,68,1,1,0,0,0,1,0,2022-12-31,study_end,1818,0,1818,0
13621,DPP4i,0,2019-05-30,70,0,1,1,0,0,0,0,2022-06-11,stop,1108,0,1311,0
13622,DPP4i,0,2017-09-09,65,1,0,0,0,0,0,0,2019-01-19,stop,497,0,1939,0
13623,SGLT2i,1,2019-03-23,73,0,1,0,0,0,1,0,2022-12-31,study_end,1379,0,1379,0
13628,DPP4i,0,2020-02-07,58,1,1,0,1,0,0,0,2022-12-31,study_end,1058,0,1058,0
13631,DPP4i,0,2016-09-26,71,0,1,0,0,0,1,0,2019-05-12,hhf,958,1,958,1
13633,DPP4i,0,2021-01-29,58,0,1,0,0,0,1,1,2022-08-08,stop,556,0,701,0
13637,SGLT2i,1,2021-02-28,57,0,0,0,0,0,1,0,2021-07-28,stop,150,0,671,0
13638,DPP4i,0,2016-06-22,31,0,1,0,0,0,1,0,2017-12-02,stop,528,0,2383,0
13639,DPP4i,0,2021-05-06,47,1,1,0,0,0,1,0,2022-04-14,stop,343,0,604,0
13640,DPP4i,0,2020-12-07,68,1,1,0,0,0,1,0,2022-12-31,study_end,754,0,754,0
13644,DPP4i,0,2021-09-05,51,0,0,0,0,0,0,0,2022-01-03,stop,120,0,482,0
13645,DPP4i,0,2016-08-16,40,1,1,0,0,0,1,0,2022-12-31,study_end,2328,0,2328,0
13647,DPP4i,0,2016-07-29,53,0,1,0,0,0,1,0,2017-09-29,stop,427,0,2346,0
13648,DPP4i,0,2016-05-03,53,0,0,0,0,0,1,0,2020-03-12,stop,1409,0,2433,0
13649,DPP4i,0,2017-04-09,58,1,1,0,0,0,1,0,2020-04-24,stop,1111,0,2092,0
13651,DPP4i,0,2019-01-22,56,0,1,0,0,0,1,0,2020-05-08,stop,472,0,1439,0
13653,DPP4i,0,2019-03-24,55,1,0,0,0,0,1,0,2019-06-22,stop,90,0,1378,0
13654,SGLT2i,1,2019-07-31,66,0,0,0,0,0,1,0,2022-12-31,study_end,1249,0,1249,0
13655,DPP4i,0,2021-05-01,48,0,0,0,0,0,1,0,2022-12-31,study_end,609,0,609,0
13658,DPP4i,0,2018-11-27,60,1,1,0,0,0,1,0,2019-01-12,switch,46,0,1495,0
13660,DPP4i,0,2020-08-06,60,1,1,1,0,0,1,0,2022-12-31,study_end,877,0,877,0
13661,DPP4i,0,2018-08-17,55,1,1,0,0,0,1,0,2021-05-19,stop,1006,0,1597,0
13663,DPP4i,0,2016-11-28,58,1,1,0,0,0,1,0,2017-11-01,stop,338,0,2224,0
13664,SGLT2i,1,2021-09-24,68,0,1,1,0,0,0,0,2022-12-31,study_end,463,0,463,0
13665,SGLT2i,1,2016-11-24,41,1,0,0,0,0,1,0,2019-11-07,stop,1078,0,2228,0
13666,DPP4i,0,2016-08-26,65,1,0,0,1,0,1,0,2017-08-20,stop,359,0,2318,0
13667,DPP4i,0,2016-03-02,66,1,1,0,0,0,1,1,2017-05-02,stop,426,0,2495,0
13669,DPP4i,0,2019-05-02,52,0,1,0,0,0,0,0,2021-04-19,stop,718,0,1339,0
13672,DPP4i,0,2017-09-03,42,1,0,0,0,0,1,0,2017-12-02,stop,90,0,1945,0
13675,DPP4i,0,2021-11-04,59,1,1,0,0,0,1,0,2022-12-31,study_end,422,0,422,0
13676,DPP4i,0,2020-04-27,70,0,1,0,0,0,1,0,2022-07-27,stop,821,0,978,0
13677,DPP4i,0,2019-09-04,78,1,1,0,0,0,1,0,2020-02-01,stop,150,0,1214,0
13680,SGLT2i,1,2020-12-04,63,0,1,1,0,0,1,0,2022-12-31,study_end,757,0,757,0
13682,SGLT2i,1,2021-01-04,59,1,0,0,0,0,1,0,2022-12-31,study_end,726,0,726,0
13685,SGLT2i,1,2021-06-03,63,0,1,0,0,0,1,0,2021-10-31,stop,150,0,576,0
13687,DPP4i,0,2018-05-07,55,1,0,0,0,0,1,0,2022-12-31,study_end,1699,0,1699,0
13691,DPP4i,0,2017-05-14,52,1,0,0,0,0,1,0,2019-12-26,switch,956,0,2057,0
13692,DPP4i,0,2016-09-24,65,0,1,0,0,1,1,0,2018-10-26,stop,762,0,2289,0
13693,DPP4i,0,2017-09-27,85,1,1,0,0,0,1,0,2019-02-02,death,493,0,493,0
13696,DPP4i,0,2017-11-20,70,0,1,0,0,1,1,0,2018-05-25,stop,186,0,1867,0
13697,SGLT2i,1,2018-04-04,64,0,1,0,0,0,1,0,2019-09-22,stop,536,0,1732,0
13698,DPP4i,0,2021-07-02,57,1,1,0,0,0,1,0,2021-07-31,death,29,0,29,0
13699,DPP4i,0,2019-12-08,32,0,1,0,0,0,1,0,2022-12-31,study_end,1119,0,1119,0
13700,SGLT2i,1,2021-10-23,56,0,0,0,0,0,1,0,2022-03-22,stop,150,0,434,0
13701,DPP4i,0,2020-05-30,42,0,1,0,0,0,0,0,2022-12-31,study_end,945,0,945,0
13702,DPP4i,0,2017-04-30,66,0,1,0,0,0,0,0,2018-02-06,stop,282,0,2071,0
13703,DPP4i,0,2021-07-16,64,1,0,0,0,0,1,0,2022-12-31,study_end,533,0,533,0
13704,DPP4i,0,2019-09-02,67,1,0,0,0,0,1,0,2022-12-31,study_end,1216,0,1216,0
13707,DPP4i,0,2018-03-13,64,0,1,0,0,0,1,0,2019-10-26,stop,592,0,1754,0
13708,DPP4i,0,2021-03-30,52,1,0,0,0,0,1,0,2022-12-31,study_end,641,0,641,0
13709,DPP4i,0,2020-05-01,56,1,1,0,0,0,0,0,2022-12-31,switch,974,0,974,0
13710,DPP4i,0,2018-07-06,68,1,1,0,0,0,1,0,2022-12-31,study_end,1639,0,1639,0
13712,DPP4i,0,2018-11-07,70,1,0,1,0,0,1,0,2022-12-31,study_end,1515,0,1515,0
13716,DPP4i,0,2016-10-03,62,0,1,0,0,0,1,0,2022-12-31,study_end,2280,0,2280,0
13719,SGLT2i,1,2021-09-14,56,0,1,1,0,0,1,0,2022-12-31,study_end,473,0,473,0
13720,DPP4i,0,2020-05-14,52,1,0,0,0,0,1,0,2022-12-31,study_end,961,0,961,0
13723,SGLT2i,1,2021-02-01,45,0,1,0,0,0,1,0,2021-07-01,stop,150,0,698,0
13724,DPP4i,0,2020-02-29,70,0,1,1,1,0,0,0,2020-07-28,stop,150,0,1036,0
13725,DPP4i,0,2021-02-27,63,0,0,0,0,0,1,0,2022-01-19,switch,326,0,672,0
13726,DPP4i,0,2019-10-14,81,1,1,0,0,0,1,1,2022-01-10,stop,819,0,1174,0
13727,DPP4i,0,2019-01-28,65,1,1,1,0,0,1,0,2021-11-29,stop,1036,0,1433,0
13728,SGLT2i,1,2016-05-15,49,0,1,0,0,0,1,0,2017-07-22,stop,433,0,2421,0
13729,DPP4i,0,2021-02-08,53,0,1,0,0,0,1,0,2022-12-31,study_end,691,0,691,0
13730,DPP4i,0,2020-06-21,75,1,0,0,0,1,1,0,2021-07-05,switch,379,0,923,0
13731,DPP4i,0,2018-07-19,56,0,0,0,0,0,1,0,2019-08-29,stop,406,0,1626,0
13732,DPP4i,0,2019-07-04,39,0,0,0,0,0,1,0,2022-12-31,study_end,1276,0,1276,0
13735,SGLT2i,1,2021-09-03,28,0,0,0,0,0,1,0,2022-12-31,study_end,484,0,484,0
13737,DPP4i,0,2016-12-06,64,0,1,0,0,0,1,0,2017-05-05,stop,150,0,2216,0
13739,DPP4i,0,2018-05-13,64,1,1,0,0,0,1,0,2019-07-24,hhf,437,1,437,1
13740,DPP4i,0,2021-10-17,51,0,1,0,0,0,1,0,2022-12-19,stop,428,0,440,0
13743,DPP4i,0,2016-06-16,73,1,1,1,0,0,1,0,2019-02-23,stop,982,0,2389,0
13744,SGLT2i,1,2021-11-04,71,0,1,0,0,0,1,0,2022-12-31,study_end,422,0,422,0
13745,SGLT2i,1,2017-02-26,60,1,1,0,0,0,1,0,2022-12-31,study_end,2134,0,2134,0
13749,SGLT2i,1,2020-09-21,66,1,1,1,0,0,0,0,2022-12-12,stop,812,0,831,0
13750,SGLT2i,1,2018-09-12,65,1,1,0,0,0,1,0,2019-02-09,stop,150,0,1571,0
13753,DPP4i,0,2020-05-19,63,0,1,0,0,0,1,0,2022-12-31,study_end,956,0,956,0
13756,DPP4i,0,2021-10-16,30,1,1,0,0,0,1,0,2022-12-31,study_end,441,0,441,0
13760,DPP4i,0,2016-12-01,44,1,0,0,0,0,1,0,2019-10-02,stop,1035,0,2221,0
13762,DPP4i,0,2016-04-09,70,0,1,0,0,0,1,0,2019-05-01,stop,1117,0,1414,0
13763,DPP4i,0,2019-06-24,61,0,1,0,0,0,1,0,2021-12-01,stop,891,0,1286,0
13767,SGLT2i,1,2021-05-11,67,1,1,0,0,0,1,0,2021-08-09,stop,90,0,599,0
13768,DPP4i,0,2020-08-31,95,0,1,1,0,1,1,0,2022-12-31,study_end,852,0,852,0
13769,DPP4i,0,2017-05-17,59,1,0,1,0,1,0,0,2017-09-21,stop,127,0,2054,0
13772,DPP4i,0,2018-01-05,57,1,0,0,0,0,1,1,2018-02-16,hhf,42,1,42,1
13773,DPP4i,0,2017-11-23,54,1,0,0,0,0,1,0,2018-04-29,stop,157,0,1864,0
13776,DPP4i,0,2020-06-23,58,0,0,0,0,0,1,0,2022-12-31,study_end,921,0,921,0
13778,DPP4i,0,2020-07-21,48,1,0,0,0,0,1,0,2020-09-20,switch,61,0,893,0
13779,DPP4i,0,2020-09-22,47,1,0,0,0,0,1,0,2022-04-14,switch,569,0,830,0
13781,SGLT2i,1,2021-02-05,53,1,1,1,0,0,1,0,2021-10-28,switch,265,0,694,0
13783,DPP4i,0,2018-09-22,57,1,0,0,0,0,1,0,2019-01-27,stop,127,0,1561,0
13784,SGLT2i,1,2021-11-29,60,0,1,0,0,0,1,0,2022-12-31,study_end,397,0,397,0
13785,DPP4i,0,2017-12-21,66,0,1,0,0,0,1,0,2018-05-12,switch,142,0,1836,0
13786,DPP4i,0,2020-12-02,57,1,0,0,0,0,1,0,2022-12-31,study_end,759,0,759,0
13790,DPP4i,0,2016-05-12,64,0,1,0,0,0,0,0,2022-08-02,stop,2273,0,2424,0
13792,DPP4i,0,2017-07-14,69,1,0,0,0,0,0,0,2022-12-31,study_end,1996,0,1996,0
13793,DPP4i,0,2018-07-07,44,0,1,0,0,0,1,0,2022-12-31,study_end,1638,0,1638,0
13794,SGLT2i,1,2016-12-01,44,0,1,0,0,0,1,0,2019-02-06,stop,797,0,2221,0
13795,DPP4i,0,2018-09-23,46,0,1,0,0,0,1,0,2021-06-14,stop,995,0,1560,0
13796,SGLT2i,1,2020-12-18,68,1,1,1,0,0,1,0,2022-12-31,study_end,743,0,743,0
13797,DPP4i,0,2020-02-14,54,1,1,0,0,0,1,0,2022-12-31,study_end,1051,0,1051,0
13798,DPP4i,0,2021-04-20,78,0,1,0,0,0,1,0,2022-12-31,study_end,620,0,620,0
13801,DPP4i,0,2017-12-27,76,0,1,1,1,0,1,0,2018-09-01,death,248,0,248,0
13802,DPP4i,0,2020-08-08,61,0,1,0,0,0,1,1,2020-11-06,stop,90,0,875,0
13803,DPP4i,0,2016-08-08,69,1,1,0,0,0,1,0,2022-12-31,study_end,2336,0,2336,0
13804,DPP4i,0,2017-04-30,44,1,1,1,0,0,1,0,2021-12-19,switch,1694,0,2071,0
13805,DPP4i,0,2021-05-05,55,0,0,0,0,0,1,0,2022-12-31,study_end,605,0,605,0
13807,DPP4i,0,2020-05-27,74,1,0,0,0,0,0,0,2020-08-25,stop,90,0,948,0
13808,DPP4i,0,2020-11-21,66,1,1,0,0,0,1,0,2021-12-06,stop,380,0,770,0
13811,DPP4i,0,2020-12-12,54,0,1,0,0,0,1,0,2022-10-05,stop,662,0,749,0
13813,DPP4i,0,2019-04-22,63,0,0,0,0,0,1,0,2022-02-18,stop,1033,0,1349,0
13816,SGLT2i,1,2016-07-28,65,0,1,0,0,0,1,0,2022-09-21,stop,2246,0,2347,0
13817,DPP4i,0,2018-03-14,64,0,0,1,0,0,1,0,2020-09-15,stop,916,0,1753,0
13821,DPP4i,0,2016-09-23,46,0,0,0,0,0,1,1,2019-10-20,stop,1122,0,2290,0
13822,DPP4i,0,2018-05-05,42,0,0,0,0,0,1,0,2022-12-31,study_end,1701,0,1701,0
13823,DPP4i,0,2021-06-18,75,0,0,0,0,0,0,0,2022-12-31,study_end,561,0,561,0
13824,DPP4i,0,2016-07-15,60,1,0,0,0,0,1,0,2018-03-03,stop,596,0,2360,0
13825,DPP4i,0,2020-07-23,71,0,0,0,0,0,0,0,2022-12-31,study_end,891,0,891,0
13827,DPP4i,0,2018-09-26,69,1,1,0,0,1,0,0,2022-06-19,stop,1362,0,1557,0
13829,DPP4i,0,2016-03-21,69,0,1,0,0,1,1,0,2016-11-18,stop,242,0,2476,0
13831,DPP4i,0,2016-04-09,51,1,1,0,0,0,1,0,2016-08-07,stop,120,0,2457,0
13832,DPP4i,0,2017-06-29,71,0,1,0,0,0,1,0,2018-12-29,stop,548,0,2011,0
13833,DPP4i,0,2020-05-09,58,0,0,0,0,0,1,0,2022-12-07,stop,942,0,966,0
13834,SGLT2i,1,2021-09-06,50,0,1,0,0,0,1,0,2022-12-02,stop,452,0,481,0
13836,DPP4i,0,2018-03-14,82,0,1,1,0,0,1,0,2018-07-12,stop,120,0,303,0
13838,DPP4i,0,2018-01-12,50,0,1,0,0,0,1,0,2021-06-29,stop,1264,0,1814,0
13839,DPP4i,0,2016-06-28,63,1,0,0,0,1,1,0,2019-10-24,stop,1213,0,2377,0
13840,DPP4i,0,2019-11-01,49,0,1,0,0,0,1,0,2020-10-05,stop,339,0,1156,0
13841,SGLT2i,1,2018-09-20,56,0,1,0,0,0,1,0,2022-12-31,study_end,1563,0,1563,0
13842,DPP4i,0,2020-01-07,73,0,1,0,1,0,1,0,2022-12-31,study_end,1089,0,1089,0
13845,DPP4i,0,2021-11-05,68,1,1,0,0,1,1,0,2022-12-31,study_end,421,0,421,0
13846,DPP4i,0,2016-09-18,69,0,0,0,0,0,1,0,2020-03-28,stop,1287,0,2295,0
13849,DPP4i,0,2018-06-08,73,1,0,0,1,0,1,0,2021-10-13,death,1223,0,1223,0
13850,DPP4i,0,2020-10-21,65,0,0,0,0,0,1,0,2022-12-31,study_end,801,0,801,0
13851,DPP4i,0,2016-05-24,59,0,1,0,0,0,1,0,2017-01-27,stop,248,0,2412,0
13853,DPP4i,0,2019-03-25,60,0,0,0,0,0,1,0,2022-12-31,study_end,1377,0,1377,0
13854,DPP4i,0,2021-12-08,59,1,1,0,0,0,0,0,2022-12-31,study_end,388,0,388,0
13856,DPP4i,0,2019-02-21,49,0,0,0,0,0,1,0,2022-12-31,study_end,1409,0,1409,0
13858,DPP4i,0,2021-06-10,52,1,1,1,0,0,1,0,2022-12-31,study_end,569,0,569,0
13860,SGLT2i,1,2021-11-20,58,0,1,0,0,0,1,0,2022-12-31,study_end,406,0,406,0
13861,DPP4i,0,2016-06-21,44,0,1,0,0,0,1,0,2016-10-22,stop,123,0,2384,0
13862,DPP4i,0,2016-08-11,70,1,1,1,0,0,1,0,2022-12-31,study_end,2333,0,2333,0
13863,DPP4i,0,2020-10-01,65,1,1,0,0,0,1,0,2022-12-31,study_end,821,0,821,0
13866,SGLT2i,1,2021-11-01,55,1,1,0,0,0,1,0,2022-12-31,study_end,425,0,425,0
13868,DPP4i,0,2016-04-27,71,0,0,0,0,0,0,0,2022-12-31,study_end,2439,0,2439,0
13869,DPP4i,0,2019-12-30,81,1,0,0,0,0,0,0,2022-01-06,stop,738,0,1097,0
13872,DPP4i,0,2016-05-06,63,1,1,0,0,0,1,0,2017-04-25,death,354,0,354,0
13873,DPP4i,0,2020-11-27,51,0,0,0,0,0,1,0,2022-12-31,study_end,764,0,764,0
13874,SGLT2i,1,2021-10-17,61,1,0,0,0,0,1,0,2022-02-14,stop,120,0,440,0
13876,DPP4i,0,2016-10-11,55,1,1,0,0,0,1,0,2017-03-10,stop,150,0,2272,0
13878,DPP4i,0,2021-06-28,77,1,1,0,0,0,1,0,2021-10-26,stop,120,0,551,0
13879,DPP4i,0,2016-09-13,59,1,1,0,0,0,1,0,2018-09-14,stop,731,0,842,1
13880,DPP4i,0,2020-11-19,62,0,1,0,0,0,1,0,2022-12-31,study_end,772,0,772,0
13882,DPP4i,0,2019-10-15,52,1,1,0,0,0,1,0,2020-06-14,stop,243,0,1173,0
13883,DPP4i,0,2018-04-21,55,1,1,0,0,1,1,0,2018-08-19,stop,120,0,1715,0
13884,DPP4i,0,2021-09-24,50,1,1,0,0,0,1,0,2022-12-31,study_end,463,0,463,0
13886,DPP4i,0,2019-04-25,47,0,1,0,0,0,1,0,2022-12-31,study_end,1346,0,1346,0
13890,DPP4i,0,2016-07-02,66,0,1,0,1,0,0,0,2019-05-29,stop,1061,0,2373,0
13892,DPP4i,0,2020-10-19,67,0,1,1,1,0,0,0,2022-12-31,study_end,803,0,803,0
13895,DPP4i,0,2016-10-02,67,1,0,1,0,0,1,0,2017-04-25,switch,205,0,2281,0
13896,SGLT2i,1,2019-11-03,48,0,0,0,0,0,1,0,2022-12-18,stop,1141,0,1154,0
13897,DPP4i,0,2020-06-19,26,0,0,0,0,0,1,0,2022-02-20,stop,611,0,925,0
13899,DPP4i,0,2017-11-22,66,0,1,0,0,0,0,0,2022-12-31,study_end,1865,0,1865,0
13901,DPP4i,0,2021-03-14,50,0,0,0,0,0,1,0,2022-05-09,stop,421,0,657,0
13903,DPP4i,0,2021-04-18,61,0,0,0,0,0,0,0,2022-12-31,study_end,622,0,622,0
13905,DPP4i,0,2021-06-15,51,1,1,0,0,0,1,0,2022-12-31,study_end,564,0,564,0
13906,DPP4i,0,2020-01-21,50,1,1,0,0,0,1,0,2022-05-30,switch,860,0,1075,0
13908,DPP4i,0,2017-04-24,72,0,1,0,0,0,1,0,2020-04-17,stop,1089,0,2077,0
13909,SGLT2i,1,2021-06-19,50,0,1,0,0,0,1,0,2022-12-31,study_end,560,0,560,0
13911,SGLT2i,1,2016-09-08,79,0,1,1,0,0,1,0,2017-11-08,stop,426,0,1177,0
13912,DPP4i,0,2020-12-20,52,0,0,1,0,0,1,0,2022-12-31,study_end,741,0,741,0
13913,SGLT2i,1,2021-07-11,43,1,1,0,0,0,1,0,2022-12-31,study_end,538,0,538,0
13914,DPP4i,0,2021-03-02,64,1,1,0,0,0,1,0,2021-03-08,switch,6,0,669,0
13915,DPP4i,0,2020-06-12,51,1,0,0,0,0,0,0,2022-12-31,study_end,932,0,932,0
13917,DPP4i,0,2019-09-09,69,0,1,0,0,0,1,0,2022-12-31,study_end,1209,0,1209,0
13918,DPP4i,0,2016-11-25,59,0,0,0,0,0,1,0,2017-04-24,stop,150,0,2227,0
13919,DPP4i,0,2018-07-21,48,0,0,0,0,0,1,0,2022-12-31,study_end,1624,0,1624,0
13920,DPP4i,0,2017-01-09,46,0,1,0,0,0,0,0,2017-05-09,stop,120,0,2182,0
13923,SGLT2i,1,2021-05-25,76,1,1,0,0,0,1,0,2022-07-05,switch,406,0,585,0
13925,DPP4i,0,2021-09-15,66,1,1,0,0,0,1,0,2022-12-31,study_end,472,0,472,0
13926,DPP4i,0,2018-05-05,35,0,1,0,0,0,1,0,2018-10-02,stop,150,0,1701,0
13928,DPP4i,0,2016-09-14,62,0,0,0,0,0,1,0,2020-05-13,stop,1337,0,2299,0
13929,DPP4i,0,2018-08-26,72,0,1,0,0,0,1,0,2022-12-31,study_end,1588,0,1588,0
13931,DPP4i,0,2019-11-08,67,0,1,1,0,0,1,0,2020-04-06,stop,150,0,747,1
13932,DPP4i,0,2019-03-16,69,0,1,0,0,0,0,0,2020-07-27,stop,499,0,1386,0
13933,DPP4i,0,2019-11-01,64,1,1,0,0,0,1,0,2022-12-31,study_end,1156,0,1156,0
13934,DPP4i,0,2021-08-24,40,1,1,0,0,0,1,0,2022-12-31,study_end,494,0,494,0
13935,DPP4i,0,2020-11-15,45,1,0,0,0,0,0,0,2022-12-31,study_end,776,0,776,0
13936,DPP4i,0,2020-06-07,57,0,1,0,0,0,0,0,2022-12-31,study_end,937,0,937,0
13939,DPP4i,0,2019-07-20,64,0,1,0,0,0,1,0,2021-08-23,hhf,765,1,765,1
13940,SGLT2i,1,2017-08-30,46,0,1,0,0,0,1,0,2018-07-12,stop,316,0,1949,0
13942,SGLT2i,1,2017-07-03,68,0,1,0,0,0,1,0,2020-10-24,stop,1209,0,2007,0
13944,DPP4i,0,2020-10-07,66,0,0,0,0,0,1,0,2021-06-08,stop,244,0,815,0
13945,SGLT2i,1,2020-05-13,50,1,1,0,0,0,1,0,2022-12-31,study_end,962,0,962,0
13946,DPP4i,0,2020-05-17,60,1,0,0,0,0,1,1,2021-02-06,stop,265,0,958,0
13947,DPP4i,0,2020-05-29,72,1,1,0,0,0,1,0,2022-02-22,stop,634,0,946,0
13949,DPP4i,0,2017-10-21,48,0,0,1,0,0,1,0,2018-09-22,stop,336,0,1897,0
13950,DPP4i,0,2021-08-15,60,0,0,0,0,0,1,0,2022-12-31,study_end,503,0,503,0
13951,DPP4i,0,2020-01-25,53,0,0,1,0,1,1,0,2020-09-26,stop,245,0,1071,0
13954,DPP4i,0,2021-11-24,58,0,1,0,0,0,0,0,2022-12-31,study_end,402,0,402,0
13957,DPP4i,0,2017-11-22,55,0,1,0,0,0,1,0,2022-12-31,study_end,1865,0,1865,0
13961,DPP4i,0,2019-04-04,52,0,1,0,0,0,1,0,2020-12-02,stop,608,0,1367,0
13964,DPP4i,0,2020-03-30,57,0,1,0,0,1,1,0,2021-09-11,stop,530,0,1006,0
13967,SGLT2i,1,2021-07-30,49,1,0,0,0,0,1,0,2022-12-31,study_end,519,0,519,0
13969,DPP4i,0,2020-06-27,54,1,1,0,0,0,0,0,2022-12-31,study_end,917,0,917,0
13970,SGLT2i,1,2021-03-30,72,0,1,0,0,0,1,0,2022-12-31,study_end,641,0,641,0
13973,DPP4i,0,2018-11-02,63,0,1,0,0,0,1,0,2022-12-31,study_end,1520,0,1520,0
13975,DPP4i,0,2019-06-02,68,0,1,0,0,1,1,0,2022-12-31,study_end,1308,0,1308,0
13976,DPP4i,0,2021-11-30,69,1,1,0,0,0,1,1,2022-12-31,study_end,396,0,396,0
13977,SGLT2i,1,2018-03-16,52,0,1,0,0,0,1,1,2022-12-31,study_end,1751,0,1751,0
13978,DPP4i,0,2018-10-18,57,0,0,0,0,0,1,0,2019-12-23,stop,431,0,1535,0
13980,SGLT2i,1,2021-12-26,38,1,0,0,0,0,1,0,2022-12-31,study_end,370,0,370,0
13981,DPP4i,0,2021-11-16,60,0,0,0,1,0,1,0,2022-12-31,study_end,410,0,410,0
13982,DPP4i,0,2020-07-25,37,0,0,0,0,0,1,0,2022-12-31,study_end,889,0,889,0
13984,DPP4i,0,2021-11-14,71,0,1,0,0,0,1,0,2022-12-31,study_end,412,0,412,0
13985,DPP4i,0,2019-05-10,53,0,0,0,0,0,0,0,2022-12-31,study_end,1331,0,1331,0
13987,DPP4i,0,2020-03-26,57,0,0,0,0,0,0,0,2022-12-31,study_end,1010,0,1010,0
13989,SGLT2i,1,2018-05-15,58,0,1,0,0,0,1,0,2022-12-31,study_end,1691,0,1691,0
13990,DPP4i,0,2020-02-24,53,0,0,0,1,0,1,0,2021-03-01,stop,371,0,1041,0
13991,DPP4i,0,2016-10-16,52,1,0,0,0,0,1,0,2019-02-19,stop,856,0,2267,0
13992,DPP4i,0,2021-05-08,66,0,1,0,1,0,0,0,2022-12-31,study_end,602,0,602,0
13993,DPP4i,0,2021-08-24,37,1,1,0,0,0,0,0,2022-04-27,stop,246,0,494,0
13995,DPP4i,0,2019-01-06,39,0,0,0,0,0,1,0,2019-01-11,switch,5,0,1455,0
13997,DPP4i,0,2017-02-08,45,1,0,0,0,0,0,0,2017-07-11,stop,153,0,2152,0
13999,DPP4i,0,2019-01-03,78,1,0,0,0,0,1,0,2019-12-17,switch,348,0,1458,0
14000,DPP4i,0,2020-11-29,50,0,1,0,0,0,1,0,2022-02-10,stop,438,0,762,0
14004,DPP4i,0,2021-05-12,75,1,1,0,0,0,1,0,2022-12-31,study_end,598,0,598,0
14005,DPP4i,0,2016-11-05,68,0,1,0,0,0,1,0,2020-08-15,stop,1379,0,2247,0
14006,DPP4i,0,2017-07-30,82,0,1,0,0,0,1,0,2022-12-31,study_end,1980,0,1980,0
14008,DPP4i,0,2016-03-27,58,1,0,0,0,0,1,0,2022-12-31,study_end,2470,0,2470,0
14010,DPP4i,0,2016-07-01,70,1,1,0,0,0,1,0,2018-06-26,stop,725,0,2374,0
14014,DPP4i,0,2019-06-20,66,0,0,0,0,0,0,0,2020-11-25,switch,524,0,1290,0
14015,DPP4i,0,2019-07-14,92,1,1,0,1,1,1,1,2020-01-19,stop,189,0,1233,1
14016,DPP4i,0,2017-12-21,60,0,0,0,1,0,1,0,2020-11-02,stop,1047,0,1836,0
14017,DPP4i,0,2018-03-31,69,0,0,0,0,0,0,0,2020-05-25,switch,786,0,1736,0
14019,DPP4i,0,2021-08-26,60,1,1,0,0,0,1,0,2022-02-24,stop,182,0,492,0
14023,DPP4i,0,2018-05-02,79,1,1,0,0,0,1,0,2022-12-31,study_end,1704,0,1704,0
14026,SGLT2i,1,2021-07-19,62,0,0,1,0,0,1,0,2022-09-17,stop,425,0,530,0
14027,DPP4i,0,2020-03-10,61,1,1,0,0,0,1,0,2020-08-07,stop,150,0,1026,0
14035,SGLT2i,1,2020-12-20,39,1,0,0,0,0,1,0,2022-12-31,study_end,741,0,741,0
14038,DPP4i,0,2021-01-07,39,0,0,0,0,0,0,0,2022-12-31,study_end,723,0,723,0
14039,DPP4i,0,2017-12-14,60,1,0,0,0,0,1,0,2018-03-14,stop,90,0,1843,0
14041,DPP4i,0,2016-11-23,74,0,1,1,0,1,1,0,2017-04-22,stop,150,0,1206,0
14042,DPP4i,0,2020-03-25,95,0,1,0,0,0,1,0,2021-06-23,stop,455,0,1011,0
14043,SGLT2i,1,2020-10-18,56,0,0,0,0,0,1,0,2022-12-31,study_end,804,0,804,0
14044,DPP4i,0,2018-11-08,67,1,1,1,0,0,1,0,2022-12-31,study_end,1514,0,1514,0
14045,DPP4i,0,2017-08-14,86,0,1,0,0,0,1,0,2020-03-18,hhf,947,1,947,1
14046,DPP4i,0,2017-04-07,75,1,0,0,1,0,1,0,2019-01-04,stop,637,0,2094,0
14049,DPP4i,0,2020-02-05,60,0,1,0,0,0,1,0,2021-02-09,switch,370,0,1060,0
14050,DPP4i,0,2016-09-10,69,1,1,0,0,0,1,0,2017-05-12,stop,244,0,2303,0
14051,DPP4i,0,2021-01-09,56,0,1,0,0,0,1,0,2022-12-31,study_end,721,0,721,0
14052,SGLT2i,1,2017-05-16,48,0,1,0,0,0,1,1,2021-10-04,stop,1602,0,2055,0
14054,DPP4i,0,2019-11-09,64,1,1,1,0,0,1,0,2022-11-11,stop,1098,0,1148,0
14055,DPP4i,0,2018-10-31,68,0,1,0,0,0,0,0,2019-04-10,stop,161,0,757,0
14057,DPP4i,0,2017-12-06,67,0,1,0,0,0,1,0,2020-02-01,switch,787,0,1851,0
14059,SGLT2i,1,2020-02-20,28,1,0,0,0,0,1,0,2020-05-20,stop,90,0,1045,0
14061,DPP4i,0,2020-03-02,60,0,1,0,0,0,1,0,2021-09-01,switch,548,0,1034,0
14062,DPP4i,0,2016-12-16,72,0,1,0,0,0,1,0,2018-05-30,stop,530,0,2206,0
14063,DPP4i,0,2020-08-27,83,0,1,0,0,1,0,0,2022-12-31,study_end,856,0,856,0
14068,DPP4i,0,2021-03-09,72,1,1,0,0,0,1,0,2022-12-31,study_end,662,0,662,0
14069,DPP4i,0,2018-07-06,67,1,1,1,0,0,0,0,2022-12-31,study_end,1639,0,1639,0
14073,DPP4i,0,2020-09-02,46,0,1,0,0,0,1,0,2022-12-31,study_end,850,0,850,0
14075,DPP4i,0,2020-02-12,67,0,1,0,0,0,1,0,2020-06-11,stop,120,0,1053,0
14078,DPP4i,0,2016-11-24,67,0,1,0,0,0,1,0,2017-12-16,stop,387,0,2228,0
14079,SGLT2i,1,2019-06-27,70,1,0,0,0,0,1,0,2022-12-31,study_end,1283,0,1283,0
14083,DPP4i,0,2021-11-03,75,0,1,1,0,0,0,0,2022-12-30,death,422,0,422,0
14084,SGLT2i,1,2021-04-12,63,1,0,1,0,0,1,0,2021-09-19,stop,160,0,628,0
14086,DPP4i,0,2020-10-04,84,0,1,0,0,1,1,0,2022-11-04,stop,761,0,818,0
14087,DPP4i,0,2016-06-05,43,1,0,0,0,0,1,0,2016-09-03,stop,90,0,2400,0
14088,DPP4i,0,2019-02-09,68,1,0,0,0,0,1,0,2021-12-30,stop,1055,0,1421,0
14090,DPP4i,0,2021-03-05,50,0,1,0,1,0,1,0,2021-04-03,hhf,29,1,29,1
14091,DPP4i,0,2019-07-30,53,1,1,0,0,0,1,0,2022-12-31,study_end,1250,0,1250,0
14093,DPP4i,0,2021-05-16,66,1,1,0,0,0,0,0,2022-11-11,switch,544,0,594,0
14095,SGLT2i,1,2018-11-24,46,0,0,0,0,0,1,0,2022-12-31,study_end,1498,0,1498,0
14097,SGLT2i,1,2020-09-25,72,1,1,0,0,0,1,0,2022-12-31,study_end,827,0,827,0
14100,DPP4i,0,2021-01-02,71,1,1,0,0,0,1,0,2022-12-31,study_end,728,0,728,0
14102,DPP4i,0,2018-03-05,77,1,1,0,0,0,1,0,2018-07-05,hhf,122,1,122,1
14104,DPP4i,0,2017-04-09,67,1,0,0,0,0,1,0,2017-09-09,stop,153,0,2092,0
14105,SGLT2i,1,2021-03-21,62,0,1,0,0,0,1,0,2022-12-31,study_end,650,0,650,0
14106,DPP4i,0,2019-09-14,66,1,0,0,0,0,1,0,2020-05-12,stop,241,0,1204,0
14107,DPP4i,0,2016-08-31,57,0,0,0,0,0,1,0,2022-01-30,stop,1978,0,2313,0
14108,DPP4i,0,2018-11-18,43,1,0,1,0,0,1,0,2019-02-16,stop,90,0,1504,0
14109,DPP4i,0,2018-11-28,51,1,0,0,0,0,0,0,2019-03-28,stop,120,0,1494,0
14111,DPP4i,0,2019-11-11,44,0,1,0,0,0,1,0,2020-07-27,stop,259,0,1146,0
14112,DPP4i,0,2018-03-17,54,0,1,0,0,0,1,0,2019-09-08,stop,540,0,1750,0
14114,SGLT2i,1,2016-07-27,58,0,1,0,0,0,1,0,2018-12-01,stop,857,0,2348,0
14115,DPP4i,0,2018-07-03,50,1,1,0,0,0,1,0,2022-04-02,stop,1369,0,1642,0
14118,DPP4i,0,2018-11-26,60,1,1,0,0,0,1,0,2022-12-31,study_end,1496,0,1496,0
14119,DPP4i,0,2018-12-11,64,0,0,0,0,0,0,0,2022-12-31,study_end,1481,0,1481,0
14120,DPP4i,0,2017-11-07,45,1,0,0,0,0,1,0,2019-07-01,stop,601,0,1880,0
14121,DPP4i,0,2019-06-10,69,1,0,1,0,1,1,0,2020-04-15,death,310,0,310,0
14124,SGLT2i,1,2020-02-23,66,0,1,0,0,0,1,0,2021-12-06,stop,652,0,1042,0
14125,DPP4i,0,2019-03-16,70,0,1,0,0,0,0,0,2020-02-14,stop,335,0,1386,0
14126,SGLT2i,1,2020-07-14,34,0,1,0,0,0,1,0,2021-04-25,stop,285,0,900,0
14128,DPP4i,0,2017-08-05,60,0,0,1,0,0,0,0,2019-06-03,stop,667,0,1974,0
14130,DPP4i,0,2016-04-08,75,1,1,0,0,0,1,0,2016-08-06,stop,120,0,2458,0
14131,SGLT2i,1,2016-09-09,50,0,0,0,0,0,1,0,2017-01-13,stop,126,0,2304,0
14132,DPP4i,0,2021-10-14,77,0,1,0,0,0,0,0,2022-12-31,study_end,443,0,443,0
14133,DPP4i,0,2021-12-11,63,0,0,0,0,0,1,0,2022-12-31,study_end,385,0,385,0
14136,SGLT2i,1,2019-10-31,65,0,0,1,1,0,1,0,2021-01-25,stop,452,0,1157,0
14137,DPP4i,0,2020-08-12,88,1,1,0,0,0,1,0,2022-12-31,study_end,871,0,871,0
14138,DPP4i,0,2021-12-07,76,1,0,0,0,0,0,0,2022-12-31,stop,389,0,389,0
14140,DPP4i,0,2021-04-14,57,0,1,0,0,0,0,0,2022-12-31,study_end,626,0,626,0
14141,DPP4i,0,2018-09-18,62,1,1,1,0,0,1,0,2022-04-24,stop,1314,0,1565,0
14143,DPP4i,0,2020-07-01,79,0,0,0,0,0,0,0,2022-07-10,stop,739,0,913,0
14146,DPP4i,0,2018-11-17,61,0,1,1,0,0,1,0,2019-04-16,stop,150,0,1505,0
14147,SGLT2i,1,2020-11-06,72,0,1,0,0,0,1,0,2022-07-19,stop,620,0,785,0
14150,DPP4i,0,2018-01-23,66,0,1,0,0,0,1,0,2018-12-26,stop,337,0,1803,0
14151,DPP4i,0,2021-05-03,58,0,0,0,0,0,1,0,2022-09-08,stop,493,0,607,0
14152,DPP4i,0,2020-04-19,78,0,0,0,0,0,1,0,2022-12-31,study_end,986,0,986,0
14153,DPP4i,0,2016-07-13,81,1,0,0,0,0,0,0,2017-05-18,stop,309,0,2362,0
14154,SGLT2i,1,2021-07-28,49,0,1,1,0,0,1,0,2022-12-31,study_end,521,0,521,0
14157,SGLT2i,1,2021-08-26,53,0,0,0,0,0,1,0,2022-12-31,study_end,492,0,492,0
14158,DPP4i,0,2017-03-21,77,0,1,0,0,0,1,0,2020-10-04,switch,1293,0,2111,0
14161,SGLT2i,1,2021-08-05,58,1,0,0,0,0,1,0,2022-02-06,stop,185,0,513,0
14162,DPP4i,0,2020-07-03,53,0,1,0,0,0,1,0,2022-12-31,study_end,911,0,911,0
14163,DPP4i,0,2018-06-20,72,1,1,0,0,0,0,0,2020-01-16,death,575,0,575,0
14165,SGLT2i,1,2020-12-20,59,0,1,0,0,0,1,0,2022-02-25,stop,432,0,741,0
14166,DPP4i,0,2021-10-31,41,0,1,0,0,0,1,0,2022-12-31,study_end,426,0,426,0
14167,DPP4i,0,2019-02-23,71,0,1,0,0,0,1,0,2020-07-30,stop,523,0,1407,0
14170,DPP4i,0,2016-05-11,72,0,1,0,0,0,1,0,2016-10-08,stop,150,0,2425,0
14172,DPP4i,0,2017-05-09,53,1,1,0,1,0,1,0,2022-12-31,study_end,2062,0,2062,0
14173,SGLT2i,1,2018-08-21,60,0,1,1,0,0,1,0,2021-09-07,switch,1113,0,1593,0
14174,SGLT2i,1,2020-02-14,62,1,1,0,0,0,1,0,2020-02-17,death,3,0,3,0
14178,DPP4i,0,2021-03-04,55,0,1,0,0,0,1,0,2022-03-20,switch,381,0,667,0
14179,DPP4i,0,2019-12-01,79,0,0,0,0,0,1,1,2020-12-10,stop,375,0,1126,0
14180,DPP4i,0,2019-02-17,46,0,0,0,0,0,0,0,2022-12-31,study_end,1413,0,1413,0
14181,SGLT2i,1,2020-08-18,30,0,1,0,0,0,1,0,2022-12-31,study_end,865,0,865,0
14182,DPP4i,0,2018-07-07,60,0,1,0,0,0,1,0,2020-08-18,stop,773,0,924,1
14183,DPP4i,0,2017-09-18,58,0,0,0,0,0,0,0,2022-12-31,study_end,1930,0,1930,0
14185,DPP4i,0,2020-03-08,80,0,0,0,0,1,1,0,2021-02-01,death,330,0,330,0
14186,SGLT2i,1,2017-06-12,70,1,1,0,0,0,1,0,2020-08-08,hhf,1153,1,1153,1
14188,DPP4i,0,2019-07-16,62,0,1,1,0,0,1,0,2022-12-31,study_end,1264,0,1264,0
14193,DPP4i,0,2017-10-23,60,0,1,0,0,1,1,0,2022-05-03,stop,1653,0,1895,0
14195,DPP4i,0,2017-05-17,32,0,0,0,0,0,1,0,2022-12-31,study_end,2054,0,2054,0
14198,DPP4i,0,2019-05-15,90,1,1,1,1,0,1,0,2020-04-22,hhf,343,1,343,1
14200,DPP4i,0,2021-08-02,55,1,1,0,0,0,1,0,2021-12-05,stop,125,0,516,0
14201,SGLT2i,1,2017-03-30,46,0,0,0,0,0,1,0,2020-06-24,stop,1182,0,2102,0
14203,SGLT2i,1,2019-04-09,63,0,1,1,0,0,1,0,2022-12-31,study_end,1362,0,1362,0
14205,SGLT2i,1,2021-07-27,51,0,0,0,0,0,1,0,2021-11-24,stop,120,0,522,0
14206,DPP4i,0,2021-07-31,70,1,0,0,0,0,1,0,2022-12-31,study_end,518,0,518,0
14208,SGLT2i,1,2020-12-20,44,0,1,0,0,0,1,0,2021-11-23,stop,338,0,741,0
14209,DPP4i,0,2021-01-22,57,1,0,0,0,1,1,0,2021-05-22,stop,120,0,708,0
14210,DPP4i,0,2018-07-21,48,1,1,0,0,0,1,0,2019-01-24,stop,187,0,1624,0
14212,DPP4i,0,2021-09-11,72,0,1,1,1,0,0,0,2022-03-13,stop,183,0,476,0
14213,DPP4i,0,2018-03-17,63,0,1,0,0,0,1,0,2022-08-19,stop,1616,0,1750,0
14216,DPP4i,0,2021-12-19,51,1,1,0,0,0,1,0,2022-12-31,study_end,377,0,377,0
14217,DPP4i,0,2018-08-17,51,0,0,0,0,0,1,0,2022-12-31,study_end,1597,0,1597,0
14219,DPP4i,0,2020-11-20,74,1,1,0,0,0,1,0,2022-02-15,stop,452,0,771,0
14220,DPP4i,0,2021-04-08,48,1,1,0,0,0,1,0,2022-03-14,stop,340,0,632,0
14221,DPP4i,0,2018-03-02,65,0,0,0,0,0,1,0,2022-12-31,study_end,1765,0,1765,0
14230,DPP4i,0,2021-04-26,43,1,1,0,0,0,1,0,2022-12-31,study_end,614,0,614,0
14232,SGLT2i,1,2020-05-27,65,0,0,0,0,0,1,0,2021-02-03,stop,252,0,335,0
14238,DPP4i,0,2016-09-20,62,0,1,0,0,0,1,0,2020-04-02,stop,1290,0,2293,0
14239,DPP4i,0,2021-10-18,74,0,0,0,0,0,1,0,2022-12-31,study_end,439,0,439,0
14240,DPP4i,0,2019-08-13,72,1,1,0,0,0,0,0,2022-12-31,study_end,1236,0,1236,0
14241,DPP4i,0,2020-08-13,53,0,0,0,0,0,1,0,2021-01-14,stop,154,0,870,0
14245,SGLT2i,1,2021-12-22,40,0,0,0,0,0,1,0,2022-07-31,stop,221,0,374,0
14247,DPP4i,0,2018-12-30,66,0,1,0,0,0,1,0,2020-12-13,hhf,714,1,714,1
14249,DPP4i,0,2019-05-20,45,1,0,0,0,0,1,0,2022-12-31,study_end,1321,0,1321,0
14250,DPP4i,0,2018-01-17,44,0,0,0,0,0,1,0,2022-12-31,study_end,1809,0,1809,0
14252,DPP4i,0,2021-06-24,71,0,1,0,0,0,1,0,2022-12-31,study_end,555,0,555,0
14254,DPP4i,0,2021-11-04,81,0,1,0,0,0,1,1,2022-12-31,study_end,422,0,422,0
14255,DPP4i,0,2020-11-08,67,0,1,0,0,0,1,0,2021-04-13,stop,156,0,783,0
14256,SGLT2i,1,2019-10-16,36,0,0,0,0,0,1,0,2022-04-21,stop,918,0,1172,0
14258,DPP4i,0,2016-01-27,84,0,1,0,0,1,1,0,2016-09-27,stop,244,0,2530,0
14260,DPP4i,0,2021-07-13,48,0,0,1,0,0,1,0,2022-12-31,study_end,536,0,536,0
14261,DPP4i,0,2017-10-02,39,1,0,0,0,0,1,0,2018-11-14,switch,408,0,1916,0
14262,SGLT2i,1,2017-08-19,50,0,1,0,0,0,1,0,2018-01-16,stop,150,0,1010,1
14266,DPP4i,0,2020-01-16,61,0,0,1,0,1,1,0,2022-12-31,study_end,1080,0,1080,0
14267,SGLT2i,1,2021-10-21,66,0,1,0,0,0,1,0,2022-12-31,study_end,436,0,436,0
14270,DPP4i,0,2016-10-03,68,0,0,0,0,0,0,0,2017-06-07,stop,247,0,2280,0
14271,SGLT2i,1,2021-03-04,61,0,1,0,1,0,0,0,2022-12-31,study_end,667,0,667,0
14278,DPP4i,0,2021-07-08,53,0,1,1,0,0,1,0,2022-02-10,stop,217,0,541,0
14281,DPP4i,0,2016-12-12,55,0,0,0,0,0,1,0,2020-04-24,stop,1229,0,2210,0
14282,SGLT2i,1,2019-03-11,55,0,1,0,0,0,0,0,2019-10-17,switch,220,0,1391,0
14283,DPP4i,0,2017-07-01,79,0,1,1,0,0,0,0,2017-09-29,stop,90,0,2009,0
14285,DPP4i,0,2020-04-23,67,1,1,0,0,0,1,0,2021-01-08,stop,260,0,982,0
14286,SGLT2i,1,2020-06-28,58,1,0,0,0,0,1,0,2021-05-17,stop,323,0,916,0
14288,DPP4i,0,2017-12-29,64,0,0,0,0,1,1,0,2018-05-28,stop,150,0,1828,0
14289,SGLT2i,1,2020-11-27,53,0,0,0,0,0,1,0,2022-11-03,stop,706,0,764,0
14290,SGLT2i,1,2018-03-27,52,0,0,0,0,0,1,0,2018-06-25,stop,90,0,1740,0
14291,DPP4i,0,2019-04-16,63,0,1,0,0,0,1,1,2022-12-31,study_end,1355,0,1355,0
14293,DPP4i,0,2019-07-31,39,0,1,0,0,0,1,0,2020-04-03,stop,247,0,1249,0
14294,DPP4i,0,2018-09-15,51,0,0,0,0,0,1,0,2021-01-11,stop,849,0,1568,0
14295,DPP4i,0,2018-12-24,59,0,1,0,0,0,1,0,2021-10-30,stop,1041,0,1468,0
14296,DPP4i,0,2018-09-11,70,0,0,0,0,0,1,0,2022-03-30,stop,1296,0,1572,0
14304,DPP4i,0,2016-01-25,60,0,1,0,0,0,0,0,2020-09-27,stop,1707,0,2532,0
14306,DPP4i,0,2021-09-02,75,0,1,1,0,0,1,0,2022-11-17,stop,441,0,485,0
14308,DPP4i,0,2020-12-06,79,1,1,0,0,0,1,0,2022-12-31,study_end,755,0,755,0
14309,DPP4i,0,2020-12-13,59,0,1,0,0,0,1,0,2022-09-16,stop,642,0,748,0
14311,DPP4i,0,2020-05-26,79,1,1,0,0,0,1,0,2020-10-23,stop,150,0,949,0
14312,DPP4i,0,2018-08-16,80,0,1,0,0,1,1,0,2018-12-14,stop,120,0,1174,0
14313,DPP4i,0,2018-08-21,63,1,0,0,0,0,0,0,2019-12-05,switch,471,0,1593,0
14314,SGLT2i,1,2018-01-25,77,0,1,0,0,0,1,0,2020-11-27,stop,1037,0,1801,0
14315,DPP4i,0,2017-06-29,62,0,1,0,0,0,0,0,2022-12-31,study_end,2011,0,2011,0
14318,DPP4i,0,2016-11-07,54,0,1,0,0,0,1,0,2018-01-30,stop,449,0,2245,0
14319,DPP4i,0,2018-01-17,78,1,1,1,0,0,1,0,2022-12-31,study_end,1809,0,1809,0
14321,DPP4i,0,2021-09-01,33,1,1,0,0,0,1,0,2022-12-31,study_end,486,0,486,0
14322,SGLT2i,1,2017-07-23,39,0,0,0,0,0,1,0,2017-10-21,stop,90,0,1987,0
14323,DPP4i,0,2016-03-16,48,1,1,0,0,0,1,0,2016-06-14,stop,90,0,2481,0
14324,DPP4i,0,2021-06-18,92,1,0,0,0,0,1,0,2021-11-15,stop,150,0,561,0
14329,SGLT2i,1,2019-10-03,59,0,1,0,0,0,1,0,2020-01-01,stop,90,0,1185,0
14331,DPP4i,0,2021-01-13,29,1,1,0,0,0,1,0,2022-03-23,stop,434,0,717,0
14333,DPP4i,0,2020-01-25,76,0,1,0,0,0,1,0,2022-12-31,study_end,1071,0,1071,0
14334,SGLT2i,1,2018-09-09,61,0,1,0,0,0,1,0,2019-02-06,stop,150,0,1574,0
14335,DPP4i,0,2019-01-18,68,0,0,1,0,0,1,0,2022-12-31,study_end,1443,0,1443,0
14336,DPP4i,0,2021-07-27,72,1,1,0,0,0,1,0,2022-12-31,study_end,522,0,522,0
14337,DPP4i,0,2018-09-12,54,1,0,1,0,0,0,0,2022-12-31,study_end,1571,0,1571,0
14339,DPP4i,0,2018-07-16,51,0,0,0,0,0,1,0,2022-12-31,study_end,1629,0,1629,0
14341,SGLT2i,1,2018-12-20,67,1,1,0,0,0,0,0,2019-09-20,stop,274,0,1472,0
14342,SGLT2i,1,2020-11-05,81,0,1,1,0,1,1,0,2022-01-19,stop,440,0,786,0
14343,DPP4i,0,2016-07-04,74,0,1,0,0,0,1,0,2018-06-19,stop,715,0,2371,0
14344,SGLT2i,1,2020-09-29,61,0,1,0,0,0,1,1,2020-12-28,stop,90,0,823,0
14346,DPP4i,0,2017-12-28,47,0,1,0,0,0,0,0,2018-05-27,stop,150,0,1829,0
14348,DPP4i,0,2020-07-12,74,0,1,0,0,0,1,0,2021-10-14,stop,459,0,902,0
14349,DPP4i,0,2016-11-19,59,1,0,0,0,1,1,0,2017-10-21,stop,336,0,2233,0
14350,SGLT2i,1,2018-12-16,58,0,1,0,0,1,0,0,2022-12-31,study_end,1476,0,1476,0
14352,SGLT2i,1,2021-03-30,54,0,1,0,0,0,1,0,2022-12-31,study_end,641,0,641,0
14353,DPP4i,0,2016-03-10,70,0,1,0,0,1,1,1,2017-02-11,stop,338,0,2487,0
14360,DPP4i,0,2019-11-20,65,1,1,0,0,0,1,0,2022-12-31,study_end,1137,0,1137,0
14361,SGLT2i,1,2019-12-20,56,1,1,0,0,0,1,0,2021-11-20,stop,701,0,1107,0
14366,SGLT2i,1,2020-09-08,57,1,1,0,0,0,1,0,2022-12-31,study_end,844,0,844,0
14368,DPP4i,0,2020-02-23,42,1,1,0,0,0,1,1,2022-12-31,study_end,1042,0,1042,0
14369,SGLT2i,1,2021-09-04,49,1,0,1,0,0,0,0,2022-12-31,study_end,483,0,483,0
14370,SGLT2i,1,2017-12-26,63,1,1,1,0,0,1,0,2018-08-02,stop,219,0,1831,0
14372,DPP4i,0,2018-06-23,92,1,1,0,1,0,1,0,2021-07-26,stop,1129,0,1652,0
14373,DPP4i,0,2021-06-05,47,1,1,0,0,0,1,0,2022-11-09,stop,522,0,574,0
14375,DPP4i,0,2018-10-17,53,1,0,1,0,0,1,0,2020-11-29,stop,774,0,1536,0
14378,SGLT2i,1,2016-05-27,63,0,1,0,0,1,1,0,2017-04-05,stop,313,0,2409,0
14380,DPP4i,0,2019-04-01,42,1,1,0,0,0,1,0,2019-12-19,switch,262,0,1370,0
14382,DPP4i,0,2016-10-19,45,1,0,0,0,0,1,0,2017-07-30,switch,284,0,2264,0
14383,DPP4i,0,2019-01-14,62,0,1,0,0,0,1,0,2020-03-20,stop,431,0,1447,0
14384,DPP4i,0,2019-07-03,52,1,1,0,0,0,1,0,2022-12-31,study_end,1277,0,1277,0
14387,DPP4i,0,2017-02-10,46,0,0,0,0,0,0,0,2021-12-20,stop,1774,0,2150,0
14388,DPP4i,0,2016-03-12,80,0,1,0,0,1,1,0,2022-01-03,stop,2123,0,2485,0
14389,DPP4i,0,2019-03-09,56,0,1,0,0,0,0,0,2022-12-31,study_end,1393,0,1393,0
14390,DPP4i,0,2019-05-02,79,1,1,0,0,0,1,0,2022-12-31,study_end,1339,0,1339,0
14391,DPP4i,0,2016-08-30,72,1,1,0,0,0,1,0,2017-08-22,switch,357,0,2314,0
14395,DPP4i,0,2021-04-03,62,1,1,1,0,0,0,0,2022-12-31,study_end,637,0,637,0
14396,SGLT2i,1,2018-12-15,82,1,0,1,0,0,1,0,2021-05-13,stop,880,0,1477,0
14397,DPP4i,0,2020-01-04,90,0,1,0,0,0,1,0,2022-04-08,stop,825,0,1092,0
14398,SGLT2i,1,2017-09-15,64,1,0,1,0,0,1,0,2022-12-31,study_end,1933,0,1933,0
14400,SGLT2i,1,2021-04-02,52,1,1,0,0,0,0,0,2022-04-06,stop,369,0,638,0
14401,DPP4i,0,2016-12-15,54,1,1,0,0,0,1,0,2022-12-31,study_end,2207,0,2207,0
14402,SGLT2i,1,2021-04-23,62,1,0,1,0,0,1,0,2022-12-31,study_end,617,0,617,0
14403,DPP4i,0,2016-07-08,45,1,0,0,0,0,1,0,2019-01-01,stop,907,0,2367,0
14406,SGLT2i,1,2018-01-23,59,1,1,0,0,0,1,0,2022-12-31,study_end,1803,0,1803,0
14407,DPP4i,0,2021-02-27,67,1,1,0,0,0,1,0,2022-01-02,hhf,309,1,309,1
14408,DPP4i,0,2020-08-31,62,1,0,0,0,0,1,0,2022-12-31,study_end,852,0,852,0
14409,DPP4i,0,2020-07-18,61,1,0,0,0,0,0,0,2022-12-31,study_end,896,0,896,0
14411,DPP4i,0,2017-05-16,60,0,0,1,0,0,1,0,2018-03-08,stop,296,0,2055,0
14414,DPP4i,0,2017-07-27,78,0,1,0,0,0,1,0,2022-12-31,study_end,1983,0,1983,0
14415,SGLT2i,1,2016-12-04,35,1,1,0,0,0,1,0,2019-08-21,stop,990,0,2218,0
14416,DPP4i,0,2019-08-27,69,1,1,0,0,0,1,0,2020-04-23,stop,240,0,1222,0
14417,DPP4i,0,2016-12-22,72,1,1,0,0,0,1,0,2017-08-07,stop,228,0,2200,0
14418,SGLT2i,1,2018-10-02,63,0,1,0,0,0,1,0,2022-12-31,study_end,1551,0,1551,0
14419,DPP4i,0,2019-11-06,54,1,1,0,0,1,1,0,2020-04-04,stop,150,0,1151,0
14420,DPP4i,0,2019-12-18,59,0,1,0,0,0,1,0,2022-01-25,stop,769,0,1109,0
14424,SGLT2i,1,2021-12-26,59,0,1,1,0,0,1,0,2022-12-31,study_end,370,0,370,0
14426,DPP4i,0,2017-07-05,71,0,1,0,0,0,1,1,2019-12-23,switch,901,0,2005,0
14427,DPP4i,0,2020-04-17,66,1,1,0,0,0,1,1,2020-12-02,stop,229,0,988,0
14428,DPP4i,0,2018-07-04,64,1,0,0,0,0,1,0,2022-12-31,study_end,1641,0,1641,0
14429,DPP4i,0,2021-01-12,31,0,1,0,0,0,1,0,2022-03-24,stop,436,0,718,0
14431,DPP4i,0,2019-09-12,58,1,1,0,0,1,1,0,2022-12-03,stop,1178,0,1206,0
14433,SGLT2i,1,2021-12-22,36,1,1,0,0,0,1,1,2022-12-31,study_end,374,0,374,0
14434,SGLT2i,1,2019-06-05,76,0,1,0,0,0,1,0,2020-10-13,stop,496,0,1305,0
14436,DPP4i,0,2018-08-09,50,0,1,0,1,0,1,0,2021-03-20,stop,954,0,1605,0
14437,DPP4i,0,2021-07-26,76,0,1,0,0,0,1,0,2022-01-05,stop,163,0,523,0
14438,DPP4i,0,2019-03-12,63,1,1,0,0,1,1,0,2019-07-12,stop,122,0,1390,0
14440,DPP4i,0,2016-04-11,48,0,0,0,0,0,1,0,2016-12-11,stop,244,0,2455,0
14441,DPP4i,0,2018-01-28,50,1,1,0,0,0,1,0,2018-06-27,stop,150,0,1798,0
14446,SGLT2i,1,2019-12-12,51,1,1,0,0,0,0,0,2022-12-31,study_end,1115,0,1115,0
14450,DPP4i,0,2019-09-16,62,0,1,0,0,0,1,0,2020-08-20,stop,339,0,1202,0
14454,DPP4i,0,2018-04-22,58,0,1,0,0,0,1,0,2021-07-27,stop,1192,0,1714,0
14455,SGLT2i,1,2021-07-13,52,0,1,0,0,0,1,0,2022-12-31,study_end,536,0,536,0
14457,SGLT2i,1,2018-01-20,63,1,1,0,0,0,1,0,2022-12-31,study_end,1806,0,1806,0
14458,DPP4i,0,2019-07-23,70,1,1,0,0,0,0,0,2020-11-10,stop,476,0,1257,0
14459,DPP4i,0,2019-05-13,64,1,0,0,0,0,0,0,2021-11-27,stop,929,0,1328,0
14463,DPP4i,0,2021-03-16,54,0,1,0,0,0,1,0,2022-06-16,stop,457,0,655,0
14469,DPP4i,0,2017-01-21,66,0,0,0,0,0,1,0,2019-06-29,stop,889,0,2170,0
14470,DPP4i,0,2017-04-06,52,1,1,0,0,0,1,0,2017-09-08,switch,155,0,2095,0
14471,DPP4i,0,2017-09-07,57,0,1,0,0,0,1,0,2021-05-31,stop,1362,0,1634,0
14472,DPP4i,0,2018-01-28,41,0,1,0,0,0,0,0,2018-09-27,stop,242,0,1798,0
14473,DPP4i,0,2019-08-08,73,1,1,1,0,0,1,0,2022-12-31,study_end,1241,0,1241,0
14475,DPP4i,0,2019-07-24,62,1,1,0,0,1,1,0,2022-12-31,study_end,1256,0,1256,0
14476,DPP4i,0,2019-04-05,61,0,0,0,0,0,1,0,2019-07-04,stop,90,0,1366,0
14477,DPP4i,0,2020-11-06,52,0,1,0,0,0,0,0,2021-10-16,stop,344,0,785,0
14478,DPP4i,0,2021-12-02,80,0,1,0,0,1,1,0,2022-12-31,study_end,394,0,394,0
14482,SGLT2i,1,2019-06-18,84,1,1,0,1,0,1,0,2019-09-13,hhf,87,1,87,1
14483,SGLT2i,1,2018-12-18,66,1,1,0,0,0,1,0,2019-10-21,stop,307,0,1474,0
14485,DPP4i,0,2021-04-28,78,1,0,0,0,1,1,0,2021-11-01,hhf,187,1,187,1
14486,DPP4i,0,2020-06-22,52,1,0,0,0,0,1,0,2022-12-31,study_end,922,0,922,0
14487,DPP4i,0,2020-02-03,57,0,1,0,0,0,0,0,2022-12-31,study_end,1062,0,1062,0
14488,DPP4i,0,2017-02-09,50,0,0,0,0,0,0,0,2019-11-03,stop,997,0,2151,0
14489,DPP4i,0,2021-12-01,45,1,0,0,0,0,1,0,2022-12-31,study_end,395,0,395,0
14490,SGLT2i,1,2021-12-21,66,0,1,0,1,1,1,0,2022-12-31,study_end,375,0,375,0
14491,DPP4i,0,2017-05-09,57,0,1,0,0,0,0,0,2019-03-29,stop,689,0,2062,0
14493,DPP4i,0,2020-04-15,60,0,1,0,0,0,1,0,2022-12-31,study_end,990,0,990,0
14497,SGLT2i,1,2019-02-04,61,0,1,0,0,0,0,0,2019-06-04,stop,120,0,1426,0
14499,SGLT2i,1,2021-03-02,68,1,1,0,0,0,1,0,2021-07-30,stop,150,0,669,0
14501,DPP4i,0,2019-02-07,69,0,1,0,0,0,1,0,2022-12-31,study_end,1423,0,1423,0
14502,DPP4i,0,2021-12-29,69,1,1,0,0,0,0,0,2022-12-31,study_end,367,0,367,0
14506,DPP4i,0,2017-10-28,65,1,1,0,0,0,1,0,2020-10-20,stop,1088,0,1890,0
14507,DPP4i,0,2017-04-26,58,0,1,0,0,1,1,0,2019-07-30,stop,825,0,1329,1
14509,DPP4i,0,2016-01-25,60,0,0,0,0,0,1,0,2016-09-21,stop,240,0,2532,0
14512,DPP4i,0,2017-01-10,38,1,1,0,0,0,1,0,2020-10-07,switch,1366,0,2181,0
14515,DPP4i,0,2021-10-10,44,1,1,0,0,0,1,0,2022-12-31,study_end,447,0,447,0
14518,DPP4i,0,2020-09-16,63,0,0,0,0,0,1,0,2022-12-14,stop,819,0,836,0
14521,DPP4i,0,2020-03-27,54,1,1,0,0,0,1,0,2022-12-31,study_end,1009,0,1009,0
14522,DPP4i,0,2020-06-11,72,0,1,0,1,0,1,0,2022-06-21,switch,740,0,752,0
14524,SGLT2i,1,2021-06-19,53,0,0,0,0,0,1,0,2021-11-16,stop,150,0,560,0
14525,DPP4i,0,2021-08-06,70,0,1,0,0,1,0,0,2022-12-31,study_end,512,0,512,0
14532,DPP4i,0,2018-04-14,49,1,0,0,0,0,1,0,2022-12-31,study_end,1722,0,1722,0
14536,DPP4i,0,2021-12-25,51,1,1,0,0,0,0,1,2022-12-31,study_end,371,0,371,0
14538,DPP4i,0,2016-04-03,64,0,0,0,0,0,1,0,2017-12-03,stop,609,0,2463,0
14539,DPP4i,0,2021-04-20,46,0,0,0,0,0,1,0,2022-12-31,study_end,620,0,620,0
14540,DPP4i,0,2020-09-25,78,0,1,1,0,0,0,0,2021-02-27,stop,155,0,827,0
14543,DPP4i,0,2018-07-28,60,1,0,0,0,0,1,0,2019-05-16,stop,292,0,1617,0
14544,DPP4i,0,2018-12-04,45,1,0,0,0,0,1,0,2020-01-31,switch,423,0,1488,0
14545,SGLT2i,1,2019-08-30,64,0,1,0,0,0,1,0,2022-07-26,stop,1061,0,1219,0
14547,DPP4i,0,2020-06-26,47,0,0,0,1,0,1,0,2021-05-26,stop,334,0,918,0
14548,DPP4i,0,2021-09-01,57,1,1,0,0,1,1,1,2022-12-31,study_end,486,0,486,0
14549,DPP4i,0,2019-10-28,74,1,1,0,0,0,0,0,2022-12-31,study_end,1160,0,1160,0
14551,SGLT2i,1,2018-05-22,51,1,1,0,0,0,1,0,2022-12-31,study_end,1684,0,1684,0
14552,DPP4i,0,2018-02-18,60,0,1,1,0,0,1,0,2022-12-31,study_end,1777,0,1777,0
14553,DPP4i,0,2017-12-23,65,1,0,0,0,0,0,0,2018-03-23,stop,90,0,1834,0
14554,DPP4i,0,2017-12-09,36,1,1,0,0,0,1,0,2018-05-08,stop,150,0,1848,0
14555,SGLT2i,1,2021-06-12,56,0,0,0,0,0,1,0,2022-11-24,stop,530,0,567,0
14556,DPP4i,0,2018-11-13,46,0,1,0,0,0,1,0,2022-12-31,study_end,1509,0,1509,0
14557,SGLT2i,1,2021-11-29,27,1,0,1,0,0,1,1,2022-12-31,study_end,397,0,397,0
14558,DPP4i,0,2020-01-21,64,0,0,1,0,0,1,0,2022-10-27,stop,1010,0,1075,0
14564,DPP4i,0,2020-04-06,62,0,1,0,0,0,1,1,2022-12-31,study_end,999,0,999,0
14565,DPP4i,0,2017-04-10,72,0,0,0,0,0,0,0,2022-12-31,study_end,2091,0,2091,0
14566,DPP4i,0,2016-11-04,57,0,0,0,0,0,1,0,2017-12-20,stop,411,0,2248,0
14572,DPP4i,0,2019-05-20,53,1,1,0,0,0,1,1,2019-08-18,stop,90,0,1321,0
14573,DPP4i,0,2019-02-25,70,0,1,1,0,0,1,0,2020-09-03,death,556,0,556,0
14575,DPP4i,0,2019-09-22,75,1,0,1,0,0,1,0,2020-11-30,stop,435,0,1196,0
14576,DPP4i,0,2020-06-09,68,0,1,0,0,0,1,0,2022-12-31,study_end,935,0,935,0
14578,DPP4i,0,2020-07-17,62,0,1,0,0,0,1,0,2021-08-22,switch,401,0,897,0
14580,DPP4i,0,2016-10-01,65,1,1,0,0,0,0,0,2020-05-02,stop,1309,0,2282,0
14581,SGLT2i,1,2021-09-28,69,1,1,0,0,0,1,0,2022-12-31,study_end,459,0,459,0
14583,SGLT2i,1,2021-08-09,51,0,1,0,0,0,1,0,2022-12-20,stop,498,0,509,0
14584,DPP4i,0,2019-10-08,55,0,1,1,0,0,1,0,2021-04-08,stop,548,0,1180,0
14585,DPP4i,0,2020-07-08,45,0,1,0,0,0,0,0,2022-06-01,stop,693,0,906,0
14586,DPP4i,0,2017-01-05,55,1,1,0,0,0,1,0,2022-12-31,study_end,2186,0,2186,0
14587,SGLT2i,1,2020-10-21,29,0,0,0,0,0,1,0,2022-03-03,stop,498,0,801,0
14589,SGLT2i,1,2017-08-04,76,0,1,0,0,0,1,0,2022-12-31,study_end,1975,0,1975,0
14590,DPP4i,0,2021-05-04,71,0,0,0,1,0,1,0,2021-08-02,stop,90,0,606,0
14592,DPP4i,0,2016-09-04,26,0,0,0,0,0,1,1,2018-08-16,stop,711,0,2309,0
14593,DPP4i,0,2016-08-19,56,1,1,0,0,0,1,0,2021-09-04,stop,1842,0,2325,0
14596,DPP4i,0,2016-09-18,66,0,0,0,0,0,0,0,2019-05-31,stop,985,0,2295,0
14599,DPP4i,0,2018-06-18,55,0,1,0,0,0,0,0,2019-05-11,stop,327,0,1657,0
14600,DPP4i,0,2019-07-17,61,1,1,0,0,0,1,0,2022-12-31,study_end,1263,0,1263,0
14601,DPP4i,0,2017-12-16,58,0,0,0,0,0,1,0,2020-03-02,stop,807,0,1841,0
14604,DPP4i,0,2017-10-21,65,1,0,0,0,0,1,0,2019-01-09,switch,445,0,1897,0
14606,DPP4i,0,2021-05-24,67,0,1,0,0,0,1,1,2022-12-31,study_end,586,0,586,0
14610,SGLT2i,1,2021-12-30,32,0,0,0,0,0,1,0,2022-12-31,study_end,366,0,366,0
14615,DPP4i,0,2016-01-08,72,1,1,0,0,0,0,0,2017-04-05,stop,453,0,2549,0
14619,SGLT2i,1,2019-10-03,74,0,1,0,0,0,1,0,2021-07-12,stop,648,0,1185,0
14621,DPP4i,0,2017-12-13,55,0,0,0,0,0,1,0,2018-05-12,stop,150,0,1844,0
14622,DPP4i,0,2016-03-12,37,1,1,0,0,0,1,0,2019-09-12,switch,1279,0,2485,0
14623,SGLT2i,1,2019-01-18,58,1,0,1,1,0,1,0,2021-07-16,stop,910,0,1443,0
14624,DPP4i,0,2019-05-05,81,1,1,1,0,0,1,0,2019-08-26,switch,113,0,1336,0
14625,DPP4i,0,2018-05-21,48,0,0,0,0,0,1,0,2021-03-13,stop,1027,0,1685,0
14627,SGLT2i,1,2021-01-22,79,0,0,1,0,0,1,0,2022-12-31,study_end,708,0,708,0
14628,DPP4i,0,2020-06-27,59,0,1,0,0,0,1,0,2022-11-14,stop,870,0,917,0
14629,DPP4i,0,2021-04-19,89,0,1,0,0,0,1,0,2021-07-08,hhf,80,1,80,1
14630,SGLT2i,1,2016-12-11,61,1,1,0,0,0,1,0,2022-02-14,stop,1891,0,2211,0
14631,DPP4i,0,2020-07-15,64,1,1,0,0,0,1,0,2022-12-31,study_end,899,0,899,0
14633,DPP4i,0,2019-09-19,64,0,1,0,0,0,1,0,2020-01-08,switch,111,0,1199,0
14634,DPP4i,0,2017-05-05,63,0,0,0,0,0,0,1,2019-12-14,stop,953,0,2066,0
14635,DPP4i,0,2017-06-04,63,0,1,0,0,0,1,0,2017-09-02,stop,90,0,2036,0
14636,DPP4i,0,2018-10-24,65,0,1,1,0,0,1,0,2019-06-24,stop,243,0,1529,0
14638,DPP4i,0,2021-10-16,59,0,1,0,0,0,1,0,2022-05-01,stop,197,0,441,0
14639,DPP4i,0,2016-07-10,63,0,0,0,0,1,1,0,2022-12-31,study_end,2365,0,2365,0
14641,DPP4i,0,2019-12-01,71,1,0,0,0,0,1,0,2020-04-29,stop,150,0,1126,0
14643,DPP4i,0,2017-07-20,47,0,1,0,0,0,1,0,2019-10-13,switch,815,0,1990,0
14644,DPP4i,0,2016-12-21,36,1,0,0,0,0,1,0,2019-01-23,stop,763,0,2201,0
14645,SGLT2i,1,2021-02-23,46,0,0,0,0,0,0,0,2022-12-31,study_end,676,0,676,0
14646,SGLT2i,1,2021-05-11,46,0,1,0,0,0,1,0,2021-06-29,switch,49,0,599,0
14647,DPP4i,0,2019-06-22,45,0,1,0,0,0,0,0,2021-01-01,stop,559,0,1288,0
14648,DPP4i,0,2016-05-01,79,1,1,0,0,0,0,0,2021-11-17,stop,2026,0,2435,0
14649,DPP4i,0,2020-08-24,46,0,0,0,0,0,0,0,2021-11-19,stop,452,0,859,0
14651,DPP4i,0,2018-03-05,69,0,1,0,0,0,1,0,2022-12-31,study_end,1762,0,1762,0
14653,SGLT2i,1,2020-05-13,63,1,1,0,0,0,1,0,2022-12-31,study_end,962,0,962,0
14658,DPP4i,0,2021-03-15,69,0,1,1,0,0,1,0,2022-12-31,study_end,656,0,656,0
14662,DPP4i,0,2017-12-16,48,1,1,0,0,0,1,0,2022-12-31,study_end,1841,0,1841,0
14665,DPP4i,0,2017-06-27,53,0,1,0,0,0,1,1,2020-08-15,switch,1145,0,2013,0
14666,DPP4i,0,2018-12-08,64,1,0,0,0,0,0,0,2021-06-05,stop,910,0,1484,0
14668,DPP4i,0,2020-06-30,57,0,1,1,0,0,1,0,2022-12-31,study_end,914,0,914,0
14669,SGLT2i,1,2017-10-25,72,1,1,0,0,0,0,0,2017-12-10,switch,46,0,1893,0
14671,DPP4i,0,2020-09-05,77,0,1,0,0,1,1,0,2022-11-23,hhf,809,1,809,1
14673,DPP4i,0,2020-02-24,47,1,1,0,0,0,1,0,2022-12-31,study_end,1041,0,1041,0
14674,DPP4i,0,2016-05-12,82,1,1,0,0,0,1,0,2022-12-31,study_end,2424,0,2424,0
14679,DPP4i,0,2016-04-20,57,1,1,0,0,0,0,0,2022-12-31,study_end,2446,0,2446,0
14680,DPP4i,0,2021-07-23,49,0,0,1,0,0,1,0,2022-12-31,study_end,526,0,526,0
14685,DPP4i,0,2021-04-27,59,1,1,0,0,0,1,0,2022-12-31,study_end,613,0,613,0
14686,DPP4i,0,2020-02-14,55,0,1,1,0,0,0,0,2022-10-31,stop,990,0,1051,0
14688,DPP4i,0,2021-01-26,55,0,1,1,0,0,1,0,2022-02-23,switch,393,0,704,0
14689,DPP4i,0,2016-04-27,51,0,1,0,0,0,1,0,2016-09-24,stop,150,0,2439,0
14690,SGLT2i,1,2020-02-25,68,0,1,1,0,0,1,1,2021-10-07,stop,590,0,1040,0
14692,DPP4i,0,2020-11-20,57,0,0,0,0,1,1,0,2022-12-31,study_end,771,0,771,0
14696,DPP4i,0,2016-10-05,77,1,1,1,1,0,1,1,2018-06-11,stop,614,0,1765,1
14697,DPP4i,0,2017-01-04,63,0,0,0,0,1,1,0,2019-04-04,stop,820,0,2187,0
14700,DPP4i,0,2016-10-02,82,0,0,0,0,0,0,1,2018-09-12,stop,710,0,2281,0
14702,DPP4i,0,2016-11-29,72,1,1,0,0,0,1,0,2021-11-13,stop,1810,0,2223,0
14707,DPP4i,0,2021-08-07,65,1,1,0,0,0,1,0,2022-12-31,study_end,511,0,511,0
14708,DPP4i,0,2018-05-05,28,1,0,0,0,0,1,1,2020-12-14,stop,954,0,1701,0
14709,DPP4i,0,2019-02-08,81,1,1,0,0,0,1,0,2022-12-31,study_end,1422,0,1422,0
14710,DPP4i,0,2016-07-13,45,0,0,0,0,0,1,0,2016-12-31,switch,171,0,2362,0
14714,DPP4i,0,2019-03-21,58,1,0,0,0,0,1,0,2021-03-06,stop,716,0,1381,0
14715,DPP4i,0,2021-05-14,61,1,1,0,0,0,1,0,2021-09-19,death,128,0,128,0
14716,DPP4i,0,2021-03-16,52,1,1,0,0,0,1,0,2021-12-01,stop,260,0,655,0
14717,DPP4i,0,2018-06-12,47,1,1,0,0,0,0,1,2018-09-10,stop,90,0,1663,0
14718,DPP4i,0,2016-08-04,63,1,0,0,0,0,0,0,2022-12-31,study_end,2340,0,2340,0
14721,SGLT2i,1,2020-03-03,46,1,0,0,0,0,1,1,2021-08-11,stop,526,0,1033,0
14725,SGLT2i,1,2017-12-24,57,0,1,0,0,0,1,0,2018-11-25,stop,336,0,1833,0
14726,DPP4i,0,2021-05-24,62,0,1,1,0,0,1,0,2021-10-21,stop,150,0,586,0
14729,DPP4i,0,2017-07-16,60,0,1,0,0,0,1,0,2019-09-25,stop,801,0,1994,0
14732,SGLT2i,1,2021-10-23,60,1,0,0,0,0,1,0,2022-12-31,study_end,434,0,434,0
14733,DPP4i,0,2021-10-30,47,0,1,0,0,0,0,1,2022-12-31,study_end,427,0,427,0
14734,DPP4i,0,2016-09-25,66,0,0,1,0,0,1,0,2018-03-14,stop,535,0,2288,0
14736,DPP4i,0,2018-10-06,54,0,1,0,0,0,1,0,2022-12-31,study_end,1547,0,1547,0
14739,DPP4i,0,2017-08-06,61,0,0,0,0,1,1,0,2022-12-31,study_end,1973,0,1973,0
14741,DPP4i,0,2017-06-30,68,1,0,0,0,0,1,1,2019-11-18,switch,871,0,2010,0
14742,DPP4i,0,2021-12-16,57,0,0,0,0,0,0,0,2022-12-31,study_end,380,0,380,0
14743,DPP4i,0,2017-04-30,67,0,1,0,0,0,1,0,2017-11-23,stop,207,0,2071,0
14744,DPP4i,0,2016-03-06,68,0,1,0,0,0,1,0,2021-01-19,stop,1780,0,2491,0
14750,DPP4i,0,2019-08-12,46,0,0,1,0,0,1,0,2022-12-31,study_end,1237,0,1237,0
14751,DPP4i,0,2018-01-06,86,1,1,1,0,0,1,0,2018-12-04,stop,332,0,1820,0
14753,DPP4i,0,2017-09-19,57,1,1,0,0,0,1,0,2020-05-19,switch,973,0,1929,0
14754,DPP4i,0,2019-12-26,86,1,1,1,0,0,0,0,2021-06-25,hhf,547,1,547,1
14755,DPP4i,0,2021-07-19,61,1,1,0,0,0,1,0,2022-05-22,stop,307,0,530,0
14756,DPP4i,0,2020-08-29,69,0,1,1,0,0,0,0,2020-12-27,stop,120,0,854,0
14757,DPP4i,0,2016-09-28,44,1,1,0,0,0,1,0,2017-02-18,switch,143,0,2285,0
14758,SGLT2i,1,2020-09-01,67,0,0,0,0,0,1,0,2022-12-31,study_end,851,0,851,0
14762,DPP4i,0,2021-12-05,75,1,1,0,0,1,1,0,2022-03-05,stop,90,0,391,0
14766,DPP4i,0,2018-06-18,77,0,0,0,0,0,1,0,2020-11-18,death,884,0,884,0
14767,DPP4i,0,2020-02-24,46,1,0,0,0,0,1,0,2021-10-12,stop,596,0,1041,0
14768,DPP4i,0,2019-07-09,54,1,1,0,0,0,1,0,2022-05-27,stop,1053,0,1271,0
14769,DPP4i,0,2019-04-29,55,0,0,0,0,0,1,0,2022-12-31,study_end,1342,0,1342,0
14770,DPP4i,0,2016-07-18,71,0,1,1,0,0,1,0,2017-05-24,stop,310,0,2357,0
14771,DPP4i,0,2019-05-14,65,1,0,0,0,0,0,0,2019-10-09,switch,148,0,1327,0
14772,SGLT2i,1,2021-11-23,67,0,1,0,0,0,1,0,2021-12-30,hhf,37,1,37,1
14773,DPP4i,0,2020-06-08,64,0,0,0,0,0,1,1,2021-02-03,stop,240,0,936,0
14774,DPP4i,0,2018-05-20,53,0,0,0,0,0,1,0,2022-08-07,stop,1540,0,1686,0
14775,SGLT2i,1,2017-07-15,71,1,1,1,0,0,0,0,2022-12-31,study_end,1995,0,1995,0
14776,SGLT2i,1,2019-02-10,43,0,1,0,0,0,1,0,2022-12-31,study_end,1420,0,1420,0
14778,SGLT2i,1,2017-11-04,59,0,0,0,0,0,1,0,2018-04-03,stop,150,0,1883,0
14779,DPP4i,0,2021-09-04,75,0,1,0,0,0,1,0,2022-12-31,study_end,483,0,483,0
14780,DPP4i,0,2016-10-27,52,0,0,0,0,0,0,0,2018-04-12,stop,532,0,2256,0
14781,DPP4i,0,2019-03-12,59,1,1,0,0,0,0,0,2022-12-31,study_end,1390,0,1390,0
14783,DPP4i,0,2017-11-18,62,1,0,0,0,0,0,0,2022-12-15,switch,1853,0,1869,0
14784,SGLT2i,1,2018-03-28,58,1,1,0,0,0,1,0,2019-09-22,stop,543,0,1739,0
14785,SGLT2i,1,2018-03-06,37,0,0,0,0,0,1,0,2022-12-31,study_end,1761,0,1761,0
14786,DPP4i,0,2018-08-03,55,1,1,0,0,0,1,1,2019-03-07,switch,216,0,1611,0
14787,DPP4i,0,2020-05-03,68,0,1,0,0,0,0,0,2022-12-31,study_end,972,0,972,0
14788,DPP4i,0,2019-08-26,61,0,1,0,0,0,1,0,2022-09-01,stop,1102,0,1223,0
14789,SGLT2i,1,2019-05-15,53,0,0,0,0,0,1,0,2021-04-19,stop,705,0,1326,0
14791,DPP4i,0,2020-03-26,63,0,1,0,0,0,1,0,2021-03-11,switch,350,0,1010,0
14792,DPP4i,0,2018-01-30,70,0,1,0,0,0,1,0,2020-01-08,death,708,0,708,0
14794,SGLT2i,1,2020-01-10,59,0,0,0,0,0,1,0,2022-12-31,study_end,1086,0,1086,0
14797,DPP4i,0,2016-03-22,61,1,0,0,0,0,1,0,2022-12-31,study_end,2475,0,2475,0
14798,DPP4i,0,2018-11-16,63,1,1,0,0,0,1,0,2021-09-03,stop,1022,0,1506,0
14800,SGLT2i,1,2017-10-09,37,1,0,0,0,0,1,1,2022-12-31,study_end,1909,0,1909,0
14801,DPP4i,0,2020-09-16,65,1,1,0,0,0,1,0,2021-01-14,stop,120,0,836,0
14802,SGLT2i,1,2020-11-05,54,0,0,1,0,0,1,0,2022-12-31,study_end,786,0,786,0
14803,DPP4i,0,2017-12-28,45,0,0,1,0,0,1,0,2022-12-31,study_end,1829,0,1829,0
14804,SGLT2i,1,2018-07-18,59,1,1,0,0,0,1,0,2020-06-19,stop,702,0,1627,0
14805,DPP4i,0,2018-08-21,69,0,0,0,0,0,1,0,2019-07-22,stop,335,0,1593,0
14806,DPP4i,0,2020-08-05,58,1,1,0,1,0,1,0,2022-07-06,stop,700,0,878,0
14807,DPP4i,0,2017-11-13,62,0,1,0,0,0,1,0,2022-10-24,stop,1806,0,1874,0
14808,DPP4i,0,2019-06-18,64,1,1,0,0,0,1,0,2021-07-11,stop,754,0,1292,0
14809,DPP4i,0,2019-08-15,64,1,1,1,0,0,1,0,2019-11-13,stop,90,0,1234,0
14810,DPP4i,0,2017-01-21,63,1,1,0,0,0,1,0,2022-12-31,study_end,2170,0,2170,0
14812,DPP4i,0,2021-11-03,68,0,1,1,0,0,1,0,2022-07-07,stop,246,0,423,0
14814,SGLT2i,1,2019-01-08,49,0,0,0,0,0,1,0,2022-12-31,study_end,1453,0,1453,0
14818,DPP4i,0,2019-06-09,66,0,1,0,0,0,1,0,2020-05-01,switch,327,0,1301,0
14819,DPP4i,0,2017-11-16,57,0,0,0,0,0,1,0,2018-07-15,stop,241,0,1871,0
14821,DPP4i,0,2017-05-01,70,1,1,0,0,1,1,0,2021-10-05,stop,1618,0,2070,0
14824,DPP4i,0,2021-08-26,61,1,1,0,0,0,1,0,2022-05-07,stop,254,0,492,0
14826,DPP4i,0,2020-10-01,46,0,1,0,0,0,1,0,2021-07-27,switch,299,0,821,0
14828,SGLT2i,1,2016-08-16,49,0,1,0,0,0,1,0,2017-01-13,stop,150,0,2328,0
14829,DPP4i,0,2019-07-04,50,0,0,0,0,0,1,0,2022-12-31,study_end,1276,0,1276,0
14830,SGLT2i,1,2018-10-07,64,1,1,0,0,0,1,0,2022-11-06,stop,1491,0,1546,0
14833,DPP4i,0,2018-08-18,67,0,1,1,0,0,1,0,2020-04-28,stop,619,0,1596,0
14834,DPP4i,0,2018-09-22,47,1,0,0,0,0,1,1,2018-11-06,switch,45,0,1561,0
14836,DPP4i,0,2021-11-22,43,1,0,0,1,0,1,0,2022-12-31,study_end,404,0,404,0
14837,DPP4i,0,2017-09-12,58,0,0,0,0,0,0,0,2022-12-31,study_end,1936,0,1936,0
14838,DPP4i,0,2020-01-04,60,1,1,0,0,0,0,0,2020-06-02,stop,150,0,1092,0
14839,DPP4i,0,2016-08-30,64,1,1,0,0,0,1,0,2020-06-01,stop,1371,0,2314,0
14841,DPP4i,0,2019-02-01,50,1,1,0,0,0,1,0,2019-05-02,stop,90,0,1429,0
14842,DPP4i,0,2017-06-09,36,0,0,0,0,0,1,0,2018-08-13,stop,430,0,2031,0
14843,SGLT2i,1,2020-05-09,55,0,1,0,0,0,1,0,2020-09-06,stop,120,0,966,0
14844,DPP4i,0,2018-02-07,69,0,0,0,0,0,1,0,2022-12-31,study_end,1788,0,1788,0
14845,DPP4i,0,2017-05-31,56,1,0,0,1,0,1,0,2018-01-30,switch,244,0,1871,1
14846,SGLT2i,1,2019-10-11,52,0,0,0,0,0,1,0,2022-12-31,study_end,1177,0,1177,0
14847,DPP4i,0,2021-01-30,78,1,1,0,1,0,1,0,2022-12-31,study_end,700,0,700,0
14848,DPP4i,0,2021-04-26,67,0,1,0,0,0,1,0,2022-08-23,switch,484,0,614,0
14849,DPP4i,0,2018-06-05,72,1,0,0,0,0,1,0,2018-10-07,stop,124,0,442,1
14853,DPP4i,0,2019-10-04,61,0,1,0,0,0,1,0,2021-02-23,switch,508,0,1184,0
14854,DPP4i,0,2018-04-10,60,0,1,0,0,0,1,0,2019-12-07,stop,606,0,1726,0
14855,SGLT2i,1,2019-05-18,48,0,1,0,0,0,1,0,2021-05-24,stop,737,0,1323,0
14856,SGLT2i,1,2021-02-19,58,0,1,0,0,0,1,0,2021-08-19,stop,181,0,680,0
14857,DPP4i,0,2021-04-07,64,1,1,0,0,0,1,0,2022-12-31,study_end,633,0,633,0
14859,DPP4i,0,2021-08-17,78,0,0,0,0,0,1,0,2021-12-17,stop,122,0,501,0
14860,DPP4i,0,2018-06-15,67,0,1,0,0,0,0,0,2022-12-31,study_end,1660,0,1660,0
14861,DPP4i,0,2016-01-02,57,0,0,0,0,0,1,1,2016-08-31,stop,242,0,2555,0
14862,DPP4i,0,2020-08-11,66,1,1,0,0,0,1,0,2022-12-31,study_end,872,0,872,0
14863,DPP4i,0,2016-02-19,74,1,1,0,0,0,1,0,2018-09-13,stop,937,0,1694,0
14864,DPP4i,0,2020-02-23,70,0,0,0,0,0,1,0,2022-12-31,study_end,1042,0,1042,0
14865,DPP4i,0,2017-01-19,64,0,1,0,1,1,1,0,2017-09-23,stop,247,0,2172,0
14866,DPP4i,0,2017-11-14,64,1,1,0,0,0,1,0,2020-05-30,switch,928,0,1873,0
14867,DPP4i,0,2017-09-28,56,1,1,0,0,0,1,0,2018-08-29,stop,335,0,1920,0
14869,DPP4i,0,2018-01-15,58,1,0,0,0,0,1,0,2022-12-31,study_end,1811,0,1811,0
14870,DPP4i,0,2021-04-13,70,0,1,1,0,0,1,0,2021-12-15,stop,246,0,627,0
14871,DPP4i,0,2021-07-03,69,0,1,0,0,0,1,0,2021-10-01,stop,90,0,546,0
14872,DPP4i,0,2018-03-27,54,0,1,0,0,0,1,0,2022-12-31,study_end,1740,0,1740,0
14877,DPP4i,0,2016-10-12,72,0,1,0,0,0,0,0,2019-06-24,stop,985,0,2271,0
14878,DPP4i,0,2017-06-13,66,0,0,0,0,0,1,1,2022-12-31,study_end,2027,0,2027,0
14881,DPP4i,0,2019-02-07,45,0,1,0,0,0,0,0,2021-10-15,stop,981,0,1423,0
14882,DPP4i,0,2020-05-18,45,1,1,0,0,0,1,1,2021-01-19,stop,246,0,957,0
14883,DPP4i,0,2019-07-31,75,1,1,0,1,0,1,0,2022-06-07,stop,1042,0,1249,0
14884,DPP4i,0,2020-06-29,62,1,0,0,0,0,0,0,2022-12-31,study_end,915,0,915,0
14885,DPP4i,0,2021-07-26,80,0,1,0,1,0,1,0,2021-10-21,hhf,87,1,87,1
14887,DPP4i,0,2021-11-05,72,0,1,0,0,0,0,0,2022-02-03,stop,90,0,421,0
14889,DPP4i,0,2018-08-14,68,0,1,1,0,0,1,0,2019-01-11,stop,150,0,466,1
14890,DPP4i,0,2016-04-26,45,1,0,0,0,0,0,0,2018-02-22,switch,667,0,2440,0
14891,SGLT2i,1,2019-11-25,43,1,1,0,0,0,1,0,2022-12-31,study_end,1132,0,1132,0
14893,SGLT2i,1,2021-01-02,68,1,1,0,0,0,1,0,2022-12-31,study_end,728,0,728,0
14894,DPP4i,0,2021-02-17,46,1,0,0,1,0,1,0,2022-12-31,study_end,682,0,682,0
14895,SGLT2i,1,2020-11-01,52,0,1,0,0,0,1,0,2022-12-31,study_end,790,0,790,0
14896,SGLT2i,1,2017-08-03,42,1,1,0,0,0,1,0,2019-01-14,stop,529,0,1976,0
14898,DPP4i,0,2019-02-05,55,1,1,0,0,0,1,0,2022-12-31,study_end,1425,0,1425,0
14899,DPP4i,0,2016-05-30,52,0,1,0,0,0,1,0,2022-05-19,stop,2180,0,2406,0
14901,SGLT2i,1,2020-08-17,49,0,1,0,0,0,1,0,2022-12-31,study_end,866,0,866,0
14902,SGLT2i,1,2020-11-21,71,1,1,0,0,0,1,0,2022-10-14,stop,692,0,770,0
14904,DPP4i,0,2021-04-09,46,1,0,0,0,0,1,0,2022-12-31,study_end,631,0,631,0
14905,DPP4i,0,2017-11-03,50,0,0,0,0,0,1,1,2018-04-01,switch,149,0,1884,0
14906,DPP4i,0,2019-05-06,94,0,1,0,1,0,0,0,2019-07-11,death,66,0,66,0
14907,DPP4i,0,2021-09-19,71,0,1,1,0,0,1,0,2022-12-31,study_end,468,0,468,0
14909,DPP4i,0,2017-06-30,65,1,0,0,0,0,1,0,2022-12-31,study_end,2010,0,2010,0
14910,DPP4i,0,2021-05-14,45,0,0,0,0,0,1,0,2022-03-03,stop,293,0,596,0
14912,DPP4i,0,2018-07-17,58,1,0,0,0,0,1,0,2018-10-15,stop,90,0,1628,0
14914,DPP4i,0,2017-12-17,50,0,1,0,0,0,1,0,2022-08-20,stop,1707,0,1840,0
14916,DPP4i,0,2021-11-26,66,0,1,0,0,0,1,0,2022-12-31,study_end,400,0,400,0
14918,DPP4i,0,2018-01-09,58,1,1,0,0,0,1,0,2022-12-31,study_end,1817,0,1817,0
14920,DPP4i,0,2021-01-24,54,1,1,0,0,0,1,0,2022-12-31,study_end,706,0,706,0
14921,DPP4i,0,2016-12-30,47,1,1,0,0,0,1,0,2017-04-29,stop,120,0,2192,0
14922,DPP4i,0,2016-05-09,55,1,0,0,0,0,0,0,2020-01-03,stop,1334,0,2427,0
14923,DPP4i,0,2019-04-19,65,0,0,0,0,0,1,1,2019-07-18,stop,90,0,1352,0
14926,DPP4i,0,2019-10-29,57,1,1,0,0,0,1,0,2022-12-31,study_end,1159,0,1159,0
14928,DPP4i,0,2019-10-31,58,0,1,0,0,0,1,0,2022-12-31,study_end,1157,0,1157,0
14930,DPP4i,0,2016-06-15,50,0,0,0,0,0,1,0,2017-12-13,stop,546,0,2390,0
14931,DPP4i,0,2020-08-03,51,1,1,0,0,0,1,0,2022-04-10,stop,615,0,880,0
14934,DPP4i,0,2017-06-05,87,0,1,1,0,0,1,0,2020-08-28,death,1180,0,1180,0
14936,DPP4i,0,2018-11-04,60,0,0,0,0,0,1,0,2020-08-05,switch,640,0,1518,0
14937,SGLT2i,1,2018-12-31,60,0,1,0,0,0,1,0,2019-11-03,stop,307,0,1461,0
14938,DPP4i,0,2021-10-01,79,0,0,0,0,0,1,0,2022-08-19,stop,322,0,403,1
14939,DPP4i,0,2020-10-29,78,1,1,0,0,0,1,0,2022-12-31,study_end,793,0,793,0
14941,DPP4i,0,2017-05-16,66,1,0,0,0,0,0,0,2021-05-04,stop,1449,0,2055,0
14942,DPP4i,0,2020-11-29,87,1,1,0,0,0,1,0,2021-02-17,death,80,0,80,0
14944,DPP4i,0,2019-08-06,75,0,1,0,0,1,0,0,2019-11-04,stop,90,0,1243,0
14947,SGLT2i,1,2021-02-01,40,0,1,0,0,0,1,0,2022-01-05,stop,338,0,698,0
14949,DPP4i,0,2018-04-11,69,1,1,0,0,1,1,0,2018-09-08,stop,150,0,1406,1
14950,DPP4i,0,2017-06-15,51,1,0,0,0,0,0,0,2017-12-13,stop,181,0,2025,0
14951,DPP4i,0,2017-05-31,30,0,0,0,0,0,1,1,2020-05-08,stop,1073,0,2040,0
14952,DPP4i,0,2017-05-15,55,1,1,0,0,0,1,0,2017-10-28,switch,166,0,2056,0
14954,DPP4i,0,2017-06-01,54,1,0,0,0,0,1,1,2020-03-21,stop,1024,0,2039,0
14956,DPP4i,0,2020-02-03,48,0,0,0,0,0,1,0,2022-12-31,study_end,1062,0,1062,0
14957,DPP4i,0,2021-04-10,72,1,0,0,0,0,1,0,2022-12-31,study_end,630,0,630,0
14960,DPP4i,0,2019-07-13,46,0,0,0,0,1,0,0,2020-10-11,stop,456,0,1267,0
14964,DPP4i,0,2016-06-05,47,0,0,1,0,0,1,0,2018-12-08,switch,916,0,2400,0
14966,DPP4i,0,2020-02-18,60,0,1,0,0,0,1,1,2020-02-29,switch,11,0,1047,0
14970,DPP4i,0,2019-11-02,62,1,1,0,0,0,1,0,2020-03-01,stop,120,0,1155,0
14971,DPP4i,0,2018-12-19,54,0,1,0,0,0,0,0,2019-10-13,switch,298,0,1473,0
14972,DPP4i,0,2016-11-06,48,1,1,0,0,0,1,0,2022-01-29,switch,1910,0,2246,0
14973,DPP4i,0,2016-10-21,50,0,1,0,0,0,1,0,2022-12-31,study_end,2262,0,2262,0
14976,DPP4i,0,2017-02-06,43,1,0,0,0,0,1,0,2017-06-12,stop,126,0,2154,0
14979,DPP4i,0,2021-01-26,51,1,0,1,0,0,1,1,2022-12-31,study_end,704,0,704,0
14980,DPP4i,0,2021-01-10,65,0,0,0,0,0,0,0,2022-06-18,stop,524,0,720,0
14981,DPP4i,0,2020-03-30,41,1,0,0,0,0,1,0,2020-04-21,switch,22,0,1006,0
14982,DPP4i,0,2020-12-16,85,0,0,0,0,1,1,0,2021-05-15,stop,150,0,624,0
14983,DPP4i,0,2016-02-17,32,0,1,0,0,0,1,0,2022-10-13,stop,2430,0,2509,0
14987,SGLT2i,1,2018-11-04,63,0,1,0,1,0,1,0,2019-03-04,stop,120,0,1518,0
14988,DPP4i,0,2021-11-06,57,0,1,0,0,0,1,0,2022-04-05,stop,150,0,420,0
14989,DPP4i,0,2021-03-11,70,0,1,0,0,0,1,0,2021-11-30,stop,264,0,660,0
14992,DPP4i,0,2018-10-20,52,0,1,0,0,0,1,0,2019-03-11,switch,142,0,1533,0
14993,DPP4i,0,2016-03-18,44,0,0,0,0,0,1,0,2016-09-24,stop,190,0,2479,0
14994,DPP4i,0,2016-09-23,67,0,1,0,0,0,1,0,2020-02-29,stop,1254,0,2290,0
14997,SGLT2i,1,2020-12-09,49,0,0,0,0,0,1,0,2022-12-31,study_end,752,0,752,0
15003,DPP4i,0,2018-07-22,82,1,1,0,0,0,0,0,2022-12-31,study_end,1623,0,1623,0
15004,DPP4i,0,2020-04-23,66,1,0,1,0,0,1,0,2022-12-31,study_end,982,0,982,0
15006,DPP4i,0,2016-04-17,37,1,0,0,0,0,0,0,2018-07-14,stop,818,0,2449,0
15008,DPP4i,0,2021-12-08,61,1,0,0,0,0,1,0,2022-06-09,stop,183,0,388,0
15010,DPP4i,0,2019-06-07,55,0,1,0,0,0,1,0,2020-06-24,switch,383,0,1303,0
15011,DPP4i,0,2020-08-29,43,0,0,0,0,0,1,1,2022-09-11,stop,743,0,854,0
15012,DPP4i,0,2020-01-31,53,1,0,0,0,0,1,0,2022-12-31,study_end,1065,0,1065,0
15014,DPP4i,0,2021-06-12,65,0,0,0,1,0,1,0,2021-08-06,hhf,55,1,55,1
15017,DPP4i,0,2019-03-25,58,1,1,0,0,0,1,0,2021-07-01,stop,829,0,1377,0
15018,DPP4i,0,2017-05-19,56,0,0,0,0,0,0,0,2022-12-31,study_end,2052,0,2052,0
15020,DPP4i,0,2020-05-24,59,0,1,0,0,0,0,0,2022-12-31,study_end,951,0,951,0
15022,DPP4i,0,2018-11-15,72,0,1,0,0,0,0,0,2020-10-14,stop,699,0,1507,0
15023,DPP4i,0,2021-11-07,49,0,1,0,0,0,1,0,2022-05-30,switch,204,0,419,0
15024,DPP4i,0,2021-01-25,56,1,1,0,0,0,0,1,2021-06-24,stop,150,0,705,0
15027,DPP4i,0,2019-07-28,50,0,0,0,0,0,1,0,2021-01-15,stop,537,0,1252,0
15029,DPP4i,0,2017-10-23,37,0,0,0,0,0,1,0,2019-03-20,stop,513,0,1895,0
15032,DPP4i,0,2016-04-01,62,0,0,0,0,0,0,0,2016-07-15,switch,105,0,2465,0
15034,DPP4i,0,2016-02-06,62,0,1,0,0,0,1,0,2020-08-30,stop,1667,0,2520,0
15035,SGLT2i,1,2021-04-07,51,0,1,0,0,0,1,0,2022-12-31,study_end,633,0,633,0
15036,DPP4i,0,2019-07-30,62,0,1,0,0,0,1,0,2022-12-31,study_end,1250,0,1250,0
15037,DPP4i,0,2021-01-10,59,1,1,0,0,1,0,0,2022-12-31,study_end,720,0,720,0
15038,DPP4i,0,2020-10-07,56,0,1,1,0,0,1,0,2022-12-31,study_end,815,0,815,0
15039,DPP4i,0,2018-01-15,93,1,1,0,0,0,1,0,2021-12-08,death,1423,0,1423,0
15040,DPP4i,0,2021-06-04,51,1,1,0,0,0,1,0,2022-08-07,stop,429,0,575,0
15043,DPP4i,0,2018-03-10,56,1,1,0,1,0,1,1,2018-08-07,stop,150,0,1757,0
15047,DPP4i,0,2016-07-20,68,1,1,0,0,0,0,0,2022-12-31,study_end,2355,0,2355,0
15048,DPP4i,0,2020-01-07,39,1,0,0,0,0,0,0,2020-05-06,stop,120,0,1089,0
15049,DPP4i,0,2019-01-09,61,0,1,0,0,0,1,0,2020-03-12,stop,428,0,1452,0
15051,DPP4i,0,2017-09-14,64,1,1,0,0,0,1,0,2019-06-22,switch,646,0,1934,0
15053,DPP4i,0,2019-11-12,53,1,0,0,0,0,1,0,2022-06-14,switch,945,0,1145,0
15054,DPP4i,0,2019-08-18,59,0,1,0,0,0,1,0,2021-01-02,stop,503,0,1231,0
15055,DPP4i,0,2021-01-01,54,0,0,0,0,0,0,0,2022-12-31,study_end,729,0,729,0
15056,DPP4i,0,2021-08-21,75,0,0,0,0,0,0,1,2022-03-04,stop,195,0,497,0
15059,DPP4i,0,2020-03-27,65,1,0,0,0,0,1,0,2021-03-03,stop,341,0,1009,0
15060,SGLT2i,1,2020-11-22,54,0,0,0,0,0,1,0,2022-12-11,stop,749,0,769,0
15061,DPP4i,0,2021-04-24,62,1,0,0,0,0,1,0,2021-12-24,stop,244,0,616,0
15062,SGLT2i,1,2019-12-17,77,1,1,0,0,1,1,0,2022-12-31,study_end,1110,0,1110,0
15065,SGLT2i,1,2019-07-15,55,0,1,0,0,0,1,0,2022-09-19,stop,1162,0,1265,0
15066,DPP4i,0,2021-04-03,54,0,1,0,0,0,1,0,2021-08-01,stop,120,0,637,0
15067,DPP4i,0,2017-02-19,74,0,1,0,0,0,1,0,2017-06-19,stop,120,0,1514,1
15070,SGLT2i,1,2018-03-27,71,0,1,0,0,1,1,0,2018-11-29,stop,247,0,1411,0
15072,DPP4i,0,2017-08-05,54,1,1,0,0,0,1,0,2021-09-13,stop,1500,0,1974,0
15074,DPP4i,0,2020-07-20,56,0,0,0,0,0,1,0,2021-09-05,switch,412,0,894,0
15079,DPP4i,0,2021-05-04,60,0,1,0,0,0,0,0,2022-12-31,study_end,606,0,606,0
15083,DPP4i,0,2020-12-17,89,1,1,0,0,0,1,0,2021-06-09,death,174,0,174,0
15084,DPP4i,0,2018-12-07,65,0,1,1,1,0,0,0,2022-12-31,study_end,1485,0,1485,0
15085,SGLT2i,1,2021-10-07,40,0,1,0,0,0,1,0,2022-12-31,study_end,450,0,450,0
15086,DPP4i,0,2018-10-16,67,0,1,0,0,0,1,1,2022-12-31,study_end,1537,0,1537,0
15087,DPP4i,0,2018-06-25,52,0,0,0,0,0,1,0,2022-12-31,study_end,1650,0,1650,0
15088,DPP4i,0,2021-04-13,56,0,0,0,0,1,1,0,2022-12-31,study_end,627,0,627,0
15089,DPP4i,0,2017-07-31,44,1,0,0,0,0,1,0,2020-08-25,stop,1121,0,1979,0
15092,DPP4i,0,2020-04-03,68,1,1,0,0,0,1,0,2020-08-31,stop,150,0,1002,0
15094,DPP4i,0,2018-02-21,79,1,1,0,0,0,1,0,2020-06-25,switch,855,0,1774,0
15096,DPP4i,0,2021-08-31,67,0,1,1,0,0,1,0,2022-12-31,study_end,487,0,487,0
15098,SGLT2i,1,2020-01-05,39,0,0,0,0,0,1,0,2020-06-03,stop,150,0,1091,0
15099,DPP4i,0,2016-07-01,72,0,1,0,0,0,1,0,2016-11-05,stop,127,0,2374,0
15100,DPP4i,0,2018-08-09,60,1,0,0,0,0,1,0,2022-12-31,study_end,1605,0,1605,0
15101,DPP4i,0,2021-07-15,72,0,1,0,0,0,1,0,2022-12-31,study_end,534,0,534,0
15102,DPP4i,0,2017-04-09,47,0,0,0,0,0,1,0,2017-12-18,stop,253,0,2092,0
15105,DPP4i,0,2019-01-12,71,0,1,0,0,0,0,0,2019-07-16,stop,185,0,1449,0
15107,DPP4i,0,2021-08-03,79,1,1,1,0,0,1,0,2022-12-31,study_end,515,0,515,0
15110,SGLT2i,1,2019-08-08,54,1,1,0,0,0,1,0,2021-12-05,stop,850,0,1241,0
15112,DPP4i,0,2016-05-24,37,1,0,0,0,0,1,0,2016-10-21,stop,150,0,2412,0
15113,DPP4i,0,2019-10-21,58,1,1,0,0,0,1,0,2022-12-31,study_end,1167,0,1167,0
15115,DPP4i,0,2021-09-22,88,1,0,0,0,0,0,0,2022-12-31,study_end,465,0,465,0
15116,DPP4i,0,2016-07-20,56,1,0,0,0,0,1,0,2019-09-25,stop,1162,0,2355,0
15117,DPP4i,0,2020-07-21,68,1,1,1,0,0,1,0,2022-12-31,study_end,893,0,893,0
15118,DPP4i,0,2016-01-26,83,1,0,0,0,1,1,0,2019-12-16,stop,1420,0,1737,0
15121,DPP4i,0,2019-03-30,49,1,0,0,0,0,1,0,2020-03-07,stop,343,0,1372,0
15126,DPP4i,0,2021-01-21,74,1,1,0,0,0,1,0,2022-12-31,study_end,709,0,709,0
15127,DPP4i,0,2016-08-04,45,1,0,0,0,0,1,1,2017-10-08,stop,430,0,2340,0
15129,DPP4i,0,2019-09-11,57,0,0,0,0,0,0,0,2021-12-17,stop,828,0,1207,0
15130,SGLT2i,1,2017-05-11,49,0,0,0,0,0,1,0,2019-09-01,switch,843,0,2060,0
15136,DPP4i,0,2021-02-27,75,0,1,0,0,0,1,0,2022-11-29,stop,640,0,672,0
15137,SGLT2i,1,2020-07-19,59,1,1,0,0,0,1,0,2022-12-31,study_end,895,0,895,0
15138,DPP4i,0,2019-07-08,51,0,1,0,0,0,1,0,2019-11-05,switch,120,0,1272,0
15140,SGLT2i,1,2021-12-04,40,1,0,0,0,0,1,0,2022-12-31,study_end,392,0,392,0
15141,DPP4i,0,2021-04-09,68,0,0,0,0,0,1,0,2022-08-25,stop,503,0,631,0
15148,SGLT2i,1,2020-04-03,44,0,0,0,0,0,1,0,2022-12-31,study_end,1002,0,1002,0
15149,DPP4i,0,2018-06-14,54,1,0,0,0,0,1,0,2020-01-28,stop,593,0,1661,0
15151,DPP4i,0,2019-10-16,45,0,1,0,0,0,1,0,2021-07-14,switch,637,0,1172,0
15152,SGLT2i,1,2021-10-19,49,0,0,0,0,0,1,0,2022-12-31,study_end,438,0,438,0
15153,DPP4i,0,2019-12-24,56,0,0,0,0,0,1,0,2020-11-15,stop,327,0,1103,0
15155,DPP4i,0,2016-09-29,53,0,0,0,0,0,1,0,2017-05-30,death,243,0,243,0
15159,DPP4i,0,2018-04-01,75,0,0,0,0,0,0,1,2022-12-31,study_end,1735,0,1735,0
15161,DPP4i,0,2017-08-06,57,0,1,0,0,0,1,0,2019-07-03,stop,696,0,1973,0
15164,SGLT2i,1,2019-12-12,69,1,1,0,0,0,1,0,2021-02-28,stop,444,0,1115,0
15165,SGLT2i,1,2020-03-06,38,0,0,0,0,0,1,0,2022-12-31,study_end,1030,0,1030,0
15168,SGLT2i,1,2018-08-16,38,1,0,0,0,0,1,1,2019-07-21,stop,339,0,1598,0
15174,SGLT2i,1,2018-07-20,63,1,1,1,0,0,1,0,2022-09-11,stop,1514,0,1625,0
15176,DPP4i,0,2017-05-10,75,1,1,0,0,0,1,0,2018-01-09,stop,244,0,2061,0
15177,DPP4i,0,2016-05-23,76,0,1,0,0,0,1,0,2017-07-31,stop,434,0,757,1
15179,DPP4i,0,2018-04-18,61,1,0,0,0,0,1,0,2022-12-31,study_end,1718,0,1718,0
15180,SGLT2i,1,2019-02-05,47,0,1,0,0,0,1,0,2019-11-14,stop,282,0,1425,0
15181,DPP4i,0,2017-05-12,54,0,1,0,0,0,0,0,2022-12-31,study_end,2059,0,2059,0
15183,DPP4i,0,2020-06-11,56,0,1,0,0,0,1,0,2022-12-31,study_end,933,0,933,0
15184,DPP4i,0,2016-02-01,69,1,1,0,0,0,0,0,2022-04-04,stop,2254,0,2525,0
15185,DPP4i,0,2021-11-18,52,1,1,0,0,0,1,0,2022-07-18,switch,242,0,408,0
15186,DPP4i,0,2020-09-16,63,0,1,0,0,0,1,0,2022-11-22,switch,797,0,836,0
15187,SGLT2i,1,2019-12-04,37,1,0,0,0,0,1,0,2020-03-03,stop,90,0,1123,0
15194,DPP4i,0,2021-05-23,68,0,1,0,0,0,1,0,2021-07-19,hhf,57,1,57,1
15195,DPP4i,0,2020-08-01,69,1,1,0,0,0,1,0,2022-02-09,stop,557,0,882,0
15196,DPP4i,0,2018-02-08,55,0,0,0,0,0,0,1,2022-12-31,study_end,1787,0,1787,0
15197,DPP4i,0,2016-06-01,83,0,1,0,0,0,1,0,2019-09-16,stop,1202,0,2404,0
15198,SGLT2i,1,2021-01-06,58,0,1,0,0,0,0,0,2022-12-20,stop,713,0,724,0
15201,DPP4i,0,2018-10-11,59,0,1,1,0,0,1,0,2022-12-31,study_end,1542,0,1542,0
15202,DPP4i,0,2016-03-03,67,1,1,0,0,0,1,0,2021-09-30,switch,2037,0,2494,0
15204,DPP4i,0,2019-12-01,50,0,1,0,1,0,1,1,2022-12-31,study_end,1126,0,1126,0
15205,SGLT2i,1,2020-07-30,46,0,0,0,0,0,0,1,2021-09-27,stop,424,0,884,0
15207,DPP4i,0,2017-10-26,50,0,1,1,0,0,1,0,2018-06-30,stop,247,0,1892,0
15208,DPP4i,0,2019-01-06,90,1,1,0,0,0,0,0,2019-12-05,death,333,0,333,0
15209,DPP4i,0,2021-05-18,95,0,1,0,1,0,1,0,2022-09-12,death,482,0,482,0
15213,DPP4i,0,2017-12-11,80,0,0,0,0,0,1,0,2022-06-04,stop,1636,0,1846,0
15214,DPP4i,0,2020-04-01,47,0,0,1,0,0,1,0,2022-12-31,study_end,1004,0,1004,0
15218,DPP4i,0,2021-01-18,61,0,1,0,0,0,1,0,2022-12-31,study_end,712,0,712,0
15220,DPP4i,0,2019-12-14,59,1,0,0,0,0,0,0,2022-12-31,study_end,1113,0,1113,0
15223,DPP4i,0,2018-06-05,73,1,0,0,0,0,0,0,2021-06-12,stop,1103,0,1670,0
15224,DPP4i,0,2019-05-22,61,0,0,0,0,1,1,0,2022-12-31,study_end,1319,0,1319,0
15226,DPP4i,0,2017-01-26,60,0,1,1,0,0,1,0,2017-08-27,stop,213,0,2165,0
15229,DPP4i,0,2016-05-01,42,1,1,1,0,0,1,0,2016-09-19,switch,141,0,1585,0
15233,DPP4i,0,2021-04-23,64,1,1,0,0,0,1,0,2021-08-21,stop,120,0,617,0
15234,DPP4i,0,2019-01-15,73,0,1,1,0,0,0,0,2020-04-04,hhf,445,1,445,1
15235,DPP4i,0,2021-09-23,63,0,0,0,0,0,1,0,2022-08-12,stop,323,0,464,0
15237,DPP4i,0,2019-10-06,73,0,1,0,0,0,1,0,2020-03-09,stop,155,0,1182,0
15238,SGLT2i,1,2020-10-09,63,0,0,0,0,0,1,0,2022-12-31,study_end,813,0,813,0
15240,SGLT2i,1,2021-01-14,55,0,1,0,0,0,1,0,2022-01-19,stop,370,0,716,0
15242,DPP4i,0,2018-07-06,64,1,0,0,0,0,1,0,2022-12-31,study_end,1639,0,1639,0
15243,DPP4i,0,2021-06-28,55,1,0,0,0,0,1,0,2022-12-31,study_end,551,0,551,0
15245,DPP4i,0,2019-04-03,73,0,1,0,0,0,1,0,2022-12-31,study_end,1368,0,1368,0
15247,SGLT2i,1,2020-07-26,69,1,1,0,0,0,1,0,2022-02-11,stop,565,0,888,0
15250,SGLT2i,1,2018-08-22,69,0,1,0,1,0,1,0,2019-02-19,stop,181,0,1592,0
15251,DPP4i,0,2017-09-25,63,0,1,0,0,0,1,0,2022-01-19,stop,1577,0,1923,0
15252,SGLT2i,1,2017-03-18,41,0,0,0,0,0,1,0,2022-12-31,study_end,2114,0,2114,0
15253,DPP4i,0,2017-04-30,65,0,0,0,0,0,0,0,2020-07-27,stop,1184,0,2071,0
15254,SGLT2i,1,2021-04-26,61,0,1,0,0,0,0,0,2022-12-31,study_end,614,0,614,0
15256,DPP4i,0,2020-01-29,60,0,1,0,0,0,1,0,2022-04-18,stop,810,0,1067,0
15258,SGLT2i,1,2021-10-31,65,0,1,0,0,0,1,0,2022-05-03,stop,184,0,426,0
15259,DPP4i,0,2016-01-10,41,1,1,0,0,0,0,1,2019-02-20,stop,1137,0,2547,0
15260,DPP4i,0,2017-11-21,65,1,0,0,0,0,1,0,2022-05-03,stop,1624,0,1866,0
15262,DPP4i,0,2016-03-23,71,1,0,0,0,0,1,0,2022-12-31,study_end,2474,0,2474,0
15264,DPP4i,0,2020-02-28,65,0,1,0,0,0,1,0,2021-04-05,stop,402,0,1037,0
15265,DPP4i,0,2020-02-17,68,0,1,0,0,0,1,0,2022-12-31,study_end,1048,0,1048,0
15269,DPP4i,0,2018-11-03,67,0,1,0,0,0,1,0,2022-12-31,study_end,1519,0,1519,0
15270,DPP4i,0,2020-07-19,81,1,0,0,0,0,1,0,2022-12-31,study_end,895,0,895,0
15271,DPP4i,0,2016-06-12,55,1,0,0,0,0,1,0,2016-11-09,stop,150,0,2393,0
15272,DPP4i,0,2017-08-07,54,0,1,0,0,0,1,0,2018-05-30,stop,296,0,1972,0
15273,DPP4i,0,2016-12-25,62,1,1,0,0,0,1,0,2019-02-05,stop,772,0,2197,0
15275,DPP4i,0,2016-08-01,54,0,1,0,0,1,1,0,2022-12-15,stop,2327,0,2343,0
15276,DPP4i,0,2017-07-22,59,0,1,0,0,0,0,0,2020-04-21,switch,1004,0,1988,0
15277,DPP4i,0,2016-12-26,50,1,1,0,0,0,1,0,2017-09-20,stop,268,0,2196,0
15278,SGLT2i,1,2021-04-27,64,0,1,1,0,0,1,0,2021-07-26,stop,90,0,613,0
15281,SGLT2i,1,2018-10-17,65,0,0,0,0,0,1,0,2019-11-11,stop,390,0,1536,0
15282,DPP4i,0,2019-07-18,45,0,1,0,0,0,1,0,2019-10-16,stop,90,0,1262,0
15287,DPP4i,0,2018-06-19,56,1,1,0,0,0,0,0,2018-10-17,stop,120,0,1656,0
15291,DPP4i,0,2018-07-26,57,1,0,0,0,0,1,0,2018-10-12,switch,78,0,1619,0
15293,DPP4i,0,2019-05-17,78,1,0,1,0,0,1,0,2019-10-20,death,156,0,156,0
15294,DPP4i,0,2017-08-07,57,0,0,0,0,0,1,0,2018-09-09,stop,398,0,1972,0
15295,SGLT2i,1,2021-03-09,40,0,1,0,0,0,1,0,2022-12-31,study_end,662,0,662,0
15296,DPP4i,0,2018-09-26,68,1,1,0,0,0,1,0,2020-09-06,switch,711,0,1557,0
15297,DPP4i,0,2016-09-04,60,1,1,1,0,0,1,0,2017-06-22,switch,291,0,681,0
15298,DPP4i,0,2016-09-25,70,1,1,0,0,0,1,0,2018-03-11,stop,532,0,2288,0
15303,DPP4i,0,2019-02-25,73,0,1,0,0,0,1,0,2019-11-01,stop,249,0,1405,0
15304,SGLT2i,1,2021-11-22,47,1,1,0,0,0,1,1,2022-02-20,stop,90,0,404,0
15305,SGLT2i,1,2021-08-02,57,0,0,0,0,0,0,0,2022-12-24,stop,509,0,516,0
15306,DPP4i,0,2017-12-29,71,0,1,1,0,0,1,0,2020-09-10,stop,986,0,1040,1
15307,DPP4i,0,2020-04-16,51,1,0,0,0,0,1,0,2022-12-31,study_end,989,0,989,0
15308,DPP4i,0,2019-07-09,60,0,1,0,0,0,1,0,2022-12-31,study_end,1271,0,1271,0
15309,DPP4i,0,2019-09-08,39,1,1,1,0,0,1,0,2020-01-06,stop,120,0,1210,0
15310,DPP4i,0,2017-07-05,62,0,1,0,0,0,1,0,2021-10-26,stop,1574,0,2005,0
15312,DPP4i,0,2017-09-16,64,0,1,0,0,0,1,0,2022-12-31,study_end,1932,0,1932,0
15313,DPP4i,0,2019-06-30,58,1,1,0,0,0,0,0,2020-05-20,stop,325,0,1280,0
15314,DPP4i,0,2020-09-28,80,1,0,1,0,0,1,0,2022-05-15,hhf,594,1,594,1
15315,DPP4i,0,2016-04-23,65,0,0,0,0,0,1,1,2022-12-31,study_end,2443,0,2443,0
15317,DPP4i,0,2016-08-27,54,0,0,0,0,0,1,0,2021-11-25,switch,1916,0,2317,0
15321,DPP4i,0,2021-07-11,59,1,1,0,0,0,1,0,2022-03-13,stop,245,0,538,0
15323,DPP4i,0,2021-12-21,51,0,0,0,0,0,0,1,2022-06-29,stop,190,0,375,0
15324,SGLT2i,1,2017-04-11,42,1,0,0,0,0,1,0,2022-12-31,study_end,2090,0,2090,0
15325,DPP4i,0,2016-07-28,68,0,0,0,0,0,1,0,2016-12-25,stop,150,0,2347,0
15326,DPP4i,0,2016-10-29,77,0,1,1,0,0,1,0,2022-12-31,study_end,2254,0,2254,0
15330,DPP4i,0,2016-06-01,60,1,0,0,0,0,1,0,2017-09-21,stop,477,0,2404,0
15331,DPP4i,0,2021-03-15,33,1,0,0,0,0,0,0,2022-12-31,study_end,656,0,656,0
15333,DPP4i,0,2018-11-04,73,0,1,1,0,0,1,0,2019-09-15,stop,315,0,1518,0
15335,DPP4i,0,2017-01-08,46,0,0,0,0,0,0,0,2017-06-07,stop,150,0,2183,0
15342,DPP4i,0,2016-08-17,57,0,1,0,0,0,1,0,2017-01-14,stop,150,0,2327,0
15345,DPP4i,0,2017-04-07,63,1,0,1,0,0,1,0,2020-03-10,stop,1068,0,2094,0
15348,DPP4i,0,2020-10-18,45,1,0,0,0,0,0,0,2022-05-12,stop,571,0,804,0
15350,DPP4i,0,2018-12-13,79,0,0,0,1,0,1,0,2020-02-16,stop,430,0,1346,1
15351,DPP4i,0,2016-12-17,40,1,0,0,0,0,1,0,2022-01-20,stop,1860,0,2205,0
15352,DPP4i,0,2021-04-20,66,1,1,1,0,0,1,1,2022-12-31,study_end,620,0,620,0
15355,SGLT2i,1,2020-01-02,50,0,1,0,0,0,1,0,2022-12-31,study_end,1094,0,1094,0
15356,DPP4i,0,2019-01-22,47,0,1,0,0,0,1,0,2022-12-31,study_end,1439,0,1439,0
15357,DPP4i,0,2016-07-06,67,1,0,0,0,0,1,0,2018-01-26,hhf,569,1,569,1
15358,DPP4i,0,2019-06-13,53,0,1,1,0,0,1,0,2021-03-21,switch,647,0,1297,0
15359,DPP4i,0,2019-01-10,27,1,1,0,0,0,1,0,2022-12-31,study_end,1451,0,1451,0
15360,DPP4i,0,2016-11-05,70,0,1,0,0,0,1,0,2022-03-23,death,1964,0,1964,0
15361,SGLT2i,1,2018-03-28,48,1,0,0,0,0,1,0,2022-12-26,stop,1734,0,1739,0
15362,DPP4i,0,2018-03-21,64,1,1,0,0,0,1,0,2022-12-31,study_end,1746,0,1746,0
15363,DPP4i,0,2021-11-22,68,0,1,0,0,0,1,0,2022-07-10,stop,230,0,404,0
15364,DPP4i,0,2017-05-21,38,1,0,0,0,0,1,0,2022-12-31,study_end,2050,0,2050,0
15365,DPP4i,0,2016-09-19,60,0,0,0,0,0,1,0,2017-03-31,stop,193,0,2294,0
15367,DPP4i,0,2021-03-13,56,0,1,1,0,0,1,0,2022-12-31,study_end,658,0,658,0
15368,DPP4i,0,2021-07-11,74,1,1,0,0,0,1,0,2022-12-31,study_end,538,0,538,0
15370,SGLT2i,1,2021-07-11,51,1,1,0,0,0,0,0,2022-12-31,study_end,538,0,538,0
15372,SGLT2i,1,2018-01-28,55,0,1,0,0,0,1,0,2022-12-31,study_end,1798,0,1798,0
15373,SGLT2i,1,2019-09-19,68,0,0,1,0,0,1,0,2022-12-31,study_end,1199,0,1199,0
15374,SGLT2i,1,2019-11-17,61,0,1,0,0,0,1,0,2022-12-31,study_end,1140,0,1140,0
15379,DPP4i,0,2017-01-16,61,1,1,0,0,0,1,0,2017-07-16,stop,181,0,2175,0
15380,DPP4i,0,2019-02-03,49,1,1,0,0,1,0,0,2019-06-10,stop,127,0,1427,0
15381,SGLT2i,1,2021-10-19,50,1,0,0,0,0,1,0,2022-12-31,study_end,438,0,438,0
15382,DPP4i,0,2019-12-21,83,0,1,1,1,1,1,0,2020-07-03,death,195,0,195,0
15383,SGLT2i,1,2020-02-16,58,1,0,0,0,0,1,0,2022-06-05,stop,840,0,1049,0
15385,DPP4i,0,2020-01-17,53,0,1,0,0,0,1,0,2022-12-31,study_end,1079,0,1079,0
15386,DPP4i,0,2021-10-15,53,0,1,0,0,0,1,0,2022-09-17,switch,337,0,442,0
15388,DPP4i,0,2021-12-22,57,1,0,0,0,0,1,0,2022-12-31,study_end,374,0,374,0
15389,DPP4i,0,2019-08-17,58,0,1,0,0,0,1,0,2022-12-31,study_end,1232,0,1232,0
15391,DPP4i,0,2016-01-17,66,0,1,0,1,0,1,0,2016-11-02,death,290,0,290,0
15392,DPP4i,0,2021-07-29,55,0,0,0,0,0,1,0,2022-09-08,stop,406,0,520,0
15394,SGLT2i,1,2019-06-21,49,0,0,0,0,0,1,0,2022-12-29,stop,1287,0,1289,0
15395,DPP4i,0,2019-02-28,47,0,0,0,0,0,1,0,2021-07-12,stop,865,0,1402,0
15397,DPP4i,0,2019-11-27,59,0,1,0,0,0,1,0,2022-12-31,study_end,1130,0,1130,0
15398,DPP4i,0,2021-02-16,72,1,1,0,0,0,1,0,2022-12-31,study_end,683,0,683,0
15399,DPP4i,0,2018-12-20,76,0,1,0,0,0,1,1,2021-12-19,stop,1095,0,1472,0
15400,DPP4i,0,2016-02-15,66,0,1,1,0,0,1,0,2016-06-14,stop,120,0,2293,1
15402,DPP4i,0,2016-12-17,78,0,1,0,0,0,1,0,2022-07-15,death,2036,0,2036,0
15407,DPP4i,0,2019-11-19,55,0,0,0,0,0,1,0,2020-11-28,stop,375,0,1138,0
15409,SGLT2i,1,2018-01-02,53,1,1,0,0,0,0,0,2018-12-05,stop,337,0,1824,0
15410,DPP4i,0,2019-11-14,75,1,0,0,0,0,1,0,2020-06-22,stop,221,0,1143,0
15413,DPP4i,0,2017-07-16,36,1,0,0,0,0,0,0,2018-03-28,stop,255,0,1994,0
15417,DPP4i,0,2019-07-22,59,1,1,0,0,0,1,0,2022-12-31,study_end,1258,0,1258,0
15418,DPP4i,0,2019-02-11,57,0,1,0,0,0,1,0,2020-07-19,switch,524,0,1419,0
15419,SGLT2i,1,2019-06-01,38,0,0,0,0,0,1,0,2022-12-31,study_end,1309,0,1309,0
15422,DPP4i,0,2021-10-23,65,1,1,1,0,0,0,0,2022-12-31,stop,434,0,434,0
15423,DPP4i,0,2016-12-29,70,1,1,0,0,0,1,0,2019-01-25,stop,757,0,2193,0
15424,DPP4i,0,2017-10-22,53,0,0,0,0,0,0,0,2022-12-31,study_end,1896,0,1896,0
15426,SGLT2i,1,2018-07-04,81,1,1,0,0,0,1,0,2018-10-19,switch,107,0,1641,0
15428,DPP4i,0,2021-09-25,73,0,1,0,0,0,1,0,2022-12-31,study_end,462,0,462,0
15430,DPP4i,0,2019-10-06,65,0,1,0,0,0,1,0,2022-12-31,study_end,1182,0,1182,0
15431,DPP4i,0,2021-10-12,60,1,0,0,0,0,1,0,2022-12-31,study_end,445,0,445,0
15432,DPP4i,0,2019-05-08,62,0,1,0,1,0,0,0,2021-01-17,stop,620,0,1333,0
15433,DPP4i,0,2019-08-28,61,0,0,0,0,0,0,0,2022-12-31,study_end,1221,0,1221,0
15437,DPP4i,0,2018-09-17,40,1,0,0,0,0,1,0,2022-12-31,study_end,1566,0,1566,0
15438,DPP4i,0,2018-01-12,52,0,1,0,0,0,0,0,2019-12-27,stop,714,0,1814,0
15439,DPP4i,0,2017-06-07,55,0,0,0,0,0,1,0,2019-11-04,stop,880,0,2033,0
15442,DPP4i,0,2017-06-13,67,0,0,0,0,0,1,0,2017-09-11,stop,90,0,1300,1
15448,DPP4i,0,2016-12-05,66,1,1,0,0,0,0,0,2017-04-04,stop,120,0,2217,0
15449,DPP4i,0,2020-09-27,77,1,0,0,0,0,1,0,2022-01-16,stop,476,0,825,0
15451,DPP4i,0,2021-08-03,68,0,0,0,0,0,1,0,2022-12-31,study_end,515,0,515,0
15452,DPP4i,0,2017-02-22,74,1,0,1,0,0,1,0,2022-12-31,study_end,2138,0,2138,0
15454,DPP4i,0,2018-01-26,72,0,1,0,0,0,1,0,2018-05-26,stop,120,0,1618,0
15457,DPP4i,0,2016-01-03,70,0,1,0,0,0,1,0,2017-01-12,hhf,375,1,375,1
15459,DPP4i,0,2021-06-21,45,1,0,0,0,0,0,0,2021-11-18,stop,150,0,558,0
15461,DPP4i,0,2019-04-04,79,1,0,0,0,0,1,0,2022-12-31,study_end,1367,0,1367,0
15462,DPP4i,0,2017-12-25,42,1,0,0,0,0,0,0,2022-06-08,stop,1626,0,1832,0
15463,DPP4i,0,2020-10-07,46,1,0,0,0,0,1,0,2020-12-12,hhf,66,1,66,1
15466,DPP4i,0,2021-05-01,82,0,1,0,0,0,1,0,2022-11-27,switch,575,0,609,0
15467,DPP4i,0,2020-07-09,54,1,0,1,0,0,1,0,2022-12-31,study_end,905,0,905,0
15468,DPP4i,0,2016-10-10,52,0,0,0,0,0,1,0,2020-07-26,stop,1385,0,2273,0
15471,DPP4i,0,2020-05-02,40,0,1,0,0,0,1,0,2022-12-31,study_end,973,0,973,0
15472,SGLT2i,1,2021-08-28,70,1,0,1,0,0,1,0,2022-11-18,stop,447,0,490,0
15473,DPP4i,0,2019-07-15,58,0,0,0,0,0,1,0,2022-12-31,study_end,1265,0,1265,0
15476,DPP4i,0,2018-05-06,73,0,1,0,0,0,1,0,2022-12-31,study_end,1700,0,1700,0
15477,DPP4i,0,2017-06-27,52,1,0,0,0,0,1,0,2021-04-27,stop,1400,0,2013,0
15479,DPP4i,0,2016-04-11,71,0,1,0,0,0,1,0,2022-03-01,stop,2150,0,2455,0
15481,DPP4i,0,2020-02-22,55,0,1,0,0,0,1,0,2020-05-22,stop,90,0,1043,0
15484,DPP4i,0,2016-06-28,53,0,1,0,0,0,1,0,2020-08-17,stop,1511,0,2377,0
15486,DPP4i,0,2019-09-04,47,0,0,0,0,0,1,0,2021-10-15,stop,772,0,1214,0
15488,DPP4i,0,2020-03-02,52,0,1,0,0,0,1,0,2021-03-26,stop,389,0,1034,0
15489,SGLT2i,1,2018-11-03,46,1,0,0,0,0,1,0,2020-01-12,hhf,435,1,435,1
15493,SGLT2i,1,2021-06-30,42,1,0,0,0,0,1,0,2022-12-31,study_end,549,0,549,0
15495,DPP4i,0,2020-12-24,70,1,0,0,1,0,0,0,2021-03-24,stop,90,0,737,0
15501,DPP4i,0,2017-01-19,33,0,1,0,0,0,1,0,2022-12-31,study_end,2172,0,2172,0
15502,DPP4i,0,2016-06-21,64,1,1,0,0,0,1,0,2016-09-19,stop,90,0,2384,0
15505,DPP4i,0,2021-05-06,68,1,1,1,0,0,1,0,2021-10-03,stop,150,0,604,0
15508,DPP4i,0,2020-08-22,78,0,1,0,0,1,0,1,2022-12-31,study_end,861,0,861,0
15510,SGLT2i,1,2017-07-17,50,0,1,0,0,0,1,0,2022-12-31,study_end,1993,0,1993,0
15512,DPP4i,0,2016-09-14,56,1,0,1,0,0,1,0,2021-11-15,stop,1888,0,2299,0
15513,DPP4i,0,2016-05-17,47,1,1,0,0,0,1,0,2019-04-15,switch,1063,0,2419,0
15515,DPP4i,0,2018-06-11,69,0,0,1,0,0,1,1,2020-08-10,hhf,791,1,791,1
15516,DPP4i,0,2017-01-01,65,1,0,0,0,0,1,0,2019-01-04,stop,733,0,2190,0
15517,SGLT2i,1,2016-07-03,55,0,1,0,1,0,1,0,2022-12-31,study_end,2372,0,2372,0
15519,DPP4i,0,2019-05-30,51,1,1,0,0,0,0,1,2022-04-06,stop,1042,0,1311,0
15520,DPP4i,0,2019-09-16,54,0,1,0,0,0,1,0,2022-12-31,study_end,1202,0,1202,0
15521,DPP4i,0,2020-07-21,58,1,1,0,0,0,1,0,2022-08-01,switch,741,0,893,0
15522,SGLT2i,1,2018-05-02,51,0,0,0,0,0,1,0,2019-09-21,switch,507,0,1704,0
15523,DPP4i,0,2019-08-04,52,0,0,0,0,0,1,0,2020-01-01,stop,150,0,1245,0
15524,DPP4i,0,2021-12-06,95,0,0,1,0,1,1,0,2022-12-31,study_end,390,0,390,0
15526,SGLT2i,1,2019-09-26,71,0,0,0,0,0,0,0,2020-03-26,stop,182,0,1192,0
15528,DPP4i,0,2020-08-03,45,1,1,0,0,0,1,0,2022-12-31,study_end,880,0,880,0
15532,DPP4i,0,2021-03-15,68,1,1,0,0,0,1,0,2022-12-31,study_end,656,0,656,0
15533,DPP4i,0,2018-03-17,72,0,0,0,0,0,1,0,2018-06-15,stop,90,0,1750,0
15537,SGLT2i,1,2019-12-14,57,1,1,0,0,0,1,1,2022-12-31,study_end,1113,0,1113,0
15538,DPP4i,0,2017-09-26,36,0,0,0,0,0,1,0,2022-12-31,study_end,1922,0,1922,0
15542,DPP4i,0,2017-12-27,73,0,1,0,0,0,0,0,2018-04-26,stop,120,0,1830,0
15544,DPP4i,0,2019-01-04,63,1,1,0,0,0,1,0,2019-12-02,stop,332,0,1457,0
15545,DPP4i,0,2016-03-18,53,1,0,1,0,0,1,0,2016-09-21,stop,187,0,2479,0
15546,DPP4i,0,2021-11-14,63,1,1,0,1,0,1,0,2022-12-31,study_end,412,0,412,0
15548,SGLT2i,1,2020-03-10,64,0,1,1,0,0,1,0,2020-06-08,stop,90,0,1026,0
15549,DPP4i,0,2018-09-03,75,0,1,0,0,0,0,0,2019-01-01,stop,120,0,1580,0
15551,DPP4i,0,2018-08-18,79,0,0,0,0,0,1,0,2020-11-28,stop,833,0,1425,0
15552,DPP4i,0,2016-12-30,74,0,0,0,0,0,0,0,2019-08-24,switch,967,0,2192,0
15553,DPP4i,0,2018-09-11,72,0,1,0,0,1,0,0,2022-12-31,study_end,1572,0,1572,0
15554,SGLT2i,1,2018-04-29,54,1,0,0,0,0,0,0,2021-12-27,stop,1338,0,1707,0
15555,SGLT2i,1,2021-07-11,64,1,1,0,0,0,1,0,2022-12-31,study_end,538,0,538,0
15559,DPP4i,0,2020-01-06,51,1,0,0,0,0,0,0,2020-06-04,stop,150,0,1090,0
15560,DPP4i,0,2017-09-20,82,0,0,0,0,0,1,0,2020-11-21,stop,1158,0,1928,0
15562,DPP4i,0,2020-02-06,58,0,1,0,0,0,1,0,2022-06-25,stop,870,0,1059,0
15563,DPP4i,0,2019-11-13,56,1,0,0,0,0,1,0,2022-12-31,study_end,1144,0,1144,0
15566,SGLT2i,1,2021-12-07,36,1,0,0,1,0,1,1,2022-12-31,study_end,389,0,389,0
15567,DPP4i,0,2018-09-22,63,0,0,0,0,0,1,0,2021-08-18,hhf,1061,1,1061,1
15569,DPP4i,0,2017-08-24,32,0,1,0,0,0,0,0,2022-12-31,study_end,1955,0,1955,0
15570,DPP4i,0,2021-06-09,68,0,1,1,0,0,1,0,2022-12-31,study_end,570,0,570,0
15571,DPP4i,0,2021-06-15,53,1,1,0,0,0,0,0,2022-12-31,study_end,564,0,564,0
15572,SGLT2i,1,2021-01-30,49,1,0,1,0,0,1,0,2022-12-31,study_end,700,0,700,0
15573,DPP4i,0,2018-01-27,52,0,0,1,0,1,1,0,2022-12-31,study_end,1799,0,1799,0
15576,DPP4i,0,2016-11-24,50,1,0,0,0,0,0,0,2018-07-08,stop,591,0,2228,0
15578,DPP4i,0,2017-05-31,67,1,1,1,0,0,1,0,2021-09-12,stop,1565,0,2040,0
15580,SGLT2i,1,2019-04-13,46,0,0,0,0,0,1,0,2022-12-31,study_end,1358,0,1358,0
15586,SGLT2i,1,2020-12-17,55,1,1,1,0,0,0,0,2022-12-31,study_end,744,0,744,0
15587,DPP4i,0,2016-11-17,82,1,1,0,0,0,0,0,2022-12-31,study_end,2235,0,2235,0
15589,DPP4i,0,2020-08-08,57,0,0,0,0,0,1,0,2021-05-04,stop,269,0,875,0
15590,DPP4i,0,2021-07-07,64,0,0,0,0,0,1,0,2022-12-31,study_end,542,0,542,0
15591,DPP4i,0,2021-11-08,63,0,1,0,0,1,0,0,2022-12-31,study_end,418,0,418,0
15592,DPP4i,0,2016-08-18,58,0,1,1,0,0,1,1,2022-12-31,study_end,2326,0,2326,0
15593,SGLT2i,1,2019-03-14,58,1,0,0,0,0,1,0,2022-12-18,stop,1375,0,1388,0
15595,DPP4i,0,2019-09-18,62,0,0,0,0,0,1,0,2022-12-31,study_end,1200,0,1200,0
15596,SGLT2i,1,2021-06-23,53,0,1,0,0,0,1,0,2022-11-25,switch,520,0,556,0
15598,DPP4i,0,2019-09-05,83,1,1,0,0,0,1,0,2021-06-13,stop,647,0,1202,1
15599,DPP4i,0,2019-08-07,62,0,1,0,0,0,1,0,2022-12-31,study_end,1242,0,1242,0
15600,DPP4i,0,2021-10-28,59,1,1,0,1,0,1,0,2022-12-31,study_end,429,0,429,0
15601,DPP4i,0,2018-01-28,63,1,0,0,0,0,0,0,2019-07-10,switch,528,0,1798,0
15604,DPP4i,0,2021-01-08,44,1,1,0,0,0,1,0,2021-01-11,switch,3,0,722,0
15608,DPP4i,0,2018-10-27,38,0,0,0,0,0,1,0,2022-12-31,study_end,1526,0,1526,0
15609,DPP4i,0,2019-05-06,57,1,0,0,0,0,1,1,2020-07-13,stop,434,0,1335,0
15610,DPP4i,0,2019-07-24,81,0,0,0,0,0,1,0,2019-10-22,stop,90,0,1256,0
15612,DPP4i,0,2016-07-30,83,1,1,0,0,0,1,0,2017-03-31,stop,244,0,2345,0
15613,DPP4i,0,2017-05-23,52,0,0,0,0,0,1,1,2021-11-17,stop,1639,0,2048,0
15616,DPP4i,0,2018-05-30,57,1,0,0,0,0,1,0,2018-10-27,stop,150,0,1676,0
15617,DPP4i,0,2018-04-05,85,1,1,0,0,1,1,0,2018-08-03,stop,120,0,1731,0
15618,DPP4i,0,2020-03-20,82,0,1,0,0,0,1,0,2021-07-24,stop,491,0,1016,0
15619,DPP4i,0,2017-11-08,81,1,1,0,0,0,0,0,2019-04-16,switch,524,0,1839,0
15620,DPP4i,0,2017-08-06,68,1,1,0,0,1,0,0,2017-10-04,switch,59,0,1973,0
15621,DPP4i,0,2018-05-26,85,1,1,0,0,1,1,0,2018-11-30,stop,188,0,1680,0
15623,DPP4i,0,2019-09-07,68,0,1,0,0,0,1,0,2021-08-11,stop,704,0,1211,0
15624,SGLT2i,1,2020-07-27,64,1,1,0,0,0,1,0,2022-12-31,study_end,887,0,887,0
15625,SGLT2i,1,2019-03-19,67,1,1,0,0,1,1,0,2021-07-06,stop,840,0,1383,0
15626,DPP4i,0,2018-01-30,62,0,0,1,0,0,1,0,2020-07-09,stop,891,0,1796,0
15629,DPP4i,0,2021-07-18,60,0,1,0,0,0,1,1,2022-12-31,study_end,531,0,531,0
15630,DPP4i,0,2016-11-20,54,1,0,0,0,0,1,0,2022-12-15,stop,2216,0,2232,0
15631,DPP4i,0,2019-02-19,63,1,0,1,0,0,1,1,2020-04-23,stop,429,0,1411,0
15633,DPP4i,0,2018-12-24,71,0,0,0,0,0,1,0,2020-03-15,stop,447,0,1468,0
15634,DPP4i,0,2016-11-19,38,1,0,0,0,0,1,0,2020-12-10,stop,1482,0,2233,0
15635,DPP4i,0,2019-05-29,60,0,1,0,0,0,0,1,2019-10-26,stop,150,0,1312,0
15640,SGLT2i,1,2019-02-17,40,0,0,0,0,0,1,0,2022-12-31,study_end,1413,0,1413,0
15641,SGLT2i,1,2021-03-30,54,0,0,0,0,0,0,0,2021-10-28,switch,212,0,641,0
15642,DPP4i,0,2016-09-23,65,1,0,0,0,0,1,0,2018-12-18,stop,816,0,840,1
15643,DPP4i,0,2018-11-10,60,1,1,0,0,0,1,0,2020-08-26,switch,655,0,1512,0
15645,DPP4i,0,2017-10-03,64,1,0,0,0,0,1,1,2018-03-02,stop,150,0,1915,0
15646,DPP4i,0,2017-03-02,52,0,1,0,0,0,1,0,2022-12-31,study_end,2130,0,2130,0
15647,DPP4i,0,2016-04-23,57,0,1,0,0,0,1,0,2017-09-18,stop,513,0,2443,0
15649,SGLT2i,1,2020-06-07,84,0,1,0,0,0,0,0,2021-02-19,hhf,257,1,257,1
15652,DPP4i,0,2019-06-14,68,1,1,0,0,0,1,0,2020-07-30,stop,412,0,1296,0
15653,DPP4i,0,2017-10-04,50,0,1,0,0,0,1,0,2018-09-28,stop,359,0,1914,0
15654,DPP4i,0,2016-05-24,54,1,1,0,0,0,1,0,2017-05-31,stop,372,0,2412,0
15659,DPP4i,0,2021-07-23,48,1,1,0,0,0,1,0,2021-10-21,stop,90,0,526,0
15662,DPP4i,0,2021-06-20,64,1,0,0,0,0,1,0,2022-12-31,study_end,559,0,559,0
15665,DPP4i,0,2017-12-02,67,0,1,0,0,0,0,0,2018-08-06,stop,247,0,1855,0
15666,DPP4i,0,2017-11-19,39,0,1,0,0,0,1,0,2018-10-22,stop,337,0,1868,0
15668,DPP4i,0,2019-08-12,61,0,1,0,0,0,1,0,2022-12-31,study_end,1237,0,1237,0
15670,DPP4i,0,2017-12-12,88,1,1,0,0,1,1,0,2018-05-19,stop,158,0,1845,0
15671,DPP4i,0,2021-03-02,44,1,1,0,0,0,1,0,2022-03-07,stop,370,0,669,0
15673,DPP4i,0,2021-02-07,78,1,1,1,0,0,1,0,2022-12-31,study_end,692,0,692,0
15676,SGLT2i,1,2019-01-01,66,0,1,0,0,0,1,0,2019-05-01,stop,120,0,1460,0
15678,SGLT2i,1,2018-12-25,63,1,1,0,0,0,1,0,2022-03-16,stop,1177,0,1467,0
15679,DPP4i,0,2020-04-25,56,0,0,0,0,0,0,0,2022-12-31,study_end,980,0,980,0
15682,SGLT2i,1,2016-03-10,58,0,0,0,0,0,1,0,2016-07-08,stop,120,0,2487,0
15684,DPP4i,0,2019-01-16,70,0,1,0,0,0,1,0,2021-11-03,stop,1022,0,1445,0
15685,SGLT2i,1,2017-01-03,69,1,1,0,0,0,1,0,2022-12-31,study_end,2188,0,2188,0
15686,DPP4i,0,2016-09-10,60,0,0,0,0,0,1,0,2021-04-08,stop,1671,0,2303,0
15687,DPP4i,0,2017-01-12,68,0,1,0,0,0,1,0,2020-12-08,stop,1426,0,2179,0
15689,DPP4i,0,2017-08-08,59,0,0,0,0,0,0,0,2021-08-10,stop,1463,0,1971,0
15692,SGLT2i,1,2020-12-04,46,0,0,0,0,0,1,0,2022-12-31,study_end,757,0,757,0
15695,DPP4i,0,2019-01-30,59,1,1,0,0,0,1,0,2020-01-10,switch,345,0,1431,0
15696,DPP4i,0,2017-06-05,60,0,1,0,0,0,1,0,2022-03-01,stop,1730,0,2035,0
15698,SGLT2i,1,2021-10-23,59,1,0,0,0,0,1,0,2022-12-31,study_end,434,0,434,0
15699,SGLT2i,1,2020-07-21,32,1,0,0,0,0,1,0,2022-12-31,study_end,893,0,893,0
15703,DPP4i,0,2016-01-24,58,0,1,0,1,0,1,0,2018-10-07,stop,987,0,2311,0
15704,DPP4i,0,2019-02-26,41,0,0,1,0,0,1,0,2022-12-31,study_end,1404,0,1404,0
15706,DPP4i,0,2021-08-03,69,1,1,0,0,0,1,0,2022-10-22,stop,445,0,515,0
15712,DPP4i,0,2018-07-16,63,1,1,0,0,0,1,0,2019-05-21,stop,309,0,1629,0
15713,DPP4i,0,2021-04-11,31,0,0,0,0,0,1,0,2022-12-31,study_end,629,0,629,0
15714,DPP4i,0,2020-03-19,48,1,0,0,0,0,1,0,2022-12-18,stop,1004,0,1017,0
15715,DPP4i,0,2016-12-22,73,0,0,1,0,1,1,0,2019-02-11,stop,781,0,1675,1
15716,DPP4i,0,2019-07-23,57,1,1,0,0,0,1,0,2021-04-11,stop,628,0,1257,0
15718,DPP4i,0,2017-11-10,56,0,1,0,0,0,0,0,2020-07-06,switch,969,0,1877,0
15720,DPP4i,0,2017-01-19,63,1,1,0,1,0,1,0,2017-07-06,hhf,168,1,168,1
15721,DPP4i,0,2017-11-01,81,0,1,0,0,0,1,0,2019-03-11,stop,495,0,513,0
15728,DPP4i,0,2021-04-11,55,0,1,0,0,0,1,0,2022-12-31,study_end,629,0,629,0
15729,DPP4i,0,2021-03-07,41,1,1,0,0,0,1,0,2022-01-11,stop,310,0,664,0
15730,DPP4i,0,2020-05-20,69,1,0,0,0,0,0,0,2021-03-31,hhf,315,1,315,1
15731,SGLT2i,1,2017-04-27,44,0,0,0,0,0,1,0,2022-05-01,switch,1830,0,2074,0
15733,DPP4i,0,2016-02-21,72,1,1,0,0,0,0,0,2022-12-31,study_end,2505,0,2505,0
15736,DPP4i,0,2021-12-27,46,0,1,0,0,0,1,0,2022-12-31,study_end,369,0,369,0
15740,DPP4i,0,2017-07-01,75,1,1,0,0,0,0,0,2020-05-27,stop,1061,0,2009,0
15742,DPP4i,0,2021-06-25,71,0,1,0,0,0,0,0,2021-12-21,switch,179,0,554,0
15743,SGLT2i,1,2021-10-04,70,1,1,0,0,0,1,0,2022-01-02,stop,90,0,453,0
15744,DPP4i,0,2017-10-07,54,1,0,0,0,0,0,0,2021-10-04,stop,1458,0,1911,0
15745,DPP4i,0,2018-04-03,67,0,1,0,0,0,1,0,2022-08-25,stop,1605,0,1733,0
15749,DPP4i,0,2020-08-13,31,0,0,0,0,0,1,0,2022-09-06,stop,754,0,870,0
15752,SGLT2i,1,2021-06-04,57,1,0,0,0,0,1,0,2022-08-29,stop,451,0,575,0
15753,DPP4i,0,2018-06-08,89,1,0,0,0,1,1,0,2018-11-07,hhf,152,1,152,1
15754,SGLT2i,1,2021-09-18,67,0,1,0,0,0,1,0,2022-12-31,study_end,469,0,469,0
15757,DPP4i,0,2020-06-30,71,1,1,0,0,0,1,0,2022-04-04,switch,643,0,914,0
15759,DPP4i,0,2016-06-14,64,0,0,0,0,0,0,0,2017-08-19,stop,431,0,2391,0
15760,DPP4i,0,2018-07-27,74,1,0,0,0,0,0,1,2018-10-25,stop,90,0,1618,0
15763,DPP4i,0,2020-06-25,68,1,1,0,0,1,1,0,2022-12-31,study_end,919,0,919,0
15764,DPP4i,0,2017-04-07,56,1,1,0,0,0,0,0,2018-08-20,stop,500,0,1465,1
15766,DPP4i,0,2017-10-20,64,0,1,0,0,0,1,1,2019-11-30,stop,771,0,1898,0
15767,DPP4i,0,2016-05-20,40,0,0,0,0,0,1,0,2018-11-22,stop,916,0,2416,0
15769,DPP4i,0,2016-04-16,61,0,0,0,0,0,1,1,2018-11-14,switch,942,0,2450,0
15770,DPP4i,0,2017-02-21,57,1,1,0,0,0,1,0,2022-12-31,study_end,2139,0,2139,0
15772,DPP4i,0,2017-11-02,58,1,1,1,0,0,1,0,2022-12-31,study_end,1885,0,1885,0
15774,SGLT2i,1,2018-07-18,79,1,1,0,0,0,1,0,2020-06-17,switch,700,0,1627,0
15775,DPP4i,0,2019-03-26,68,1,0,0,0,0,1,0,2022-12-31,study_end,1376,0,1376,0
15778,DPP4i,0,2020-11-16,58,1,1,0,0,0,1,0,2021-10-01,switch,319,0,775,0
15779,DPP4i,0,2021-07-09,55,0,0,1,0,0,1,0,2022-12-31,study_end,540,0,540,0
15781,SGLT2i,1,2021-03-27,60,0,1,0,0,0,1,0,2022-12-31,study_end,644,0,644,0
15783,DPP4i,0,2017-02-20,35,1,0,0,0,0,1,0,2018-04-17,stop,421,0,2140,0
15784,SGLT2i,1,2017-11-22,50,0,0,0,0,0,1,0,2019-06-28,switch,583,0,1865,0
15786,DPP4i,0,2021-02-26,71,0,1,0,0,0,0,0,2022-12-31,study_end,673,0,673,0
15790,DPP4i,0,2020-11-07,78,1,1,1,0,0,1,0,2022-06-01,stop,571,0,784,0
15795,DPP4i,0,2020-06-23,70,0,1,0,0,0,0,0,2020-12-30,stop,190,0,921,0
15796,DPP4i,0,2019-02-01,78,1,0,1,0,0,0,0,2020-09-10,stop,587,0,1429,0
15797,DPP4i,0,2017-10-26,58,0,1,0,0,0,0,0,2022-12-31,study_end,1892,0,1892,0
15804,DPP4i,0,2018-02-17,53,0,1,0,0,0,1,0,2021-05-27,stop,1195,0,1778,0
15806,DPP4i,0,2018-10-20,57,0,1,0,0,0,0,0,2020-05-04,stop,562,0,1533,0
15807,DPP4i,0,2017-12-09,80,1,1,0,0,0,1,0,2018-11-23,stop,349,0,1848,0
15808,DPP4i,0,2021-08-08,51,1,1,0,0,0,1,0,2022-12-31,study_end,510,0,510,0
15809,DPP4i,0,2019-02-25,47,0,0,0,0,1,1,0,2022-09-28,stop,1311,0,1405,0
15810,DPP4i,0,2021-06-28,43,0,0,0,0,0,0,0,2022-12-31,study_end,551,0,551,0
15811,DPP4i,0,2018-09-04,61,0,0,0,0,0,1,0,2020-11-18,stop,806,0,1579,0
15813,SGLT2i,1,2020-12-15,55,0,1,0,0,0,1,0,2022-12-31,study_end,746,0,746,0
15816,DPP4i,0,2020-01-11,68,0,0,0,0,0,1,0,2021-07-18,switch,554,0,1085,0
15818,SGLT2i,1,2017-12-31,59,0,1,0,0,0,1,0,2020-01-03,stop,733,0,1826,0
15819,DPP4i,0,2021-06-03,57,1,0,0,0,0,1,0,2022-05-12,hhf,343,1,343,1
15821,SGLT2i,1,2020-09-14,57,0,0,0,0,0,1,0,2021-05-19,stop,247,0,838,0
15823,DPP4i,0,2021-04-29,81,1,0,0,0,1,1,0,2022-01-03,stop,249,0,611,0
15824,DPP4i,0,2021-03-06,67,1,0,0,0,0,0,0,2022-12-03,stop,637,0,665,0
15825,DPP4i,0,2021-04-09,57,0,1,0,0,0,1,0,2022-06-13,stop,430,0,631,0
15826,SGLT2i,1,2021-05-31,62,0,1,0,0,0,1,0,2022-12-31,study_end,579,0,579,0
15828,DPP4i,0,2020-07-06,39,0,1,0,0,0,1,0,2022-12-31,study_end,908,0,908,0
15830,DPP4i,0,2016-03-04,47,1,0,0,0,0,1,0,2018-01-16,switch,683,0,2493,0
15833,DPP4i,0,2018-01-29,64,1,0,0,0,0,1,0,2022-12-31,study_end,1797,0,1797,0
15834,DPP4i,0,2018-04-12,47,1,0,0,0,0,1,0,2022-12-31,study_end,1724,0,1724,0
15835,DPP4i,0,2017-09-22,46,0,0,0,0,0,1,0,2022-12-31,study_end,1926,0,1926,0
15837,DPP4i,0,2020-12-03,40,0,1,0,0,0,1,0,2021-08-20,stop,260,0,758,0
15838,DPP4i,0,2020-06-29,64,0,1,0,0,1,1,0,2021-04-02,stop,277,0,915,0
15839,DPP4i,0,2020-11-12,48,0,0,0,0,0,1,0,2021-07-14,stop,244,0,779,0
15840,DPP4i,0,2019-06-08,68,1,1,1,0,0,1,0,2020-02-16,stop,253,0,1302,0
15842,DPP4i,0,2017-06-13,54,1,0,0,0,0,1,0,2017-11-10,stop,150,0,2027,0
15844,SGLT2i,1,2021-07-19,41,1,0,0,0,0,1,0,2021-10-17,stop,90,0,530,0
15845,DPP4i,0,2019-04-28,77,0,0,0,0,0,0,1,2022-01-01,stop,979,0,1343,0
15847,DPP4i,0,2016-08-24,54,0,1,1,0,0,1,0,2020-09-26,stop,1494,0,2320,0
15848,DPP4i,0,2017-03-02,67,0,1,0,0,0,1,0,2017-12-11,stop,284,0,2130,0
15850,DPP4i,0,2017-11-01,70,0,1,1,0,0,0,0,2018-10-03,stop,336,0,1886,0
15851,DPP4i,0,2021-11-25,75,1,0,0,0,0,1,1,2022-02-23,stop,90,0,401,0
15852,DPP4i,0,2017-10-21,64,1,1,0,0,0,1,0,2018-01-31,switch,102,0,1897,0
15853,DPP4i,0,2021-08-08,65,0,1,0,0,0,0,0,2022-12-31,study_end,510,0,510,0
15855,DPP4i,0,2021-06-14,73,0,1,0,0,0,1,0,2021-10-12,stop,120,0,565,0
15856,SGLT2i,1,2020-10-23,58,0,1,0,0,0,1,0,2021-12-24,stop,427,0,799,0
15857,DPP4i,0,2021-07-06,64,1,1,0,0,1,1,0,2022-12-31,study_end,543,0,543,0
15858,DPP4i,0,2017-09-26,59,1,0,0,0,0,1,0,2021-07-03,stop,1376,0,1922,0
15860,DPP4i,0,2021-04-26,28,1,0,0,0,0,1,0,2022-03-09,switch,317,0,614,0
15861,DPP4i,0,2020-07-13,60,0,0,0,0,0,1,0,2020-10-20,switch,99,0,901,0
15863,DPP4i,0,2018-11-01,84,1,1,0,0,0,1,0,2019-07-03,stop,244,0,1521,0
15864,SGLT2i,1,2017-02-23,69,0,1,0,0,0,0,0,2018-11-18,stop,633,0,2137,0
15865,SGLT2i,1,2017-03-25,55,0,0,0,0,0,1,1,2019-02-10,stop,687,0,2107,0
15866,DPP4i,0,2017-06-23,81,1,0,0,1,1,0,0,2018-01-14,stop,205,0,1757,0
15868,DPP4i,0,2016-02-26,59,1,0,0,0,1,1,0,2022-12-31,study_end,2500,0,2500,0
15870,DPP4i,0,2021-06-07,73,0,1,0,0,1,0,0,2021-09-05,stop,90,0,572,0
15871,DPP4i,0,2019-11-27,71,1,1,1,0,0,0,1,2020-08-16,stop,263,0,1130,0
15874,DPP4i,0,2019-11-08,68,0,0,1,0,0,1,0,2021-01-27,stop,446,0,1149,0
15875,DPP4i,0,2021-01-28,58,1,1,0,0,0,1,0,2022-12-31,study_end,702,0,702,0
15877,DPP4i,0,2020-01-31,68,1,1,0,0,0,1,1,2020-06-29,stop,150,0,1065,0
15878,SGLT2i,1,2020-03-18,48,0,0,0,0,0,1,0,2020-06-16,stop,90,0,1018,0
15879,DPP4i,0,2021-10-03,59,0,1,0,0,1,1,0,2022-12-31,study_end,454,0,454,0
15880,SGLT2i,1,2019-06-10,52,0,0,0,0,0,1,0,2020-05-05,switch,330,0,1300,0
15881,SGLT2i,1,2021-01-29,65,1,1,0,0,0,1,0,2022-12-31,study_end,701,0,701,0
15882,SGLT2i,1,2020-10-03,56,0,1,0,0,0,1,0,2021-03-02,stop,150,0,819,0
15884,DPP4i,0,2020-05-15,61,0,0,0,0,0,0,0,2020-12-31,stop,230,0,960,0
15886,DPP4i,0,2017-07-25,62,1,1,0,0,1,1,0,2021-02-12,stop,1298,0,1985,0
15888,DPP4i,0,2019-05-24,43,0,1,0,0,0,1,0,2022-05-13,stop,1085,0,1317,0
15890,DPP4i,0,2018-12-11,53,0,1,0,0,0,1,0,2022-12-31,study_end,1481,0,1481,0
15892,SGLT2i,1,2019-09-06,57,0,1,0,0,0,1,0,2021-11-22,stop,808,0,1212,0
15893,SGLT2i,1,2020-09-15,59,0,1,0,0,0,1,0,2021-03-18,stop,184,0,837,0
15894,DPP4i,0,2016-03-14,73,1,1,0,0,0,1,0,2021-06-22,hhf,1926,1,1926,1
15895,DPP4i,0,2018-06-01,63,0,1,0,0,1,1,0,2022-12-31,study_end,1674,0,1674,0
15896,DPP4i,0,2016-10-11,83,1,0,0,0,0,1,0,2017-03-10,stop,150,0,2272,0
15898,DPP4i,0,2019-11-03,43,0,0,0,0,0,1,0,2021-05-26,stop,570,0,1154,0
15902,DPP4i,0,2018-10-24,76,0,0,0,0,0,1,0,2019-03-23,stop,150,0,1529,0
15903,DPP4i,0,2019-01-04,49,0,0,0,0,0,0,0,2022-12-31,study_end,1457,0,1457,0
15906,DPP4i,0,2020-05-31,64,1,0,0,0,0,0,0,2022-12-31,study_end,944,0,944,0
15907,DPP4i,0,2017-12-21,40,0,0,0,0,0,1,0,2020-05-25,stop,886,0,1836,0
15909,DPP4i,0,2019-10-12,61,0,1,0,0,1,0,1,2022-04-26,stop,927,0,1176,0
15910,DPP4i,0,2017-06-05,66,0,1,0,0,1,1,0,2019-07-01,stop,756,0,2035,0
15911,DPP4i,0,2017-01-04,60,0,0,0,0,0,1,0,2022-12-01,switch,2157,0,2187,0
15912,DPP4i,0,2019-10-29,71,0,0,0,0,0,0,0,2020-03-29,hhf,152,1,152,1
15915,SGLT2i,1,2019-06-19,55,0,0,0,0,0,1,0,2022-12-31,study_end,1291,0,1291,0
15916,DPP4i,0,2019-06-22,55,0,1,1,0,0,1,1,2019-11-14,hhf,145,1,145,1
15917,DPP4i,0,2021-03-29,56,0,1,0,1,0,1,0,2021-06-27,stop,90,0,642,0
15918,DPP4i,0,2019-10-16,70,1,1,1,0,0,1,0,2022-12-31,study_end,1172,0,1172,0
15921,SGLT2i,1,2020-12-05,65,1,1,0,0,0,0,0,2022-12-31,study_end,756,0,756,0
15923,SGLT2i,1,2021-06-07,59,0,1,1,0,0,1,0,2022-12-31,study_end,572,0,572,0
15925,DPP4i,0,2017-06-28,52,0,0,0,0,0,1,0,2022-12-31,study_end,2012,0,2012,0
15926,DPP4i,0,2021-05-11,65,0,0,0,0,0,0,0,2022-12-31,study_end,599,0,599,0
15930,DPP4i,0,2018-02-28,51,1,0,0,0,0,1,0,2018-11-06,stop,251,0,1767,0
15933,SGLT2i,1,2019-07-04,61,1,0,0,0,0,1,0,2020-07-12,switch,374,0,1276,0
15934,DPP4i,0,2018-04-05,64,0,1,0,0,0,1,0,2018-09-02,stop,150,0,1731,0
15939,DPP4i,0,2018-09-08,73,1,0,0,0,0,0,0,2020-08-03,switch,695,0,1317,1
15940,DPP4i,0,2018-12-22,67,0,1,0,0,0,0,0,2022-11-06,stop,1415,0,1470,0
15942,DPP4i,0,2016-02-21,62,1,1,0,0,0,1,0,2022-03-26,switch,2225,0,2505,0
15943,DPP4i,0,2017-02-10,65,1,1,0,0,0,1,0,2017-11-06,switch,269,0,2150,0
15944,DPP4i,0,2020-06-08,52,1,0,0,1,0,0,0,2022-12-31,study_end,936,0,936,0
15949,DPP4i,0,2019-01-21,61,1,0,0,0,0,0,0,2019-04-21,stop,90,0,1440,0
15950,SGLT2i,1,2019-04-17,65,1,0,0,0,0,0,0,2021-11-04,stop,932,0,1354,0
15951,DPP4i,0,2016-12-30,64,0,0,0,0,0,1,0,2017-05-01,stop,122,0,2192,0
15954,SGLT2i,1,2018-09-26,53,0,0,0,1,0,1,0,2021-01-18,stop,845,0,1557,0
15957,DPP4i,0,2018-03-29,61,1,1,0,0,0,1,0,2022-12-31,study_end,1738,0,1738,0
15959,SGLT2i,1,2017-06-27,65,0,0,0,0,0,1,0,2022-05-17,stop,1785,0,2013,0
15961,DPP4i,0,2019-07-18,37,0,1,0,0,0,0,0,2021-01-22,stop,554,0,1262,0
15962,DPP4i,0,2018-09-10,43,0,0,0,0,0,0,0,2019-01-08,stop,120,0,1573,0
15963,DPP4i,0,2018-03-25,38,1,0,0,0,0,1,1,2019-12-24,stop,639,0,1742,0
15964,SGLT2i,1,2018-08-20,38,0,1,0,0,0,1,0,2018-12-18,stop,120,0,1594,0
15965,DPP4i,0,2016-02-24,79,0,1,1,0,0,1,0,2017-04-03,death,404,0,404,0
15967,DPP4i,0,2019-03-09,57,0,0,1,0,0,1,0,2022-12-31,study_end,1393,0,1393,0
15971,DPP4i,0,2021-11-24,46,1,1,0,0,0,1,0,2022-12-31,study_end,402,0,402,0
15972,DPP4i,0,2016-03-28,60,1,1,0,0,0,1,0,2016-11-27,stop,244,0,2469,0
15975,DPP4i,0,2020-04-06,60,1,1,0,0,0,1,0,2021-04-08,stop,367,0,999,0
15976,DPP4i,0,2021-03-02,63,0,1,0,0,1,1,0,2021-06-30,stop,120,0,669,0
15977,DPP4i,0,2017-06-11,48,0,0,0,0,0,1,0,2022-12-31,study_end,2029,0,2029,0
15978,DPP4i,0,2020-09-26,60,1,1,0,0,0,1,0,2022-12-31,study_end,826,0,826,0
15980,DPP4i,0,2021-03-18,65,1,1,0,0,0,1,0,2021-08-15,stop,150,0,653,0
15983,SGLT2i,1,2017-04-09,46,1,0,0,0,0,1,1,2018-10-30,stop,569,0,2092,0
15987,DPP4i,0,2016-03-20,51,0,0,0,1,0,1,1,2017-10-01,stop,560,0,2477,0
15988,DPP4i,0,2019-07-06,57,0,0,0,0,0,1,0,2021-06-11,stop,706,0,1274,0
15989,SGLT2i,1,2017-08-27,66,0,1,0,0,0,0,0,2017-11-25,stop,90,0,1952,0
15990,DPP4i,0,2018-04-13,54,0,1,0,0,0,1,0,2022-12-31,study_end,1723,0,1723,0
15991,DPP4i,0,2018-09-08,36,0,0,0,0,0,1,0,2022-05-15,stop,1345,0,1575,0
15992,DPP4i,0,2020-04-16,46,1,0,0,0,0,1,0,2021-02-17,stop,307,0,989,0
15994,DPP4i,0,2019-05-17,65,1,1,0,0,0,1,0,2020-01-18,stop,246,0,1324,0
15995,DPP4i,0,2020-02-21,76,0,1,0,0,0,1,0,2022-12-31,study_end,1044,0,1044,0
15996,DPP4i,0,2020-06-06,50,1,1,0,0,0,1,0,2021-08-23,switch,443,0,938,0
15997,DPP4i,0,2021-10-29,60,1,0,0,0,0,1,0,2022-12-31,study_end,428,0,428,0
16000,DPP4i,0,2018-11-05,77,1,1,0,0,0,1,0,2021-05-10,switch,917,0,1517,0
16002,DPP4i,0,2017-01-10,35,0,0,0,0,0,0,1,2022-12-31,study_end,2181,0,2181,0
16004,DPP4i,0,2020-08-04,50,0,0,0,0,0,1,0,2022-12-31,study_end,879,0,879,0
16007,DPP4i,0,2021-07-02,63,0,1,0,0,0,1,0,2022-12-31,study_end,547,0,547,0
16008,DPP4i,0,2020-03-25,68,1,0,0,0,0,0,1,2022-06-29,stop,826,0,1011,0
16011,DPP4i,0,2021-03-26,44,0,1,0,0,0,1,0,2022-12-31,study_end,645,0,645,0
16013,SGLT2i,1,2021-07-12,80,0,1,0,0,0,1,0,2022-12-31,study_end,537,0,537,0
16014,DPP4i,0,2021-12-25,70,1,0,0,0,0,1,0,2022-08-24,stop,242,0,371,0
16015,DPP4i,0,2016-06-05,63,0,1,0,0,0,0,0,2021-07-02,stop,1853,0,2400,0
16016,DPP4i,0,2020-08-12,53,1,1,0,0,0,1,0,2022-12-31,study_end,871,0,871,0
16018,DPP4i,0,2019-05-06,59,0,0,0,0,0,0,0,2019-10-03,stop,150,0,1335,0
16019,DPP4i,0,2021-03-26,54,1,1,0,0,0,1,0,2021-06-24,stop,90,0,645,0
16020,DPP4i,0,2017-08-11,71,0,1,0,0,0,1,0,2022-02-28,switch,1662,0,1968,0
16024,DPP4i,0,2018-04-20,47,0,0,0,0,0,0,0,2021-12-24,stop,1344,0,1716,0
16033,SGLT2i,1,2020-04-08,70,1,1,0,0,1,1,0,2022-12-31,study_end,997,0,997,0
16034,DPP4i,0,2019-05-07,53,1,1,0,0,0,0,0,2022-12-31,study_end,1334,0,1334,0
16038,DPP4i,0,2019-01-17,42,0,1,0,0,1,1,0,2022-12-31,study_end,1444,0,1444,0
16039,DPP4i,0,2019-11-17,45,1,1,0,0,0,1,0,2020-04-15,stop,150,0,1140,0
16041,DPP4i,0,2017-05-31,64,1,1,1,0,0,1,0,2022-12-07,stop,2016,0,2040,0
16043,DPP4i,0,2018-03-08,70,0,1,1,0,0,1,0,2021-10-05,stop,1307,0,1759,0
16044,DPP4i,0,2019-06-08,73,1,1,0,0,0,1,0,2022-12-31,study_end,1302,0,1302,0
16046,DPP4i,0,2020-11-03,65,1,0,0,0,0,1,0,2022-12-31,study_end,788,0,788,0
16052,DPP4i,0,2017-03-26,68,0,0,0,0,1,1,0,2019-06-16,stop,812,0,2106,0
16053,SGLT2i,1,2016-11-19,63,1,1,0,0,0,1,0,2022-12-31,study_end,2233,0,2233,0
16054,DPP4i,0,2021-04-16,65,1,0,0,0,0,0,0,2022-12-31,study_end,624,0,624,0
16056,SGLT2i,1,2018-06-14,39,0,1,0,0,0,1,0,2022-12-31,study_end,1661,0,1661,0
16057,DPP4i,0,2016-09-27,60,0,0,0,0,0,1,0,2022-12-31,study_end,2286,0,2286,0
16059,DPP4i,0,2020-11-06,42,0,1,0,0,0,1,0,2022-12-31,study_end,785,0,785,0
16061,DPP4i,0,2021-12-28,49,0,0,0,0,0,0,0,2022-12-31,study_end,368,0,368,0
16062,DPP4i,0,2021-06-14,52,1,1,0,0,0,1,1,2022-12-31,study_end,565,0,565,0
16063,DPP4i,0,2021-07-07,74,0,1,1,0,0,0,0,2022-12-31,study_end,542,0,542,0
16065,DPP4i,0,2020-12-14,45,1,0,0,0,0,1,0,2022-12-31,study_end,747,0,747,0
16066,DPP4i,0,2021-05-05,55,1,1,0,0,0,1,0,2022-12-31,study_end,605,0,605,0
16069,DPP4i,0,2017-01-26,55,0,1,0,0,0,1,0,2020-11-25,switch,1399,0,2165,0
16070,SGLT2i,1,2021-12-06,53,1,0,0,0,0,1,0,2022-05-05,stop,150,0,390,0
16075,DPP4i,0,2020-05-02,66,1,0,0,0,0,1,0,2022-12-31,study_end,973,0,973,0
16076,DPP4i,0,2020-01-14,64,0,1,0,0,0,1,0,2020-07-10,switch,178,0,1082,0
16078,DPP4i,0,2021-06-18,62,1,1,0,0,0,1,0,2022-12-31,study_end,561,0,561,0
16079,DPP4i,0,2016-03-04,50,0,0,0,0,0,1,0,2016-06-02,stop,90,0,2493,0
16080,DPP4i,0,2018-12-10,50,0,1,0,0,0,1,0,2019-07-07,hhf,209,1,209,1
16086,SGLT2i,1,2021-12-20,41,1,1,0,0,0,1,0,2022-12-31,study_end,376,0,376,0
16087,SGLT2i,1,2016-11-05,65,0,1,0,0,0,1,0,2021-04-04,switch,1611,0,2247,0
16088,DPP4i,0,2021-10-02,55,0,1,0,0,0,1,0,2022-12-31,study_end,455,0,455,0
16092,DPP4i,0,2016-12-31,40,1,1,0,0,0,1,0,2022-12-31,study_end,2191,0,2191,0
16093,SGLT2i,1,2018-02-01,74,0,1,0,0,0,1,0,2019-12-10,stop,677,0,1794,0
16094,SGLT2i,1,2021-10-19,44,1,0,0,0,0,0,0,2022-09-22,stop,338,0,438,0
16097,DPP4i,0,2019-07-31,60,0,1,0,0,0,1,0,2020-10-06,stop,433,0,1249,0
16098,DPP4i,0,2018-06-11,49,0,1,0,0,0,1,0,2021-07-28,stop,1143,0,1664,0
16099,SGLT2i,1,2020-05-23,54,1,0,0,0,0,1,0,2022-12-31,study_end,952,0,952,0
16101,DPP4i,0,2017-05-24,50,0,1,0,0,0,0,0,2022-12-31,study_end,2047,0,2047,0
16104,DPP4i,0,2021-07-07,39,0,1,0,0,0,1,0,2022-12-31,study_end,542,0,542,0
16105,DPP4i,0,2019-09-29,59,1,1,0,0,0,1,0,2021-09-11,stop,713,0,1189,0
16108,DPP4i,0,2019-12-30,62,0,1,0,0,0,0,0,2020-08-26,stop,240,0,1097,0
16109,DPP4i,0,2021-02-13,72,1,1,0,0,0,1,1,2022-04-23,stop,434,0,686,0
16110,DPP4i,0,2020-10-10,55,1,1,0,0,0,0,1,2022-12-22,stop,803,0,812,0
16111,DPP4i,0,2020-02-26,50,1,0,0,0,0,1,0,2022-12-31,study_end,1039,0,1039,0
16114,DPP4i,0,2018-12-10,56,1,0,0,0,1,1,0,2022-12-31,study_end,1482,0,1482,0
16118,DPP4i,0,2021-08-20,56,1,0,0,0,0,1,0,2022-12-31,study_end,498,0,498,0
16120,SGLT2i,1,2018-07-01,47,0,0,0,0,0,1,0,2020-06-12,stop,712,0,1644,0
16121,DPP4i,0,2020-03-02,48,0,0,0,0,0,0,0,2022-12-31,study_end,1034,0,1034,0
16122,SGLT2i,1,2018-12-09,35,0,1,0,0,0,1,0,2022-04-18,stop,1226,0,1483,0
16123,DPP4i,0,2016-08-26,32,0,0,0,0,0,1,0,2021-08-02,hhf,1802,1,1802,1
16124,DPP4i,0,2021-07-10,72,1,1,0,0,0,0,0,2022-12-31,study_end,539,0,539,0
16125,SGLT2i,1,2017-02-21,54,0,1,0,0,0,1,0,2022-12-31,study_end,2139,0,2139,0
16128,DPP4i,0,2021-01-22,62,0,1,0,0,0,1,1,2021-06-21,stop,150,0,708,0
16129,DPP4i,0,2018-05-09,70,1,0,0,0,0,0,0,2019-07-14,stop,431,0,1697,0
16130,DPP4i,0,2021-08-18,61,0,1,1,0,0,1,0,2022-12-31,study_end,500,0,500,0
16133,DPP4i,0,2020-05-03,73,1,1,0,0,1,1,0,2021-01-24,stop,266,0,972,0
16134,SGLT2i,1,2020-07-28,75,1,0,0,0,0,1,0,2021-10-08,stop,437,0,886,0
16136,DPP4i,0,2016-07-10,70,0,1,0,0,0,1,1,2017-04-12,stop,276,0,2365,0
16137,DPP4i,0,2019-01-16,48,0,1,0,0,0,1,0,2019-08-23,stop,219,0,1445,0
16138,DPP4i,0,2021-09-11,50,1,0,0,0,0,1,0,2022-12-31,study_end,476,0,476,0
16144,SGLT2i,1,2020-10-21,67,0,1,1,0,0,1,0,2022-12-31,study_end,801,0,801,0
16145,DPP4i,0,2020-06-03,76,0,1,0,0,0,0,0,2021-07-09,hhf,401,1,401,1
16147,DPP4i,0,2021-11-08,59,1,1,0,0,0,1,0,2022-12-31,study_end,418,0,418,0
16149,DPP4i,0,2020-07-01,86,0,1,0,1,0,0,0,2022-05-19,death,687,0,687,0
16150,DPP4i,0,2017-05-30,63,1,0,1,0,0,1,0,2022-06-26,stop,1853,0,2041,0
16151,DPP4i,0,2021-06-11,68,0,1,0,0,0,1,0,2022-12-31,study_end,568,0,568,0
16152,DPP4i,0,2016-02-27,68,1,1,0,0,0,1,0,2022-12-18,hhf,2486,1,2486,1
16154,DPP4i,0,2021-03-16,58,0,1,0,0,0,1,0,2021-09-26,stop,194,0,655,0
16155,DPP4i,0,2021-03-30,61,1,1,0,0,0,1,0,2021-06-28,stop,90,0,641,0
16157,DPP4i,0,2021-04-08,65,1,1,0,0,0,0,0,2022-12-31,study_end,632,0,632,0
16160,DPP4i,0,2018-02-10,55,0,1,0,0,0,1,0,2018-06-17,stop,127,0,1785,0
16162,DPP4i,0,2020-02-15,52,1,0,0,0,0,1,0,2021-05-13,stop,453,0,1050,0
16163,DPP4i,0,2020-10-20,62,0,0,0,0,0,1,1,2022-12-31,study_end,802,0,802,0
16165,DPP4i,0,2020-09-24,83,1,1,0,0,1,0,0,2022-12-31,study_end,828,0,828,0
16167,SGLT2i,1,2017-04-14,38,1,1,0,0,0,1,0,2022-12-31,study_end,2087,0,2087,0
16171,DPP4i,0,2018-07-22,62,0,1,0,0,0,0,0,2022-12-31,study_end,1623,0,1623,0
16172,DPP4i,0,2020-09-24,57,1,1,0,0,0,1,0,2022-12-31,study_end,828,0,828,0
16173,DPP4i,0,2021-12-11,51,0,1,1,0,0,1,0,2022-01-03,switch,23,0,385,0
16177,SGLT2i,1,2020-05-16,60,1,1,0,0,0,1,0,2022-12-31,study_end,959,0,959,0
16178,DPP4i,0,2018-01-07,47,1,0,0,0,0,0,0,2021-09-07,stop,1339,0,1819,0
16179,DPP4i,0,2019-03-02,90,0,1,0,1,0,1,0,2020-03-29,hhf,393,1,393,1
16181,DPP4i,0,2020-01-15,58,1,1,0,0,0,1,0,2022-12-31,study_end,1081,0,1081,0
16182,DPP4i,0,2016-09-21,63,1,0,0,0,0,1,1,2017-10-26,stop,400,0,2292,0
16183,DPP4i,0,2018-05-02,83,1,1,1,0,0,0,0,2022-12-31,study_end,1704,0,1704,0
16184,DPP4i,0,2020-08-25,49,0,1,0,0,0,1,0,2022-12-31,study_end,858,0,858,0
16186,SGLT2i,1,2016-02-12,50,0,1,0,0,0,1,0,2022-12-31,study_end,2514,0,2514,0
16188,SGLT2i,1,2019-09-13,56,0,0,0,0,0,0,0,2020-12-04,stop,448,0,1205,0
16189,DPP4i,0,2016-06-12,36,1,0,0,0,0,1,0,2017-05-06,stop,328,0,2393,0
16192,DPP4i,0,2016-10-15,74,1,1,0,0,0,1,0,2022-12-31,study_end,2268,0,2268,0
16193,DPP4i,0,2018-04-02,83,1,1,0,1,0,1,0,2021-08-02,switch,1218,0,1734,0
16194,DPP4i,0,2017-05-20,72,0,1,0,0,0,1,0,2017-10-17,stop,150,0,2051,0
16195,DPP4i,0,2019-05-05,46,0,1,0,0,0,1,0,2022-12-31,study_end,1336,0,1336,0
16196,DPP4i,0,2018-09-13,41,1,0,1,0,0,1,0,2019-01-11,stop,120,0,1570,0
16199,DPP4i,0,2021-11-10,33,0,1,0,0,0,1,0,2022-12-31,study_end,416,0,416,0
16201,DPP4i,0,2021-04-29,82,1,1,0,0,1,1,1,2021-06-11,switch,43,0,611,0
16202,DPP4i,0,2021-08-13,78,1,0,1,0,0,1,0,2022-01-10,stop,150,0,505,0
16204,DPP4i,0,2016-12-30,54,0,0,0,0,0,1,0,2022-02-10,stop,1868,0,2192,0
16209,DPP4i,0,2018-03-09,47,0,1,0,0,0,0,0,2022-12-31,study_end,1758,0,1758,0
16211,DPP4i,0,2018-05-10,66,1,1,0,1,0,0,0,2022-12-31,study_end,1696,0,1696,0
16213,SGLT2i,1,2019-01-30,51,0,0,0,0,0,1,0,2022-12-31,study_end,1431,0,1431,0
16214,DPP4i,0,2017-10-27,50,0,1,0,0,0,1,0,2019-02-08,stop,469,0,1891,0
16216,DPP4i,0,2020-08-27,90,1,1,0,0,0,1,0,2021-01-24,stop,150,0,856,0
16217,DPP4i,0,2018-11-26,69,0,1,0,0,1,0,0,2019-04-25,stop,150,0,776,1
16219,DPP4i,0,2021-01-28,47,1,1,0,0,0,1,0,2022-09-05,stop,585,0,702,0
16220,DPP4i,0,2021-01-07,95,1,0,0,0,0,1,0,2021-09-07,stop,243,0,723,0
16222,DPP4i,0,2020-12-11,68,0,0,0,0,0,1,0,2021-11-18,stop,342,0,750,0
16223,DPP4i,0,2019-01-13,70,0,1,0,0,1,1,0,2022-01-05,stop,1088,0,1448,0
16225,SGLT2i,1,2020-06-24,54,1,0,0,0,0,1,0,2022-12-27,stop,916,0,920,0
16227,SGLT2i,1,2017-02-15,60,0,1,0,0,0,1,0,2019-09-10,stop,937,0,2145,0
16228,DPP4i,0,2020-01-20,52,1,0,0,0,0,1,0,2022-03-25,hhf,795,1,795,1
16229,DPP4i,0,2017-04-16,56,1,1,0,0,0,1,1,2017-12-18,stop,246,0,2085,0
16230,DPP4i,0,2020-07-04,65,1,0,0,0,1,1,0,2021-12-17,stop,531,0,910,0
16232,DPP4i,0,2018-04-21,83,1,0,0,0,0,0,0,2018-08-19,stop,120,0,1715,0
16233,DPP4i,0,2019-11-29,62,0,1,0,0,0,0,0,2022-12-31,study_end,1128,0,1128,0
16238,DPP4i,0,2017-02-20,74,0,1,0,0,0,1,0,2020-07-17,stop,1243,0,2140,0
16239,DPP4i,0,2021-09-02,68,0,1,0,0,0,1,0,2022-12-31,study_end,485,0,485,0
16243,DPP4i,0,2021-12-10,34,0,1,0,0,0,1,0,2022-12-31,study_end,386,0,386,0
16244,SGLT2i,1,2019-12-14,61,0,1,0,0,0,1,0,2021-06-23,stop,557,0,1113,0
16245,SGLT2i,1,2019-12-22,44,0,1,0,0,0,1,0,2022-12-31,study_end,1105,0,1105,0
16248,DPP4i,0,2020-09-12,48,0,0,0,0,0,1,0,2022-12-31,study_end,840,0,840,0
16249,DPP4i,0,2020-06-06,69,1,1,0,0,0,1,0,2022-12-31,study_end,938,0,938,0
16251,DPP4i,0,2016-05-06,49,0,0,0,0,0,0,0,2018-01-21,stop,625,0,2430,0
16252,DPP4i,0,2019-03-12,64,1,0,0,0,0,1,0,2022-12-31,study_end,1390,0,1390,0
16254,DPP4i,0,2020-09-16,74,1,1,0,0,0,1,0,2021-02-13,stop,150,0,836,0
16255,DPP4i,0,2018-07-09,64,0,1,0,0,1,1,0,2022-12-31,study_end,1636,0,1636,0
16256,DPP4i,0,2021-12-20,69,1,1,0,0,0,1,0,2022-12-31,study_end,376,0,376,0
16257,DPP4i,0,2018-01-26,61,1,0,0,0,0,0,0,2022-12-31,study_end,1800,0,1800,0
16259,DPP4i,0,2021-02-23,62,0,1,1,0,0,1,0,2021-07-23,stop,150,0,676,0
16261,DPP4i,0,2018-03-09,73,1,1,0,0,0,0,0,2022-12-31,study_end,1758,0,1758,0
16264,DPP4i,0,2018-05-30,71,0,1,0,0,0,0,0,2018-10-27,stop,150,0,1676,0
16265,DPP4i,0,2019-03-04,46,0,0,1,0,0,1,0,2020-01-10,stop,312,0,1398,0
16266,DPP4i,0,2021-07-28,71,0,1,0,0,0,1,0,2022-12-31,study_end,521,0,521,0
16267,DPP4i,0,2021-01-01,56,0,0,0,0,0,1,0,2022-12-31,study_end,729,0,729,0
16268,DPP4i,0,2019-03-04,38,0,0,0,0,0,1,0,2022-12-31,study_end,1398,0,1398,0
16269,DPP4i,0,2019-12-27,68,1,0,0,0,0,0,0,2022-12-31,study_end,1100,0,1100,0
16270,DPP4i,0,2016-08-18,68,0,1,0,0,0,1,0,2017-10-30,stop,438,0,2236,1
16277,DPP4i,0,2020-02-11,66,0,1,0,0,0,0,0,2022-12-31,study_end,1054,0,1054,0
16279,DPP4i,0,2016-05-14,67,1,0,1,1,0,0,0,2017-10-04,stop,508,0,2422,0
16282,DPP4i,0,2018-05-28,69,1,1,1,1,1,1,0,2019-11-05,stop,526,0,1403,1
16284,DPP4i,0,2017-06-16,69,1,1,0,0,0,1,0,2017-11-13,stop,150,0,2024,0
16286,DPP4i,0,2021-12-16,51,1,1,0,0,0,1,0,2022-12-31,study_end,380,0,380,0
16292,DPP4i,0,2017-09-24,67,0,1,0,0,0,1,0,2022-12-31,study_end,1924,0,1924,0
16293,DPP4i,0,2020-02-22,70,0,1,0,0,0,1,1,2022-12-31,study_end,1043,0,1043,0
16294,DPP4i,0,2021-06-11,71,1,0,0,0,0,1,0,2022-05-16,stop,339,0,568,0
16302,DPP4i,0,2021-04-15,40,0,0,0,0,0,1,0,2022-12-31,study_end,625,0,625,0
16307,DPP4i,0,2019-03-30,60,0,0,0,0,0,1,0,2022-12-31,study_end,1372,0,1372,0
16308,DPP4i,0,2018-05-31,55,1,0,0,0,0,0,0,2022-12-31,study_end,1675,0,1675,0
16309,DPP4i,0,2018-06-26,85,1,1,0,0,1,1,0,2022-12-31,study_end,1649,0,1649,0
16310,DPP4i,0,2018-05-27,51,0,0,0,0,0,1,0,2022-09-16,stop,1573,0,1679,0
16311,SGLT2i,1,2016-07-02,55,0,0,0,0,0,1,0,2016-11-29,stop,150,0,2373,0
16314,SGLT2i,1,2019-12-04,63,1,1,0,1,0,1,0,2021-12-16,stop,743,0,1123,0
16315,DPP4i,0,2021-12-04,52,0,0,0,0,0,1,0,2022-12-31,study_end,392,0,392,0
16316,DPP4i,0,2021-06-01,62,0,0,0,0,0,1,1,2022-12-31,study_end,578,0,578,0
16317,DPP4i,0,2018-02-14,82,1,1,0,0,0,1,0,2021-04-27,stop,1168,0,1781,0
16318,DPP4i,0,2016-02-29,77,1,1,0,0,1,0,0,2016-05-29,stop,90,0,1232,0
16319,DPP4i,0,2021-08-13,48,1,1,0,0,0,1,0,2022-12-31,study_end,505,0,505,0
16320,SGLT2i,1,2019-07-27,56,1,1,0,1,0,1,0,2021-09-07,stop,773,0,1253,0
16321,DPP4i,0,2021-03-20,51,0,1,0,0,0,1,1,2022-02-22,stop,339,0,651,0
16325,DPP4i,0,2021-03-28,60,1,1,0,0,0,0,0,2022-12-31,study_end,643,0,643,0
16326,DPP4i,0,2018-02-12,81,0,1,0,0,0,0,1,2019-01-30,stop,352,0,1783,0
16328,DPP4i,0,2021-07-28,49,1,0,0,0,0,1,0,2022-12-31,study_end,521,0,521,0
16330,DPP4i,0,2021-06-24,81,0,0,0,0,0,1,0,2021-07-04,switch,10,0,555,0
16333,DPP4i,0,2019-06-18,52,0,1,0,0,0,1,0,2022-12-31,study_end,1292,0,1292,0
16335,DPP4i,0,2016-08-21,67,1,1,0,0,0,1,0,2016-11-03,hhf,74,1,74,1
16336,DPP4i,0,2019-01-29,57,0,1,0,0,0,1,0,2022-12-31,study_end,1432,0,1432,0
16340,DPP4i,0,2019-11-17,65,0,1,0,0,0,0,0,2022-12-31,study_end,1140,0,1140,0
16342,SGLT2i,1,2020-05-27,69,0,1,0,0,0,1,0,2022-12-31,study_end,948,0,948,0
16343,DPP4i,0,2021-07-19,59,1,0,0,0,0,1,0,2022-12-31,study_end,530,0,530,0
16344,DPP4i,0,2017-04-08,28,1,1,0,0,0,0,0,2019-04-20,stop,742,0,2093,0
16345,DPP4i,0,2019-05-05,58,1,1,0,0,0,1,0,2019-10-13,stop,161,0,1336,0
16346,DPP4i,0,2018-12-22,71,0,1,0,0,0,1,1,2022-12-31,study_end,1470,0,1470,0
16348,SGLT2i,1,2021-11-23,59,0,0,0,0,0,0,0,2022-12-31,study_end,403,0,403,0
16352,SGLT2i,1,2016-10-10,56,0,0,0,0,0,1,0,2017-02-07,stop,120,0,2273,0
16354,SGLT2i,1,2021-04-22,57,0,1,0,0,0,1,0,2022-12-27,stop,614,0,618,0
16357,DPP4i,0,2019-08-25,42,1,0,0,0,0,1,0,2019-12-23,stop,120,0,1224,0
16358,DPP4i,0,2018-09-15,61,0,0,0,0,0,1,0,2020-12-17,stop,824,0,1568,0
16362,SGLT2i,1,2020-03-16,58,0,1,0,0,0,1,0,2022-12-31,study_end,1020,0,1020,0
16363,DPP4i,0,2020-02-08,49,0,0,1,0,0,0,0,2022-04-17,stop,799,0,1057,0
16364,DPP4i,0,2018-05-30,64,1,0,1,1,0,0,0,2021-04-25,hhf,1061,1,1061,1
16366,DPP4i,0,2020-03-24,49,0,1,0,0,0,1,0,2022-12-31,study_end,1012,0,1012,0
16367,DPP4i,0,2020-11-11,68,0,1,0,0,0,1,0,2022-09-03,stop,661,0,780,0
16368,DPP4i,0,2020-05-20,67,1,0,0,0,0,1,1,2022-12-31,study_end,955,0,955,0
16369,DPP4i,0,2018-08-26,59,1,0,0,0,0,0,0,2022-12-31,study_end,1588,0,1588,0
16370,DPP4i,0,2021-03-03,29,1,1,0,0,0,0,0,2022-12-31,study_end,668,0,668,0
16371,DPP4i,0,2019-11-24,75,0,1,0,0,0,1,0,2022-12-31,study_end,1133,0,1133,0
16372,DPP4i,0,2017-03-07,41,0,1,1,0,0,1,0,2018-02-12,stop,342,0,2125,0
16373,DPP4i,0,2020-08-01,72,0,1,0,0,0,0,0,2022-12-31,study_end,882,0,882,0
16374,SGLT2i,1,2020-10-13,63,1,0,0,0,0,1,1,2022-05-10,stop,574,0,809,0
16375,DPP4i,0,2020-01-13,65,1,1,0,0,0,1,0,2022-03-18,hhf,795,1,795,1
16377,DPP4i,0,2018-07-30,66,0,1,0,0,0,0,0,2022-05-08,stop,1378,0,1615,0
16379,DPP4i,0,2016-01-21,44,0,1,0,0,0,1,0,2019-02-13,switch,1119,0,2536,0
16380,DPP4i,0,2019-11-28,54,1,1,0,0,0,0,0,2020-10-04,stop,311,0,1129,0
16381,SGLT2i,1,2019-02-09,61,1,0,0,0,0,0,0,2019-07-09,stop,150,0,1421,0
16382,SGLT2i,1,2021-11-03,53,1,0,0,0,0,1,0,2022-12-31,study_end,423,0,423,0
16383,DPP4i,0,2017-02-24,42,0,0,0,0,0,1,0,2018-05-16,switch,446,0,2136,0
16390,DPP4i,0,2018-03-22,56,0,1,0,0,0,0,0,2022-12-31,study_end,1745,0,1745,0
16398,DPP4i,0,2020-08-21,53,0,1,1,0,0,1,0,2022-12-31,study_end,862,0,862,0
16399,DPP4i,0,2020-10-21,45,1,0,0,0,0,1,0,2022-12-31,study_end,801,0,801,0
16400,DPP4i,0,2019-11-28,47,1,1,0,0,0,1,1,2021-09-05,stop,647,0,1129,0
16401,SGLT2i,1,2019-08-24,60,1,0,0,0,0,1,0,2022-02-22,stop,913,0,1225,0
16408,DPP4i,0,2020-05-03,55,1,1,0,0,0,1,0,2022-04-10,stop,707,0,972,0
16411,SGLT2i,1,2018-06-29,51,0,0,0,0,0,1,0,2022-12-31,study_end,1646,0,1646,0
16416,DPP4i,0,2018-12-02,30,1,0,0,0,0,1,0,2022-12-31,study_end,1490,0,1490,0
16419,DPP4i,0,2017-06-18,57,1,1,0,0,0,1,0,2017-10-16,stop,120,0,2022,0
16421,DPP4i,0,2020-05-09,95,1,1,0,0,0,0,0,2022-12-31,study_end,966,0,966,0
16422,DPP4i,0,2020-08-11,61,1,0,0,0,0,1,0,2022-12-31,study_end,872,0,872,0
16423,DPP4i,0,2017-08-14,73,0,1,0,0,0,0,0,2022-12-31,study_end,1965,0,1965,0
16425,DPP4i,0,2017-09-17,41,0,1,0,0,0,1,0,2021-01-19,stop,1220,0,1931,0
16426,DPP4i,0,2020-12-21,95,0,1,0,0,0,1,0,2022-08-25,stop,612,0,740,0
16427,DPP4i,0,2020-12-14,51,0,1,0,0,0,1,0,2021-10-29,stop,319,0,747,0
16431,SGLT2i,1,2017-09-06,67,0,1,0,0,0,0,0,2022-12-31,study_end,1942,0,1942,0
16433,DPP4i,0,2021-12-08,70,0,1,0,0,0,1,0,2022-12-31,study_end,388,0,388,0
16434,DPP4i,0,2021-11-04,58,0,0,0,0,0,1,0,2022-12-31,study_end,422,0,422,0
16435,DPP4i,0,2019-01-14,62,0,0,1,0,0,1,0,2022-08-14,stop,1308,0,1447,0
16440,SGLT2i,1,2016-12-08,71,0,1,1,0,0,1,0,2020-01-13,stop,1131,0,2214,0
16441,DPP4i,0,2020-12-15,48,0,0,0,0,0,1,0,2022-12-31,study_end,746,0,746,0
16443,SGLT2i,1,2020-05-01,67,0,1,0,0,0,0,1,2021-03-28,stop,331,0,974,0
16444,DPP4i,0,2017-07-27,48,1,1,0,0,1,1,0,2021-05-21,stop,1394,0,1983,0
16448,SGLT2i,1,2021-11-05,45,0,0,0,0,0,1,0,2022-10-23,switch,352,0,421,0
16451,DPP4i,0,2018-03-24,57,1,1,0,0,0,1,0,2019-01-15,switch,297,0,1743,0
16452,DPP4i,0,2018-04-14,43,0,1,0,0,0,0,0,2022-12-31,study_end,1722,0,1722,0
16455,DPP4i,0,2016-06-13,55,1,1,0,0,0,1,1,2019-12-26,stop,1291,0,2392,0
16457,DPP4i,0,2021-05-09,76,0,1,0,0,1,0,0,2022-12-31,study_end,601,0,601,0
16458,DPP4i,0,2018-01-09,59,1,1,0,0,0,1,0,2022-12-31,study_end,1817,0,1817,0
16461,DPP4i,0,2019-03-09,70,1,0,0,0,0,1,0,2022-12-31,study_end,1393,0,1393,0
16462,DPP4i,0,2019-07-31,69,1,1,0,0,0,1,0,2021-08-17,stop,748,0,1249,0
16463,SGLT2i,1,2018-09-05,62,0,1,0,0,0,1,0,2019-02-02,stop,150,0,1578,0
16467,DPP4i,0,2016-03-13,61,1,0,1,0,0,1,0,2019-10-18,stop,1314,0,1584,1
16469,DPP4i,0,2019-08-14,52,0,0,0,0,1,1,0,2022-12-31,study_end,1235,0,1235,0
16472,DPP4i,0,2019-06-15,51,1,1,1,0,0,0,0,2022-12-31,study_end,1295,0,1295,0
16475,DPP4i,0,2019-02-07,65,1,1,0,0,0,1,0,2021-06-06,stop,850,0,1423,0
16476,DPP4i,0,2017-02-07,49,0,0,0,0,0,1,0,2020-04-03,stop,1151,0,2153,0
16478,DPP4i,0,2017-12-28,94,0,1,1,1,0,0,0,2018-11-15,hhf,322,1,322,1
16480,DPP4i,0,2021-12-23,43,0,1,0,0,1,0,0,2022-12-31,study_end,373,0,373,0
16481,DPP4i,0,2021-08-11,54,0,0,0,0,0,1,0,2022-12-31,study_end,507,0,507,0
16484,DPP4i,0,2019-02-09,65,0,1,0,0,0,0,0,2020-06-06,stop,483,0,1421,0
16485,DPP4i,0,2017-04-29,61,0,1,0,0,0,1,0,2021-12-11,stop,1687,0,2072,0
16489,DPP4i,0,2021-05-21,54,1,0,0,0,1,1,0,2022-12-31,study_end,589,0,589,0
16490,SGLT2i,1,2021-11-04,71,1,0,0,0,0,1,0,2022-06-14,stop,222,0,422,0
16493,DPP4i,0,2021-11-07,79,1,1,0,0,0,1,0,2022-12-31,study_end,419,0,419,0
16494,DPP4i,0,2017-11-17,76,0,1,0,0,1,1,0,2019-08-04,hhf,625,1,625,1
16495,DPP4i,0,2017-07-20,42,1,1,0,0,0,1,0,2022-12-31,study_end,1990,0,1990,0
16500,DPP4i,0,2018-02-12,56,0,1,0,0,0,1,0,2019-10-09,stop,604,0,1783,0
16501,DPP4i,0,2020-08-20,68,1,0,0,0,0,1,0,2022-12-31,study_end,863,0,863,0
16507,DPP4i,0,2016-04-07,48,0,0,0,0,0,1,1,2018-03-02,stop,694,0,2459,0
16508,SGLT2i,1,2019-06-09,56,0,0,0,0,0,1,0,2020-09-16,stop,465,0,1301,0
16511,DPP4i,0,2020-03-09,33,0,1,0,0,0,1,0,2022-12-31,study_end,1027,0,1027,0
16512,DPP4i,0,2021-10-15,84,0,1,0,0,1,1,0,2022-12-31,study_end,442,0,442,0
16513,DPP4i,0,2019-11-18,64,1,0,0,0,0,0,0,2021-03-02,switch,470,0,1139,0
16516,DPP4i,0,2020-11-23,69,0,1,0,0,0,1,0,2022-12-31,study_end,768,0,768,0
16518,DPP4i,0,2021-05-25,58,0,1,0,0,0,0,0,2022-07-28,stop,429,0,585,0
16521,DPP4i,0,2016-04-09,40,1,1,0,0,0,1,0,2020-12-02,stop,1698,0,2457,0
16523,SGLT2i,1,2021-10-27,48,1,1,0,0,0,1,0,2022-12-31,study_end,430,0,430,0
16525,DPP4i,0,2020-05-22,60,0,1,1,0,0,1,0,2022-12-31,study_end,953,0,953,0
16528,SGLT2i,1,2020-02-05,87,1,0,0,0,0,1,0,2020-07-04,stop,150,0,1060,0
16529,DPP4i,0,2016-04-10,58,1,0,0,0,0,1,1,2016-07-09,stop,90,0,2456,0
16530,SGLT2i,1,2020-01-25,78,1,1,0,0,0,0,0,2022-12-31,study_end,1071,0,1071,0
16532,DPP4i,0,2020-12-03,69,0,0,0,0,0,1,0,2022-12-31,study_end,758,0,758,0
16534,DPP4i,0,2018-04-09,38,1,1,0,0,0,1,0,2021-03-27,stop,1083,0,1727,0
16535,DPP4i,0,2020-03-28,69,0,1,0,0,0,1,0,2022-02-15,switch,689,0,1008,0
16538,DPP4i,0,2020-05-18,58,0,0,0,0,0,1,0,2022-12-31,study_end,957,0,957,0
16540,DPP4i,0,2021-08-21,56,1,1,0,0,0,0,0,2022-12-31,study_end,497,0,497,0
16550,DPP4i,0,2020-03-15,85,1,1,0,0,0,1,0,2020-07-17,stop,124,0,969,1
16553,DPP4i,0,2021-04-09,68,0,1,1,1,0,1,0,2022-12-31,study_end,631,0,631,0
16554,DPP4i,0,2016-05-24,64,0,0,0,0,0,1,0,2017-08-25,stop,458,0,2412,0
16555,SGLT2i,1,2020-03-02,47,1,0,0,0,0,1,0,2022-06-21,stop,841,0,1034,0
16556,DPP4i,0,2016-02-18,68,1,0,0,0,0,1,0,2022-12-31,study_end,2508,0,2508,0
16560,SGLT2i,1,2021-06-29,38,0,0,0,0,0,1,0,2022-12-31,study_end,550,0,550,0
16567,DPP4i,0,2021-06-23,77,1,1,0,0,0,1,0,2022-12-31,study_end,556,0,556,0
16569,DPP4i,0,2017-12-09,52,1,1,0,0,0,1,0,2018-11-04,stop,330,0,1848,0
16570,SGLT2i,1,2021-05-14,36,0,0,0,0,0,1,0,2022-04-13,stop,334,0,596,0
16571,DPP4i,0,2019-09-06,75,1,1,0,1,0,1,0,2022-12-31,study_end,1212,0,1212,0
16572,DPP4i,0,2019-07-14,42,1,1,0,0,0,1,0,2020-11-18,stop,493,0,1266,0
16577,SGLT2i,1,2019-11-13,64,0,0,0,0,0,1,0,2022-12-31,study_end,1144,0,1144,0
16578,DPP4i,0,2016-10-07,62,1,1,0,0,0,1,0,2020-11-14,stop,1499,0,2276,0
16579,DPP4i,0,2021-02-11,70,0,0,0,0,0,0,0,2022-11-06,stop,633,0,688,0
16580,DPP4i,0,2019-01-10,77,0,1,0,0,0,1,1,2022-12-31,study_end,1451,0,1451,0
16582,DPP4i,0,2019-06-17,49,1,1,0,0,0,1,0,2020-11-23,stop,525,0,1293,0
16584,SGLT2i,1,2021-05-02,54,0,1,0,0,0,1,0,2022-10-08,stop,524,0,608,0
16589,DPP4i,0,2019-06-12,59,0,0,1,0,0,1,0,2022-12-31,study_end,1298,0,1298,0
16593,DPP4i,0,2021-03-20,66,1,1,0,0,0,1,1,2021-11-21,stop,246,0,651,0
16594,DPP4i,0,2019-03-31,52,0,0,0,0,0,1,0,2021-03-16,stop,716,0,1371,0
16595,DPP4i,0,2017-05-02,51,1,0,0,0,1,1,1,2019-08-16,death,836,0,836,0
16599,DPP4i,0,2017-03-26,63,0,0,0,0,0,0,0,2018-02-27,stop,338,0,2106,0
16604,DPP4i,0,2016-02-19,54,0,0,0,0,0,1,0,2022-09-02,stop,2387,0,2507,0
16610,DPP4i,0,2018-12-10,50,0,1,0,0,0,1,0,2020-03-31,stop,477,0,1482,0
16612,DPP4i,0,2017-11-28,74,0,1,0,0,1,1,1,2018-02-26,stop,90,0,1859,0
16617,DPP4i,0,2019-03-18,62,1,1,0,0,0,0,0,2022-05-07,switch,1146,0,1384,0
16618,DPP4i,0,2021-03-02,45,0,1,0,0,0,1,0,2022-12-31,study_end,669,0,669,0
16619,SGLT2i,1,2021-09-29,60,0,1,1,0,0,0,0,2022-12-31,study_end,458,0,458,0
16620,DPP4i,0,2021-07-06,61,1,1,0,0,0,1,0,2022-12-31,study_end,543,0,543,0
16621,SGLT2i,1,2016-07-18,60,1,1,0,0,0,1,1,2017-06-25,stop,342,0,1217,0
16625,DPP4i,0,2019-09-28,56,0,1,0,0,0,1,1,2020-05-26,stop,241,0,1190,0
16626,DPP4i,0,2020-01-29,80,0,1,0,0,0,1,0,2022-01-04,stop,706,0,1067,0
16627,SGLT2i,1,2018-09-06,57,0,0,0,0,0,0,0,2020-12-09,stop,825,0,1577,0
16629,DPP4i,0,2017-09-21,79,1,0,0,0,0,1,1,2022-12-31,study_end,1927,0,1927,0
16631,DPP4i,0,2019-10-02,46,0,0,0,0,0,1,0,2022-03-08,stop,888,0,1186,0
16633,DPP4i,0,2017-09-02,71,0,1,0,0,0,1,0,2019-08-15,stop,712,0,1946,0
16634,DPP4i,0,2020-08-07,72,1,0,1,1,0,1,0,2022-12-31,study_end,876,0,876,0
16635,DPP4i,0,2016-09-15,77,0,1,0,0,0,1,0,2022-12-31,study_end,2298,0,2298,0
16636,DPP4i,0,2020-09-09,79,0,1,0,1,0,0,0,2022-02-15,hhf,524,1,524,1
16637,DPP4i,0,2016-09-28,58,1,1,0,0,0,1,0,2022-12-31,study_end,2285,0,2285,0
16641,DPP4i,0,2016-05-17,67,0,1,0,1,0,1,0,2018-11-18,stop,915,0,2419,0
16642,DPP4i,0,2017-06-12,58,0,0,0,0,0,1,0,2022-12-31,study_end,2028,0,2028,0
16644,DPP4i,0,2018-08-27,48,0,1,0,0,0,0,0,2020-03-18,switch,569,0,1587,0
16645,DPP4i,0,2019-08-15,66,1,1,1,0,0,1,0,2021-03-26,stop,589,0,1234,0
16646,DPP4i,0,2018-11-12,51,1,0,0,0,0,1,0,2019-04-10,switch,149,0,1510,0
16650,DPP4i,0,2016-10-18,69,1,0,0,0,0,0,0,2022-01-24,stop,1924,0,2265,0
16651,DPP4i,0,2018-10-15,75,0,0,0,1,0,1,0,2021-08-19,hhf,1039,1,1039,1
16653,DPP4i,0,2020-06-23,56,0,1,0,1,0,1,0,2021-08-01,stop,404,0,921,0
16654,DPP4i,0,2020-04-28,57,1,1,0,0,0,1,0,2022-01-15,stop,627,0,977,0
16656,DPP4i,0,2020-01-23,68,0,1,0,1,0,1,0,2021-11-18,switch,665,0,1073,0
16658,DPP4i,0,2016-02-26,56,1,0,0,0,0,1,0,2020-11-15,stop,1724,0,2500,0
16660,DPP4i,0,2021-11-01,69,0,0,0,0,0,1,0,2022-07-25,stop,266,0,425,0
16662,SGLT2i,1,2019-05-31,58,1,1,0,0,0,1,0,2020-02-14,stop,259,0,1310,0
16665,DPP4i,0,2019-07-28,53,1,1,0,0,0,0,0,2022-11-22,switch,1213,0,1252,0
16666,DPP4i,0,2020-06-24,60,0,1,0,0,0,1,0,2020-10-22,stop,120,0,920,0
16668,DPP4i,0,2019-02-25,57,1,1,0,0,0,0,0,2022-12-31,study_end,1405,0,1405,0
16669,DPP4i,0,2017-01-07,44,0,0,0,0,0,1,0,2022-01-02,stop,1821,0,2184,0
16672,DPP4i,0,2016-07-20,71,1,0,0,0,0,1,0,2022-12-31,study_end,2355,0,2355,0
16673,DPP4i,0,2019-08-08,64,1,1,1,0,0,0,0,2021-09-02,stop,756,0,1241,0
16676,SGLT2i,1,2016-10-17,68,1,1,0,0,0,1,0,2017-05-15,death,210,0,210,0
16681,SGLT2i,1,2020-03-14,69,0,1,0,0,0,1,0,2022-12-31,study_end,1022,0,1022,0
16683,DPP4i,0,2021-10-07,76,1,0,0,0,1,1,0,2022-12-31,study_end,450,0,450,0
16685,DPP4i,0,2016-03-08,45,0,1,0,0,0,1,0,2022-04-22,stop,2236,0,2489,0
16686,DPP4i,0,2018-07-02,65,0,1,0,0,0,1,1,2022-04-12,switch,1380,0,1643,0
16687,SGLT2i,1,2016-11-01,63,1,0,1,0,0,1,0,2018-10-10,stop,708,0,2251,0
16688,SGLT2i,1,2017-11-10,61,0,1,0,0,0,1,0,2021-03-21,stop,1227,0,1877,0
16689,DPP4i,0,2016-08-09,50,0,1,0,0,0,1,0,2020-06-06,switch,1397,0,2335,0
16690,SGLT2i,1,2021-08-14,53,0,0,0,0,0,1,0,2022-12-31,study_end,504,0,504,0
16693,DPP4i,0,2019-12-02,61,1,1,1,0,0,1,0,2020-04-30,stop,150,0,1125,0
16694,SGLT2i,1,2019-12-17,60,0,1,0,0,0,1,0,2020-03-16,stop,90,0,1110,0
16695,DPP4i,0,2019-12-07,77,0,1,1,0,0,1,0,2022-02-06,stop,792,0,1120,0
16697,SGLT2i,1,2020-09-14,49,0,1,0,1,0,1,0,2022-11-12,stop,789,0,838,0
16698,DPP4i,0,2018-03-21,67,1,1,0,0,0,1,0,2019-02-21,stop,337,0,1746,0
16700,SGLT2i,1,2021-12-13,53,0,0,0,0,0,0,0,2022-11-12,stop,334,0,383,0
16701,DPP4i,0,2020-07-17,63,1,1,0,0,0,1,0,2022-12-31,study_end,897,0,897,0
16703,DPP4i,0,2018-03-29,51,1,0,0,0,0,1,0,2022-01-05,stop,1378,0,1738,0
16705,DPP4i,0,2019-05-26,64,0,1,0,0,0,1,0,2019-09-23,stop,120,0,1315,0
16706,DPP4i,0,2019-10-25,75,1,0,0,0,0,1,0,2020-11-03,stop,375,0,1163,0
16710,DPP4i,0,2018-03-07,60,0,1,0,0,0,1,0,2021-05-02,stop,1152,0,1760,0
16712,DPP4i,0,2018-01-08,54,1,1,0,1,0,1,0,2022-11-30,switch,1787,0,1818,0
16714,DPP4i,0,2021-11-03,43,1,1,0,0,0,1,0,2022-12-31,study_end,423,0,423,0
16717,DPP4i,0,2019-10-18,67,1,1,0,0,0,1,0,2021-03-27,stop,526,0,1170,0
16718,DPP4i,0,2016-04-03,46,1,1,0,0,0,1,0,2022-12-15,stop,2447,0,2463,0
16722,DPP4i,0,2018-04-12,56,1,1,0,0,0,1,0,2018-07-24,switch,103,0,1724,0
16724,DPP4i,0,2019-12-08,50,0,1,0,0,0,1,0,2021-03-28,switch,476,0,1119,0
16726,SGLT2i,1,2019-03-16,66,0,1,0,0,0,1,0,2022-12-31,study_end,1386,0,1386,0
16727,DPP4i,0,2021-05-22,73,0,1,0,0,0,1,0,2021-10-19,stop,150,0,588,0
16731,DPP4i,0,2016-06-10,61,0,0,0,0,0,1,0,2022-12-31,study_end,2395,0,2395,0
16734,DPP4i,0,2018-08-19,74,1,1,1,0,0,1,0,2022-12-31,study_end,1595,0,1595,0
16736,DPP4i,0,2016-03-23,51,0,1,0,0,0,0,0,2019-01-26,stop,1039,0,2474,0
16738,DPP4i,0,2019-11-12,71,1,1,0,0,0,1,0,2022-12-31,study_end,1145,0,1145,0
16739,DPP4i,0,2018-09-23,59,1,1,0,0,0,1,0,2022-08-24,stop,1431,0,1560,0
16741,DPP4i,0,2018-06-28,67,0,0,1,0,0,1,0,2020-09-23,stop,818,0,901,1
16742,SGLT2i,1,2021-09-06,35,0,0,0,0,0,1,0,2022-12-31,study_end,481,0,481,0
16745,DPP4i,0,2021-06-16,42,0,1,0,0,0,1,0,2022-12-31,study_end,563,0,563,0
16747,DPP4i,0,2020-11-26,47,0,1,0,0,0,1,0,2022-12-31,study_end,765,0,765,0
16748,DPP4i,0,2020-05-08,44,1,1,0,0,0,1,0,2022-12-31,study_end,967,0,967,0
16749,SGLT2i,1,2017-09-14,60,0,0,0,0,0,1,0,2022-12-31,study_end,1934,0,1934,0
16750,DPP4i,0,2017-05-30,80,0,1,0,0,0,0,0,2018-08-04,stop,431,0,646,1
16753,DPP4i,0,2019-05-09,82,0,1,0,0,0,1,0,2022-05-30,death,1117,0,1117,0
16755,DPP4i,0,2021-07-31,75,0,1,1,0,0,1,0,2022-02-03,stop,187,0,518,0
16758,DPP4i,0,2018-06-20,73,1,1,1,0,0,1,0,2019-08-21,stop,427,0,1655,0
16760,SGLT2i,1,2019-08-24,37,0,1,0,0,0,1,0,2022-12-31,study_end,1225,0,1225,0
16762,DPP4i,0,2021-07-14,79,0,1,0,0,0,0,0,2022-12-31,study_end,535,0,535,0
16764,DPP4i,0,2017-09-27,90,0,1,0,0,1,1,1,2017-12-26,stop,90,0,249,0
16766,DPP4i,0,2018-01-12,77,1,0,0,0,0,1,0,2020-11-20,stop,1043,0,1814,0
16767,DPP4i,0,2018-07-10,49,1,0,0,0,0,1,0,2022-12-31,study_end,1635,0,1635,0
16774,DPP4i,0,2016-10-18,57,0,0,0,0,0,1,0,2022-12-31,study_end,2265,0,2265,0
16776,DPP4i,0,2017-07-03,76,0,1,0,0,0,1,0,2017-12-04,death,154,0,154,0
16777,SGLT2i,1,2020-10-05,49,1,0,0,0,0,1,0,2021-01-03,stop,90,0,817,0
16778,SGLT2i,1,2018-09-17,60,0,0,0,0,0,1,0,2018-12-16,stop,90,0,1566,0
16784,DPP4i,0,2019-01-10,62,0,0,0,0,0,1,0,2019-06-09,stop,150,0,1451,0
16786,DPP4i,0,2020-10-31,53,0,0,0,0,0,1,0,2022-01-28,stop,454,0,791,0
16791,DPP4i,0,2018-04-03,50,0,0,0,0,0,1,0,2019-06-19,stop,442,0,1733,0
16792,SGLT2i,1,2020-08-13,63,1,1,1,0,0,1,0,2021-04-15,stop,245,0,870,0
16793,SGLT2i,1,2021-07-05,62,1,1,0,0,0,0,0,2022-12-31,study_end,544,0,544,0
16794,DPP4i,0,2020-02-05,83,1,1,0,1,0,1,1,2021-05-20,death,470,0,470,0
16795,DPP4i,0,2020-01-02,70,1,1,0,0,0,1,0,2022-01-21,switch,750,0,1094,0
16796,DPP4i,0,2020-11-06,81,0,1,1,0,0,0,0,2022-12-16,stop,770,0,785,0
16798,SGLT2i,1,2018-12-12,57,0,0,0,0,0,1,0,2022-02-15,stop,1161,0,1480,0
16800,DPP4i,0,2018-07-09,75,0,1,0,0,0,1,0,2021-10-07,stop,1186,0,1636,0
16802,DPP4i,0,2016-09-20,80,1,1,0,0,1,0,0,2018-01-21,stop,488,0,2293,0
16804,DPP4i,0,2018-04-07,59,0,1,0,0,0,1,1,2018-08-05,stop,120,0,1729,0
16805,SGLT2i,1,2019-06-22,74,0,1,0,0,0,1,1,2022-12-31,study_end,1288,0,1288,0
16807,DPP4i,0,2021-10-19,65,0,1,0,0,0,1,0,2022-12-31,study_end,438,0,438,0
16808,SGLT2i,1,2020-12-07,55,1,1,0,0,0,0,0,2022-12-31,study_end,754,0,754,0
16809,DPP4i,0,2020-08-09,64,1,1,0,1,0,1,0,2022-12-31,study_end,874,0,874,0
16811,DPP4i,0,2017-10-14,60,1,1,0,0,0,1,1,2022-01-30,switch,1569,0,1904,0
16813,DPP4i,0,2017-08-21,93,0,1,0,0,0,1,0,2018-03-11,hhf,202,1,202,1
16814,DPP4i,0,2020-01-29,50,0,1,0,0,0,1,0,2022-04-24,stop,816,0,1067,0
16815,DPP4i,0,2020-06-02,41,0,0,0,0,0,0,0,2022-12-31,study_end,942,0,942,0
16816,SGLT2i,1,2020-04-04,57,1,0,0,0,0,1,0,2022-12-31,study_end,1001,0,1001,0
16817,SGLT2i,1,2021-12-25,55,1,1,0,0,0,1,0,2022-12-31,study_end,371,0,371,0
16819,DPP4i,0,2016-08-07,35,0,1,0,0,0,1,0,2017-09-11,switch,400,0,2337,0
16820,DPP4i,0,2020-10-20,45,1,1,0,0,0,0,0,2022-05-05,stop,562,0,802,0
16821,DPP4i,0,2020-06-19,62,0,1,0,0,0,0,0,2022-12-31,study_end,925,0,925,0
16826,DPP4i,0,2017-07-24,54,0,1,0,0,0,1,0,2017-10-22,stop,90,0,1986,0
16828,DPP4i,0,2020-03-19,67,0,1,0,0,0,0,1,2022-12-31,study_end,1017,0,1017,0
16831,DPP4i,0,2021-06-20,56,0,1,0,0,0,1,0,2022-12-31,study_end,559,0,559,0
16834,DPP4i,0,2016-07-16,59,0,1,0,0,0,1,0,2017-10-03,switch,444,0,2359,0
16836,DPP4i,0,2020-09-27,72,0,1,0,1,0,1,0,2022-10-19,stop,752,0,825,0
16837,DPP4i,0,2020-09-16,73,0,1,0,0,0,1,0,2022-12-31,study_end,836,0,836,0
16838,DPP4i,0,2019-07-10,70,1,1,0,0,0,1,0,2020-09-12,stop,430,0,1270,0
16839,DPP4i,0,2016-12-15,47,1,1,0,0,0,1,0,2022-12-31,study_end,2207,0,2207,0
16843,DPP4i,0,2021-08-29,67,0,1,0,0,0,1,0,2022-12-31,study_end,489,0,489,0
16846,DPP4i,0,2018-01-18,66,1,0,0,0,0,1,0,2018-05-18,stop,120,0,1808,0
16847,DPP4i,0,2018-01-21,71,0,1,0,0,0,1,1,2019-12-15,death,693,0,693,0
16849,DPP4i,0,2017-02-25,50,0,1,0,0,0,1,0,2018-03-12,stop,380,0,2135,0
16852,DPP4i,0,2019-04-13,69,0,1,0,0,0,1,0,2022-10-28,stop,1294,0,1358,0
16853,DPP4i,0,2020-10-16,38,1,1,0,0,0,1,0,2022-12-31,study_end,806,0,806,0
16854,DPP4i,0,2020-08-13,52,0,0,0,0,0,1,1,2022-12-31,study_end,870,0,870,0
16856,DPP4i,0,2017-12-05,86,0,1,0,1,1,1,1,2020-08-13,hhf,982,1,982,1
16857,DPP4i,0,2017-07-23,57,0,1,0,0,0,1,0,2017-10-21,stop,90,0,1987,0
16859,DPP4i,0,2020-08-20,45,0,0,1,0,0,1,0,2022-12-31,study_end,863,0,863,0
16860,DPP4i,0,2018-12-06,46,0,1,0,0,0,1,1,2022-03-19,stop,1199,0,1486,0
16861,SGLT2i,1,2016-08-09,46,1,1,0,1,0,1,0,2016-11-14,switch,97,0,232,1
16862,DPP4i,0,2020-09-05,73,1,1,0,1,0,0,0,2022-09-18,hhf,743,1,743,1
16863,DPP4i,0,2019-08-16,91,1,1,0,1,0,1,0,2019-08-31,hhf,15,1,15,1
16864,SGLT2i,1,2019-11-24,29,1,0,0,0,0,1,0,2022-04-30,switch,888,0,1133,0
16865,SGLT2i,1,2021-05-02,54,0,0,0,0,0,1,0,2022-08-11,stop,466,0,608,0
16866,DPP4i,0,2020-08-29,67,0,1,1,0,0,0,0,2022-12-31,study_end,854,0,854,0
16867,DPP4i,0,2018-01-12,72,1,0,0,0,1,0,0,2018-05-12,stop,120,0,1814,0
16868,DPP4i,0,2018-11-30,59,1,1,0,1,0,1,0,2022-11-04,stop,1435,0,1492,0
16869,DPP4i,0,2020-06-26,64,0,1,0,0,0,0,1,2022-12-31,study_end,918,0,918,0
16870,DPP4i,0,2017-04-04,65,0,0,0,0,0,0,0,2020-06-21,switch,1174,0,2097,0
16873,DPP4i,0,2021-05-01,60,1,0,0,0,0,0,0,2021-07-30,stop,90,0,609,0
16874,DPP4i,0,2016-01-11,47,1,1,1,0,0,1,0,2018-01-12,stop,732,0,2546,0
16879,DPP4i,0,2020-06-28,70,0,1,0,0,0,1,1,2022-11-13,stop,868,0,916,0
16880,DPP4i,0,2017-01-30,83,1,1,0,0,0,1,0,2021-08-02,stop,1645,0,2161,0
16883,SGLT2i,1,2019-11-23,66,0,1,0,0,0,1,1,2022-12-31,study_end,1134,0,1134,0
16886,SGLT2i,1,2016-06-05,76,0,1,0,0,0,1,0,2022-12-31,study_end,2400,0,2400,0
16887,DPP4i,0,2017-11-16,59,1,0,0,0,0,0,0,2022-12-31,study_end,1871,0,1871,0
16888,DPP4i,0,2017-09-26,28,1,0,0,0,0,1,0,2019-05-26,stop,607,0,1922,0
16890,DPP4i,0,2017-10-07,35,0,0,0,0,0,0,0,2022-12-31,study_end,1911,0,1911,0
16892,DPP4i,0,2020-05-07,57,0,1,0,0,0,0,0,2022-12-31,study_end,968,0,968,0
16893,DPP4i,0,2019-03-19,47,0,0,0,0,0,1,0,2019-08-16,stop,150,0,1383,0
16894,DPP4i,0,2021-02-16,47,0,1,0,0,0,1,0,2022-12-31,study_end,683,0,683,0
16895,DPP4i,0,2017-10-03,58,1,0,0,0,0,0,0,2022-12-31,study_end,1915,0,1915,0
16896,DPP4i,0,2020-07-26,59,0,0,0,0,0,1,0,2020-12-26,stop,153,0,888,0
16897,DPP4i,0,2020-02-23,80,1,0,0,0,0,1,0,2021-08-29,stop,553,0,1042,0
16899,DPP4i,0,2017-08-29,43,1,0,0,0,0,1,0,2018-10-16,stop,413,0,1950,0
16900,SGLT2i,1,2019-03-13,28,1,0,0,0,0,1,0,2020-12-16,switch,644,0,1389,0
16901,DPP4i,0,2016-11-07,62,1,1,0,0,0,0,0,2022-12-31,study_end,2245,0,2245,0
16902,DPP4i,0,2020-11-05,54,0,0,0,0,0,1,0,2021-03-23,stop,138,0,786,0
16903,DPP4i,0,2019-03-26,72,1,1,1,0,0,1,0,2022-12-31,study_end,1376,0,1376,0
16905,DPP4i,0,2017-11-04,66,0,1,0,1,0,1,0,2019-07-10,stop,613,0,1697,1
16907,SGLT2i,1,2019-05-07,67,0,0,0,0,0,1,0,2022-02-08,stop,1008,0,1334,0
16909,DPP4i,0,2017-02-20,41,1,0,0,0,0,1,0,2017-10-18,stop,240,0,2140,0
16910,DPP4i,0,2018-04-12,66,1,1,0,0,1,1,0,2022-12-31,study_end,1724,0,1724,0
16911,DPP4i,0,2021-03-09,82,1,1,0,0,0,1,0,2022-07-24,stop,502,0,662,0
16913,DPP4i,0,2020-02-13,59,0,1,0,0,0,1,0,2022-12-31,study_end,1052,0,1052,0
16914,DPP4i,0,2017-03-24,68,1,1,0,0,0,1,0,2022-12-31,study_end,2108,0,2108,0
16916,DPP4i,0,2020-07-28,47,0,1,0,0,0,1,0,2022-12-31,study_end,886,0,886,0
16919,DPP4i,0,2021-05-07,52,1,1,0,0,0,1,0,2021-08-05,stop,90,0,603,0
16920,DPP4i,0,2016-12-05,62,1,1,0,0,0,1,0,2019-02-11,switch,798,0,2217,0
16922,DPP4i,0,2021-12-06,72,1,0,0,0,0,1,0,2022-12-31,study_end,390,0,390,0
16924,DPP4i,0,2019-02-16,82,0,1,0,1,0,1,0,2019-06-16,stop,120,0,127,1
16926,DPP4i,0,2020-12-25,48,1,1,0,0,0,1,0,2021-12-28,stop,368,0,736,0
16929,DPP4i,0,2021-08-31,62,0,1,0,0,0,1,0,2022-12-31,study_end,487,0,487,0
16933,SGLT2i,1,2021-12-22,55,0,1,0,0,0,1,0,2022-10-15,stop,297,0,374,0
16936,DPP4i,0,2018-10-23,59,0,1,0,1,0,1,0,2022-12-31,study_end,1530,0,1530,0
16937,SGLT2i,1,2021-08-05,58,0,1,0,0,0,1,0,2022-12-31,study_end,513,0,513,0
16939,DPP4i,0,2019-10-09,55,0,0,0,0,0,1,0,2021-06-06,switch,606,0,1179,0
16940,DPP4i,0,2016-10-06,45,0,1,0,0,0,1,0,2017-06-08,stop,245,0,2277,0
16941,DPP4i,0,2019-11-20,84,1,1,0,0,0,1,1,2021-09-24,death,674,0,674,0
16942,DPP4i,0,2016-01-16,58,0,1,0,0,0,1,0,2019-02-23,stop,1134,0,2541,0
16943,DPP4i,0,2018-05-13,78,0,1,1,0,0,1,0,2020-04-26,stop,714,0,1693,0
16944,DPP4i,0,2016-05-12,65,1,1,0,0,0,1,0,2018-07-16,hhf,795,1,795,1
16945,DPP4i,0,2018-05-30,64,0,1,1,0,0,1,0,2019-11-01,stop,520,0,1676,0
16946,DPP4i,0,2021-01-09,62,0,1,0,0,0,1,0,2021-06-08,stop,150,0,721,0
16947,DPP4i,0,2021-02-28,66,0,1,0,0,0,1,0,2022-12-31,study_end,671,0,671,0
16948,DPP4i,0,2017-10-15,41,0,1,0,0,0,1,0,2020-02-12,stop,850,0,1903,0
16949,DPP4i,0,2018-02-28,44,1,0,0,0,0,1,0,2019-01-29,stop,335,0,1767,0
16953,DPP4i,0,2018-02-21,40,0,0,0,0,0,1,0,2022-08-02,stop,1623,0,1774,0
16954,DPP4i,0,2021-09-20,62,1,0,0,0,0,0,0,2022-12-31,study_end,467,0,467,0
16960,DPP4i,0,2018-04-17,59,0,1,0,0,0,1,0,2021-07-29,switch,1199,0,1719,0
16962,DPP4i,0,2019-02-17,49,1,1,0,0,0,1,0,2022-12-31,study_end,1413,0,1413,0
16963,DPP4i,0,2018-03-07,60,1,1,0,0,0,0,0,2020-01-30,stop,694,0,1760,0
16966,DPP4i,0,2017-06-08,58,0,0,0,0,0,0,0,2018-03-20,switch,285,0,2032,0
16969,DPP4i,0,2016-05-13,41,1,0,0,0,0,1,0,2020-08-08,stop,1548,0,2423,0
16970,SGLT2i,1,2018-12-16,37,1,1,0,0,0,1,0,2019-03-16,stop,90,0,1476,0
16971,DPP4i,0,2018-08-15,60,1,0,0,0,0,1,0,2021-01-14,stop,883,0,1599,0
16974,SGLT2i,1,2021-10-24,79,1,0,0,0,0,1,0,2022-12-28,stop,430,0,433,0
16975,SGLT2i,1,2021-02-05,36,0,0,0,0,0,1,0,2022-12-31,study_end,694,0,694,0
16976,DPP4i,0,2019-09-15,44,0,0,0,0,0,1,0,2022-12-31,study_end,1203,0,1203,0
16977,SGLT2i,1,2018-02-13,65,1,1,1,0,1,1,0,2021-09-29,switch,1324,0,1782,0
16979,DPP4i,0,2017-11-26,46,0,0,0,0,0,0,0,2020-09-08,stop,1017,0,1861,0
16980,DPP4i,0,2018-11-13,61,0,1,0,0,0,0,0,2020-09-05,death,662,0,662,0
16982,DPP4i,0,2018-05-07,60,1,1,0,0,0,0,0,2019-05-18,stop,376,0,1699,0
16983,SGLT2i,1,2021-03-24,35,1,0,0,0,0,1,0,2022-12-31,study_end,647,0,647,0
16984,DPP4i,0,2019-09-27,59,1,1,0,0,0,1,0,2022-01-20,stop,846,0,1191,0
16986,SGLT2i,1,2018-08-11,48,1,1,1,0,0,1,0,2020-01-12,stop,519,0,1603,0
16988,DPP4i,0,2019-11-24,67,1,1,0,0,0,1,0,2022-12-31,study_end,1133,0,1133,0
16990,DPP4i,0,2017-07-21,48,1,1,0,0,0,1,0,2021-11-17,stop,1580,0,1989,0
16994,DPP4i,0,2016-09-12,57,1,0,0,1,0,0,0,2018-08-30,stop,717,0,2301,0
16996,DPP4i,0,2019-05-19,54,0,1,0,0,0,1,0,2022-08-29,stop,1198,0,1322,0
16998,DPP4i,0,2019-12-02,56,0,0,0,0,0,0,0,2020-04-30,stop,150,0,1125,0
16999,DPP4i,0,2017-06-14,72,1,1,0,0,0,1,0,2020-02-15,stop,976,0,2026,0
17000,DPP4i,0,2019-08-01,36,1,0,0,0,0,1,0,2022-07-13,stop,1077,0,1248,0
17001,DPP4i,0,2019-05-08,67,0,1,1,0,0,0,0,2021-11-23,switch,930,0,1333,0
17002,SGLT2i,1,2019-03-29,56,1,1,0,0,0,0,0,2020-04-19,stop,387,0,1373,0
17003,DPP4i,0,2016-06-18,42,0,0,0,0,0,0,0,2019-02-08,stop,965,0,2387,0
17004,SGLT2i,1,2017-04-01,63,1,0,1,0,0,1,0,2018-11-15,stop,593,0,2100,0
17005,DPP4i,0,2018-03-16,61,0,0,0,0,0,1,0,2022-12-31,study_end,1751,0,1751,0
17007,DPP4i,0,2017-05-13,42,0,0,0,0,0,1,0,2017-11-26,stop,197,0,2058,0
17008,DPP4i,0,2018-01-11,65,0,1,0,0,0,1,0,2021-01-25,stop,1110,0,1815,0
17012,DPP4i,0,2021-08-05,44,0,1,0,0,0,1,0,2022-01-02,stop,150,0,513,0
17013,DPP4i,0,2017-02-22,60,1,1,0,0,0,1,0,2018-08-04,stop,528,0,2138,0
17014,SGLT2i,1,2020-03-27,41,1,0,0,0,0,1,0,2022-12-31,study_end,1009,0,1009,0
17016,DPP4i,0,2020-01-26,59,0,1,0,0,0,1,0,2020-12-04,switch,313,0,1070,0
17017,SGLT2i,1,2021-12-28,60,1,1,0,0,0,1,0,2022-12-31,study_end,368,0,368,0
17018,DPP4i,0,2017-05-16,51,1,0,0,0,0,0,0,2019-10-25,stop,892,0,2055,0
17019,DPP4i,0,2020-05-20,69,1,1,0,0,0,1,0,2022-09-05,stop,838,0,955,0
17021,DPP4i,0,2017-10-27,59,0,1,0,0,0,0,0,2021-04-22,death,1273,0,1273,0
17022,DPP4i,0,2018-03-27,77,0,0,0,0,1,1,0,2020-07-19,death,845,0,845,0
17023,DPP4i,0,2017-04-02,80,0,1,1,0,0,1,0,2020-03-05,stop,1068,0,1448,1
17025,DPP4i,0,2016-03-20,66,0,1,0,0,0,1,0,2017-02-15,stop,332,0,2477,0
17026,DPP4i,0,2019-08-10,81,0,1,0,0,0,1,0,2020-12-04,stop,482,0,1239,0
17028,DPP4i,0,2017-07-21,48,1,0,0,0,0,0,0,2022-12-31,study_end,1989,0,1989,0
17029,DPP4i,0,2020-07-31,79,0,1,0,0,0,0,0,2022-12-19,switch,871,0,883,0
17030,DPP4i,0,2018-06-05,63,0,1,0,1,0,1,0,2022-07-22,stop,1508,0,1670,0
17037,DPP4i,0,2019-09-01,56,0,0,0,1,0,0,0,2021-07-28,hhf,696,1,696,1
17039,DPP4i,0,2018-07-08,77,0,1,0,1,0,1,0,2019-01-09,hhf,185,1,185,1
17040,SGLT2i,1,2021-04-27,53,1,1,0,0,0,1,0,2022-06-21,stop,420,0,613,0
17041,DPP4i,0,2018-03-20,63,1,0,0,0,0,1,0,2022-12-31,study_end,1747,0,1747,0
17042,DPP4i,0,2018-04-09,65,0,1,0,0,0,1,0,2020-04-29,switch,751,0,1727,0
17043,DPP4i,0,2021-08-06,49,0,0,0,0,0,1,0,2022-12-31,study_end,512,0,512,0
17044,SGLT2i,1,2020-06-15,75,1,1,0,0,0,1,0,2022-05-08,stop,692,0,929,0
17046,DPP4i,0,2018-06-15,79,1,1,0,0,0,1,0,2020-06-18,stop,734,0,1660,0
17049,SGLT2i,1,2019-12-01,71,1,1,0,0,0,1,0,2022-12-31,study_end,1126,0,1126,0
17050,DPP4i,0,2018-09-18,48,1,1,0,0,0,1,0,2022-12-31,study_end,1565,0,1565,0
17052,DPP4i,0,2021-11-30,67,1,1,0,0,0,1,0,2022-12-31,study_end,396,0,396,0
17054,DPP4i,0,2021-05-27,57,0,1,0,0,0,1,0,2022-12-31,study_end,583,0,583,0
17057,DPP4i,0,2016-09-28,55,1,1,0,0,0,1,0,2019-10-08,stop,1105,0,2285,0
17058,DPP4i,0,2021-05-18,54,0,1,0,0,0,1,0,2022-12-31,study_end,592,0,592,0
17060,DPP4i,0,2017-01-15,47,1,1,0,0,0,0,0,2022-09-11,switch,2065,0,2176,0
17061,DPP4i,0,2020-05-14,44,0,1,0,0,0,1,0,2021-01-15,stop,246,0,961,0
17062,DPP4i,0,2017-07-01,48,0,1,0,0,0,1,0,2022-12-31,study_end,2009,0,2009,0
17063,DPP4i,0,2021-11-07,51,0,1,0,0,0,1,0,2022-12-31,study_end,419,0,419,0
17066,DPP4i,0,2017-11-10,55,0,1,0,0,0,1,0,2020-02-23,stop,835,0,1877,0
17067,DPP4i,0,2019-06-12,72,0,0,0,0,0,1,0,2021-03-14,switch,641,0,1298,0
17070,DPP4i,0,2019-06-10,68,0,1,0,0,0,0,0,2021-02-08,switch,609,0,1300,0
17073,DPP4i,0,2020-11-04,74,1,1,1,0,0,1,0,2022-12-31,study_end,787,0,787,0
17074,DPP4i,0,2017-10-20,72,1,0,0,0,0,0,0,2021-03-16,stop,1243,0,1898,0
17075,DPP4i,0,2018-08-31,73,0,1,0,0,0,1,0,2022-09-28,switch,1489,0,1583,0
17076,DPP4i,0,2018-04-18,77,0,0,0,0,1,1,0,2019-06-18,stop,426,0,1718,0
17078,DPP4i,0,2019-08-16,51,0,1,0,0,1,1,0,2022-12-31,study_end,1233,0,1233,0
17083,DPP4i,0,2016-06-22,51,0,0,0,0,0,1,0,2016-11-19,stop,150,0,2383,0
17091,DPP4i,0,2018-07-14,65,1,0,0,0,0,1,0,2021-09-08,stop,1152,0,1631,0
17092,DPP4i,0,2020-07-24,57,1,0,0,0,0,1,0,2022-12-31,study_end,890,0,890,0
17094,SGLT2i,1,2017-11-01,56,0,1,0,0,0,1,0,2022-11-17,stop,1842,0,1886,0
17096,DPP4i,0,2019-12-07,55,1,1,0,0,0,0,0,2021-11-28,stop,722,0,1120,0
17099,DPP4i,0,2016-11-10,53,0,0,0,0,0,0,0,2019-08-22,stop,1015,0,2242,0
17100,DPP4i,0,2018-01-23,22,1,0,0,0,0,1,1,2021-05-31,stop,1224,0,1803,0
17103,DPP4i,0,2021-12-08,54,0,0,0,0,0,1,0,2022-12-31,study_end,388,0,388,0
17105,DPP4i,0,2016-07-05,58,0,0,0,0,0,1,0,2016-12-02,stop,150,0,2370,0
17106,DPP4i,0,2018-04-27,73,0,0,0,0,0,0,1,2021-03-10,switch,1048,0,1709,0
17107,DPP4i,0,2016-01-16,65,0,1,0,0,0,1,0,2022-12-31,study_end,2541,0,2541,0
17109,DPP4i,0,2017-09-12,52,1,0,0,0,0,0,0,2018-08-13,stop,335,0,1936,0
17114,DPP4i,0,2021-05-01,68,1,1,0,0,0,1,0,2022-10-04,stop,521,0,609,0
17116,DPP4i,0,2018-10-23,60,0,1,1,0,0,1,0,2022-12-31,study_end,1530,0,1530,0
17118,DPP4i,0,2018-06-30,53,0,1,0,0,0,1,0,2018-10-30,stop,122,0,1645,0
17119,DPP4i,0,2021-08-30,56,0,1,0,0,0,1,0,2022-12-31,study_end,488,0,488,0
17120,SGLT2i,1,2020-08-12,51,0,0,1,0,0,1,0,2022-07-12,stop,699,0,871,0
17124,DPP4i,0,2020-02-16,54,1,1,0,0,0,1,0,2021-01-15,stop,334,0,1049,0
17125,DPP4i,0,2017-10-13,58,0,1,0,0,0,0,0,2019-03-16,stop,519,0,1905,0
17126,DPP4i,0,2016-04-26,67,0,1,0,0,0,1,1,2021-07-15,death,1906,0,1906,0
17130,DPP4i,0,2017-08-26,63,0,0,0,0,0,1,0,2017-12-24,stop,120,0,1953,0
17131,DPP4i,0,2021-06-22,57,1,0,0,0,0,1,1,2022-12-31,study_end,557,0,557,0
17133,DPP4i,0,2020-12-19,73,1,0,0,0,0,1,0,2022-12-07,switch,718,0,742,0
17134,DPP4i,0,2018-01-25,51,0,0,0,0,0,1,0,2018-09-24,stop,242,0,1801,0
17135,DPP4i,0,2021-04-07,70,1,1,0,0,0,1,0,2021-07-06,stop,90,0,633,0
17137,SGLT2i,1,2018-11-09,58,0,1,0,0,0,1,0,2019-03-13,stop,124,0,1513,0
17139,DPP4i,0,2020-04-10,45,1,1,0,0,0,1,0,2022-12-31,study_end,995,0,995,0
17140,DPP4i,0,2021-01-22,74,1,0,0,0,0,1,0,2022-12-31,study_end,708,0,708,0
17141,DPP4i,0,2018-06-28,72,1,1,0,0,0,1,1,2021-03-01,switch,977,0,1647,0
17142,DPP4i,0,2018-04-07,68,0,0,0,0,0,0,0,2020-07-30,stop,845,0,1729,0
17143,DPP4i,0,2020-01-08,72,1,0,0,0,0,1,0,2020-10-26,stop,292,0,1088,0
17145,DPP4i,0,2019-12-21,39,0,0,0,0,0,1,0,2022-12-31,study_end,1106,0,1106,0
17147,DPP4i,0,2019-11-16,49,1,1,0,0,0,1,0,2022-12-31,study_end,1141,0,1141,0
17149,DPP4i,0,2019-12-08,64,0,1,0,0,0,1,1,2020-08-11,stop,247,0,1119,0
17150,DPP4i,0,2017-09-27,72,1,1,1,0,0,1,0,2018-02-24,stop,150,0,1889,1
17151,DPP4i,0,2018-03-02,53,0,0,0,0,0,1,0,2019-12-28,stop,666,0,1765,0
17153,DPP4i,0,2017-12-14,54,0,1,0,0,0,1,0,2018-03-14,stop,90,0,1843,0
17154,DPP4i,0,2017-12-23,63,0,1,0,0,0,1,0,2020-03-18,stop,816,0,1834,0
17155,DPP4i,0,2018-05-18,48,0,1,0,0,0,1,0,2019-12-26,switch,587,0,1688,0
17156,DPP4i,0,2016-05-02,66,0,1,0,0,0,1,0,2022-12-31,study_end,2434,0,2434,0
17158,DPP4i,0,2016-04-09,45,1,0,0,0,0,0,0,2016-09-24,stop,168,0,2457,0
17159,DPP4i,0,2019-02-18,70,1,1,0,0,0,1,0,2021-07-11,death,874,0,874,0
17160,DPP4i,0,2018-04-05,62,0,1,0,0,0,0,0,2022-12-31,study_end,1731,0,1731,0
17161,DPP4i,0,2018-10-15,90,1,1,1,0,0,0,0,2019-03-14,stop,150,0,1538,0
17163,DPP4i,0,2021-11-15,67,0,0,0,0,0,1,0,2022-12-31,study_end,411,0,411,0
17164,DPP4i,0,2019-10-18,46,0,0,0,1,0,1,0,2022-05-12,stop,937,0,1170,0
17165,DPP4i,0,2017-06-05,65,1,0,0,0,0,1,0,2020-05-30,stop,1090,0,2035,0
17166,DPP4i,0,2020-12-16,70,0,1,0,0,0,1,0,2022-07-02,stop,563,0,745,0
17168,DPP4i,0,2018-05-29,38,0,0,0,0,0,1,0,2019-06-06,stop,373,0,1677,0
17172,SGLT2i,1,2017-09-29,42,1,1,0,0,0,1,0,2018-10-11,stop,377,0,1919,0
17173,DPP4i,0,2018-01-12,53,0,0,0,0,0,1,0,2021-09-04,switch,1331,0,1814,0
17174,DPP4i,0,2020-12-10,49,0,1,0,0,0,1,0,2021-04-09,stop,120,0,751,0
17175,SGLT2i,1,2020-10-08,59,0,1,0,0,0,1,1,2021-12-09,stop,427,0,814,0
17176,DPP4i,0,2021-01-08,74,1,1,0,0,0,0,0,2022-01-19,hhf,376,1,376,1
17177,DPP4i,0,2020-05-21,52,0,1,1,0,0,1,0,2020-08-19,stop,90,0,954,0
17179,DPP4i,0,2020-01-03,55,1,0,0,0,0,1,0,2022-04-02,stop,820,0,1093,0
17180,DPP4i,0,2019-10-03,43,1,1,0,0,0,1,0,2020-12-05,stop,429,0,1185,0
17182,DPP4i,0,2018-12-19,51,0,1,0,0,0,1,0,2022-02-13,stop,1152,0,1473,0
17183,DPP4i,0,2021-07-16,64,0,0,0,0,0,1,0,2022-12-31,study_end,533,0,533,0
17184,DPP4i,0,2017-07-25,43,0,0,0,0,0,0,0,2022-12-31,study_end,1985,0,1985,0
17186,DPP4i,0,2020-12-31,59,1,1,0,0,0,1,0,2022-12-31,study_end,730,0,730,0
17187,DPP4i,0,2017-06-11,70,0,1,0,0,0,1,0,2021-01-09,stop,1308,0,2029,0
17188,DPP4i,0,2016-09-08,63,0,1,0,0,0,0,0,2022-02-19,stop,1990,0,2305,0
17190,DPP4i,0,2018-02-25,58,1,1,0,0,0,1,0,2020-11-08,stop,987,0,1770,0
17193,DPP4i,0,2019-08-26,49,0,1,0,0,0,1,0,2020-04-27,stop,245,0,1223,0
17195,DPP4i,0,2017-06-13,48,1,1,0,0,0,1,0,2019-09-25,stop,834,0,2027,0
17196,SGLT2i,1,2019-08-13,74,1,1,0,0,0,1,0,2022-12-31,study_end,1236,0,1236,0
17198,DPP4i,0,2016-05-01,68,0,0,0,0,1,1,0,2016-08-29,stop,120,0,879,1
17199,DPP4i,0,2017-10-27,66,0,1,0,0,0,1,0,2022-09-23,stop,1792,0,1891,0
17200,SGLT2i,1,2019-07-03,59,1,0,0,0,0,1,0,2022-04-20,stop,1022,0,1277,0
17204,SGLT2i,1,2017-10-17,79,0,0,0,0,0,1,1,2021-02-18,stop,1220,0,1522,0
17206,DPP4i,0,2018-02-27,56,1,1,0,0,0,0,0,2018-12-27,stop,303,0,1768,0
17208,DPP4i,0,2017-09-23,61,1,0,0,0,0,1,1,2022-10-14,stop,1847,0,1925,0
17209,DPP4i,0,2018-10-28,49,1,1,0,0,0,1,0,2022-12-31,study_end,1525,0,1525,0
17210,DPP4i,0,2021-07-26,79,0,1,0,0,0,1,0,2022-01-25,stop,183,0,523,0
17211,DPP4i,0,2020-08-20,81,0,1,0,0,1,1,0,2022-12-31,study_end,863,0,863,0
17213,DPP4i,0,2021-12-11,60,1,1,0,0,0,1,0,2022-12-31,study_end,385,0,385,0
17214,DPP4i,0,2021-05-21,52,0,1,1,0,0,1,0,2022-12-31,study_end,589,0,589,0
17217,DPP4i,0,2018-05-08,64,1,1,1,0,0,0,0,2020-12-14,stop,951,0,1698,0
17218,DPP4i,0,2016-07-25,43,0,1,0,0,0,1,0,2018-05-21,switch,665,0,2350,0
17219,DPP4i,0,2019-06-08,38,1,1,0,0,0,1,0,2019-06-30,switch,22,0,1302,0
17220,DPP4i,0,2018-05-24,73,1,1,0,0,1,1,0,2018-09-23,stop,122,0,1682,0
17221,SGLT2i,1,2021-01-25,59,0,0,0,0,0,1,0,2022-12-25,stop,699,0,705,0
17223,SGLT2i,1,2020-05-18,56,0,1,0,0,0,1,0,2020-10-15,stop,150,0,957,0
17224,DPP4i,0,2016-05-16,60,1,0,0,0,0,1,0,2018-07-12,switch,787,0,2420,0
17226,DPP4i,0,2019-12-26,74,0,0,0,0,0,1,0,2022-12-31,study_end,1101,0,1101,0
17228,DPP4i,0,2017-04-26,85,0,1,1,0,0,1,0,2021-11-02,switch,1651,0,2075,0
17230,DPP4i,0,2018-10-24,61,0,1,0,0,0,0,0,2022-09-07,stop,1414,0,1529,0
17232,DPP4i,0,2019-07-14,56,1,0,0,0,0,1,0,2022-12-31,study_end,1266,0,1266,0
17237,DPP4i,0,2016-05-01,65,1,0,0,0,0,1,0,2019-01-21,switch,995,0,2435,0
17238,DPP4i,0,2017-09-04,65,1,0,0,0,0,1,0,2022-03-15,stop,1653,0,1944,0
17239,DPP4i,0,2019-04-18,60,0,1,0,0,0,1,0,2022-12-31,study_end,1353,0,1353,0
17240,SGLT2i,1,2020-10-01,80,1,1,1,0,0,1,0,2022-12-31,study_end,821,0,821,0
17241,DPP4i,0,2018-10-26,58,0,1,0,0,0,1,0,2021-01-14,death,811,0,811,0
17242,DPP4i,0,2019-05-29,40,0,0,0,0,0,1,0,2022-07-07,stop,1135,0,1312,0
17243,SGLT2i,1,2019-09-22,71,0,0,0,1,0,1,0,2022-12-31,study_end,1196,0,1196,0
17244,DPP4i,0,2017-02-19,80,1,1,0,0,0,1,0,2022-12-31,study_end,2141,0,2141,0
17245,DPP4i,0,2019-04-06,60,1,0,0,0,0,1,0,2021-03-11,stop,705,0,1365,0
17246,SGLT2i,1,2020-08-08,45,0,0,0,0,0,1,0,2022-12-31,study_end,875,0,875,0
17250,DPP4i,0,2019-10-08,65,0,1,1,0,0,1,0,2021-05-13,death,583,0,583,0
17253,DPP4i,0,2017-01-07,37,0,0,1,0,0,1,0,2018-03-16,stop,433,0,2184,0
17255,DPP4i,0,2019-07-24,65,1,1,0,0,0,1,0,2019-11-21,stop,120,0,1256,0
17256,DPP4i,0,2016-10-18,75,1,1,0,0,0,0,1,2021-12-18,switch,1887,0,2265,0
17257,DPP4i,0,2018-06-12,61,0,0,1,0,0,1,0,2022-12-31,study_end,1663,0,1663,0
17258,DPP4i,0,2021-12-06,55,0,1,0,1,0,0,0,2022-12-31,study_end,390,0,390,0
17262,DPP4i,0,2021-02-27,83,0,1,0,0,0,1,0,2022-12-31,study_end,672,0,672,0
17263,DPP4i,0,2018-01-18,66,0,1,0,0,0,1,0,2018-05-18,stop,120,0,1808,0
17264,DPP4i,0,2020-07-16,32,1,1,0,0,0,1,0,2022-12-31,study_end,898,0,898,0
17265,DPP4i,0,2021-11-28,53,0,0,0,0,0,1,0,2022-12-31,study_end,398,0,398,0
17267,DPP4i,0,2017-08-21,55,1,1,0,0,0,1,0,2022-12-31,study_end,1958,0,1958,0
17269,SGLT2i,1,2019-10-05,54,0,0,1,0,0,1,0,2021-07-29,death,663,0,663,0
17270,DPP4i,0,2019-09-02,81,1,1,0,0,0,1,0,2020-01-30,stop,150,0,1216,0
17277,DPP4i,0,2020-02-12,74,0,1,0,0,0,1,0,2020-10-21,switch,252,0,1053,0
17279,DPP4i,0,2017-11-22,50,0,1,1,0,0,1,1,2022-12-31,study_end,1865,0,1865,0
17281,DPP4i,0,2020-08-16,67,0,0,0,0,0,1,1,2021-01-13,stop,150,0,867,0
17282,DPP4i,0,2018-07-17,48,1,1,0,0,0,0,0,2020-10-20,stop,826,0,1628,0
17286,DPP4i,0,2020-01-08,70,1,1,0,0,0,1,1,2021-07-07,stop,546,0,1088,0
17287,DPP4i,0,2020-03-06,58,1,1,0,0,1,1,0,2022-12-31,study_end,1030,0,1030,0
17288,DPP4i,0,2020-12-30,52,0,1,0,0,0,1,0,2022-12-31,study_end,731,0,731,0
17289,DPP4i,0,2019-11-11,65,0,0,0,0,0,1,0,2021-01-19,stop,435,0,1146,0
17290,SGLT2i,1,2020-01-10,58,0,1,0,0,0,1,0,2020-06-08,stop,150,0,1086,0
17291,SGLT2i,1,2021-09-29,47,1,1,1,0,0,1,1,2022-12-31,study_end,458,0,458,0
17297,DPP4i,0,2021-06-15,88,1,1,0,0,0,0,1,2022-12-31,study_end,564,0,564,0
17298,DPP4i,0,2016-10-23,68,1,1,0,0,0,1,0,2018-07-09,stop,624,0,1251,0
17301,DPP4i,0,2016-09-19,64,1,1,0,0,0,1,0,2018-11-16,switch,788,0,2294,0
17302,DPP4i,0,2019-12-07,67,1,0,1,0,0,0,0,2022-05-09,switch,884,0,1120,0
17305,DPP4i,0,2018-03-29,69,0,0,1,0,0,1,0,2019-04-03,stop,370,0,1738,0
17306,DPP4i,0,2018-12-04,68,1,1,1,0,0,1,0,2021-07-02,stop,941,0,1488,0
17308,SGLT2i,1,2021-05-11,47,1,0,0,0,0,1,0,2022-12-31,study_end,599,0,599,0
17310,DPP4i,0,2017-02-03,77,0,1,0,0,0,1,0,2020-11-09,stop,1375,0,2010,0
17313,DPP4i,0,2017-09-05,92,0,0,0,0,1,1,0,2020-08-03,switch,1063,0,1943,0
17314,DPP4i,0,2019-09-13,59,0,0,0,1,0,0,0,2020-02-10,stop,150,0,1205,0
17315,DPP4i,0,2021-01-23,44,1,0,0,0,0,1,0,2022-12-31,study_end,707,0,707,0
17316,DPP4i,0,2016-11-12,72,0,0,0,0,0,1,0,2017-04-11,stop,150,0,2240,0
17318,DPP4i,0,2017-09-18,64,1,1,0,0,0,1,1,2021-03-31,stop,1290,0,1930,0
17321,DPP4i,0,2020-03-09,58,0,0,0,0,0,1,0,2022-04-12,switch,764,0,1027,0
17324,DPP4i,0,2016-09-30,57,0,0,0,0,0,1,0,2017-06-04,stop,247,0,2283,0
17326,DPP4i,0,2020-08-14,59,1,1,1,0,0,1,0,2021-10-20,stop,432,0,869,0
17328,DPP4i,0,2021-03-10,74,1,1,0,0,0,1,0,2022-12-31,study_end,661,0,661,0
17329,DPP4i,0,2017-02-03,60,1,1,0,0,0,1,0,2022-12-31,study_end,2157,0,2157,0
17331,DPP4i,0,2016-03-06,62,1,0,1,0,0,1,0,2022-12-31,study_end,2491,0,2491,0
17332,DPP4i,0,2020-09-14,79,1,1,0,0,0,1,0,2021-05-22,stop,250,0,838,0
17333,SGLT2i,1,2021-03-21,51,0,1,0,0,0,1,0,2022-12-31,study_end,650,0,650,0
17334,DPP4i,0,2016-09-01,43,0,0,0,0,0,0,0,2022-09-20,stop,2210,0,2312,0
17335,DPP4i,0,2016-06-20,66,1,1,0,0,0,0,0,2016-06-28,switch,8,0,2385,0
17340,DPP4i,0,2018-11-13,79,1,1,0,0,0,0,0,2022-12-31,study_end,1509,0,1509,0
17341,DPP4i,0,2019-07-22,70,1,0,0,0,0,0,0,2020-07-05,stop,349,0,1258,0
17344,SGLT2i,1,2017-02-01,60,0,1,0,0,0,1,0,2017-07-01,stop,150,0,2159,0
17345,DPP4i,0,2018-02-26,72,1,1,0,0,0,1,0,2020-08-06,stop,892,0,1558,1
17348,DPP4i,0,2020-10-30,74,0,1,0,0,0,0,0,2021-03-29,stop,150,0,792,0
17349,DPP4i,0,2017-09-29,61,1,0,0,0,0,1,0,2018-05-20,stop,233,0,1919,0
17351,DPP4i,0,2021-03-29,95,0,1,0,0,0,1,0,2022-12-31,study_end,642,0,642,0
17352,DPP4i,0,2019-09-30,64,0,1,1,0,1,1,0,2020-10-11,switch,377,0,1188,0
17353,DPP4i,0,2021-01-03,56,0,1,0,0,0,1,0,2021-04-03,stop,90,0,727,0
17358,DPP4i,0,2017-02-28,65,0,0,0,0,0,1,0,2018-02-08,stop,345,0,2132,0
17359,DPP4i,0,2020-10-27,62,0,0,0,0,0,1,0,2022-12-31,study_end,795,0,795,0
17362,SGLT2i,1,2019-10-13,58,0,1,0,0,0,1,0,2020-03-11,stop,150,0,1175,0
17367,DPP4i,0,2018-07-14,57,1,0,0,0,0,1,0,2021-01-01,stop,902,0,1631,0
17369,DPP4i,0,2018-01-20,58,1,1,0,0,0,1,0,2022-12-31,study_end,1806,0,1806,0
17370,DPP4i,0,2017-08-05,63,1,0,0,0,0,1,0,2022-12-31,study_end,1974,0,1974,0
17377,DPP4i,0,2020-03-08,44,0,1,0,0,0,1,0,2020-08-05,stop,150,0,1028,0
17379,DPP4i,0,2021-01-31,71,1,0,0,0,0,1,0,2022-12-31,study_end,699,0,699,0
17382,DPP4i,0,2019-09-19,73,1,0,0,0,0,0,0,2020-09-01,stop,348,0,1199,0
17383,DPP4i,0,2020-10-04,26,0,0,0,0,0,1,0,2022-12-31,study_end,818,0,818,0
17384,DPP4i,0,2021-06-20,72,1,1,0,0,0,1,0,2022-08-13,stop,419,0,559,0
17387,DPP4i,0,2020-04-12,64,1,0,0,0,0,0,0,2021-11-18,switch,585,0,993,0
17388,DPP4i,0,2021-12-11,61,0,1,0,0,0,1,0,2022-12-31,study_end,385,0,385,0
17389,DPP4i,0,2019-09-14,48,1,1,0,0,0,0,0,2021-04-18,stop,582,0,1204,0
17392,DPP4i,0,2016-07-10,50,0,0,0,0,0,1,0,2021-12-10,stop,1979,0,2365,0
17394,DPP4i,0,2019-06-09,75,0,1,0,0,0,1,0,2021-07-07,stop,759,0,1301,0
17395,DPP4i,0,2021-02-28,65,0,1,0,0,0,1,0,2022-12-31,study_end,671,0,671,0
17397,SGLT2i,1,2016-04-26,67,1,1,0,0,0,1,0,2018-09-01,stop,858,0,2206,1
17398,SGLT2i,1,2019-03-09,69,0,1,0,0,0,0,0,2022-12-31,study_end,1393,0,1393,0
17400,DPP4i,0,2017-06-27,54,1,1,0,0,0,0,0,2017-10-25,stop,120,0,2013,0
17403,DPP4i,0,2020-06-02,55,0,1,0,0,0,1,0,2022-08-24,stop,813,0,942,0
17404,DPP4i,0,2020-06-15,71,1,0,0,0,0,1,0,2022-05-30,stop,714,0,929,0
17405,SGLT2i,1,2016-11-18,41,0,0,0,0,1,1,1,2022-09-05,stop,2117,0,2234,0
17407,DPP4i,0,2021-08-04,46,1,1,0,0,0,1,0,2022-12-31,study_end,514,0,514,0
17409,DPP4i,0,2020-10-29,88,1,1,0,0,0,1,0,2022-05-31,stop,579,0,793,0
17411,DPP4i,0,2016-12-24,73,1,1,0,0,0,1,0,2020-04-03,stop,1196,0,2198,0
17414,DPP4i,0,2020-05-08,71,0,1,0,0,0,1,1,2020-09-05,stop,120,0,233,1
17418,SGLT2i,1,2021-06-10,51,0,0,0,0,0,1,0,2022-12-31,study_end,569,0,569,0
17419,DPP4i,0,2018-02-06,59,0,0,1,0,0,1,0,2022-12-31,study_end,1789,0,1789,0
17420,DPP4i,0,2018-10-21,63,1,0,0,0,0,1,0,2019-03-20,stop,150,0,1532,0
17421,DPP4i,0,2016-02-21,74,1,1,0,0,0,0,0,2017-02-02,stop,347,0,2505,0
17422,DPP4i,0,2016-04-16,48,1,1,0,0,1,0,0,2018-07-01,stop,806,0,2450,0
17424,SGLT2i,1,2020-03-03,54,0,1,0,0,0,1,0,2022-12-31,study_end,1033,0,1033,0
17425,DPP4i,0,2017-06-29,64,1,1,0,0,0,1,0,2018-03-10,stop,254,0,2011,0
17428,DPP4i,0,2017-10-23,39,0,0,0,0,0,1,0,2018-06-21,stop,241,0,1895,0
17432,SGLT2i,1,2020-12-07,53,0,1,0,0,0,1,0,2021-08-08,stop,244,0,754,0
17433,DPP4i,0,2021-06-30,45,1,0,0,0,0,1,0,2022-08-07,stop,403,0,549,0
17435,DPP4i,0,2019-05-04,55,1,0,0,0,0,0,0,2022-12-31,study_end,1337,0,1337,0
17436,SGLT2i,1,2021-08-06,39,0,1,0,0,0,1,0,2022-12-31,study_end,512,0,512,0
17437,SGLT2i,1,2021-12-03,54,0,1,0,0,0,1,0,2022-05-05,stop,153,0,393,0
17439,SGLT2i,1,2020-08-10,69,0,0,1,0,0,1,0,2022-12-31,study_end,873,0,873,0
17442,SGLT2i,1,2020-06-01,65,1,1,0,0,0,1,0,2022-12-12,stop,924,0,943,0
17445,DPP4i,0,2019-07-09,53,0,0,0,0,0,0,0,2022-12-31,study_end,1271,0,1271,0
17447,SGLT2i,1,2020-06-15,60,1,1,0,0,0,1,0,2020-10-13,stop,120,0,929,0
17449,SGLT2i,1,2020-05-22,51,0,0,0,0,0,1,0,2021-07-01,stop,405,0,953,0
17452,DPP4i,0,2016-06-11,66,1,1,0,0,0,1,0,2019-02-02,switch,966,0,2394,0
17453,DPP4i,0,2020-12-17,50,0,0,0,0,0,1,0,2022-12-31,study_end,744,0,744,0
17455,SGLT2i,1,2016-10-30,64,1,1,0,0,0,1,0,2022-12-31,study_end,2253,0,2253,0
17459,DPP4i,0,2018-11-20,71,0,1,1,0,0,0,0,2022-12-31,study_end,1502,0,1502,0
17461,DPP4i,0,2019-08-28,39,0,0,0,0,0,1,0,2022-12-31,study_end,1221,0,1221,0
17463,DPP4i,0,2016-06-30,67,0,1,1,0,1,1,0,2017-10-18,hhf,475,1,475,1
17468,DPP4i,0,2021-05-24,47,1,0,0,0,0,1,0,2022-12-31,study_end,586,0,586,0
17473,DPP4i,0,2019-11-24,49,1,0,1,0,0,1,0,2022-12-31,study_end,1133,0,1133,0
17474,DPP4i,0,2018-10-24,54,0,1,0,0,0,1,0,2022-12-31,study_end,1529,0,1529,0
17475,DPP4i,0,2019-08-10,51,1,1,0,0,0,1,0,2022-12-31,study_end,1239,0,1239,0
17476,DPP4i,0,2016-11-04,61,0,0,0,0,0,0,0,2021-02-18,stop,1567,0,2248,0
17477,DPP4i,0,2019-06-10,39,0,0,0,0,0,0,0,2020-11-01,switch,510,0,1300,0
17478,DPP4i,0,2018-07-20,57,1,1,0,0,0,0,0,2021-02-08,switch,934,0,1625,0
17479,DPP4i,0,2018-06-28,54,0,0,0,0,0,0,1,2022-12-31,study_end,1647,0,1647,0
17483,DPP4i,0,2016-05-21,50,1,0,0,0,0,0,0,2019-04-27,stop,1071,0,2415,0
17484,SGLT2i,1,2019-01-13,65,0,1,0,0,0,1,0,2022-12-31,study_end,1448,0,1448,0
17485,SGLT2i,1,2020-01-10,53,0,1,0,0,0,1,0,2022-12-31,study_end,1086,0,1086,0
17486,DPP4i,0,2019-04-20,68,1,1,0,0,0,0,0,2022-09-27,stop,1256,0,1351,0
17489,DPP4i,0,2018-05-30,47,0,1,0,0,0,1,0,2022-12-31,study_end,1676,0,1676,0
17492,DPP4i,0,2017-11-04,57,1,1,0,0,0,1,0,2018-04-03,stop,150,0,1883,0
17494,DPP4i,0,2016-05-06,33,1,0,0,0,0,1,0,2016-10-03,stop,150,0,2430,0
17496,DPP4i,0,2018-02-08,53,0,0,0,0,0,1,0,2018-10-06,stop,240,0,1787,0
17497,DPP4i,0,2016-03-27,53,0,0,0,0,0,1,0,2017-05-30,stop,429,0,2470,0
17498,DPP4i,0,2016-06-05,45,0,1,0,0,0,0,0,2022-12-31,study_end,2400,0,2400,0
17500,SGLT2i,1,2021-10-10,47,1,0,0,0,0,1,0,2022-12-15,stop,431,0,447,0
17502,SGLT2i,1,2021-03-20,59,0,1,0,0,0,1,0,2022-12-31,study_end,651,0,651,0
17505,DPP4i,0,2018-01-11,60,0,0,0,0,0,1,0,2022-12-31,study_end,1815,0,1815,0
17506,DPP4i,0,2019-11-18,71,1,1,0,0,0,1,0,2021-07-14,stop,604,0,1139,0
17508,DPP4i,0,2017-11-13,61,1,1,0,0,0,1,0,2022-12-31,study_end,1874,0,1874,0
17509,DPP4i,0,2020-03-24,71,0,1,0,0,1,1,0,2021-06-17,stop,450,0,1012,0
17510,DPP4i,0,2021-09-22,68,0,1,0,0,0,1,1,2022-12-31,study_end,465,0,465,0
17511,DPP4i,0,2019-12-28,55,1,1,0,0,0,1,0,2022-12-31,study_end,1099,0,1099,0
17512,SGLT2i,1,2021-07-03,61,0,0,0,0,0,1,0,2022-12-31,study_end,546,0,546,0
17517,DPP4i,0,2021-12-12,76,1,0,0,0,0,1,0,2022-12-17,stop,370,0,384,0
17519,DPP4i,0,2021-11-16,50,0,0,0,0,0,1,0,2022-06-13,stop,209,0,410,0
17525,DPP4i,0,2020-12-07,60,0,0,0,0,0,1,0,2022-08-15,stop,616,0,754,0
17526,DPP4i,0,2021-07-02,77,1,1,0,0,0,1,0,2022-10-30,stop,485,0,547,0
17527,SGLT2i,1,2020-08-23,45,0,0,0,0,0,1,0,2022-12-31,study_end,860,0,860,0
17528,DPP4i,0,2021-04-04,66,1,0,0,1,0,1,0,2021-11-20,stop,230,0,636,0
17529,DPP4i,0,2017-09-29,65,1,1,0,0,0,0,0,2018-02-26,stop,150,0,1919,0
17530,SGLT2i,1,2018-09-25,50,0,1,0,0,0,0,0,2021-02-20,stop,879,0,1558,0
17531,DPP4i,0,2019-05-16,24,0,1,0,0,0,1,0,2022-12-31,study_end,1325,0,1325,0
17532,DPP4i,0,2019-07-03,74,0,1,0,0,1,0,0,2022-02-09,switch,952,0,1277,0
17533,DPP4i,0,2019-05-02,45,0,1,0,0,0,1,0,2019-07-31,stop,90,0,1339,0
17534,DPP4i,0,2021-01-01,43,0,0,0,0,0,1,0,2021-12-08,switch,341,0,729,0
17535,SGLT2i,1,2020-02-26,62,1,0,0,0,0,1,0,2022-04-26,stop,790,0,1039,0
17536,DPP4i,0,2021-01-21,55,0,0,0,0,0,1,0,2022-12-31,study_end,709,0,709,0
17538,DPP4i,0,2021-03-31,50,0,0,1,0,0,1,0,2022-12-31,study_end,640,0,640,0
17539,DPP4i,0,2019-05-23,55,1,1,0,0,0,0,0,2022-12-31,study_end,1318,0,1318,0
17541,DPP4i,0,2021-11-30,77,1,1,0,0,0,1,0,2022-03-11,switch,101,0,396,0
17542,DPP4i,0,2021-06-25,46,0,0,0,0,0,1,0,2022-07-29,stop,399,0,554,0
17544,DPP4i,0,2020-03-29,66,0,1,0,0,0,1,1,2022-06-14,stop,807,0,1007,0
17546,DPP4i,0,2016-04-13,63,1,1,0,0,0,1,0,2022-04-27,stop,2205,0,2453,0
17547,DPP4i,0,2018-04-12,44,0,0,1,0,0,0,0,2022-06-18,stop,1528,0,1724,0
17548,DPP4i,0,2018-12-31,76,0,0,0,0,0,1,0,2022-12-31,study_end,1461,0,1461,0
17549,DPP4i,0,2019-11-12,50,0,0,0,0,0,0,0,2019-12-10,switch,28,0,1145,0
17550,DPP4i,0,2020-11-16,46,1,1,0,0,0,1,0,2021-02-14,stop,90,0,775,0
17552,DPP4i,0,2019-03-30,47,1,1,0,0,1,1,0,2021-04-05,switch,737,0,1372,0
17554,SGLT2i,1,2020-08-02,68,0,1,0,0,0,1,0,2022-01-08,switch,524,0,881,0
17556,SGLT2i,1,2021-08-07,59,0,0,0,0,0,1,0,2022-12-27,switch,507,0,511,0
17558,SGLT2i,1,2020-07-24,73,1,1,0,0,0,0,0,2022-01-19,stop,544,0,890,0
17559,DPP4i,0,2019-07-14,41,1,1,0,0,0,1,1,2022-12-31,study_end,1266,0,1266,0
17561,DPP4i,0,2020-02-12,74,0,1,0,0,0,0,0,2022-12-31,study_end,1053,0,1053,0
17566,DPP4i,0,2018-04-23,56,1,1,0,0,0,1,0,2020-01-17,stop,634,0,1713,0
17568,DPP4i,0,2020-07-19,49,0,0,0,0,0,1,0,2020-12-16,stop,150,0,895,0
17569,DPP4i,0,2016-07-14,53,0,1,0,0,0,1,0,2017-01-12,stop,182,0,2361,0
17571,DPP4i,0,2020-10-20,62,1,1,0,0,0,1,0,2022-12-31,study_end,802,0,802,0
17574,DPP4i,0,2018-10-30,58,1,0,0,0,0,1,0,2019-04-29,stop,181,0,1523,0
17575,SGLT2i,1,2019-11-02,60,1,0,0,0,0,1,0,2022-12-31,study_end,1155,0,1155,0
17577,DPP4i,0,2017-03-04,48,1,1,0,0,0,0,0,2019-08-25,stop,904,0,2128,0
17580,DPP4i,0,2020-02-28,65,0,1,0,0,0,1,0,2022-12-31,study_end,1037,0,1037,0
17581,DPP4i,0,2021-08-15,60,0,0,0,0,0,1,0,2021-11-13,stop,90,0,503,0
17585,DPP4i,0,2019-04-11,56,0,1,0,0,0,1,0,2019-12-08,stop,241,0,1360,0
17588,DPP4i,0,2017-03-14,62,0,0,0,0,0,1,0,2022-02-09,stop,1793,0,2118,0
17589,SGLT2i,1,2021-08-10,57,0,1,1,0,0,1,0,2022-10-16,stop,432,0,508,0
17590,DPP4i,0,2021-12-04,38,1,0,0,0,0,1,0,2022-12-31,study_end,392,0,392,0
17596,DPP4i,0,2021-09-23,58,1,1,0,0,0,1,0,2022-12-31,study_end,464,0,464,0
17597,SGLT2i,1,2019-02-25,67,1,0,1,1,0,1,0,2022-10-23,stop,1336,0,1405,0
17602,DPP4i,0,2021-02-23,61,1,1,0,0,0,1,0,2022-11-17,hhf,632,1,632,1
17603,SGLT2i,1,2020-10-14,51,1,1,0,0,0,1,0,2022-03-18,stop,520,0,808,0
17610,DPP4i,0,2020-01-07,62,0,1,0,0,0,1,1,2021-08-20,stop,591,0,1089,0
17611,DPP4i,0,2016-04-27,56,1,0,0,0,0,1,0,2016-07-26,stop,90,0,2439,0
17613,DPP4i,0,2020-08-24,61,0,1,1,0,0,1,0,2022-12-31,study_end,859,0,859,0
17614,DPP4i,0,2019-03-31,45,1,0,0,0,0,1,1,2021-11-17,stop,962,0,1371,0
17616,DPP4i,0,2020-12-07,58,0,1,0,0,0,1,0,2022-12-31,study_end,754,0,754,0
17617,SGLT2i,1,2019-10-21,56,0,1,0,0,0,1,0,2022-12-31,study_end,1167,0,1167,0
17618,DPP4i,0,2016-02-29,85,0,1,0,0,0,1,0,2016-07-28,stop,150,0,799,0
17619,DPP4i,0,2018-10-17,59,1,1,0,0,0,1,0,2019-08-27,stop,314,0,1536,0
17620,SGLT2i,1,2020-02-26,43,0,0,0,0,0,0,0,2022-12-31,study_end,1039,0,1039,0
17621,DPP4i,0,2018-07-01,72,0,0,0,0,0,1,0,2020-02-14,stop,593,0,1644,0
17623,DPP4i,0,2021-07-09,66,0,0,0,0,0,0,0,2022-12-31,study_end,540,0,540,0
17624,DPP4i,0,2020-01-24,78,0,0,0,0,0,1,0,2020-05-15,switch,112,0,1072,0
17625,SGLT2i,1,2017-11-23,61,0,1,1,0,0,1,1,2022-12-31,study_end,1864,0,1864,0
17627,DPP4i,0,2019-03-01,71,0,1,1,1,0,0,0,2022-12-31,study_end,1401,0,1401,0
17629,SGLT2i,1,2021-12-22,51,1,1,0,0,0,1,0,2022-12-31,study_end,374,0,374,0
17630,SGLT2i,1,2019-10-28,71,0,1,0,0,0,1,0,2022-09-23,stop,1061,0,1160,0
17632,DPP4i,0,2017-10-12,70,0,1,0,0,0,1,0,2022-12-31,study_end,1906,0,1906,0
17636,DPP4i,0,2018-05-25,40,1,1,0,0,0,1,0,2018-10-22,stop,150,0,1681,0
17637,DPP4i,0,2019-03-20,79,1,1,0,0,1,1,0,2021-12-31,stop,1017,0,1382,0
17638,DPP4i,0,2020-10-19,64,1,1,0,0,0,0,0,2022-12-31,study_end,803,0,803,0
17639,DPP4i,0,2019-05-22,79,0,0,0,0,1,0,0,2022-12-31,study_end,1319,0,1319,0
17640,SGLT2i,1,2021-02-02,58,0,1,0,0,0,1,0,2022-12-31,study_end,697,0,697,0
17642,DPP4i,0,2019-12-10,58,1,0,0,0,0,1,0,2022-12-31,study_end,1117,0,1117,0
17643,DPP4i,0,2021-07-29,51,0,0,0,0,0,1,0,2022-12-31,study_end,520,0,520,0
17645,DPP4i,0,2020-10-02,64,1,1,1,0,1,1,1,2022-10-19,hhf,747,1,747,1
17647,DPP4i,0,2021-12-24,35,1,1,0,0,0,1,0,2022-03-24,stop,90,0,372,0
17648,DPP4i,0,2018-10-28,61,0,0,0,1,0,1,0,2019-03-27,stop,150,0,526,1
17651,DPP4i,0,2018-07-22,51,1,0,0,0,0,1,0,2020-11-07,switch,839,0,1623,0
17652,DPP4i,0,2017-06-13,83,1,1,0,0,0,1,0,2017-11-11,switch,151,0,2027,0
17654,DPP4i,0,2021-02-24,68,1,1,0,0,0,1,0,2022-07-27,stop,518,0,675,0
17655,SGLT2i,1,2020-12-26,49,1,1,0,0,0,1,1,2022-12-31,study_end,735,0,735,0
17656,SGLT2i,1,2018-07-23,56,1,0,1,0,0,1,0,2019-08-21,stop,394,0,1622,0
17658,SGLT2i,1,2021-11-18,71,1,1,0,0,0,1,0,2022-09-30,stop,316,0,408,0
17659,DPP4i,0,2017-11-09,70,1,1,0,0,0,0,0,2022-12-31,study_end,1878,0,1878,0
17660,DPP4i,0,2021-09-04,56,0,1,0,0,1,1,0,2022-12-31,study_end,483,0,483,0
17665,DPP4i,0,2018-10-12,79,0,1,0,0,0,1,0,2021-03-16,stop,886,0,1541,0
17666,DPP4i,0,2021-12-20,57,0,1,0,0,0,1,0,2022-02-09,switch,51,0,376,0
17667,DPP4i,0,2017-03-20,73,1,1,1,0,0,1,0,2017-08-21,stop,154,0,2112,0
17669,SGLT2i,1,2018-11-15,78,0,1,0,0,0,1,1,2018-12-29,death,44,0,44,0
17670,DPP4i,0,2020-11-07,54,1,0,0,0,0,0,0,2022-10-28,stop,720,0,784,0
17672,DPP4i,0,2020-05-13,65,1,1,0,0,0,1,0,2020-05-27,switch,14,0,962,0
17673,DPP4i,0,2019-05-23,42,1,0,0,0,0,1,0,2020-10-28,stop,524,0,1318,0
17674,DPP4i,0,2018-01-01,46,1,1,0,0,0,1,0,2022-12-31,study_end,1825,0,1825,0
17677,DPP4i,0,2018-12-29,57,0,1,1,0,0,1,0,2022-12-31,study_end,1463,0,1463,0
17678,SGLT2i,1,2017-11-24,70,1,1,0,0,0,1,0,2020-10-23,stop,1064,0,1863,0
17681,DPP4i,0,2020-02-08,51,1,1,0,0,0,0,0,2020-06-07,stop,120,0,1057,0
17685,DPP4i,0,2021-01-02,68,1,1,0,0,0,0,0,2022-12-31,study_end,728,0,728,0
17687,DPP4i,0,2018-09-12,65,0,1,0,0,0,1,0,2021-07-09,stop,1031,0,1571,0
17688,DPP4i,0,2020-06-15,65,1,1,0,0,0,1,1,2021-06-07,hhf,357,1,357,1
17689,DPP4i,0,2019-08-12,55,1,0,0,0,0,1,0,2022-12-31,study_end,1237,0,1237,0
17691,DPP4i,0,2017-06-20,65,0,1,0,0,0,1,0,2017-09-18,stop,90,0,2020,0
17692,DPP4i,0,2016-04-25,60,0,1,0,0,0,1,0,2019-09-05,stop,1228,0,2441,0
17694,DPP4i,0,2021-06-18,59,0,1,0,0,0,1,0,2022-12-31,study_end,561,0,561,0
17697,SGLT2i,1,2019-09-01,54,1,0,0,0,0,1,0,2022-12-31,study_end,1217,0,1217,0
17698,SGLT2i,1,2021-04-13,37,0,0,1,0,0,0,0,2021-08-11,stop,120,0,627,0
17699,DPP4i,0,2020-12-25,75,0,1,0,0,0,1,0,2022-12-31,study_end,736,0,736,0
17700,SGLT2i,1,2019-10-30,64,1,0,1,0,1,1,0,2022-12-31,study_end,1158,0,1158,0
17704,SGLT2i,1,2021-04-30,49,0,1,0,0,0,1,0,2021-08-28,stop,120,0,610,0
17705,DPP4i,0,2019-08-20,77,0,1,0,0,0,1,1,2022-10-18,stop,1155,0,1229,0
17706,DPP4i,0,2017-07-28,53,0,1,0,0,0,1,0,2018-12-07,stop,497,0,1982,0
17709,DPP4i,0,2016-12-19,70,1,1,0,0,0,1,0,2017-08-22,stop,246,0,2203,0
17711,DPP4i,0,2021-03-11,82,0,1,0,0,0,1,0,2021-12-26,hhf,290,1,290,1
17712,DPP4i,0,2019-02-08,35,1,1,0,0,0,1,0,2019-10-10,stop,244,0,1422,0
17716,SGLT2i,1,2016-08-22,47,1,0,0,0,0,0,1,2019-09-25,stop,1129,0,2322,0
17718,DPP4i,0,2021-06-09,64,0,1,0,0,0,1,0,2022-12-31,study_end,570,0,570,0
17719,DPP4i,0,2017-02-05,75,0,1,0,0,0,1,0,2022-08-31,stop,2033,0,2155,0
17720,SGLT2i,1,2021-08-17,49,0,1,0,0,0,1,0,2022-12-31,study_end,501,0,501,0
17722,DPP4i,0,2018-05-26,64,1,1,0,0,0,0,0,2019-09-11,stop,473,0,1680,0
17723,SGLT2i,1,2020-01-28,45,0,1,0,0,0,1,0,2022-12-08,stop,1045,0,1068,0
17725,DPP4i,0,2021-10-16,68,1,1,0,0,0,0,0,2022-12-31,study_end,441,0,441,0
17728,DPP4i,0,2017-10-03,85,1,1,0,0,0,1,0,2022-12-31,study_end,1915,0,1915,0
17732,SGLT2i,1,2020-08-27,72,0,1,0,0,0,1,0,2022-12-31,study_end,856,0,856,0
17736,DPP4i,0,2020-06-08,60,1,1,0,0,0,1,0,2022-12-31,study_end,936,0,936,0
17739,DPP4i,0,2021-01-30,45,0,1,0,0,0,1,0,2021-10-23,stop,266,0,700,0
17742,DPP4i,0,2017-06-26,50,1,1,0,0,0,1,0,2017-11-23,stop,150,0,2014,0
17744,DPP4i,0,2016-08-16,56,0,1,0,0,0,1,0,2017-11-27,stop,468,0,2328,0
17745,DPP4i,0,2020-09-25,70,1,0,0,0,0,0,0,2020-12-24,stop,90,0,827,0
17746,DPP4i,0,2021-04-30,51,1,0,0,1,0,1,0,2022-12-31,study_end,610,0,610,0
17749,DPP4i,0,2019-01-19,62,0,1,0,0,0,0,1,2019-04-19,stop,90,0,1442,0
17751,DPP4i,0,2020-06-17,66,1,1,0,0,0,0,0,2022-12-31,study_end,927,0,927,0
17752,DPP4i,0,2016-07-26,56,0,0,0,0,0,0,0,2022-12-31,study_end,2349,0,2349,0
17753,DPP4i,0,2021-10-25,43,1,0,0,0,0,1,0,2022-12-31,study_end,432,0,432,0
17754,DPP4i,0,2018-08-09,52,0,1,0,0,0,1,0,2019-01-06,stop,150,0,1605,0
17755,DPP4i,0,2018-09-01,76,0,1,0,1,0,1,0,2022-12-31,study_end,1582,0,1582,0
17758,DPP4i,0,2020-08-05,60,1,0,0,0,0,1,0,2021-12-14,stop,496,0,878,0
17759,DPP4i,0,2017-02-26,55,1,0,0,0,0,1,0,2017-11-03,stop,250,0,737,1
17761,DPP4i,0,2018-08-05,54,0,0,0,0,0,1,0,2022-12-31,study_end,1609,0,1609,0
17762,SGLT2i,1,2021-04-25,65,1,0,0,0,0,1,0,2022-12-31,study_end,615,0,615,0
17764,DPP4i,0,2020-01-23,51,0,0,0,0,0,1,0,2022-12-21,switch,1063,0,1073,0
17768,SGLT2i,1,2017-10-02,82,0,0,0,0,0,0,0,2020-10-30,switch,1124,0,1916,0
17771,DPP4i,0,2018-04-23,57,0,0,0,0,0,0,0,2019-07-14,stop,447,0,1713,0
17773,DPP4i,0,2020-04-12,68,0,1,0,0,0,1,0,2022-01-24,stop,652,0,993,0
17774,DPP4i,0,2021-08-11,63,0,1,0,0,0,1,0,2022-12-31,study_end,507,0,507,0
17777,DPP4i,0,2016-07-21,50,0,1,1,0,1,1,0,2017-10-14,stop,450,0,2354,0
17778,DPP4i,0,2019-06-07,83,0,1,0,1,0,0,0,2020-04-04,stop,302,0,1303,0
17779,DPP4i,0,2016-09-18,70,1,0,1,1,0,1,0,2019-06-22,stop,1007,0,2295,0
17780,DPP4i,0,2016-02-15,80,0,0,0,0,1,0,0,2017-10-19,stop,612,0,2030,1
17781,DPP4i,0,2016-05-23,44,0,1,1,0,0,1,0,2019-12-22,stop,1308,0,2413,0
17783,DPP4i,0,2021-05-14,61,0,1,1,0,1,1,0,2022-05-12,hhf,363,1,363,1
17786,SGLT2i,1,2021-01-05,52,0,1,0,0,0,1,0,2021-06-04,stop,150,0,725,0
17788,DPP4i,0,2019-12-05,61,0,0,0,0,0,1,1,2022-12-31,study_end,1122,0,1122,0
17789,DPP4i,0,2020-07-06,75,0,1,1,0,0,1,0,2022-04-21,death,654,0,654,0
17790,DPP4i,0,2020-06-04,41,0,0,0,0,0,1,0,2020-10-02,stop,120,0,940,0
17792,DPP4i,0,2019-02-07,42,0,0,1,0,0,1,0,2022-12-31,study_end,1423,0,1423,0
17793,DPP4i,0,2019-07-21,71,0,1,0,0,0,1,0,2019-12-18,stop,150,0,1259,0
17794,DPP4i,0,2017-07-15,54,0,1,0,0,0,0,0,2019-12-26,stop,894,0,1109,1
17796,DPP4i,0,2020-12-13,60,1,1,0,0,0,1,0,2022-12-31,study_end,748,0,748,0
17798,SGLT2i,1,2020-03-15,64,0,1,0,0,0,1,0,2022-12-31,study_end,1021,0,1021,0
17801,DPP4i,0,2019-03-09,64,1,1,0,0,0,1,0,2022-12-31,study_end,1393,0,1393,0
17802,DPP4i,0,2018-02-07,51,1,1,0,0,0,1,0,2019-11-05,stop,636,0,1788,0
17803,DPP4i,0,2016-05-29,49,0,0,0,0,0,1,0,2019-11-16,stop,1266,0,2407,0
17806,SGLT2i,1,2019-03-24,60,1,0,0,0,0,1,0,2022-12-31,study_end,1378,0,1378,0
17808,DPP4i,0,2016-06-13,68,0,1,0,0,0,0,0,2021-06-23,stop,1836,0,2392,0
17809,DPP4i,0,2017-01-09,68,1,0,0,0,0,0,0,2022-12-31,study_end,2182,0,2182,0
17810,DPP4i,0,2020-09-14,59,0,0,0,0,0,0,0,2022-12-31,study_end,838,0,838,0
17811,DPP4i,0,2017-02-09,47,1,0,0,0,0,0,0,2017-06-09,stop,120,0,2151,0
17813,DPP4i,0,2016-12-10,70,1,0,1,0,0,1,1,2020-09-24,stop,1384,0,1665,0
17814,SGLT2i,1,2019-05-14,47,0,1,0,0,0,0,1,2020-08-03,stop,447,0,1327,0
17816,SGLT2i,1,2018-11-23,49,1,0,0,0,0,0,0,2022-12-31,study_end,1499,0,1499,0
17817,SGLT2i,1,2018-09-20,55,0,0,0,0,0,1,0,2019-10-22,switch,397,0,1563,0
17820,DPP4i,0,2017-04-07,77,0,0,0,0,0,1,0,2018-12-04,stop,606,0,2094,0
17824,SGLT2i,1,2019-04-22,63,1,1,1,0,0,0,0,2021-11-21,stop,944,0,1349,0
17825,DPP4i,0,2021-12-09,55,0,1,0,0,0,1,0,2022-12-31,study_end,387,0,387,0
17826,DPP4i,0,2020-07-13,63,0,0,0,0,0,0,0,2022-12-31,study_end,901,0,901,0
17827,DPP4i,0,2020-08-28,56,1,0,0,0,0,1,0,2022-08-06,stop,708,0,855,0
17828,DPP4i,0,2018-08-12,43,1,0,0,0,0,1,1,2022-06-23,switch,1411,0,1602,0
17830,DPP4i,0,2017-04-25,34,1,0,0,0,0,1,0,2021-05-20,stop,1486,0,2076,0
17832,DPP4i,0,2017-08-26,46,0,1,0,0,0,1,0,2018-06-22,stop,300,0,1953,0
17834,DPP4i,0,2017-09-27,55,0,1,0,0,0,1,1,2019-02-27,stop,518,0,1921,0
17835,DPP4i,0,2018-03-08,61,0,1,0,0,0,1,0,2022-12-31,study_end,1759,0,1759,0
17837,DPP4i,0,2017-12-26,35,1,1,0,0,0,1,0,2022-12-31,study_end,1831,0,1831,0
17838,DPP4i,0,2020-08-23,76,1,1,0,0,0,1,1,2022-12-31,study_end,860,0,860,0
17839,DPP4i,0,2020-03-20,73,0,1,0,0,0,1,0,2022-12-31,study_end,1016,0,1016,0
17840,DPP4i,0,2017-09-28,58,1,1,0,0,0,1,0,2021-08-30,stop,1432,0,1920,0
17841,DPP4i,0,2018-06-14,33,0,0,0,0,0,1,0,2020-02-23,stop,619,0,1661,0
17843,DPP4i,0,2021-10-22,69,1,1,0,0,0,0,0,2022-12-31,study_end,435,0,435,0
17847,DPP4i,0,2021-09-11,68,1,1,0,0,0,1,0,2022-12-31,study_end,476,0,476,0
17850,DPP4i,0,2020-06-17,77,0,1,0,0,0,1,0,2022-10-13,stop,848,0,927,0
17851,DPP4i,0,2019-03-12,57,1,0,0,0,0,1,1,2020-10-27,stop,595,0,1390,0
17852,DPP4i,0,2017-03-23,58,0,0,0,0,0,1,0,2018-05-26,stop,429,0,2109,0
17854,SGLT2i,1,2019-03-22,66,0,1,0,0,0,1,0,2020-12-07,stop,626,0,1380,0
17855,DPP4i,0,2018-03-05,68,1,0,0,0,0,1,0,2022-12-31,study_end,1762,0,1762,0
17859,DPP4i,0,2021-04-11,54,1,1,0,0,0,1,0,2022-12-31,study_end,629,0,629,0
17860,DPP4i,0,2017-11-28,91,0,1,0,0,0,1,0,2022-03-10,stop,1563,0,1616,0
17861,DPP4i,0,2018-03-27,62,1,1,0,0,0,1,0,2022-12-31,study_end,1740,0,1740,0
17863,DPP4i,0,2016-11-05,56,0,0,0,0,0,1,0,2021-05-08,switch,1645,0,2247,0
17864,DPP4i,0,2016-01-12,33,0,1,0,0,0,1,0,2022-12-31,study_end,2545,0,2545,0
17865,DPP4i,0,2018-12-23,73,0,0,0,0,0,0,1,2021-12-12,stop,1085,0,1469,0
17866,DPP4i,0,2020-06-15,46,0,0,0,0,0,1,0,2022-12-31,study_end,929,0,929,0
17868,DPP4i,0,2017-12-26,56,1,1,1,0,0,0,0,2018-07-11,stop,197,0,1831,0
17870,DPP4i,0,2017-04-04,68,0,1,0,0,0,1,0,2017-09-01,stop,150,0,2097,0
17871,DPP4i,0,2019-05-24,65,1,0,0,0,0,0,0,2022-12-31,study_end,1317,0,1317,0
17872,DPP4i,0,2020-07-02,72,1,1,0,1,0,1,0,2020-11-29,stop,150,0,912,0
17875,SGLT2i,1,2021-03-27,54,0,1,1,0,0,1,0,2021-08-24,stop,150,0,644,0
17876,DPP4i,0,2021-08-31,38,0,1,0,0,0,0,0,2021-11-29,stop,90,0,487,0
17877,DPP4i,0,2020-07-21,52,0,1,0,0,0,1,0,2020-12-18,stop,150,0,893,0
17878,DPP4i,0,2016-04-15,48,0,0,0,0,0,1,0,2017-09-20,stop,523,0,2451,0
17881,DPP4i,0,2017-08-06,54,0,1,0,0,0,0,0,2022-12-31,study_end,1973,0,1973,0
17882,DPP4i,0,2020-03-30,61,1,1,0,0,0,1,0,2022-06-09,stop,801,0,1006,0
17884,DPP4i,0,2021-12-28,62,1,1,0,1,0,1,0,2022-12-31,study_end,368,0,368,0
17887,DPP4i,0,2016-09-15,61,0,1,0,0,0,1,0,2022-12-31,study_end,2298,0,2298,0
17888,DPP4i,0,2021-03-06,66,1,0,1,0,0,1,0,2022-12-31,study_end,665,0,665,0
17890,DPP4i,0,2019-05-08,59,1,1,0,0,0,1,0,2022-02-08,stop,1007,0,1333,0
17895,DPP4i,0,2018-04-10,69,1,0,0,0,0,1,0,2022-04-15,stop,1466,0,1726,0
17896,DPP4i,0,2018-02-16,82,1,1,0,0,1,0,0,2021-03-05,stop,1113,0,1779,0
17897,SGLT2i,1,2017-10-02,62,0,1,0,0,0,1,0,2020-06-09,switch,981,0,1916,0
17898,DPP4i,0,2018-12-13,59,0,1,0,0,0,1,0,2022-12-31,study_end,1479,0,1479,0
17899,DPP4i,0,2018-12-29,67,0,0,0,0,0,1,0,2019-11-16,switch,322,0,370,0
17901,SGLT2i,1,2019-06-18,54,0,0,0,0,0,1,1,2020-08-03,stop,412,0,1292,0
17902,DPP4i,0,2017-12-20,62,0,0,0,0,0,1,0,2018-10-28,stop,312,0,1705,1
17907,DPP4i,0,2016-04-22,34,0,0,0,0,0,0,0,2021-06-01,stop,1866,0,2444,0
17909,DPP4i,0,2016-10-08,59,1,0,0,0,0,1,0,2022-12-31,study_end,2275,0,2275,0
17912,DPP4i,0,2017-03-12,58,1,0,0,0,0,1,0,2022-12-31,study_end,2120,0,2120,0
17913,DPP4i,0,2019-03-04,58,1,0,0,0,0,1,0,2022-12-31,study_end,1398,0,1398,0
17915,DPP4i,0,2017-01-20,66,0,1,0,0,0,1,0,2018-10-23,switch,641,0,2171,0
17917,DPP4i,0,2020-08-25,51,1,1,0,0,0,1,1,2022-12-31,study_end,858,0,858,0
17919,DPP4i,0,2019-10-13,39,1,1,0,0,0,1,0,2020-07-27,stop,288,0,1175,0
17920,DPP4i,0,2020-12-22,66,0,1,1,0,0,1,0,2022-12-31,study_end,739,0,739,0
17922,DPP4i,0,2019-03-08,48,0,1,0,0,0,0,0,2022-12-31,study_end,1394,0,1394,0
17923,DPP4i,0,2017-09-23,63,1,1,0,0,0,1,0,2018-05-30,stop,249,0,1925,0
17927,DPP4i,0,2021-06-28,50,1,0,0,0,0,0,1,2021-12-25,stop,180,0,551,0
17928,DPP4i,0,2019-05-13,72,0,1,0,0,0,0,0,2020-02-28,death,291,0,291,0
17929,DPP4i,0,2019-03-29,70,1,1,0,0,0,1,0,2022-12-31,study_end,1373,0,1373,0
17931,DPP4i,0,2019-03-02,83,0,1,0,0,1,1,0,2022-12-31,study_end,1400,0,1400,0
17932,DPP4i,0,2020-08-17,41,0,0,0,0,0,1,0,2022-09-17,stop,761,0,866,0
17933,DPP4i,0,2020-12-29,64,1,1,0,0,0,1,0,2021-04-28,stop,120,0,732,0
17934,DPP4i,0,2018-10-08,77,0,1,0,0,0,1,1,2022-12-31,study_end,1545,0,1545,0
17937,DPP4i,0,2021-09-12,68,0,1,0,0,0,1,0,2022-12-31,study_end,475,0,475,0
17938,DPP4i,0,2020-09-13,61,0,1,1,0,0,1,0,2022-12-31,study_end,839,0,839,0
17942,DPP4i,0,2018-07-02,62,0,1,0,0,0,0,0,2022-12-31,study_end,1643,0,1643,0
17943,DPP4i,0,2020-01-09,54,0,1,0,0,0,0,0,2022-12-31,study_end,1087,0,1087,0
17944,DPP4i,0,2016-10-25,59,1,1,0,0,0,1,0,2022-12-31,study_end,2258,0,2258,0
17945,SGLT2i,1,2020-08-28,62,1,0,0,0,0,1,1,2021-01-25,stop,150,0,380,0
17946,SGLT2i,1,2021-08-22,65,1,0,0,0,0,1,1,2022-11-07,stop,442,0,496,0
17947,DPP4i,0,2017-04-23,85,1,0,0,0,0,1,0,2017-04-27,hhf,4,1,4,1
17949,DPP4i,0,2021-10-22,48,0,1,0,0,0,1,0,2022-03-21,stop,150,0,435,0
17950,DPP4i,0,2018-12-22,65,1,1,1,0,0,0,0,2020-07-29,stop,585,0,1470,0
17952,DPP4i,0,2017-01-30,68,0,1,0,0,0,0,0,2021-03-12,stop,1502,0,2161,0
17953,DPP4i,0,2018-12-09,69,0,1,0,0,1,1,0,2022-12-31,study_end,1483,0,1483,0
17954,DPP4i,0,2017-04-21,38,0,1,0,0,0,1,0,2018-05-22,stop,396,0,2080,0
17955,SGLT2i,1,2018-06-26,61,0,1,0,1,0,1,0,2022-12-31,study_end,1649,0,1649,0
17956,DPP4i,0,2021-11-16,29,1,0,0,0,0,1,0,2022-12-31,study_end,410,0,410,0
17957,DPP4i,0,2021-10-26,69,1,0,0,0,0,1,0,2022-12-31,study_end,431,0,431,0
17958,SGLT2i,1,2017-02-26,43,0,0,0,0,0,1,0,2018-11-16,stop,628,0,2134,0
17959,DPP4i,0,2020-08-10,77,1,0,0,0,1,1,0,2021-10-15,stop,431,0,873,0
17961,DPP4i,0,2021-09-03,64,0,0,0,0,0,0,0,2022-12-31,study_end,484,0,484,0
17963,DPP4i,0,2017-03-02,49,0,0,0,0,0,1,0,2019-08-16,switch,897,0,2130,0
17964,DPP4i,0,2018-06-06,49,0,1,0,0,0,1,0,2021-09-15,stop,1197,0,1669,0
17968,DPP4i,0,2018-06-09,52,0,0,0,0,0,0,0,2022-12-31,study_end,1666,0,1666,0
17972,DPP4i,0,2019-02-25,67,1,1,1,1,0,1,0,2021-05-09,stop,804,0,1268,0
17973,SGLT2i,1,2020-12-13,48,1,1,0,0,0,1,0,2021-04-12,stop,120,0,748,0
17976,DPP4i,0,2020-07-31,72,0,1,0,0,0,1,0,2022-12-31,study_end,883,0,883,0
17978,DPP4i,0,2017-04-16,66,1,0,0,0,0,1,1,2022-12-31,study_end,2085,0,2085,0
17979,DPP4i,0,2017-08-08,82,0,1,0,0,0,1,1,2022-03-07,hhf,1672,1,1672,1
17981,DPP4i,0,2018-10-19,56,0,0,0,0,0,1,0,2021-11-24,stop,1132,0,1534,0
17983,DPP4i,0,2021-07-20,46,0,0,1,0,0,1,1,2022-12-31,study_end,529,0,529,0
17984,DPP4i,0,2020-05-15,60,0,1,0,0,0,1,0,2021-06-13,stop,394,0,960,0
17985,DPP4i,0,2021-05-09,63,1,1,0,0,0,0,0,2022-12-31,study_end,601,0,601,0
17990,DPP4i,0,2020-12-27,53,0,1,0,0,0,1,0,2021-11-30,stop,338,0,734,0
17992,SGLT2i,1,2020-12-20,61,0,1,0,0,0,1,0,2021-05-19,stop,150,0,741,0
17994,DPP4i,0,2018-07-11,67,0,0,0,0,0,1,0,2022-03-01,death,1329,0,1329,0
17996,DPP4i,0,2021-10-01,72,0,1,0,0,0,1,0,2022-12-31,study_end,456,0,456,0
17997,SGLT2i,1,2021-11-12,48,0,1,0,0,0,1,0,2022-12-31,study_end,414,0,414,0
17998,DPP4i,0,2021-03-31,52,0,0,0,0,0,1,1,2022-12-31,study_end,640,0,640,0
18001,DPP4i,0,2019-05-14,67,1,1,0,0,0,0,0,2022-12-31,study_end,1327,0,1327,0
18005,SGLT2i,1,2020-06-06,69,1,1,0,0,0,1,0,2022-11-08,stop,885,0,938,0
18006,DPP4i,0,2018-09-12,60,0,1,0,0,0,1,1,2022-12-31,study_end,1571,0,1571,0
18010,DPP4i,0,2018-12-12,54,1,1,0,0,0,1,0,2020-12-04,stop,723,0,1480,0
18013,DPP4i,0,2017-11-28,56,0,1,0,0,0,0,0,2018-03-28,stop,120,0,1859,0
18015,DPP4i,0,2020-03-06,76,0,0,0,0,0,0,0,2021-11-09,hhf,613,1,613,1
18016,DPP4i,0,2017-08-08,72,0,1,1,0,1,1,0,2022-11-08,hhf,1918,1,1918,1
18018,DPP4i,0,2017-06-09,60,1,0,0,0,0,1,0,2020-02-25,stop,991,0,2031,0
18021,DPP4i,0,2018-04-01,70,1,1,0,0,0,1,1,2020-08-23,stop,875,0,1735,0
18022,DPP4i,0,2018-04-04,33,0,1,0,0,0,1,0,2020-02-12,stop,679,0,1732,0
18024,DPP4i,0,2021-03-23,48,0,1,0,0,0,1,0,2022-08-29,stop,524,0,648,0
18026,DPP4i,0,2018-07-20,52,0,1,0,0,0,1,1,2018-12-17,stop,150,0,1625,0
18028,DPP4i,0,2021-05-07,69,1,0,0,0,0,0,0,2022-12-31,study_end,603,0,603,0
18030,DPP4i,0,2021-03-01,51,0,0,0,0,0,1,0,2022-12-31,study_end,670,0,670,0
18031,DPP4i,0,2020-03-10,77,0,1,0,0,0,1,0,2021-01-25,stop,321,0,1026,0
18033,DPP4i,0,2020-06-05,59,0,1,0,0,0,1,0,2022-02-01,stop,606,0,939,0
18034,DPP4i,0,2016-10-04,55,0,0,0,0,0,0,1,2019-06-23,stop,992,0,1161,1
18035,DPP4i,0,2021-01-10,71,0,1,0,0,0,0,0,2021-12-12,stop,336,0,720,0
18036,DPP4i,0,2017-04-06,78,1,1,1,0,0,0,0,2018-03-10,stop,338,0,2095,0
18038,DPP4i,0,2021-01-26,57,0,1,0,0,0,0,0,2022-12-31,study_end,704,0,704,0
18039,SGLT2i,1,2020-05-05,47,0,0,0,0,0,1,0,2021-02-27,stop,298,0,970,0
18041,DPP4i,0,2017-07-27,51,1,1,0,0,0,1,0,2018-12-27,stop,518,0,1983,0
18043,DPP4i,0,2020-07-03,55,1,0,0,0,0,1,0,2022-12-31,study_end,911,0,911,0
18045,DPP4i,0,2018-10-15,51,1,0,0,0,0,1,1,2022-12-31,study_end,1538,0,1538,0
18048,DPP4i,0,2018-04-25,58,1,0,0,0,1,1,0,2022-11-10,stop,1660,0,1711,0
18049,DPP4i,0,2016-12-27,58,1,1,0,0,0,0,0,2018-02-02,stop,402,0,2195,0
18051,SGLT2i,1,2020-09-18,69,0,0,1,1,0,1,0,2022-12-31,study_end,834,0,834,0
18052,DPP4i,0,2016-09-25,62,1,0,0,0,0,1,1,2022-12-31,study_end,2288,0,2288,0
18059,DPP4i,0,2016-10-27,52,0,0,0,0,0,1,0,2017-10-02,stop,340,0,2256,0
18061,DPP4i,0,2018-06-09,67,0,1,0,0,0,1,0,2019-02-28,stop,264,0,1666,0
18062,DPP4i,0,2019-08-20,65,0,1,0,0,0,1,0,2020-01-17,stop,150,0,1229,0
18063,DPP4i,0,2017-05-22,68,1,1,0,0,0,1,0,2017-10-19,stop,150,0,2049,0
18065,SGLT2i,1,2021-04-13,70,1,1,0,0,0,1,0,2022-12-31,study_end,627,0,627,0
18066,DPP4i,0,2016-03-18,68,1,1,0,0,0,1,0,2022-12-31,study_end,2479,0,2479,0
18067,DPP4i,0,2019-10-06,57,0,1,0,0,0,0,1,2022-12-31,study_end,1182,0,1182,0
18069,DPP4i,0,2017-03-19,75,0,0,0,0,0,1,0,2022-12-31,study_end,2113,0,2113,0
18071,DPP4i,0,2019-07-24,65,0,1,0,0,0,0,0,2020-03-22,stop,242,0,1256,0
18074,SGLT2i,1,2018-12-31,69,1,1,0,0,0,1,0,2022-03-30,stop,1185,0,1461,0
18076,DPP4i,0,2019-05-10,39,1,0,0,0,0,1,0,2020-07-09,stop,426,0,1331,0
18078,DPP4i,0,2017-06-04,42,1,1,0,0,0,1,0,2017-07-14,switch,40,0,2036,0
18079,SGLT2i,1,2021-02-02,60,0,1,0,0,0,0,0,2022-12-31,study_end,697,0,697,0
18080,DPP4i,0,2017-03-06,64,0,1,0,0,0,1,0,2018-04-28,stop,418,0,2126,0
18082,DPP4i,0,2018-12-05,50,0,0,0,0,0,0,0,2019-09-09,switch,278,0,1487,0
18083,DPP4i,0,2016-10-19,72,0,0,0,0,0,1,0,2019-10-27,stop,1103,0,2264,0
18085,DPP4i,0,2018-09-08,77,0,1,0,0,0,1,0,2022-12-31,study_end,1575,0,1575,0
18086,DPP4i,0,2021-11-13,49,0,0,0,0,0,0,1,2022-12-31,study_end,413,0,413,0
18087,DPP4i,0,2017-05-22,62,0,1,0,0,0,1,0,2021-10-21,stop,1613,0,2049,0
18088,DPP4i,0,2019-11-20,84,1,1,0,0,0,1,0,2020-02-18,stop,90,0,1137,0
18089,SGLT2i,1,2020-12-27,56,0,0,1,0,0,1,0,2022-12-31,study_end,734,0,734,0
18092,DPP4i,0,2021-11-03,41,1,1,0,0,0,1,0,2022-04-24,stop,172,0,423,0
18094,DPP4i,0,2016-03-23,73,0,1,0,0,1,1,0,2019-02-15,stop,1059,0,2474,0
18096,SGLT2i,1,2021-01-09,50,0,1,0,0,0,0,0,2022-12-31,study_end,721,0,721,0
18097,DPP4i,0,2016-04-25,68,0,1,0,0,0,1,0,2017-08-08,stop,470,0,1488,1
18098,SGLT2i,1,2018-05-21,74,0,1,1,0,0,1,0,2022-10-11,stop,1604,0,1685,0
18099,DPP4i,0,2019-08-06,60,1,1,0,0,0,1,0,2021-02-16,stop,560,0,1243,0
18100,DPP4i,0,2017-08-06,72,1,1,1,0,0,1,0,2017-09-16,switch,41,0,1973,0
18102,DPP4i,0,2019-01-20,62,0,1,0,0,0,0,0,2022-03-07,stop,1142,0,1441,0
18103,DPP4i,0,2018-08-21,71,1,1,0,0,0,1,0,2021-11-01,stop,1168,0,1593,0
18104,DPP4i,0,2017-10-25,43,1,1,0,0,0,0,0,2022-12-31,study_end,1893,0,1893,0
18107,DPP4i,0,2019-09-28,84,0,1,0,0,0,0,0,2021-08-08,death,680,0,680,0
18108,DPP4i,0,2020-12-07,78,0,1,0,0,0,0,0,2022-07-06,stop,576,0,754,0
18110,DPP4i,0,2019-11-23,73,0,1,0,0,0,1,0,2022-02-23,stop,823,0,1134,0
18113,DPP4i,0,2017-06-27,73,1,0,0,0,0,1,0,2019-12-06,stop,892,0,2013,0
18120,SGLT2i,1,2020-11-16,58,0,0,0,0,0,1,0,2021-06-28,stop,224,0,775,0
18123,DPP4i,0,2021-08-19,63,1,1,0,0,0,1,0,2022-12-31,study_end,499,0,499,0
18124,DPP4i,0,2019-04-07,43,1,1,0,0,0,1,0,2022-12-31,study_end,1364,0,1364,0
18128,DPP4i,0,2019-01-09,62,1,1,0,1,1,1,0,2022-12-31,study_end,1452,0,1452,0
18131,DPP4i,0,2018-02-09,65,1,0,0,0,0,0,0,2022-12-31,study_end,1786,0,1786,0
18133,DPP4i,0,2020-02-18,55,0,0,0,0,1,1,0,2022-12-31,study_end,1047,0,1047,0
18134,DPP4i,0,2019-10-26,52,0,0,0,0,0,0,0,2020-01-27,switch,93,0,1162,0
18138,DPP4i,0,2021-04-12,57,1,1,0,0,0,0,1,2021-08-13,stop,123,0,628,0
18141,SGLT2i,1,2020-02-18,39,0,1,0,0,0,0,0,2022-02-04,stop,717,0,1047,0
18143,DPP4i,0,2021-11-19,62,1,0,0,0,0,0,0,2022-12-31,study_end,407,0,407,0
18145,SGLT2i,1,2019-12-24,66,1,1,0,0,0,1,0,2022-12-31,study_end,1103,0,1103,0
18147,SGLT2i,1,2019-02-23,74,0,0,1,0,0,1,0,2019-07-23,stop,150,0,1407,0
18151,SGLT2i,1,2017-02-06,53,1,1,0,0,0,1,0,2022-06-27,switch,1967,0,2154,0
18153,DPP4i,0,2018-04-13,64,1,0,0,0,0,1,0,2022-12-31,study_end,1723,0,1723,0
18155,SGLT2i,1,2021-11-03,44,0,1,0,0,0,1,0,2022-10-05,stop,336,0,423,0
18157,DPP4i,0,2021-10-14,81,1,1,0,1,0,0,0,2022-12-31,study_end,443,0,443,0
18158,DPP4i,0,2018-08-30,58,0,1,0,0,0,1,0,2020-11-17,stop,810,0,1584,0
18159,DPP4i,0,2020-12-31,75,0,1,0,0,0,1,1,2022-12-31,study_end,730,0,730,0
18161,SGLT2i,1,2021-01-25,61,0,0,0,0,0,1,0,2022-12-31,study_end,705,0,705,0
18163,DPP4i,0,2017-01-15,68,1,1,0,0,0,1,1,2020-02-28,switch,1139,0,2176,0
18165,DPP4i,0,2018-05-24,67,0,1,0,1,0,1,0,2022-12-31,study_end,1682,0,1682,0
18166,SGLT2i,1,2019-09-04,76,1,1,1,0,1,1,0,2021-02-28,stop,543,0,1214,0
18167,DPP4i,0,2016-07-18,68,1,1,0,0,0,0,0,2016-10-16,stop,90,0,2357,0
18172,DPP4i,0,2018-11-11,50,1,1,0,0,0,1,0,2021-09-05,switch,1029,0,1511,0
18173,DPP4i,0,2017-09-26,57,0,1,0,0,0,1,0,2021-07-06,stop,1379,0,1922,0
18175,DPP4i,0,2020-07-04,78,1,1,0,0,1,1,1,2021-08-24,switch,416,0,910,0
18178,DPP4i,0,2019-05-14,69,1,1,0,0,1,1,0,2019-08-12,stop,90,0,749,0
18180,SGLT2i,1,2017-10-01,69,0,1,0,0,0,1,0,2017-12-30,stop,90,0,1367,1
18184,DPP4i,0,2016-06-16,87,0,1,0,1,1,1,0,2016-11-13,stop,150,0,337,1
18185,DPP4i,0,2018-06-08,57,0,1,0,0,0,1,0,2022-12-31,study_end,1667,0,1667,0
18186,DPP4i,0,2018-08-04,75,1,1,1,0,1,0,0,2020-04-21,switch,626,0,1610,0
18189,DPP4i,0,2016-07-13,69,0,1,0,0,1,1,0,2017-10-05,switch,449,0,2362,0
18190,DPP4i,0,2020-06-28,63,0,0,1,0,1,1,0,2022-05-12,hhf,683,1,683,1
18192,DPP4i,0,2019-08-22,67,0,1,0,0,0,1,1,2022-12-31,study_end,1227,0,1227,0
18193,DPP4i,0,2017-11-08,57,1,1,0,0,0,0,0,2019-01-02,switch,420,0,1879,0
18194,DPP4i,0,2020-02-13,73,0,1,0,0,0,1,0,2020-07-12,stop,150,0,1052,0
18196,DPP4i,0,2017-03-31,65,0,0,0,0,0,1,0,2018-09-04,stop,522,0,2101,0
18199,DPP4i,0,2021-10-20,85,0,0,1,0,0,1,0,2022-12-31,study_end,437,0,437,0
18200,DPP4i,0,2018-12-21,72,1,1,0,0,0,1,1,2022-12-31,study_end,1471,0,1471,0
18201,DPP4i,0,2018-10-18,48,0,1,0,0,0,1,0,2019-03-17,stop,150,0,1535,0
18202,DPP4i,0,2018-10-20,86,1,1,0,0,0,1,0,2020-05-24,switch,582,0,1533,0
18207,DPP4i,0,2018-09-10,65,0,1,0,0,1,1,0,2020-08-29,stop,719,0,1573,0
18208,DPP4i,0,2021-12-04,61,0,1,0,0,0,1,1,2022-12-31,study_end,392,0,392,0
18209,DPP4i,0,2018-10-16,56,0,1,0,0,0,1,0,2021-09-20,stop,1070,0,1537,0
18210,DPP4i,0,2021-11-05,64,1,1,1,0,0,0,0,2022-12-31,study_end,421,0,421,0
18211,DPP4i,0,2016-02-16,61,1,1,1,0,0,1,0,2020-05-06,stop,1541,0,2510,0
18212,DPP4i,0,2018-10-05,60,0,1,1,0,0,1,1,2019-06-21,stop,259,0,1548,0
18213,DPP4i,0,2016-12-07,61,0,1,0,0,0,1,0,2022-12-31,study_end,2215,0,2215,0
18218,DPP4i,0,2019-07-23,35,1,1,0,0,0,1,1,2022-12-31,study_end,1257,0,1257,0
18220,DPP4i,0,2017-08-05,52,0,1,0,0,0,1,0,2020-11-04,stop,1187,0,1974,0
18221,SGLT2i,1,2017-11-08,62,0,0,0,0,0,0,0,2021-01-04,stop,1153,0,1879,0
18224,DPP4i,0,2016-09-11,53,1,0,1,0,0,0,0,2022-12-31,study_end,2302,0,2302,0
18227,DPP4i,0,2016-11-10,67,0,0,0,0,0,0,0,2021-05-15,stop,1647,0,2242,0
18228,DPP4i,0,2019-09-24,67,1,0,0,0,0,1,0,2022-12-31,study_end,1194,0,1194,0
18229,DPP4i,0,2020-08-24,64,1,1,1,0,0,1,0,2022-12-31,study_end,859,0,859,0
18230,DPP4i,0,2018-01-11,52,1,1,0,0,0,0,0,2021-04-23,stop,1198,0,1815,0
18232,DPP4i,0,2018-06-13,83,0,1,1,1,0,0,0,2022-12-31,study_end,1662,0,1662,0
18234,DPP4i,0,2017-03-08,69,0,1,0,0,0,1,0,2019-06-19,stop,833,0,2124,0
18236,SGLT2i,1,2021-02-03,54,1,0,0,0,0,1,0,2022-12-31,study_end,696,0,696,0
18237,DPP4i,0,2019-01-07,61,1,1,0,0,0,0,0,2022-12-31,study_end,1454,0,1454,0
18239,DPP4i,0,2016-07-12,72,1,0,0,0,0,1,0,2018-04-25,stop,652,0,2363,0
18243,SGLT2i,1,2020-12-25,39,1,1,0,0,0,1,0,2022-12-31,study_end,736,0,736,0
18244,DPP4i,0,2016-03-27,63,1,1,0,0,0,1,0,2020-11-13,switch,1692,0,2470,0
18245,DPP4i,0,2020-03-04,56,1,1,0,0,0,1,0,2021-11-25,stop,631,0,1032,0
18247,DPP4i,0,2020-06-22,61,1,0,0,1,0,1,0,2020-11-23,stop,154,0,922,0
18248,DPP4i,0,2017-10-14,52,1,0,0,0,0,1,0,2019-01-04,stop,447,0,1904,0
18249,DPP4i,0,2018-06-01,72,0,1,0,0,0,1,0,2022-12-31,study_end,1674,0,1674,0
18250,SGLT2i,1,2020-10-09,62,1,1,1,0,0,1,0,2021-02-07,stop,121,0,813,0
18251,DPP4i,0,2018-10-24,62,0,0,0,0,1,0,0,2020-02-10,stop,474,0,1529,0
18252,DPP4i,0,2016-10-24,53,1,1,0,0,0,1,0,2017-01-22,stop,90,0,2259,0
18253,DPP4i,0,2020-02-11,69,0,1,0,0,0,0,0,2022-12-31,study_end,1054,0,1054,0
18255,DPP4i,0,2018-06-25,62,0,0,0,0,0,1,0,2019-09-07,stop,439,0,1650,0
18256,DPP4i,0,2019-07-25,70,1,0,0,0,0,1,1,2022-12-31,study_end,1255,0,1255,0
18259,DPP4i,0,2020-09-19,68,1,1,0,0,0,1,0,2022-12-31,study_end,833,0,833,0
18261,DPP4i,0,2018-08-19,75,1,1,0,1,0,0,0,2022-12-31,study_end,1595,0,1595,0
18263,DPP4i,0,2016-02-03,71,0,1,0,0,0,1,1,2017-04-08,stop,430,0,1924,0
18264,DPP4i,0,2019-11-30,72,0,0,0,0,0,1,0,2022-12-31,study_end,1127,0,1127,0
18265,DPP4i,0,2020-09-10,69,1,1,0,0,0,1,0,2022-12-31,study_end,842,0,842,0
18275,DPP4i,0,2017-01-06,72,0,1,1,0,0,1,0,2018-08-25,stop,596,0,2185,0
18278,DPP4i,0,2021-05-23,62,1,0,0,0,0,1,0,2022-06-12,switch,385,0,587,0
18279,DPP4i,0,2019-05-21,51,0,0,0,0,0,1,0,2022-12-31,study_end,1320,0,1320,0
18280,DPP4i,0,2017-02-22,75,0,1,0,0,0,1,0,2018-01-03,stop,315,0,2138,0
18282,DPP4i,0,2020-04-26,44,0,1,0,0,0,1,0,2021-05-10,stop,379,0,979,0
18284,DPP4i,0,2016-01-16,47,0,1,0,0,0,0,1,2022-12-31,study_end,2541,0,2541,0
18285,SGLT2i,1,2020-08-27,66,0,1,0,0,0,1,0,2022-12-21,stop,846,0,856,0
18286,DPP4i,0,2020-02-16,38,0,0,0,0,0,1,0,2022-12-31,study_end,1049,0,1049,0
18288,DPP4i,0,2021-10-31,63,0,0,0,0,0,1,0,2022-12-31,study_end,426,0,426,0
18289,DPP4i,0,2019-11-29,82,0,1,0,0,0,0,0,2021-04-05,death,493,0,493,0
18290,DPP4i,0,2016-09-29,73,1,0,1,0,1,1,0,2017-05-26,stop,239,0,2284,0
18292,SGLT2i,1,2019-09-19,69,1,1,0,0,0,1,0,2022-12-31,study_end,1199,0,1199,0
18293,DPP4i,0,2020-03-03,60,0,0,0,0,0,1,0,2022-12-31,study_end,1033,0,1033,0
18295,DPP4i,0,2017-05-06,90,1,1,0,0,0,1,0,2022-12-31,study_end,2065,0,2065,0
18296,DPP4i,0,2017-05-13,54,1,1,0,0,0,1,0,2018-04-14,stop,336,0,2058,0
18297,DPP4i,0,2019-04-02,58,0,1,1,0,0,1,0,2019-11-29,stop,241,0,1369,0
18298,DPP4i,0,2020-06-26,47,0,0,0,0,0,0,0,2020-11-23,stop,150,0,918,0
18299,DPP4i,0,2020-05-18,76,0,0,0,0,0,1,0,2022-12-31,study_end,957,0,957,0
18300,DPP4i,0,2019-09-27,74,1,1,0,0,0,1,0,2020-02-24,stop,150,0,1191,0
18301,DPP4i,0,2019-01-04,84,1,1,1,0,0,0,0,2019-09-12,stop,251,0,1457,0
18302,DPP4i,0,2017-02-20,56,1,1,0,0,0,1,0,2021-05-08,switch,1538,0,2140,0
18305,SGLT2i,1,2018-11-11,56,0,1,0,0,0,1,0,2022-12-31,study_end,1511,0,1511,0
18308,DPP4i,0,2017-12-12,60,1,1,0,0,0,1,0,2020-06-24,switch,925,0,1845,0
18311,DPP4i,0,2021-07-22,73,1,1,0,0,0,1,0,2022-12-31,study_end,527,0,527,0
18313,DPP4i,0,2019-01-20,52,0,1,0,0,0,0,0,2021-04-12,switch,813,0,1441,0
18314,DPP4i,0,2016-04-07,42,1,0,0,0,0,0,0,2022-12-31,study_end,2459,0,2459,0
18316,DPP4i,0,2016-04-07,65,1,1,0,0,0,0,1,2021-02-11,switch,1771,0,2114,1
18317,DPP4i,0,2020-08-01,74,0,0,1,0,0,1,1,2022-12-31,study_end,882,0,882,0
18318,DPP4i,0,2018-07-03,83,0,1,0,0,1,0,0,2019-06-22,death,354,0,354,0
18320,SGLT2i,1,2019-12-18,55,1,1,0,1,0,1,0,2022-12-15,stop,1093,0,1109,0
18324,SGLT2i,1,2021-11-15,60,1,1,0,0,0,0,0,2022-12-31,study_end,411,0,411,0
18325,DPP4i,0,2016-05-08,76,0,1,0,0,0,1,0,2018-07-23,stop,806,0,2428,0
18327,DPP4i,0,2018-02-25,66,0,1,0,0,0,1,0,2022-09-29,death,1677,0,1677,0
18328,DPP4i,0,2021-11-21,46,0,1,0,0,0,1,0,2022-12-31,study_end,405,0,405,0
18330,DPP4i,0,2018-05-09,45,1,0,0,0,0,1,0,2018-10-06,stop,150,0,1697,0
18332,DPP4i,0,2017-02-27,75,0,1,0,0,0,1,0,2022-12-31,study_end,2133,0,2133,0
18333,SGLT2i,1,2019-12-13,50,0,1,1,0,0,1,0,2020-05-11,stop,150,0,1114,0
18334,DPP4i,0,2021-01-03,67,0,0,0,0,0,1,0,2022-12-31,study_end,727,0,727,0
18335,DPP4i,0,2016-08-18,50,0,0,0,0,0,1,1,2022-03-21,stop,2041,0,2326,0
18336,DPP4i,0,2021-12-22,48,1,0,0,0,0,1,0,2022-12-31,study_end,374,0,374,0
18339,SGLT2i,1,2016-12-04,69,0,0,0,0,0,1,0,2022-12-31,study_end,2218,0,2218,0
18342,DPP4i,0,2019-07-04,72,1,0,1,0,0,1,0,2022-12-31,study_end,1276,0,1276,0
18343,DPP4i,0,2018-02-14,54,0,1,0,0,0,1,0,2019-12-07,stop,661,0,1781,0
18347,DPP4i,0,2019-03-21,43,0,0,0,0,0,1,0,2022-12-31,study_end,1381,0,1381,0
18350,DPP4i,0,2021-08-21,50,1,1,0,0,0,1,0,2022-12-31,study_end,497,0,497,0
18355,DPP4i,0,2021-06-24,80,0,0,0,0,0,1,0,2022-12-31,study_end,555,0,555,0
18356,SGLT2i,1,2021-04-06,60,1,0,0,0,0,1,0,2021-08-04,stop,120,0,634,0
18361,SGLT2i,1,2020-08-29,65,1,1,1,0,0,0,0,2022-12-31,study_end,854,0,854,0
18362,DPP4i,0,2018-04-19,55,1,0,0,0,0,1,0,2019-07-22,stop,459,0,1717,0
18365,DPP4i,0,2017-04-06,63,0,1,0,0,0,1,0,2020-01-17,switch,1016,0,2095,0
18366,DPP4i,0,2021-07-16,61,1,0,0,0,0,1,0,2022-12-31,study_end,533,0,533,0
18367,DPP4i,0,2017-01-27,68,0,1,0,0,0,0,0,2022-12-31,study_end,2164,0,2164,0
18368,DPP4i,0,2017-07-20,65,0,0,0,0,0,1,0,2019-08-21,switch,762,0,1990,0
18369,DPP4i,0,2021-03-04,47,1,0,0,0,0,1,1,2022-08-25,switch,539,0,667,0
18370,SGLT2i,1,2017-10-03,41,1,1,0,0,0,1,0,2018-12-23,stop,446,0,1915,0
18374,DPP4i,0,2020-11-07,64,1,1,0,0,0,1,0,2022-10-13,stop,705,0,784,0
18375,SGLT2i,1,2017-10-02,58,1,1,0,0,0,1,0,2019-01-22,stop,477,0,1916,0
18377,DPP4i,0,2021-01-13,52,1,0,1,0,0,1,0,2022-12-31,study_end,717,0,717,0
18382,DPP4i,0,2017-01-01,59,1,1,0,0,0,1,0,2022-12-31,study_end,2190,0,2190,0
18386,DPP4i,0,2020-09-22,75,0,1,0,0,0,1,0,2022-12-31,study_end,830,0,830,0
18388,DPP4i,0,2019-06-20,45,1,1,0,0,0,1,0,2022-12-31,study_end,1290,0,1290,0
18391,DPP4i,0,2021-06-21,42,1,0,0,0,0,1,0,2022-12-31,study_end,558,0,558,0
18392,DPP4i,0,2021-01-25,62,0,0,1,0,0,1,1,2021-04-25,stop,90,0,705,0
18394,DPP4i,0,2016-01-14,60,0,1,0,0,0,0,0,2016-05-13,stop,120,0,2543,0
18398,DPP4i,0,2018-11-01,54,1,1,0,0,0,1,0,2020-11-18,switch,748,0,1521,0
18399,DPP4i,0,2021-04-29,67,0,0,0,0,0,1,0,2022-12-31,study_end,611,0,611,0
18401,DPP4i,0,2017-10-09,52,0,1,0,0,0,1,1,2019-04-02,hhf,540,1,540,1
18404,DPP4i,0,2016-10-25,85,1,1,0,1,0,0,1,2017-12-22,death,423,0,423,0
18405,DPP4i,0,2020-05-08,81,1,1,0,1,0,1,0,2020-11-04,stop,180,0,967,0
18406,DPP4i,0,2020-04-09,43,0,0,0,0,0,1,0,2022-12-31,study_end,996,0,996,0
18408,DPP4i,0,2020-12-30,71,1,1,0,0,0,1,0,2022-01-23,switch,389,0,731,0
18409,SGLT2i,1,2020-10-09,48,0,1,1,0,1,1,0,2021-02-11,stop,125,0,813,0
18411,DPP4i,0,2016-11-01,49,0,1,0,0,0,1,0,2017-10-09,stop,342,0,2251,0
18415,DPP4i,0,2020-09-20,65,0,1,0,0,0,1,0,2022-12-31,study_end,832,0,832,0
18417,DPP4i,0,2020-04-06,66,1,1,0,0,0,1,0,2021-02-11,stop,311,0,999,0
18418,DPP4i,0,2020-08-15,69,0,1,0,0,0,1,0,2022-12-31,study_end,868,0,868,0
18422,DPP4i,0,2018-08-12,73,1,1,0,1,0,1,0,2022-12-31,study_end,1602,0,1602,0
18423,SGLT2i,1,2019-07-17,66,1,1,0,0,0,1,0,2021-03-05,switch,597,0,1263,0
18424,DPP4i,0,2021-03-02,82,0,0,0,0,0,0,0,2022-12-31,study_end,669,0,669,0
18426,DPP4i,0,2018-07-10,68,0,0,0,0,0,1,0,2022-12-31,study_end,1635,0,1635,0
18427,DPP4i,0,2019-12-02,63,0,1,0,0,0,0,0,2022-12-31,study_end,1125,0,1125,0
18429,DPP4i,0,2019-03-21,54,1,1,0,0,0,1,0,2021-02-26,stop,708,0,1381,0
18430,DPP4i,0,2020-05-10,59,0,1,0,0,0,1,0,2022-12-31,study_end,965,0,965,0
18431,DPP4i,0,2019-10-26,59,0,1,0,0,0,1,0,2022-12-31,study_end,1162,0,1162,0
18432,DPP4i,0,2021-05-09,54,0,1,0,0,0,1,0,2022-12-31,study_end,601,0,601,0
18433,DPP4i,0,2021-09-26,52,0,0,0,1,0,1,0,2022-12-31,study_end,461,0,461,0
18436,DPP4i,0,2018-01-29,47,0,1,0,0,0,1,0,2019-05-06,stop,462,0,1797,0
18438,DPP4i,0,2017-01-30,69,0,1,0,0,0,1,1,2021-09-03,stop,1677,0,2161,0
18439,DPP4i,0,2016-03-03,37,0,1,0,0,0,1,0,2016-08-30,stop,180,0,2494,0
18440,DPP4i,0,2017-03-10,62,0,1,0,0,0,1,0,2018-01-24,stop,320,0,2122,0
18441,SGLT2i,1,2020-11-22,86,1,1,1,0,0,1,0,2022-04-30,stop,524,0,769,0
18443,DPP4i,0,2017-07-24,64,0,0,1,0,0,1,0,2021-01-13,stop,1269,0,1986,0
18447,SGLT2i,1,2020-10-10,66,1,1,0,0,0,1,0,2022-12-31,study_end,812,0,812,0
18448,DPP4i,0,2017-03-16,50,1,0,0,0,0,0,0,2022-12-31,study_end,2116,0,2116,0
18449,DPP4i,0,2018-05-06,57,0,1,0,0,0,0,1,2022-12-31,study_end,1700,0,1700,0
18451,DPP4i,0,2021-08-24,66,0,1,0,0,0,1,0,2022-12-31,study_end,494,0,494,0
18452,DPP4i,0,2019-10-23,60,1,1,0,0,0,1,1,2020-05-15,switch,205,0,602,1
18456,DPP4i,0,2016-08-22,89,0,0,0,0,0,1,0,2019-12-18,stop,1213,0,1281,1
18457,SGLT2i,1,2021-09-11,53,1,1,0,0,0,1,0,2022-11-14,stop,429,0,476,0
18458,DPP4i,0,2019-01-03,57,0,0,0,0,0,1,0,2022-12-31,study_end,1458,0,1458,0
18461,DPP4i,0,2016-10-28,73,0,0,0,0,0,1,0,2020-09-10,stop,1413,0,2255,0
18462,DPP4i,0,2017-02-13,59,0,1,0,0,0,1,0,2022-12-31,study_end,2147,0,2147,0
18463,DPP4i,0,2019-09-05,71,0,0,0,0,0,1,0,2020-01-09,stop,126,0,1213,0
18464,DPP4i,0,2021-09-13,66,0,1,0,0,0,1,0,2022-12-31,study_end,474,0,474,0
18465,SGLT2i,1,2020-06-17,55,1,0,0,0,0,0,0,2021-02-18,stop,246,0,927,0
18467,DPP4i,0,2018-05-09,31,1,0,0,0,0,1,0,2021-07-11,stop,1159,0,1697,0
18468,DPP4i,0,2021-02-14,92,0,1,1,0,1,1,0,2022-11-11,stop,635,0,685,0
18469,DPP4i,0,2017-07-15,75,0,0,0,0,0,1,0,2022-12-31,study_end,1995,0,1995,0
18472,DPP4i,0,2020-02-17,56,1,0,0,0,0,0,1,2020-07-20,switch,154,0,1048,0
18473,DPP4i,0,2019-04-17,73,0,1,0,0,0,1,0,2022-12-31,study_end,1354,0,1354,0
18474,SGLT2i,1,2018-09-23,57,1,0,0,0,0,1,1,2022-04-25,stop,1310,0,1560,0
18475,DPP4i,0,2017-12-28,68,0,1,0,0,0,1,0,2022-12-31,study_end,1829,0,1829,0
18477,DPP4i,0,2021-11-21,67,1,1,0,0,0,1,1,2022-12-31,study_end,405,0,405,0
18483,SGLT2i,1,2021-08-01,65,0,1,0,0,0,1,0,2022-12-31,study_end,517,0,517,0
18484,DPP4i,0,2019-12-21,63,0,1,1,0,0,0,0,2020-03-20,stop,90,0,1106,0
18485,DPP4i,0,2016-09-07,70,0,1,1,0,0,1,0,2018-10-13,stop,766,0,1574,1
18489,SGLT2i,1,2018-10-30,60,1,1,0,0,0,1,0,2022-12-31,study_end,1523,0,1523,0
18493,SGLT2i,1,2021-10-30,49,0,1,0,0,0,1,0,2022-12-28,switch,424,0,427,0
18494,DPP4i,0,2021-03-08,69,1,0,0,0,0,1,0,2022-12-31,study_end,663,0,663,0
18495,DPP4i,0,2020-04-08,71,0,0,1,0,1,1,0,2022-12-31,study_end,997,0,997,0
18496,DPP4i,0,2020-10-02,29,0,0,0,0,0,1,0,2022-12-31,study_end,820,0,820,0
18499,DPP4i,0,2017-12-05,62,1,1,0,0,1,1,0,2022-12-31,study_end,1852,0,1852,0
18502,DPP4i,0,2021-09-24,62,1,1,1,0,0,1,0,2022-12-31,study_end,463,0,463,0
18504,SGLT2i,1,2020-08-12,55,1,1,0,0,0,1,0,2022-12-31,study_end,871,0,871,0
18507,DPP4i,0,2019-07-29,62,0,0,1,0,0,1,0,2021-10-28,stop,822,0,1251,0
18512,DPP4i,0,2019-09-26,72,1,1,1,1,0,1,0,2021-05-12,stop,594,0,1192,0
18513,DPP4i,0,2018-03-18,60,0,1,0,0,0,0,0,2018-08-15,stop,150,0,1749,0
18515,SGLT2i,1,2021-10-08,62,0,1,0,0,0,0,0,2022-12-31,study_end,449,0,449,0
18516,DPP4i,0,2021-05-31,68,0,1,0,0,0,1,0,2022-12-31,study_end,579,0,579,0
18517,DPP4i,0,2016-03-26,55,0,1,0,0,0,1,0,2020-08-08,switch,1596,0,2471,0
18519,DPP4i,0,2016-08-13,49,0,1,0,0,0,1,1,2022-08-25,stop,2203,0,2331,0
18525,DPP4i,0,2017-07-26,58,1,1,1,1,1,1,0,2019-03-11,switch,593,0,1984,0
18527,SGLT2i,1,2019-03-10,68,1,0,0,0,0,1,0,2022-12-31,study_end,1392,0,1392,0
18531,DPP4i,0,2017-10-12,34,1,0,0,0,0,1,0,2019-11-09,stop,758,0,1906,0
18538,SGLT2i,1,2020-06-07,70,1,1,0,0,0,1,0,2021-02-14,stop,252,0,937,0
18539,DPP4i,0,2016-06-06,30,1,0,1,0,0,1,0,2021-04-02,switch,1761,0,2399,0
18540,DPP4i,0,2018-07-13,76,0,1,0,0,0,1,0,2022-06-02,stop,1420,0,1632,0
18541,DPP4i,0,2020-09-05,82,0,1,0,0,0,1,0,2022-02-08,stop,521,0,847,0
18543,DPP4i,0,2020-02-28,44,0,0,0,0,0,1,0,2022-12-31,study_end,1037,0,1037,0
18545,SGLT2i,1,2019-10-07,42,0,1,0,0,0,1,0,2022-11-24,stop,1144,0,1181,0
18547,DPP4i,0,2018-06-14,60,0,1,0,0,0,0,0,2022-12-31,study_end,1661,0,1661,0
18548,DPP4i,0,2018-03-21,63,1,1,0,0,0,0,0,2022-12-31,study_end,1746,0,1746,0
18550,DPP4i,0,2021-08-02,59,0,0,0,0,0,1,0,2022-12-31,study_end,516,0,516,0
18554,SGLT2i,1,2017-04-10,66,1,1,0,0,0,1,0,2017-09-07,stop,150,0,2091,0
18556,DPP4i,0,2020-11-28,60,0,1,0,0,0,1,0,2022-12-31,study_end,763,0,763,0
18557,SGLT2i,1,2019-09-25,34,1,0,0,0,0,1,0,2022-10-26,stop,1127,0,1193,0
18558,DPP4i,0,2016-07-20,46,0,0,0,0,1,1,0,2017-09-01,stop,408,0,2355,0
18560,DPP4i,0,2020-09-13,65,1,1,0,0,0,0,0,2022-12-31,study_end,839,0,839,0
18561,SGLT2i,1,2021-10-20,56,1,1,1,0,0,1,0,2022-12-31,study_end,437,0,437,0
18562,DPP4i,0,2020-04-20,76,1,0,0,0,1,0,0,2020-09-17,stop,150,0,985,0
18564,DPP4i,0,2019-09-10,44,1,1,0,0,0,1,0,2022-12-31,study_end,1208,0,1208,0
18565,DPP4i,0,2021-04-05,49,0,0,0,0,0,1,0,2021-09-08,stop,156,0,635,0
18566,DPP4i,0,2019-03-08,69,0,1,0,0,1,1,0,2020-01-13,stop,311,0,1394,0
18567,DPP4i,0,2021-04-19,68,0,1,0,0,0,1,0,2022-12-31,study_end,621,0,621,0
18568,DPP4i,0,2021-11-03,73,1,1,1,0,1,1,0,2022-12-31,study_end,423,0,423,0
18571,DPP4i,0,2017-02-11,44,0,1,0,0,0,1,0,2020-10-02,stop,1329,0,2149,0
18575,SGLT2i,1,2021-12-25,55,0,0,0,0,0,1,0,2022-12-31,study_end,371,0,371,0
18577,DPP4i,0,2018-02-23,57,0,1,0,0,0,0,1,2022-12-31,study_end,1772,0,1772,0
18579,DPP4i,0,2017-12-29,45,1,1,0,0,0,1,0,2021-09-02,stop,1343,0,1828,0
18581,DPP4i,0,2018-03-16,73,0,1,0,1,0,1,0,2022-12-31,study_end,1751,0,1751,0
18582,DPP4i,0,2019-06-19,46,0,1,0,0,0,1,0,2021-01-07,stop,568,0,1291,0
18587,DPP4i,0,2019-04-01,51,1,0,0,1,0,0,0,2019-06-30,stop,90,0,1370,0
18589,DPP4i,0,2021-05-16,49,0,0,0,0,0,1,0,2021-10-13,stop,150,0,594,0
18591,DPP4i,0,2021-12-13,51,1,0,1,0,0,1,0,2022-12-31,study_end,383,0,383,0
18592,DPP4i,0,2017-01-07,55,0,0,0,0,0,1,0,2018-03-12,stop,429,0,2184,0
18594,DPP4i,0,2020-02-08,72,0,0,1,0,0,1,0,2021-10-24,death,624,0,624,0
18595,DPP4i,0,2020-04-02,34,1,0,0,0,0,1,0,2022-12-31,study_end,1003,0,1003,0
18596,DPP4i,0,2020-04-18,58,1,1,0,0,0,1,0,2021-01-02,stop,259,0,987,0
18597,DPP4i,0,2020-02-11,56,1,0,0,0,0,0,0,2022-12-31,study_end,1054,0,1054,0
18598,DPP4i,0,2017-03-28,45,0,1,0,0,0,1,1,2018-12-19,stop,631,0,2104,0
18599,DPP4i,0,2021-04-13,41,0,0,0,0,0,1,0,2022-12-31,study_end,627,0,627,0
18600,DPP4i,0,2021-10-09,82,0,0,1,0,0,1,1,2022-03-08,stop,150,0,448,0
18601,DPP4i,0,2021-08-03,81,0,1,0,0,0,1,0,2021-12-01,stop,120,0,515,0
18602,SGLT2i,1,2017-02-09,58,0,0,0,0,0,1,0,2017-04-25,hhf,75,1,75,1
18603,DPP4i,0,2021-08-28,65,0,1,0,0,0,1,0,2022-12-31,study_end,490,0,490,0
18605,DPP4i,0,2021-07-05,67,1,1,0,0,0,0,0,2021-12-02,stop,150,0,544,0
18608,DPP4i,0,2018-10-30,43,1,0,0,0,0,1,0,2022-12-31,study_end,1523,0,1523,0
18610,DPP4i,0,2019-08-27,92,0,1,0,0,0,1,0,2022-12-31,study_end,1222,0,1222,0
18614,DPP4i,0,2019-01-31,68,0,1,1,0,1,1,1,2022-12-31,study_end,1430,0,1430,0
18618,DPP4i,0,2017-11-19,50,1,1,0,0,0,1,0,2022-12-31,study_end,1868,0,1868,0
18620,DPP4i,0,2019-04-09,75,1,1,1,0,1,1,0,2020-01-07,switch,273,0,1362,0
18622,DPP4i,0,2020-11-18,48,1,1,0,0,0,1,0,2022-12-31,study_end,773,0,773,0
18627,DPP4i,0,2018-06-24,33,1,0,0,0,0,0,0,2019-05-31,stop,341,0,1651,0
18630,DPP4i,0,2019-11-07,83,1,1,1,0,0,1,0,2022-12-31,study_end,1150,0,1150,0
18634,DPP4i,0,2021-07-12,42,0,1,0,0,0,1,0,2022-12-31,study_end,537,0,537,0
18637,SGLT2i,1,2020-12-30,49,0,1,0,0,0,1,1,2021-05-29,stop,150,0,731,0
18638,SGLT2i,1,2021-07-16,77,0,1,0,1,0,1,0,2021-11-04,hhf,111,1,111,1
18640,DPP4i,0,2019-08-30,51,1,1,1,0,0,1,1,2021-08-16,stop,717,0,1219,0
18641,DPP4i,0,2021-06-20,49,0,0,0,0,0,1,0,2022-12-31,study_end,559,0,559,0
18645,DPP4i,0,2018-12-26,53,0,1,0,0,0,1,0,2019-03-26,stop,90,0,1466,0
18646,SGLT2i,1,2019-01-19,44,1,1,0,0,0,0,0,2022-12-31,study_end,1442,0,1442,0
18647,DPP4i,0,2020-05-30,82,0,1,0,0,0,0,0,2022-02-10,stop,621,0,945,0
18649,DPP4i,0,2016-04-19,71,0,1,0,0,0,1,0,2018-12-13,stop,968,0,2447,0
18651,DPP4i,0,2017-01-04,47,1,1,0,0,0,1,0,2018-11-21,stop,686,0,2187,0
18652,DPP4i,0,2019-12-11,60,0,1,0,0,0,1,0,2022-12-31,study_end,1116,0,1116,0
18654,SGLT2i,1,2018-07-18,90,1,1,1,0,0,0,0,2019-10-02,death,441,0,441,0
18659,DPP4i,0,2018-10-26,85,0,1,0,0,0,1,0,2022-12-31,study_end,1527,0,1527,0
18661,DPP4i,0,2017-11-01,48,1,1,1,0,1,1,0,2022-05-28,stop,1669,0,1886,0
18664,DPP4i,0,2020-12-07,33,0,0,0,0,0,1,0,2021-10-16,stop,313,0,754,0
18665,DPP4i,0,2020-06-16,61,0,0,0,0,0,1,0,2020-11-13,stop,150,0,521,0
18666,DPP4i,0,2018-03-10,50,0,0,0,1,0,1,0,2021-08-09,stop,1248,0,1757,0
18667,SGLT2i,1,2017-11-26,65,1,1,1,0,0,1,0,2022-12-31,study_end,1861,0,1861,0
18668,DPP4i,0,2021-07-07,65,1,1,1,0,1,1,0,2022-12-31,study_end,542,0,542,0
18669,SGLT2i,1,2019-11-19,63,0,0,1,0,0,0,0,2021-04-26,stop,524,0,1138,0
18672,DPP4i,0,2021-07-06,55,0,0,0,0,0,1,0,2022-12-31,study_end,543,0,543,0
18676,DPP4i,0,2021-06-07,58,0,1,0,0,0,0,0,2022-12-31,study_end,572,0,572,0
18677,DPP4i,0,2021-04-01,58,0,1,0,0,0,1,1,2021-12-02,stop,245,0,639,0
18678,DPP4i,0,2017-12-30,69,0,1,0,0,0,1,0,2022-12-31,study_end,1827,0,1827,0
18679,DPP4i,0,2016-11-02,65,1,1,0,0,0,1,0,2020-11-01,stop,1460,0,2250,0
18683,DPP4i,0,2017-05-06,64,1,1,0,0,0,1,0,2017-08-04,stop,90,0,2065,0
18685,SGLT2i,1,2018-08-31,49,0,0,0,0,0,1,0,2018-11-29,stop,90,0,1583,0
18687,SGLT2i,1,2017-08-21,55,1,0,0,0,0,1,0,2022-12-31,study_end,1958,0,1958,0
18688,DPP4i,0,2020-04-22,83,1,0,1,0,0,1,0,2022-12-31,study_end,983,0,983,0
18690,DPP4i,0,2018-01-01,71,0,0,0,1,0,1,0,2018-04-04,hhf,93,1,93,1
18691,DPP4i,0,2021-10-11,38,1,1,0,0,0,1,0,2022-12-31,study_end,446,0,446,0
18696,DPP4i,0,2018-05-18,63,1,1,0,0,0,0,0,2022-12-31,study_end,1688,0,1688,0
18699,SGLT2i,1,2021-11-01,56,0,1,0,0,0,1,0,2022-12-31,study_end,425,0,425,0
18706,DPP4i,0,2021-06-01,90,0,1,1,0,0,0,0,2022-12-31,study_end,578,0,578,0
18707,DPP4i,0,2019-08-15,50,0,0,0,0,0,1,0,2021-06-15,stop,670,0,1234,0
18710,DPP4i,0,2017-09-11,65,1,0,0,0,0,1,0,2020-02-28,stop,900,0,1937,0
18711,DPP4i,0,2020-04-22,32,0,0,0,0,0,1,0,2021-06-26,stop,430,0,983,0
18712,DPP4i,0,2021-04-20,36,0,1,0,0,0,0,0,2022-12-31,study_end,620,0,620,0
18714,DPP4i,0,2019-05-19,46,0,1,0,0,0,1,0,2020-02-26,stop,283,0,1322,0
18716,DPP4i,0,2021-02-04,53,0,1,0,0,0,0,0,2022-01-10,stop,340,0,695,0
18719,DPP4i,0,2016-03-08,63,0,0,0,0,0,0,0,2022-12-31,study_end,2489,0,2489,0
18720,DPP4i,0,2021-02-23,26,0,0,0,0,0,1,0,2022-12-31,study_end,676,0,676,0
18723,DPP4i,0,2017-03-24,76,1,1,0,0,0,1,0,2022-12-31,study_end,2108,0,2108,0
18724,DPP4i,0,2016-10-01,52,1,0,0,0,0,1,0,2022-12-31,study_end,2282,0,2282,0
18725,DPP4i,0,2017-09-04,68,0,0,0,0,0,0,0,2019-02-10,switch,524,0,1944,0
18729,DPP4i,0,2019-10-02,49,1,0,0,0,0,1,0,2022-12-31,study_end,1186,0,1186,0
18731,DPP4i,0,2017-11-27,67,1,0,0,0,0,1,0,2019-04-22,stop,511,0,1860,0
18732,DPP4i,0,2019-12-14,54,1,0,1,0,0,1,0,2020-08-03,stop,233,0,1113,0
18733,DPP4i,0,2020-09-12,43,0,1,0,0,0,1,0,2022-12-31,study_end,840,0,840,0
18734,DPP4i,0,2020-09-07,58,1,1,0,0,0,1,0,2022-10-15,stop,768,0,845,0
18737,DPP4i,0,2020-10-04,41,1,0,0,0,0,0,0,2021-06-05,stop,244,0,818,0
18738,DPP4i,0,2016-08-20,50,1,1,0,0,0,1,0,2016-12-18,stop,120,0,2324,0
18739,SGLT2i,1,2017-04-28,56,1,0,0,0,0,0,0,2020-01-09,stop,986,0,2073,0
18741,DPP4i,0,2020-07-22,54,0,1,0,0,0,1,0,2022-12-31,study_end,892,0,892,0
18742,DPP4i,0,2019-08-01,61,0,1,0,1,0,0,0,2019-11-29,stop,120,0,1248,0
18743,SGLT2i,1,2021-01-31,73,0,1,0,0,0,1,0,2022-12-31,study_end,699,0,699,0
18745,DPP4i,0,2016-01-01,43,0,0,0,0,0,1,0,2020-09-09,stop,1713,0,2556,0
18747,DPP4i,0,2020-10-28,63,1,1,1,0,0,0,0,2021-08-07,stop,283,0,794,0
18748,SGLT2i,1,2021-01-07,66,0,0,0,0,0,1,0,2022-12-31,study_end,723,0,723,0
18749,SGLT2i,1,2017-03-15,69,1,1,0,0,0,1,0,2019-07-30,stop,867,0,2117,0
18751,DPP4i,0,2020-09-11,62,0,0,0,0,0,1,0,2021-08-22,stop,345,0,841,0
18752,SGLT2i,1,2021-02-11,44,0,0,0,0,0,1,0,2022-12-31,study_end,688,0,688,0
18753,DPP4i,0,2016-09-25,80,0,0,1,0,0,1,0,2018-06-22,stop,635,0,1227,0
18754,SGLT2i,1,2020-01-30,43,0,0,0,0,0,1,0,2020-12-31,stop,336,0,1066,0
18755,DPP4i,0,2018-05-19,51,0,1,0,0,0,0,0,2020-11-12,hhf,908,1,908,1
18757,DPP4i,0,2016-07-03,76,1,1,0,0,0,0,0,2021-08-12,stop,1866,0,2372,0
18758,DPP4i,0,2020-06-16,60,1,1,0,0,0,1,0,2022-12-31,study_end,928,0,928,0
18761,DPP4i,0,2016-01-08,67,0,1,0,0,0,0,0,2016-03-09,hhf,61,1,61,1
18762,DPP4i,0,2018-03-12,82,0,1,0,0,0,1,0,2020-09-05,stop,908,0,1755,0
18763,DPP4i,0,2021-10-23,70,0,1,0,1,1,1,0,2022-02-20,stop,120,0,434,0
18766,DPP4i,0,2016-01-16,40,1,0,0,1,0,1,0,2019-02-11,stop,1122,0,2541,0
18768,DPP4i,0,2016-04-27,71,0,1,1,1,0,1,0,2019-12-31,hhf,1343,1,1343,1
18769,DPP4i,0,2021-05-08,64,0,1,0,0,1,1,0,2022-12-31,study_end,602,0,602,0
18770,SGLT2i,1,2019-11-19,39,0,0,0,0,0,1,1,2021-10-23,stop,704,0,1138,0
18771,DPP4i,0,2021-05-31,57,0,0,0,0,1,1,0,2022-12-31,study_end,579,0,579,0
18773,SGLT2i,1,2021-04-16,69,0,1,1,0,0,1,0,2022-12-31,study_end,624,0,624,0
18774,SGLT2i,1,2021-10-31,46,0,1,0,0,0,0,0,2022-12-31,study_end,426,0,426,0
18775,DPP4i,0,2019-12-21,79,0,0,1,0,0,1,0,2022-12-31,study_end,1106,0,1106,0
18776,DPP4i,0,2019-03-30,69,1,1,0,0,0,0,0,2022-12-31,study_end,1372,0,1372,0
18777,DPP4i,0,2020-08-22,70,1,1,0,0,0,1,0,2022-12-31,study_end,861,0,861,0
18780,DPP4i,0,2020-10-31,61,1,1,0,0,0,0,0,2022-12-31,study_end,791,0,791,0
18781,DPP4i,0,2016-05-21,60,1,0,0,1,0,1,0,2017-01-26,stop,250,0,2415,0
18782,DPP4i,0,2020-11-20,56,1,1,0,0,0,1,0,2021-11-06,switch,351,0,771,0
18789,SGLT2i,1,2018-08-08,52,1,1,0,0,0,1,0,2021-01-07,stop,883,0,1606,0
18791,DPP4i,0,2020-10-18,69,0,1,0,0,0,1,0,2021-03-17,stop,150,0,804,0
18792,DPP4i,0,2018-03-05,76,1,0,0,0,0,1,0,2019-08-28,stop,541,0,1762,0
18793,DPP4i,0,2021-10-29,69,0,1,1,0,0,1,0,2022-12-31,study_end,428,0,428,0
18794,DPP4i,0,2017-05-23,50,0,0,0,0,0,1,0,2019-02-09,stop,627,0,2048,0
18795,DPP4i,0,2016-04-05,67,1,1,0,0,0,1,1,2016-07-04,stop,90,0,2461,0
18796,DPP4i,0,2021-05-10,42,1,0,0,0,0,1,0,2022-12-31,study_end,600,0,600,0
18797,DPP4i,0,2021-12-26,51,0,0,0,0,0,1,0,2022-12-31,study_end,370,0,370,0
18798,SGLT2i,1,2019-02-12,77,0,1,0,0,1,1,1,2019-02-25,switch,13,0,1418,0
18801,DPP4i,0,2020-08-02,44,0,0,0,0,0,0,0,2022-12-01,stop,851,0,881,0
18803,DPP4i,0,2016-03-30,66,1,1,0,0,1,1,0,2018-01-06,switch,647,0,2269,0
18806,DPP4i,0,2017-05-24,71,1,1,0,1,1,1,0,2022-12-31,study_end,2047,0,2047,0
18808,SGLT2i,1,2021-06-24,45,1,0,0,0,0,1,0,2022-12-27,stop,551,0,555,0
18809,DPP4i,0,2021-09-11,55,1,1,1,0,1,0,0,2022-12-31,study_end,476,0,476,0
18810,SGLT2i,1,2021-08-03,61,0,1,0,0,0,0,0,2022-12-31,study_end,515,0,515,0
18813,DPP4i,0,2020-02-23,49,1,1,0,0,0,1,0,2022-12-31,study_end,1042,0,1042,0
18814,DPP4i,0,2017-04-17,63,0,1,0,0,0,1,0,2022-12-31,study_end,2084,0,2084,0
18815,DPP4i,0,2017-07-02,82,1,1,0,0,1,1,0,2017-09-30,stop,90,0,1735,1
18816,DPP4i,0,2021-12-03,47,1,0,0,0,0,0,1,2022-12-31,study_end,393,0,393,0
18818,DPP4i,0,2020-08-03,48,1,0,0,0,0,1,0,2022-12-31,study_end,880,0,880,0
18819,DPP4i,0,2021-11-12,54,0,1,1,0,0,1,0,2022-12-31,study_end,414,0,414,0
18820,DPP4i,0,2021-12-29,62,0,1,0,0,0,0,0,2022-08-23,stop,237,0,367,0
18823,DPP4i,0,2016-05-31,67,0,1,0,0,0,1,0,2022-12-31,study_end,2405,0,2405,0
18827,DPP4i,0,2018-07-31,76,0,1,0,0,0,1,0,2020-09-02,stop,764,0,1614,0
18828,DPP4i,0,2016-11-15,55,0,1,1,0,1,1,0,2017-02-23,death,100,0,100,0
18830,DPP4i,0,2016-04-25,79,1,1,0,1,0,1,0,2022-12-31,study_end,2441,0,2441,0
18831,DPP4i,0,2019-07-05,81,0,1,0,0,0,1,0,2019-12-02,stop,150,0,1275,0
18834,SGLT2i,1,2021-12-28,46,1,0,0,0,0,0,0,2022-12-31,study_end,368,0,368,0
18839,DPP4i,0,2019-09-30,81,0,1,0,1,0,0,0,2022-12-31,study_end,1188,0,1188,0
18845,DPP4i,0,2017-12-23,48,1,1,0,0,0,1,0,2020-09-26,stop,1008,0,1834,0
18846,DPP4i,0,2021-01-16,83,0,1,0,0,0,1,0,2021-11-27,stop,315,0,714,0
18847,DPP4i,0,2019-03-08,27,1,0,0,0,0,1,0,2019-08-05,stop,150,0,1394,0
18850,DPP4i,0,2021-05-01,64,1,0,0,0,0,1,0,2022-12-31,study_end,609,0,609,0
18853,DPP4i,0,2021-07-06,67,1,1,0,0,0,1,0,2022-12-31,study_end,543,0,543,0
18854,DPP4i,0,2019-09-14,64,0,1,0,0,0,0,0,2021-08-31,switch,717,0,1204,0
18856,DPP4i,0,2020-10-09,68,1,1,0,0,1,1,0,2021-01-07,stop,90,0,813,0
18857,DPP4i,0,2016-09-18,48,0,1,0,0,0,1,0,2021-10-09,stop,1847,0,2295,0
18858,DPP4i,0,2019-02-06,39,0,1,0,0,0,1,0,2022-12-31,study_end,1424,0,1424,0
18860,DPP4i,0,2018-04-23,60,0,0,0,0,0,1,0,2022-12-31,study_end,1713,0,1713,0
18861,SGLT2i,1,2021-09-17,59,0,1,0,0,0,1,0,2022-08-20,switch,337,0,470,0
18863,DPP4i,0,2017-10-08,59,1,0,0,0,0,1,0,2021-11-03,stop,1487,0,1910,0
18865,SGLT2i,1,2019-11-18,62,1,1,0,0,0,1,0,2022-12-31,study_end,1139,0,1139,0
18866,DPP4i,0,2020-09-02,53,0,1,1,0,0,1,1,2022-12-31,study_end,850,0,850,0
18868,DPP4i,0,2021-10-18,54,1,1,1,0,0,1,0,2022-01-16,stop,90,0,439,0
18869,DPP4i,0,2019-06-14,80,0,1,0,0,1,0,1,2022-12-31,study_end,1296,0,1296,0
18870,DPP4i,0,2018-02-03,70,0,0,0,0,0,0,0,2018-10-22,stop,261,0,1792,0
18871,DPP4i,0,2019-10-27,84,1,0,0,0,0,1,0,2020-06-30,stop,247,0,1161,0
18872,DPP4i,0,2019-10-24,56,0,1,0,0,0,1,1,2020-12-28,stop,431,0,1164,0
18873,DPP4i,0,2019-04-28,69,1,0,0,0,0,0,1,2021-03-27,switch,699,0,1343,0
18874,DPP4i,0,2020-01-07,61,0,0,0,0,0,0,0,2022-12-31,study_end,1089,0,1089,0
18875,DPP4i,0,2017-11-29,58,0,1,0,0,0,1,0,2020-05-04,stop,887,0,1858,0
18882,DPP4i,0,2016-02-04,47,1,1,0,0,0,1,0,2017-01-06,stop,337,0,2522,0
18884,SGLT2i,1,2019-02-24,75,0,0,1,1,0,1,0,2019-05-25,stop,90,0,1406,0
18885,DPP4i,0,2020-05-07,57,1,1,0,0,0,1,0,2021-05-07,stop,365,0,968,0
18886,DPP4i,0,2018-01-15,52,1,1,0,0,0,1,0,2022-06-03,stop,1600,0,1811,0
18888,SGLT2i,1,2018-12-03,73,0,1,0,0,0,1,0,2019-08-06,stop,246,0,1489,0
18890,SGLT2i,1,2020-07-31,41,0,0,0,0,0,1,0,2022-12-31,study_end,883,0,883,0
18892,SGLT2i,1,2021-06-18,57,0,0,0,0,0,1,1,2022-12-31,study_end,561,0,561,0
18896,DPP4i,0,2016-06-17,52,1,1,0,0,0,1,0,2020-05-23,stop,1436,0,2388,0
18898,DPP4i,0,2019-11-02,63,0,1,0,0,0,1,0,2022-12-31,study_end,1155,0,1155,0
18902,DPP4i,0,2016-06-15,56,0,0,0,0,0,1,0,2018-11-13,stop,881,0,2390,0
18907,DPP4i,0,2019-02-01,43,0,1,0,0,0,1,0,2022-12-31,study_end,1429,0,1429,0
18908,DPP4i,0,2016-04-07,67,0,1,1,0,0,1,0,2017-10-11,switch,552,0,2459,0
18912,SGLT2i,1,2021-08-05,40,1,0,0,0,0,1,0,2022-12-31,study_end,513,0,513,0
18914,DPP4i,0,2016-11-03,58,0,0,0,0,0,0,0,2022-07-05,stop,2070,0,2249,0
18916,DPP4i,0,2021-09-10,67,0,1,0,0,0,1,0,2022-12-31,study_end,477,0,477,0
18917,DPP4i,0,2019-10-19,69,0,1,0,0,0,1,0,2020-03-26,stop,159,0,1169,0
18924,SGLT2i,1,2018-12-29,49,1,1,0,0,0,1,0,2022-12-31,study_end,1463,0,1463,0
18925,SGLT2i,1,2017-10-20,65,0,0,0,0,0,1,0,2019-07-09,stop,627,0,1898,0
18928,DPP4i,0,2018-02-02,60,0,1,0,0,0,1,0,2022-12-31,study_end,1793,0,1793,0
18930,DPP4i,0,2020-02-26,86,1,1,0,0,0,1,0,2022-12-31,study_end,1039,0,1039,0
18932,DPP4i,0,2017-01-14,60,1,0,1,0,0,0,0,2021-02-11,stop,1489,0,2177,0
18933,DPP4i,0,2017-02-12,46,0,1,0,0,0,0,0,2019-11-04,stop,995,0,2148,0
18934,SGLT2i,1,2018-05-25,61,1,1,0,0,0,0,0,2019-11-24,stop,548,0,1681,0
18936,DPP4i,0,2019-06-05,53,1,0,0,0,0,1,0,2019-10-03,stop,120,0,1305,0
18939,DPP4i,0,2019-06-27,67,1,0,0,0,0,1,0,2020-02-21,hhf,239,1,239,1
18940,DPP4i,0,2020-04-01,34,1,0,0,0,0,0,0,2021-05-11,switch,405,0,1004,0
18941,DPP4i,0,2018-04-06,54,0,0,0,0,0,1,0,2019-02-02,switch,302,0,1730,0
18942,DPP4i,0,2017-06-23,58,1,1,0,0,0,0,0,2022-12-31,study_end,2017,0,2017,0
18943,DPP4i,0,2021-07-30,69,0,1,0,0,0,1,0,2022-12-31,study_end,519,0,519,0
18945,SGLT2i,1,2021-01-01,72,0,1,0,0,0,0,0,2021-08-31,stop,242,0,729,0
18946,SGLT2i,1,2016-11-02,54,1,1,0,0,0,1,0,2018-02-09,hhf,464,1,464,1
18947,DPP4i,0,2016-02-23,59,0,1,0,0,0,1,0,2019-01-28,stop,1070,0,2503,0
18948,DPP4i,0,2021-10-07,57,0,0,0,0,0,1,1,2022-12-31,study_end,450,0,450,0
18949,DPP4i,0,2016-09-28,61,0,1,0,0,1,1,0,2017-01-26,stop,120,0,2285,0
18951,SGLT2i,1,2018-08-03,33,1,0,0,0,0,1,0,2022-05-22,stop,1388,0,1611,0
18952,DPP4i,0,2016-02-06,27,0,0,0,0,0,1,1,2020-02-05,stop,1460,0,2520,0
18953,DPP4i,0,2020-02-15,64,1,1,0,0,0,1,0,2022-12-31,study_end,1050,0,1050,0
18958,SGLT2i,1,2018-11-15,57,0,1,0,0,0,1,0,2019-02-16,hhf,93,1,93,1
18959,DPP4i,0,2016-05-12,58,0,1,0,0,0,1,0,2016-09-09,stop,120,0,2424,0
18966,DPP4i,0,2017-04-04,63,1,1,0,0,0,1,0,2020-10-30,stop,1305,0,2097,0
18967,DPP4i,0,2016-05-26,74,0,0,0,0,0,1,0,2019-05-19,stop,1088,0,2410,0
18969,SGLT2i,1,2019-05-24,46,0,1,0,0,0,1,0,2020-01-07,stop,228,0,1317,0
18970,DPP4i,0,2017-01-04,61,1,1,0,0,0,1,1,2017-06-03,stop,150,0,2187,0
18971,DPP4i,0,2021-10-02,54,0,0,0,0,0,1,0,2022-12-31,study_end,455,0,455,0
18972,DPP4i,0,2016-03-02,76,0,1,0,0,0,1,1,2019-08-29,stop,1275,0,2495,0
18973,DPP4i,0,2016-12-03,58,0,0,1,0,0,1,0,2022-12-31,study_end,2219,0,2219,0
18980,DPP4i,0,2019-04-27,40,0,0,0,0,0,1,0,2022-04-13,stop,1082,0,1344,0
18981,DPP4i,0,2020-08-23,79,1,1,0,0,0,1,0,2022-09-20,stop,758,0,860,0
18983,DPP4i,0,2016-06-06,74,1,1,0,0,1,0,0,2016-10-04,stop,120,0,303,1
18990,DPP4i,0,2016-09-05,77,1,1,0,0,0,0,0,2022-12-31,study_end,2308,0,2308,0
18991,SGLT2i,1,2019-01-19,46,1,1,0,0,0,1,0,2021-02-24,stop,767,0,1442,0
18992,SGLT2i,1,2021-10-17,54,0,0,0,0,0,1,0,2022-12-31,study_end,440,0,440,0
18994,DPP4i,0,2018-03-29,77,1,1,0,0,0,1,0,2018-07-27,stop,120,0,1738,0
18995,DPP4i,0,2017-07-28,51,1,1,0,0,0,1,0,2019-08-11,switch,744,0,1982,0
18996,DPP4i,0,2019-11-20,59,0,1,0,0,0,1,0,2022-12-31,study_end,1137,0,1137,0
18997,DPP4i,0,2019-03-08,44,1,0,0,0,0,1,0,2019-07-06,stop,120,0,1394,0
18998,DPP4i,0,2017-08-28,61,0,0,0,0,0,1,0,2019-04-08,switch,588,0,1951,0
19000,DPP4i,0,2021-10-26,59,0,1,0,0,0,1,0,2022-03-25,stop,150,0,431,0
19001,DPP4i,0,2021-09-24,67,0,0,0,0,0,1,0,2022-08-28,stop,338,0,463,0
19003,DPP4i,0,2018-05-27,33,0,1,0,0,0,1,0,2018-09-24,stop,120,0,1679,0
19008,DPP4i,0,2021-08-27,63,0,1,0,0,0,1,0,2022-12-31,study_end,491,0,491,0
19012,SGLT2i,1,2019-05-16,64,0,1,0,0,0,1,0,2020-04-21,stop,341,0,1325,0
19013,DPP4i,0,2020-01-12,62,0,1,0,0,0,1,0,2021-08-07,switch,573,0,1084,0
19014,DPP4i,0,2017-02-12,63,1,0,0,0,0,1,0,2022-12-31,study_end,2148,0,2148,0
19016,DPP4i,0,2016-09-18,60,0,0,0,0,0,1,0,2021-01-28,stop,1593,0,2295,0
19018,DPP4i,0,2019-01-18,58,1,1,0,0,0,1,0,2022-12-31,study_end,1443,0,1443,0
19019,SGLT2i,1,2018-11-28,67,0,1,1,0,0,1,0,2022-11-03,stop,1436,0,1494,0
19020,DPP4i,0,2020-05-03,58,0,1,0,0,0,1,1,2022-12-31,study_end,972,0,972,0
19021,DPP4i,0,2021-04-20,54,0,0,0,0,0,0,0,2021-11-07,switch,201,0,620,0
19026,DPP4i,0,2018-12-13,62,0,0,0,0,1,1,0,2019-10-18,stop,309,0,1479,0
19027,DPP4i,0,2018-02-25,94,0,1,1,0,1,1,0,2020-02-03,stop,708,0,888,0
19028,DPP4i,0,2019-03-21,52,1,1,0,0,0,1,0,2020-11-13,switch,603,0,1381,0
19030,DPP4i,0,2019-08-17,63,0,1,0,0,0,1,0,2020-04-14,stop,241,0,1232,0
19031,DPP4i,0,2021-10-05,55,0,1,0,0,0,1,0,2022-12-31,study_end,452,0,452,0
19032,DPP4i,0,2016-01-13,44,0,1,0,0,0,1,0,2022-01-11,stop,2190,0,2544,0
19034,DPP4i,0,2019-11-21,62,0,0,0,0,0,1,0,2021-02-15,switch,452,0,1136,0
19035,DPP4i,0,2021-07-14,76,1,1,0,0,0,1,0,2022-12-31,study_end,535,0,535,0
19037,DPP4i,0,2017-06-26,67,0,1,0,0,0,1,0,2017-07-14,switch,18,0,2014,0
19039,DPP4i,0,2019-07-06,74,0,1,0,0,0,1,0,2022-12-31,study_end,1274,0,1274,0
19040,DPP4i,0,2019-12-03,46,0,0,0,0,0,1,0,2022-12-31,study_end,1124,0,1124,0
19042,DPP4i,0,2018-07-12,80,1,1,0,1,1,0,0,2018-12-09,stop,150,0,1633,0
19044,SGLT2i,1,2018-07-24,55,1,1,0,1,0,1,0,2022-12-31,study_end,1621,0,1621,0
19045,DPP4i,0,2020-09-30,69,0,1,0,1,0,1,0,2022-12-31,study_end,822,0,822,0
19046,DPP4i,0,2017-05-01,45,0,1,0,0,0,1,0,2020-02-17,stop,1022,0,2070,0
19047,DPP4i,0,2019-03-29,55,0,1,0,0,0,0,0,2020-04-02,stop,370,0,1373,0
19051,DPP4i,0,2017-08-18,75,0,1,1,0,0,1,0,2018-07-26,stop,342,0,550,1
19052,DPP4i,0,2019-05-21,65,0,1,0,0,0,1,0,2022-12-31,study_end,1320,0,1320,0
19056,SGLT2i,1,2018-03-14,50,0,0,1,0,0,1,0,2021-05-20,stop,1163,0,1753,0
19058,DPP4i,0,2020-08-06,54,1,1,0,0,0,0,0,2020-11-04,stop,90,0,877,0
19059,DPP4i,0,2018-08-07,42,0,1,0,0,0,0,0,2020-11-14,stop,830,0,1607,0
19060,DPP4i,0,2019-05-14,63,0,1,0,0,0,0,1,2022-12-31,study_end,1327,0,1327,0
19061,DPP4i,0,2016-03-13,41,0,0,0,0,0,1,0,2016-08-23,stop,163,0,2484,0
19062,DPP4i,0,2017-05-16,67,0,1,0,0,0,1,0,2019-10-23,switch,890,0,2055,0
19064,DPP4i,0,2021-10-24,67,1,1,0,0,0,1,0,2022-12-31,study_end,433,0,433,0
19065,DPP4i,0,2016-05-03,54,0,1,0,0,0,1,0,2019-04-18,stop,1080,0,1670,0
19066,DPP4i,0,2020-07-29,63,0,1,0,0,0,1,0,2022-03-17,stop,596,0,885,0
19067,SGLT2i,1,2020-08-21,35,1,0,0,0,0,1,0,2021-01-18,stop,150,0,862,0
19069,DPP4i,0,2019-07-18,65,1,1,0,0,0,1,0,2019-10-16,stop,90,0,1262,0
19071,DPP4i,0,2018-07-05,80,1,1,0,0,0,1,0,2019-07-21,stop,381,0,393,0
19073,DPP4i,0,2021-05-22,63,1,1,0,0,0,1,0,2022-12-31,study_end,588,0,588,0
19074,DPP4i,0,2017-07-28,56,0,1,0,0,0,1,0,2018-05-29,stop,305,0,1982,0
19077,DPP4i,0,2018-12-30,64,1,1,0,0,0,1,0,2021-01-14,stop,746,0,1462,0
19078,SGLT2i,1,2021-05-08,58,1,1,0,0,0,0,0,2022-07-25,stop,443,0,602,0
19081,DPP4i,0,2020-08-21,60,1,1,0,0,0,1,0,2022-12-07,death,838,0,838,0
19084,DPP4i,0,2018-12-04,73,1,1,0,0,0,0,0,2020-05-11,stop,524,0,1488,0
19085,DPP4i,0,2020-04-20,62,1,1,0,0,1,1,0,2020-09-17,stop,150,0,985,0
19086,DPP4i,0,2016-12-13,59,1,1,1,0,0,0,1,2020-06-13,stop,1278,0,2209,0
19087,SGLT2i,1,2019-08-30,81,0,1,0,0,0,1,0,2022-12-31,study_end,1219,0,1219,0
19089,SGLT2i,1,2020-12-30,54,0,1,0,0,0,1,0,2022-01-13,switch,379,0,731,0
19090,DPP4i,0,2018-11-11,59,0,1,0,0,0,1,0,2022-12-31,study_end,1511,0,1511,0
19091,DPP4i,0,2021-05-15,56,0,0,0,0,0,0,0,2022-12-31,study_end,595,0,595,0
19092,DPP4i,0,2017-09-25,66,0,1,1,0,0,1,0,2021-08-02,hhf,1407,1,1407,1
19093,DPP4i,0,2021-09-01,52,1,0,1,0,0,1,0,2022-03-09,stop,189,0,486,0
19094,DPP4i,0,2016-11-18,62,1,1,0,0,0,1,0,2022-12-31,study_end,2234,0,2234,0
19097,DPP4i,0,2018-09-06,68,1,1,0,0,0,1,0,2022-12-08,stop,1554,0,1577,0
19098,DPP4i,0,2021-07-16,68,0,1,0,0,0,1,1,2022-12-31,study_end,533,0,533,0
19099,SGLT2i,1,2020-08-31,52,0,0,0,0,0,1,0,2021-03-01,stop,182,0,852,0
19102,DPP4i,0,2020-07-19,51,0,0,0,0,0,0,0,2021-10-03,stop,441,0,895,0
19103,DPP4i,0,2021-01-23,74,1,0,0,0,0,1,1,2021-04-23,stop,90,0,707,0
19108,SGLT2i,1,2017-06-29,70,0,1,0,0,0,1,0,2019-03-08,stop,617,0,2011,0
19109,DPP4i,0,2019-12-04,83,1,1,0,0,0,0,0,2022-02-13,death,802,0,802,0
19110,DPP4i,0,2018-09-04,59,0,1,0,0,0,1,1,2022-12-31,study_end,1579,0,1579,0
19111,SGLT2i,1,2021-09-19,66,1,1,0,0,1,1,0,2022-04-28,stop,221,0,468,0
19113,DPP4i,0,2019-01-08,62,0,0,0,1,0,1,0,2021-04-28,death,841,0,841,0
19114,DPP4i,0,2020-01-27,55,1,1,0,0,0,1,0,2022-12-31,study_end,1069,0,1069,0
19116,DPP4i,0,2018-01-20,70,1,1,0,1,0,1,0,2020-08-25,stop,948,0,1806,0
19117,SGLT2i,1,2019-06-26,58,0,1,0,0,0,1,0,2022-12-31,study_end,1284,0,1284,0
19121,DPP4i,0,2018-06-06,69,0,1,0,0,0,1,0,2022-03-06,stop,1369,0,1669,0
19124,DPP4i,0,2017-02-24,63,1,0,0,0,0,1,0,2018-10-28,stop,611,0,2136,0
19125,SGLT2i,1,2021-03-12,47,0,0,0,0,0,1,0,2021-08-19,stop,160,0,659,0
19126,SGLT2i,1,2019-11-20,68,1,1,0,0,0,1,0,2022-12-24,stop,1130,0,1137,0
19127,DPP4i,0,2016-10-22,56,1,1,0,0,0,0,0,2017-09-26,stop,339,0,2261,0
19128,SGLT2i,1,2018-12-14,57,0,0,1,0,0,1,0,2021-06-08,stop,907,0,1478,0
19129,DPP4i,0,2021-11-20,47,0,1,0,0,0,1,0,2022-12-31,study_end,406,0,406,0
19130,SGLT2i,1,2019-03-15,56,0,1,1,0,0,1,1,2020-04-24,stop,406,0,1387,0
19131,DPP4i,0,2016-06-23,63,0,0,1,0,0,1,0,2022-01-19,stop,2036,0,2382,0
19132,DPP4i,0,2016-12-07,74,0,1,0,1,0,1,0,2017-07-18,stop,223,0,2215,0
19133,SGLT2i,1,2021-08-12,56,1,1,0,0,0,1,0,2021-11-10,stop,90,0,506,0
19134,DPP4i,0,2018-03-13,47,1,1,0,0,0,1,0,2018-06-11,stop,90,0,1754,0
19135,DPP4i,0,2021-12-06,59,1,1,0,1,0,1,0,2022-03-06,stop,90,0,390,0
19136,DPP4i,0,2018-06-29,36,1,1,0,0,0,1,1,2019-08-12,stop,409,0,1646,0
19139,DPP4i,0,2016-04-09,69,0,1,0,0,0,1,0,2021-04-18,death,1835,0,1835,0
19141,DPP4i,0,2017-09-21,54,0,1,0,0,0,1,0,2021-04-11,stop,1298,0,1927,0
19142,DPP4i,0,2021-07-19,73,0,0,0,0,0,1,1,2022-01-15,stop,180,0,530,0
19143,SGLT2i,1,2018-01-29,60,0,1,0,0,0,1,0,2022-12-31,study_end,1797,0,1797,0
19144,DPP4i,0,2020-05-29,69,0,1,0,0,0,1,0,2022-12-31,study_end,946,0,946,0
19145,DPP4i,0,2020-03-24,64,0,0,0,0,0,1,0,2022-12-31,study_end,1012,0,1012,0
19148,DPP4i,0,2020-03-22,67,0,0,0,1,0,1,0,2022-12-31,study_end,1014,0,1014,0
19150,DPP4i,0,2017-11-21,68,1,0,0,0,0,0,1,2022-06-12,stop,1664,0,1866,0
19151,DPP4i,0,2018-11-07,37,1,0,0,0,0,1,0,2020-10-22,stop,715,0,1515,0
19152,DPP4i,0,2020-06-13,61,0,1,0,0,0,1,0,2022-12-31,study_end,931,0,931,0
19155,DPP4i,0,2018-04-18,42,1,0,0,0,0,0,0,2021-03-11,stop,1058,0,1718,0
19156,SGLT2i,1,2020-08-30,40,1,0,0,0,0,1,0,2021-01-27,stop,150,0,853,0
19157,DPP4i,0,2021-12-14,56,1,1,0,0,0,0,0,2022-12-31,study_end,382,0,382,0
19160,DPP4i,0,2018-02-27,70,1,1,0,0,0,1,0,2022-12-31,study_end,1768,0,1768,0
19161,DPP4i,0,2019-05-08,79,0,0,0,0,0,1,0,2021-10-27,death,903,0,903,0
19163,SGLT2i,1,2020-09-30,55,0,0,0,0,0,1,0,2022-12-31,study_end,822,0,822,0
19165,DPP4i,0,2020-09-23,79,0,0,0,0,1,0,0,2022-04-19,stop,573,0,829,0
19166,DPP4i,0,2016-02-26,59,1,0,1,0,0,1,0,2016-05-06,switch,70,0,2500,0
19169,SGLT2i,1,2020-03-23,57,1,1,0,0,0,1,0,2022-06-17,stop,816,0,1013,0
19170,DPP4i,0,2020-03-18,58,0,1,0,0,0,1,0,2020-06-16,stop,90,0,1018,0
19172,DPP4i,0,2019-11-08,59,1,1,0,0,0,1,0,2021-03-21,stop,499,0,1149,0
19174,DPP4i,0,2021-09-10,58,1,1,0,0,0,1,0,2022-12-31,study_end,477,0,477,0
19175,DPP4i,0,2016-01-19,63,0,1,0,0,0,1,0,2017-05-26,stop,493,0,2538,0
19177,DPP4i,0,2017-09-25,60,0,1,0,0,0,1,0,2022-11-10,stop,1872,0,1923,0
19180,DPP4i,0,2016-03-02,60,1,1,0,0,0,1,0,2022-12-31,study_end,2495,0,2495,0
19181,DPP4i,0,2018-07-26,60,0,1,0,0,0,1,0,2022-12-31,study_end,1619,0,1619,0
19182,SGLT2i,1,2021-02-17,46,0,1,0,0,0,1,0,2022-12-31,study_end,682,0,682,0
19183,DPP4i,0,2018-11-17,54,0,1,0,0,0,1,0,2020-03-12,switch,481,0,1505,0
19185,DPP4i,0,2020-09-07,46,1,0,0,0,0,1,0,2022-12-31,study_end,845,0,845,0
19190,DPP4i,0,2019-12-21,55,0,1,0,0,0,0,0,2022-12-31,study_end,1106,0,1106,0
19192,SGLT2i,1,2021-10-25,67,1,1,0,0,0,1,0,2022-12-31,study_end,432,0,432,0
19193,SGLT2i,1,2020-06-27,61,1,1,0,0,0,1,0,2020-10-25,stop,120,0,917,0
19195,DPP4i,0,2021-08-10,52,1,0,0,0,0,0,0,2021-11-08,stop,90,0,508,0
19196,DPP4i,0,2021-10-14,52,0,0,0,0,0,1,0,2022-12-31,study_end,443,0,443,0
19198,DPP4i,0,2017-01-17,50,0,0,0,0,0,1,0,2017-06-16,stop,150,0,2174,0
19200,DPP4i,0,2017-10-17,48,1,0,0,0,0,1,0,2018-07-02,stop,258,0,1901,0
19202,DPP4i,0,2019-02-18,57,1,0,0,0,0,1,0,2021-11-24,stop,1010,0,1412,0
19205,DPP4i,0,2017-12-07,61,0,0,0,0,0,1,0,2021-10-09,switch,1402,0,1850,0
19206,DPP4i,0,2017-09-13,67,1,1,0,0,0,1,1,2019-08-12,stop,698,0,1935,0
19208,DPP4i,0,2017-05-28,46,0,1,0,0,0,1,0,2022-12-31,study_end,2043,0,2043,0
19210,SGLT2i,1,2020-04-22,71,0,1,0,1,0,1,0,2022-12-31,study_end,983,0,983,0
19212,DPP4i,0,2021-10-31,73,1,0,0,0,0,1,0,2022-12-31,study_end,426,0,426,0
19214,DPP4i,0,2016-10-24,66,1,1,0,0,0,1,0,2017-01-22,stop,90,0,2259,0
19217,DPP4i,0,2020-01-09,42,0,0,0,0,0,1,0,2020-09-08,stop,243,0,1087,0
19218,DPP4i,0,2018-05-22,53,1,1,0,1,0,1,0,2020-01-24,stop,612,0,1684,0
19222,SGLT2i,1,2021-06-08,46,1,0,0,0,0,1,0,2022-12-31,study_end,571,0,571,0
19224,DPP4i,0,2019-11-13,40,0,1,0,0,0,0,0,2022-02-10,stop,820,0,1144,0
19225,DPP4i,0,2021-12-31,79,0,1,0,0,0,1,0,2022-12-31,study_end,365,0,365,0
19226,SGLT2i,1,2021-04-17,47,1,0,0,0,0,1,0,2021-10-14,stop,180,0,623,0
19227,DPP4i,0,2017-01-08,30,0,0,0,0,0,1,0,2019-05-23,switch,865,0,2183,0
19229,DPP4i,0,2019-04-22,83,0,1,0,0,0,1,0,2022-12-31,study_end,1349,0,1349,0
19231,DPP4i,0,2017-10-21,66,1,1,1,0,0,1,0,2018-03-20,stop,150,0,1897,0
19232,DPP4i,0,2020-10-17,60,1,1,0,0,0,0,0,2021-12-31,stop,440,0,805,0
19235,SGLT2i,1,2016-07-08,62,0,0,0,0,0,1,0,2019-10-28,stop,1207,0,2367,0
19239,DPP4i,0,2019-03-16,66,1,1,0,0,0,1,0,2019-06-14,stop,90,0,1386,0
19242,SGLT2i,1,2018-05-07,56,1,1,1,0,0,1,0,2022-01-04,stop,1338,0,1699,0
19245,DPP4i,0,2017-09-24,46,0,0,0,0,0,1,0,2022-12-31,study_end,1924,0,1924,0
19248,DPP4i,0,2016-10-07,59,1,1,0,0,0,1,0,2020-12-27,stop,1542,0,2276,0
19249,DPP4i,0,2016-01-16,42,0,1,1,0,0,1,0,2017-01-28,stop,378,0,2541,0
19250,DPP4i,0,2020-05-09,50,0,1,1,0,0,1,0,2020-11-05,switch,180,0,966,0
19253,DPP4i,0,2021-10-04,83,0,1,0,0,0,1,0,2022-01-29,hhf,117,1,117,1
19255,DPP4i,0,2018-10-14,47,1,1,0,0,0,1,0,2021-03-17,stop,885,0,1539,0
19256,DPP4i,0,2016-10-22,86,0,1,0,0,0,1,0,2019-04-01,stop,891,0,2261,0
19257,SGLT2i,1,2021-04-12,47,0,1,0,0,0,1,0,2022-12-31,study_end,628,0,628,0
19258,SGLT2i,1,2018-05-22,37,0,1,0,0,0,1,0,2020-02-20,stop,639,0,1684,0
19260,SGLT2i,1,2020-11-20,54,1,0,0,0,0,1,0,2022-07-24,stop,611,0,771,0
19261,DPP4i,0,2021-08-25,73,0,1,0,0,0,0,0,2022-12-31,study_end,493,0,493,0
19262,DPP4i,0,2021-12-17,68,1,0,0,0,0,0,0,2022-12-31,study_end,379,0,379,0
19263,SGLT2i,1,2020-03-05,55,0,1,0,0,0,1,0,2022-08-24,stop,902,0,1031,0
19264,SGLT2i,1,2018-05-27,60,1,1,0,0,0,1,0,2021-01-06,stop,955,0,1679,0
19265,DPP4i,0,2018-12-08,69,0,0,1,0,0,1,0,2019-06-04,switch,178,0,1484,0
19266,DPP4i,0,2017-10-16,41,1,1,0,0,0,1,0,2018-06-18,stop,245,0,1902,0
19267,SGLT2i,1,2020-01-23,74,1,1,0,0,0,1,0,2022-12-31,study_end,1073,0,1073,0
19268,DPP4i,0,2018-04-01,43,0,0,0,0,0,1,0,2022-04-15,hhf,1475,1,1475,1
19269,SGLT2i,1,2020-09-17,45,0,0,0,0,0,0,0,2021-08-20,stop,337,0,835,0
19270,DPP4i,0,2018-09-15,39,1,0,0,0,0,1,0,2022-12-31,study_end,1568,0,1568,0
19271,DPP4i,0,2021-03-31,42,1,1,0,0,0,1,0,2022-12-31,study_end,640,0,640,0
19272,DPP4i,0,2018-09-02,46,0,1,0,0,0,1,0,2020-02-04,stop,520,0,1581,0
19273,DPP4i,0,2021-02-17,58,1,1,0,0,0,1,1,2022-12-31,study_end,682,0,682,0
19275,DPP4i,0,2018-12-06,65,1,0,0,0,0,1,0,2022-12-31,study_end,1486,0,1486,0
19276,SGLT2i,1,2021-06-29,56,1,0,0,0,0,1,0,2022-12-31,study_end,550,0,550,0
19277,DPP4i,0,2018-07-01,61,0,1,0,0,0,1,0,2019-12-06,stop,523,0,1644,0
19279,DPP4i,0,2018-07-27,79,0,1,0,0,0,1,0,2022-05-07,death,1380,0,1380,0
19280,SGLT2i,1,2021-03-06,49,0,1,0,0,0,1,0,2021-07-04,stop,120,0,665,0
19281,DPP4i,0,2021-04-15,43,0,1,0,0,0,1,0,2022-12-31,study_end,625,0,625,0
19286,DPP4i,0,2020-09-08,67,0,0,1,0,0,1,0,2021-01-08,stop,122,0,844,0
19287,DPP4i,0,2017-06-16,72,0,1,0,0,0,1,0,2021-06-19,stop,1464,0,2024,0
19289,DPP4i,0,2016-07-27,89,0,1,0,0,0,1,0,2017-03-25,stop,241,0,2348,0
19292,DPP4i,0,2017-04-19,52,0,1,0,0,0,1,0,2018-12-23,stop,613,0,2082,0
19293,DPP4i,0,2019-04-17,57,0,0,0,1,0,0,0,2022-12-31,study_end,1354,0,1354,0
19295,DPP4i,0,2019-05-09,47,0,0,0,0,0,0,0,2020-12-22,stop,593,0,1332,0
19296,SGLT2i,1,2021-04-28,38,0,0,0,0,0,1,0,2022-12-31,study_end,612,0,612,0
19297,DPP4i,0,2020-06-06,64,0,1,0,1,0,1,0,2022-12-31,study_end,938,0,938,0
19298,SGLT2i,1,2020-06-17,53,0,1,0,0,0,1,0,2022-12-31,study_end,927,0,927,0
19300,DPP4i,0,2019-09-26,56,0,1,0,0,0,1,0,2022-06-24,stop,1002,0,1192,0
19301,SGLT2i,1,2021-11-27,76,0,0,0,0,0,1,0,2022-12-31,study_end,399,0,399,0
19304,DPP4i,0,2019-06-04,67,0,0,0,0,0,0,1,2020-12-25,stop,570,0,1306,0
19305,DPP4i,0,2021-03-20,63,0,0,0,0,1,1,0,2022-12-31,study_end,651,0,651,0
19306,DPP4i,0,2016-12-08,79,0,1,0,1,0,1,0,2022-12-31,study_end,2214,0,2214,0
19309,DPP4i,0,2021-05-27,60,0,0,0,0,0,1,0,2021-06-07,switch,11,0,583,0
19311,DPP4i,0,2018-11-25,63,1,1,0,0,0,0,0,2019-02-23,stop,90,0,1497,0
19312,DPP4i,0,2020-02-25,75,1,0,0,0,0,0,0,2020-06-24,stop,120,0,1040,0
19314,SGLT2i,1,2020-09-19,52,0,0,1,0,0,1,0,2022-12-31,study_end,833,0,833,0
19317,DPP4i,0,2021-05-13,48,1,0,0,0,0,1,0,2022-11-07,stop,543,0,597,0
19319,DPP4i,0,2017-05-01,73,1,1,0,0,0,1,0,2019-12-18,stop,961,0,2070,0
19320,DPP4i,0,2016-07-23,49,0,1,0,0,0,1,0,2017-07-18,stop,360,0,2352,0
19323,SGLT2i,1,2018-09-29,69,1,0,0,0,0,1,0,2021-01-10,stop,834,0,1554,0
19324,DPP4i,0,2017-03-02,58,1,0,1,0,0,1,0,2019-02-01,switch,701,0,2130,0
19325,DPP4i,0,2018-02-22,51,0,0,0,0,0,1,0,2019-07-20,stop,513,0,1773,0
19326,DPP4i,0,2016-01-02,58,1,0,1,0,1,1,0,2017-03-06,stop,429,0,2555,0
19327,DPP4i,0,2020-06-13,77,0,1,0,0,0,1,0,2022-12-31,study_end,931,0,931,0
19328,DPP4i,0,2016-03-06,56,0,1,0,0,0,1,0,2022-12-31,study_end,2491,0,2491,0
19331,DPP4i,0,2016-12-01,57,1,0,0,0,0,0,0,2018-02-08,stop,434,0,2221,0
19335,DPP4i,0,2018-01-10,59,0,1,0,0,0,1,0,2020-10-19,stop,1013,0,1816,0
19337,DPP4i,0,2017-12-25,68,0,1,0,0,0,1,0,2019-07-28,stop,580,0,1832,0
19338,DPP4i,0,2017-10-20,70,0,1,0,0,0,0,0,2022-12-31,study_end,1898,0,1898,0
19340,DPP4i,0,2016-05-05,67,0,0,0,0,0,1,0,2017-12-29,stop,603,0,2431,0
19341,DPP4i,0,2019-09-07,72,1,0,1,0,0,1,0,2022-12-31,study_end,1211,0,1211,0
19344,SGLT2i,1,2017-07-07,46,1,0,0,0,0,1,0,2017-12-04,stop,150,0,2003,0
19348,DPP4i,0,2019-07-05,56,1,0,0,0,0,0,0,2022-03-27,stop,996,0,1275,0
19349,DPP4i,0,2019-03-25,52,0,1,0,0,0,1,0,2022-07-26,switch,1219,0,1377,0
19356,DPP4i,0,2019-06-12,92,1,0,0,0,0,1,0,2022-12-31,study_end,1298,0,1298,0
19357,DPP4i,0,2019-04-09,63,0,1,0,0,0,1,1,2019-08-07,stop,120,0,1362,0
19358,DPP4i,0,2018-05-30,88,1,1,1,0,0,1,0,2018-11-27,switch,181,0,1676,0
19364,DPP4i,0,2017-02-07,60,0,1,0,0,0,1,0,2022-12-31,study_end,2153,0,2153,0
19368,DPP4i,0,2016-12-22,47,0,0,0,0,0,1,0,2018-12-17,stop,725,0,2200,0
19369,SGLT2i,1,2020-03-08,49,0,1,0,0,0,1,0,2021-06-22,death,471,0,471,0
19370,DPP4i,0,2021-07-24,87,0,0,0,0,0,1,0,2022-01-27,stop,187,0,525,0
19371,DPP4i,0,2019-12-29,71,0,1,0,0,1,1,0,2022-12-31,study_end,1098,0,1098,0
19373,SGLT2i,1,2019-01-21,58,1,1,0,0,0,1,0,2020-10-03,stop,621,0,1440,0
19375,DPP4i,0,2020-01-06,74,1,1,1,0,0,1,1,2020-11-29,stop,328,0,1090,0
19377,DPP4i,0,2017-07-11,63,1,1,0,0,0,1,0,2019-06-26,stop,715,0,1999,0
19379,DPP4i,0,2021-12-02,82,0,1,0,0,0,1,0,2022-12-31,study_end,394,0,394,0
19381,DPP4i,0,2020-07-17,50,1,0,0,0,0,1,0,2020-11-14,stop,120,0,897,0
19384,DPP4i,0,2017-03-13,57,0,1,0,0,0,1,0,2018-05-26,switch,439,0,2119,0
19386,DPP4i,0,2017-02-11,56,1,0,0,0,0,0,0,2018-10-29,stop,625,0,2149,0
19393,DPP4i,0,2016-03-24,52,1,0,0,0,0,1,0,2019-06-08,stop,1171,0,2473,0
19394,DPP4i,0,2021-02-26,69,1,1,0,0,0,1,0,2022-12-31,study_end,673,0,673,0
19396,SGLT2i,1,2020-12-16,67,1,1,0,0,0,1,0,2022-12-31,study_end,745,0,745,0
19397,DPP4i,0,2020-07-14,70,1,1,0,1,0,1,1,2020-12-10,death,149,0,149,0
19399,DPP4i,0,2020-07-19,62,1,1,0,0,0,0,0,2022-12-31,study_end,895,0,895,0
19400,DPP4i,0,2017-05-16,64,0,0,0,0,0,1,0,2019-05-02,switch,716,0,1099,0
19401,DPP4i,0,2021-10-28,65,1,1,0,1,0,1,0,2022-12-31,study_end,429,0,429,0
19402,SGLT2i,1,2017-03-26,53,1,0,0,0,0,0,0,2020-12-08,stop,1353,0,2106,0
19404,DPP4i,0,2017-08-31,64,1,0,0,0,1,1,0,2022-12-31,study_end,1948,0,1948,0
19406,DPP4i,0,2018-06-26,57,0,1,0,0,0,1,1,2019-05-16,switch,324,0,1649,0
19409,DPP4i,0,2019-12-16,48,1,1,0,0,0,1,0,2022-12-31,study_end,1111,0,1111,0
19411,DPP4i,0,2018-08-07,63,0,1,0,0,0,0,0,2018-11-05,stop,90,0,1607,0
19413,DPP4i,0,2020-05-26,66,0,0,0,0,0,1,0,2022-12-31,study_end,949,0,949,0
19416,DPP4i,0,2017-02-08,53,1,1,0,0,0,1,0,2022-12-31,study_end,2152,0,2152,0
19417,SGLT2i,1,2021-10-19,64,0,1,0,0,0,0,0,2022-03-18,stop,150,0,438,0
19418,DPP4i,0,2019-02-25,63,1,0,0,0,0,1,0,2021-03-18,stop,752,0,1405,0
19420,DPP4i,0,2018-06-04,46,1,0,0,0,0,1,0,2021-03-02,stop,1002,0,1671,0
19423,SGLT2i,1,2019-04-26,42,0,0,0,0,0,1,0,2022-12-31,study_end,1345,0,1345,0
19425,DPP4i,0,2020-10-18,76,1,0,1,0,0,0,0,2022-12-31,study_end,804,0,804,0
19426,DPP4i,0,2018-09-06,66,0,1,0,0,0,0,0,2022-01-25,stop,1237,0,1577,0
19428,DPP4i,0,2016-01-20,54,0,0,0,0,0,1,0,2022-12-31,study_end,2537,0,2537,0
19429,DPP4i,0,2016-05-23,68,1,0,0,0,0,1,0,2018-03-01,stop,647,0,2413,0
19430,DPP4i,0,2017-09-06,55,0,1,0,0,0,1,0,2020-05-26,stop,993,0,1942,0
19431,DPP4i,0,2019-11-25,72,0,0,0,0,0,1,0,2022-12-31,study_end,1132,0,1132,0
19432,DPP4i,0,2020-05-21,76,0,0,0,0,0,1,0,2022-12-31,study_end,954,0,954,0
19437,DPP4i,0,2018-10-10,57,1,0,0,0,0,1,0,2019-12-09,stop,425,0,1543,0
19438,DPP4i,0,2019-02-21,43,0,1,0,0,0,1,0,2021-04-25,stop,794,0,1409,0
19440,SGLT2i,1,2021-01-16,67,0,0,0,0,0,1,0,2022-12-31,study_end,714,0,714,0
19441,DPP4i,0,2018-07-22,79,0,0,0,0,0,1,0,2020-03-28,stop,615,0,1623,0
19442,DPP4i,0,2020-09-29,63,1,0,0,0,0,0,0,2022-12-31,study_end,823,0,823,0
19443,DPP4i,0,2020-12-11,51,0,1,0,0,0,1,0,2022-12-31,study_end,750,0,750,0
19444,DPP4i,0,2020-02-18,67,1,1,0,0,0,1,0,2021-05-15,switch,452,0,1047,0
19445,DPP4i,0,2018-09-24,58,0,1,0,0,0,1,0,2019-12-22,stop,454,0,1559,0
19452,DPP4i,0,2021-10-30,80,1,1,0,0,0,1,0,2022-12-31,study_end,427,0,427,0
19454,DPP4i,0,2016-03-06,61,1,0,0,0,0,1,0,2022-12-31,study_end,2491,0,2491,0
19458,SGLT2i,1,2021-12-12,53,1,0,0,0,0,1,0,2022-12-31,study_end,384,0,384,0
19459,DPP4i,0,2020-03-03,72,0,1,0,0,0,1,0,2022-12-31,study_end,1033,0,1033,0
19461,DPP4i,0,2017-05-01,54,1,0,0,0,0,0,0,2019-05-21,stop,750,0,2070,0
19462,DPP4i,0,2020-09-03,76,0,1,0,0,0,0,0,2022-12-31,study_end,849,0,849,0
19463,DPP4i,0,2018-12-02,49,1,1,0,0,0,0,0,2021-02-08,stop,799,0,1490,0
19464,DPP4i,0,2017-11-30,79,1,0,1,1,0,1,0,2019-09-10,switch,649,0,1857,0
19465,DPP4i,0,2019-02-11,46,1,1,0,0,0,1,1,2022-12-31,study_end,1419,0,1419,0
19467,DPP4i,0,2020-07-19,46,0,1,0,0,0,0,0,2022-12-31,study_end,895,0,895,0
19468,DPP4i,0,2017-04-05,65,0,0,0,0,0,1,0,2021-07-12,switch,1559,0,2096,0
19470,DPP4i,0,2019-12-09,77,0,0,0,0,0,1,0,2022-12-31,study_end,1118,0,1118,0
19472,DPP4i,0,2018-03-22,53,1,1,0,0,0,1,0,2022-12-31,study_end,1745,0,1745,0
19473,DPP4i,0,2019-04-25,58,1,0,0,0,0,1,0,2019-12-22,switch,241,0,1346,0
19477,DPP4i,0,2020-08-06,73,0,1,0,0,0,1,0,2021-01-03,stop,150,0,877,0
19478,SGLT2i,1,2021-04-22,44,1,0,0,0,0,1,0,2022-12-31,study_end,618,0,618,0
19481,DPP4i,0,2017-05-04,59,0,0,0,0,0,1,0,2021-09-19,stop,1599,0,2067,0
19482,DPP4i,0,2020-11-02,59,0,1,0,0,1,1,0,2021-04-01,stop,150,0,789,0
19483,SGLT2i,1,2019-07-13,63,0,0,0,0,0,0,0,2022-12-31,study_end,1267,0,1267,0
19485,DPP4i,0,2018-04-17,39,0,0,0,0,0,1,0,2022-07-14,stop,1549,0,1719,0
19487,DPP4i,0,2021-12-07,71,0,1,1,1,0,1,0,2022-12-31,study_end,389,0,389,0
19488,DPP4i,0,2020-05-03,64,1,1,0,0,0,1,0,2022-12-31,study_end,972,0,972,0
19489,DPP4i,0,2018-08-31,64,0,0,0,0,0,1,0,2019-01-28,stop,150,0,1583,0
19491,DPP4i,0,2017-04-22,75,1,1,1,0,0,1,0,2018-07-23,hhf,457,1,457,1
19494,DPP4i,0,2020-05-21,56,1,0,0,0,0,0,0,2022-12-31,study_end,954,0,954,0
19495,DPP4i,0,2021-12-10,56,1,1,0,0,0,1,0,2022-12-31,study_end,386,0,386,0
19496,DPP4i,0,2017-11-29,73,1,0,0,0,0,1,0,2018-01-06,switch,38,0,200,1
19499,DPP4i,0,2018-08-06,51,1,0,0,0,0,0,0,2022-06-03,stop,1397,0,1608,0
19501,SGLT2i,1,2019-04-02,69,1,1,1,0,0,1,0,2020-04-01,stop,365,0,1369,0
19502,DPP4i,0,2019-12-30,50,0,0,0,0,0,1,0,2022-12-31,study_end,1097,0,1097,0
19504,DPP4i,0,2017-07-16,52,1,1,0,0,0,1,0,2017-12-13,stop,150,0,1994,0
19507,DPP4i,0,2019-10-18,54,1,1,0,0,1,0,1,2020-02-15,stop,120,0,1170,0
19508,SGLT2i,1,2017-12-04,49,1,1,0,0,0,0,0,2022-12-31,study_end,1853,0,1853,0
19510,DPP4i,0,2017-03-29,62,1,1,0,0,0,1,0,2018-06-12,switch,440,0,2103,0
19513,DPP4i,0,2019-03-20,63,1,1,0,0,0,0,0,2020-09-21,stop,551,0,1382,0
19514,DPP4i,0,2019-06-08,55,1,0,0,0,0,1,0,2020-02-03,stop,240,0,1302,0
19515,SGLT2i,1,2020-10-24,59,0,1,1,0,0,1,0,2022-12-31,study_end,798,0,798,0
19517,DPP4i,0,2016-08-12,75,1,1,0,0,0,1,0,2016-10-14,hhf,63,1,63,1
19518,DPP4i,0,2016-05-28,65,1,1,0,1,0,1,0,2020-12-29,stop,1676,0,2408,0
19519,DPP4i,0,2017-01-02,84,1,1,0,0,0,1,0,2019-07-11,stop,920,0,2189,0
19521,DPP4i,0,2016-05-22,67,0,1,0,0,0,1,0,2022-12-31,study_end,2414,0,2414,0
19523,DPP4i,0,2017-03-28,53,0,1,0,0,0,0,0,2019-06-25,stop,819,0,2104,0
19524,SGLT2i,1,2020-03-17,54,1,1,0,0,0,1,0,2021-08-01,stop,502,0,1019,0
19525,SGLT2i,1,2019-09-05,58,0,0,0,0,0,1,0,2022-06-11,stop,1010,0,1213,0
19526,DPP4i,0,2020-01-05,76,1,1,1,0,0,1,0,2020-12-27,stop,357,0,1091,0
19527,DPP4i,0,2016-03-25,55,0,0,0,0,0,0,0,2022-05-25,stop,2252,0,2472,0
19529,DPP4i,0,2020-03-04,51,0,0,1,0,0,1,0,2022-12-31,study_end,1032,0,1032,0
19530,DPP4i,0,2017-06-08,63,0,1,0,0,0,1,0,2018-01-06,stop,212,0,2032,0
19532,DPP4i,0,2018-07-24,37,1,0,0,0,0,0,0,2020-11-17,stop,847,0,1621,0
19533,DPP4i,0,2021-07-31,68,1,0,0,0,0,1,0,2022-07-03,stop,337,0,518,0
19534,DPP4i,0,2018-12-17,60,0,1,1,0,0,1,0,2022-12-31,study_end,1475,0,1475,0
19537,DPP4i,0,2021-06-05,63,0,1,0,0,0,0,0,2022-04-20,stop,319,0,574,0
19538,DPP4i,0,2021-05-21,49,0,0,0,0,0,1,0,2022-12-31,study_end,589,0,589,0
19539,DPP4i,0,2019-09-11,68,0,1,1,0,0,1,1,2021-07-24,switch,682,0,1207,0
19543,SGLT2i,1,2019-11-17,57,0,0,0,0,0,1,0,2021-01-17,stop,427,0,1140,0
19545,DPP4i,0,2019-04-08,66,1,1,0,0,0,0,0,2022-08-05,switch,1215,0,1363,0
19546,DPP4i,0,2019-11-23,74,0,1,0,0,0,1,0,2022-08-05,stop,986,0,1134,0
19547,DPP4i,0,2018-02-26,74,1,1,0,0,0,0,0,2020-03-13,stop,746,0,1769,0
19548,DPP4i,0,2020-12-04,72,1,0,0,0,0,1,0,2022-12-31,study_end,757,0,757,0
19549,DPP4i,0,2018-03-20,71,0,1,0,0,0,1,0,2022-12-31,study_end,1747,0,1747,0
19550,DPP4i,0,2020-01-16,62,0,1,0,0,0,1,0,2021-09-11,stop,604,0,1080,0
19551,SGLT2i,1,2019-05-13,53,0,1,0,0,0,1,0,2019-10-10,stop,150,0,1328,0
19552,DPP4i,0,2021-02-01,95,0,1,1,1,0,0,0,2022-12-31,study_end,698,0,698,0
19555,DPP4i,0,2019-06-25,66,1,1,0,0,0,1,0,2022-12-31,study_end,1285,0,1285,0
19556,SGLT2i,1,2018-10-07,56,0,1,0,0,0,1,0,2020-12-14,stop,799,0,1546,0
19559,DPP4i,0,2016-05-30,64,1,1,0,0,0,1,0,2018-11-05,stop,889,0,2406,0
19560,DPP4i,0,2016-10-13,60,0,0,0,0,0,1,0,2022-12-31,study_end,2270,0,2270,0
19563,DPP4i,0,2019-11-14,63,1,1,0,0,0,0,0,2022-12-31,study_end,1143,0,1143,0
19565,SGLT2i,1,2018-04-13,55,1,0,0,1,0,1,0,2022-11-28,stop,1690,0,1723,0
19566,SGLT2i,1,2021-12-26,55,1,1,0,0,0,1,0,2022-12-31,study_end,370,0,370,0
19567,DPP4i,0,2016-05-28,61,1,1,0,0,0,1,0,2018-05-20,hhf,722,1,722,1
19569,DPP4i,0,2017-02-11,69,0,1,1,0,0,0,0,2019-02-18,stop,737,0,2149,0
19570,DPP4i,0,2021-09-05,80,0,0,0,0,0,1,0,2021-12-04,stop,90,0,482,0
19572,DPP4i,0,2021-05-29,79,1,1,0,0,1,1,0,2022-04-03,stop,309,0,581,0
19573,DPP4i,0,2020-12-12,88,0,1,0,0,0,1,0,2022-12-09,stop,727,0,749,0
19576,DPP4i,0,2019-09-21,72,1,1,0,0,0,0,0,2022-12-31,study_end,1197,0,1197,0
19579,DPP4i,0,2019-04-16,76,1,1,0,0,0,1,0,2019-12-20,stop,248,0,1355,0
19585,DPP4i,0,2021-04-24,64,0,1,1,0,0,0,0,2022-03-21,stop,331,0,616,0
19586,DPP4i,0,2019-09-26,63,0,1,0,0,1,1,0,2022-12-31,study_end,1192,0,1192,0
19587,DPP4i,0,2021-09-06,79,1,1,0,0,0,0,0,2022-12-31,study_end,481,0,481,0
19590,DPP4i,0,2020-04-21,56,0,1,0,0,0,1,0,2022-12-31,study_end,984,0,984,0
19593,DPP4i,0,2018-02-03,39,1,1,0,0,0,1,0,2022-12-31,study_end,1792,0,1792,0
19595,DPP4i,0,2016-12-07,66,0,1,0,0,0,1,1,2021-01-28,stop,1513,0,2215,0
19597,DPP4i,0,2021-09-08,70,1,1,1,0,0,1,1,2022-12-31,study_end,479,0,479,0
19598,DPP4i,0,2018-10-09,48,1,0,0,0,0,1,0,2021-06-11,stop,976,0,1544,0
19600,SGLT2i,1,2020-03-31,46,0,0,0,0,0,1,0,2022-12-31,study_end,1005,0,1005,0
19606,DPP4i,0,2018-11-22,77,1,1,1,0,0,1,0,2019-04-21,stop,150,0,1500,0
19608,DPP4i,0,2020-02-08,71,1,1,0,0,0,1,0,2020-12-17,stop,313,0,1057,0
19611,DPP4i,0,2019-05-20,66,0,1,0,0,0,1,0,2022-12-31,study_end,1321,0,1321,0
19612,DPP4i,0,2021-05-21,54,0,1,0,0,0,1,0,2022-04-06,switch,320,0,589,0
19613,DPP4i,0,2016-07-07,55,1,0,0,0,0,1,0,2022-02-11,stop,2045,0,2368,0
19617,DPP4i,0,2021-05-24,77,1,1,0,0,0,1,1,2022-12-31,study_end,586,0,586,0
19619,DPP4i,0,2021-05-04,39,1,1,0,0,0,1,0,2022-04-13,stop,344,0,606,0
19621,DPP4i,0,2018-08-01,56,0,0,0,0,0,1,0,2022-02-06,stop,1285,0,1613,0
19622,DPP4i,0,2019-08-12,72,0,1,0,0,0,1,0,2021-01-19,stop,526,0,1237,0
19623,DPP4i,0,2018-05-21,52,0,0,0,0,0,1,0,2019-02-18,switch,273,0,1685,0
19624,SGLT2i,1,2021-03-16,60,0,1,1,1,0,1,0,2021-09-14,stop,182,0,655,0
19629,DPP4i,0,2017-12-03,34,0,0,0,0,0,1,0,2018-08-07,stop,247,0,1854,0
19630,DPP4i,0,2021-12-26,46,0,1,0,0,0,0,0,2022-12-31,study_end,370,0,370,0
19633,DPP4i,0,2016-11-29,45,1,0,0,0,0,1,0,2017-07-26,switch,239,0,2223,0
19635,SGLT2i,1,2018-09-21,45,0,0,0,0,0,1,0,2022-04-05,stop,1292,0,1562,0
19637,DPP4i,0,2016-12-29,90,1,1,0,0,0,1,0,2021-01-11,stop,1474,0,2193,0
19638,DPP4i,0,2021-03-04,60,0,0,0,0,0,1,0,2022-12-31,study_end,667,0,667,0
19640,DPP4i,0,2019-11-09,72,1,1,0,0,0,0,0,2022-12-31,study_end,1148,0,1148,0
19642,DPP4i,0,2020-02-05,65,0,1,0,1,0,1,0,2020-03-13,switch,37,0,1060,0
19643,DPP4i,0,2017-04-14,56,1,0,0,0,0,1,0,2018-04-06,stop,357,0,2087,0
19644,DPP4i,0,2017-05-19,58,1,1,0,0,0,1,0,2018-03-11,stop,296,0,2052,0
19647,DPP4i,0,2019-01-15,62,1,1,0,0,1,1,0,2020-12-09,stop,694,0,1446,0
19648,SGLT2i,1,2020-03-28,53,0,1,0,0,0,0,0,2021-10-01,stop,552,0,1008,0
19649,DPP4i,0,2018-06-16,47,1,0,0,1,0,1,0,2022-12-31,study_end,1659,0,1659,0
19651,DPP4i,0,2018-06-04,52,0,1,1,0,0,0,0,2019-11-12,stop,526,0,1671,0
19652,DPP4i,0,2018-04-29,68,1,1,0,0,0,1,0,2020-01-09,stop,620,0,1707,0
19653,DPP4i,0,2017-09-24,79,1,1,0,0,0,1,1,2018-12-03,stop,435,0,1924,0
19654,DPP4i,0,2019-04-05,57,1,0,0,0,0,0,0,2022-12-31,study_end,1366,0,1366,0
19655,DPP4i,0,2017-11-09,84,1,1,1,0,1,1,0,2018-05-18,stop,190,0,1878,0
19658,DPP4i,0,2016-08-22,56,0,0,0,0,0,1,0,2018-03-28,switch,583,0,2322,0
19663,DPP4i,0,2017-08-08,54,0,1,0,0,0,1,0,2019-04-20,stop,620,0,1971,0
19664,DPP4i,0,2019-04-21,69,1,0,0,0,0,0,1,2022-12-31,study_end,1350,0,1350,0
19666,DPP4i,0,2021-10-20,61,1,0,0,1,1,0,0,2022-12-31,study_end,437,0,437,0
19667,DPP4i,0,2021-09-26,84,0,0,0,0,0,1,0,2022-12-31,study_end,461,0,461,0
19669,DPP4i,0,2017-01-07,79,1,0,0,0,0,1,0,2018-06-13,stop,522,0,2184,0
19672,DPP4i,0,2016-06-12,74,1,0,0,0,0,0,0,2016-12-17,stop,188,0,2393,0
19674,DPP4i,0,2017-11-26,46,0,0,0,0,0,1,0,2020-10-12,stop,1051,0,1861,0
19675,DPP4i,0,2016-05-31,63,1,0,0,0,0,1,0,2022-12-31,study_end,2405,0,2405,0
19676,DPP4i,0,2020-02-10,64,1,1,1,0,0,1,0,2022-09-03,stop,936,0,1055,0
19677,SGLT2i,1,2020-01-27,51,1,0,0,0,0,0,0,2022-12-31,study_end,1069,0,1069,0
19678,DPP4i,0,2017-06-25,73,0,1,0,0,0,1,0,2019-03-07,stop,620,0,2015,0
19680,DPP4i,0,2016-11-06,54,0,0,0,0,0,1,1,2017-12-31,switch,420,0,2246,0
19683,DPP4i,0,2017-05-26,56,0,0,0,0,0,1,0,2022-02-20,stop,1731,0,2045,0
19684,DPP4i,0,2016-12-26,55,1,0,0,0,0,1,0,2020-09-22,stop,1366,0,2196,0
19685,DPP4i,0,2019-10-12,58,1,0,0,0,0,1,0,2022-12-31,study_end,1176,0,1176,0
19687,DPP4i,0,2020-06-23,65,1,1,1,0,0,1,0,2022-05-30,stop,706,0,921,0
19689,DPP4i,0,2019-10-01,54,1,0,0,0,0,1,0,2022-12-31,study_end,1187,0,1187,0
19691,DPP4i,0,2021-12-30,62,1,0,0,1,0,1,0,2022-12-31,study_end,366,0,366,0
19692,DPP4i,0,2018-09-06,74,1,0,0,0,0,1,0,2019-07-25,stop,322,0,1577,0
19693,DPP4i,0,2020-04-11,56,1,1,0,0,0,1,0,2021-02-21,switch,316,0,994,0
19695,DPP4i,0,2019-12-16,67,0,0,0,0,0,1,0,2022-12-31,study_end,1111,0,1111,0
19698,SGLT2i,1,2020-12-02,50,0,0,0,0,0,1,0,2022-09-03,stop,640,0,759,0
19700,SGLT2i,1,2020-08-11,69,0,1,0,0,1,1,0,2022-12-03,stop,844,0,872,0
19701,DPP4i,0,2017-05-31,95,1,1,0,1,0,1,0,2017-10-14,death,136,0,136,0
19702,DPP4i,0,2016-10-11,72,1,1,1,0,0,1,0,2020-11-14,hhf,1495,1,1495,1
19704,SGLT2i,1,2018-02-21,54,0,0,0,0,0,1,0,2022-12-31,study_end,1774,0,1774,0
19706,DPP4i,0,2017-01-01,65,0,1,0,0,0,1,1,2021-07-30,stop,1671,0,2190,0
19707,SGLT2i,1,2020-08-03,43,1,1,0,0,0,1,0,2021-10-13,stop,436,0,880,0
19708,SGLT2i,1,2021-02-20,57,0,1,0,0,0,1,0,2022-12-31,study_end,679,0,679,0
19709,DPP4i,0,2021-12-18,67,1,1,0,0,0,1,0,2022-05-17,stop,150,0,378,0
19710,DPP4i,0,2021-04-23,62,1,1,0,0,0,1,0,2022-12-31,study_end,617,0,617,0
19711,DPP4i,0,2016-08-13,75,0,0,0,0,0,1,0,2017-05-04,stop,264,0,2331,0
19712,DPP4i,0,2017-12-14,66,0,1,1,0,0,0,0,2020-08-26,stop,986,0,1843,0
19713,DPP4i,0,2020-11-18,64,0,1,0,0,0,1,0,2022-12-31,study_end,773,0,773,0
19714,DPP4i,0,2017-05-08,57,0,1,0,0,0,1,0,2017-08-06,stop,90,0,2063,0
19715,DPP4i,0,2018-11-29,63,1,1,0,0,0,1,0,2022-12-31,study_end,1493,0,1493,0
19717,DPP4i,0,2017-08-26,61,0,0,0,0,1,0,0,2020-07-07,stop,1046,0,1953,0
19718,DPP4i,0,2019-07-04,60,0,1,0,0,0,0,0,2020-10-07,stop,461,0,1276,0
19721,DPP4i,0,2017-02-12,44,1,0,0,0,0,0,1,2022-12-31,study_end,2148,0,2148,0
19722,DPP4i,0,2019-04-17,44,1,0,0,0,0,1,0,2021-12-29,stop,987,0,1354,0
19723,DPP4i,0,2018-12-30,61,1,1,0,0,0,0,0,2019-06-29,stop,181,0,1462,0
19727,DPP4i,0,2016-01-30,48,0,1,0,0,0,1,0,2016-05-09,switch,100,0,2527,0
19728,DPP4i,0,2016-08-16,86,1,1,0,0,0,0,0,2019-07-10,stop,1058,0,2328,0
19729,DPP4i,0,2019-01-26,76,0,1,0,0,0,1,0,2019-09-23,stop,240,0,1435,0
19730,DPP4i,0,2019-05-01,44,0,1,0,0,0,1,0,2022-12-31,study_end,1340,0,1340,0
19731,SGLT2i,1,2021-06-29,59,1,0,0,1,0,1,1,2022-12-31,study_end,550,0,550,0
19732,DPP4i,0,2018-08-07,50,0,1,0,0,0,0,0,2019-01-04,stop,150,0,1607,0
19733,DPP4i,0,2020-07-14,58,0,1,0,0,1,0,0,2022-03-17,stop,611,0,900,0
19734,DPP4i,0,2019-03-15,46,0,0,0,0,0,1,0,2022-12-31,study_end,1387,0,1387,0
19736,DPP4i,0,2020-04-28,49,1,1,0,0,0,1,0,2022-12-31,study_end,977,0,977,0
19740,DPP4i,0,2018-02-11,54,0,1,0,0,0,0,0,2019-08-03,stop,538,0,1784,0
19741,DPP4i,0,2019-11-13,51,1,1,0,0,0,1,0,2022-12-31,study_end,1144,0,1144,0
19743,DPP4i,0,2021-08-15,46,1,1,0,0,0,1,0,2022-07-05,stop,324,0,503,0
19747,SGLT2i,1,2019-04-06,58,0,0,1,0,0,1,0,2022-12-31,study_end,1365,0,1365,0
19748,DPP4i,0,2021-11-23,38,0,1,0,0,0,1,0,2022-03-23,stop,120,0,403,0
19750,DPP4i,0,2021-10-13,67,1,1,0,0,0,1,0,2022-12-31,study_end,444,0,444,0
19751,DPP4i,0,2018-09-26,59,1,1,0,0,0,1,0,2019-07-30,stop,307,0,1557,0
19752,DPP4i,0,2016-02-12,84,0,1,0,1,0,1,0,2022-12-31,study_end,2514,0,2514,0
19756,DPP4i,0,2021-08-04,57,1,1,0,0,0,0,0,2022-12-31,study_end,514,0,514,0
19757,DPP4i,0,2018-11-14,63,1,1,0,0,0,1,0,2020-10-21,stop,707,0,1508,0
19760,SGLT2i,1,2021-07-27,59,1,1,0,0,0,0,0,2022-12-31,study_end,522,0,522,0
19761,SGLT2i,1,2019-12-05,40,0,0,0,0,0,1,0,2021-02-28,stop,451,0,1122,0
19764,DPP4i,0,2016-09-28,71,0,1,0,0,0,1,0,2019-03-18,stop,901,0,2285,0
19765,DPP4i,0,2019-07-20,63,0,1,0,0,0,0,0,2020-09-06,switch,414,0,1260,0
19768,DPP4i,0,2016-06-14,44,1,0,0,0,0,1,0,2022-10-03,switch,2302,0,2391,0
19769,DPP4i,0,2018-10-09,56,0,0,0,1,0,0,0,2021-01-30,hhf,844,1,844,1
19770,DPP4i,0,2016-11-20,64,0,1,0,0,0,1,0,2020-12-21,death,1492,0,1492,0
19772,SGLT2i,1,2017-05-07,34,0,1,0,0,0,1,1,2018-05-15,stop,373,0,2064,0
19773,DPP4i,0,2018-12-14,63,0,1,1,0,0,1,0,2020-06-30,hhf,564,1,564,1
19774,DPP4i,0,2019-05-19,48,1,0,0,0,0,0,0,2022-12-31,study_end,1322,0,1322,0
19777,DPP4i,0,2020-07-15,51,0,1,0,0,0,1,0,2022-12-31,study_end,899,0,899,0
19778,DPP4i,0,2017-04-11,67,1,1,0,0,0,1,0,2021-05-28,hhf,1508,1,1508,1
19782,DPP4i,0,2019-02-03,64,0,1,0,0,0,1,0,2022-12-27,stop,1423,0,1427,0
19785,SGLT2i,1,2020-07-30,71,1,1,0,0,0,0,0,2022-12-31,study_end,884,0,884,0
19786,SGLT2i,1,2021-10-20,48,1,0,0,0,0,0,0,2022-12-31,study_end,437,0,437,0
19788,DPP4i,0,2020-07-10,65,1,0,0,0,0,1,0,2022-12-31,study_end,904,0,904,0
19789,DPP4i,0,2020-01-16,66,1,1,0,0,0,0,1,2020-10-24,stop,282,0,1080,0
19790,DPP4i,0,2016-05-04,46,1,1,0,0,0,1,1,2020-04-29,switch,1456,0,2432,0
19791,DPP4i,0,2021-10-07,27,1,0,0,0,0,1,1,2022-12-31,study_end,450,0,450,0
19792,DPP4i,0,2016-01-10,48,0,0,0,0,0,0,0,2022-12-31,study_end,2547,0,2547,0
19797,SGLT2i,1,2018-01-27,51,0,0,0,0,0,1,1,2019-01-11,stop,349,0,1799,0
19798,DPP4i,0,2021-10-15,45,1,0,0,0,0,1,0,2022-10-01,stop,351,0,442,0
19799,DPP4i,0,2020-05-12,66,0,1,0,0,0,1,0,2020-10-09,stop,150,0,963,0
19801,DPP4i,0,2020-01-18,55,1,1,0,0,0,0,0,2021-02-15,stop,394,0,1078,0
19802,DPP4i,0,2020-09-25,51,0,0,0,1,0,1,0,2022-12-31,study_end,827,0,827,0
19803,SGLT2i,1,2020-11-09,52,0,1,0,0,0,1,0,2022-12-31,study_end,782,0,782,0
19804,DPP4i,0,2018-10-18,57,0,1,1,0,0,1,0,2019-06-22,stop,247,0,1535,0
19805,DPP4i,0,2020-12-27,54,0,1,0,0,0,1,0,2022-12-31,study_end,734,0,734,0
19806,DPP4i,0,2020-09-23,65,1,1,0,0,0,0,0,2022-12-31,study_end,829,0,829,0
19808,DPP4i,0,2020-11-17,70,0,1,0,0,0,1,0,2021-04-16,stop,150,0,774,0
19809,DPP4i,0,2018-08-11,66,1,1,0,0,0,1,0,2020-01-27,switch,534,0,1603,0
19810,DPP4i,0,2020-01-27,57,1,1,0,0,0,1,0,2020-07-28,hhf,183,1,183,1
19813,SGLT2i,1,2020-11-26,53,0,1,0,0,0,1,0,2022-12-31,study_end,765,0,765,0
19817,DPP4i,0,2021-01-22,28,0,0,0,0,0,1,0,2021-04-22,stop,90,0,708,0
19819,DPP4i,0,2021-08-22,74,1,1,0,0,0,1,0,2022-12-31,study_end,496,0,496,0
19820,DPP4i,0,2016-10-11,74,0,1,0,0,0,1,0,2020-10-21,stop,1471,0,2272,0
19822,DPP4i,0,2017-06-11,71,1,0,0,0,0,1,0,2019-04-13,switch,671,0,2029,0
19823,SGLT2i,1,2017-08-22,58,0,1,0,0,0,1,0,2022-12-31,study_end,1957,0,1957,0
19824,DPP4i,0,2021-02-17,58,1,1,1,0,0,1,0,2022-09-03,switch,563,0,682,0
19826,DPP4i,0,2017-11-16,86,0,1,0,0,0,1,0,2022-12-31,study_end,1871,0,1871,0
19827,DPP4i,0,2019-03-29,70,0,1,0,0,0,1,1,2022-10-18,hhf,1299,1,1299,1
19830,DPP4i,0,2019-08-07,61,0,1,0,0,0,1,0,2021-05-02,stop,634,0,1242,0
19831,DPP4i,0,2020-08-03,37,0,0,0,0,0,1,0,2022-08-13,switch,740,0,880,0
19832,DPP4i,0,2018-02-11,82,0,1,0,0,0,1,0,2022-12-31,study_end,1784,0,1784,0
19835,DPP4i,0,2018-03-08,71,1,1,0,0,0,0,0,2018-11-25,switch,262,0,1759,0
19836,DPP4i,0,2018-04-02,51,1,1,0,0,1,1,0,2022-12-31,study_end,1734,0,1734,0
19837,DPP4i,0,2019-06-08,65,0,0,0,0,0,1,0,2022-12-31,study_end,1302,0,1302,0
19838,DPP4i,0,2018-01-23,48,0,1,0,0,0,1,0,2021-05-14,switch,1207,0,1803,0
19841,DPP4i,0,2021-06-24,53,0,0,0,1,0,1,0,2022-12-31,study_end,555,0,555,0
19848,DPP4i,0,2018-10-24,62,0,0,0,0,0,1,0,2019-08-26,stop,306,0,1529,0
19853,DPP4i,0,2016-02-03,69,1,1,1,0,0,0,0,2016-05-22,death,109,0,109,0
19855,SGLT2i,1,2021-07-15,52,0,0,0,0,0,1,0,2022-12-20,stop,523,0,534,0
19858,DPP4i,0,2021-04-02,57,0,1,0,0,0,1,0,2022-12-31,study_end,638,0,638,0
19859,DPP4i,0,2019-01-07,61,0,1,0,0,0,1,0,2021-03-16,stop,799,0,1454,0
19862,SGLT2i,1,2020-03-29,58,0,1,0,0,0,1,0,2020-08-26,stop,150,0,1007,0
19863,SGLT2i,1,2019-02-25,59,0,0,0,0,1,0,0,2020-06-01,stop,462,0,1405,0
19864,DPP4i,0,2017-10-06,61,0,1,0,0,0,0,0,2018-01-04,stop,90,0,1912,0
19867,DPP4i,0,2017-10-21,79,1,1,1,1,0,1,0,2021-05-03,stop,1290,0,1897,0
19868,DPP4i,0,2021-01-30,73,0,1,0,0,0,1,1,2022-12-31,study_end,700,0,700,0
19869,DPP4i,0,2016-12-04,56,1,0,0,0,0,1,0,2017-04-03,stop,120,0,2218,0
19870,DPP4i,0,2016-11-17,67,1,1,0,0,0,1,0,2017-10-21,stop,338,0,2235,0
19873,SGLT2i,1,2020-08-30,50,0,1,0,0,0,1,0,2022-12-31,study_end,853,0,853,0
19877,DPP4i,0,2020-11-01,58,0,1,0,0,0,1,0,2021-11-15,switch,379,0,790,0
19878,DPP4i,0,2021-01-21,67,0,1,1,0,0,1,0,2022-12-31,study_end,709,0,709,0
19879,DPP4i,0,2019-06-04,82,0,1,0,0,0,1,0,2021-04-02,stop,668,0,1306,0
19884,DPP4i,0,2019-11-25,67,0,1,0,0,0,0,0,2020-01-16,hhf,52,1,52,1
19886,DPP4i,0,2019-10-22,49,0,1,0,1,0,1,0,2022-12-31,study_end,1166,0,1166,0
19889,DPP4i,0,2021-05-25,55,0,0,0,0,0,1,0,2022-12-31,study_end,585,0,585,0
19890,DPP4i,0,2021-03-17,63,0,1,0,0,0,1,1,2022-12-31,study_end,654,0,654,0
19891,DPP4i,0,2020-12-22,52,0,1,0,0,0,0,0,2022-12-31,study_end,739,0,739,0
19897,SGLT2i,1,2020-08-30,62,0,1,0,0,0,1,0,2022-12-31,study_end,853,0,853,0
19899,DPP4i,0,2021-12-16,44,1,1,0,0,0,1,1,2022-12-31,study_end,380,0,380,0
19900,DPP4i,0,2017-09-27,54,0,1,0,1,0,1,0,2018-02-24,stop,150,0,1921,0
19902,DPP4i,0,2021-09-03,42,0,0,0,0,0,1,0,2022-01-31,stop,150,0,484,0
19904,DPP4i,0,2019-11-04,95,0,1,0,0,0,1,0,2022-12-31,study_end,1153,0,1153,0
19905,DPP4i,0,2021-07-29,55,1,1,0,0,0,1,0,2022-12-31,study_end,520,0,520,0
19906,SGLT2i,1,2019-08-26,67,0,1,0,0,0,1,0,2022-12-31,study_end,1223,0,1223,0
19908,DPP4i,0,2017-06-30,46,1,1,1,0,0,0,0,2019-10-12,stop,834,0,2010,0
19909,DPP4i,0,2019-01-05,63,1,1,1,0,0,0,0,2022-12-31,study_end,1456,0,1456,0
19911,DPP4i,0,2018-02-13,58,0,1,0,0,0,1,0,2019-07-22,stop,524,0,1782,0
19914,DPP4i,0,2021-02-20,36,0,0,0,0,0,1,0,2022-05-10,stop,444,0,679,0
19915,DPP4i,0,2018-02-08,66,0,0,0,1,0,1,0,2022-08-27,switch,1661,0,1787,0
19917,DPP4i,0,2021-01-01,76,0,1,0,0,0,0,0,2022-12-31,study_end,729,0,729,0
19918,DPP4i,0,2018-04-20,73,1,1,0,0,0,0,0,2020-04-26,stop,737,0,1716,0
19922,SGLT2i,1,2021-11-19,33,1,0,0,0,0,1,0,2022-10-22,stop,337,0,407,0
19923,DPP4i,0,2016-08-21,57,1,0,0,0,0,1,0,2022-01-15,stop,1973,0,2323,0
19925,DPP4i,0,2018-04-26,79,1,0,1,0,0,1,0,2022-12-31,study_end,1710,0,1710,0
19929,DPP4i,0,2021-04-09,49,0,1,0,0,0,0,0,2022-12-31,study_end,631,0,631,0
19931,DPP4i,0,2020-05-30,72,1,1,0,0,0,1,0,2021-04-17,stop,322,0,945,0
19932,DPP4i,0,2016-04-04,52,0,1,0,0,0,1,0,2016-09-01,stop,150,0,2462,0
19933,DPP4i,0,2018-08-22,53,1,0,0,0,0,0,0,2022-12-31,study_end,1592,0,1592,0
19935,DPP4i,0,2019-01-04,48,1,1,0,0,0,0,0,2022-12-31,study_end,1457,0,1457,0
19936,SGLT2i,1,2021-03-30,58,0,0,0,0,0,1,0,2022-02-08,switch,315,0,641,0
19937,DPP4i,0,2016-02-15,78,0,0,0,0,0,1,0,2016-07-14,stop,150,0,2346,1
19938,SGLT2i,1,2020-02-20,56,1,0,0,0,0,1,0,2022-12-25,stop,1039,0,1045,0
19940,DPP4i,0,2019-09-21,78,1,0,0,1,0,1,0,2021-06-28,stop,646,0,1197,0
19945,DPP4i,0,2021-09-04,50,0,1,0,0,0,1,0,2022-12-31,study_end,483,0,483,0
19946,DPP4i,0,2017-08-29,53,1,0,0,0,0,1,0,2019-06-22,stop,662,0,1950,0
19947,DPP4i,0,2019-05-16,58,1,0,0,0,0,1,0,2019-12-23,stop,221,0,1325,0
19949,DPP4i,0,2019-09-26,65,1,0,0,0,0,1,1,2022-12-31,study_end,1192,0,1192,0
19950,DPP4i,0,2017-04-09,64,0,1,1,0,0,1,0,2020-06-30,stop,1178,0,2092,0
19953,DPP4i,0,2021-07-02,62,0,1,0,0,0,0,0,2022-07-21,switch,384,0,547,0
19954,SGLT2i,1,2021-06-14,57,1,1,0,0,0,1,0,2022-10-26,stop,499,0,565,0
19958,DPP4i,0,2019-11-30,61,0,1,0,0,0,1,0,2020-02-28,stop,90,0,1127,0
19966,DPP4i,0,2017-05-03,60,1,1,0,0,0,1,1,2018-07-23,stop,446,0,2068,0
19967,DPP4i,0,2020-02-03,57,0,1,0,0,0,1,1,2022-12-31,study_end,1062,0,1062,0
19968,SGLT2i,1,2020-12-10,66,0,0,1,0,0,1,0,2022-12-31,study_end,751,0,751,0
19969,DPP4i,0,2021-05-14,83,0,1,0,0,0,0,0,2022-12-31,study_end,596,0,596,0
19970,DPP4i,0,2021-08-09,39,0,0,1,0,0,0,0,2022-12-31,study_end,509,0,509,0
19973,DPP4i,0,2021-03-26,43,0,0,0,0,0,1,0,2021-12-08,stop,257,0,645,0
19975,DPP4i,0,2017-01-19,70,1,0,1,0,0,1,0,2018-11-16,stop,666,0,2172,0
19976,DPP4i,0,2019-02-22,60,0,1,0,0,0,1,0,2019-10-19,switch,239,0,1408,0
19977,DPP4i,0,2019-08-26,66,1,1,0,0,0,1,0,2022-12-31,study_end,1223,0,1223,0
19979,DPP4i,0,2017-02-05,78,1,1,0,0,0,1,0,2017-07-05,stop,150,0,2155,0
19981,DPP4i,0,2020-09-29,55,0,0,0,0,0,1,0,2022-12-31,study_end,823,0,823,0
19982,DPP4i,0,2016-12-11,71,0,1,0,0,0,1,0,2018-07-08,stop,574,0,2211,0
19983,DPP4i,0,2016-05-27,69,1,1,1,0,0,1,0,2017-01-21,switch,239,0,2409,0
19984,DPP4i,0,2016-07-31,65,1,1,0,0,0,1,0,2019-10-12,stop,1168,0,2344,0
19985,DPP4i,0,2019-11-08,60,0,1,0,0,0,1,0,2020-02-06,stop,90,0,1149,0
19986,DPP4i,0,2016-12-31,43,0,1,0,0,0,1,0,2017-05-30,stop,150,0,2191,0
19987,DPP4i,0,2018-11-28,52,1,1,0,0,0,1,1,2022-12-31,study_end,1494,0,1494,0
19988,SGLT2i,1,2020-09-28,65,1,0,0,0,0,1,0,2022-12-31,study_end,824,0,824,0
19990,DPP4i,0,2019-11-11,71,0,1,0,0,0,1,0,2022-12-31,study_end,1146,0,1146,0
19991,DPP4i,0,2016-08-02,56,1,1,0,0,0,1,0,2022-12-31,study_end,2342,0,2342,0
19992,DPP4i,0,2020-07-15,76,0,1,0,0,0,1,0,2022-07-06,stop,721,0,899,0
19993,DPP4i,0,2018-12-09,78,1,1,0,0,1,0,0,2019-05-06,switch,148,0,1483,0
19997,SGLT2i,1,2019-01-07,58,1,1,1,0,0,0,0,2022-12-31,study_end,1454,0,1454,0
19998,DPP4i,0,2021-08-05,67,1,0,1,0,0,1,0,2022-12-31,study_end,513,0,513,0
19999,DPP4i,0,2019-10-15,39,0,1,0,0,0,1,0,2020-05-26,stop,224,0,1173,0
20000,DPP4i,0,2017-06-16,65,0,1,0,0,0,0,0,2022-12-31,study_end,2024,0,2024,0
20003,DPP4i,0,2021-07-29,65,1,1,0,0,0,1,0,2022-12-31,study_end,520,0,520,0
20013,DPP4i,0,2019-05-18,47,1,1,0,0,0,1,0,2021-05-24,stop,737,0,1323,0
20014,DPP4i,0,2017-06-17,44,0,0,0,0,0,0,0,2020-06-19,switch,1098,0,2023,0
20015,DPP4i,0,2018-04-05,55,1,0,0,0,0,1,1,2019-07-15,stop,466,0,1731,0
20016,DPP4i,0,2018-10-07,72,0,0,0,0,0,1,1,2020-07-16,stop,648,0,1546,0
20019,DPP4i,0,2021-03-29,63,0,0,0,0,0,1,0,2022-12-31,study_end,642,0,642,0
20023,DPP4i,0,2019-06-24,60,0,1,0,0,0,1,0,2020-02-25,stop,246,0,1286,0
20027,DPP4i,0,2019-11-28,74,1,0,0,0,0,1,0,2020-10-17,stop,324,0,1129,0
20029,DPP4i,0,2021-11-01,70,1,1,0,0,0,1,0,2022-12-31,study_end,425,0,425,0
20033,DPP4i,0,2021-10-21,60,1,0,0,1,0,1,0,2022-12-31,study_end,436,0,436,0
20036,DPP4i,0,2018-02-12,59,1,1,0,0,0,1,0,2022-08-19,stop,1649,0,1783,0
20037,DPP4i,0,2018-01-03,63,1,0,0,0,0,1,0,2020-07-26,stop,935,0,1823,0
20038,DPP4i,0,2018-12-17,60,1,0,0,0,0,1,0,2019-04-16,stop,120,0,1475,0
20039,DPP4i,0,2020-11-15,76,0,1,0,0,0,0,0,2022-12-31,study_end,776,0,776,0
20041,DPP4i,0,2017-01-12,71,1,0,0,0,0,1,0,2019-07-19,stop,918,0,2179,0
20046,DPP4i,0,2017-04-23,75,1,0,1,1,0,1,0,2019-01-11,stop,628,0,2078,0
20047,DPP4i,0,2021-06-23,64,1,1,0,0,0,1,0,2022-07-20,switch,392,0,556,0
20050,SGLT2i,1,2017-01-16,54,0,1,0,0,1,1,0,2022-12-31,study_end,2175,0,2175,0
20052,SGLT2i,1,2020-02-12,60,0,1,0,0,0,1,0,2022-12-31,study_end,1053,0,1053,0
20059,DPP4i,0,2020-09-19,60,0,0,0,0,0,0,0,2022-12-31,study_end,833,0,833,0
20060,DPP4i,0,2021-04-29,48,0,1,0,0,0,1,1,2022-12-31,study_end,611,0,611,0
20061,SGLT2i,1,2020-10-25,51,1,0,1,0,0,1,0,2022-12-31,study_end,797,0,797,0
20062,DPP4i,0,2019-05-02,59,0,0,1,1,0,1,0,2019-08-30,stop,120,0,1339,0
20063,DPP4i,0,2019-12-21,79,0,1,0,0,0,0,0,2020-11-26,stop,341,0,1106,0
20064,DPP4i,0,2019-05-02,64,1,1,0,0,0,1,0,2022-02-05,stop,1010,0,1339,0
20065,DPP4i,0,2019-09-08,64,1,1,0,0,0,1,1,2022-12-31,study_end,1210,0,1210,0
20068,DPP4i,0,2016-09-09,89,0,1,0,0,1,1,0,2017-06-10,hhf,274,1,274,1
20069,DPP4i,0,2020-09-29,56,0,1,0,0,0,1,0,2021-06-07,stop,251,0,823,0
20070,DPP4i,0,2018-04-14,75,1,1,0,0,0,1,0,2022-12-31,study_end,1722,0,1722,0
20072,DPP4i,0,2017-06-27,79,0,1,0,0,1,1,0,2022-12-31,study_end,2013,0,2013,0
20074,DPP4i,0,2017-12-08,50,0,0,0,0,0,0,0,2018-08-09,stop,244,0,1849,0
20077,DPP4i,0,2019-02-26,32,1,0,0,0,0,1,0,2019-05-27,stop,90,0,1404,0
20078,DPP4i,0,2018-12-05,52,0,0,0,0,0,0,0,2020-02-07,stop,429,0,1487,0
20081,DPP4i,0,2018-09-14,50,0,1,0,0,0,1,1,2022-12-31,study_end,1569,0,1569,0
20083,DPP4i,0,2018-02-25,44,1,1,0,0,0,1,0,2022-12-31,study_end,1770,0,1770,0
20085,DPP4i,0,2018-10-12,54,1,0,0,0,0,1,0,2022-06-06,stop,1333,0,1541,0
20091,DPP4i,0,2021-10-26,62,0,1,0,0,0,1,0,2021-11-08,switch,13,0,431,0
20092,DPP4i,0,2020-08-01,73,0,0,1,0,0,1,0,2022-12-31,study_end,882,0,882,0
20093,DPP4i,0,2017-11-10,59,1,0,0,0,0,1,0,2021-03-14,stop,1220,0,1877,0
20094,DPP4i,0,2018-07-23,48,1,1,0,0,0,0,0,2019-03-26,stop,246,0,1622,0
20096,DPP4i,0,2019-11-15,69,1,1,0,0,1,1,0,2021-04-08,stop,510,0,1142,0
20097,DPP4i,0,2019-02-11,53,1,1,0,0,0,0,0,2022-12-31,study_end,1419,0,1419,0
20099,DPP4i,0,2016-11-18,53,1,1,0,0,0,0,0,2022-12-31,study_end,2234,0,2234,0
20100,DPP4i,0,2018-07-31,72,1,1,0,0,0,0,0,2021-12-11,stop,1229,0,1614,0
20102,SGLT2i,1,2018-06-04,65,1,1,0,0,0,1,0,2020-01-21,stop,596,0,1671,0
20104,DPP4i,0,2019-08-12,54,1,1,0,0,0,1,0,2022-12-31,study_end,1237,0,1237,0
20105,DPP4i,0,2019-08-01,72,0,1,0,0,0,1,0,2019-10-30,stop,90,0,1248,0
20113,DPP4i,0,2017-11-26,69,0,1,0,0,0,1,0,2022-12-31,study_end,1861,0,1861,0
20115,SGLT2i,1,2021-08-20,64,0,1,0,0,0,1,0,2021-12-18,stop,120,0,498,0
20116,DPP4i,0,2020-03-14,48,0,0,0,0,0,1,1,2022-03-17,stop,733,0,1022,0
20117,DPP4i,0,2016-12-04,56,1,0,0,0,0,1,0,2018-09-03,stop,638,0,2218,0
20118,DPP4i,0,2020-04-30,65,0,1,0,0,1,1,0,2022-12-31,study_end,975,0,975,0
20121,DPP4i,0,2016-03-02,73,1,0,0,0,0,1,0,2021-05-05,stop,1890,0,2495,0
20122,SGLT2i,1,2019-04-07,66,0,1,1,0,0,1,0,2022-12-31,study_end,1364,0,1364,0
20124,SGLT2i,1,2021-09-12,55,1,1,0,0,0,1,0,2022-12-31,study_end,475,0,475,0
20130,SGLT2i,1,2019-10-22,36,0,0,1,0,0,1,0,2022-12-31,study_end,1166,0,1166,0
20132,DPP4i,0,2019-02-15,61,1,1,0,0,0,0,0,2019-08-22,stop,188,0,1415,0
20134,DPP4i,0,2016-01-16,65,0,0,0,0,1,0,0,2016-07-14,stop,180,0,2541,0
20135,SGLT2i,1,2016-07-01,64,1,1,0,0,0,1,1,2021-07-24,stop,1849,0,2374,0
20137,DPP4i,0,2020-12-31,66,1,0,0,0,0,1,0,2022-12-31,study_end,730,0,730,0
20138,DPP4i,0,2020-05-25,38,0,0,0,0,0,1,1,2020-12-25,stop,214,0,950,0
20141,DPP4i,0,2019-11-12,50,1,1,0,0,0,1,0,2022-12-31,study_end,1145,0,1145,0
20142,DPP4i,0,2018-05-12,56,0,0,0,0,0,1,0,2020-02-01,stop,630,0,1694,0
20144,SGLT2i,1,2021-10-15,62,0,1,0,0,0,1,1,2022-03-14,stop,150,0,442,0
20147,DPP4i,0,2018-08-29,46,0,0,0,0,0,1,0,2019-06-08,switch,283,0,1585,0
20148,DPP4i,0,2019-03-23,73,0,1,0,0,0,0,1,2022-11-18,stop,1336,0,1379,0
20149,SGLT2i,1,2018-12-09,54,1,1,0,0,0,1,0,2022-12-31,study_end,1483,0,1483,0
